# vtk DataFile Version 3.0 
Unstructured Grid 
ASCII 
DATASET UNSTRUCTURED_GRID
POINTS 1281 float 
0 0 0  
1 0 0  
1 1 0  
0 1 0  
0.05 0 0  
0.1 0 0  
0.15 0 0  
0.2 0 0  
0.25 0 0  
0.3 0 0  
0.35 0 0  
0.4 0 0  
0.45 0 0  
0.5 0 0  
0.55 0 0  
0.6 0 0  
0.65 0 0  
0.7 0 0  
0.75 0 0  
0.8 0 0  
0.85 0 0  
0.9 0 0  
0.95 0 0  
0.025 0 0  
0.075 0 0  
0.125 0 0  
0.175 0 0  
0.225 0 0  
0.275 0 0  
0.325 0 0  
0.375 0 0  
0.425 0 0  
0.475 0 0  
0.525 0 0  
0.575 0 0  
0.625 0 0  
0.675 0 0  
0.725 0 0  
0.775 0 0  
0.825 0 0  
0.875 0 0  
0.925 0 0  
0.975 0 0  
1 0.05 0  
1 0.1 0  
1 0.15 0  
1 0.2 0  
1 0.25 0  
1 0.3 0  
1 0.35 0  
1 0.4 0  
1 0.45 0  
1 0.5 0  
1 0.55 0  
1 0.6 0  
1 0.65 0  
1 0.7 0  
1 0.75 0  
1 0.8 0  
1 0.85 0  
1 0.9 0  
1 0.95 0  
1 0.025 0  
1 0.075 0  
1 0.125 0  
1 0.175 0  
1 0.225 0  
1 0.275 0  
1 0.325 0  
1 0.375 0  
1 0.425 0  
1 0.475 0  
1 0.525 0  
1 0.575 0  
1 0.625 0  
1 0.675 0  
1 0.725 0  
1 0.775 0  
1 0.825 0  
1 0.875 0  
1 0.925 0  
1 0.975 0  
0.95 1 0  
0.9 1 0  
0.85 1 0  
0.8 1 0  
0.75 1 0  
0.7 1 0  
0.65 1 0  
0.6 1 0  
0.55 1 0  
0.5 1 0  
0.45 1 0  
0.4 1 0  
0.35 1 0  
0.3 1 0  
0.25 1 0  
0.2 1 0  
0.15 1 0  
0.1 1 0  
0.05 1 0  
0.975 1 0  
0.925 1 0  
0.875 1 0  
0.825 1 0  
0.775 1 0  
0.725 1 0  
0.675 1 0  
0.625 1 0  
0.575 1 0  
0.525 1 0  
0.475 1 0  
0.425 1 0  
0.375 1 0  
0.325 1 0  
0.275 1 0  
0.225 1 0  
0.175 1 0  
0.125 1 0  
0.075 1 0  
0.025 1 0  
0 0.95 0  
0 0.9 0  
0 0.85 0  
0 0.8 0  
0 0.75 0  
0 0.7 0  
0 0.65 0  
0 0.6 0  
0 0.55 0  
0 0.5 0  
0 0.45 0  
0 0.4 0  
0 0.35 0  
0 0.3 0  
0 0.25 0  
0 0.2 0  
0 0.15 0  
0 0.1 0  
0 0.05 0  
0 0.975 0  
0 0.925 0  
0 0.875 0  
0 0.825 0  
0 0.775 0  
0 0.725 0  
0 0.675 0  
0 0.625 0  
0 0.575 0  
0 0.525 0  
0 0.475 0  
0 0.425 0  
0 0.375 0  
0 0.325 0  
0 0.275 0  
0 0.225 0  
0 0.175 0  
0 0.125 0  
0 0.075 0  
0 0.025 0  
0.45 0.95 0  
0.95 0.5 0  
0.5 0.05 0  
0.05 0.5 0  
0.7 0.05 0  
0.0499999 0.3499999 0  
0.05 0.7 0  
0.95 0.65 0  
0.75 0.95 0  
0.34999996 0.04999998 0  
0.95 0.3 0  
0.25 0.95 0  
0.85 0.05 0  
0.05 0.85 0  
0.95 0.8 0  
0.04994194 0.19994193 0  
0.85 0.95 0  
0.19994867 0.04994867 0  
0.95 0.15 0  
0.55 0.95 0  
0.05 0.95 0  
0.95 0.05 0  
0.049495477 0.09949548 0  
0.95 0.9 0  
0.35 0.95 0  
0.1497645 0.049764495 0  
0.099517286 0.049517285 0  
0.05 0.6 0  
0.6 0.05 0  
0.9 0.95 0  
0.95 0.4 0  
0.1 0.95 0  
0.15 0.95 0  
0.05 0.45 0  
0.049998436 0.29999843 0  
0.95 0.7 0  
0.95 0.55 0  
0.95 0.95 0  
0.8 0.05 0  
0.05 0.8 0  
0.6 0.95 0  
0.299999 0.049998995 0  
0.45 0.05 0  
0.65 0.95 0  
0.95 0.2 0  
0.049595527 0.049595527 0  
0.1 0.5 0  
0.9 0.5 0  
0.55 0.9 0  
0.45 0.1 0  
0.9 0.65 0  
0.09999957 0.34999958 0  
0.1999275 0.099927485 0  
0.8 0.1 0  
0.9 0.15 0  
0.1 0.85 0  
0.4 0.95 0  
0.04999996 0.39999995 0  
0.05 0.9 0  
0.85 0.9 0  
0.3 0.95 0  
0.55 0.05 0  
0.5 0.95 0  
0.05 0.55 0  
0.95 0.6 0  
0.2 0.95 0  
0.95 0.85 0  
0.9 0.9 0  
0.95 0.75 0  
0.95 0.45 0  
0.65 0.05 0  
0.049985852 0.24998586 0  
0.049814716 0.14981472 0  
0.1 0.9 0  
0.9 0.05 0  
0.8 0.95 0  
0.75 0.05 0  
0.05 0.65 0  
0.4 0.049999997 0  
0.95 0.35 0  
0.05 0.75 0  
0.6 0.9 0  
0.7 0.95 0  
0.95 0.25 0  
0.24998699 0.04998699 0  
0.95 0.1 0  
0.09964027 0.09964027 0  
0.4 0.9 0  
0.65 0.1 0  
0.55 0.85 0  
0.1 0.7 0  
0.9 0.3 0  
0.2 0.9 0  
0.9 0.75 0  
0.85 0.85 0  
0.099979945 0.24997994 0  
0.09980378 0.14980379 0  
0.099999994 0.45 0  
0.9 0.6 0  
0.75 0.9 0  
0.9 0.2 0  
0.1 0.8 0  
0.15 0.85 0  
0.09999992 0.39999992 0  
0.85 0.1 0  
0.9 0.55 0  
0.1 0.6 0  
0.1 0.55 0  
0.3 0.9 0  
0.9 0.7 0  
0.5 0.1 0  
0.099995166 0.29999515 0  
0.9 0.4 0  
0.9 0.45 0  
0.5 0.9 0  
0.75 0.1 0  
0.55 0.1 0  
0.9 0.85 0  
0.15 0.9 0  
0.65 0.9 0  
0.8 0.9 0  
0.34999985 0.09999983 0  
0.39999998 0.09999997 0  
0.2999973 0.099997304 0  
0.24998042 0.099980414 0  
0.9 0.1 0  
0.14979956 0.09979956 0  
0.5 0.15 0  
0.15 0.6 0  
0.85 0.45 0  
0.14999999 0.45 0  
0.3499996 0.14999962 0  
0.85 0.6 0  
0.14999579 0.29999578 0  
0.1999467 0.1499467 0  
0.2 0.85 0  
0.5 0.85 0  
0.75 0.15 0  
0.85 0.8 0  
0.85 0.75 0  
0.45 0.9 0  
0.0999235 0.1999235 0  
0.35 0.9 0  
0.7 0.1 0  
0.25 0.9 0  
0.15 0.8 0  
0.85 0.7 0  
0.85 0.15 0  
0.6 0.1 0  
0.1499999 0.39999992 0  
0.8 0.85 0  
0.85 0.5 0  
0.15 0.55 0  
0.9 0.35 0  
0.1 0.65 0  
0.6 0.85 0  
0.7 0.9 0  
0.9 0.8 0  
0.45 0.14999999 0  
0.29999638 0.14999637 0  
0.1 0.75 0  
0.9 0.25 0  
0.14987496 0.14987496 0  
0.2 0.6 0  
0.45 0.19999999 0  
0.8 0.45 0  
0.55 0.8 0  
0.19999999 0.45 0  
0.35 0.85 0  
0.2 0.8 0  
0.8 0.75 0  
0.3499995 0.19999948 0  
0.14998111 0.24998112 0  
0.85 0.3 0  
0.8 0.8 0  
0.1999711 0.1999711 0  
0.45 0.85 0  
0.14999999 0.5 0  
0.85 0.55 0  
0.65 0.15 0  
0.14999887 0.34999886 0  
0.15 0.7 0  
0.15 0.65 0  
0.7 0.15 0  
0.3 0.85 0  
0.25 0.85 0  
0.85 0.65 0  
0.8 0.15 0  
0.55 0.15 0  
0.24998054 0.14998055 0  
0.85 0.4 0  
0.14993927 0.19993927 0  
0.65 0.85 0  
0.75 0.85 0  
0.3999999 0.1499999 0  
0.15 0.75 0  
0.85 0.2 0  
0.65 0.2 0  
0.35 0.8 0  
0.19999914 0.34999913 0  
0.25 0.8 0  
0.19998688 0.24998687 0  
0.2 0.5 0  
0.8 0.55 0  
0.8 0.4 0  
0.29999673 0.19999674 0  
0.75 0.8 0  
0.5 0.8 0  
0.8 0.2 0  
0.2 0.55 0  
0.8 0.5 0  
0.4 0.85 0  
0.19999976 0.39999977 0  
0.6 0.15 0  
0.2 0.65 0  
0.2 0.75 0  
0.8 0.6 0  
0.3999999 0.19999988 0  
0.8 0.65 0  
0.5 0.2 0  
0.7 0.2 0  
0.8 0.7 0  
0.85 0.35 0  
0.85 0.25 0  
0.7 0.85 0  
0.6 0.8 0  
0.24998695 0.19998695 0  
0.25 0.6 0  
0.45 0.24999999 0  
0.75 0.45 0  
0.55 0.75 0  
0.75 0.6 0  
0.24999997 0.45 0  
0.65 0.25 0  
0.25 0.75 0  
0.3499995 0.24999948 0  
0.4 0.8 0  
0.65 0.8 0  
0.2499934 0.2499934 0  
0.3 0.8 0  
0.19999534 0.29999533 0  
0.45 0.8 0  
0.25 0.55 0  
0.75 0.5 0  
0.24999984 0.39999986 0  
0.6 0.2 0  
0.55 0.2 0  
0.75 0.7 0  
0.75 0.75 0  
0.75 0.2 0  
0.8 0.35 0  
0.2 0.7 0  
0.7 0.8 0  
0.8 0.3 0  
0.8 0.25 0  
0.3 0.6 0  
0.7 0.45 0  
0.29999998 0.45 0  
0.45 0.75 0  
0.24999718 0.29999718 0  
0.75 0.35 0  
0.25 0.7 0  
0.7 0.25 0  
0.35 0.75 0  
0.7 0.75 0  
0.6 0.75 0  
0.24999906 0.34999907 0  
0.75 0.3 0  
0.6 0.25 0  
0.5 0.75 0  
0.3 0.75 0  
0.75 0.55 0  
0.39999986 0.24999987 0  
0.75 0.25 0  
0.75 0.65 0  
0.5 0.25 0  
0.75 0.4 0  
0.25 0.5 0  
0.25 0.65 0  
0.2999973 0.2499973 0  
0.55 0.7 0  
0.45 0.29999998 0  
0.7 0.55 0  
0.6 0.3 0  
0.35 0.7 0  
0.29999998 0.5 0  
0.4 0.75 0  
0.29999956 0.34999955 0  
0.29999983 0.39999983 0  
0.3 0.65 0  
0.55 0.25 0  
0.5 0.7 0  
0.7 0.4 0  
0.65 0.75 0  
0.3 0.55 0  
0.3 0.7 0  
0.39999992 0.29999992 0  
0.7 0.5 0  
0.3499996 0.2999996 0  
0.29999855 0.29999855 0  
0.7 0.6 0  
0.7 0.7 0  
0.65 0.3 0  
0.7 0.35 0  
0.7 0.3 0  
0.65 0.45 0  
0.35 0.5 0  
0.55 0.65 0  
0.45 0.35 0  
0.4 0.7 0  
0.65 0.55 0  
0.55 0.3 0  
0.6 0.7 0  
0.6 0.35 0  
0.34999993 0.39999992 0  
0.45 0.7 0  
0.65 0.4 0  
0.35 0.6 0  
0.5 0.29999998 0  
0.35 0.65 0  
0.65 0.7 0  
0.65 0.35 0  
0.39999995 0.34999993 0  
0.34999976 0.34999976 0  
0.7 0.65 0  
0.6 0.65 0  
0.55 0.35 0  
0.45 0.65 0  
0.65 0.6 0  
0.5 0.65 0  
0.34999996 0.45 0  
0.65 0.65 0  
0.5 0.35 0  
0.35 0.55 0  
0.45 0.4 0  
0.39999998 0.39999998 0  
0.4 0.6 0  
0.4 0.65 0  
0.6 0.45 0  
0.6 0.4 0  
0.65 0.5 0  
0.55 0.6 0  
0.45 0.6 0  
0.4 0.5 0  
0.4 0.55 0  
0.6 0.55 0  
0.6 0.6 0  
0.55 0.4 0  
0.5 0.4 0  
0.39999998 0.45 0  
0.6 0.5 0  
0.45 0.55 0  
0.55 0.5 0  
0.5 0.6 0  
0.55 0.55 0  
0.45 0.45 0  
0.5 0.45 0  
0.55 0.45 0  
0.5 0.5 0  
0.45 0.5 0  
0.5 0.55 0  
0.45 0.475 0  
0.475 0.45 0  
0.5 0.475 0  
0.475 0.5 0  
0.55 0.575 0  
0.525 0.6 0  
0.5 0.575 0  
0.525 0.55 0  
0.5 0.525 0  
0.525 0.5 0  
0.55 0.525 0  
0.425 0.7 0  
0.45 0.725 0  
0.425 0.75 0  
0.4 0.725 0  
0.825 0.75 0  
0.85 0.775 0  
0.825 0.8 0  
0.8 0.775 0  
0.425 0.5 0  
0.4 0.475 0  
0.42499998 0.45 0  
0.24999812 0.3249981 0  
0.2249991 0.3499991 0  
0.19999723 0.32499725 0  
0.22499625 0.29999626 0  
0.4 0.525 0  
0.375 0.55 0  
0.35 0.525 0  
0.375 0.5 0  
0.6 0.575 0  
0.575 0.6 0  
0.575 0.55 0  
0.525 0.45 0  
0.55 0.475 0  
0.65 0.625 0  
0.625 0.65 0  
0.6 0.625 0  
0.625 0.6 0  
0.525 0.4 0  
0.5 0.375 0  
0.525 0.35 0  
0.55 0.375 0  
0.5 0.325 0  
0.525 0.3 0  
0.55 0.325 0  
0.425 0.9 0  
0.45 0.925 0  
0.425 0.95 0  
0.4 0.925 0  
0.85 0.225 0  
0.825 0.25 0  
0.8 0.225 0  
0.825 0.2 0  
0.14996019 0.2249602 0  
0.12498053 0.24998052 0  
0.09995172 0.22495173 0  
0.12493139 0.19993138 0  
0.39999998 0.42499998 0  
0.42499998 0.39999998 0  
0.45 0.42499998 0  
0.8 0.175 0  
0.825 0.15 0  
0.85 0.175 0  
0.7 0.775 0  
0.675 0.8 0  
0.65 0.775 0  
0.675 0.75 0  
0.575 0.25 0  
0.55 0.225 0  
0.575 0.2 0  
0.6 0.225 0  
0.45 0.775 0  
0.425 0.8 0  
0.4 0.775 0  
0.85 0.125 0  
0.875 0.1 0  
0.9 0.125 0  
0.875 0.15 0  
0.85 0.575 0  
0.875 0.55 0  
0.9 0.575 0  
0.875 0.6 0  
0.375 0.85 0  
0.4 0.875 0  
0.375 0.9 0  
0.35 0.875 0  
0.65 0.675 0  
0.625 0.7 0  
0.6 0.675 0  
0.29999998 0.525 0  
0.325 0.5 0  
0.325 0.55 0  
0.45 0.525 0  
0.425 0.55 0  
0.174999 0.349999 0  
0.14999732 0.32499734 0  
0.17499557 0.29999557 0  
0.07455641 0.049556408 0  
0.099578775 0.07457878 0  
0.07456788 0.099567875 0  
0.049545504 0.0745455 0  
0.45 0.975 0  
0.4 0.975 0  
0.1 0.925 0  
0.075 0.95 0  
0.05 0.925 0  
0.075 0.9 0  
0.4 0.675 0  
0.425 0.65 0  
0.45 0.675 0  
0.875 0.75 0  
0.9 0.775 0  
0.875 0.8 0  
0.375 0.6 0  
0.4 0.625 0  
0.375 0.65 0  
0.35 0.625 0  
0.425 0.6 0  
0.45 0.625 0  
0.85 0.075 0  
0.875 0.05 0  
0.9 0.075 0  
0.475 0.95 0  
0.5 0.975 0  
0.05 0.875 0  
0.075 0.85 0  
0.1 0.875 0  
0.025 0.45 0  
0.05 0.475 0  
0.025 0.5 0  
0.475 0.14999999 0  
0.45 0.125 0  
0.475 0.1 0  
0.5 0.125 0  
0.325 0.65 0  
0.35 0.675 0  
0.325 0.7 0  
0.3 0.675 0  
0.475 0.55 0  
0.625 0.35 0  
0.65 0.375 0  
0.625 0.4 0  
0.6 0.375 0  
0.04999993 0.37499994 0  
0.02499998 0.39999998 0  
0.02499995 0.34999993 0  
0.675 0.1 0  
0.7 0.125 0  
0.675 0.15 0  
0.65 0.125 0  
0.17495519 0.19995518 0  
0.14990711 0.17490712 0  
0.17491083 0.14991082 0  
0.19995889 0.1749589 0  
0.375 0.95 0  
0.35 0.925 0  
0.15 0.725 0  
0.175 0.7 0  
0.2 0.725 0  
0.175 0.75 0  
0.9 0.825 0  
0.925 0.8 0  
0.95 0.825 0  
0.925 0.85 0  
0.35 0.475 0  
0.37499997 0.45 0  
0.275 0.95 0  
0.3 0.975 0  
0.25 0.975 0  
0.775 0.8 0  
0.8 0.825 0  
0.775 0.85 0  
0.75 0.825 0  
0.575 0.45 0  
0.6 0.475 0  
0.575 0.5 0  
0.6 0.525 0  
0.35 0.725 0  
0.325 0.75 0  
0.3 0.725 0  
0.65 0.075 0  
0.675 0.05 0  
0.7 0.075 0  
0.625 0.5 0  
0.65 0.525 0  
0.625 0.55 0  
0.65 0.475 0  
0.625 0.45 0  
0.325 0.8 0  
0.3 0.775 0  
0.35 0.775 0  
0.39999995 0.37499994 0  
0.37499994 0.39999995 0  
0.34999985 0.37499985 0  
0.37499985 0.34999985 0  
0.29999968 0.3749997 0  
0.32499966 0.34999964 0  
0.3249999 0.3999999 0  
0.525 0.05 0  
0.5 0.025 0  
0.55 0.025 0  
0.5 0.275 0  
0.525 0.25 0  
0.55 0.275 0  
0.975 0.55 0  
0.95 0.525 0  
0.975 0.5 0  
0.95 0.625 0  
0.975 0.6 0  
0.975 0.65 0  
0.09999996 0.42499995 0  
0.074999996 0.45 0  
0.049999982 0.42499998 0  
0.074999936 0.39999995 0  
0.9 0.975 0  
0.85 0.975 0  
0.875 0.95 0  
0.025 0.9 0  
0.025 0.85 0  
0.025 0.95 0  
0.975 0.1 0  
0.95 0.075 0  
0.975 0.05 0  
0.074982904 0.2499829 0  
0.049963895 0.2249639 0  
0.07493272 0.19993272 0  
0.2 0.925 0  
0.225 0.9 0  
0.25 0.925 0  
0.225 0.95 0  
0.75 0.275 0  
0.775 0.25 0  
0.8 0.275 0  
0.775 0.3 0  
0.325 0.9 0  
0.325 0.95 0  
0.3 0.925 0  
0.725 0.75 0  
0.75 0.775 0  
0.725 0.8 0  
0.175 0.95 0  
0.15 0.925 0  
0.175 0.9 0  
0.35 0.825 0  
0.325 0.85 0  
0.3 0.825 0  
0.35 0.975 0  
0.725 0.85 0  
0.7 0.825 0  
0.7 0.375 0  
0.725 0.35 0  
0.75 0.375 0  
0.725 0.4 0  
0.675 0.3 0  
0.7 0.325 0  
0.675 0.35 0  
0.65 0.325 0  
0.85 0.275 0  
0.825 0.3 0  
0.09998756 0.27498755 0  
0.0749968 0.2999968 0  
0.049992144 0.27499214 0  
0.27499786 0.29999787 0  
0.29999906 0.32499903 0  
0.2749993 0.3499993 0  
0.275 0.85 0  
0.3 0.875 0  
0.275 0.9 0  
0.25 0.875 0  
0.12499922 0.34999922 0  
0.09999737 0.32499737 0  
0.12499548 0.29999548 0  
0.75 0.575 0  
0.775 0.55 0  
0.8 0.575 0  
0.775 0.6 0  
0.9 0.925 0  
0.85 0.925 0  
0.875 0.9 0  
0.925 0.55 0  
0.95 0.575 0  
0.925 0.6 0  
0.32499906 0.29999906 0  
0.34999967 0.32499966 0  
0.12499991 0.39999992 0  
0.14999995 0.42499995 0  
0.12499999 0.45 0  
0.9 0.725 0  
0.925 0.7 0  
0.95 0.725 0  
0.925 0.75 0  
0.475 0.85 0  
0.5 0.875 0  
0.475 0.9 0  
0.45 0.875 0  
0.074999735 0.34999973 0  
0.09999975 0.37499973 0  
0.2 0.975 0  
0.925 0.95 0  
0.95 0.975 0  
0.95 0.025 0  
0.475 0.6 0  
0.45 0.575 0  
0.45 0.27499998 0  
0.475 0.25 0  
0.475 0.29999998 0  
0.825 0.6 0  
0.825 0.55 0  
0.875 0.25 0  
0.9 0.275 0  
0.875 0.3 0  
0.55 0.425 0  
0.5 0.425 0  
0.725 0.3 0  
0.75 0.325 0  
0.4 0.575 0  
0.27499536 0.24999535 0  
0.24999017 0.22499017 0  
0.27499184 0.19999185 0  
0.29999703 0.22499701 0  
0.275 0.7 0  
0.25 0.675 0  
0.275 0.65 0  
0.575 0.65 0  
0.575 0.7 0  
0.55 0.675 0  
0.775 0.1 0  
0.75 0.075 0  
0.775 0.05 0  
0.8 0.075 0  
0.925 0.9 0  
0.95 0.925 0  
0.55 0.075 0  
0.525 0.1 0  
0.5 0.075 0  
0.12464089 0.04964089 0  
0.14978203 0.07478203 0  
0.12471991 0.09971991 0  
0.37499976 0.29999977 0  
0.34999955 0.27499953 0  
0.37499967 0.24999967 0  
0.3999999 0.2749999 0  
0.8 0.325 0  
0.775 0.35 0  
0.85 0.725 0  
0.875 0.7 0  
0.625 0.15 0  
0.6 0.125 0  
0.625 0.1 0  
0.35 0.575 0  
0.39999995 0.32499993 0  
0.024992926 0.24999292 0  
0.02497097 0.19997098 0  
0.17486352 0.09986352 0  
0.17485659 0.049856585 0  
0.19993807 0.07493808 0  
0.575 0.05 0  
0.6 0.025 0  
0.19999945 0.37499946 0  
0.17499983 0.39999983 0  
0.14999938 0.37499937 0  
0.125 0.85 0  
0.15 0.875 0  
0.125 0.9 0  
0.85 0.875 0  
0.875 0.85 0  
0.9 0.875 0  
0.05 0.525 0  
0.075 0.5 0  
0.1 0.525 0  
0.075 0.55 0  
0.125 0.95 0  
0.8 0.125 0  
0.775 0.15 0  
0.75 0.125 0  
0.175 0.85 0  
0.2 0.875 0  
0.049999166 0.32499915 0  
0.29999793 0.27499792 0  
0.32499838 0.24999839 0  
0.925 0.65 0  
0.9 0.625 0  
0.95 0.775 0  
0.24998374 0.17498375 0  
0.27498844 0.14998846 0  
0.29999655 0.17499655 0  
0.024907358 0.14990737 0  
0.04987833 0.17487833 0  
0.07480925 0.14980926 0  
0.09986364 0.17486364 0  
0.3249981 0.19999811 0  
0.3499995 0.22499947 0  
0.22497903 0.19997902 0  
0.22496362 0.14996362 0  
0.3999999 0.22499987 0  
0.42499995 0.19999994 0  
0.45 0.225 0  
0.42499992 0.24999993 0  
0.85 0.625 0  
0.825 0.65 0  
0.8 0.625 0  
0.1 0.975 0  
0.05 0.975 0  
0.575 0.8 0  
0.55 0.775 0  
0.575 0.75 0  
0.6 0.775 0  
0.85 0.025 0  
0.9 0.025 0  
0.725 0.1 0  
0.725 0.15 0  
0.725 0.05 0  
0.525 0.85 0  
0.55 0.875 0  
0.525 0.9 0  
0.975 0.15 0  
0.95 0.125 0  
0.125 0.8 0  
0.15 0.825 0  
0.1 0.825 0  
0.975 0.95 0  
0.975 0.9 0  
0.15 0.975 0  
0.95 0.675 0  
0.9 0.675 0  
0.85 0.675 0  
0.875 0.65 0  
0.375 0.8 0  
0.4 0.825 0  
0.6 0.075 0  
0.625 0.05 0  
0.5 0.175 0  
0.475 0.2 0  
0.45 0.175 0  
0.725 0.25 0  
0.7 0.275 0  
0.14998846 0.27498844 0  
0.55 0.125 0  
0.525 0.15 0  
0.7 0.175 0  
0.675 0.2 0  
0.65 0.175 0  
0.124839365 0.14983937 0  
0.14999999 0.475 0  
0.17499998 0.45 0  
0.19999999 0.475 0  
0.175 0.5 0  
0.775 0.2 0  
0.75 0.175 0  
0.725 0.6 0  
0.7 0.575 0  
0.725 0.55 0  
0.024999218 0.2999992 0  
0.324998 0.149998 0  
0.29999682 0.12499684 0  
0.32499856 0.09999857 0  
0.34999973 0.124999724 0  
0.225 0.85 0  
0.7 0.225 0  
0.725 0.2 0  
0.75 0.225 0  
0.975 0.7 0  
0.27498886 0.09998886 0  
0.2499837 0.0749837 0  
0.274993 0.049992993 0  
0.29999816 0.07499815 0  
0.775 0.7 0  
0.8 0.725 0  
0.775 0.75 0  
0.75 0.725 0  
0.34999955 0.17499955 0  
0.95 0.875 0  
0.975 0.85 0  
0.625 0.75 0  
0.625 0.8 0  
0.825 0.1 0  
0.24998048 0.12498048 0  
0.975 0.75 0  
0.825 0.7 0  
0.8 0.675 0  
0.65 0.725 0  
0.675 0.7 0  
0.7 0.725 0  
0.625 0.2 0  
0.6 0.175 0  
0.174984 0.249984 0  
0.1999911 0.2749911 0  
0.6 0.325 0  
0.625 0.3 0  
0.7 0.425 0  
0.75 0.425 0  
0.725 0.45 0  
0.675 0.6 0  
0.7 0.625 0  
0.675 0.65 0  
0.975 0.8 0  
0.825 0.05 0  
0.25 0.825 0  
0.275 0.8 0  
0.7 0.025 0  
0.75 0.025 0  
0.55 0.175 0  
0.575 0.15 0  
0.65 0.025 0  
0.475 0.35 0  
0.45 0.325 0  
0.95 0.475 0  
0.925 0.5 0  
0.9 0.475 0  
0.925 0.45 0  
0.37499967 0.19999968 0  
0.37499976 0.14999975 0  
0.3999999 0.1749999 0  
0.42499995 0.34999996 0  
0.42499995 0.29999995 0  
0.3 0.625 0  
0.25 0.625 0  
0.275 0.6 0  
0.22499013 0.24999014 0  
0.24999529 0.2749953 0  
0.775 0.65 0  
0.75 0.625 0  
0.175 0.8 0  
0.2 0.825 0  
0.024747739 0.09974774 0  
0.024797764 0.049797766 0  
0.725 0.7 0  
0.825 0.95 0  
0.8 0.925 0  
0.825 0.9 0  
0.2 0.775 0  
0.15 0.775 0  
0.85 0.825 0  
0.775 0.4 0  
0.8 0.375 0  
0.8 0.975 0  
0.0496551 0.1246551 0  
0.725 0.65 0  
0.6 0.275 0  
0.575 0.3 0  
0.5 0.225 0  
0.09972203 0.12472203 0  
0.925 0.05 0  
0.3749999 0.099999905 0  
0.39999995 0.12499994 0  
0.85 0.375 0  
0.875 0.35 0  
0.9 0.375 0  
0.875 0.4 0  
0.65 0.275 0  
0.675 0.25 0  
0.625 0.25 0  
0.65 0.225 0  
0.24999991 0.42499992 0  
0.22499998 0.45 0  
0.19999987 0.42499986 0  
0.2249998 0.3999998 0  
0.27499983 0.39999983 0  
0.24999945 0.37499946 0  
0.25 0.775 0  
0.275 0.75 0  
0.85 0.325 0  
0.825 0.35 0  
0.575 0.1 0  
0.14983726 0.12483726 0  
0.75 0.675 0  
0.9 0.325 0  
0.05 0.775 0  
0.075 0.75 0  
0.1 0.775 0  
0.075 0.8 0  
0.825 0.85 0  
0.625 0.9 0  
0.6 0.875 0  
0.625 0.85 0  
0.65 0.875 0  
0.7 0.675 0  
0.075 0.65 0  
0.1 0.675 0  
0.075 0.7 0  
0.05 0.675 0  
0.575 0.85 0  
0.575 0.9 0  
0.75 0.925 0  
0.775 0.9 0  
0.775 0.95 0  
0.675 0.4 0  
0.675 0.45 0  
0.65 0.425 0  
0.575 0.35 0  
0.8 0.025 0  
0.575 0.4 0  
0.6 0.425 0  
0.475 0.4 0  
0.8 0.875 0  
0.125 0.5 0  
0.1 0.475 0  
0.7 0.525 0  
0.725 0.5 0  
0.75 0.525 0  
0.65 0.575 0  
0.675 0.55 0  
0.375 0.75 0  
0.8 0.525 0  
0.825 0.5 0  
0.85 0.525 0  
0.825 0.4 0  
0.42499995 0.14999995 0  
0.45 0.075 0  
0.475 0.05 0  
0.475 0.65 0  
0.5 0.675 0  
0.475 0.7 0  
0.19997898 0.22497898 0  
0.125 0.75 0  
0.775 0.5 0  
0.025 0.55 0  
0.525 0.2 0  
0.25 0.725 0  
0.75 0.475 0  
0.7 0.475 0  
0.9 0.425 0  
0.875 0.45 0  
0.85 0.425 0  
0.675 0.5 0  
0.025 0.65 0  
0.025 0.7 0  
0.825 0.45 0  
0.8 0.425 0  
0.225 0.8 0  
0.9 0.525 0  
0.975 0.45 0  
0.45 0.375 0  
0.85 0.475 0  
0.875 0.5 0  
0.29999998 0.475 0  
0.275 0.5 0  
0.24999999 0.475 0  
0.27499998 0.45 0  
0.19993709 0.124937095 0  
0.22495395 0.09995395 0  
0.34999996 0.42499995 0  
0.39999998 0.07499999 0  
0.3499999 0.074999906 0  
0.375 0.049999986 0  
0.775 0.45 0  
0.8 0.475 0  
0.22496782 0.04996783 0  
0.325 0.45 0  
0.29999992 0.42499992 0  
0.475 0.75 0  
0.5 0.775 0  
0.475 0.8 0  
0.95 0.225 0  
0.925 0.25 0  
0.9 0.225 0  
0.925 0.2 0  
0.375 0.7 0  
0.525 0.95 0  
0.55 0.975 0  
0.42499998 0.09999999 0  
0.525 0.7 0  
0.525 0.65 0  
0.55 0.925 0  
0.5 0.925 0  
0.5 0.625 0  
0.025 0.75 0  
0.05 0.725 0  
0.425 0.049999997 0  
0.45 0.825 0  
0.425 0.85 0  
0.225 0.75 0  
0.225 0.7 0  
0.5 0.725 0  
0.1 0.625 0  
0.125 0.6 0  
0.15 0.625 0  
0.125 0.65 0  
0.525 0.8 0  
0.525 0.75 0  
0.15 0.675 0  
0.175 0.65 0  
0.2 0.675 0  
0.925 0.4 0  
0.95 0.425 0  
0.225 0.5 0  
0.5 0.825 0  
0.075 0.6 0  
0.05 0.625 0  
0.325 0.6 0  
0.25 0.575 0  
0.225 0.6 0  
0.2 0.575 0  
0.225 0.55 0  
0.1 0.575 0  
0.05 0.575 0  
0.275 0.55 0  
0.3 0.575 0  
0.2 0.525 0  
0.25 0.525 0  
0.7 0.875 0  
0.675 0.9 0  
0.675 0.85 0  
0.55 0.625 0  
0.7 0.925 0  
0.725 0.9 0  
0.725 0.95 0  
0.9 0.175 0  
0.925 0.15 0  
0.95 0.175 0  
0.55 0.725 0  
0.875 0.2 0  
0.925 0.35 0  
0.925 0.3 0  
0.95 0.325 0  
0.025 0.6 0  
0.15 0.575 0  
0.175 0.55 0  
0.175 0.6 0  
0.575 0.95 0  
0.6 0.925 0  
0.55 0.825 0  
0.225 0.65 0  
0.2 0.625 0  
0.6 0.825 0  
0.65 0.825 0  
0.32499948 0.049999487 0  
0.975 0.4 0  
0.975 0.35 0  
0.95 0.375 0  
0.6 0.725 0  
0.125 0.55 0  
0.4 0.024999999 0  
0.45 0.025 0  
0.35 0.02499999 0  
0.65 0.925 0  
0.675 0.95 0  
0.7 0.975 0  
0.75 0.975 0  
0.95 0.275 0  
0.1 0.725 0  
0.049797766 0.024797764 0  
0.09975864 0.024758643 0  
0.65 0.975 0  
0.975 0.25 0  
0.975 0.3 0  
0.75 0.875 0  
0.625 0.95 0  
0.15 0.525 0  
0.24999349 0.024993494 0  
0.2999995 0.024999497 0  
0.125 0.7 0  
0.025 0.8 0  
0.975 0.2 0  
0.6 0.975 0  
0.19997433 0.024974335 0  
0.05 0.825 0  
0.925 0.1 0  
0.14988224 0.024882248 0  
CELLS 400 3600 
8 519 515 516 518 521 522 523 524 
8 514 501 513 520 525 526 527 528 
8 520 518 512 514 529 530 531 528 
8 469 475 418 446 532 533 534 535 
8 330 299 298 334 536 537 538 539 
8 519 503 509 515 540 541 542 521 
8 419 426 359 400 543 544 545 546 
8 503 504 493 466 547 548 549 550 
8 505 506 501 514 551 552 525 553 
8 518 516 517 512 523 554 555 530 
8 488 491 485 506 556 557 558 559 
8 507 508 492 486 560 561 562 563 
8 486 492 478 471 562 564 565 566 
8 247 300 160 216 567 568 569 570 
8 356 383 414 368 571 572 573 574 
8 351 332 255 301 575 576 577 578 
8 509 495 494 515 579 580 581 542 
8 368 347 307 356 582 583 584 574 
8 424 412 397 453 585 586 587 588 
8 428 450 406 405 589 590 591 592 
8 446 418 401 396 534 593 594 595 
8 307 264 285 214 596 597 598 599 
8 292 338 265 258 600 601 602 603 
8 328 371 247 302 604 605 606 607 
8 485 491 480 472 557 608 609 610 
8 454 445 466 493 611 612 549 613 
8 503 519 511 504 540 614 615 547 
8 400 359 340 293 545 616 617 618 
8 205 186 246 182 619 620 621 622 
8 216 160 92 93 569 623 112 624 
8 233 191 180 218 625 626 627 628 
8 475 469 497 487 532 629 630 631 
8 298 299 253 317 537 632 633 634 
8 477 496 497 479 635 636 637 638 
8 487 497 496 502 630 636 639 640 
8 264 172 234 285 641 642 643 597 
8 91 92 160 222 111 623 644 645 
8 233 218 173 215 628 646 647 648 
8 130 131 193 163 150 649 650 651 
8 287 318 209 270 652 653 654 655 
8 449 479 444 455 656 657 658 659 
8 518 520 511 519 529 660 614 524 
8 473 481 476 499 661 662 663 664 
8 165 217 132 133 665 666 152 667 
8 248 303 343 339 668 669 670 671 
8 335 351 322 294 672 673 674 675 
8 302 247 216 184 606 570 676 677 
8 355 341 411 375 678 679 680 681 
8 277 317 174 226 682 683 684 685 
8 466 490 509 503 686 687 541 550 
8 171 220 95 96 688 689 115 690 
8 366 334 310 353 691 692 693 694 
8 517 498 510 512 695 696 697 555 
8 514 512 510 505 531 697 698 553 
8 455 444 423 430 658 699 700 701 
8 303 248 230 164 668 702 703 704 
8 505 510 500 470 698 705 706 707 
8 465 500 510 498 708 705 696 709 
8 358 399 430 423 710 711 700 712 
8 482 495 474 483 713 714 715 716 
8 448 447 483 474 717 718 715 719 
8 221 162 13 14 720 721 33 722 
8 471 478 435 450 565 723 724 725 
8 52 53 196 161 72 726 727 728 
8 167 224 54 55 729 730 74 731 
8 263 257 193 217 732 733 734 735 
8 189 83 84 176 736 103 737 738 
8 218 122 123 173 739 142 740 646 
8 122 218 180 121 739 627 741 141 
8 43 44 245 181 63 742 743 744 
8 301 255 231 175 577 745 746 747 
8 225 252 304 171 748 749 750 751 
8 427 433 414 413 752 753 754 755 
8 268 302 184 220 756 677 757 758 
8 412 424 408 366 585 759 760 761 
8 252 225 192 278 748 762 763 764 
8 399 358 328 344 710 765 766 767 
8 184 216 93 94 676 624 113 768 
8 366 353 384 412 694 769 770 761 
8 452 463 420 436 771 772 773 774 
8 462 464 463 481 775 776 777 778 
8 413 414 383 333 754 572 779 780 
8 255 271 194 231 781 782 783 745 
8 426 419 459 447 543 784 785 786 
8 345 344 268 304 787 788 789 790 
8 293 340 211 271 617 791 792 793 
8 391 431 363 376 794 795 796 797 
8 227 189 176 219 798 738 799 800 
8 258 265 196 224 602 801 802 803 
8 447 459 458 483 785 804 805 718 
8 257 263 309 290 732 806 807 808 
8 253 269 195 228 809 810 811 812 
8 336 296 274 300 813 814 815 816 
8 217 165 211 263 665 817 818 735 
8 171 96 97 225 690 116 819 751 
8 83 189 197 82 736 820 821 102 
8 1 43 181 22 62 744 822 42 
8 513 502 511 520 823 824 660 527 
8 441 388 435 478 825 826 723 827 
8 338 292 376 363 600 828 796 829 
8 333 383 321 251 779 830 831 832 
8 508 507 517 516 560 833 554 834 
8 463 464 427 420 776 835 836 772 
8 193 131 132 217 649 151 666 734 
8 502 496 504 511 639 837 615 824 
8 439 398 386 365 838 839 840 841 
8 449 455 421 438 659 842 843 844 
8 467 485 472 440 845 610 846 847 
8 213 275 236 198 848 849 850 851 
8 189 227 183 197 798 852 853 820 
8 162 221 276 270 720 854 855 856 
8 220 171 304 268 688 750 789 758 
8 186 185 286 246 857 858 859 620 
8 456 458 395 432 860 861 862 863 
8 420 427 413 410 836 755 864 865 
8 253 299 306 269 632 866 867 809 
8 339 373 308 248 868 869 870 671 
8 496 477 493 504 635 871 548 837 
8 482 483 458 456 716 805 860 872 
8 175 231 135 136 746 873 155 874 
8 212 286 185 177 875 858 876 877 
8 188 221 14 15 878 722 34 879 
8 359 372 309 340 880 881 882 616 
8 215 262 278 233 883 884 885 648 
8 184 94 95 220 768 114 689 757 
8 219 254 277 227 886 887 888 800 
8 223 163 206 267 889 890 891 892 
8 191 233 278 192 625 885 763 893 
8 196 53 54 224 726 73 730 802 
8 275 213 347 297 848 894 895 896 
8 252 278 262 295 764 884 897 898 
8 165 194 271 211 899 782 792 817 
8 458 459 439 395 804 900 901 861 
8 224 167 210 258 729 902 903 803 
8 344 328 302 268 766 607 756 788 
8 228 174 317 253 904 683 633 812 
8 365 386 349 319 840 905 906 907 
8 175 136 137 232 874 156 908 909 
8 175 232 256 301 909 910 911 747 
8 395 439 365 331 901 841 912 913 
8 386 335 294 349 914 675 915 905 
8 432 377 324 388 916 917 918 919 
8 292 346 378 376 920 921 922 828 
8 180 191 99 100 626 923 119 924 
8 121 180 100 3 741 924 120 140 
8 385 326 390 425 925 926 927 928 
8 172 20 21 234 929 40 930 642 
8 303 275 297 343 931 896 932 669 
8 236 275 303 164 849 931 704 933 
8 274 296 249 208 814 934 935 936 
8 44 45 178 245 64 937 938 742 
8 261 305 262 215 939 940 883 941 
8 82 197 61 2 821 942 81 101 
8 183 60 61 197 943 80 942 853 
8 191 192 98 99 893 944 118 923 
8 167 195 269 210 945 810 946 902 
8 269 306 346 210 867 947 948 946 
8 371 328 358 396 604 765 949 950 
8 230 248 308 188 702 870 951 952 
8 318 287 379 324 652 953 954 955 
8 422 433 427 464 956 752 835 957 
8 271 255 332 293 781 576 958 793 
8 270 276 348 287 855 959 960 655 
8 339 343 380 357 670 961 962 963 
8 346 292 258 210 920 603 903 948 
8 301 256 322 351 911 964 673 578 
8 337 290 327 362 965 966 967 968 
8 347 368 409 297 582 969 970 895 
8 431 391 460 442 794 971 972 973 
8 194 165 133 134 899 667 153 974 
8 291 319 283 281 975 976 977 978 
8 304 252 295 345 749 898 979 790 
8 192 225 97 98 762 819 117 944 
8 433 422 380 409 956 980 981 982 
8 167 55 56 195 731 75 983 945 
8 283 284 244 201 984 985 986 987 
8 407 381 330 408 988 989 990 991 
8 331 365 319 291 912 907 975 992 
8 183 226 59 60 993 994 79 943 
8 425 453 397 385 995 587 996 928 
8 264 307 347 213 596 583 894 997 
8 263 211 340 309 818 791 882 806 
8 319 349 284 283 906 998 984 976 
8 195 56 57 228 983 76 999 811 
8 346 306 381 378 947 1000 1001 921 
8 453 480 461 424 1002 1003 1004 588 
8 373 339 357 405 868 963 1005 1006 
8 293 332 361 400 958 1007 1008 618 
8 481 473 443 462 661 1009 1010 778 
8 416 452 436 389 1011 774 1012 1013 
8 491 488 460 484 556 1014 1015 1016 
8 228 57 58 174 999 77 1017 904 
8 226 174 58 59 684 1017 78 994 
8 198 172 264 213 1018 641 997 851 
8 344 345 360 399 787 1019 1020 767 
8 164 17 18 236 1021 37 1022 933 
8 405 406 348 373 591 1023 1024 1006 
8 188 15 16 230 879 35 1025 952 
8 492 468 441 478 1026 1027 827 564 
8 229 161 207 273 1028 1029 1030 1031 
8 377 331 291 354 1032 992 1033 1034 
8 194 134 135 231 974 154 873 783 
8 468 482 456 441 1035 872 1036 1027 
8 415 449 438 387 1037 844 1038 1039 
8 400 361 398 419 1008 1040 1041 546 
8 376 378 434 391 922 1042 1043 797 
8 377 432 395 331 916 862 913 1032 
8 295 262 305 329 897 940 1044 1045 
8 205 182 138 139 622 1046 158 1047 
8 408 424 461 407 759 1004 1048 991 
8 219 176 235 280 799 1049 1050 1051 
8 355 375 329 305 681 1052 1044 1053 
8 317 277 254 298 682 887 1054 634 
8 364 436 420 410 1055 773 865 1056 
8 176 84 85 235 737 104 1057 1049 
8 182 232 137 138 1058 908 157 1046 
8 343 297 409 380 932 970 981 961 
8 391 434 484 460 1043 1059 1015 971 
8 299 330 381 306 536 989 1000 866 
8 450 428 443 471 589 1060 1061 725 
8 324 379 435 388 954 1062 826 918 
8 439 459 419 398 900 784 1041 838 
8 232 182 246 256 1058 621 1063 910 
8 181 234 21 22 1064 930 41 822 
8 354 291 281 282 1033 978 1065 1066 
8 350 382 313 272 1067 1068 1069 1070 
8 464 462 393 422 775 1071 1072 957 
8 393 428 405 357 1073 592 1005 1074 
8 404 392 327 372 1075 1076 1077 1078 
8 447 448 404 426 717 1079 1080 786 
8 399 360 394 430 1020 1081 1082 711 
8 334 366 408 330 691 760 990 539 
8 226 183 227 277 993 852 888 685 
8 413 333 382 410 780 1083 1084 864 
8 276 308 373 348 1085 869 1024 959 
8 256 246 286 322 1063 859 1086 964 
8 462 443 428 393 1010 1060 1073 1071 
8 388 441 456 432 825 1036 863 919 
8 381 407 434 378 988 1087 1042 1001 
8 382 333 251 313 1083 832 1088 1068 
8 199 240 320 261 1089 1090 1091 1092 
8 298 254 310 334 1054 1093 692 538 
8 279 241 315 352 1094 1095 1096 1097 
8 434 407 461 484 1087 1048 1098 1059 
8 237 314 250 166 1099 1100 1101 1102 
8 249 315 241 208 1103 1095 1104 935 
8 168 259 280 235 1105 1106 1050 1107 
8 476 452 416 465 1108 1011 1109 1110 
8 473 486 471 443 1111 566 1061 1009 
8 172 198 19 20 1018 1112 39 929 
8 498 517 507 499 695 833 1113 1114 
8 516 515 494 508 522 581 1115 834 
8 198 236 18 19 850 1022 38 1112 
8 254 219 280 310 886 1051 1116 1093 
8 290 337 206 257 965 1117 1118 808 
8 442 457 403 431 1119 1120 1121 973 
8 357 380 422 393 962 980 1072 1074 
8 230 16 17 164 1025 36 1021 703 
8 486 473 499 507 1111 664 1113 563 
8 442 460 488 470 972 1014 1122 1123 
8 423 446 396 358 1124 595 949 712 
8 363 370 311 338 1125 1126 1127 829 
8 409 368 414 433 969 573 753 982 
8 410 382 350 364 1084 1067 1128 1056 
8 506 505 470 488 551 707 1122 559 
8 324 377 354 318 917 1034 1129 955 
8 270 209 202 162 654 1130 1131 856 
8 487 489 451 475 1132 1133 1134 631 
8 361 335 386 398 1135 914 839 1040 
8 305 261 320 355 939 1091 1136 1053 
8 370 363 431 403 1125 795 1121 1137 
8 163 223 129 130 889 1138 149 651 
8 379 406 450 435 1139 590 724 1062 
8 332 351 335 361 575 672 1135 1007 
8 430 394 421 455 1082 1140 842 701 
8 389 403 457 416 1141 1120 1142 1013 
8 481 463 452 476 777 771 1108 662 
8 272 273 289 350 1143 1144 1145 1070 
8 500 465 416 457 708 1109 1142 1146 
8 499 476 465 498 663 1110 709 1114 
8 127 237 166 126 1147 1102 1148 146 
8 221 188 308 276 878 951 1085 854 
8 289 325 364 350 1149 1150 1128 1145 
8 345 295 329 360 979 1045 1151 1019 
8 161 196 265 207 727 801 1152 1029 
8 161 229 51 52 1028 1153 71 728 
8 495 482 468 494 713 1035 1154 580 
8 484 461 480 491 1098 1003 608 1016 
8 372 359 426 404 880 544 1080 1078 
8 311 289 273 207 1155 1144 1030 1156 
8 457 442 470 500 1119 1123 706 1146 
8 417 445 437 392 1157 1158 1159 1160 
8 284 349 294 212 998 915 1161 1162 
8 495 509 490 474 579 687 1163 714 
8 238 282 281 169 1164 1065 1165 1166 
8 403 389 325 370 1141 1167 1168 1137 
8 177 244 284 212 1169 985 1162 877 
8 287 348 406 379 960 1023 1139 953 
8 474 490 417 448 1163 1170 1171 719 
8 325 389 436 364 1167 1012 1055 1150 
8 418 429 367 401 1172 1173 1174 593 
8 289 311 370 325 1155 1126 1168 1149 
8 468 492 508 494 1026 561 1115 1154 
8 204 243 321 260 1175 1176 1177 1178 
8 444 469 446 423 1179 535 1124 699 
8 207 265 338 311 1152 601 1127 1156 
8 90 91 222 179 110 645 1180 1181 
8 209 318 354 282 653 1129 1066 1182 
8 440 451 489 467 1183 1133 1184 847 
8 274 208 179 222 936 1185 1180 1186 
8 489 487 502 513 1132 640 823 1187 
8 240 125 126 166 1188 145 1148 1189 
8 490 466 445 417 686 612 1157 1170 
8 479 497 469 444 637 629 1179 657 
8 202 209 282 238 1130 1182 1164 1190 
8 396 401 336 371 594 1191 1192 950 
8 394 375 411 421 1193 680 1194 1140 
8 429 418 475 451 1172 533 1134 1195 
8 314 266 288 342 1196 1197 1198 1199 
8 326 367 429 390 1200 1173 1201 926 
8 290 309 372 327 807 881 1077 966 
8 341 342 374 411 1202 1203 1204 679 
8 273 272 190 229 1143 1205 1206 1031 
8 392 437 362 327 1159 1207 967 1076 
8 296 336 401 367 813 1191 1174 1208 
8 187 266 314 237 1209 1196 1099 1210 
8 479 449 415 477 656 1037 1211 638 
8 402 387 323 369 1212 1213 1214 1215 
8 267 266 187 223 1216 1209 1217 892 
8 387 402 454 415 1212 1218 1219 1039 
8 360 329 375 394 1151 1052 1193 1081 
8 369 362 437 402 1220 1207 1221 1215 
8 392 404 448 417 1075 1079 1171 1160 
8 384 316 279 352 1222 1223 1097 1224 
8 445 454 402 437 611 1218 1221 1158 
8 513 501 467 489 526 1225 1184 1187 
8 242 316 259 168 1226 1227 1105 1228 
8 300 247 371 336 567 605 1192 816 
8 204 260 214 178 1178 1229 1230 1231 
8 451 440 390 429 1183 1232 1201 1195 
8 307 214 260 356 599 1229 1233 584 
8 493 477 415 454 871 1211 1219 613 
8 239 313 251 170 1234 1088 1235 1236 
8 223 187 128 129 1217 1237 148 1138 
8 237 127 128 187 1147 147 1237 1210 
8 288 312 369 323 1238 1239 1214 1240 
8 200 179 208 241 1241 1185 1104 1242 
8 367 326 249 296 1200 1243 934 1208 
8 323 387 438 374 1213 1038 1244 1245 
8 315 385 397 352 1246 996 1247 1096 
8 283 201 169 281 987 1248 1165 977 
8 229 190 50 51 1206 1249 70 1153 
8 239 49 50 190 1250 69 1249 1251 
8 288 323 374 342 1240 1245 1203 1198 
8 506 485 467 501 558 845 1225 552 
8 480 453 425 472 1002 995 1252 609 
8 266 267 312 288 1216 1253 1238 1197 
8 313 239 190 272 1234 1251 1205 1069 
8 238 11 12 202 1254 31 1255 1190 
8 383 356 260 321 571 1233 1177 830 
8 238 169 10 11 1166 1256 30 1254 
8 472 425 390 440 1252 927 1232 846 
8 385 315 249 326 1246 1103 1243 925 
8 12 13 162 202 32 721 1131 1255 
8 203 279 316 242 1257 1223 1226 1258 
8 87 242 168 86 1259 1228 1260 106 
8 321 243 170 251 1176 1261 1235 831 
8 320 240 166 250 1090 1189 1101 1262 
8 163 193 257 206 650 733 1118 890 
8 205 4 5 186 1263 24 1264 619 
8 242 87 88 203 1259 107 1265 1258 
8 243 47 48 170 1266 67 1267 1261 
8 239 170 48 49 1236 1267 68 1250 
8 384 353 259 316 769 1268 1227 1222 
8 203 200 241 279 1269 1242 1094 1257 
8 222 160 300 274 644 568 815 1186 
8 412 384 352 397 770 1224 1247 586 
8 267 206 337 312 891 1117 1270 1253 
8 244 8 9 201 1271 28 1272 986 
8 342 341 250 314 1202 1273 1100 1199 
8 235 85 86 168 1057 105 1260 1107 
8 362 369 312 337 1220 1239 1270 968 
8 421 411 374 438 1194 1204 1244 843 
8 240 199 124 125 1089 1274 144 1188 
8 243 204 46 47 1175 1275 66 1266 
8 90 179 200 89 1181 1241 1276 109 
8 244 177 7 8 1169 1277 27 1271 
8 89 200 203 88 1276 1269 1265 108 
8 10 169 201 9 1256 1248 1272 29 
8 310 280 259 353 1116 1106 1268 693 
8 322 286 212 294 1086 875 1161 674 
8 355 320 250 341 1136 1262 1273 678 
8 261 215 173 199 941 647 1278 1092 
8 285 245 178 214 1279 938 1230 598 
8 7 177 185 6 1277 876 1280 26 
8 234 181 245 285 1064 743 1279 643 
8 45 46 204 178 65 1275 1231 937 
8 123 124 199 173 143 1274 1278 740 
8 6 185 186 5 1280 857 1264 25 
8 139 0 4 205 159 23 1263 1047 
CELL_TYPES 400 
23  
23  
23  
23  
23  
23  
23  
23  
23  
23  
23  
23  
23  
23  
23  
23  
23  
23  
23  
23  
23  
23  
23  
23  
23  
23  
23  
23  
23  
23  
23  
23  
23  
23  
23  
23  
23  
23  
23  
23  
23  
23  
23  
23  
23  
23  
23  
23  
23  
23  
23  
23  
23  
23  
23  
23  
23  
23  
23  
23  
23  
23  
23  
23  
23  
23  
23  
23  
23  
23  
23  
23  
23  
23  
23  
23  
23  
23  
23  
23  
23  
23  
23  
23  
23  
23  
23  
23  
23  
23  
23  
23  
23  
23  
23  
23  
23  
23  
23  
23  
23  
23  
23  
23  
23  
23  
23  
23  
23  
23  
23  
23  
23  
23  
23  
23  
23  
23  
23  
23  
23  
23  
23  
23  
23  
23  
23  
23  
23  
23  
23  
23  
23  
23  
23  
23  
23  
23  
23  
23  
23  
23  
23  
23  
23  
23  
23  
23  
23  
23  
23  
23  
23  
23  
23  
23  
23  
23  
23  
23  
23  
23  
23  
23  
23  
23  
23  
23  
23  
23  
23  
23  
23  
23  
23  
23  
23  
23  
23  
23  
23  
23  
23  
23  
23  
23  
23  
23  
23  
23  
23  
23  
23  
23  
23  
23  
23  
23  
23  
23  
23  
23  
23  
23  
23  
23  
23  
23  
23  
23  
23  
23  
23  
23  
23  
23  
23  
23  
23  
23  
23  
23  
23  
23  
23  
23  
23  
23  
23  
23  
23  
23  
23  
23  
23  
23  
23  
23  
23  
23  
23  
23  
23  
23  
23  
23  
23  
23  
23  
23  
23  
23  
23  
23  
23  
23  
23  
23  
23  
23  
23  
23  
23  
23  
23  
23  
23  
23  
23  
23  
23  
23  
23  
23  
23  
23  
23  
23  
23  
23  
23  
23  
23  
23  
23  
23  
23  
23  
23  
23  
23  
23  
23  
23  
23  
23  
23  
23  
23  
23  
23  
23  
23  
23  
23  
23  
23  
23  
23  
23  
23  
23  
23  
23  
23  
23  
23  
23  
23  
23  
23  
23  
23  
23  
23  
23  
23  
23  
23  
23  
23  
23  
23  
23  
23  
23  
23  
23  
23  
23  
23  
23  
23  
23  
23  
23  
23  
23  
23  
23  
23  
23  
23  
23  
23  
23  
23  
23  
23  
23  
23  
23  
23  
23  
23  
23  
23  
23  
23  
23  
23  
23  
23  
23  
23  
23  
23  
23  
23  
23  
23  
23  
23  
23  
23  
23  
23  
23  
23  
23  
23  
23  
23  
23  
23  
23  
23  
23  
23  
23  
POINT_DATA 1281 
SCALARS |V| float 
LOOKUP_TABLE default 
3.3770490017628084e-15 
3.482464908912842e-15 
0.5000000000137704 
0.5000000000137704 
7.944536084240334e-14 
1.1835881871026783e-13 
1.382427383606797e-13 
1.4521877445427088e-13 
1.4049360271349976e-13 
1.2585885226263213e-13 
1.0323407181238853e-13 
7.498992519271267e-14 
4.49206346186391e-14 
2.6704333403558092e-14 
4.492216980856283e-14 
7.499166965790793e-14 
1.0323556797911056e-13 
1.2585898973170555e-13 
1.4048979900291872e-13 
1.4520270631682174e-13 
1.3821325685468376e-13 
1.1833906624357733e-13 
7.946925596301387e-14 
2.191626471313197e-13 
4.0204920534369e-13 
5.152306374527295e-13 
5.69154370559985e-13 
5.733072459099838e-13 
5.342640319903753e-13 
4.592975177247979e-13 
3.5684441366251147e-13 
2.3814950758868147e-13 
1.2884388833217662e-13 
1.288481287984336e-13 
2.3815644117815304e-13 
3.568507100822215e-13 
4.59301771590165e-13 
5.342593715473015e-13 
5.732792171051048e-13 
5.690921405134648e-13 
5.15155628177439e-13 
4.020539104787588e-13 
2.1907231347202955e-13 
7.459877474152004e-14 
1.2012551811365827e-13 
1.637094965389649e-13 
2.141833947794982e-13 
2.741598237203981e-13 
3.467035908986407e-13 
4.35146778664886e-13 
5.435330721039072e-13 
6.769526548043931e-13 
8.420581978386733e-13 
1.047902664083667e-12 
1.3074084460811996e-12 
1.6401755699971348e-12 
2.077857391695101e-12 
2.6776801554778647e-12 
3.5440830394677416e-12 
4.9825682994181435e-12 
7.30073336105465e-12 
1.6543603309019643e-11 
2.1056606989836967e-13 
3.9256617526938065e-13 
5.655526093045907e-13 
7.536582442521612e-13 
9.739283601981687e-13 
1.2383004520400372e-12 
1.559427345609829e-12 
1.952020255329616e-12 
2.4342418495146637e-12 
3.02941703114486e-12 
3.7686594769779766e-12 
4.695389309105731e-12 
5.873554877299687e-12 
7.40362255397316e-12 
9.456598883775226e-12 
1.2352670034442968e-11 
1.6778285025682828e-11 
2.455816641576491e-11 
4.207917237943315e-11 
1.3943665914531565e-10 
0.9999999999898759 
0.9999999999909327 
0.9999999999946417 
0.9999999999958415 
0.9999999999965481 
0.999999999996984 
0.9999999999972625 
0.9999999999974366 
0.9999999999975326 
0.9999999999975631 
0.9999999999975323 
0.9999999999974368 
0.9999999999972626 
0.9999999999969841 
0.9999999999965479 
0.9999999999958415 
0.9999999999946417 
0.9999999999909329 
0.9999999999898757 
0.999999999861195 
0.9999999999619716 
0.9999999999748733 
0.9999999999813455 
0.9999999999849469 
0.9999999999871363 
0.9999999999885331 
0.9999999999894245 
0.999999999989957 
0.9999999999902075 
0.9999999999902072 
0.999999999989957 
0.9999999999894241 
0.9999999999885335 
0.9999999999871362 
0.9999999999849469 
0.9999999999813457 
0.9999999999748732 
0.9999999999619716 
0.999999999861195 
1.6543604322906064e-11 
7.30073330226388e-12 
4.982568642056371e-12 
3.54408328228178e-12 
2.677680343154664e-12 
2.077857461473393e-12 
1.640175474174532e-12 
1.3074081190489344e-12 
1.0479020202738708e-12 
8.420571273715623e-13 
6.769510349436368e-13 
5.435307855120253e-13 
4.351440046274769e-13 
3.467015442617227e-13 
2.7416139507995215e-13 
2.1419333066003233e-13 
1.6373555042738934e-13 
1.2015090321004225e-13 
7.457569743291802e-14 
1.3943666113950054e-10 
4.207917380140628e-11 
2.4558167645268395e-11 
1.6778286198113507e-11 
1.2352670978278517e-11 
9.45659944022993e-12 
7.403622541471978e-12 
5.873554071137393e-12 
4.69538741346353e-12 
3.768656105284614e-12 
3.029411724141747e-12 
2.43423414297541e-12 
1.9520100819282963e-12 
1.5594168960424237e-12 
1.238297020781498e-12 
9.739457904373986e-13 
7.537154718167176e-13 
5.656444347869366e-13 
3.9257586357277567e-13 
2.1065759569059362e-13 
0.8539346201936951 
0.027748611602753666 
0.0021629974834590027 
0.027748482204681277 
0.004155940501549805 
0.015286839035677029 
0.062079277429478476 
0.050253900482520306 
0.7991102478182613 
0.0036033396542022385 
0.01237709082473309 
0.7991102573823162 
0.004312962887173957 
0.13590841138045548 
0.1004579546608651 
0.0077270835836744396 
0.7006590770840395 
0.004586404259007713 
0.005829240068563688 
0.8539346181652533 
0.38526817053572643 
0.0022612187165073393 
0.004019333096234162 
0.20234165623736938 
0.8386536342425231 
0.004291599597233582 
0.003553327867284388 
0.04106168189953602 
0.0029638842016352696 
0.5886814501057346 
0.018726863823505226 
0.588681396422395 
0.7006591343670725 
0.02282512404992855 
0.01237624031656911 
0.062079316598941024 
0.03372099397551329 
0.385268224700699 
0.00459120268086881 
0.10045792895460437 
0.8484861794450715 
0.004155600774392581 
0.0024019461806143896 
0.8386536349436933 
0.007737476838702882 
0.002232736717977177 
0.04945879717581373 
0.04945904120215006 
0.7158157941910545 
0.005836142384768725 
0.09020937754774666 
0.0270279386085777 
0.00919786904596348 
0.00920576316081291 
0.010005809707568914 
0.24588432163916793 
0.8484861881812675 
0.018726599123618945 
0.20234162212569995 
0.48192909547018703 
0.8230595370788162 
0.0024020432712014493 
0.8556817548132769 
0.03372089941959264 
0.04106175160855514 
0.7617720449264548 
0.1359084365722783 
0.3618361034120021 
0.0779149053570854 
0.022825302332825502 
0.0036035648783720323 
0.009887372231953483 
0.005804379612979623 
0.3618360551299904 
0.003593583867712798 
0.7617720214628634 
0.004512990720602008 
0.05025384860671901 
0.0029637154825983432 
0.015287207887915304 
0.07791487483422387 
0.7061837519499403 
0.8230595286257749 
0.009890912613625036 
0.004511615257859707 
0.004069397558610353 
0.006756425953746216 
0.7061837662747216 
0.007798367047390431 
0.5900283033089656 
0.11166948586174223 
0.02180641832602455 
0.5656150153046323 
0.14044059135951534 
0.34203637586393665 
0.017336721485581436 
0.009979296232156164 
0.04058063498250428 
0.07354382762677056 
0.6231077965068545 
0.013462868289767017 
0.1814914190129086 
0.3420364372415991 
0.0332061389753653 
0.00844355395520357 
0.06025257608878123 
0.0735436993661994 
0.06025239912511235 
0.662424903539651 
0.11166955301277864 
0.005471418698423159 
0.021804353946364062 
0.03320663534619797 
0.04058097377196834 
0.7189228523790785 
0.009240833262710992 
0.005836329546160745 
0.2458843606037856 
0.48192916958472626 
0.6890264326304053 
0.5656149809293427 
0.00779787883769559 
0.006735394531981864 
0.008709808457496129 
0.00923836662234138 
0.006793742788939229 
0.008422195286362816 
0.010022530737035783 
0.09990889515196404 
0.05403264343517574 
0.05403220526188542 
0.012797837265240466 
0.0999090330787961 
0.028510541086440407 
0.014093586722489029 
0.4205825180418919 
0.5939365250802345 
0.01441268557572397 
0.25388299143332255 
0.19536322282178095 
0.7158157972611487 
0.013449220866035233 
0.6890264299435575 
0.008710619016303366 
0.623107810709004 
0.2538830273816902 
0.15410175928140418 
0.012703211423730678 
0.006735739727555556 
0.043947983780542134 
0.4205824870166214 
0.06626917941392149 
0.08127154779027172 
0.027028705426970594 
0.09020928480025477 
0.5780132034849438 
0.6624248908263991 
0.18149145886029416 
0.010443591747916254 
0.013881438079587544 
0.14044054170651768 
0.017341835236514936 
0.012686373211790494 
0.12199875573991252 
0.016449112069724426 
0.06392577747291997 
0.47922257169794613 
0.06392528037651128 
0.5569920619890187 
0.31783559715754506 
0.24495368207208842 
0.018839263143368458 
0.02251014283540862 
0.028512631270004137 
0.3178355816877573 
0.01948575100324747 
0.5900283059861013 
0.06626886757363479 
0.081271759259773 
0.012798553031840776 
0.035559390583017665 
0.15410172521156298 
0.12348646000512034 
0.013882664006118131 
0.5253820601219338 
0.48086871316729013 
0.1234865403232096 
0.014100991457727198 
0.010443843585933865 
0.014409561745634937 
0.04394862352218851 
0.01730943825965095 
0.5569920683042872 
0.48086870104925405 
0.01151041700677801 
0.19536322684813018 
0.017320221434247034 
0.01884011404789602 
0.4449844966724451 
0.041262296429679574 
0.3712871739426346 
0.025618495766633796 
0.07920798563046878 
0.09817436071799561 
0.051486356123016 
0.019891827889879563 
0.37128717257629507 
0.4833637730760028 
0.019491273156602196 
0.09817411594482 
0.0792083388164334 
0.5780132190034173 
0.051485594939120395 
0.011510901390656508 
0.15240036565348639 
0.2449536712079383 
0.12199891721767167 
0.017528745679058634 
0.15240046293412243 
0.016029215490448077 
0.019893248354740278 
0.19200438116099577 
0.03556054952174347 
0.022515077089684574 
0.5253820487733656 
0.4666114555618359 
0.020236736933420305 
0.14100739731011638 
0.02419405909674938 
0.0711001194213868 
0.3843291572087356 
0.1410075604600129 
0.07109962035160029 
0.026251577389057867 
0.2884406694136944 
0.02625070307276793 
0.46661146691525623 
0.4449845099111119 
0.02699061936272742 
0.4135111985237877 
0.03276960715127243 
0.4792225720280784 
0.11210928537768675 
0.08928471388570845 
0.056496292235623836 
0.01752930206323198 
0.016449393390714218 
0.22579183326690333 
0.2884406891159439 
0.020239679196270836 
0.041263442650667 
0.19200433317749574 
0.41351119591597785 
0.032771797831104836 
0.025622180963416535 
0.1572941481899767 
0.07629514329730656 
0.07629469539384563 
0.3843291526412508 
0.03500154711602546 
0.04467263794243164 
0.22579178055621998 
0.02704330241937701 
0.352626626633038 
0.32455958466324986 
0.3725077938875984 
0.04467151612765341 
0.03500321775568036 
0.02513353125912703 
0.3882479980615196 
0.32455956934590885 
0.11210953226545398 
0.025132967627305804 
0.026992932242440773 
0.17796647512547795 
0.023829751932779506 
0.056497014900706174 
0.08928435810435349 
0.17796637548872002 
0.027041858082788976 
0.3049114554827525 
0.03414554517552126 
0.12370177910461927 
0.03477961031143601 
0.27789170453250794 
0.0972310749549443 
0.3725077949257492 
0.04639055851044089 
0.05966629544129368 
0.20007482904037252 
0.024194338342147396 
0.3083165841489517 
0.05966695396986955 
0.35262665243897945 
0.12370155799106854 
0.2547135249893421 
0.034779097837745486 
0.09723139941183222 
0.035460459693430965 
0.03571510316495021 
0.15729429260011135 
0.2547135693013318 
0.03546126502215826 
0.04639144154019471 
0.035716319593389265 
0.08003526197412797 
0.10342356067838701 
0.23964727244889622 
0.04691124105569653 
0.2947276382830268 
0.13307824617890648 
0.03414580259046429 
0.29472765453157856 
0.047053104097056736 
0.061585726983150374 
0.3049114427937403 
0.06158623663684411 
0.17064107163107833 
0.03389383872755411 
0.21811876803118455 
0.2778917510880493 
0.04701231455022293 
0.04705267113282609 
0.04701164543262411 
0.20007491553801046 
0.2314645260967549 
0.04691145286168046 
0.23964724766663703 
0.17064119438509218 
0.2424028318554677 
0.08003489881917938 
0.21811884605437262 
0.04683601650943432 
0.13307806282886592 
0.06325961449806597 
0.06269122195463146 
0.18060627174218488 
0.23146448456868027 
0.08261267543786611 
0.06269156355635266 
0.10342382298550151 
0.1867708609566318 
0.18677081929458575 
0.10794605583306434 
0.1400649970534602 
0.1400651184929145 
0.18060634783587334 
0.0632597834158154 
0.0634347070140769 
0.08261242492420148 
0.10794623482046387 
0.14439781426737508 
0.1107271656199275 
0.18885739881950617 
0.14439787842296078 
0.08414404149965932 
0.08465462878406468 
0.08414416973145818 
0.11166815297118463 
0.11072707265896597 
0.14586778403858028 
0.09664027204060939 
0.08452519756100471 
0.09735375804108597 
0.11143026184041493 
0.16438622973404235 
0.1883329901173574 
0.16615510602602893 
0.14549724172880948 
0.12777252272044978 
0.11143030856504896 
0.1265791214884937 
0.300663522523951 
0.34275706414379725 
0.3794201082586994 
0.3316802886597005 
0.2208171501173956 
0.22183810128903877 
0.287007705059673 
0.2783437333598133 
0.10955917273702225 
0.0945214615896146 
0.08350463203756728 
0.03960035886965163 
0.04321620641942046 
0.0368252837550303 
0.0341084366529125 
0.1230597191568684 
0.1368846885609053 
0.11737138022656016 
0.10589438473259465 
0.15916852389741962 
0.18418339703018674 
0.14257687305414335 
0.08452526200701752 
0.09664038185333526 
0.19299803157183007 
0.22541085454009896 
0.2046172361148643 
0.17607285843310722 
0.06339020030330145 
0.05462137309809779 
0.046855069327625995 
0.05458163589226646 
0.039959549952339773 
0.033957921208784096 
0.04013187405856373 
0.7118756108169487 
0.7835815043233355 
0.8517148481495203 
0.7758409196105959 
0.019831380533628477 
0.024308279032126987 
0.022447430259296255 
0.018601514596418855 
0.01982314364534786 
0.020197524276099787 
0.015328952212677447 
0.015603332669080103 
0.07205002475364747 
0.06302958836711052 
0.0730659240168206 
0.016719485606381486 
0.013551835663886694 
0.014953058756930378 
0.36639416599082275 
0.43054538388571423 
0.3964559868630438 
0.3396169804533315 
0.02461210870471897 
0.020077638884085147 
0.016929815196670316 
0.021106946931198522 
0.42979482267695107 
0.47401192891786714 
0.41743802388415496 
0.010542893974036498 
0.007741264228662078 
0.00838275165923968 
0.011529237477331065 
0.09006606178591466 
0.07136242099040431 
0.06653739956592117 
0.08736596189338947 
0.5687282409655716 
0.6401292899119274 
0.6986624835031353 
0.6206029194248267 
0.24630434521411268 
0.2871270688979895 
0.2614110150157104 
0.10968368621262485 
0.1005346572775701 
0.12867133711384296 
0.12657904374503048 
0.14257677913179845 
0.03873308240484115 
0.031886120210636436 
0.030921983914886087 
0.00298816419629367 
0.005171445497243661 
0.005534780448317728 
0.0031533249659794053 
0.9263141973262852 
0.9234890997543427 
0.4562132579800781 
0.5106148625596002 
0.26378400117899825 
0.284197022457546 
0.26141098720272193 
0.23622161561046756 
0.27061563271756484 
0.1685932713484815 
0.15892791375094348 
0.218562962436307 
0.176072759475656 
0.2046171785554755 
0.22541079596593255 
0.19299793300415694 
0.18418333706448764 
0.21177793574514936 
0.006377429434103687 
0.004015683281175469 
0.005210177477383376 
0.8552574379435288 
0.9272186261763372 
0.16271031462120505 
0.1926057410056767 
0.29414056147412265 
0.01208854086053192 
0.025168296642995663 
0.014693632796436403 
0.010130759802860852 
0.007981188528106852 
0.00556582499691109 
0.00758058383640756 
0.20964369558425497 
0.24630428442766644 
0.26706221825164783 
0.22571423866022747 
0.1454972094926077 
0.047076379896193114 
0.053871880100602114 
0.06221881190579216 
0.05439795563898111 
0.016931298833486014 
0.009921100204869358 
0.008103195215942941 
0.008289019226143491 
0.011207224047237209 
0.013389449564570657 
0.010184753384847598 
0.01859342889008467 
0.01493881852748675 
0.013539810090810194 
0.016712879228074056 
0.8442020081828568 
0.7619534325697904 
0.17307199426027564 
0.17354182378168245 
0.21645580556237867 
0.22081714552248685 
0.20953615681793172 
0.1423319924641078 
0.1157977567187927 
0.19260577297427656 
0.0910344550208913 
0.0814572535467264 
0.8124302618111015 
0.9102077536276783 
0.8975403355214574 
0.345941722834399 
0.36468829673833786 
0.4528904423502672 
0.42232017815087086 
0.0835048226197834 
0.09452167501221427 
0.1095593099312744 
0.12305986778634447 
0.3132170159531745 
0.3396169587876891 
0.28749659763099766 
0.005611058127599894 
0.003897834556495391 
0.006366280077612007 
0.10589460652771912 
0.11737160060704593 
0.13688484127948694 
0.09103476558097133 
0.08145756228974495 
0.43054537724813474 
0.36639416090287563 
0.396455968217335 
0.054397567716671986 
0.0622183835251887 
0.05387128787581138 
0.04707582599087518 
0.052659997304848265 
0.04680311139100089 
0.060750494304091636 
0.0022253221642869058 
0.0009401433970999536 
0.001079049108537769 
0.028543150028843115 
0.023922778821858524 
0.028858961007654393 
0.017856256189057836 
0.030582313302518344 
0.014693697841101909 
0.04537772788753219 
0.021748382186077317 
0.02663236418347102 
0.03672525894394961 
0.032275962452961784 
0.020681855797907954 
0.026456134607911345 
0.7798497845372063 
0.8434196122158351 
0.6545602571714952 
0.11047492038107734 
0.07255823654205096 
0.19308394222144892 
0.0022153967034368462 
0.003191257540006007 
0.0013112090280288193 
0.013903503592808517 
0.008769525998022136 
0.010828183609183301 
0.6575052760560158 
0.5971786640713419 
0.7072500627542108 
0.7827279296311702 
0.030817445303062505 
0.026500089166819008 
0.029050397644706395 
0.03411037221978168 
0.6771076047833571 
0.8317335252580659 
0.7401538439141117 
0.3074721162136051 
0.3269382532401139 
0.39379185717572285 
0.735653996134994 
0.580042662039222 
0.5278211095106163 
0.498469226744035 
0.5426609506030443 
0.4663931484505075 
0.9183728125528551 
0.5049366299053051 
0.4663931404425537 
0.05266077165496188 
0.04570491014580019 
0.0502796207901665 
0.058271624712102815 
0.035674774401096156 
0.04076899472301492 
0.04680389231115185 
0.04090453964251848 
0.025398289623269035 
0.03092414838536217 
0.01948615170403788 
0.01743987203531949 
0.011083366227309927 
0.03551386069626116 
0.04076792783953176 
0.04570390104050832 
0.5049366418173143 
0.5907723777185533 
0.6446925972262993 
0.5476953801730784 
0.03167481694496414 
0.024308940485112496 
0.02548380096469598 
0.12568898632522194 
0.10545980647771663 
0.10938655939347057 
0.13184620496612975 
0.456213312048904 
0.5800425909713927 
0.4267664174047606 
0.047756032609269826 
0.0371890581692318 
0.0581859109781846 
0.035673760831975564 
0.0409037971908532 
0.03901495165554813 
0.0487515823139799 
0.04780155092350809 
0.12490302433483805 
0.08801195340614916 
0.06934696504754959 
0.11044304841784772 
0.5929766560018942 
0.6547659169160532 
0.7181635809256379 
0.6511853196111435 
0.0215728630444491 
0.02998272946771248 
0.8774640541204423 
0.510614918480993 
0.6051902797312211 
0.0012646866365920945 
0.1883329692010358 
0.16438617757744764 
0.02885869063433973 
0.023922638383347742 
0.03395779194806778 
0.11139243649619258 
0.09015464454805858 
0.020202579971070042 
0.0194899306997986 
0.025485898117249366 
0.07306607207607642 
0.07339735642721255 
0.035515307089345416 
0.0396017806404743 
0.15916842657046534 
0.027152403457034218 
0.02347843591748176 
0.020178174023311384 
0.023302193804694664 
0.24091314203231776 
0.20029836952105354 
0.1894812777840151 
0.23622164990871333 
0.30066353825932995 
0.27061565090484013 
0.009304238539513093 
0.006831637564395558 
0.004591476401325336 
0.00687489270924095 
0.2841970655074969 
0.26378404310493087 
0.0039816232512687125 
0.005565921634277831 
0.003669643872325344 
0.003984092908208822 
0.00635636287659108 
0.007711768947629614 
0.03514050515289281 
0.03059931366691194 
0.025699488622239426 
0.029666810441967794 
0.03682699930409783 
0.04321735189661443 
0.17307200844122958 
0.13355571873188113 
0.012154879788568797 
0.008984695567319893 
0.007268166865655867 
0.1507525395026164 
0.04054442579145157 
0.005254940905859827 
0.004120142174793259 
0.0089108674009653 
0.004488171333706177 
0.006868705835676678 
0.0026587830642816725 
0.0013936561221579392 
0.04612945848570128 
0.04807618805180161 
0.03956505167220491 
0.29579740473620886 
0.40371162969294266 
0.42676644111606626 
0.4037115596646996 
0.2957973891637085 
0.2941406042945587 
0.030582202847432897 
0.03926968559499562 
0.05458276573310704 
0.047755894467461535 
0.6545602796968215 
0.011605607057190695 
0.014378090854679943 
0.011759339362882159 
0.3836321326411498 
0.4870966520149734 
0.013770880336722458 
0.03116030109052611 
0.026719518803341603 
0.07123858555555569 
0.08137922445396949 
0.08804497405216903 
0.01722542007554205 
0.014233835098904656 
0.016764574172622213 
0.0031166401447771494 
0.006738627117256549 
0.008086605573907057 
0.01167082642355721 
0.019426973024256826 
0.022349043074678446 
0.020019896265295243 
0.014372898361608565 
0.021106379798415925 
0.01692939411293404 
0.020077355115606516 
0.024611685538228307 
0.11097110179928113 
0.13839004993021473 
0.1362375686951658 
0.7798497500368538 
0.6051902172200088 
0.4740119245860276 
0.4297948244411543 
0.37942011143615884 
0.41743801686234383 
0.002202449470236064 
0.0018745342603660043 
0.009035515296126841 
0.014235964376231695 
0.004364070036707605 
0.5929766546202421 
0.6511853165426641 
0.7181635793533119 
0.0031289054281337584 
0.004938319705741428 
0.21856296229825115 
0.2930791320333898 
0.20953611857884025 
0.19308398998636472 
0.11047493799199372 
0.8434196451639724 
0.055756153218725256 
0.10021268631693626 
0.13773137436003627 
0.10751078442294483 
0.45698169354153007 
0.520151915332413 
0.004735122478310842 
0.0032856627422129434 
0.012825069460444908 
0.01613666511795214 
0.013252440553039405 
0.027154273078276704 
0.031161651882471213 
0.025394609900434986 
0.00798141196136885 
0.010130887998547947 
0.016765914583179636 
0.0194281021970077 
0.015670469808814595 
0.011507571220931205 
0.05984667785690544 
0.05937023525525298 
0.07116428146579366 
0.07315461659340959 
0.020024088041598467 
0.01722849765835782 
0.14949292799438646 
0.1394892382616601 
0.11817935256431299 
0.006566526513398063 
0.013388486786267162 
0.011206200404062176 
0.008288373601283693 
0.01018414298787516 
0.4528904630347561 
0.023303643674821895 
0.020180324407148186 
0.02348112585441703 
0.032936845438784224 
0.00903391093303534 
0.006829755094079516 
0.004363226416567386 
0.006365711327097692 
0.20943772140822314 
0.2164558335769837 
0.267531269591044 
0.2549522624887389 
0.01566967440576298 
0.1627103424572613 
0.07255825256639742 
0.36358883066628217 
0.4569816915507304 
0.008925470612332601 
0.011756548982892124 
0.041415348353467184 
0.17354186646260678 
0.17083171288841242 
0.31321705094307417 
0.2670622646788097 
0.28749662593110226 
0.018186315626968343 
0.014345285676613972 
0.024303962252913543 
0.029047368083463736 
0.04054490104635286 
0.0351411664964557 
0.06750708229343576 
0.06340556796858066 
0.07390605006329246 
0.1643584279525823 
0.1773815392736704 
0.20964377893024677 
0.05358511136136656 
0.004501440562765689 
0.42232018609332206 
0.39379185932977173 
0.002043653422728844 
0.002246218634758932 
0.013252711368039745 
0.010920802139077436 
0.0017426091416702033 
0.046854963002239534 
0.04013163798659494 
0.025168448391599096 
0.0392698754901557 
0.04480773710659578 
0.03227622558083055 
0.01818561213803949 
0.01215427972433705 
0.01434475688570903 
0.046984480572739164 
0.03443045620113625 
0.1773814259670366 
0.15832332859487175 
0.14949277268190056 
0.02649710289533123 
0.030815408464795666 
0.1655851674417212 
0.15832345771258222 
0.28700772967967375 
0.36468832145980434 
0.0021911568053541506 
0.0012986390612892613 
0.24091319080784765 
0.7356539605195549 
0.6575052456032321 
0.5278210589268989 
0.2783437370085953 
0.22183812193878236 
0.29307908250932363 
0.05426314795419601 
0.0461304164295838 
0.8774640415221395 
0.004898272750018092 
0.18948137163171608 
0.029667353818743327 
0.034430842630954604 
0.01967834336829243 
0.008349940702149956 
0.003022359998169484 
0.007267749000926152 
0.008984273964088761 
0.03956596071161482 
0.03167579678213954 
0.029983361411086297 
0.039015528464345965 
0.03060016148732438 
0.02672067575914479 
0.02570020865929781 
0.0223499169216306 
0.06340495832721318 
0.06780159552573468 
0.05739272270678783 
0.054262397134686474 
0.05827092755636415 
0.05027868806422737 
0.32693824546578926 
0.3074720987414496 
0.03188778104313422 
0.03873424824242635 
0.0062419080658017755 
0.010523517397166827 
0.20029844380842687 
0.02431041718619072 
0.08804494647140776 
0.11044300743343399 
0.15892786994918812 
0.1423319592588967 
0.38363208821932415 
0.698662475052212 
0.6401292743530533 
0.5687282333174972 
0.6206029236251493 
0.22571430226424583 
0.07123851169120834 
0.10021260746602267 
0.08801189900092508 
0.05575610827811679 
0.5850897870208595 
0.711875603336167 
0.7072500501657091 
0.5971786412694888 
0.7827279144191899 
0.0607510830434878 
0.07832285703216389 
0.07026442968555514 
0.046984804539752664 
0.002311199254830959 
0.06302984515287452 
0.07205032039260072 
0.06339011546248542 
0.4870966176302133 
0.058414295892064746 
0.04480744930125061 
0.10968395641240831 
0.0934918136080976 
0.1000370736817628 
0.150752690411171 
0.12867154134830366 
0.3635888207748568 
0.08816642683374103 
0.0731549544339312 
0.07337675684063164 
0.04807689934502981 
0.010920430795859139 
0.003981478664141897 
0.002225270765377358 
0.24171269679147367 
0.2737049975494389 
0.307467290216209 
0.022442689552787814 
0.16859324933599645 
0.08454985964398093 
0.017856208393814414 
0.016136807180527273 
0.25495222788802385 
0.07968510255648696 
0.08615453841180848 
0.036725672859176016 
0.047801944982745 
0.04875211680863948 
0.10053495322534131 
0.02663233718863891 
0.032936824487958066 
0.05937071040351937 
0.05739335093623903 
0.3459417308308766 
0.054582973487180844 
0.012088630325978724 
0.054581445474975926 
0.059847048168522356 
0.05841457758194452 
0.0861541556558258 
0.0934914694316307 
0.0796846789712187 
0.07390557136838512 
0.011597919677637191 
0.009299117078839719 
0.07026399321110781 
0.004734862761390667 
0.0056107001427333015 
0.003285464714619169 
0.0678021005998553 
0.07116470205800658 
0.004588378543439956 
0.07832244772175798 
0.06750652775510649 
0.3872752202047969 
0.4338719684257768 
0.4823411616569991 
0.00877699139705648 
0.013907858426622245 
0.015338907922885621 
0.010840257870323094 
0.28712703938178746 
0.8552574368987572 
0.9263141962273634 
0.006241638081713312 
0.3074672965525633 
0.24171270921256544 
0.7835815016392716 
0.7860702608537083 
0.21419623206811078 
0.041415331338244675 
0.06934693070243507 
0.0026586474142432644 
0.5326680800075182 
0.5850897946478074 
0.2675312539560515 
0.2094376703853199 
0.34644540511337846 
0.08137911536952766 
0.08736582763976258 
0.11097099435163155 
0.10751069744645776 
0.4823411614503444 
0.38727522245763424 
0.1377313183499817 
0.13838995880615976 
0.17083164191653685 
0.02645652199831386 
0.020682075320167477 
0.08454950018904495 
0.5367583519199867 
0.05818581010173024 
0.045377667854655634 
0.16435829294186785 
0.12568878411385054 
0.13184604040850798 
0.10938635899770317 
0.1054595572004166 
0.06653724889965594 
0.03718897709751184 
0.1181791160240624 
0.13948905806545311 
0.08816613149609061 
0.10003677586112172 
0.5907723648971919 
0.6771076011497564 
0.5426609495705554 
0.21177796831398285 
0.7401538327519056 
0.6446925836268068 
0.8124302527261097 
0.011691893267831403 
0.008112268183602516 
0.006757497741261635 
0.34275707232411773 
0.01561556871769056 
0.02157344115204045 
0.01744135171982661 
0.013771514692267565 
0.021748346559993924 
0.09006588945080725 
0.09015441221682481 
0.1113922836318338 
0.8517148434959747 
0.7758409075803979 
0.5326680782348221 
0.16558506766096318 
0.13623744140782854 
0.5201519011599898 
0.4984692359550859 
0.0038975509058402588 
0.009921233176093077 
0.008103382350906865 
0.016931614044471858 
0.33168029533116616 
0.07136222466737295 
0.0013935766052310017 
0.001079001639107687 
0.0017425049589904918 
0.7619534341041205 
0.8317335222392982 
0.9102077489521684 
0.8975403302101934 
0.011085735208171653 
0.12490296687590556 
0.0012527638961398375 
0.001855813028949332 
0.9183728126932128 
0.005256723237389292 
0.006566957256880646 
0.547695366034483 
0.8442020025810761 
0.07337649825357669 
0.0022455499661840047 
0.0020434948883248766 
0.13355566828542867 
0.05358509640876717 
0.004125338711856101 
0.9234890950752354 
0.002308876174189211 
0.1157977320226353 
0.0055786678964358455 
0.0021922234890751472 
VECTORS Velocity float 
2.4349402120739532e-15 2.339984214462233e-15 0.0 
2.511807563226201e-15 -2.412132792183918e-15 0.0 
0.5000000000137704 -1.226625574923796e-11 0.0 
0.5000000000137704 1.2266255965065641e-11 0.0 
2.8727770211412916e-14 7.406943079341119e-14 0.0 
4.066956950760089e-14 1.1115213035545683e-13 0.0 
4.299309861308982e-14 1.3138739734504402e-13 0.0 
4.197689608793641e-14 1.390195405287436e-13 0.0 
3.9116765072049636e-14 1.349382491872367e-13 0.0 
3.553758718553139e-14 1.2073744485410405e-13 0.0 
3.20414931425527e-14 9.813570349348468e-14 0.0 
2.9187907598983724e-14 6.907644265885317e-14 0.0 
2.734113338481224e-14 3.5641630711503403e-14 0.0 
2.670433340048137e-14 -4.0536849985062386e-19 0.0 
2.734265482591178e-14 -3.564239845156885e-14 0.0 
2.919118033010221e-14 -6.90769535302205e-14 0.0 
3.204704945740652e-14 -9.813546309588649e-14 0.0 
3.554623807154428e-14 -1.2073504153826534e-13 0.0 
3.9128556724073565e-14 -1.349308699763381e-13 0.0 
4.198898448571148e-14 -1.3899910468628157e-13 0.0 
4.2990561059559934e-14 -1.313572077587029e-13 0.0 
4.0640818610527893e-14 -1.1114161444782036e-13 0.0 
2.873271684648338e-14 -7.409314155800674e-14 0.0 
1.0147346536424892e-13 1.942560210767685e-13 0.0 
1.4656763228286777e-13 3.743814801569205e-13 0.0 
1.6816464777617871e-13 4.870146414721632e-13 0.0 
1.7022963554657975e-13 5.431008826260655e-13 0.0 
1.620767051145137e-13 5.499203032004852e-13 0.0 
1.4890059804117138e-13 5.13095183939193e-13 0.0 
1.3453566453369495e-13 4.39151869808883e-13 0.0 
1.216896274088595e-13 3.3545427429566994e-13 0.0 
1.1219878707856592e-13 2.100633717306044e-13 0.0 
1.0718903170033363e-13 7.149306989981105e-14 0.0 
1.071920070584785e-13 -7.14962510739747e-14 0.0 
1.1220827833547157e-13 -2.100661627859956e-13 0.0 
1.217069127701521e-13 -3.3545470136837296e-13 0.0 
1.3456361575090127e-13 -4.391477549776475e-13 0.0 
1.4894001582617382e-13 -5.130788903977795e-13 0.0 
1.6212268212074477e-13 -5.498775288249355e-13 0.0 
1.7024466315068085e-13 -5.430309558974593e-13 0.0 
1.681266781960077e-13 -4.869483969802836e-13 0.0 
1.4653697894472715e-13 -3.7439853195894666e-13 0.0 
1.013204098486923e-13 -1.9423401627439052e-13 0.0 
6.504085507780251e-14 -3.653305850437846e-14 0.0 
1.0090299501579605e-13 -6.51822498761517e-14 0.0 
1.3578178670302668e-13 -9.145548456366698e-14 0.0 
1.7747132298098703e-13 -1.1991020022770606e-13 0.0 
2.286621398985166e-13 -1.512522221966705e-13 0.0 
2.924566988714738e-13 -1.8620542212087192e-13 0.0 
3.7217028948921315e-13 -2.2548169460943506e-13 0.0 
4.718285978370156e-13 -2.6982582295597076e-13 0.0 
5.965093602986087e-13 -3.200648058172913e-13 0.0 
7.528520286700915e-13 -3.7719468643479343e-13 0.0 
9.498681806655075e-13 -4.4254992119855313e-13 0.0 
1.2003559981832202e-12 -5.181334987336972e-13 0.0 
1.5236210993493408e-12 -6.072517155454827e-13 0.0 
1.950572913894616e-12 -7.160702813290298e-13 0.0 
2.5373781191968457e-12 -8.553848813610399e-13 0.0 
3.382361820570121e-12 -1.058372857452647e-12 0.0 
4.793037688393779e-12 -1.3611673578232156e-12 0.0 
6.998221541027842e-12 -2.0798083738436634e-12 0.0 
1.6541438760696134e-11 2.6760824416523165e-13 0.0 
1.7947697728264264e-13 -1.1011850170580273e-13 0.0 
3.335627881172223e-13 -2.069880874569722e-13 0.0 
4.718241619243847e-13 -3.1182000275091886e-13 0.0 
6.249122739635323e-13 -4.2129016007851096e-13 0.0 
8.100157912796701e-13 -5.407502831028972e-13 0.0 
1.0394060976606707e-12 -6.730698133688487e-13 0.0 
1.325715087236823e-12 -8.211535506276399e-13 0.0 
1.6835855046902972e-12 -9.87888113914636e-13 0.0 
2.1311344477435028e-12 -1.1763500106556578e-12 0.0 
2.6916763961219083e-12 -1.3900524188499916e-12 0.0 
3.3962973596399706e-12 -1.633388655010949e-12 0.0 
4.288244435362738e-12 -1.9124958631706644e-12 0.0 
5.430939908787491e-12 -2.236859093414303e-12 0.0 
6.92356645998005e-12 -2.622566375888206e-12 0.0 
8.934858729783738e-12 -3.097670403291184e-12 0.0 
1.1778425650358749e-11 -3.722518794955419e-12 0.0 
1.6143317543112238e-11 -4.572105325262891e-12 0.0 
2.376788501621675e-11 -6.179901258135355e-12 0.0 
4.130680297869582e-11 -8.025258613730523e-12 0.0 
1.2975210425577013e-10 -5.105852871760701e-11 0.0 
0.9999999999898759 5.244544733922559e-12 0.0 
0.9999999999909327 1.889983601161828e-12 0.0 
0.9999999999946417 1.0413923989902892e-12 0.0 
0.9999999999958415 6.999608045032719e-13 0.0 
0.9999999999965481 4.846460400904196e-13 0.0 
0.999999999996984 3.3971156976790695e-13 0.0 
0.9999999999972625 2.315454479906804e-13 0.0 
0.9999999999974366 1.4467828544367473e-13 0.0 
0.9999999999975326 6.966788849401939e-14 0.0 
0.9999999999975631 -8.489345887660939e-19 0.0 
0.9999999999975323 -6.966954702062929e-14 0.0 
0.9999999999974368 -1.4467992486109339e-13 0.0 
0.9999999999972626 -2.3154712860191907e-13 0.0 
0.9999999999969841 -3.397129014740907e-13 0.0 
0.9999999999965479 -4.846472540819709e-13 0.0 
0.9999999999958415 -6.999616080974881e-13 0.0 
0.9999999999946417 -1.0413935560110804e-12 0.0 
0.9999999999909329 -1.8899853894245894e-12 0.0 
0.9999999999898757 -5.24454482495421e-12 0.0 
0.999999999861195 4.961999902698764e-12 0.0 
0.9999999999619716 1.0938194874119373e-11 0.0 
0.9999999999748733 5.198234548969905e-12 0.0 
0.9999999999813455 3.3986804162419083e-12 0.0 
0.9999999999849469 2.3241197460759887e-12 0.0 
0.9999999999871363 1.6299644328709234e-12 0.0 
0.9999999999885331 1.1320768362475386e-12 0.0 
0.9999999999894245 7.46766200880005e-13 0.0 
0.999999999989957 4.2580020124351553e-13 0.0 
0.9999999999902075 1.384440776925121e-13 0.0 
0.9999999999902072 -1.3845083764782308e-13 0.0 
0.999999999989957 -4.2580650988632796e-13 0.0 
0.9999999999894241 -7.467735035965477e-13 0.0 
0.9999999999885335 -1.1320822653890336e-12 0.0 
0.9999999999871362 -1.6299698652955594e-12 0.0 
0.9999999999849469 -2.3241236815931526e-12 0.0 
0.9999999999813457 -3.398682913195716e-12 0.0 
0.9999999999748732 -5.19824363994471e-12 0.0 
0.9999999999619716 -1.093819753040398e-11 0.0 
0.999999999861195 -4.961997801984113e-12 0.0 
1.6541439773477183e-11 -2.676083206915702e-13 0.0 
6.998221604742505e-12 2.0798079530812714e-12 0.0 
4.793038207265583e-12 1.3611667849664131e-12 0.0 
3.3823622951992564e-12 1.0583721537170238e-12 0.0 
2.5373786153784313e-12 8.553839970078439e-13 0.0 
1.9505733937188636e-12 7.160691767676696e-13 0.0 
1.5236215466889354e-12 6.072503343340922e-13 0.0 
1.2003563923028737e-12 5.181317604747873e-13 0.0 
9.49868504683167e-13 4.425477012763983e-13 0.0 
7.528522847151189e-13 3.771917856428915e-13 0.0 
5.965096068497695e-13 3.2006092021237846e-13 0.0 
4.718290489314546e-13 2.698204280327166e-13 0.0 
3.7217167586956577e-13 2.254740527060187e-13 0.0 
2.9246070461043084e-13 1.8619531963031074e-13 0.0 
2.286715419887595e-13 1.5124085571256404e-13 0.0 
1.7748853435870425e-13 1.1990247316230388e-13 0.0 
1.3580606949548217e-13 9.146607000384582e-14 0.0 
1.0091560129579412e-13 6.520951584927812e-14 0.0 
6.501726355079689e-14 3.652793572010818e-14 0.0 
1.2975210557498892e-10 5.1058530811107634e-11 0.0 
4.1306804846243146e-11 8.025256457169472e-12 0.0 
2.376788668521178e-11 6.179899725079699e-12 0.0 
1.6143319451554292e-11 4.572102889357924e-12 0.0 
1.1778427618779758e-11 3.72251569866005e-12 0.0 
8.93486068366826e-12 3.0976664662929996e-12 0.0 
6.923568317969323e-12 2.62256143550603e-12 0.0 
5.430941592379504e-12 2.236852888935039e-12 0.0 
4.288245868096067e-12 1.912487996633899e-12 0.0 
3.396298503032607e-12 1.6333784981434842e-12 0.0 
2.6916773689826017e-12 1.390038969120784e-12 0.0 
2.1311357477929417e-12 1.1763317080255243e-12 0.0 
1.6835887462693876e-12 9.878624870824814e-13 0.0 
1.3257250152833939e-12 8.211176770198242e-13 0.0 
1.0394320377903557e-12 6.730234397785282e-13 0.0 
8.100690509971024e-13 5.407018913665674e-13 0.0 
6.250019050335184e-13 4.2125957693608607e-13 0.0 
4.719136541492626e-13 3.1185113376885955e-13 0.0 
3.3353139726735926e-13 2.0705703488844213e-13 0.0 
1.795010692529128e-13 1.1025420064198285e-13 0.0 
0.8539341493665448 -0.0008967223572468511 0.0 
0.01955838012578523 -0.019683882054507558 0.0 
0.002162997483337668 -2.291055481549877e-8 0.0 
0.01955837223359164 0.01968370748197059 0.0 
0.002431353202734038 -0.0033705137673620284 0.0 
0.009450213737476613 0.012015860685723155 0.0 
0.05160580137558929 0.034506201624481675 0.0 
0.04017535212729496 -0.030189329160398896 0.0 
0.7990968342543172 0.004630081305057641 0.0 
0.0023335125422361378 0.002745683135172911 0.0 
0.007351286247662523 -0.009957457897908476 0.0 
0.7990968435919512 -0.004630120410135952 0.0 
0.0024012506270881867 -0.003582686742104101 0.0 
0.12662298754678492 0.04937322461300124 0.0 
0.08999123781177086 -0.044647259397971234 0.0 
0.00433348054038496 0.006397559465545897 0.0 
0.7006463058468156 0.0042304141013119285 0.0 
0.002514725929875165 0.0038355257168551974 0.0 
0.003248610626030165 -0.004840100079274425 0.0 
0.8539341473917004 0.0008966713147532371 0.0 
0.3848788591174223 0.017315514211739935 0.0 
0.0013578320564933287 -0.0018081488296714395 0.0 
0.002288355559610206 0.0033043104229603425 0.0 
0.1953607356404742 -0.05269087984551516 0.0 
0.8386490828589653 -0.0027629781049052964 0.0 
0.0023893775495958084 0.003564926651203777 0.0 
0.002048052910431343 0.0029037248851248843 0.0 
0.03152087318934911 0.026315323934917773 0.0 
0.0022449653922929705 -0.0019351330569524175 0.0 
0.5886723946500926 -0.0032651914976219976 0.0 
0.012085173335247789 -0.014305384095546842 0.0 
0.5886723410493149 0.0032651764638570438 0.0 
0.7006463629589301 -0.004230442581880306 0.0 
0.01539452223835029 0.016852150395352077 0.0 
0.007351064998202518 0.009956564054214308 0.0 
0.05160580067798137 -0.034506273136576365 0.0 
0.024819579208738965 -0.022827481740168715 0.0 
0.3848789130489887 -0.01731552061756487 0.0 
0.002517986283968168 -0.0038391258289570455 0.0 
0.08999123222985735 0.04464721280886661 0.0 
0.8484842413052569 0.001813550643587283 0.0 
0.0024308423217802026 0.0033704633810166893 0.0 
0.002184298148902343 0.0009990931144141931 0.0 
0.8386490837175558 0.0027629303237232837 0.0 
0.004338847997851905 -0.006406476869621871 0.0 
0.0013420678110962485 0.001784367462778567 0.0 
0.036682906167731275 0.03317434269383047 0.0 
0.03668294185135387 -0.03317466704830913 0.0 
0.7158157937553691 -2.4974804590280077e-5 0.0 
0.00548274237780459 0.0020000234883419867 0.0 
0.07646948442560782 -0.047855509079244185 0.0 
0.017315895543855007 0.02075257157422538 0.0 
0.005188771597108089 0.007594566761819763 0.0 
0.005194438128083873 -0.007600255779017481 0.0 
0.005551568967465721 -0.008324440515947718 0.0 
0.24016767186985963 0.05271232319453607 0.0 
0.8484842499364822 -0.0018135997636117484 0.0 
0.012085145726976944 0.014305060904954467 0.0 
0.195360705957873 0.052690858904567414 0.0 
0.4815647009546913 -0.01873744526693507 0.0 
0.8230510872128031 -0.003729532707725841 0.0 
0.0021843839513520005 -0.0009991389441914372 0.0 
0.8556817548132766 -2.5753982959950527e-8 0.0 
0.024819575893006866 0.022827345666054898 0.0 
0.03152087349001927 -0.02631543234660758 0.0 
0.7617548731114993 -0.005114853107992336 0.0 
0.12662300057939405 -0.04937326053433949 0.0 
0.36011948253232956 -0.03520403432887004 0.0 
0.0672719711710995 -0.03930921484281177 0.0 
0.01539453523662628 -0.01685237999313928 0.0 
0.0023338208403254662 -0.0027457166856576765 0.0 
0.0056764157558994565 0.008095581129195185 0.0 
0.003235506633794967 0.004818954193001033 0.0 
0.36011943701421584 0.035204003701250805 0.0 
0.0020695186337765753 -0.0029378457479481814 0.0 
0.7617548498727492 0.005114819543493206 0.0 
0.002507296502187598 -0.003752405827513553 0.0 
0.04017535314660487 0.030189241450103047 0.0 
0.0022447812346772385 0.0019350882848681772 0.0 
0.009450239196348721 -0.012016309921940853 0.0 
0.0672719698548516 0.039309156595896434 0.0 
0.7061837263798506 -0.0001900377937946412 0.0 
0.8230510789576019 0.003729489028016704 0.0 
0.005678092090960606 -0.008098729686619836 0.0 
0.002505998858364758 0.0037516185782708556 0.0 
0.0023150861997799184 -0.003346695740220864 0.0 
0.0037656343866359363 0.005609749489472811 0.0 
0.7061837407317424 0.00018993702569025412 0.0 
0.005538970271167628 -0.005489475106141402 0.0 
0.590024522614837 -0.0021122070898648535 0.0 
0.09854137658003331 0.05253257250828203 0.0 
0.01332321763700094 -0.01726301688601058 0.0 
0.5655391780604574 0.009261944545379581 0.0 
0.12869627394662783 -0.05622124841787927 0.0 
0.33963706701656426 -0.0404418733804702 0.0 
0.010146688573334292 0.014057262281980383 0.0 
0.0055368138382053435 0.008302412047723483 0.0 
0.02868329293568462 0.028706386779756083 0.0 
0.059751137744286566 -0.04287768790710891 0.0 
0.6230929983734477 -0.004294350429860275 0.0 
0.007613901371192598 -0.011103032400986939 0.0 
0.17215316181222595 0.05746672126868481 0.0 
0.33963713959441816 0.040441782960795106 0.0 
0.022345251514667583 0.024562927358063834 0.0 
0.004687240270260599 -0.007023060731851975 0.0 
0.046817583594419614 -0.03792738841146201 0.0 
0.05975112651482949 0.04287748356276004 0.0 
0.04681756284315315 0.03792713289663806 0.0 
0.6624223095277469 0.0018538256233390778 0.0 
0.09854138216809062 -0.05253270477022947 0.0 
0.00547141869804394 -6.441843869019383e-8 0.0 
0.013322241284351194 0.01726116271228131 0.0 
0.022345357224077978 -0.024563502224717683 0.0 
0.02868335085501865 -0.028706807833841143 0.0 
0.7189228523790766 -5.2142989860558924e-8 0.0 
0.0054424372126571875 -0.007468124033216786 0.0 
0.005482893496155951 -0.0020001553642653995 0.0 
0.24016769993228088 -0.05271237709276984 0.0 
0.4815647775403286 0.018737383199306616 0.0 
0.6890260882412297 -0.0006889022946567394 0.0 
0.5655391425344065 -0.00926201452973076 0.0 
0.00553842855829564 0.005489328143956782 0.0 
0.005511102543550873 0.003872116766823838 0.0 
0.005531920875587338 0.006727452325547324 0.0 
0.005440096854033926 0.007466777354891562 0.0 
0.0037855631649980613 -0.005641316566730999 0.0 
0.004674659708146756 0.007005778333251867 0.0 
0.010022530736352587 -1.1702438169531244e-7 0.0 
0.08614262310153256 0.05060865356511129 0.0 
0.040628444237945156 -0.0356210060974844 0.0 
0.040628340131429144 0.0356204601827015 0.0 
0.009739871070619709 0.008301779941391056 0.0 
0.08614262035723134 -0.050608930523474684 0.0 
0.01833236566453527 0.021835185416739077 0.0 
0.008265910536138116 0.011415073793580132 0.0 
0.41966174308470544 0.027815029634443843 0.0 
0.5939365250802292 -7.915791916058164e-8 0.0 
0.008994211074216643 -0.0112618680802574 0.0 
0.24835379420950043 -0.052696928192045966 0.0 
0.18672679894580382 -0.05744468110074416 0.0 
0.7158157968290625 2.4871434219762315e-5 0.0 
0.0076060877176733635 0.011091842567150685 0.0 
0.6890260856496333 0.0006888070181919266 0.0 
0.005532889492195271 -0.00672770521904319 0.0 
0.623093013123015 0.004294271049931194 0.0 
0.24835385586189807 0.05269681082399224 0.0 
0.142991997776284 -0.05745120351716783 0.0 
0.007172360509673732 -0.010484694806968602 0.0 
0.005511425860799277 -0.0038722570496137203 0.0 
0.03140087660725542 0.0307475239112146 0.0 
0.41966170491324223 -0.027815136426005575 0.0 
0.0523141912316033 -0.04067959606458447 0.0 
0.06716063048439842 0.04576586274904597 0.0 
0.01731609635626395 -0.020753402709881866 0.0 
0.07646947803380079 0.04785534446027459 0.0 
0.5779953047903889 -0.0045487408359391615 0.0 
0.6624222965662757 -0.0018539142989579549 0.0 
0.17215317748420414 -0.05746680016609551 0.0 
0.00999538916514119 0.003026682017411574 0.0 
0.009454163766395811 0.01016430571340668 0.0 
0.12869626538445797 0.056221143984388114 0.0 
0.010149495302369017 -0.014061543104425643 0.0 
0.007161647735431738 0.010471621984316514 0.0 
0.11065442572175535 0.05137406417907159 0.0 
0.015935621817189816 0.00407789715194704 0.0 
0.05135132973238766 -0.03807290322831819 0.0 
0.47920004191244 -0.0046468328901407814 0.0 
0.05135116935231078 0.03807228489814969 0.0 
0.5569388188336587 0.0077012463243353035 0.0 
0.315013996543654 0.042256937916607513 0.0 
0.23965224429017562 -0.0506863706271791 0.0 
0.015157134993387222 0.011188346373674609 0.0 
0.013757695666545453 0.017816631006371954 0.0 
0.018333543073805747 -0.02183692607259838 0.0 
0.3150139615433837 -0.042257082477835786 0.0 
0.011998204123264859 0.01535374840151518 0.0 
0.5900245258539409 0.0021120501084558076 0.0 
0.052314131308247386 0.04067916512116977 0.0 
0.06716065251093617 -0.04576620595465371 0.0 
0.009740551362691986 -0.008302085211535715 0.0 
0.02410480026050384 0.026142472397170456 0.0 
0.1429920342826384 0.057451021269363294 0.0 
0.11068365484826158 0.05475430899963112 0.0 
0.009455432571844525 -0.010164799790751885 0.0 
0.5252425627795608 0.012106169614141482 0.0 
0.48051227589043144 0.018511402479644785 0.0 
0.11068363333215804 -0.05475453363318935 0.0 
0.008271633804550087 -0.01142007155381785 0.0 
0.009995578974151586 -0.0030269241515027525 0.0 
0.008991278156389317 0.01126021255641749 0.0 
0.03140107063808275 -0.030748240149270304 0.0 
0.010112046913110373 0.01404859993350665 0.0 
0.5569388231645183 -0.007701389875153111 0.0 
0.48051225909191436 -0.018511523740142304 0.0 
0.009907852288152224 0.00585868267668434 0.0 
0.18672684843153556 0.057444533937880654 0.0 
0.0101192788590897 -0.014056680472406375 0.0 
0.01515785177781256 -0.011188808105405755 0.0 
0.4447107161517988 0.01560708872863766 0.0 
0.029952635690809252 0.028379864725266175 0.0 
0.3699281778898798 0.031738127502763024 0.0 
0.0166502985342261 0.019469845506993162 0.0 
0.0665526830954117 0.04294933480786695 0.0 
0.08590468018784694 -0.04752463597136603 0.0 
0.039383378416097674 -0.03316314779028793 0.0 
0.014424442167514463 0.013697455419041198 0.0 
0.36992816233525455 -0.03173829281736946 0.0 
0.48336377307599104 -1.0675683753714838e-7 0.0 
0.012002603227029273 -0.01535731894048528 0.0 
0.08590462974467551 0.04752422150837584 0.0 
0.06655277767284683 -0.04294983960491039 0.0 
0.5779953215251847 0.004548586339807501 0.0 
0.039383044796514735 0.033162362231766496 0.0 
0.00990825881486006 -0.00585894684078682 0.0 
0.14256540971054626 0.05386070372154857 0.0 
0.23965227230178757 0.05068618568048501 0.0 
0.11065444518599869 -0.05137440571785834 0.0 
0.015650251772680437 0.007894716241438293 0.0 
0.14256540749141464 -0.05386098485306154 0.0 
0.01602921548953017 -1.7154221708880188e-7 0.0 
0.014425759410561047 -0.013698131096320626 0.0 
0.18423826815782882 -0.054054999132558575 0.0 
0.024105334489539033 -0.026143556212493545 0.0 
0.013760951270992696 -0.01782035118822869 0.0 
0.5252425483102162 -0.012106304881726369 0.0 
0.46651055355221205 -0.009703292531087187 0.0 
0.013398327160915524 0.015166092146678087 0.0 
0.1328588849487974 0.047239843208199066 0.0 
0.02363933457483335 0.005151150981682647 0.0 
0.06085077341095714 -0.03677513231823669 0.0 
0.3842648936929553 -0.007027983773372937 0.0 
0.13285892164464463 -0.04724022699253645 0.0 
0.06085057570741714 0.036774494561007766 0.0 
0.022109220389676443 -0.014153716443902986 0.0 
0.28548902135516707 0.04115869844260284 0.0 
0.022108551991266025 0.014153138897930547 0.0 
0.4665105692724943 0.00970308269884154 0.0 
0.44471072260334515 -0.015607282352895878 0.0 
0.01894868158636196 0.019220848048988465 0.0 
0.41288090860023147 0.022822502448826065 0.0 
0.02251833591033014 0.023806967481774348 0.0 
0.47920004429666496 0.00464662106063248 0.0 
0.10283499610579698 0.04464812923086843 0.0 
0.07931539028724297 -0.04099791454739062 0.0 
0.04634295596158834 0.03231348741803171 0.0 
0.01565067713860085 -0.007895108354373966 0.0 
0.015935821175386573 -0.004078252859813068 0.0 
0.22097528667395724 -0.04638830293717896 0.0 
0.28548901064209087 -0.041158910824762335 0.0 
0.013401015763295008 -0.015167642878175805 0.0 
0.029953251713590673 -0.02838088108511013 0.0 
0.18423828556938993 0.05405476934912147 0.0 
0.41288089582368614 -0.022822686338217598 0.0 
0.022519874614171997 -0.023808527473255865 0.0 
0.016653156208500813 -0.019472250656185987 0.0 
0.15212463509662694 0.03999430523872674 0.0 
0.069014899426053 -0.03252526015220065 0.0 
0.0690146990797252 0.03252463460478329 0.0 
0.3842648940215641 0.0070277160257065496 0.0 
0.02598894444332339 0.023445320796210076 0.0 
0.03494489273513817 -0.02782982307642775 0.0 
0.2209752881385015 0.046388039394378744 0.0 
0.02074847289695756 -0.017344770917775185 0.0 
0.35190885120272264 0.022487735674718578 0.0 
0.3230325259201932 -0.03144695842845456 0.0 
0.37222874782100607 -0.014415817791974293 0.0 
0.03494417953750337 0.027828917866024365 0.0 
0.025990207432215605 -0.023446414883345843 0.0 
0.02306770942703718 -0.009978736159619396 0.0 
0.3882479980614962 -1.348234328062916e-7 0.0 
0.32303253341562455 0.03144672334417747 0.0 
0.10283506700485892 -0.04464858585537781 0.0 
0.023067309765078578 0.009978240423898 0.0 
0.0189506470392948 -0.019222158251275163 0.0 
0.17134204435519615 -0.04810374314717467 0.0 
0.02382975193176764 -2.1960218836289489e-7 0.0 
0.04634331063407271 -0.032314242249578726 0.0 
0.07931526959492179 0.04099737322306526 0.0 
0.17134203073992857 0.04810342302278973 0.0 
0.020747243464626662 0.017343989656051044 0.0 
0.30478208015219893 -0.008881402068883399 0.0 
0.03357090795946318 0.00623797997037621 0.0 
0.11755142463622255 -0.038520030109574326 0.0 
0.03260805860669047 -0.01209693379819802 0.0 
0.2765381631001165 0.027394229268151687 0.0 
0.09037057364064507 0.03587535862893557 0.0 
0.3722287591765568 0.014415551405510159 0.0 
0.03910841794403935 0.024952265725279952 0.0 
0.05225175482004433 0.028806612607415637 0.0 
0.19609281832115286 0.039718305834987824 0.0 
0.023639521337335028 -0.005151605454223515 0.0 
0.30831658414890856 -1.6310845358640208e-7 0.0 
0.05225212079068072 -0.02880731276809141 0.0 
0.35190886133055216 -0.022487981842642696 0.0 
0.11755134878305802 0.03851955151220658 0.0 
0.2520046652711863 0.03704900125581699 0.0 
0.03260772334921444 0.012096364097883634 0.0 
0.09037070512324592 -0.035875906777537755 0.0 
0.031017438703186365 0.017186119339848607 0.0 
0.028811899470655603 0.021105521622927784 0.0 
0.15212467645731365 -0.03999471586756289 0.0 
0.2520046675001773 -0.0370492907401675 0.0 
0.031018003491152624 -0.01718676166107473 0.0 
0.03910898011147681 -0.024953026325826976 0.0 
0.02881282533018853 -0.02110631615865659 0.0 
0.07566224849573996 -0.026093434266807262 0.0 
0.09941146925711014 0.02852705178490488 0.0 
0.23943611413590593 -0.01005795405104493 0.0 
0.046336782210337525 0.007318958380631439 0.0 
0.29417918156932105 0.0179719197387228 0.0 
0.12958892385579926 -0.030274253416880496 0.0 
0.03357107192578535 -0.006238506576152989 0.0 
0.29417917806614147 -0.017972243544280595 0.0 
0.04485413115402014 -0.014216241542208572 0.0 
0.05702267355014422 0.02326405960353478 0.0 
0.30478207690850156 0.008881077744316783 0.0 
0.057022961520624284 -0.023264702931839933 0.0 
0.16780982390806948 0.030955424845179012 0.0 
0.03389383872659137 -2.554636988759328e-7 0.0 
0.21602697668531667 0.03013539964300021 0.0 
0.27653818001971364 -0.027394530734560985 0.0 
0.04242739934849995 -0.020250271699214516 0.0 
0.044853868398558865 0.014215637531206549 0.0 
0.04242697139880945 0.020249614915039047 0.0 
0.19609283613402761 -0.039718653608291035 0.0 
0.23058716418994274 -0.020134213469508278 0.0 
0.046336907204681324 -0.007319524595109994 0.0 
0.23943610532561221 0.010057573300593332 0.0 
0.16780987129176314 -0.030955844653517486 0.0 
0.24240283185539233 -1.9114975663977833e-7 0.0 
0.07566206979466873 0.026092838545910622 0.0 
0.21602700531751076 -0.030135759118351115 0.0 
0.04683601650861727 -2.7664962541202737e-7 0.0 
0.12958884807092325 0.030273771848495515 0.0 
0.06270498946266796 0.008358416293211202 0.0 
0.06054269001980282 0.01627181598135049 0.0 
0.17938349793587674 0.02098061154736049 0.0 
0.23058715582280245 0.02013383188057957 0.0 
0.08059198415595054 -0.018160017423153135 0.0 
0.060542880854194486 -0.016272422038990247 0.0 
0.09941158634999678 -0.02852759471658075 0.0 
0.18647142420382215 -0.01057177647700254 0.0 
0.18647140717134725 0.01057134085669548 0.0 
0.10612904165020708 0.019722512221409735 0.0 
0.13851950226473086 0.02074972028527219 0.0 
0.1385195510723937 -0.020750214194959437 0.0 
0.1793835232221727 -0.02098105037915632 0.0 
0.06270508301111954 -0.00835899290491856 0.0 
0.06343470701344332 -2.835153501892975e-7 0.0 
0.08059185798734772 0.018159437711669477 0.0 
0.10612912259596272 -0.019723056277510375 0.0 
0.14401362383748798 0.010526391327984625 0.0 
0.11026931183950886 -0.010059029409640135 0.0 
0.18885739881938016 -2.181722822695477e-7 0.0 
0.14401365258990093 -0.010526878016177736 0.0 
0.08362860930888479 0.009299216362591919 0.0 
0.08465462878360738 -2.782550001431332e-7 0.0 
0.08362867577435355 -0.009299778923420406 0.0 
0.11166815297087306 -2.637880124881899e-7 0.0 
0.11026926689286264 0.010058498821124246 0.0 
0.1458677840383779 -2.4297039034829195e-7 0.0 
0.09615139696096688 0.009708297612741338 0.0 
0.08439572931487332 0.004676526075786126 0.0 
0.097353758040706 -2.71993161738409e-7 0.0 
0.11131562557570844 0.005053192704827116 0.0 
0.1640433814572187 -0.010611386632046967 0.0 
0.18825853699920872 -0.005295131109066255 0.0 
0.16615510602586842 -2.3095298374108425e-7 0.0 
0.1454013445508473 -0.005281699868168233 0.0 
0.1277725227201973 -2.5402002217231956e-7 0.0 
0.11131564836209258 -0.005053721067587655 0.0 
0.12615626992149329 -0.010337773275429242 0.0 
0.3003652410564208 0.013389389143220737 0.0 
0.3426629113729371 0.00803331749016742 0.0 
0.3792704949743332 0.010654116245258196 0.0 
0.33127653082572045 0.016360745993313285 0.0 
0.2139388468030625 -0.05468440010226121 0.0 
0.21469048088394252 -0.05585821874484844 0.0 
0.28300888788305173 -0.04774298003705379 0.0 
0.2743119057761503 -0.047203943162995345 0.0 
0.10853200412116437 0.014967177832318207 0.0 
0.09259329724507687 0.018994420399733914 0.0 
0.08235416286513254 0.013813595857441716 0.0 
0.030196340693740317 0.025619707869387567 0.0 
0.03255209792858666 0.02842536574494094 0.0 
0.026014536799626457 0.02606425519249264 0.0 
0.02433769520920106 0.02389690446082456 0.0 
0.12137054965152694 0.020319551083957502 0.0 
0.134463547004536 0.0256314745844825 0.0 
0.11360111093279021 0.02950980330540424 0.0 
0.10307636276027417 0.02426693548858485 0.0 
0.15777925786417982 -0.020983917353823524 0.0 
0.18350353725553648 -0.015810615303818408 0.0 
0.14170996027431954 -0.015698786225313306 0.0 
0.08439576293539806 -0.0046770841244357635 0.0 
0.09615145195497447 -0.009708846054433475 0.0 
0.19053049210096046 -0.03076315605341834 0.0 
0.2240023679252119 -0.02515934236810767 0.0 
0.20356647539154124 -0.020709983388481065 0.0 
0.1741353242775989 -0.02604880641297197 0.0 
0.06325042883362551 -0.00420722555315876 0.0 
0.05462137309737109 -2.817553765582237e-7 0.0 
0.04670984505942446 -0.0036861763687048945 0.0 
0.05401451415113115 -0.007847753671796975 0.0 
0.0399595499514417 -2.6790497017191035e-7 0.0 
0.0338121516141301 -0.003143058390337011 0.0 
0.03955471368990359 -0.006781735792713661 0.0 
0.7118756063589736 7.966835935263875e-5 0.0 
0.783581255735317 -0.0006241617460063036 0.0 
0.8517137791813206 -0.0013494113654004374 0.0 
0.7758399892238463 -0.0012015254292436378 0.0 
0.011838889308315247 -0.015909882269050185 0.0 
0.015288538293939715 -0.01889849270017277 0.0 
0.014195225573762068 -0.017389154555526285 0.0 
0.011129707970709285 -0.014904561240355716 0.0 
0.011833295905201697 0.015903777287299768 0.0 
0.012050669868435497 0.016208681087788144 0.0 
0.008806540538986567 0.012546777262458076 0.0 
0.008946056875936729 0.012784054785336597 0.0 
0.06995558889660569 0.017245916882854043 0.0 
0.06179783428222102 0.012399866440996166 0.0 
0.07252844978170657 0.008846085275095965 0.0 
0.010039236642106875 -0.013369926199713162 0.0 
0.007777721899729931 -0.011097715616803882 0.0 
0.008573292269051073 -0.01225122956513514 0.0 
0.3653621695895356 -0.02748035489104904 0.0 
0.43012509102650576 -0.019019296904384874 0.0 
0.3959883143541471 -0.019251088657816495 0.0 
0.3385537037695946 -0.02685299007798057 0.0 
0.023400801194699162 -0.007626165375801237 0.0 
0.019540617016432893 -0.004612577346432378 0.0 
0.015817354303389652 -0.006035722445113757 0.0 
0.019124088200083336 -0.008931542939037133 0.0 
0.4297545475016177 0.0058837489402307945 0.0 
0.4739588157353342 0.007095755294303436 0.0 
0.417260635346607 0.012168236291845871 0.0 
0.005887800132877329 -0.008745651659142662 0.0 
0.004296924263264984 -0.0064392246220898175 0.0 
0.004645193774254489 -0.006978015490102679 0.0 
0.006437386834031659 -0.009564693803657858 0.0 
0.07605704671265516 -0.04824128036208395 0.0 
0.05718583596763328 -0.04268928781667173 0.0 
0.05288144663362038 -0.040382894187150666 0.0 
0.07316859360249933 -0.047740634765254995 0.0 
0.5686965528078597 0.006003573623312224 0.0 
0.6401256003234298 0.0021733876131428613 0.0 
0.6986623797301014 0.00038079474838889106 0.0 
0.6205905239612107 0.003922393168455791 0.0 
0.2445878656035906 -0.02902768455858464 0.0 
0.28623298629440586 -0.02264136150802964 0.0 
0.2607029251377127 -0.019227677867702356 0.0 
0.10314158752577515 0.03731385726311893 0.0 
0.09516097821694651 0.03242846802906839 0.0 
0.12393091696674649 0.034604057774278586 0.0 
0.12615623369306989 0.01033726345731211 0.0 
0.1417099201109835 0.01569829575897707 0.0 
0.02713961862526661 0.02763499183020138 0.0 
0.021049687494871717 0.023950685135406848 0.0 
0.020520619113383504 0.02313165105296017 0.0 
0.0017590645018330617 0.0024155366572259254 0.0 
0.0029213273682157895 0.00426728191460034 0.0 
0.0031105838145099084 0.004577997700304051 0.0 
0.0018381954104844105 0.002562127236095637 0.0 
0.926313929918265 -0.0007038519869701981 0.0 
0.9234879654378815 -0.001447430996142574 0.0 
0.45582234715195463 0.01888185885129621 0.0 
0.5105198386421611 0.0098504933653709 0.0 
0.26020265629758227 0.04331947522401473 0.0 
0.280561229086564 0.04531384233511291 0.0 
0.2607029232618306 0.019227325165964183 0.0 
0.23573877681295716 0.015095720862226774 0.0 
0.2704468710762315 0.00955565781116973 0.0 
0.15819427231812175 -0.05829462539310681 0.0 
0.1482273414714953 -0.05733007072662703 0.0 
0.21115374074733861 -0.056425759342167946 0.0 
0.17413528852109186 0.026048376553027365 0.0 
0.20356645928365302 0.02070957302119452 0.0 
0.22400235067869026 0.025158971131911283 0.0 
0.19053045512883168 0.03076276665511908 0.0 
0.18350351477576007 0.015810177644576404 0.0 
0.21152279664660795 0.010392332138377657 0.0 
0.003538908872591481 -0.005305443447862333 0.0 
0.002270377610906979 -0.003312264741623849 0.0 
0.0029417959749718312 -0.004300207644692583 0.0 
0.8552573214638466 -0.0004463633223340248 0.0 
0.9272186261763371 -1.2795206859838458e-8 0.0 
0.15430082637429882 0.051632368378179486 0.0 
0.1845150319427464 0.05523743708313311 0.0 
0.2904172509918597 0.04665286947920008 0.0 
0.00804261477413228 0.009024919264550735 0.0 
0.017355664714581793 0.018227014517601264 0.0 
0.010186559077197413 0.010589469246533485 0.0 
0.010015250921945365 0.0015254648975750768 0.0 
0.007576158610072909 0.0025102173284802525 0.0 
0.005473790117828909 0.0010079829572958597 0.0 
0.007580583835874418 -8.99057201263806e-8 0.0 
0.20669840635665168 0.03501782271707172 0.0 
0.24458784357271265 0.029027354407094218 0.0 
0.26511213947492107 0.032214622774770864 0.0 
0.22236757049095468 0.038724425469158774 0.0 
0.1454013299522669 0.00528121370972465 0.0 
0.043754639127533246 -0.017370005726827835 0.0 
0.04927666541222245 -0.021771304770856762 0.0 
0.058945209070518804 -0.019915895224698582 0.0 
0.052214203894434576 -0.01525825970977587 0.0 
0.010692440183815039 0.013127855998004484 0.0 
0.006336269836190684 0.007634128230390087 0.0 
0.004975527097915241 0.006395772260297555 0.0 
0.005542527568547933 -0.006163459084253141 0.0 
0.007378820572409844 -0.00843533507367391 0.0 
0.009615467800746264 -0.009317732482476259 0.0 
0.007503323465584248 -0.006886896142746557 0.0 
0.01112378202309563 0.01489889497222159 0.0 
0.008563934421209066 0.012240397306722193 0.0 
0.00776934291643142 0.011088902918778867 0.0 
0.010034012384573262 0.01336558743783526 0.0 
0.8441989290650328 -0.0022800845203482063 0.0 
0.7619516376577631 -0.001653866844415517 0.0 
0.1630973658804855 0.057906514660061525 0.0 
0.1640806481915136 0.05651818725441635 0.0 
0.20988702232174777 0.05292025720429219 0.0 
0.2139388849009421 0.05468423249932823 0.0 
0.2018459140824046 -0.056246137487541495 0.0 
0.13161499387979256 -0.054183848745036615 0.0 
0.10580368478503559 -0.0470606071679226 0.0 
0.18451505170843965 -0.05523748252817473 0.0 
0.08682038497002918 0.027376865317391835 0.0 
0.07835207969410757 0.022276349857727733 0.0 
0.8124194635998291 -0.004188731385603524 0.0 
0.9102019898516299 -0.0032392026916510806 0.0 
0.8975295025785067 -0.004409749329445685 0.0 
0.3439737120125518 -0.036847809187768886 0.0 
0.3629296281097263 -0.03577203961260399 0.0 
0.45231907140227257 -0.022742260617768958 0.0 
0.4215507978352171 -0.02548053605941648 0.0 
0.08235426051333786 -0.013814165775129925 0.0 
0.09259339955056853 -0.018994983726853456 0.0 
0.10853206855836288 -0.014967714824242924 0.0 
0.1213706133157866 -0.02032007093841919 0.0 
0.31220069268028 0.025211635658253947 0.0 
0.3385537011709925 0.026852748828029842 0.0 
0.285402604699484 0.03463591893035133 0.0 
0.003821141788979129 -0.0041088743884210195 0.0 
0.0023825029160004707 -0.0030849301588624137 0.0 
0.0038902025077462966 -0.005039429181497045 0.0 
0.10307646270089073 -0.024267478829337344 0.0 
0.11360120549663608 -0.029510315802630225 0.0 
0.13446360944482177 -0.025631962608836087 0.0 
0.08682053082910099 -0.027377435433866455 0.0 
0.07835223384553516 -0.022276936629668176 0.0 
0.4301250927456159 0.019019107768610027 0.0 
0.365362180216271 0.02748014576626976 0.0 
0.39598830636044036 0.019250869095564133 0.0 
0.052213977573095365 0.015257651178546718 0.0 
0.058944967083410196 0.019915273134535748 0.0 
0.04927630648385736 0.021770651729047963 0.0 
0.04375429120228948 0.01736938093624561 0.0 
0.045279142554486326 0.026886326741991585 0.0 
0.040875130765698924 0.022798134150966196 0.0 
0.05478529215658975 0.026252510765802508 0.0 
0.002167606256623431 -0.0005035293944880617 0.0 
0.0009401433970582281 -8.85752938623396e-9 0.0 
0.0009549681024574709 -0.0005023772506044947 0.0 
0.028543150027840358 -2.3925664109446406e-7 0.0 
0.023781490917622064 -0.002596157987223057 0.0 
0.028291582106057638 -0.005694384284320469 0.0 
0.012892627251279844 -0.012354191501220246 0.0 
0.02203250212907881 -0.021209590681234944 0.0 
0.010186560351370057 -0.010589558274710916 0.0 
0.03556016890645965 -0.02818887325841488 0.0 
0.01633730591107046 -0.014355645693586458 0.0 
0.020785455785028186 -0.016650755232411177 0.0 
0.02533060567509555 0.026591447133109698 0.0 
0.022218757551551973 0.023410778823660505 0.0 
0.013644984598848638 0.015541993261568554 0.0 
0.017376486160709102 0.019949556062694968 0.0 
0.7798100326202924 0.007873974057971881 0.0 
0.84338527012265 0.0076110715707042925 0.0 
0.6545569023461759 0.002095676356872938 0.0 
0.10351395931212284 0.03859492532359086 0.0 
0.06511832923881838 0.032004701017773446 0.0 
0.18796977005177093 0.044144923722441644 0.0 
0.0012791504431559784 -0.0018087997947182294 0.0 
0.0018586308628232903 -0.00259415034306147 0.0 
0.0008079803133454428 -0.0010326843314539449 0.0 
0.00802783893675815 0.01135170534152068 0.0 
0.00496795762894298 0.007226616305506568 0.0 
0.0060748515732934995 0.008963578450409154 0.0 
0.6575050207136568 0.0005794633995705297 0.0 
0.5971451141705565 0.006330042990828134 0.0 
0.7072488042752373 -0.001334210284092756 0.0 
0.7827123132900381 -0.004944335026619557 0.0 
0.022259308783464493 -0.02131286248934267 0.0 
0.01786941373158087 -0.01956882159811743 0.0 
0.019413867284316003 -0.021610815819457802 0.0 
0.024339120900561867 -0.023898215137534564 0.0 
0.677106617730288 0.0011561493435055454 0.0 
0.831727215090596 -0.003239863554408192 0.0 
0.7401516016483362 -0.0018218776681915743 0.0 
0.3053285062382918 -0.03624369637835131 0.0 
0.3248396182319875 -0.03698437316750766 0.0 
0.39286159620514605 -0.027051672869707197 0.0 
0.7356371024145035 -0.004985537140475018 0.0 
0.5800088821486209 0.006259905291152993 0.0 
0.5276556097591751 0.013216699084536196 0.0 
0.4983324152943403 0.011677922662241524 0.0 
0.5425742341471547 0.009700914855226688 0.0 
0.466061063467268 0.01759698955322551 0.0 
0.9183699946938523 -0.002275012583523136 0.0 
0.5047139543433582 -0.014994149232870513 0.0 
0.4660610494392635 -0.017597148844059034 0.0 
0.045279607915858465 -0.02688705968086069 0.0 
0.037130107851596095 -0.026651339597936 0.0 
0.04030000024555064 -0.030065765365471106 0.0 
0.04943282173951974 -0.03085414690859262 0.0 
0.029991398539272338 -0.01931852846951958 0.0 
0.03364604163334105 -0.02302291930083367 0.0 
0.040875632413387535 -0.022798837915111406 0.0 
0.03637007449928386 -0.018718948802828313 0.0 
0.015914967946675608 -0.019793607832927867 0.0 
0.020521990600420686 -0.023133327801164772 0.0 
0.011643735399900906 0.015624773091788337 0.0 
0.010465982226722712 0.013950353136685932 0.0 
0.006466179896053482 0.009001640099478988 0.0 
0.027478316063749668 0.022498365448496926 0.0 
0.033645283880755876 0.02302213745316923 0.0 
0.037129459170390754 0.026650512791217797 0.0 
0.5047139700845906 0.014994020514783196 0.0 
0.5907346500726176 0.006676487011524506 0.0 
0.6446863002639626 0.002849415791936365 0.0 
0.5475810786462875 0.011188912882902224 0.0 
0.020835431504240855 0.023857468904497713 0.0 
0.015203915054756573 0.018967486773858254 0.0 
0.01593832039085542 0.019884517965660674 0.0 
0.11692266756874661 -0.04611736215429277 0.0 
0.09461687134976506 -0.0465770162021941 0.0 
0.09750671570842173 -0.04957680675172905 0.0 
0.12207882437861536 -0.04980142972150381 0.0 
0.45582240039153377 -0.01888187998931563 0.0 
0.5800088105796741 -0.0062599513383139235 0.0 
0.42595576186693307 -0.02629189907281301 0.0 
0.03604004844830271 -0.03133294685186243 0.0 
0.02796206964305592 -0.024518334135731918 0.0 
0.04588117228626652 -0.03578432989451043 0.0 
0.02999064488351064 0.019317826776533396 0.0 
0.036369576487428446 0.018718294012958086 0.0 
0.02701373641089593 0.028150035485011268 0.0 
0.03574307361618161 0.03315342315033215 0.0 
0.0348135168686708 0.03275679034837679 0.0 
0.11235241228744579 -0.05456831444328242 0.0 
0.07538449532426705 -0.04542336190851277 0.0 
0.05877130649829263 -0.03680944299754901 0.0 
0.09835381411159413 -0.05024135939173066 0.0 
0.5929757507797488 0.001036122763955293 0.0 
0.65476591691605 -6.557482029666428e-8 0.0 
0.7181635809131426 4.236440198271544e-6 0.0 
0.6511846006089794 0.0009676811412190196 0.0 
0.013527438890685063 0.016804666524312194 0.0 
0.01968532380202616 0.02261530661174897 0.0 
0.8774447681257991 -0.005817659507485851 0.0 
0.5105198943934005 -0.009850502723332296 0.0 
0.6050664121652146 0.012243837252603076 0.0 
0.0007980165907327306 -0.0009811227291679334 0.0 
0.18825852834271278 0.005294694921740353 0.0 
0.16404335906502862 0.010610924803533343 0.0 
0.028291405794395007 0.005693889997655399 0.0 
0.023781397996914196 0.0025957150330473654 0.0 
0.03381206964558756 0.0031425435987736112 0.0 
0.09865091142031586 -0.05173270323982008 0.0 
0.07673947083335808 -0.04731715914763873 0.0 
0.012053697554236752 -0.016212729960079744 0.0 
0.011645783199989532 -0.015627959954574798 0.0 
0.015939395840488375 -0.019886343632830965 0.0 
0.0725285291409883 -0.008846657519719178 0.0 
0.07339735642666996 -2.8222344883785726e-7 0.0 
0.027479427787673157 -0.02249929079132419 0.0 
0.030197352449882125 -0.025620713005571165 0.0 
0.15777922176131334 0.020983450557806854 0.0 
0.01990550107879659 0.018466836228644895 0.0 
0.01601018723701297 0.017172968810519763 0.0 
0.013952130440525061 0.014577268711442904 0.0 
0.017394163277274045 0.01550597691198724 0.0 
0.2372550305242017 0.0418233486804182 0.0 
0.19455226057391317 0.04763249666323087 0.0 
0.1842691368713074 0.04413660416668324 0.0 
0.23573878673855486 -0.015096102564200872 0.0 
0.30036524233823925 -0.013389713727723228 0.0 
0.2704468768149761 -0.009556010447642801 0.0 
0.005343811303527658 -0.007616596060738076 0.0 
0.003910576514785187 -0.005601666103336667 0.0 
0.002523897235825484 -0.0038355701384435587 0.0 
0.0038216620999254884 -0.005714809581916749 0.0 
0.2805612686325797 -0.04531386748391637 0.0 
0.2602026967241707 -0.043319487696108314 0.0 
0.0036897914699783392 -0.001496249519003672 0.0 
0.005473864503970035 -0.0010081126083423847 0.0 
0.00366964387208766 -4.1766376445190636e-8 0.0 
0.0022533637592419575 0.0032856275001549987 0.0 
0.003526917640088601 0.005288118850681884 0.0 
0.004280544195192514 0.006414695760098684 0.0 
0.03188931907356141 0.014762331503698146 0.0 
0.026286718782220844 0.015662899238343513 0.0 
0.022636335253986454 0.012167992509602548 0.0 
0.027538252253816998 0.011034686429835346 0.0 
0.026015664198950288 -0.02606555378332635 0.0 
0.03255277284417874 -0.02842633435937708 0.0 
0.1630973227354909 -0.057906678564705875 0.0 
0.1210932887648795 -0.05633422957753883 0.0 
0.009835888273723128 -0.007141176691652022 0.0 
0.007557159004644001 -0.004859434351439046 0.0 
0.0055265662712569155 -0.004720520610740225 0.0 
0.14757763450116243 0.030776126486763 0.0 
0.03834946033759174 0.01315938275809323 0.0 
0.003022333979679852 0.004298825565122578 0.0 
0.002326105138663327 0.0034007067536608025 0.0 
0.004971900837329465 0.007394846847727725 0.0 
0.0024725874951539127 0.003745663225586409 0.0 
0.0038173138441264668 0.005710274500625979 0.0 
0.002209500915046197 -0.001478929710743908 0.0 
0.0009975339901864056 -0.0009732437131834415 0.0 
0.034386939983358046 0.030748419451493276 0.0 
0.03552083136642995 0.03239738255831538 0.0 
0.027538796522424025 0.02840788622760889 0.0 
0.2920077967058117 0.04719694176208787 0.0 
0.4025581846403112 0.030495703442104345 0.0 
0.42595578858275435 0.026291851127615576 0.0 
0.4025581085957297 -0.030495780211908595 0.0 
0.2920077694281404 -0.047197012931629805 0.0 
0.2904172876381934 -0.04665291133083738 0.0 
0.022032496661615945 0.021209437094308163 0.0 
0.02832055354466613 0.02720394187711599 0.0 
0.041446812789400184 0.03551675695605748 0.0 
0.03604003803451911 0.031332748281274955 0.0 
0.6545569247927605 -0.002095700986716207 0.0 
0.006667339360848699 -0.009499300027538456 0.0 
0.008672128550041215 -0.01146837752417451 0.0 
0.007127309567866324 -0.009353262563150408 0.0 
0.382143849856947 0.03375931295669262 0.0 
0.48673847430841544 0.018676349539244522 0.0 
0.008340720188935002 0.010957624376580048 0.0 
0.024533281141086327 0.019211519474124385 0.0 
0.021479376672617522 0.015892421553619186 0.0 
0.058594682172464996 -0.04051665451470594 0.0 
0.06755494518718858 -0.045375186539401605 0.0 
0.07745434135966606 -0.0418657671658772 0.0 
0.011070903701780276 0.0131965975919854 0.0 
0.009249217104839946 0.010819151749113527 0.0 
0.011790767156656804 0.011917581845611758 0.0 
0.0017579816317376264 0.00257350857284557 0.0 
0.0037578644105174534 0.005593527554020952 0.0 
0.00448198692214964 0.006730897632383387 0.0 
0.006522030361160701 0.009678393946151356 0.0 
0.014823122111556293 0.012557162567677993 0.0 
0.018416653547889895 0.012661224208220433 0.0 
0.01275113064283839 0.01543388848613499 0.0 
0.00866770448756993 0.011465212873265383 0.0 
0.019123671387516344 0.008931095165614827 0.0 
0.015817044682025334 0.006035352728537066 0.0 
0.01954042171037629 0.004612169534918034 0.0 
0.023400509236835582 0.00762569554135286 0.0 
0.0976001648884388 -0.05280902620098172 0.0 
0.12695154440013343 -0.05509184417051474 0.0 
0.12557169572307328 -0.052843394641165095 0.0 
0.7798099980092271 -0.007873984848370767 0.0 
0.6050663495345238 -0.012243842524587047 0.0 
0.4739588082412838 -0.007095966477647483 0.0 
0.42975454598457674 -0.005883988612579995 0.0 
0.37927049063824786 -0.010654383757398047 0.0 
0.4172606213815326 -0.012168474278387478 0.0 
0.0012357486049608824 -0.0018231042357145552 0.0 
0.001109972990994935 -0.0015105756030558948 0.0 
0.005502053004847648 -0.00716714374059772 0.0 
0.009251348358105661 -0.010820131019461528 0.0 
0.00247392720028929 -0.003595106603837766 0.0 
0.5929757491220223 -0.001036280748818227 0.0 
0.6511845973472773 -0.000967811156179625 0.0 
0.7181635793401951 -4.34049648662144e-6 0.0 
0.0017643779379460474 -0.002583992970248594 0.0 
0.002769807380703662 -0.00408841883738856 0.0 
0.21115376622688628 0.05642566345899893 0.0 
0.28916573551729996 0.04773421242865602 0.0 
0.20184589289582586 0.05624607106432058 0.0 
0.1879698170783015 -0.044144932400044176 0.0 
0.10351397185478378 -0.038594942093257346 0.0 
0.8433853029618354 -0.007611083792352947 0.0 
0.04546950338250839 -0.03226876018532514 0.0 
0.08669774860708822 -0.05026015206223314 0.0 
0.12567485521785499 -0.05635390180879795 0.0 
0.09383445670410792 -0.052475360906637056 0.0 
0.4568102142217969 0.012517843852712861 0.0 
0.5201033043509422 0.007111105906180808 0.0 
0.0037453079718993243 -0.0028972492264615385 0.0 
0.002286150407814769 -0.002359893211231102 0.0 
0.012825069459629784 -1.4459607637591724e-7 0.0 
0.01600525371525198 0.002055192117381247 0.0 
0.012768301578790641 0.0035493175970735245 0.0 
0.019907122867896514 -0.01846783705613883 0.0 
0.024534374086525403 -0.019212314702470194 0.0 
0.015912594102973545 0.01979079485289265 0.0 
0.0075763325951853635 -0.0025104026179506704 0.0 
0.010015344636052128 -0.0015257009733970481 0.0 
0.01179207714639794 -0.011918171352345753 0.0 
0.014824144014871789 -0.012557703181860782 0.0 
0.012279186625876688 -0.009735769093187288 0.0 
0.0064245854227039595 0.009547193176592998 0.0 
0.04612433111919389 0.038133593186522284 0.0 
0.04613952830161923 0.03736266535417625 0.0 
0.05849556394415109 0.040529297494509245 0.0 
0.05960822276194848 0.042408226891614845 0.0 
0.012754746230971096 -0.015436338635868784 0.0 
0.011073770577600797 -0.013198209604287383 0.0 
0.1428969675134797 -0.0439157397271906 0.0 
0.1337973003103579 -0.03944020816981177 0.0 
0.1104964703688141 -0.04191526462464452 0.0 
0.0038897284658291477 0.0052904898557012804 0.0 
0.009614492703483241 0.009317355229930751 0.0 
0.00737768821160936 0.008434965568885481 0.0 
0.005541775421364868 0.00616326716390038 0.0 
0.007502700169963762 0.006886672531572308 0.0 
0.45231909785729546 0.022742146367442366 0.0 
0.017395447436639587 -0.015506715222837355 0.0 
0.013954164537600362 -0.014578298434156067 0.0 
0.016012578434672384 -0.017174417115711285 0.0 
0.026665650422810633 -0.01933336170940844 0.0 
0.0055003790224948425 0.00716640616731386 0.0 
0.003908772194687567 0.005600629837361369 0.0 
0.002473020560148099 0.003594706395704141 0.0 
0.003889452561624401 0.005039289579971888 0.0 
0.20324133366451877 -0.0505679685071117 0.0 
0.20988699909802422 -0.05292046389755897 0.0 
0.2635354799502732 -0.04606550788143996 0.0 
0.2510788761979244 -0.04427249795656658 0.0 
0.012278477966666698 0.009735382622409038 0.0 
0.1543008458953769 -0.05163239776080898 0.0 
0.06511833673393805 -0.032004722096818344 0.0 
0.3631255706361293 -0.018348235213771415 0.0 
0.4568102066791078 -0.012518046427365814 0.0 
0.0049812375082191294 -0.0074061662510588955 0.0 
0.007124659189348223 0.009351773918502186 0.0 
0.034726215984160744 -0.022568141320464478 0.0 
0.16408062171252033 -0.05651839518031311 0.0 
0.16196398182016947 -0.05432442104012515 0.0 
0.31220070569991687 -0.025211909129421707 0.0 
0.26511215022941087 -0.032214919154219396 0.0 
0.28540260143077023 -0.03463618076978257 0.0 
0.01543130741790366 -0.009623763684643571 0.0 
0.012592798371669862 -0.006870855137036067 0.0 
0.015285432839635266 0.018895452471323522 0.0 
0.019411578083502735 0.021608799802032133 0.0 
0.03834975987811671 -0.01315997409379423 0.0 
0.031889771129947495 -0.014762929249007038 0.0 
0.06012431006782515 -0.030696473716710967 0.0 
0.053159360687734615 -0.0345593463579628 0.0 
0.06510902814550122 -0.03497025435861484 0.0 
0.160448081196034 -0.03563854766338077 0.0 
0.17278514792318134 -0.04011861328935761 0.0 
0.20669843078211858 -0.03501817751345596 0.0 
0.046510443707435734 -0.026610952364534188 0.0 
0.002480359488101183 -0.0037564323433144273 0.0 
0.4215508144328713 0.025480393106879357 0.0 
0.3928616104317904 0.027051497617302044 0.0 
0.0011379741475133394 -0.0016975082184845552 0.0 
0.001209313372161421 -0.0018928970714357006 0.0 
0.012768499352322544 -0.0035496172884282432 0.0 
0.009959844094184446 -0.004479444717865989 0.0 
0.0010620160900256452 -0.0013815963394418803 0.0 
0.046709782317408376 0.0036856198666655638 0.0 
0.039554568522028224 0.006781185480672525 0.0 
0.01735567526144176 -0.018227214012568282 0.0 
0.028320573236286853 -0.02720419549592387 0.0 
0.0324489109562163 -0.030899862173953886 0.0 
0.02221879002887163 -0.023411110768128348 0.0 
0.015430739708725997 0.00962334457851094 0.0 
0.009835350831343757 0.0071408955770138755 0.0 
0.01259237570597715 0.00687052575787422 0.0 
0.04571518034340465 0.01084729002378441 0.0 
0.03316776518613324 0.009238813060988378 0.0 
0.17278511950662725 0.040118234696703996 0.0 
0.15089027824343212 0.04794163440037656 0.0 
0.142896927642134 0.04391534076562673 0.0 
0.017866955952747007 0.019567021920271082 0.0 
0.022257652271297685 0.02131164738405263 0.0 
0.1573934663531615 -0.05143680030910809 0.0 
0.15089030221756508 -0.04794198534436895 0.0 
0.28300893512825154 0.047742847982224466 0.0 
0.3629296653220985 0.03577191409973972 0.0 
0.0012658476235745174 0.001788518364328573 0.0 
0.0008006572281476475 0.0010224536246310537 0.0 
0.23725503110949173 -0.04182362631877484 0.0 
0.7356370670072775 0.004985506296976156 0.0 
0.6575049902155381 -0.0005795148244659218 0.0 
0.5276555575168664 -0.013216764667561033 0.0 
0.2743119377590388 0.047203778818981204 0.0 
0.21469053648373346 0.055858087056869225 0.0 
0.28916566821816403 -0.04773431604673514 0.0 
0.042990869854644946 -0.033110033751718636 0.0 
0.0343874206001543 -0.03074931908896355 0.0 
0.8774447556360438 0.005817643094095237 0.0 
0.0027485407922303753 0.004054454272404047 0.0 
0.18426915304538666 -0.044136939533370105 0.0 
0.027538622361407087 -0.011035223651667137 0.0 
0.03316801494985366 -0.00923935650161012 0.0 
0.019678343367308542 -1.9678034553127013e-7 0.0 
0.004627310689856855 0.00695050397517741 0.0 
0.0017774456569055424 -0.002444452268972063 0.0 
0.005526139945749556 0.004720376345213819 0.0 
0.0075567866882721 0.004859233850079327 0.0 
0.02753917598913954 -0.02840878443144387 0.0 
0.020835793016578227 -0.023858454081388245 0.0 
0.019685483675541238 -0.022616005261049493 0.0 
0.02701388448892536 -0.02815069281867123 0.0 
0.026287338447831224 -0.015663515581742955 0.0 
0.021480333712462114 -0.01589307322787546 0.0 
0.022636869192032245 -0.012168519972217967 0.0 
0.018417352419650986 -0.012661750126035733 0.0 
0.05315908523321295 0.03455865155997324 0.0 
0.05625801793123499 0.03784298844283003 0.0 
0.045009936498301255 0.0356094121843808 0.0 
0.042990519501442365 0.03310925815838426 0.0 
0.049432455595868056 0.030853416861695748 0.0 
0.04029945608668792 0.030064934933855945 0.0 
0.3248396318576598 0.0369841847663126 0.0 
0.3053285153049782 0.03624347177257503 0.0 
0.0210505816904628 -0.023952110352702175 0.0 
0.02714020127103798 -0.02763605365954874 0.0 
0.005495354778482276 -0.002960150698956605 0.0 
0.00587592055436507 0.008730290719515756 0.0 
0.1945522657954854 -0.047632787719388496 0.0 
0.01520456415544156 -0.018968859022347625 0.0 
0.07745433826365596 0.04186571489049506 0.0 
0.09835381031355706 0.050241276732845806 0.0 
0.14822732988250126 0.05732997926469366 0.0 
0.13161498434406577 0.054183784683127754 0.0 
0.38214379651968383 -0.033759411917890336 0.0 
0.6986623712255203 -0.0003808931817736188 0.0 
0.6401255843318674 -0.00217351502225323 0.0 
0.5686965435788872 -0.006003723333760871 0.0 
0.6205905274079293 -0.003922512413114618 0.0 
0.22236757965632115 -0.038724743568227867 0.0 
0.05859468071263567 0.04051652675344605 0.0 
0.086697743087927 0.05026000436330012 0.0 
0.0753844940485451 0.04542325861047297 0.0 
0.045469504442743426 0.0322686810398631 0.0 
0.5850806679639919 -0.003266626841823945 0.0 
0.7118755988667385 -7.977063455757241e-5 0.0 
0.7072487917982173 0.0013341511757760344 0.0 
0.5971450905763419 -0.006330117617010908 0.0 
0.7827122983074127 0.004944298670422733 0.0 
0.05478562387742331 -0.026253180899050224 0.0 
0.07253947099004897 -0.029538027729769448 0.0 
0.06577450836335226 -0.024714451816611815 0.0 
0.04571537536408622 -0.010847871356144536 0.0 
0.0012528156797879696 -0.0019421881649337141 0.0 
0.06179797801228291 -0.012400455378281017 0.0 
0.06995574660117129 -0.017246512289420316 0.0 
0.06325038167960427 0.004206656122339301 0.0 
0.48673843651010273 -0.018676437842771936 0.0 
0.04467470769575769 0.037635096078850405 0.0 
0.03244886458694099 0.03089949352177978 0.0 
0.10314168942800472 -0.037314369835441494 0.0 
0.08507325278432896 -0.03877190828970024 0.0 
0.09036041101842088 -0.04292332968669234 0.0 
0.1475776946850919 -0.030776577094280087 0.0 
0.12393099454125858 -0.03460453936931906 0.0 
0.3631255737256755 0.018347978058902363 0.0 
0.07563969595883803 -0.045298512292170835 0.0 
0.059608301022346856 -0.04240869966716539 0.0 
0.059288189843654 -0.04323261488173048 0.0 
0.03552109750463811 -0.032398146284905255 0.0 
0.009959549704800341 0.0044791939503397386 0.0 
0.0036896698235752107 0.001496164745613134 0.0 
0.002167564150844073 0.0005034834964710802 0.0 
0.24166042840578822 0.005026443368605528 0.0 
0.27370499754938155 -1.772042368512986e-7 0.0 
0.30743542681209685 0.004426386083740687 0.0 
0.014191458327005274 0.017386110114562255 0.0 
0.15819429437564914 0.058294501873332225 0.0 
0.07312936229499786 -0.042435540955003966 0.0 
0.012892627378132097 0.01235412228739731 0.0 
0.016005352487188138 -0.0020555383096349826 0.0 
0.2510788829187314 0.04427226058548169 0.0 
0.06952524963661275 -0.03893526977438994 0.0 
0.07904691888630147 -0.03426644281996978 0.0 
0.025330689024224983 -0.026591939389920882 0.0 
0.03481359685337272 -0.032757280385651934 0.0 
0.03574322242736424 -0.03315404867932715 0.0 
0.09516110457422684 -0.032429014728089255 0.0 
0.020785457120037727 0.01665071038846187 0.0 
0.02666565131270841 0.01933332478958564 0.0 
0.04613966226168679 -0.03736325494648505 0.0 
0.04501018523801647 -0.03561011031336093 0.0 
0.34397373672128684 0.03684765360586124 0.0 
0.041446840313508954 -0.03551704411587169 0.0 
0.00804261713162836 -0.00902503699893859 0.0 
0.054014405251693716 0.007847178820670044 0.0 
0.04612441139954718 -0.03813407724766338 0.0 
0.044674754625079464 -0.03763547758785527 0.0 
0.07904675605540666 0.03426585609444614 0.0 
0.08507312413184963 0.038771360653611864 0.0 
0.06952509330153503 0.038934682022061434 0.0 
0.0651088255146341 0.03496961994921304 0.0 
0.006661568724350022 0.009493958235619408 0.0 
0.005339706246292072 0.00761321979515093 0.0 
0.06577427558505752 0.024713830403875297 0.0 
0.0037450472683302504 0.0028971617709710623 0.0 
0.00382070508180346 0.004108791643482145 0.0 
0.0022859083463831753 0.002359851991745109 0.0 
0.0562582004127338 -0.03784362207920348 0.0 
0.058495688852217086 -0.04052985572031378 0.0 
0.00252156369955033 0.0038333972096575414 0.0 
0.0725392780872637 0.02953741613117397 0.0 
0.060124025968638445 0.030695810640435157 0.0 
0.38725948829400675 0.003490689178075514 0.0 
0.43387196842576004 -1.2074665089709396e-7 0.0 
0.48233568948653194 0.0022975805046115167 0.0 
0.004971794789987397 -0.007233037712486893 0.0 
0.008030010349925194 -0.011355503502489955 0.0 
0.008812290968241552 -0.01255490438664555 0.0 
0.0060813078873188636 -0.008973788780372265 0.0 
0.28623298148046145 0.022641048053399598 0.0 
0.8552573204458932 0.00044631193401285297 0.0 
0.9263139288386205 0.0007038266160977164 0.0 
0.005495121266029465 0.0029600149010984 0.0 
0.3074354284587689 -0.004426711840075621 0.0 
0.24166043288526962 -0.005026825298567756 0.0 
0.7835812531126218 0.000624084697017531 0.0 
0.7860702608537073 -3.886871032205819e-8 0.0 
0.2141962320680128 -2.0485854897859463e-7 0.0 
0.034726215595283716 0.02256811069377465 0.0 
0.05877130641935706 0.036809378419234026 0.0 
0.0022093683932132065 0.0014788838278691427 0.0 
0.5326574579541693 0.0033639180575848666 0.0 
0.5850806764620754 0.0032664708315998108 0.0 
0.2635354989936991 0.04606530813355457 0.0 
0.2032413428356147 0.05056772032439305 0.0 
0.3464454051133464 -1.4896537589685958e-7 0.0 
0.06755493691054498 0.045375003221368275 0.0 
0.07316859038299849 0.04774039401330579 0.0 
0.09760017762159898 0.05280877688057327 0.0 
0.09383446536463358 0.052475167223717936 0.0 
0.48233568826474527 -0.0022977936029330813 0.0 
0.38725948812049377 -0.003490958358854312 0.0 
0.12567488457932033 0.05635369943844429 0.0 
0.12695155581996528 0.055091588952042726 0.0 
0.16196399232207614 0.0543241665467068 0.0 
0.017376547515870446 -0.01995001635778682 0.0 
0.01364500665270616 -0.015542266018720866 0.0 
0.07312925267390089 0.04243501367472467 0.0 
0.5367583519199787 -9.289203096620287e-8 0.0 
0.04588116788542888 0.03578417151009231 0.0 
0.03556016946737207 0.028188775911330847 0.0 
0.1604480354311406 0.03563813105442385 0.0 
0.11692261541908483 0.04611694325927195 0.0 
0.12207879563765313 0.04980106451735788 0.0 
0.09750668214596127 0.049576430606295935 0.0 
0.09461680951354488 0.04657657740093728 0.0 
0.05288143127377067 0.040382666053298585 0.0 
0.027962068035655607 0.024518213000311158 0.0 
0.11049639557128671 0.04191479488179004 0.0 
0.13379724331549253 0.03943976421281238 0.0 
0.07563962541007863 0.045298055265197965 0.0 
0.09036031752459996 0.042922832403532965 0.0 
0.5907346359874968 -0.006676598755393114 0.0 
0.6771066139393552 -0.0011562414793778587 0.0 
0.542574230618007 -0.009701054483641922 0.0 
0.21152280918375355 -0.010392740649689581 0.0 
0.7401515906485396 0.0018218116731776376 0.0 
0.6446862862916817 -0.002849500104776926 0.0 
0.8124194547288 0.004188689863167735 0.0 
0.006533999190662569 -0.009695732193227193 0.0 
0.0044956972923190725 -0.006752599568945624 0.0 
0.003767795654546321 -0.005609589256686977 0.0 
0.3426629126160921 -0.008033613486899785 0.0 
0.008953602059031979 -0.012793709256717314 0.0 
0.013527539178140403 -0.016805327932665547 0.0 
0.010466545456200602 -0.013951780389182778 0.0 
0.00834086677253378 -0.010958310015790907 0.0 
0.01633730697506678 0.014355590510182223 0.0 
0.07605703798125046 0.0482409723791266 0.0 
0.07673943386141774 0.04731677644123978 0.0 
0.09865090252964036 0.05173239104083925 0.0 
0.8517137746073187 0.001349361154802676 0.0 
0.7758399773092379 0.0012014507799500333 0.0 
0.5326574550177804 -0.0033641023111407333 0.0 
0.15739346027397247 0.05143649769639457 0.0 
0.12557168807695446 0.05284308464553871 0.0 
0.5201032876887755 -0.007111287905760444 0.0 
0.49833242056371685 -0.011678090972155915 0.0 
0.002382096144441206 0.0030848859010106943 0.0 
0.006336276773747755 -0.007634295277291459 0.0 
0.004975528824577905 -0.006396008008186301 0.0 
0.010692470348745401 -0.0131282379622003 0.0 
0.33127652293507875 -0.01636104101253503 0.0 
0.05718581556509816 0.04268898695953313 0.0 
0.0009974379218705331 0.000973228311683212 0.0 
0.0009549235617421751 0.0005023599590201363 0.0 
0.0010618540362191833 0.0013815894968736136 0.0 
0.7619516393472935 0.0016537953423508003 0.0 
0.8317272122504473 0.003239817693706616 0.0 
0.9102019852532809 0.0032391810014124243 0.0 
0.8975294973625416 0.0044097299198900645 0.0 
0.006467251991982749 -0.009003786802112307 0.0 
0.11235240567807883 0.05456819653197236 0.0 
0.0007910485232136089 0.0009714214396404035 0.0 
0.001099455121442687 0.0014950720498864063 0.0 
0.9183699948936135 0.002274988603765821 0.0 
0.0030231112432385055 -0.004300457836732444 0.0 
0.0038898141134088566 -0.00529096151723131 0.0 
0.5475810624596417 -0.011189012968816015 0.0 
0.844198923594438 0.002280035940817736 0.0 
0.05928814981848003 0.043232230882278185 0.0 
0.0012086714090708101 0.001892513692294924 0.0 
0.0011377084344396326 0.0016974954718098133 0.0 
0.12109330547233618 0.05633407406668663 0.0 
0.046510441069195836 0.026610926866340714 0.0 
0.0023286761288579295 -0.003405244040362717 0.0 
0.9234879607967097 0.001447406788627612 0.0 
0.0012512385284727647 0.001940441014976729 0.0 
0.10580367608849489 0.047060565952258895 0.0 
0.003133683797711805 -0.004615361454391461 0.0 
0.0012299650008435233 0.0018146707477536535 0.0 
