$MeshFormat
2.2 0 8
$EndMeshFormat
$Nodes
7701
1 0 0 0
2 1 0 0
3 1 1 0
4 0 1 0
5 0.01999999999996237 0 0
6 0.03999999999992186 0 0
7 0.05999999999987837 0 0
8 0.07999999999984518 0 0
9 0.09999999999981463 0 0
10 0.1199999999997832 0 0
11 0.1399999999997328 0 0
12 0.1599999999996745 0 0
13 0.1799999999996162 0 0
14 0.1999999999995579 0 0
15 0.2199999999994996 0 0
16 0.2399999999994413 0 0
17 0.259999999999383 0 0
18 0.2799999999993247 0 0
19 0.2999999999992664 0 0
20 0.3199999999992081 0 0
21 0.3399999999991498 0 0
22 0.3599999999990915 0 0
23 0.3799999999990332 0 0
24 0.3999999999989749 0 0
25 0.4199999999989167 0 0
26 0.4399999999988584 0 0
27 0.4599999999988 0 0
28 0.4799999999987418 0 0
29 0.4999999999986943 0 0
30 0.5199999999987361 0 0
31 0.5399999999987888 0 0
32 0.5599999999988415 0 0
33 0.5799999999988942 0 0
34 0.5999999999989468 0 0
35 0.6199999999989995 0 0
36 0.6399999999990521 0 0
37 0.6599999999991049 0 0
38 0.6799999999991574 0 0
39 0.6999999999992101 0 0
40 0.7199999999992628 0 0
41 0.7399999999993154 0 0
42 0.7599999999993681 0 0
43 0.7799999999994207 0 0
44 0.7999999999994734 0 0
45 0.8199999999995261 0 0
46 0.8399999999995788 0 0
47 0.8599999999996314 0 0
48 0.8799999999996841 0 0
49 0.8999999999997367 0 0
50 0.9199999999997894 0 0
51 0.939999999999842 0 0
52 0.9599999999998947 0 0
53 0.9799999999999475 0 0
54 0.009999999999981107 0 0
55 0.02999999999994366 0 0
56 0.04999999999990012 0 0
57 0.06999999999986103 0 0
58 0.08999999999982991 0 0
59 0.1099999999997989 0 0
60 0.1299999999997614 0 0
61 0.1499999999997036 0 0
62 0.1699999999996453 0 0
63 0.189999999999587 0 0
64 0.2099999999995287 0 0
65 0.2299999999994705 0 0
66 0.2499999999994122 0 0
67 0.2699999999993539 0 0
68 0.2899999999992956 0 0
69 0.3099999999992373 0 0
70 0.329999999999179 0 0
71 0.3499999999991207 0 0
72 0.3699999999990624 0 0
73 0.389999999999004 0 0
74 0.4099999999989458 0 0
75 0.4299999999988875 0 0
76 0.4499999999988292 0 0
77 0.4699999999987709 0 0
78 0.489999999998718 0 0
79 0.5099999999987153 0 0
80 0.5299999999987625 0 0
81 0.5499999999988152 0 0
82 0.5699999999988679 0 0
83 0.5899999999989205 0 0
84 0.6099999999989731 0 0
85 0.6299999999990258 0 0
86 0.6499999999990784 0 0
87 0.6699999999991311 0 0
88 0.6899999999991837 0 0
89 0.7099999999992365 0 0
90 0.7299999999992891 0 0
91 0.7499999999993417 0 0
92 0.7699999999993944 0 0
93 0.789999999999447 0 0
94 0.8099999999994998 0 0
95 0.8299999999995524 0 0
96 0.8499999999996051 0 0
97 0.8699999999996577 0 0
98 0.8899999999997104 0 0
99 0.909999999999763 0 0
100 0.9299999999998156 0 0
101 0.9499999999998683 0 0
102 0.9699999999999211 0 0
103 0.9899999999999737 0 0
104 1 0.01999999999996237 0
105 1 0.03999999999992186 0
106 1 0.05999999999987837 0
107 1 0.07999999999984518 0
108 1 0.09999999999981463 0
109 1 0.1199999999997832 0
110 1 0.1399999999997328 0
111 1 0.1599999999996745 0
112 1 0.1799999999996162 0
113 1 0.1999999999995579 0
114 1 0.2199999999994996 0
115 1 0.2399999999994413 0
116 1 0.259999999999383 0
117 1 0.2799999999993247 0
118 1 0.2999999999992664 0
119 1 0.3199999999992081 0
120 1 0.3399999999991498 0
121 1 0.3599999999990915 0
122 1 0.3799999999990332 0
123 1 0.3999999999989749 0
124 1 0.4199999999989167 0
125 1 0.4399999999988584 0
126 1 0.4599999999988 0
127 1 0.4799999999987418 0
128 1 0.4999999999986943 0
129 1 0.5199999999987361 0
130 1 0.5399999999987888 0
131 1 0.5599999999988415 0
132 1 0.5799999999988942 0
133 1 0.5999999999989468 0
134 1 0.6199999999989995 0
135 1 0.6399999999990521 0
136 1 0.6599999999991049 0
137 1 0.6799999999991574 0
138 1 0.6999999999992101 0
139 1 0.7199999999992628 0
140 1 0.7399999999993154 0
141 1 0.7599999999993681 0
142 1 0.7799999999994207 0
143 1 0.7999999999994734 0
144 1 0.8199999999995261 0
145 1 0.8399999999995788 0
146 1 0.8599999999996314 0
147 1 0.8799999999996841 0
148 1 0.8999999999997367 0
149 1 0.9199999999997894 0
150 1 0.939999999999842 0
151 1 0.9599999999998947 0
152 1 0.9799999999999475 0
153 1 0.009999999999981107 0
154 1 0.02999999999994366 0
155 1 0.04999999999990012 0
156 1 0.06999999999986103 0
157 1 0.08999999999982991 0
158 1 0.1099999999997989 0
159 1 0.1299999999997614 0
160 1 0.1499999999997036 0
161 1 0.1699999999996453 0
162 1 0.189999999999587 0
163 1 0.2099999999995287 0
164 1 0.2299999999994705 0
165 1 0.2499999999994122 0
166 1 0.2699999999993539 0
167 1 0.2899999999992956 0
168 1 0.3099999999992373 0
169 1 0.329999999999179 0
170 1 0.3499999999991207 0
171 1 0.3699999999990624 0
172 1 0.389999999999004 0
173 1 0.4099999999989458 0
174 1 0.4299999999988875 0
175 1 0.4499999999988292 0
176 1 0.4699999999987709 0
177 1 0.489999999998718 0
178 1 0.5099999999987153 0
179 1 0.5299999999987625 0
180 1 0.5499999999988152 0
181 1 0.5699999999988679 0
182 1 0.5899999999989205 0
183 1 0.6099999999989731 0
184 1 0.6299999999990258 0
185 1 0.6499999999990784 0
186 1 0.6699999999991311 0
187 1 0.6899999999991837 0
188 1 0.7099999999992365 0
189 1 0.7299999999992891 0
190 1 0.7499999999993417 0
191 1 0.7699999999993944 0
192 1 0.789999999999447 0
193 1 0.8099999999994998 0
194 1 0.8299999999995524 0
195 1 0.8499999999996051 0
196 1 0.8699999999996577 0
197 1 0.8899999999997104 0
198 1 0.909999999999763 0
199 1 0.9299999999998156 0
200 1 0.9499999999998683 0
201 1 0.9699999999999211 0
202 1 0.9899999999999737 0
203 0.9799999999999167 1 0
204 0.9599999999998334 1 0
205 0.9399999999997501 1 0
206 0.9199999999996669 1 0
207 0.8999999999995835 1 0
208 0.879999999999508 1 0
209 0.8599999999995834 1 0
210 0.8399999999997222 1 0
211 0.819999999999861 1 0
212 0.7999999999999997 1 0
213 0.7800000000001385 1 0
214 0.7600000000002772 1 0
215 0.7400000000004161 1 0
216 0.7200000000005549 1 0
217 0.7000000000006936 1 0
218 0.6800000000008324 1 0
219 0.660000000000971 1 0
220 0.6400000000011098 1 0
221 0.6200000000012484 1 0
222 0.6000000000013872 1 0
223 0.5800000000015259 1 0
224 0.5600000000016645 1 0
225 0.5400000000018033 1 0
226 0.5200000000019419 1 0
227 0.500000000002059 1 0
228 0.4800000000019974 1 0
229 0.4600000000019141 1 0
230 0.4400000000018309 1 0
231 0.4200000000017478 1 0
232 0.4000000000016645 1 0
233 0.3800000000015813 1 0
234 0.360000000001498 1 0
235 0.3400000000014148 1 0
236 0.3200000000013316 1 0
237 0.3000000000012484 1 0
238 0.2800000000011651 1 0
239 0.2600000000010819 1 0
240 0.2400000000009987 1 0
241 0.2200000000009155 1 0
242 0.2000000000008322 1 0
243 0.180000000000749 1 0
244 0.1600000000006658 1 0
245 0.1400000000005825 1 0
246 0.1200000000004994 1 0
247 0.1000000000004161 1 0
248 0.08000000000033292 1 0
249 0.06000000000024963 1 0
250 0.04000000000016646 1 0
251 0.02000000000008328 1 0
252 0.9899999999999584 1 0
253 0.9699999999998751 1 0
254 0.9499999999997887 1 0
255 0.9299999999997199 1 0
256 0.9099999999996258 1 0
257 0.8899999999995457 1 0
258 0.869999999999542 1 0
259 0.8499999999996528 1 0
260 0.8299999999998049 1 0
261 0.8099999999999329 1 0
262 0.790000000000067 1 0
263 0.7700000000002014 1 0
264 0.7500000000003324 1 0
265 0.7300000000004855 1 0
266 0.7100000000006242 1 0
267 0.690000000000763 1 0
268 0.6700000000008863 1 0
269 0.6500000000010336 1 0
270 0.6300000000011761 1 0
271 0.6100000000013128 1 0
272 0.5900000000014576 1 0
273 0.5700000000015952 1 0
274 0.5500000000017438 1 0
275 0.5300000000018668 1 0
276 0.5100000000019922 1 0
277 0.4900000000020281 1 0
278 0.4700000000019557 1 0
279 0.4500000000018725 1 0
280 0.4300000000017894 1 0
281 0.4100000000017061 1 0
282 0.3900000000016228 1 0
283 0.3700000000015397 1 0
284 0.3500000000014565 1 0
285 0.3300000000013732 1 0
286 0.3100000000012899 1 0
287 0.2900000000012067 1 0
288 0.2700000000011236 1 0
289 0.2500000000010403 1 0
290 0.2300000000009571 1 0
291 0.2100000000008738 1 0
292 0.1900000000007906 1 0
293 0.1700000000007074 1 0
294 0.1500000000006242 1 0
295 0.130000000000541 1 0
296 0.1100000000004577 1 0
297 0.09000000000037445 1 0
298 0.07000000000029127 1 0
299 0.0500000000002081 1 0
300 0.03000000000012482 1 0
301 0.01000000000004164 1 0
302 0 0.9799999999999167 0
303 0 0.9599999999998334 0
304 0 0.9399999999997501 0
305 0 0.9199999999996669 0
306 0 0.8999999999995835 0
307 0 0.879999999999508 0
308 0 0.8599999999995834 0
309 0 0.8399999999997222 0
310 0 0.819999999999861 0
311 0 0.7999999999999997 0
312 0 0.7800000000001385 0
313 0 0.7600000000002772 0
314 0 0.7400000000004161 0
315 0 0.7200000000005549 0
316 0 0.7000000000006936 0
317 0 0.6800000000008324 0
318 0 0.660000000000971 0
319 0 0.6400000000011098 0
320 0 0.6200000000012484 0
321 0 0.6000000000013872 0
322 0 0.5800000000015259 0
323 0 0.5600000000016645 0
324 0 0.5400000000018033 0
325 0 0.5200000000019419 0
326 0 0.500000000002059 0
327 0 0.4800000000019974 0
328 0 0.4600000000019141 0
329 0 0.4400000000018309 0
330 0 0.4200000000017478 0
331 0 0.4000000000016645 0
332 0 0.3800000000015813 0
333 0 0.360000000001498 0
334 0 0.3400000000014148 0
335 0 0.3200000000013316 0
336 0 0.3000000000012484 0
337 0 0.2800000000011651 0
338 0 0.2600000000010819 0
339 0 0.2400000000009987 0
340 0 0.2200000000009155 0
341 0 0.2000000000008322 0
342 0 0.180000000000749 0
343 0 0.1600000000006658 0
344 0 0.1400000000005825 0
345 0 0.1200000000004994 0
346 0 0.1000000000004161 0
347 0 0.08000000000033292 0
348 0 0.06000000000024963 0
349 0 0.04000000000016646 0
350 0 0.02000000000008328 0
351 0 0.9899999999999584 0
352 0 0.9699999999998751 0
353 0 0.9499999999997887 0
354 0 0.9299999999997199 0
355 0 0.9099999999996258 0
356 0 0.8899999999995457 0
357 0 0.869999999999542 0
358 0 0.8499999999996528 0
359 0 0.8299999999998049 0
360 0 0.8099999999999329 0
361 0 0.790000000000067 0
362 0 0.7700000000002014 0
363 0 0.7500000000003324 0
364 0 0.7300000000004855 0
365 0 0.7100000000006242 0
366 0 0.690000000000763 0
367 0 0.6700000000008863 0
368 0 0.6500000000010336 0
369 0 0.6300000000011761 0
370 0 0.6100000000013128 0
371 0 0.5900000000014576 0
372 0 0.5700000000015952 0
373 0 0.5500000000017438 0
374 0 0.5300000000018668 0
375 0 0.5100000000019922 0
376 0 0.4900000000020281 0
377 0 0.4700000000019557 0
378 0 0.4500000000018725 0
379 0 0.4300000000017894 0
380 0 0.4100000000017061 0
381 0 0.3900000000016228 0
382 0 0.3700000000015397 0
383 0 0.3500000000014565 0
384 0 0.3300000000013732 0
385 0 0.3100000000012899 0
386 0 0.2900000000012067 0
387 0 0.2700000000011236 0
388 0 0.2500000000010403 0
389 0 0.2300000000009571 0
390 0 0.2100000000008738 0
391 0 0.1900000000007906 0
392 0 0.1700000000007074 0
393 0 0.1500000000006242 0
394 0 0.130000000000541 0
395 0 0.1100000000004577 0
396 0 0.09000000000037445 0
397 0 0.07000000000029127 0
398 0 0.0500000000002081 0
399 0 0.03000000000012482 0
400 0 0.01000000000004164 0
401 0.4800000000019101 0.9800000000000718 0
402 0.9800000000000235 0.4999999999987597 0
403 0.4999999999987556 0.01999999999996763 0
404 0.6000000000013844 0.9800000000001322 0
405 0.01999999999992839 0.5000000000018628 0
406 0.01999999999986794 0.6400000000011157 0
407 0.9799999999999639 0.6599999999991082 0
408 0.02000000000004477 0.3800000000015655 0
409 0.6399999999990581 0.02000000000004085 0
410 0.2999999999992712 0.01999999999994712 0
411 0.9800000000000533 0.2799999999993208 0
412 0.3400000000014105 0.9799999999999411 0
413 0.01999999999987351 0.7600000000002719 0
414 0.7400000000004066 0.9800000000001295 0
415 0.02000000000006733 0.2800000000011605 0
416 0.2199999999995002 0.01999999999994998 0
417 0.759999999999371 0.02000000000004419 0
418 0.9799999999999595 0.7599999999993703 0
419 0.8199999999998572 0.9800000000001187 0
420 0.9800000000000469 0.1599999999996672 0
421 0.1800000000007532 0.9799999999999349 0
422 0.0200000000000718 0.2000000000008291 0
423 0.01999999999990911 0.8599999999996299 0
424 0.979999999999961 0.8599999999996405 0
425 0.8999999999997423 0.02000000000003498 0
426 0.01999996296827204 0.1399999629687825 0
427 0.1399999972381824 0.01999999723841197 0
428 0.1000000000004287 0.9799999999999355 0
429 0.8799999999996199 0.9800000000000366 0
430 0.9800000000000099 0.05999999999989991 0
431 0.02000000000005894 0.9399999999997563 0
432 0.9800000000000529 0.3599999999990895 0
433 0.4199999999989108 0.01999999999994873 0
434 0.01997651790789525 0.07997651790816351 0
435 0.9199999999996986 0.9799999999999691 0
436 0.05990839795731227 0.01990839795739949 0
437 0.9799999999999569 0.8999999999997448 0
438 0.9799999999999447 0.9399999999998419 0
439 0.9799999999999898 0.5599999999988645 0
440 0.2400000000009962 0.9799999999999331 0
441 0.8399999999995736 0.02000000000004346 0
442 0.4000000000016763 0.9799999999999802 0
443 0.5799999999989101 0.02000000000002306 0
444 0.6600000000009696 0.9800000000001315 0
445 0.5200000000018827 0.9800000000001193 0
446 0.01999999999999328 0.4600000000018308 0
447 0.9799999999999582 0.6999999999992138 0
448 0.7199999999992659 0.02000000000004453 0
449 0.04000000000016636 0.9799999999999226 0
450 0.01999999999986914 0.600000000001388 0
451 0.9800000000000531 0.3999999999989732 0
452 0.9800000000000504 0.1999999999995509 0
453 0.3799999999990317 0.01999999999994792 0
454 0.01999999999987043 0.7200000000005524 0
455 0.9599999999998465 0.9799999999999446 0
456 0.9599999999999266 0.0199999999999955 0
457 0.0197976077580761 0.03979760775819365 0
458 0.4400000000018107 0.980000000000017 0
459 0.03980782074140905 0.01980782074148076 0
460 0.9799999999999695 0.01999999999997646 0
461 0.01999999999988219 0.5400000000017373 0
462 0.02000000000001096 0.4400000000017794 0
463 0.01999999999998828 0.8999999999996071 0
464 0.539999999998823 0.02000000000000254 0
465 0.9799999999999344 0.9599999999998921 0
466 0.9800000000000474 0.459999999998814 0
467 0.9799999999999821 0.5799999999989165 0
468 0.9799999999999768 0.599999999998961 0
469 0.9800000000000108 0.5199999999987769 0
470 0.06000000000025442 0.9799999999999287 0
471 0.1200000000005089 0.9799999999999368 0
472 0.02000000000002077 0.4200000000017139 0
473 0.02000000000005376 0.3600000000014854 0
474 0.02000000000005969 0.3400000000014045 0
475 0.02000000000006287 0.3200000000013244 0
476 0.9799999999999619 0.8199999999995252 0
477 0.01999938128618658 0.1199993812866178 0
478 0.1400000000005897 0.9799999999999377 0
479 0.2000000000008324 0.9799999999999349 0
480 0.2600000000010799 0.9799999999999331 0
481 0.2800000000011633 0.9799999999999338 0
482 0.9399999999998688 0.02000000000001033 0
483 0.9799999999999606 0.7799999999994198 0
484 0.8799999999996834 0.02000000000003947 0
485 0.3600000000014979 0.979999999999951 0
486 0.300000000001245 0.9799999999999356 0
487 0.02000000000007023 0.2400000000009914 0
488 0.02000000000007056 0.1800000000007458 0
489 0.9799999999999589 0.7199999999992666 0
490 0.8199999999995232 0.02000000000004387 0
491 0.9799999999999731 0.6199999999990051 0
492 0.7999999999994737 0.02000000000004391 0
493 0.6999999999992144 0.02000000000004415 0
494 0.6799999999991629 0.02000000000004332 0
495 0.6199999999990071 0.02000000000003632 0
496 0.02000000000008198 0.9799999999999192 0
497 0.0199999999998683 0.6800000000008382 0
498 0.1199998404969226 0.01999984049710921 0
499 0.980000000000037 0.1199999999997743 0
500 0.4799999999987665 0.01999999999995553 0
501 0.5600000000016563 0.98000000000013 0
502 0.9800000000000519 0.2399999999994346 0
503 0.9800000000000535 0.2999999999992642 0
504 0.3399999999991555 0.01999999999994744 0
505 0.2799999999993288 0.01999999999994771 0
506 0.2599999999993867 0.01999999999994895 0
507 0.9800000000000531 0.319999999999207 0
508 0.01999999999987118 0.5800000000015172 0
509 0.6800000000008264 0.9800000000001305 0
510 0.6200000000012473 0.9800000000001321 0
511 0.9800000000000524 0.4199999999989177 0
512 0.09999661871358631 0.0199966187137364 0
513 0.1999999999926027 0.01999999999299681 0
514 0.760000000000268 0.9800000000001284 0
515 0.1799999999166558 0.01999999991699352 0
516 0.7000000000006836 0.9800000000001297 0
517 0.01999999999987775 0.7999999999999964 0
518 0.459999999998805 0.0199999999999508 0
519 0.8399999999997412 0.9800000000001043 0
520 0.780000000000128 0.980000000000126 0
521 0.9800000000000205 0.07999999999985713 0
522 0.01999999999989065 0.8399999999997319 0
523 0.9799999999999246 0.9799999999999452 0
524 0.01983806167549491 0.01983806167556857 0
525 0.4799999999987903 0.03999999999991356 0
526 0.9600000000001039 0.3999999999989721 0
527 0.03999999999995885 0.4600000000017412 0
528 0.9599999999999931 0.5599999999989076 0
529 0.6000000000013794 0.9600000000002605 0
530 0.03999999999974364 0.6000000000013868 0
531 0.6399999999990769 0.04000000000007362 0
532 0.3400000000013857 0.959999999999899 0
533 0.9600000000001033 0.2799999999993156 0
534 0.04000000000010468 0.3400000000013811 0
535 0.2999999999992795 0.03999999999989719 0
536 0.9599999999999257 0.6999999999992192 0
537 0.7400000000003892 0.9600000000002522 0
538 0.1999999999601703 0.03999999996051404 0
539 0.1800000000007593 0.9599999999998816 0
540 0.8199999999995207 0.04000000000008185 0
541 0.04000000000013538 0.2000000000008245 0
542 0.03999999999982832 0.8599999999996542 0
543 0.819999999999861 0.9600000000002258 0
544 0.03999982890202039 0.1399998289024722 0
545 0.139999950740821 0.03999995074100653 0
546 0.1000000000004388 0.9599999999998848 0
547 0.8999999999997509 0.0400000000000579 0
548 0.9599999999999951 0.05999999999992819 0
549 0.2400000000009773 0.9599999999998788 0
550 0.6999999999992229 0.04000000000008186 0
551 0.9599999999999275 0.7599999999993695 0
552 0.9599999999999673 0.5999999999989784 0
553 0.2800000000011482 0.9599999999998807 0
554 0.460000000001861 0.9800000000000438 0
555 0.4200000000017505 0.9800000000000005 0
556 0.02000000000002781 0.9199999999996781 0
557 0.01999999999995842 0.4800000000018587 0
558 0.03999999999999379 0.4400000000017167 0
559 0.5199999999987831 0.0199999999999853 0
560 0.9800000000000016 0.539999999998818 0
561 0.500000000001923 0.9800000000001008 0
562 0.3800000000015895 0.9799999999999659 0
563 0.01999999999990063 0.5200000000018121 0
564 0.5599999999988678 0.02000000000001308 0
565 0.04000000000007058 0.3800000000015322 0
566 0.8599999999996577 0.9800000000000757 0
567 0.02000000000002962 0.4000000000016391 0
568 0.01999999999994695 0.8799999999995899 0
569 0.899999999999645 0.9799999999999991 0
570 0.9399999999997707 0.9799999999999544 0
571 0.9800000000000381 0.4799999999987773 0
572 0.5999999999989586 0.02000000000002963 0
573 0.1200000000005194 0.9599999999998878 0
574 0.01992524088532241 0.05992524088551283 0
575 0.9799999999999696 0.639999999999055 0
576 0.1600000000006722 0.979999999999938 0
577 0.08000000000034316 0.9799999999999347 0
578 0.9799999999999626 0.839999999999583 0
579 0.01999430489853567 0.09999430489888689 0
580 0.9199999999998064 0.02000000000002204 0
581 0.2200000000009118 0.9799999999999357 0
582 0.01999998467746235 0.1599999846780561 0
583 0.9799999999999619 0.7999999999994705 0
584 0.97999999999996 0.8799999999996947 0
585 0.02000000000006439 0.3000000000012432 0
586 0.3200000000013253 0.9799999999999395 0
587 0.9799999999999602 0.7399999999993188 0
588 0.0200000000000702 0.2200000000009095 0
589 0.02000000000006809 0.2600000000010743 0
590 0.8599999999996267 0.02000000000004144 0
591 0.9799999999999615 0.6799999999991623 0
592 0.04000000000015707 0.9599999999998498 0
593 0.9799999999999526 0.9199999999997941 0
594 0.7799999999994232 0.02000000000004363 0
595 0.7399999999993188 0.02000000000004381 0
596 0.6599999999991117 0.02000000000004154 0
597 0.9800000000000284 0.09999999999981747 0
598 0.02000000000007492 0.9599999999998394 0
599 0.01999999999986836 0.6600000000009781 0
600 0.01999999999986907 0.6200000000012528 0
601 0.9800000000000521 0.259999999999377 0
602 0.01999999999986971 0.7000000000006964 0
603 0.3199999999992144 0.01999999999994765 0
604 0.9800000000000528 0.3399999999991485 0
605 0.6400000000011092 0.9800000000001315 0
606 0.9800000000000508 0.2199999999994921 0
607 0.9600000000001037 0.299999999999262 0
608 0.9800000000000528 0.3799999999990306 0
609 0.2399999999994444 0.01999999999995017 0
610 0.9800000000000486 0.1799999999996088 0
611 0.3599999999990946 0.01999999999994784 0
612 0.5800000000015207 0.9800000000001307 0
613 0.2799999999993375 0.03999999999989907 0
614 0.9800000000000505 0.4399999999988647 0
615 0.3999999999989697 0.01999999999994855 0
616 0.7200000000005431 0.9800000000001285 0
617 0.01999999999987254 0.7400000000004101 0
618 0.4399999999988555 0.0199999999999496 0
619 0.9800000000000423 0.139999999999723 0
620 0.159999996422111 0.01999999642239271 0
621 0.7999999999999907 0.9800000000001218 0
622 0.1199992729327668 0.03999927293291142 0
623 0.01999999999987528 0.5600000000016326 0
624 0.5400000000017789 0.9800000000001264 0
625 0.07997696560328334 0.01997696560340126 0
626 0.01999999999987604 0.7800000000001354 0
627 0.7600000000002511 0.9600000000002497 0
628 0.01999999999988316 0.8199999999998596 0
629 0.9799999999999878 0.03999999999994346 0
630 0.9599999999998902 0.9399999999998515 0
631 0.959999999999867 0.9599999999998983 0
632 0.9399999999999047 0.0399999999999987 0
633 0.05991550372356085 0.03991550372364158 0
634 0.03985587788918115 0.03985587788927779 0
635 0.05999999999990391 0.4600000000016614 0
636 0.4800000000018216 0.9600000000001561 0
637 0.2999999999992906 0.05999999999985059 0
638 0.03999999999974752 0.7200000000005533 0
639 0.9400000000001489 0.2799999999993116 0
640 0.7400000000003624 0.9400000000003657 0
641 0.9600000000000883 0.1599999999996582 0
642 0.9599999999999324 0.8399999999995832 0
643 0.1399998553355202 0.05999985533564981 0
644 0.1000000000004182 0.9399999999998487 0
645 0.3799999999990296 0.03999999999989826 0
646 0.03999999999977055 0.5400000000016406 0
647 0.03999999999998 0.8999999999996471 0
648 0.8799999999996937 0.9600000000000772 0
649 0.4200000000017517 0.9600000000000183 0
650 0.04000000000012711 0.2600000000010594 0
651 0.9600000000000923 0.4599999999988396 0
652 0.03999999999976533 0.7999999999999968 0
653 0.5200000000018113 0.9600000000002362 0
654 0.03999219892831668 0.0999921989286065 0
655 0.04000000000004361 0.4000000000016011 0
656 0.04000000000012454 0.9399999999997791 0
657 0.5199999999988304 0.03999999999996654 0
658 0.5599999999989077 0.04000000000001933 0
659 0.3200000000013048 0.9599999999998907 0
660 0.1600000000006834 0.9599999999998854 0
661 0.2200000000008986 0.9599999999998805 0
662 0.03999996715781076 0.1599999671583438 0
663 0.659999999999126 0.04000000000007739 0
664 0.9599999999999272 0.7399999999993194 0
665 0.9599999999999485 0.6399999999990637 0
666 0.9599999999999274 0.8799999999997127 0
667 0.7399999999993264 0.04000000000008252 0
668 0.03999999999974249 0.6800000000008505 0
669 0.960000000000096 0.1999999999995407 0
670 0.9600000000001021 0.4199999999989212 0
671 0.4199999999989033 0.03999999999989995 0
672 0.9600000000001033 0.3599999999990864 0
673 0.9600000000000657 0.1199999999997785 0
674 0.03999999999974815 0.5800000000014973 0
675 0.159999983749961 0.03999998375019491 0
676 0.7800000000001132 0.9600000000002442 0
677 0.03999999999979418 0.8399999999997416 0
678 0.09999346513130689 0.03999346513141715 0
679 0.039999999999849 0.5000000000017113 0
680 0.9600000000000112 0.5399999999988725 0
681 0.04000000000001783 0.4200000000016646 0
682 0.03999999999990232 0.480000000001734 0
683 0.9399999999998037 0.9599999999999169 0
684 0.4999999999988024 0.03999999999993594 0
685 0.9599999999999801 0.5799999999989464 0
686 0.3800000000015802 0.9599999999999479 0
687 0.3600000000014735 0.959999999999922 0
688 0.3000000000012271 0.9599999999998859 0
689 0.04000000000008844 0.3600000000014543 0
690 0.1400000000006019 0.9599999999998882 0
691 0.9199999999998311 0.04000000000002849 0
692 0.2000000000008283 0.9599999999998822 0
693 0.4600000000018106 0.9600000000001042 0
694 0.9599999999999598 0.6199999999990164 0
695 0.9599999999999305 0.7999999999994626 0
696 0.03999999493717994 0.1799999949377932 0
697 0.6799999999991747 0.0400000000000794 0
698 0.2600000000010598 0.9599999999998808 0
699 0.03999999999989746 0.8799999999996292 0
700 0.9599999999999269 0.7199999999992684 0
701 0.03999816420569857 0.1199981642060716 0
702 0.9599999999999301 0.7799999999994147 0
703 0.03992145942557099 0.05992145942571589 0
704 0.5999999999989877 0.0400000000000521 0
705 0.6199999999990333 0.04000000000006345 0
706 0.8999999999997105 0.9600000000000071 0
707 0.04000000000013341 0.2200000000008989 0
708 0.8599999999996175 0.0400000000000776 0
709 0.8799999999996794 0.04000000000007004 0
710 0.9600000000000762 0.4799999999988228 0
711 0.9599999999999314 0.679999999999171 0
712 0.04000000000011775 0.3000000000012338 0
713 0.0400000000001104 0.3200000000013077 0
714 0.8399999999995664 0.04000000000007942 0
715 0.7199999999992746 0.04000000000008156 0
716 0.9599999999999099 0.9199999999998096 0
717 0.0800000000003442 0.9599999999998792 0
718 0.06000000000024684 0.9599999999998665 0
719 0.7799999999994295 0.04000000000008252 0
720 0.7999999999994766 0.0400000000000816 0
721 0.3399999999991641 0.03999999999989713 0
722 0.7000000000006633 0.9600000000002538 0
723 0.660000000000959 0.9600000000002576 0
724 0.9600000000000196 0.0799999999998838 0
725 0.9600000000001031 0.3199999999992058 0
726 0.6200000000012433 0.96000000000026 0
727 0.5600000000016393 0.9600000000002562 0
728 0.2599999999993859 0.039999999999891 0
729 0.9600000000000999 0.239999999999423 0
730 0.03999999999974119 0.6400000000011263 0
731 0.2199999999932549 0.03999999999365117 0
732 0.3199999999992233 0.03999999999989744 0
733 0.4599999999988118 0.03999999999990463 0
734 0.960000000000101 0.2599999999993683 0
735 0.03999999999975463 0.7600000000002703 0
736 0.9600000000001034 0.3799999999990279 0
737 0.8399999999997725 0.9600000000001967 0
738 0.5800000000015119 0.9600000000002582 0
739 0.03999999999974274 0.6200000000012591 0
740 0.7200000000005233 0.9600000000002513 0
741 0.1799999975705958 0.03999999757088377 0
742 0.7999999999999822 0.960000000000236 0
743 0.07996936802410681 0.03996936802419684 0
744 0.9599999999999568 0.03999999999996721 0
745 0.4800000000017471 0.9400000000002494 0
746 0.9400000000000316 0.5399999999989447 0
747 0.4999999999988494 0.05999999999990346 0
748 0.9400000000001515 0.3999999999989721 0
749 0.05999999999962527 0.6000000000013794 0
750 0.6000000000013674 0.9400000000003836 0
751 0.6199999999990726 0.06000000000008215 0
752 0.3600000000014137 0.9399999999999102 0
753 0.06000000000010611 0.360000000001409 0
754 0.9399999999999148 0.6799999999991865 0
755 0.7199999999992895 0.06000000000011191 0
756 0.2600000000010282 0.9399999999998432 0
757 0.9399999999999109 0.7999999999994496 0
758 0.8199999999998859 0.9400000000003194 0
759 0.06000000000018426 0.2200000000008875 0
760 0.7999999999994799 0.06000000000011266 0
761 0.05999996706294647 0.1599999670634346 0
762 0.05999999999976596 0.8599999999996827 0
763 0.1600000000007041 0.9399999999998487 0
764 0.8799999999996844 0.06000000000009243 0
765 0.05999352157350683 0.09999352157372733 0
766 0.8799999999997715 0.9400000000001169 0
767 0.9399999999999583 0.6199999999990401 0
768 0.9400000000001358 0.4599999999988844 0
769 0.09999345453218736 0.05999345453225563 0
770 0.05999999999999641 0.4200000000016101 0
771 0.06000000000020805 0.9399999999998083 0
772 0.3200000000012664 0.9399999999998607 0
773 0.2200000000008796 0.9399999999998414 0
774 0.06000000000014172 0.3200000000012858 0
775 0.6599999999991484 0.06000000000010373 0
776 0.9600000000000311 0.5199999999988433 0
777 0.5000000000018274 0.9600000000002038 0
778 0.05999999999983448 0.4800000000016353 0
779 0.9199999999998663 0.0600000000000227 0
780 0.05999999999995337 0.44000000000165 0
781 0.4400000000017907 0.9600000000000602 0
782 0.08000000000030433 0.9399999999998339 0
783 0.9399999999999425 0.05999999999997023 0
784 0.03999999999980292 0.5200000000016771 0
785 0.04000000000006148 0.9199999999997109 0
786 0.8599999999997203 0.960000000000145 0
787 0.4599999999988246 0.05999999999986021 0
788 0.5399999999988701 0.03999999999999537 0
789 0.9400000000000098 0.5599999999989619 0
790 0.9599999999999334 0.8199999999995179 0
791 0.9599999999999319 0.859999999999651 0
792 0.04000000000012915 0.240000000000975 0
793 0.8599999999996167 0.06000000000010276 0
794 0.9399999999998767 0.9199999999998485 0
795 0.960000000000054 0.4999999999988275 0
796 0.3000000000011968 0.939999999999853 0
797 0.05999999999986889 0.8799999999996725 0
798 0.04000000000012092 0.2800000000011482 0
799 0.06000000000003386 0.4000000000015488 0
800 0.9599999999999408 0.6599999999991197 0
801 0.03996945635411016 0.0799694563543208 0
802 0.9399999999998438 0.9399999999998848 0
803 0.1400000000006206 0.9399999999998533 0
804 0.1200000000005194 0.9399999999998547 0
805 0.2000000000008264 0.9399999999998437 0
806 0.4000000000016732 0.9599999999999844 0
807 0.9399999999999057 0.7199999999992686 0
808 0.9399999999999071 0.7399999999993138 0
809 0.9199999999997522 0.9599999999999549 0
810 0.6799999999991916 0.06000000000010731 0
811 0.7599999999993795 0.04000000000008177 0
812 0.9599999999999219 0.8999999999997668 0
813 0.05999813281463653 0.1199981328149482 0
814 0.93999999999991 0.7799999999994048 0
815 0.05999999319572696 0.1799999931962915 0
816 0.8399999999995641 0.060000000000108 0
817 0.9399999999999903 0.5799999999989792 0
818 0.5799999999989498 0.04000000000003566 0
819 0.4399999999988536 0.03999999999990189 0
820 0.2799999999993507 0.05999999999985231 0
821 0.54000000000174 0.9600000000002494 0
822 0.9400000000001498 0.2999999999992621 0
823 0.9600000000001029 0.3399999999991468 0
824 0.9600000000000977 0.2199999999994804 0
825 0.6400000000011029 0.9600000000002584 0
826 0.9600000000000427 0.09999999999983689 0
827 0.7600000000002282 0.9400000000003605 0
828 0.03999999999976025 0.7800000000001361 0
829 0.03999999999974216 0.6600000000009909 0
830 0.2399999999985617 0.03999999999901109 0
831 0.03999999999974546 0.7000000000007046 0
832 0.3599999999990988 0.03999999999989787 0
833 0.9600000000000923 0.1799999999995997 0
834 0.9600000000000981 0.4399999999988783 0
835 0.399999999998963 0.03999999999989937 0
836 0.3199999999992331 0.05999999999984963 0
837 0.9400000000001508 0.3599999999990857 0
838 0.05999999999962158 0.6400000000011375 0
839 0.9600000000000785 0.1399999999997189 0
840 0.6800000000008084 0.960000000000255 0
841 0.9400000000001457 0.2599999999993597 0
842 0.5600000000016027 0.9400000000003782 0
843 0.03999999999975666 0.560000000001579 0
844 0.03999999999975187 0.7400000000004089 0
845 0.03999999999977774 0.8199999999998616 0
846 0.7200000000004952 0.9400000000003668 0
847 0.1599999727337831 0.05999997273395567 0
848 0.1199983488298345 0.05999834882992684 0
849 0.1999999996980292 0.05999999969830625 0
850 0.7800000000000999 0.9400000000003523 0
851 0.05995043661350966 0.05995043661361289 0
852 0.07999999999975969 0.4800000000015578 0
853 0.9200000000000621 0.5399999999990079 0
854 0.3200000000012151 0.919999999999854 0
855 0.6599999999991754 0.08000000000011939 0
856 0.05999999999963326 0.720000000000571 0
857 0.9200000000001921 0.299999999999265 0
858 0.2999999999993036 0.0799999999998068 0
859 0.9199999999998993 0.7399999999993057 0
860 0.2200000000008659 0.9199999999998205 0
861 0.7400000000003286 0.9200000000004701 0
862 0.0799999759478655 0.1599999759483034 0
863 0.8599999999996525 0.08000000000011952 0
864 0.9400000000001361 0.1999999999995264 0
865 0.1400000000006195 0.919999999999834 0
866 0.1399998054781937 0.07999980547825014 0
867 0.9400000000000808 0.1199999999998154 0
868 0.3799999999990278 0.05999999999985126 0
869 0.07999999999974232 0.8599999999997187 0
870 0.0799999999999553 0.420000000001545 0
871 0.05999999999966516 0.8000000000000003 0
872 0.079996054359752 0.09999605435988471 0
873 0.05999999999966475 0.5400000000015384 0
874 0.08000000000020481 0.919999999999791 0
875 0.9399999999999286 0.6599999999991411 0
876 0.9399999999999142 0.8399999999995796 0
877 0.8599999999997866 0.9400000000002084 0
878 0.06000000000016127 0.2800000000011289 0
879 0.06000000000017724 0.2400000000009557 0
880 0.9400000000001444 0.439999999998899 0
881 0.9400000000001494 0.3199999999992078 0
882 0.3399999999991727 0.05999999999984963 0
883 0.05999999999971686 0.8399999999997554 0
884 0.05999999999999595 0.8999999999997028 0
885 0.5200000000017254 0.9400000000003506 0
886 0.5000000000017374 0.940000000000309 0
887 0.05997677489899732 0.07997677489914484 0
888 0.9400000000000882 0.4999999999989081 0
889 0.06000000000011559 0.9199999999997527 0
890 0.9399999999999856 0.07999999999993715 0
891 0.9400000000000591 0.519999999998928 0
892 0.9399999999999444 0.6399999999990916 0
893 0.3800000000015122 0.9399999999999559 0
894 0.4200000000017074 0.9400000000000591 0
895 0.9399999999999145 0.8199999999995067 0
896 0.8999999999997758 0.06000000000006465 0
897 0.3400000000013315 0.9399999999998832 0
898 0.8399999999998259 0.9400000000002747 0
899 0.06000000000007094 0.3800000000014785 0
900 0.4799999999988287 0.05999999999987565 0
901 0.2400000000009477 0.9399999999998441 0
902 0.5199999999988847 0.059999999999944 0
903 0.559999999998964 0.06000000000001468 0
904 0.5999999999990406 0.0600000000000622 0
905 0.06000000000012521 0.3400000000013448 0
906 0.2800000000011154 0.9399999999998484 0
907 0.6399999999991102 0.06000000000009385 0
908 0.9199999999998555 0.9199999999999208 0
909 0.8999999999997839 0.9400000000000194 0
910 0.939999999999908 0.8799999999997473 0
911 0.06000000000014977 0.3000000000012146 0
912 0.9199999999998089 0.9399999999999429 0
913 0.939999999999898 0.8999999999998105 0
914 0.05999999999976409 0.5000000000015949 0
915 0.6999999999992396 0.06000000000010935 0
916 0.7599999999993932 0.06000000000011298 0
917 0.779999999999439 0.06000000000011216 0
918 0.7399999999993431 0.06000000000011174 0
919 0.9399999999999099 0.6999999999992274 0
920 0.9400000000001162 0.4799999999988948 0
921 0.180000000000771 0.9399999999998473 0
922 0.1200000000004827 0.9199999999998334 0
923 0.9399999999999095 0.7599999999993595 0
924 0.05999955761079315 0.1399995576111957 0
925 0.05999999883291527 0.199999998833552 0
926 0.9200000000000357 0.5599999999990068 0
927 0.9399999999999746 0.5999999999990057 0
928 0.8199999999995201 0.0600000000001103 0
929 0.4600000000017563 0.9400000000001808 0
930 0.9400000000001489 0.4199999999989295 0
931 0.07999999999983773 0.4600000000015847 0
932 0.4199999999988969 0.0599999999998538 0
933 0.9200000000001892 0.2799999999993105 0
934 0.9400000000001513 0.3799999999990267 0
935 0.05999999999962339 0.6200000000012632 0
936 0.6200000000012291 0.9400000000003824 0
937 0.05999999999964587 0.7600000000002807 0
938 0.6600000000009343 0.9400000000003772 0
939 0.07997646685932074 0.05997646685939659 0
940 0.05999999999963196 0.5800000000014643 0
941 0.5800000000014905 0.9400000000003811 0
942 0.2599999999992809 0.05999999999972229 0
943 0.4399999999988545 0.0599999999998562 0
944 0.9400000000001221 0.1599999999996617 0
945 0.2199999999553114 0.05999999995563952 0
946 0.5400000000016759 0.9400000000003687 0
947 0.9400000000001496 0.3399999999991484 0
948 0.9400000000001426 0.2399999999994099 0
949 0.7999999999999865 0.9400000000003385 0
950 0.05999999999962444 0.6800000000008689 0
951 0.0599999999996232 0.6600000000010049 0
952 0.7600000000002053 0.9200000000004627 0
953 0.179999994470601 0.05999999447082183 0
954 0.7000000000006331 0.9400000000003697 0
955 0.1199988812191296 0.07999888121916267 0
956 0.499999999998908 0.07999999999987015 0
957 0.5000000000016572 0.9200000000004163 0
958 0.09999999999967939 0.4800000000014743 0
959 0.9000000000000978 0.5399999999990521 0
960 0.60000000000133 0.9200000000005023 0
961 0.07999999999950937 0.6400000000011444 0
962 0.9000000000002308 0.2999999999992684 0
963 0.08000000000016785 0.3000000000011809 0
964 0.7399999999993638 0.08000000000013424 0
965 0.7400000000002968 0.9000000000005667 0
966 0.9199999999999063 0.8199999999995017 0
967 0.8199999999999321 0.9200000000004007 0
968 0.9199999999999505 0.6399999999991324 0
969 0.9200000000001962 0.3999999999989727 0
970 0.1399998540960421 0.0999998540960174 0
971 0.9200000000001782 0.4599999999989445 0
972 0.1999999992769005 0.07999999927708237 0
973 0.1200000000003628 0.8999999999998161 0
974 0.08000000000005862 0.899999999999753 0
975 0.459999999998861 0.07999999999981885 0
976 0.08000000000005683 0.380000000001417 0
977 0.07999972803564134 0.1399997280359722 0
978 0.2800000000010766 0.9199999999998315 0
979 0.2400000000009217 0.9199999999998232 0
980 0.859999999999862 0.9200000000002565 0
981 0.8999999999998466 0.9200000000000235 0
982 0.9199999999999049 0.6999999999992398 0
983 0.7799999999994476 0.08000000000013509 0
984 0.07999999942780933 0.1999999994284048 0
985 0.07999999999951381 0.6000000000013656 0
986 0.5600000000015245 0.9200000000004959 0
987 0.920000000000195 0.3599999999990868 0
988 0.7800000000000953 0.9200000000004498 0
989 0.07999999999965633 0.8399999999997696 0
990 0.09999536306139516 0.07999536306143731 0
991 0.9200000000001264 0.4999999999989941 0
992 0.05999999999970662 0.5200000000015628 0
993 0.0799999999999001 0.8799999999997254 0
994 0.4000000000016105 0.9400000000000072 0
995 0.07999999999990079 0.4400000000015767 0
996 0.3600000000013226 0.9199999999999213 0
997 0.9199999999999235 0.08000000000000249 0
998 0.879999999999746 0.08000000000009881 0
999 0.9199999999999905 0.5999999999990439 0
1000 0.08000000000000387 0.4000000000014842 0
1001 0.05999999999964466 0.5600000000015131 0
1002 0.3000000000011507 0.9199999999998432 0
1003 0.07999858133450863 0.1199985813347301 0
1004 0.06000000000016843 0.260000000001036 0
1005 0.9199999999999015 0.7599999999993483 0
1006 0.08000000000009919 0.3600000000013563 0
1007 0.6199999999991179 0.08000000000008953 0
1008 0.9199999999998866 0.8999999999998851 0
1009 0.9200000000000932 0.5199999999990025 0
1010 0.5799999999990062 0.06000000000003908 0
1011 0.6999999999992615 0.08000000000012988 0
1012 0.3400000000012675 0.9199999999998832 0
1013 0.6799999999992162 0.08000000000012451 0
1014 0.9199999999999022 0.7199999999992703 0
1015 0.0799999999996778 0.5000000000015116 0
1016 0.1600000000007078 0.9199999999998308 0
1017 0.2000000000008265 0.9199999999998237 0
1018 0.07999999320361413 0.1799999932041371 0
1019 0.6399999999991436 0.08000000000010615 0
1020 0.9399999999999136 0.8599999999996665 0
1021 0.08000000000012916 0.3400000000013067 0
1022 0.1000000000003265 0.9199999999998179 0
1023 0.9200000000000124 0.5799999999990192 0
1024 0.08000000000019858 0.2400000000009238 0
1025 0.8199999999995238 0.08000000000013231 0
1026 0.8399999999995853 0.08000000000012664 0
1027 0.5399999999989232 0.05999999999998167 0
1028 0.9199999999999312 0.6599999999991752 0
1029 0.4400000000017406 0.9400000000001187 0
1030 0.7000000000005948 0.920000000000479 0
1031 0.4800000000016792 0.9200000000003444 0
1032 0.9200000000001936 0.4199999999989394 0
1033 0.3399999999991813 0.07999999999980403 0
1034 0.3199999999992419 0.07999999999980489 0
1035 0.9200000000001811 0.2399999999993986 0
1036 0.920000000000185 0.2599999999993547 0
1037 0.3999999999989576 0.05999999999985276 0
1038 0.1599999505532951 0.07999995055338502 0
1039 0.6400000000010828 0.9400000000003798 0
1040 0.7200000000004589 0.9200000000004732 0
1041 0.05999999999964034 0.7400000000004251 0
1042 0.9400000000001295 0.1799999999995926 0
1043 0.9400000000000346 0.0999999999998873 0
1044 0.4199999999989036 0.07999999999980976 0
1045 0.2799999999993577 0.07999999999979514 0
1046 0.05999999999965535 0.7800000000001425 0
1047 0.2399999999929336 0.0599999999933153 0
1048 0.5200000000016255 0.9200000000004614 0
1049 0.9200000000001922 0.319999999999213 0
1050 0.07999999999951428 0.6800000000008862 0
1051 0.9400000000001389 0.2199999999994654 0
1052 0.940000000000105 0.1399999999997419 0
1053 0.359999999999103 0.05999999999985057 0
1054 0.05999999999962945 0.700000000000724 0
1055 0.05999999999968764 0.8199999999998677 0
1056 0.6800000000007795 0.9400000000003728 0
1057 0.07998682843288943 0.07998682843297998 0
1058 0.5000000000015727 0.9000000000005217 0
1059 0.1000000000000257 0.3800000000013515 0
1060 0.2999999999993214 0.09999999999976356 0
1061 0.3600000000012286 0.8999999999999486 0
1062 0.6199999999991599 0.1000000000000891 0
1063 0.8999999999999687 0.6399999999991783 0
1064 0.2200000000008567 0.8999999999998176 0
1065 0.8999999999999065 0.7399999999993119 0
1066 0.8399999999996384 0.1000000000001379 0
1067 0.09999999999959018 0.5000000000014344 0
1068 0.9000000000002387 0.3999999999989788 0
1069 0.0999999955499235 0.1799999955503899 0
1070 0.9200000000001468 0.1599999999996999 0
1071 0.3000000000010876 0.8999999999998488 0
1072 0.6799999999992453 0.1000000000001345 0
1073 0.4200000000015836 0.9200000000001129 0
1074 0.07999999999953708 0.5600000000014536 0
1075 0.07999999999961134 0.5200000000014764 0
1076 0.08000000000018231 0.2800000000010897 0
1077 0.5599999999990307 0.08000000000000233 0
1078 0.09999999999984177 0.4400000000015022 0
1079 0.09999999999978115 0.8599999999997613 0
1080 0.8999999999998874 0.8999999999999927 0
1081 0.5999999999990964 0.08000000000006313 0
1082 0.9199999999999031 0.7799999999993932 0
1083 0.9000000000000407 0.5799999999990599 0
1084 0.9000000000002323 0.3199999999992176 0
1085 0.6600000000008898 0.9200000000004908 0
1086 0.07999999999957733 0.7999999999999987 0
1087 0.07999999999954813 0.7600000000003038 0
1088 0.1599999588175935 0.09999995881758438 0
1089 0.1199992945296916 0.09999929452968473 0
1090 0.09999999999999667 0.8799999999997705 0
1091 0.09999927898062969 0.1199992789807379 0
1092 0.4000000000014854 0.9200000000000448 0
1093 0.3800000000013956 0.9199999999999825 0
1094 0.08000000000018975 0.2600000000009988 0
1095 0.09999999999976592 0.4600000000014971 0
1096 0.9200000000001567 0.4799999999989711 0
1097 0.4799999999988814 0.07999999999983769 0
1098 0.8999999999998443 0.08000000000005733 0
1099 0.9199999999999077 0.8599999999996981 0
1100 0.9199999999999722 0.6199999999990869 0
1101 0.2600000000009952 0.9199999999998278 0
1102 0.9199999999999091 0.8399999999995915 0
1103 0.8799999999998477 0.9200000000001376 0
1104 0.9199999999999022 0.8799999999998078 0
1105 0.9000000000001314 0.5199999999990604 0
1106 0.07999999999952322 0.5800000000014265 0
1107 0.8399999999998911 0.9200000000003407 0
1108 0.8999999999999146 0.6999999999992599 0
1109 0.1400000000005085 0.8999999999998243 0
1110 0.7599999999994089 0.08000000000013409 0
1111 0.719999999999313 0.0800000000001317 0
1112 0.8799999999998623 0.1000000000000901 0
1113 0.1800000000007734 0.9199999999998285 0
1114 0.1000000000000774 0.3600000000013028 0
1115 0.9199999999999052 0.7999999999994435 0
1116 0.900000000000069 0.5599999999990466 0
1117 0.07999999985560222 0.2199999998562621 0
1118 0.08000000000014909 0.3200000000012493 0
1119 0.3400000000011914 0.8999999999999015 0
1120 0.9199999999999171 0.6799999999992109 0
1121 0.5199999999989446 0.07999999999991712 0
1122 0.7999999999994831 0.08000000000013342 0
1123 0.09999975257006574 0.1399997525702859 0
1124 0.6399999999991792 0.10000000000011 0
1125 0.09999999999990307 0.4200000000014702 0
1126 0.4399999999988738 0.07999999999981294 0
1127 0.9200000000001879 0.4399999999989322 0
1128 0.5400000000015769 0.9200000000004841 0
1129 0.9000000000002264 0.2799999999993111 0
1130 0.4600000000016772 0.9200000000002651 0
1131 0.3399999999991933 0.09999999999976023 0
1132 0.2199999998712993 0.07999999987153308 0
1133 0.9000000000002145 0.2399999999993926 0
1134 0.7600000000001897 0.9000000000005555 0
1135 0.6200000000011906 0.9200000000004999 0
1136 0.07999999999951186 0.6600000000010152 0
1137 0.9200000000001957 0.3799999999990261 0
1138 0.1000000000001883 0.8999999999997906 0
1139 0.9200000000001693 0.199999999999514 0
1140 0.07999999999952817 0.7200000000006094 0
1141 0.5800000000014338 0.9200000000004998 0
1142 0.0799999999995112 0.6200000000012633 0
1143 0.379999999999034 0.07999999999980632 0
1144 0.3999999999989646 0.07999999999980816 0
1145 0.2599999999985256 0.07999999999889143 0
1146 0.920000000000193 0.3399999999991518 0
1147 0.800000000000005 0.9200000000004295 0
1148 0.9200000000000763 0.1199999999998947 0
1149 0.9200000000001749 0.2199999999994511 0
1150 0.3599999999991117 0.07999999999980524 0
1151 0.7200000000004176 0.9000000000005731 0
1152 0.1799999881122961 0.07999998811242609 0
1153 0.6800000000007375 0.9200000000004841 0
1154 0.07999999999960834 0.8199999999998686 0
1155 0.07999999999952141 0.7000000000007514 0
1156 0.0999974523844129 0.09999745238447144 0
1157 0.9200000000000019 0.09999999999995988 0
1158 0.1199999999995051 0.5000000000013527 0
1159 0.4599999999989199 0.09999999999977874 0
1160 0.8800000000001379 0.5399999999990831 0
1161 0.3600000000011228 0.8799999999999886 0
1162 0.6000000000012513 0.900000000000616 0
1163 0.6199999999992017 0.1200000000000821 0
1164 0.099999999999404 0.6400000000011447 0
1165 0.1199999999999855 0.3800000000012847 0
1166 0.8800000000002667 0.2999999999992701 0
1167 0.7400000000002739 0.880000000000656 0
1168 0.8999999999999112 0.81999999999954 0
1169 0.1000000000001883 0.2800000000010344 0
1170 0.8199999999999822 0.9000000000004694 0
1171 0.09999999999941862 0.5800000000013937 0
1172 0.4200000000014191 0.9000000000001755 0
1173 0.1199999999996939 0.4600000000014208 0
1174 0.4999999999989791 0.099999999999836 0
1175 0.8999999999999934 0.619999999999138 0
1176 0.8999999999999284 0.6799999999992407 0
1177 0.7199999999993377 0.100000000000145 0
1178 0.7599999999994224 0.1000000000001487 0
1179 0.09999999993348684 0.2199999999340959 0
1180 0.4199999999989372 0.09999999999976716 0
1181 0.0999999999994122 0.6800000000008969 0
1182 0.5600000000014111 0.9000000000006099 0
1183 0.5200000000015231 0.9000000000005711 0
1184 0.139999905052644 0.1199999050525706 0
1185 0.1200000000001253 0.8799999999998005 0
1186 0.9000000000000469 0.1199999999999832 0
1187 0.4000000000013405 0.9000000000000947 0
1188 0.8999999999999079 0.8799999999999091 0
1189 0.8599999999999203 0.9000000000002755 0
1190 0.1000000000001451 0.3200000000011954 0
1191 0.09999999999996263 0.4000000000014134 0
1192 0.07999999999956658 0.5400000000014621 0
1193 0.9000000000000172 0.599999999999096 0
1194 0.2600000000009536 0.8999999999998252 0
1195 0.2400000000008967 0.8999999999998214 0
1196 0.8999999999999146 0.8399999999996568 0
1197 0.3200000000011424 0.8999999999998718 0
1198 0.8999999999999074 0.7799999999993996 0
1199 0.8999999999999077 0.7599999999993565 0
1200 0.9000000000001668 0.4999999999990595 0
1201 0.9000000000002198 0.4599999999990101 0
1202 0.5799999999990684 0.08000000000003389 0
1203 0.8999999999999475 0.6599999999992128 0
1204 0.3800000000012776 0.9000000000000202 0
1205 0.5399999999989871 0.07999999999996218 0
1206 0.659999999999209 0.1000000000001237 0
1207 0.09999994142256557 0.1599999414229142 0
1208 0.6999999999992903 0.1000000000001398 0
1209 0.0999999988080124 0.1999999988085528 0
1210 0.5999999999991449 0.1000000000000575 0
1211 0.1600000000006301 0.8999999999998264 0
1212 0.2000000000008149 0.8999999999998202 0
1213 0.1000000000001148 0.340000000001253 0
1214 0.8599999999997582 0.1000000000001192 0
1215 0.8800000000001059 0.5599999999990806 0
1216 0.2800000000010183 0.8999999999998368 0
1217 0.7999999999994918 0.1000000000001481 0
1218 0.8199999999995533 0.100000000000144 0
1219 0.1000000000001865 0.2600000000009401 0
1220 0.4400000000016368 0.9200000000001882 0
1221 0.8799999999998971 0.9000000000001254 0
1222 0.8999999999999106 0.7199999999992833 0
1223 0.1199999999997756 0.4400000000014292 0
1224 0.3199999999992562 0.09999999999976157 0
1225 0.9000000000002362 0.4199999999989631 0
1226 0.48000000000159 0.9000000000004423 0
1227 0.9000000000002204 0.2599999999993521 0
1228 0.9200000000001597 0.1799999999996021 0
1229 0.6400000000010392 0.9200000000004951 0
1230 0.2399999999770622 0.07999999997735614 0
1231 0.7800000000001004 0.9000000000005379 0
1232 0.09999999999951946 0.5200000000014067 0
1233 0.09999999999954688 0.8199999999998684 0
1234 0.09999999999964 0.8399999999997974 0
1235 0.9200000000001163 0.1399999999998068 0
1236 0.07999999999953865 0.7400000000004611 0
1237 0.9000000000002365 0.3599999999990878 0
1238 0.9000000000002376 0.3799999999990271 0
1239 0.07999999999956241 0.7800000000001478 0
1240 0.8999999999999426 0.1000000000000273 0
1241 0.3799999999990571 0.09999999999976257 0
1242 0.09999999999940949 0.6000000000013445 0
1243 0.2799999999993082 0.09999999999967243 0
1244 0.9000000000002339 0.3399999999991556 0
1245 0.9000000000002066 0.2199999999994447 0
1246 0.7000000000005456 0.9000000000005809 0
1247 0.3599999999991281 0.09999999999976115 0
1248 0.6600000000008266 0.9000000000005984 0
1249 0.09999999999943181 0.7200000000006445 0
1250 0.1999999987734223 0.09999999877348728 0
1251 0.1799999890152919 0.099999989015313 0
1252 0.1199995823250923 0.1199995823251044 0
1253 0.5000000000014554 0.8800000000006257 0
1254 0.86000000000018 0.539999999999111 0
1255 0.1399999999996214 0.4600000000013633 0
1256 0.2999999999993443 0.1199999999997153 0
1257 0.8799999999999715 0.6599999999992529 0
1258 0.1200000000001795 0.2800000000009628 0
1259 0.6999999999993195 0.120000000000144 0
1260 0.2800000000009418 0.8799999999998533 0
1261 0.8799999999999246 0.7399999999993475 0
1262 0.8800000000002433 0.2399999999993948 0
1263 0.8399999999997407 0.1200000000001357 0
1264 0.200000000000778 0.8799999999998296 0
1265 0.1199999998667562 0.2199999998672623 0
1266 0.5999999999991856 0.1200000000000473 0
1267 0.1199999999995347 0.8199999999998839 0
1268 0.8799999999999319 0.8399999999998294 0
1269 0.90000000000016 0.1599999999997785 0
1270 0.1199999999994294 0.5200000000013291 0
1271 0.8800000000002753 0.3599999999990963 0
1272 0.1199999677778369 0.1599999677780566 0
1273 0.1999999987855864 0.1199999987855262 0
1274 0.8799999999999834 0.1200000000000531 0
1275 0.1199999999999156 0.4000000000013417 0
1276 0.5399999999990586 0.09999999999993946 0
1277 0.4400000000014928 0.9000000000002634 0
1278 0.8800000000000491 0.5999999999991462 0
1279 0.09999999999943793 0.5600000000014009 0
1280 0.120000000000092 0.340000000001181 0
1281 0.339999999999214 0.1199999999997174 0
1282 0.8800000000002793 0.3999999999990063 0
1283 0.1599999698984702 0.1199999698983718 0
1284 0.8800000000002698 0.3199999999992211 0
1285 0.6200000000011211 0.9000000000006121 0
1286 0.0999999999994606 0.7600000000003208 0
1287 0.1399999475173913 0.1399999475173501 0
1288 0.5400000000014684 0.9000000000005963 0
1289 0.8999999999999158 0.859999999999797 0
1290 0.1199999999998465 0.4200000000013973 0
1291 0.4600000000015533 0.9000000000003535 0
1292 0.1000000000001657 0.300000000001115 0
1293 0.1199999999995991 0.4800000000013896 0
1294 0.0999999999994715 0.5400000000013987 0
1295 0.8800000000000768 0.5799999999991052 0
1296 0.4799999999989485 0.09999999999980008 0
1297 0.9000000000002303 0.4399999999989795 0
1298 0.2600000000008983 0.8799999999998406 0
1299 0.3200000000010474 0.879999999999898 0
1300 0.1199999999998723 0.8599999999998029 0
1301 0.3400000000010879 0.8799999999999364 0
1302 0.8399999999999468 0.9000000000003874 0
1303 0.8799999999999241 0.7599999999993897 0
1304 0.659999999999247 0.120000000000124 0
1305 0.3800000000011553 0.8800000000000662 0
1306 0.4200000000012477 0.8800000000002453 0
1307 0.9000000000001975 0.4799999999990419 0
1308 0.5599999999990973 0.09999999999998417 0
1309 0.5199999999990176 0.09999999999988729 0
1310 0.6399999999992226 0.1200000000001058 0
1311 0.7399999999993832 0.1000000000001466 0
1312 0.1400000000002824 0.8799999999998239 0
1313 0.120000000000044 0.3600000000012346 0
1314 0.5799999999991237 0.1000000000000223 0
1315 0.89999999999991 0.7999999999994654 0
1316 0.1800000000007305 0.8999999999998255 0
1317 0.8800000000002077 0.4999999999991117 0
1318 0.8199999999996185 0.1200000000001485 0
1319 0.8799999999999367 0.6999999999992947 0
1320 0.8000000000000331 0.9000000000005099 0
1321 0.2400000000008675 0.879999999999833 0
1322 0.09999999997445685 0.2399999999751296 0
1323 0.1199999906900072 0.1799999906903387 0
1324 0.7799999999994556 0.1000000000001481 0
1325 0.8800000000000238 0.619999999999187 0
1326 0.8799999999999242 0.8800000000000724 0
1327 0.880000000000172 0.5199999999990987 0
1328 0.3999999999989938 0.0999999999997648 0
1329 0.4399999999989185 0.0999999999997714 0
1330 0.2599999999966853 0.09999999999695977 0
1331 0.6800000000006815 0.9000000000005893 0
1332 0.1199998398088511 0.1399998398089485 0
1333 0.09999999999942162 0.7000000000007722 0
1334 0.8800000000002606 0.2799999999993117 0
1335 0.09999999999940756 0.660000000001019 0
1336 0.7600000000001856 0.8800000000006409 0
1337 0.580000000001338 0.900000000000614 0
1338 0.09999999999940569 0.6200000000012559 0
1339 0.9000000000001966 0.1999999999995259 0
1340 0.700000000000495 0.8800000000006776 0
1341 0.7200000000003813 0.8800000000006659 0
1342 0.3799999999990925 0.1199999999997196 0
1343 0.2199999996958258 0.09999999969594468 0
1344 0.6400000000009739 0.9000000000006053 0
1345 0.09999999999950956 0.7999999999999901 0
1346 0.09999999999944623 0.7400000000004903 0
1347 0.9000000000001105 0.1399999999998964 0
1348 0.3800000000010212 0.8600000000001211 0
1349 0.1199999999993048 0.6400000000011323 0
1350 0.5999999999992219 0.1400000000000326 0
1351 0.1400000000000065 0.3600000000011428 0
1352 0.2800000000008586 0.8599999999998846 0
1353 0.8600000000003006 0.2999999999992714 0
1354 0.700000000000458 0.86000000000077 0
1355 0.1199999999993426 0.7200000000006408 0
1356 0.8599999999999521 0.7399999999994071 0
1357 0.6000000000011594 0.8800000000007246 0
1358 0.8399999999998685 0.1400000000001117 0
1359 0.4599999999989917 0.11999999999974 0
1360 0.5199999999990962 0.1199999999998568 0
1361 0.8600000000000877 0.599999999999198 0
1362 0.82000000000002 0.8800000000005236 0
1363 0.5600000000013093 0.8800000000007198 0
1364 0.1200000000001548 0.3000000000010351 0
1365 0.3400000000009633 0.8599999999999788 0
1366 0.1400000000000357 0.8599999999998358 0
1367 0.6399999999992679 0.1400000000000978 0
1368 0.119999999974839 0.2399999999754327 0
1369 0.7399999999994012 0.1200000000001532 0
1370 0.1800000000006448 0.8799999999998344 0
1371 0.8599999999999496 0.8800000000002607 0
1372 0.7400000000002663 0.8600000000007403 0
1373 0.6600000000007578 0.8800000000007009 0
1374 0.1199999999994569 0.7999999999999803 0
1375 0.2199999997121977 0.1199999997121972 0
1376 0.1599999817191896 0.1399999817190448 0
1377 0.1399999756829455 0.1599999756829815 0
1378 0.8799999999999333 0.8599999999999798 0
1379 0.4400000000013148 0.8800000000003428 0
1380 0.8599999999998786 0.1200000000000992 0
1381 0.1200000000001248 0.320000000001108 0
1382 0.1399999999994247 0.5000000000012814 0
1383 0.419999999998995 0.1199999999997257 0
1384 0.1199999999993775 0.5400000000013272 0
1385 0.1199999999993214 0.5800000000013423 0
1386 0.4000000000011976 0.8800000000001542 0
1387 0.8799999999999979 0.6399999999992216 0
1388 0.8800000000002614 0.4599999999990834 0
1389 0.8800000000002393 0.4799999999991051 0
1390 0.5399999999991281 0.1199999999999137 0
1391 0.1199999999952708 0.2599999999959604 0
1392 0.7199999999993619 0.1200000000001488 0
1393 0.1600000000004643 0.8799999999998339 0
1394 0.6799999999992806 0.1200000000001346 0
1395 0.1399999999998636 0.4000000000012638 0
1396 0.8799999999999251 0.7999999999995367 0
1397 0.8799999999999251 0.7799999999994509 0
1398 0.5599999999991511 0.1199999999999633 0
1399 0.3000000000009919 0.8799999999998753 0
1400 0.8600000000002147 0.5199999999991284 0
1401 0.8799999999999304 0.7199999999993205 0
1402 0.2600000000008442 0.8599999999998691 0
1403 0.8799999999999524 0.6799999999992768 0
1404 0.2200000000008319 0.8799999999998308 0
1405 0.5799999999991681 0.1200000000000067 0
1406 0.8799999999999293 0.8199999999996878 0
1407 0.7799999999994709 0.1200000000001553 0
1408 0.7999999999995325 0.1200000000001531 0
1409 0.1199999981974381 0.199999998197847 0
1410 0.8600000000001471 0.5599999999991184 0
1411 0.3599999999991531 0.119999999999718 0
1412 0.3199999999992791 0.1199999999997186 0
1413 0.1399999999997089 0.4400000000013642 0
1414 0.1399999999995225 0.4800000000013295 0
1415 0.4800000000014375 0.8800000000005399 0
1416 0.8800000000002773 0.4199999999990144 0
1417 0.1799999902870773 0.1199999902869869 0
1418 0.8800000000002143 0.1999999999995669 0
1419 0.8800000000002299 0.2199999999994642 0
1420 0.4799999999990235 0.1199999999997626 0
1421 0.1199999999993106 0.6000000000013075 0
1422 0.8800000000002779 0.3799999999990435 0
1423 0.8800000000002521 0.259999999999352 0
1424 0.5200000000014185 0.8800000000006791 0
1425 0.7800000000001168 0.880000000000618 0
1426 0.1199999999996906 0.8399999999998344 0
1427 0.09999999999948331 0.780000000000144 0
1428 0.1199999999993162 0.6800000000008959 0
1429 0.2799999999991107 0.1199999999993897 0
1430 0.8800000000002722 0.3399999999991623 0
1431 0.9000000000001805 0.17999999999965 0
1432 0.3999999999990395 0.1199999999997224 0
1433 0.6800000000006231 0.8800000000006888 0
1434 0.239999999929961 0.09999999993015007 0
1435 0.6200000000010421 0.8800000000007189 0
1436 0.1199999999993813 0.7600000000003024 0
1437 0.8800000000001488 0.1599999999998767 0
1438 0.8800000000000724 0.1399999999999808 0
1439 0.1599999999993466 0.5000000000012359 0
1440 0.459999999999067 0.1399999999997028 0
1441 0.8400000000002249 0.5399999999991434 0
1442 0.5200000000012726 0.8600000000007867 0
1443 0.3399999999992424 0.1399999999996754 0
1444 0.1399999999998316 0.2800000000005532 0
1445 0.7199999999993865 0.1400000000001479 0
1446 0.2800000000007875 0.8399999999999278 0
1447 0.8600000000002671 0.2399999999994059 0
1448 0.1800000000005 0.8599999999998555 0
1449 0.8599999999999568 0.819999999999895 0
1450 0.5199999999991689 0.1399999999998262 0
1451 0.8600000000000052 0.6599999999993007 0
1452 0.8600000000003132 0.3599999999991185 0
1453 0.15999999043138 0.159999990431227 0
1454 0.1399999999994313 0.7999999999999854 0
1455 0.859999999999961 0.8600000000002136 0
1456 0.1399999997942363 0.2199999997945535 0
1457 0.1399999999998152 0.8399999999998665 0
1458 0.4199999999990577 0.139999999999685 0
1459 0.7999999999995894 0.140000000000149 0
1460 0.1399999925279433 0.1799999925280472 0
1461 0.860000000000319 0.3999999999990609 0
1462 0.1599999999995508 0.4600000000013192 0
1463 0.2999999999993515 0.1399999999996439 0
1464 0.860000000000305 0.3199999999992256 0
1465 0.2599999999932249 0.1199999999933983 0
1466 0.2199999998462151 0.1399999998460957 0
1467 0.1600000000002631 0.8599999999998528 0
1468 0.4600000000013793 0.8800000000004424 0
1469 0.8600000000000891 0.1599999999999634 0
1470 0.5800000000012443 0.8800000000007235 0
1471 0.1400000000000988 0.3200000000010083 0
1472 0.1399999999997866 0.4200000000013229 0
1473 0.1400000000000567 0.3400000000010745 0
1474 0.8600000000001164 0.5799999999991541 0
1475 0.1399999999992875 0.5400000000012386 0
1476 0.1399999999993473 0.5200000000012523 0
1477 0.4399999999989841 0.1199999999997316 0
1478 0.1199999999993451 0.5600000000013347 0
1479 0.8800000000002717 0.4399999999990483 0
1480 0.3600000000009911 0.8600000000000418 0
1481 0.8599999999999582 0.7199999999993822 0
1482 0.6799999999993156 0.1400000000001307 0
1483 0.4200000000010831 0.8600000000003191 0
1484 0.4000000000010501 0.8600000000002186 0
1485 0.8000000000000639 0.8800000000005798 0
1486 0.1399999999974925 0.2599999999981076 0
1487 0.4999999999990603 0.1199999999998032 0
1488 0.6199999999992452 0.1400000000000685 0
1489 0.8599999999999507 0.7799999999995243 0
1490 0.8599999999999517 0.7599999999994518 0
1491 0.6599999999992899 0.140000000000116 0
1492 0.1399999999999383 0.3800000000011995 0
1493 0.5399999999991821 0.1399999999998871 0
1494 0.5799999999992042 0.1399999999999884 0
1495 0.8600000000002506 0.4999999999991475 0
1496 0.8600000000003031 0.4599999999991514 0
1497 0.3000000000008882 0.8599999999999105 0
1498 0.3200000000009243 0.859999999999941 0
1499 0.8199999999997218 0.1400000000001332 0
1500 0.2200000000007865 0.8599999999998535 0
1501 0.2400000000008245 0.8599999999998601 0
1502 0.7599999999994356 0.120000000000154 0
1503 0.8599999999999838 0.6799999999993285 0
1504 0.8600000000000612 0.6199999999992383 0
1505 0.379999999999132 0.1399999999996774 0
1506 0.5000000000012516 0.8600000000007255 0
1507 0.1199999999993615 0.7400000000004749 0
1508 0.8600000000002072 0.1999999999996303 0
1509 0.1199999999993064 0.6200000000012312 0
1510 0.7600000000001969 0.8600000000007202 0
1511 0.5400000000013673 0.8800000000007051 0
1512 0.640000000000902 0.8800000000007101 0
1513 0.8399999999999809 0.8800000000004116 0
1514 0.1199999999993285 0.7000000000007702 0
1515 0.8600000000002925 0.2799999999993127 0
1516 0.8599999999999849 0.1400000000000466 0
1517 0.7200000000003594 0.8600000000007546 0
1518 0.1199999999993096 0.6600000000010129 0
1519 0.6800000000005728 0.8600000000007849 0
1520 0.2399999999227811 0.1199999999228591 0
1521 0.1999999989155189 0.139999998915338 0
1522 0.179999993358578 0.1399999933583908 0
1523 0.1199999999994147 0.780000000000125 0
1524 0.88000000000018 0.1799999999997249 0
1525 0.5199999999992244 0.1599999999997966 0
1526 0.4200000000009283 0.8400000000003968 0
1527 0.6199999999992889 0.1600000000000531 0
1528 0.8400000000003331 0.2999999999992737 0
1529 0.1599999999999612 0.3600000000010187 0
1530 0.8400000000000455 0.6599999999993672 0
1531 0.6800000000005371 0.840000000000877 0
1532 0.1399999999992111 0.6400000000011008 0
1533 0.8399999999999945 0.7199999999994593 0
1534 0.1399999999992591 0.7200000000005776 0
1535 0.1599999999998616 0.2800000000005156 0
1536 0.7400000000002791 0.8400000000008199 0
1537 0.6000000000010963 0.8600000000008282 0
1538 0.8000000000000896 0.8600000000006381 0
1539 0.1599999959744237 0.1799999959742903 0
1540 0.7999999999996756 0.1600000000001159 0
1541 0.8399999999999702 0.1600000000000265 0
1542 0.860000000000313 0.4399999999991205 0
1543 0.159999999999725 0.4200000000012503 0
1544 0.8400000000001594 0.5799999999992091 0
1545 0.3800000000008763 0.840000000000187 0
1546 0.4999999999991414 0.1399999999997694 0
1547 0.839999999999987 0.7599999999995329 0
1548 0.6599999999993268 0.1600000000001053 0
1549 0.2400000000007676 0.8399999999998961 0
1550 0.3400000000008238 0.8400000000000337 0
1551 0.300000000000793 0.8399999999999567 0
1552 0.8399999999999969 0.8600000000004084 0
1553 0.2199999998649122 0.1599999998646801 0
1554 0.1799999962276407 0.1599999962273864 0
1555 0.1600000000000145 0.8399999999998838 0
1556 0.8599999999999616 0.8400000000000869 0
1557 0.4600000000011705 0.8600000000005326 0
1558 0.4800000000012123 0.860000000000636 0
1559 0.8600000000003175 0.4199999999990854 0
1560 0.1600000000000176 0.3400000000009562 0
1561 0.159999999999642 0.4400000000013019 0
1562 0.8400000000001919 0.5599999999991667 0
1563 0.1599999999992648 0.5200000000011901 0
1564 0.1399999999992294 0.580000000001252 0
1565 0.1399999999992541 0.5600000000012406 0
1566 0.4799999999991049 0.1399999999997288 0
1567 0.139999999999601 0.8199999999999157 0
1568 0.860000000000034 0.6399999999992732 0
1569 0.7800000000001405 0.8600000000006863 0
1570 0.6200000000009765 0.860000000000821 0
1571 0.5799999999992386 0.1599999999999673 0
1572 0.6999999999993495 0.1400000000001398 0
1573 0.4399999999990525 0.139999999999692 0
1574 0.2600000000007876 0.8399999999999098 0
1575 0.8600000000002813 0.4799999999991549 0
1576 0.1399999999572683 0.2399999999577383 0
1577 0.5599999999991921 0.1399999999999401 0
1578 0.1399999978444615 0.199999997844647 0
1579 0.1400000000000729 0.3000000000008851 0
1580 0.2000000000006697 0.859999999999855 0
1581 0.859999999999954 0.7999999999996869 0
1582 0.759999999999455 0.1400000000001539 0
1583 0.779999999999511 0.1400000000001505 0
1584 0.8400000000001313 0.5999999999992583 0
1585 0.8599999999999695 0.6999999999993576 0
1586 0.7399999999994213 0.1400000000001513 0
1587 0.4400000000011238 0.860000000000425 0
1588 0.8400000000002944 0.4999999999991761 0
1589 0.8400000000002592 0.5199999999991559 0
1590 0.1599999999998064 0.4000000000011734 0
1591 0.3599999999991849 0.1399999999996757 0
1592 0.3999999999990898 0.1399999999996809 0
1593 0.2799999999987722 0.1399999999989606 0
1594 0.2399999999419352 0.1399999999419045 0
1595 0.8600000000002413 0.2199999999994958 0
1596 0.8600000000003167 0.379999999999079 0
1597 0.1399999999993092 0.7600000000002466 0
1598 0.1599999999994488 0.4800000000012893 0
1599 0.5600000000012336 0.8600000000008258 0
1600 0.139999999999226 0.6800000000008726 0
1601 0.8600000000002811 0.2599999999993559 0
1602 0.540000000001257 0.8600000000008123 0
1603 0.7000000000004412 0.8400000000008583 0
1604 0.3199999999993046 0.1399999999996729 0
1605 0.1399999999992173 0.600000000001233 0
1606 0.860000000000309 0.3399999999991739 0
1607 0.6600000000006989 0.8600000000007981 0
1608 0.1399999999993563 0.7800000000001028 0
1609 0.8600000000001445 0.1799999999998056 0
1610 0.82000000000034 0.499999999999211 0
1611 0.1799999999991852 0.5200000000011525 0
1612 0.5200000000010773 0.840000000000887 0
1613 0.179999999999662 0.4200000000011695 0
1614 0.3799999999991711 0.1599999999996358 0
1615 0.6800000000005185 0.8200000000009652 0
1616 0.3000000000007235 0.8200000000000108 0
1617 0.7199999999994151 0.1600000000001405 0
1618 0.8400000000003579 0.3999999999991125 0
1619 0.1599999999992567 0.7600000000001925 0
1620 0.7800000000001609 0.8400000000007406 0
1621 0.8200000000002067 0.5799999999992804 0
1622 0.1599999999991275 0.6000000000011222 0
1623 0.1799999999999123 0.3600000000008979 0
1624 0.4599999999991443 0.1599999999996664 0
1625 0.8399999999999911 0.7999999999998694 0
1626 0.6000000000010532 0.8400000000009278 0
1627 0.8400000000002843 0.2399999999994434 0
1628 0.8400000000000006 0.8400000000003193 0
1629 0.4800000000009805 0.8400000000007328 0
1630 0.4999999999992108 0.1599999999997373 0
1631 0.8400000000000066 0.699999999999434 0
1632 0.840000000000075 0.6399999999993349 0
1633 0.4400000000009473 0.8400000000005088 0
1634 0.1600000000000389 0.3000000000007859 0
1635 0.2600000000007355 0.8199999999999582 0
1636 0.8400000000003454 0.4599999999991908 0
1637 0.159999999968882 0.2399999999692001 0
1638 0.1599999986319577 0.1999999986319003 0
1639 0.5599999999992267 0.1599999999999166 0
1640 0.1799999999993769 0.4800000000012624 0
1641 0.3399999999992704 0.1599999999996339 0
1642 0.2999999999993446 0.1599999999995524 0
1643 0.2399999999621688 0.159999999962028 0
1644 0.84000000000035 0.3599999999991435 0
1645 0.8400000000003391 0.3199999999992308 0
1646 0.8199999999998253 0.1600000000000708 0
1647 0.8400000000003578 0.4199999999991382 0
1648 0.3200000000008081 0.839999999999992 0
1649 0.8200000000002717 0.5399999999992049 0
1650 0.1599999999991663 0.5600000000011381 0
1651 0.1599999999992076 0.5400000000011596 0
1652 0.8400000000000241 0.6799999999994033 0
1653 0.400000000000906 0.8400000000002901 0
1654 0.8400000000001039 0.6199999999992992 0
1655 0.1599999999994763 0.7999999999999973 0
1656 0.7600000000002184 0.8400000000007878 0
1657 0.1600000000000509 0.320000000000891 0
1658 0.8399999999999902 0.7399999999994895 0
1659 0.5999999999992629 0.1600000000000121 0
1660 0.4199999999991194 0.1599999999996452 0
1661 0.6399999999993097 0.1600000000000827 0
1662 0.1599999999998865 0.3800000000010929 0
1663 0.779999999999568 0.1600000000001357 0
1664 0.1799999981949182 0.1799999981946395 0
1665 0.8400000000003248 0.479999999999189 0
1666 0.1599999999924102 0.2599999999929217 0
1667 0.6600000000006523 0.8400000000008923 0
1668 0.8399999999999889 0.7799999999996626 0
1669 0.5399999999992223 0.1599999999998598 0
1670 0.1800000000002518 0.8399999999998897 0
1671 0.360000000000847 0.8400000000001018 0
1672 0.2200000000006728 0.8399999999998915 0
1673 0.7399999999994493 0.160000000000145 0
1674 0.6799999999993485 0.1600000000001198 0
1675 0.8400000000001637 0.1999999999997078 0
1676 0.1799999999994818 0.4600000000012727 0
1677 0.1399999999992842 0.7400000000004072 0
1678 0.58000000000118 0.8600000000008281 0
1679 0.1399999999992173 0.6600000000009919 0
1680 0.7200000000003571 0.840000000000839 0
1681 0.8400000000003228 0.2799999999993177 0
1682 0.1599999999997309 0.8199999999999321 0
1683 0.1399999999992412 0.7000000000007269 0
1684 0.5600000000011629 0.8400000000009273 0
1685 0.8200000000000406 0.8600000000005379 0
1686 0.1399999999992127 0.6200000000011755 0
1687 0.6400000000008379 0.8600000000008096 0
1688 0.2599999999838199 0.1399999999838946 0
1689 0.1999999987595105 0.1599999987592426 0
1690 0.84000000000006 0.1799999999998809 0
1691 0.4999999999992617 0.1799999999997046 0
1692 0.1999999999993053 0.4800000000012276 0
1693 0.4400000000007925 0.8200000000005937 0
1694 0.5999999999993068 0.1799999999999906 0
1695 0.8200000000000922 0.6599999999994498 0
1696 0.8200000000003647 0.2999999999992851 0
1697 0.8200000000000389 0.7199999999995487 0
1698 0.1799999999994681 0.2800000000000014 0
1699 0.7199999999994567 0.1800000000001288 0
1700 0.7400000000003021 0.8200000000008926 0
1701 0.8200000000000344 0.7799999999998843 0
1702 0.3800000000007345 0.8200000000002589 0
1703 0.6600000000006184 0.8200000000009828 0
1704 0.1799999992899195 0.1999999992896888 0
1705 0.7799999999996784 0.1800000000001055 0
1706 0.1799999999998324 0.3800000000009797 0
1707 0.6399999999993436 0.1800000000000663 0
1708 0.5399999999992557 0.1799999999998322 0
1709 0.159999999999122 0.640000000001044 0
1710 0.1599999999991403 0.6800000000008303 0
1711 0.8200000000000486 0.840000000000502 0
1712 0.6400000000007839 0.840000000000906 0
1713 0.2599999999888475 0.1599999999888181 0
1714 0.2399999999783429 0.179999999978092 0
1715 0.1999999992816971 0.1799999992813691 0
1716 0.8399999999999973 0.8200000000001233 0
1717 0.1599999995948851 0.2199999995949956 0
1718 0.8199999999999489 0.1799999999999583 0
1719 0.5000000000010234 0.8400000000008226 0
1720 0.1799999999997465 0.4000000000010764 0
1721 0.3400000000007064 0.8200000000000961 0
1722 0.1799999999995759 0.4400000000012347 0
1723 0.8200000000002388 0.5599999999992387 0
1724 0.4799999999991796 0.1599999999996949 0
1725 0.1799999999991255 0.5400000000011015 0
1726 0.8200000000000688 0.6799999999994902 0
1727 0.1599999999991434 0.5800000000011294 0
1728 0.4200000000007892 0.8200000000004783 0
1729 0.8200000000001499 0.6199999999993661 0
1730 0.8200000000001781 0.599999999999327 0
1731 0.1599999999993451 0.7800000000000875 0
1732 0.4600000000009646 0.840000000000622 0
1733 0.1800000000000187 0.3200000000007884 0
1734 0.1799999999999716 0.3400000000008451 0
1735 0.7600000000002369 0.8200000000008425 0
1736 0.6999999999993813 0.1600000000001308 0
1737 0.5800000000011349 0.8400000000009289 0
1738 0.3999999999991393 0.15999999999964 0
1739 0.2800000000007354 0.8199999999999823 0
1740 0.7599999999995016 0.1600000000001427 0
1741 0.8200000000003693 0.4799999999992081 0
1742 0.1799999999953638 0.2599999999957091 0
1743 0.2400000000006714 0.8199999999999453 0
1744 0.3200000000007185 0.82000000000005 0
1745 0.2000000000004797 0.8399999999998912 0
1746 0.6599999999993537 0.1800000000000885 0
1747 0.8200000000000338 0.7399999999996079 0
1748 0.8200000000003053 0.5199999999992073 0
1749 0.55999999999926 0.1799999999998899 0
1750 0.8400000000003537 0.4399999999991639 0
1751 0.439999999999123 0.1599999999996536 0
1752 0.8400000000003446 0.3399999999991861 0
1753 0.8400000000002363 0.2199999999995628 0
1754 0.7000000000004393 0.8200000000009433 0
1755 0.5400000000011312 0.8400000000009141 0
1756 0.1799999999992748 0.5000000000012118 0
1757 0.319999999999328 0.1599999999996227 0
1758 0.8400000000003072 0.2599999999993737 0
1759 0.1599999999991817 0.7200000000004827 0
1760 0.1599999999991227 0.6200000000010868 0
1761 0.1799999999996511 0.7999999999999983 0
1762 0.1799999999999579 0.8199999999999382 0
1763 0.800000000000103 0.8400000000006386 0
1764 0.3599999999992161 0.159999999999634 0
1765 0.8400000000003547 0.3799999999991144 0
1766 0.6200000000009224 0.8400000000009186 0
1767 0.2799999999969934 0.159999999997084 0
1768 0.1599999999992164 0.7400000000003273 0
1769 0.8000000000003853 0.4999999999992607 0
1770 0.5600000000010891 0.8200000000010241 0
1771 0.4400000000006504 0.8000000000006781 0
1772 0.539999999999291 0.1999999999998022 0
1773 0.800000000000228 0.5999999999994001 0
1774 0.6600000000005983 0.8000000000010702 0
1775 0.1999999999997784 0.380000000000871 0
1776 0.3799999999992134 0.1799999999995947 0
1777 0.1799999999990361 0.6400000000009626 0
1778 0.6399999999993687 0.2000000000000451 0
1779 0.3400000000006242 0.8000000000001635 0
1780 0.2800000000006875 0.8000000000000409 0
1781 0.1799999999991154 0.7200000000004192 0
1782 0.8200000000003966 0.3999999999991271 0
1783 0.8000000000000894 0.7199999999996924 0
1784 0.7400000000003161 0.8000000000009518 0
1785 0.1999999999994909 0.2799999999998019 0
1786 0.2999999999992923 0.1799999999993992 0
1787 0.8200000000003312 0.2599999999994225 0
1788 0.8200000000000409 0.8000000000001417 0
1789 0.1799999997539781 0.2199999997538993 0
1790 0.5200000000009144 0.8200000000009831 0
1791 0.1999999999995108 0.4400000000011563 0
1792 0.4599999999992228 0.1799999999996298 0
1793 0.1799999999990425 0.6000000000009963 0
1794 0.1799999999990855 0.5600000000010589 0
1795 0.1999999999999275 0.3400000000007429 0
1796 0.6999999999994161 0.1800000000001183 0
1797 0.7599999999995789 0.1800000000001271 0
1798 0.8000000000003199 0.5399999999993013 0
1799 0.8200000000003864 0.3599999999991587 0
1800 0.8200000000003727 0.3199999999992389 0
1801 0.6000000000009995 0.8200000000010227 0
1802 0.6400000000007379 0.8200000000009986 0
1803 0.2599999999925865 0.1799999999924434 0
1804 0.8000000000001054 0.8200000000005802 0
1805 0.1799999999343605 0.2399999999344849 0
1806 0.3600000000007157 0.8200000000001696 0
1807 0.1999999999994124 0.4600000000012093 0
1808 0.8000000000002876 0.559999999999331 0
1809 0.479999999999245 0.1799999999996597 0
1810 0.8200000000003979 0.4199999999991381 0
1811 0.8200000000003872 0.4599999999991869 0
1812 0.4800000000007948 0.8200000000008241 0
1813 0.179999999999277 0.7600000000001611 0
1814 0.6799999999993782 0.1800000000001047 0
1815 0.820000000000052 0.6999999999995238 0
1816 0.5799999999992796 0.1799999999999417 0
1817 0.6199999999993292 0.1800000000000316 0
1818 0.7399999999995097 0.1800000000001315 0
1819 0.1999999996686861 0.199999999668362 0
1820 0.5199999999992603 0.1799999999997672 0
1821 0.260000000000664 0.8000000000000171 0
1822 0.4000000000007664 0.8200000000003664 0
1823 0.4199999999991914 0.1799999999996056 0
1824 0.179999999999923 0.3000000000005747 0
1825 0.8200000000001214 0.6399999999994064 0
1826 0.2000000000002321 0.8199999999999386 0
1827 0.2200000000004853 0.8199999999999403 0
1828 0.8200000000000333 0.7599999999997326 0
1829 0.3200000000006518 0.8000000000001144 0
1830 0.799999999999825 0.1800000000000394 0
1831 0.1999999999995989 0.4200000000010654 0
1832 0.3399999999993055 0.1799999999995924 0
1833 0.4600000000007923 0.82000000000071 0
1834 0.8200000000002898 0.2399999999995433 0
1835 0.6800000000005161 0.8000000000010494 0
1836 0.1599999999991595 0.7000000000006635 0
1837 0.1999999999991094 0.5200000000011348 0
1838 0.1999999999992012 0.5000000000011898 0
1839 0.1599999999991297 0.6600000000009539 0
1840 0.8200000000000472 0.8200000000003485 0
1841 0.7200000000003686 0.8200000000009183 0
1842 0.179999999999452 0.7800000000000749 0
1843 0.820000000000351 0.2799999999993484 0
1844 0.780000000000169 0.8200000000007347 0
1845 0.2199999997769652 0.1799999997766564 0
1846 0.8200000000000968 0.1999999999998207 0
1847 0.7800000000003691 0.5399999999994057 0
1848 0.2199999999990336 0.5200000000011058 0
1849 0.6600000000005939 0.7800000000011545 0
1850 0.800000000000395 0.2999999999993243 0
1851 0.3400000000005604 0.7800000000002359 0
1852 0.6999999999994602 0.2000000000001016 0
1853 0.7399999999996141 0.200000000000114 0
1854 0.280000000000602 0.7800000000001062 0
1855 0.2599999999963525 0.1999999999961037 0
1856 0.2199999999994453 0.4400000000010395 0
1857 0.8000000000004387 0.4199999999991151 0
1858 0.1999999999994319 0.7600000000001428 0
1859 0.8000000000003455 0.2599999999995428 0
1860 0.8000000000000909 0.7800000000002399 0
1861 0.4000000000006287 0.8000000000004448 0
1862 0.5799999999993184 0.199999999999915 0
1863 0.6199999999993613 0.2000000000000087 0
1864 0.7200000000003827 0.8000000000009949 0
1865 0.1999999999998898 0.3000000000003911 0
1866 0.8000000000001715 0.6399999999994843 0
1867 0.8000000000000859 0.7399999999998448 0
1868 0.2200000000002824 0.799999999999996 0
1869 0.2199999998750537 0.1999999998746973 0
1870 0.1999999999999504 0.799999999999998 0
1871 0.7800000000001663 0.8000000000006886 0
1872 0.1999999999707617 0.2399999999706693 0
1873 0.1999999999910157 0.2599999999911141 0
1874 0.7799999999998624 0.2000000000000482 0
1875 0.7999999999999974 0.1999999999999441 0
1876 0.5400000000010152 0.8200000000010108 0
1877 0.1999999999996877 0.4000000000009653 0
1878 0.3800000000006098 0.8000000000003356 0
1879 0.219999999999235 0.4800000000011569 0
1880 0.1799999999990597 0.5800000000010269 0
1881 0.4600000000006443 0.8000000000007974 0
1882 0.1799999999990367 0.6200000000009775 0
1883 0.8000000000002568 0.5799999999993657 0
1884 0.1799999999991922 0.740000000000279 0
1885 0.5000000000008433 0.8200000000009167 0
1886 0.1999999999998595 0.3600000000008027 0
1887 0.8000000000001187 0.6799999999995809 0
1888 0.800000000000102 0.6999999999996269 0
1889 0.5599999999992986 0.1999999999998608 0
1890 0.700000000000447 0.8000000000010247 0
1891 0.3000000000006696 0.8000000000000758 0
1892 0.5800000000010739 0.8200000000010251 0
1893 0.199999999999954 0.3200000000006275 0
1894 0.1999999998602157 0.2199999998599846 0
1895 0.8200000000003951 0.4399999999991569 0
1896 0.4999999999993004 0.1999999999996714 0
1897 0.4599999999992955 0.1999999999995923 0
1898 0.4200000000006469 0.8000000000005605 0
1899 0.2400000000005316 0.8000000000000033 0
1900 0.3600000000006137 0.8000000000002416 0
1901 0.8000000000002006 0.6199999999994373 0
1902 0.3999999999991983 0.1799999999995994 0
1903 0.5199999999992957 0.1999999999997357 0
1904 0.8000000000004313 0.4599999999991642 0
1905 0.800000000000413 0.4799999999992155 0
1906 0.6599999999993784 0.2000000000000682 0
1907 0.8000000000003522 0.5199999999992879 0
1908 0.4399999999992046 0.1799999999996157 0
1909 0.3599999999992531 0.1799999999995927 0
1910 0.8200000000002072 0.2199999999996855 0
1911 0.8200000000003922 0.3799999999991329 0
1912 0.8200000000003795 0.3399999999991961 0
1913 0.6400000000007035 0.800000000001088 0
1914 0.3199999999993585 0.1799999999995638 0
1915 0.1999999999990476 0.5400000000010705 0
1916 0.8000000000000999 0.8000000000004204 0
1917 0.179999999999058 0.6800000000007902 0
1918 0.1799999999990448 0.6600000000009033 0
1919 0.76000000000024 0.80000000000085 0
1920 0.6200000000008694 0.8200000000010123 0
1921 0.2799999999974291 0.1799999999974102 0
1922 0.1799999999990817 0.7000000000006104 0
1923 0.4999999999993434 0.2199999999996356 0
1924 0.4600000000005034 0.7800000000008832 0
1925 0.6199999999993834 0.2199999999999835 0
1926 0.2199999999998092 0.3600000000007036 0
1927 0.3799999999992821 0.1999999999995536 0
1928 0.7800000000002537 0.619999999999518 0
1929 0.1999999999989533 0.6400000000008647 0
1930 0.7800000000001729 0.6799999999996994 0
1931 0.219999999998969 0.5400000000010458 0
1932 0.2199999999999113 0.3000000000001979 0
1933 0.5200000000007724 0.8000000000010753 0
1934 0.7800000000004585 0.4799999999992537 0
1935 0.7200000000003937 0.7800000000010647 0
1936 0.7800000000001475 0.7199999999999511 0
1937 0.6400000000006814 0.780000000001174 0
1938 0.2199999999963362 0.2599999999961943 0
1939 0.5600000000009594 0.8000000000011165 0
1940 0.7800000000004003 0.5199999999993823 0
1941 0.19999999999896 0.6000000000009071 0
1942 0.199999999999077 0.7200000000003844 0
1943 0.3000000000006016 0.7800000000001422 0
1944 0.2199999999404119 0.2199999999400778 0
1945 0.4200000000005047 0.7800000000006412 0
1946 0.5399999999993313 0.2199999999997699 0
1947 0.3399999999993724 0.1999999999995507 0
1948 0.1999999999990062 0.5600000000010117 0
1949 0.8000000000002749 0.2399999999996969 0
1950 0.2400000000003259 0.7800000000000658 0
1951 0.2199999999996292 0.4000000000008423 0
1952 0.2199999999995368 0.4200000000009373 0
1953 0.4000000000005025 0.7800000000005249 0
1954 0.3600000000005313 0.7800000000003158 0
1955 0.2199999999993441 0.4600000000011102 0
1956 0.800000000000437 0.4399999999991305 0
1957 0.4199999999992807 0.1999999999995658 0
1958 0.4399999999992885 0.1999999999995765 0
1959 0.800000000000144 0.6599999999995391 0
1960 0.780000000000308 0.579999999999447 0
1961 0.7800000000003384 0.5599999999994243 0
1962 0.1999999999989795 0.6800000000007284 0
1963 0.5000000000006937 0.8000000000010083 0
1964 0.4800000000006573 0.8000000000009105 0
1965 0.6799999999994113 0.200000000000086 0
1966 0.1999999999992303 0.7400000000002505 0
1967 0.3200000000005861 0.7800000000001848 0
1968 0.5599999999993363 0.2199999999998304 0
1969 0.5999999999993422 0.1999999999999634 0
1970 0.7199999999995346 0.2000000000001104 0
1971 0.4799999999992992 0.1999999999996245 0
1972 0.2600000000005001 0.7800000000000821 0
1973 0.8000000000000872 0.7600000000000482 0
1974 0.7599999999997348 0.2000000000000935 0
1975 0.6399999999993871 0.2200000000000188 0
1976 0.1999999999997098 0.780000000000067 0
1977 0.2199999999998769 0.3400000000006158 0
1978 0.8000000000004144 0.3399999999992034 0
1979 0.8000000000004056 0.3199999999992569 0
1980 0.8000000000004354 0.3999999999991198 0
1981 0.8000000000004224 0.3599999999991655 0
1982 0.7400000000003171 0.780000000000984 0
1983 0.2199999999991283 0.5000000000011398 0
1984 0.6800000000005227 0.7800000000011311 0
1985 0.6000000000009129 0.8000000000011139 0
1986 0.299999999999398 0.1999999999993851 0
1987 0.8000000000003754 0.2799999999994288 0
1988 0.7800000000001587 0.7800000000005733 0
1989 0.6200000000008119 0.8000000000011026 0
1990 0.2399999999609589 0.1999999999606398 0
1991 0.2799999999984245 0.1999999999982922 0
1992 0.8000000000001488 0.2199999999998321 0
1993 0.7600000000004201 0.5399999999994999 0
1994 0.2399999999989604 0.5200000000010367 0
1995 0.5399999999993684 0.2399999999997356 0
1996 0.2399999999994747 0.4200000000007963 0
1997 0.4200000000003817 0.7600000000007219 0
1998 0.6199999999994011 0.2399999999999553 0
1999 0.7800000000004585 0.3599999999991701 0
2000 0.6600000000006027 0.7600000000012356 0
2001 0.3400000000004937 0.7600000000003121 0
2002 0.699999999999523 0.2200000000000804 0
2003 0.7800000000004207 0.2999999999994041 0
2004 0.2800000000003834 0.7600000000001763 0
2005 0.2199999999990898 0.7200000000003469 0
2006 0.2399999999997567 0.3600000000005392 0
2007 0.2999999999995515 0.2199999999994173 0
2008 0.7200000000003917 0.7600000000011107 0
2009 0.780000000000152 0.7600000000004044 0
2010 0.7599999999999363 0.2200000000000455 0
2011 0.7800000000001978 0.6599999999996412 0
2012 0.59999999999937 0.2199999999999362 0
2013 0.2399999999991649 0.4800000000010361 0
2014 0.219999999998926 0.5600000000009819 0
2015 0.219999999999693 0.760000000000138 0
2016 0.7800000000001484 0.7400000000001911 0
2017 0.2199999999988443 0.2799999999988956 0
2018 0.7800000000003332 0.259999999999709 0
2019 0.7800000000002211 0.2399999999998485 0
2020 0.5400000000008677 0.8000000000011034 0
2021 0.7800000000002258 0.6399999999995787 0
2022 0.2399999999992768 0.4600000000009739 0
2023 0.7800000000004312 0.4999999999993329 0
2024 0.7800000000004736 0.4599999999991904 0
2025 0.7800000000004794 0.4199999999991237 0
2026 0.1999999999989536 0.6200000000008814 0
2027 0.1999999999989632 0.6600000000008198 0
2028 0.4800000000005147 0.7800000000009998 0
2029 0.5200000000006172 0.7800000000011639 0
2030 0.7600000000003903 0.5599999999995052 0
2031 0.2199999999997218 0.3800000000007607 0
2032 0.3200000000004964 0.7600000000002577 0
2033 0.579999999999351 0.2199999999998851 0
2034 0.7000000000004573 0.7800000000011001 0
2035 0.2199999999778144 0.2399999999775623 0
2036 0.219999999999914 0.3200000000004402 0
2037 0.4599999999993554 0.2199999999995542 0
2038 0.4199999999993639 0.2199999999995254 0
2039 0.4799999999993492 0.2199999999995872 0
2040 0.2600000000001929 0.7600000000001514 0
2041 0.3800000000005129 0.7800000000004157 0
2042 0.4400000000005053 0.780000000000761 0
2043 0.7800000000002809 0.5999999999994765 0
2044 0.3999999999992788 0.1999999999995588 0
2045 0.7800000000001576 0.6999999999998032 0
2046 0.5199999999993369 0.2199999999997017 0
2047 0.6599999999994073 0.2200000000000444 0
2048 0.7199999999996396 0.2200000000000885 0
2049 0.2799999999991958 0.2199999999989612 0
2050 0.2399999999769261 0.2199999999765726 0
2051 0.3599999999993192 0.1999999999995515 0
2052 0.7800000000000522 0.2199999999999502 0
2053 0.8000000000004295 0.3799999999991378 0
2054 0.3199999999994242 0.1999999999995111 0
2055 0.5800000000009552 0.8000000000011168 0
2056 0.1999999999989788 0.5800000000009602 0
2057 0.2200000000000172 0.7800000000000648 0
2058 0.7800000000004488 0.3399999999992171 0
2059 0.7600000000002358 0.7800000000008138 0
2060 0.6200000000007619 0.7800000000011903 0
2061 0.1999999999990203 0.7000000000005568 0
2062 0.2599999999990946 0.4800000000008912 0
2063 0.7400000000004722 0.5399999999995734 0
2064 0.3400000000003987 0.7400000000003885 0
2065 0.7600000000004947 0.3599999999991905 0
2066 0.2199999999988725 0.6400000000007683 0
2067 0.7600000000002823 0.6399999999997087 0
2068 0.2399999999998423 0.2999999999999025 0
2069 0.699999999999618 0.2400000000000542 0
2070 0.7600000000005044 0.4799999999993606 0
2071 0.2999999999996685 0.2399999999994291 0
2072 0.2799999999999722 0.7400000000002502 0
2073 0.7600000000002174 0.7000000000000945 0
2074 0.3799999999993773 0.2199999999995121 0
2075 0.239999999999666 0.3800000000006191 0
2076 0.7000000000004638 0.7600000000011693 0
2077 0.7600000000002283 0.7600000000007281 0
2078 0.2399999999999359 0.7600000000001405 0
2079 0.5600000000007779 0.7800000000012048 0
2080 0.5400000000007024 0.7800000000011922 0
2081 0.2199999999989084 0.6800000000006223 0
2082 0.2399999999993795 0.440000000000888 0
2083 0.760000000000335 0.5999999999995536 0
2084 0.4600000000003547 0.7600000000009667 0
2085 0.4400000000003685 0.7600000000008432 0
2086 0.3999999999993679 0.2199999999995176 0
2087 0.6799999999994573 0.2200000000000635 0
2088 0.500000000000553 0.7800000000010954 0
2089 0.2399999999995694 0.4000000000007054 0
2090 0.5999999999993938 0.2399999999999074 0
2091 0.2399999999977361 0.259999999997446 0
2092 0.4999999999993895 0.2399999999995991 0
2093 0.5199999999993775 0.2399999999996664 0
2094 0.6800000000005331 0.7600000000012069 0
2095 0.4599999999994104 0.2399999999995146 0
2096 0.400000000000403 0.7600000000006049 0
2097 0.3600000000004577 0.7600000000003939 0
2098 0.2399999999895398 0.2399999999892044 0
2099 0.7600000000003617 0.5799999999995176 0
2100 0.3000000000004414 0.7600000000002147 0
2101 0.7600000000002141 0.7200000000003424 0
2102 0.73999999999979 0.2200000000000782 0
2103 0.7600000000002549 0.6599999999998133 0
2104 0.6399999999994126 0.2399999999999911 0
2105 0.2199999999993513 0.7400000000002341 0
2106 0.5599999999993694 0.2399999999997974 0
2107 0.4399999999993588 0.2199999999995374 0
2108 0.7600000000004785 0.4999999999994324 0
2109 0.7600000000004494 0.5199999999994752 0
2110 0.2399999999998271 0.3400000000003974 0
2111 0.7800000000004748 0.399999999999128 0
2112 0.7800000000003844 0.2799999999995575 0
2113 0.7800000000004792 0.4399999999991567 0
2114 0.3399999999994686 0.2199999999995088 0
2115 0.7800000000004673 0.3799999999991454 0
2116 0.2199999999988793 0.6000000000008577 0
2117 0.2399999999990563 0.5000000000010431 0
2118 0.6200000000007339 0.7600000000012742 0
2119 0.6400000000006748 0.760000000001256 0
2120 0.2399999999988468 0.5600000000009435 0
2121 0.2399999999988943 0.5400000000009908 0
2122 0.2199999999988988 0.5800000000009197 0
2123 0.7800000000004371 0.3199999999992956 0
2124 0.7400000000003089 0.7600000000009597 0
2125 0.6000000000008114 0.7800000000012003 0
2126 0.2599999999929925 0.2199999999926835 0
2127 0.3199999999995256 0.219999999999483 0
2128 0.2199999999989737 0.7000000000004838 0
2129 0.7600000000001204 0.2399999999999615 0
2130 0.4999999999994296 0.2599999999995596 0
2131 0.4600000000002319 0.7400000000010496 0
2132 0.2599999999995105 0.40000000000054 0
2133 0.5999999999994159 0.2599999999998769 0
2134 0.6200000000007393 0.7400000000013549 0
2135 0.7400000000003414 0.6399999999999409 0
2136 0.7600000000004333 0.2999999999995221 0
2137 0.5200000000004947 0.7600000000012489 0
2138 0.6800000000005388 0.7400000000012783 0
2139 0.7400000000002843 0.7000000000005219 0
2140 0.2399999999988523 0.6800000000005326 0
2141 0.7399999999999619 0.2400000000000281 0
2142 0.6799999999995195 0.2400000000000388 0
2143 0.4800000000003625 0.7600000000010849 0
2144 0.3600000000003886 0.7400000000004705 0
2145 0.3000000000001631 0.740000000000288 0
2146 0.420000000000292 0.7400000000008025 0
2147 0.7400000000004161 0.5799999999995719 0
2148 0.5399999999993994 0.2599999999996991 0
2149 0.2599999999997024 0.3600000000002619 0
2150 0.3799999999994642 0.2399999999994698 0
2151 0.2599999999988751 0.2599999999985173 0
2152 0.7200000000003769 0.7400000000011072 0
2153 0.7400000000002953 0.7400000000008766 0
2154 0.2399999999998676 0.3200000000001849 0
2155 0.5600000000006828 0.7600000000012899 0
2156 0.7199999999997823 0.2400000000000513 0
2157 0.2599999999993149 0.4400000000007369 0
2158 0.2199999999988866 0.6600000000007129 0
2159 0.2599999999992087 0.4600000000008199 0
2160 0.7600000000003097 0.6199999999996306 0
2161 0.2599999999988874 0.5200000000009253 0
2162 0.2599999999989845 0.50000000000092 0
2163 0.6599999999994542 0.2400000000000175 0
2164 0.7400000000005001 0.5199999999995648 0
2165 0.7400000000005518 0.4799999999994994 0
2166 0.7600000000005211 0.4199999999992092 0
2167 0.7600000000005056 0.3799999999991702 0
2168 0.5799999999993807 0.2399999999998537 0
2169 0.239999999999206 0.279999999999067 0
2170 0.2799999999991444 0.239999999998835 0
2171 0.3200000000003088 0.7400000000003337 0
2172 0.4199999999994313 0.2399999999994843 0
2173 0.4399999999994199 0.2399999999994967 0
2174 0.740000000000444 0.5599999999995632 0
2175 0.6000000000007593 0.7600000000012849 0
2176 0.7600000000002336 0.6799999999999538 0
2177 0.4799999999993998 0.2399999999995493 0
2178 0.6199999999994245 0.2599999999999244 0
2179 0.3800000000004286 0.7600000000004954 0
2180 0.2599999999997205 0.7400000000002281 0
2181 0.2399999999991684 0.7200000000003194 0
2182 0.7600000000005177 0.4599999999993082 0
2183 0.7600000000004821 0.3399999999992607 0
2184 0.3599999999994128 0.2199999999995098 0
2185 0.2199999999988726 0.6200000000008111 0
2186 0.6600000000006145 0.7400000000013116 0
2187 0.7600000000002202 0.7400000000005464 0
2188 0.2399999999995304 0.7400000000002275 0
2189 0.2599999999987711 0.5600000000008659 0
2190 0.2399999999988003 0.600000000000825 0
2191 0.2399999999988198 0.580000000000883 0
2192 0.2599999999957565 0.2399999999954172 0
2193 0.5800000000008202 0.7800000000012037 0
2194 0.3199999999996178 0.2399999999994584 0
2195 0.7600000000002589 0.259999999999848 0
2196 0.7200000000005256 0.5399999999996211 0
2197 0.2799999999988143 0.520000000000807 0
2198 0.5999999999994412 0.279999999999843 0
2199 0.3600000000003044 0.7200000000005466 0
2200 0.740000000000531 0.3599999999992519 0
2201 0.6799999999996464 0.2600000000000105 0
2202 0.660000000000623 0.7200000000013833 0
2203 0.2599999999998299 0.3199999999999132 0
2204 0.2799999999991425 0.4600000000006735 0
2205 0.3199999999996869 0.2599999999994309 0
2206 0.2999999999997477 0.7200000000003631 0
2207 0.2599999999993028 0.7200000000003141 0
2208 0.7400000000005637 0.4599999999994593 0
2209 0.4800000000002366 0.7400000000011693 0
2210 0.6000000000007684 0.7400000000013662 0
2211 0.740000000000367 0.6199999999997771 0
2212 0.2599999999995322 0.2799999999992574 0
2213 0.3800000000003543 0.7400000000005732 0
2214 0.7400000000002961 0.6800000000003315 0
2215 0.3599999999995019 0.2399999999994676 0
2216 0.7200000000003629 0.7200000000010405 0
2217 0.2599999999997741 0.3400000000000894 0
2218 0.740000000000135 0.259999999999942 0
2219 0.5800000000007488 0.760000000001289 0
2220 0.7400000000003912 0.5999999999996427 0
2221 0.5000000000004144 0.7600000000011803 0
2222 0.7400000000005273 0.4999999999995376 0
2223 0.2599999999994122 0.4200000000006446 0
2224 0.4000000000003245 0.740000000000685 0
2225 0.4599999999994631 0.2599999999994737 0
2226 0.4799999999994465 0.2599999999995085 0
2227 0.4199999999994908 0.2599999999994421 0
2228 0.5799999999994088 0.2599999999998208 0
2229 0.5599999999994003 0.2599999999997619 0
2230 0.7400000000003165 0.6600000000001495 0
2231 0.4400000000002665 0.7400000000009247 0
2232 0.7200000000004982 0.5599999999996023 0
2233 0.5199999999994113 0.2599999999996288 0
2234 0.6999999999998006 0.2600000000000163 0
2235 0.2399999999989758 0.7000000000004298 0
2236 0.639999999999464 0.2599999999999612 0
2237 0.2599999999996097 0.3800000000003991 0
2238 0.3999999999994432 0.2399999999994759 0
2239 0.7600000000005146 0.3999999999991849 0
2240 0.7600000000005218 0.4399999999992661 0
2241 0.3400000000002182 0.720000000000468 0
2242 0.7600000000004634 0.3199999999993783 0
2243 0.2799999999989135 0.5000000000007906 0
2244 0.5400000000006085 0.760000000001277 0
2245 0.6400000000006839 0.7400000000013345 0
2246 0.7000000000004577 0.7400000000012064 0
2247 0.7400000000002879 0.7200000000007085 0
2248 0.2599999999988212 0.5400000000008941 0
2249 0.2599999999987415 0.5800000000008286 0
2250 0.3399999999995537 0.2399999999994652 0
2251 0.2399999999987945 0.6400000000006939 0
2252 0.2399999999987936 0.6200000000007631 0
2253 0.2399999999988133 0.6600000000006232 0
2254 0.299999999999716 0.2599999999993992 0
2255 0.279999999999327 0.2599999999989807 0
2256 0.7600000000003582 0.2799999999996939 0
2257 0.2999999999987429 0.5200000000006921 0
2258 0.4599999999995063 0.2799999999994311 0
2259 0.7000000000005799 0.5399999999996582 0
2260 0.4800000000001655 0.7200000000012506 0
2261 0.2799999999995531 0.380000000000119 0
2262 0.3600000000001177 0.7000000000006232 0
2263 0.7200000000004264 0.6199999999999879 0
2264 0.679999999999878 0.2799999999999732 0
2265 0.2799999999997261 0.3399999999997858 0
2266 0.7400000000004202 0.2999999999996693 0
2267 0.3199999999997212 0.2799999999994 0
2268 0.7200000000005995 0.4799999999996155 0
2269 0.2599999999987217 0.6400000000006546 0
2270 0.5199999999994447 0.279999999999589 0
2271 0.72000000000038 0.6600000000005736 0
2272 0.7200000000003581 0.7000000000009243 0
2273 0.5200000000004444 0.740000000001331 0
2274 0.2799999999986653 0.5800000000007499 0
2275 0.4200000000002264 0.7200000000008827 0
2276 0.3800000000002831 0.7200000000006507 0
2277 0.3799999999995292 0.2599999999994269 0
2278 0.6800000000005334 0.7200000000013306 0
2279 0.2799999999996701 0.2799999999993355 0
2280 0.279999999999496 0.720000000000331 0
2281 0.719999999999976 0.2599999999999918 0
2282 0.7400000000005634 0.4199999999993435 0
2283 0.7400000000005443 0.3799999999992309 0
2284 0.7400000000005661 0.4399999999994104 0
2285 0.5000000000003216 0.7400000000012631 0
2286 0.5600000000007133 0.7400000000013716 0
2287 0.5800000000007675 0.7400000000013708 0
2288 0.2799999999990265 0.4800000000007417 0
2289 0.6599999999995524 0.2599999999999879 0
2290 0.7200000000005772 0.4999999999996299 0
2291 0.2799999999993501 0.4200000000004793 0
2292 0.5799999999994367 0.2799999999997859 0
2293 0.2799999999992502 0.4400000000005889 0
2294 0.2599999999997606 0.2999999999996468 0
2295 0.6200000000007649 0.7200000000014321 0
2296 0.6400000000006993 0.7200000000014106 0
2297 0.2599999999988278 0.6800000000004899 0
2298 0.3999999999995059 0.2599999999994332 0
2299 0.3200000000000032 0.7200000000004103 0
2300 0.2799999999987472 0.5400000000007878 0
2301 0.4600000000001694 0.7200000000011291 0
2302 0.2599999999990236 0.7000000000004064 0
2303 0.4399999999994764 0.2599999999994554 0
2304 0.6199999999994715 0.2799999999998914 0
2305 0.7200000000005513 0.5199999999996298 0
2306 0.4799999999994831 0.2799999999994659 0
2307 0.5399999999994353 0.2799999999996606 0
2308 0.7200000000004722 0.5799999999996268 0
2309 0.7400000000005127 0.3399999999993645 0
2310 0.2599999999987238 0.6000000000007837 0
2311 0.3399999999996174 0.2599999999994257 0
2312 0.7000000000004458 0.7200000000012158 0
2313 0.7400000000002921 0.2799999999998156 0
2314 0.5199999999994888 0.2999999999995479 0
2315 0.480000000000125 0.7000000000013289 0
2316 0.5999999999994813 0.2999999999998063 0
2317 0.2999999999991876 0.4400000000004281 0
2318 0.720000000000565 0.3599999999993584 0
2319 0.3799999999995779 0.2799999999993826 0
2320 0.6200000000007847 0.7000000000015064 0
2321 0.319999999999608 0.7000000000004849 0
2322 0.6600000000006196 0.7000000000014404 0
2323 0.5600000000007542 0.7200000000014513 0
2324 0.2999999999986732 0.5400000000006953 0
2325 0.6599999999997141 0.2799999999999559 0
2326 0.2799999999997684 0.2999999999995237 0
2327 0.3800000000001754 0.7000000000007268 0
2328 0.33999999999966 0.2799999999993859 0
2329 0.2799999999986474 0.6000000000007262 0
2330 0.7000000000004383 0.7000000000011908 0
2331 0.2999999999993072 0.7000000000004406 0
2332 0.7200000000003653 0.680000000000766 0
2333 0.2799999999996466 0.3599999999999361 0
2334 0.5200000000004297 0.7200000000014112 0
2335 0.2999999999989588 0.4800000000006046 0
2336 0.2999999999988441 0.5000000000006576 0
2337 0.7200000000004487 0.5999999999997596 0
2338 0.2799999999987004 0.5600000000007666 0
2339 0.6399999999995716 0.2799999999999283 0
2340 0.2799999999997699 0.3199999999996667 0
2341 0.5599999999994347 0.2799999999997253 0
2342 0.4199999999995445 0.2799999999993985 0
2343 0.4399999999995258 0.2799999999994121 0
2344 0.4000000000002549 0.7200000000007641 0
2345 0.2799999999988629 0.6800000000004897 0
2346 0.3399999999998935 0.7000000000005455 0
2347 0.7200000000004034 0.6400000000003027 0
2348 0.7000000000006044 0.5199999999996749 0
2349 0.7000000000006488 0.4799999999996741 0
2350 0.7200000000006066 0.419999999999438 0
2351 0.4999999999994638 0.2799999999995204 0
2352 0.2799999999991484 0.7000000000004145 0
2353 0.7400000000005551 0.3999999999992694 0
2354 0.700000000000054 0.279999999999962 0
2355 0.7200000000003721 0.2999999999998025 0
2356 0.7200000000001825 0.2799999999999005 0
2357 0.2799999999994503 0.4000000000003093 0
2358 0.2599999999987631 0.660000000000579 0
2359 0.7000000000005541 0.55999999999966 0
2360 0.7200000000006096 0.4599999999995763 0
2361 0.7400000000004747 0.3199999999995151 0
2362 0.4400000000001985 0.7200000000010052 0
2363 0.5000000000002712 0.7200000000013438 0
2364 0.540000000000603 0.7400000000013575 0
2365 0.6000000000008048 0.7200000000014439 0
2366 0.3599999999995652 0.2599999999994249 0
2367 0.2599999999987176 0.6200000000007247 0
2368 0.2999999999997201 0.2799999999993853 0
2369 0.6800000000006354 0.5399999999997145 0
2370 0.319999999998774 0.5000000000005309 0
2371 0.4199999999995859 0.2999999999993535 0
2372 0.2999999999994976 0.3799999999998175 0
2373 0.3799999999999119 0.6800000000007985 0
2374 0.3399999999994845 0.6800000000006171 0
2375 0.7000000000004877 0.6200000000003008 0
2376 0.6599999999999345 0.2999999999999181 0
2377 0.2999999999989896 0.680000000000517 0
2378 0.7000000000002822 0.2999999999998844 0
2379 0.7200000000005962 0.399999999999335 0
2380 0.2999999999996773 0.3399999999995508 0
2381 0.3399999999996793 0.2999999999993483 0
2382 0.7000000000006574 0.459999999999632 0
2383 0.4400000000001421 0.7000000000010844 0
2384 0.4000000000001652 0.7000000000008423 0
2385 0.600000000000833 0.7000000000015201 0
2386 0.2999999999997334 0.3199999999994952 0
2387 0.7200000000005354 0.3399999999995117 0
2388 0.7000000000004493 0.6600000000009713 0
2389 0.5400000000006069 0.720000000001438 0
2390 0.7200000000005823 0.3799999999993035 0
2391 0.3199999999986002 0.5400000000006051 0
2392 0.2999999999985734 0.6000000000006601 0
2393 0.2999999999985931 0.5800000000006684 0
2394 0.5599999999994719 0.2999999999996876 0
2395 0.5399999999994803 0.2999999999996207 0
2396 0.2999999999990771 0.4600000000005284 0
2397 0.7000000000004405 0.6800000000010978 0
2398 0.3199999999997204 0.2999999999993846 0
2399 0.2999999999997429 0.2999999999994445 0
2400 0.35999999999961 0.279999999999382 0
2401 0.7000000000006282 0.4999999999996773 0
2402 0.5000000000002075 0.7000000000014249 0
2403 0.2799999999986607 0.6400000000006349 0
2404 0.4799999999995162 0.2999999999994228 0
2405 0.4999999999995019 0.299999999999479 0
2406 0.5799999999994701 0.299999999999748 0
2407 0.3999999999995579 0.2799999999993892 0
2408 0.619999999999557 0.299999999999856 0
2409 0.4399999999995615 0.2999999999993672 0
2410 0.7000000000005294 0.5799999999997524 0
2411 0.7200000000006106 0.4399999999995127 0
2412 0.2999999999992889 0.4200000000002551 0
2413 0.2999999999986273 0.5600000000006842 0
2414 0.6400000000007047 0.7000000000014799 0
2415 0.4600000000001258 0.7000000000012074 0
2416 0.5800000000008004 0.7200000000014494 0
2417 0.2799999999986455 0.6200000000006868 0
2418 0.2799999999987421 0.6600000000005688 0
2419 0.6800000000005274 0.700000000001339 0
2420 0.7200000000004706 0.3199999999996646 0
2421 0.4999999999995451 0.3199999999994352 0
2422 0.5000000000001187 0.6800000000015028 0
2423 0.5799999999995146 0.3199999999997088 0
2424 0.7000000000006371 0.3999999999993672 0
2425 0.600000000000842 0.6800000000015939 0
2426 0.3199999999991257 0.4400000000001834 0
2427 0.4199999999996117 0.3199999999993067 0
2428 0.6800000000006983 0.4799999999996705 0
2429 0.7000000000005842 0.35999999999948 0
2430 0.3999999999999628 0.6800000000009158 0
2431 0.5600000000007234 0.7000000000015277 0
2432 0.6800000000006582 0.5199999999997063 0
2433 0.4600000000000611 0.6800000000012839 0
2434 0.6600000000006108 0.6800000000014742 0
2435 0.7000000000004375 0.3199999999997788 0
2436 0.3199999999992023 0.6800000000005598 0
2437 0.7000000000004681 0.6400000000006787 0
2438 0.5200000000003524 0.7000000000014849 0
2439 0.299999999999392 0.4000000000000337 0
2440 0.6800000000001312 0.2999999999999133 0
2441 0.7000000000005078 0.5999999999999873 0
2442 0.3199999999986762 0.5200000000005756 0
2443 0.3199999999996347 0.3399999999993871 0
2444 0.6399999999997219 0.2999999999998926 0
2445 0.7000000000006568 0.4399999999995565 0
2446 0.5399999999995241 0.3199999999995798 0
2447 0.3799999999996139 0.2999999999993372 0
2448 0.3999999999995985 0.2999999999993436 0
2449 0.4200000000001491 0.700000000000962 0
2450 0.580000000000811 0.700000000001526 0
2451 0.3399999999996593 0.3199999999993193 0
2452 0.2999999999986303 0.6400000000006294 0
2453 0.2999999999987812 0.6600000000005838 0
2454 0.3599999999997205 0.6800000000006978 0
2455 0.3599999999996371 0.2999999999993394 0
2456 0.3199999999996876 0.3199999999993902 0
2457 0.4599999999995367 0.2999999999993891 0
2458 0.5999999999995628 0.3199999999997667 0
2459 0.680000000000611 0.5599999999998095 0
2460 0.2999999999995944 0.3599999999996653 0
2461 0.3199999999988932 0.4800000000004574 0
2462 0.3199999999985533 0.5600000000006097 0
2463 0.3199999999985081 0.600000000000618 0
2464 0.62000000000078 0.680000000001574 0
2465 0.2999999999985856 0.6200000000006537 0
2466 0.6800000000005254 0.6600000000012484 0
2467 0.6800000000005244 0.680000000001309 0
2468 0.3399999999986055 0.5200000000004646 0
2469 0.6600000000006916 0.5399999999998789 0
2470 0.5799999999996143 0.3399999999996671 0
2471 0.6000000000008331 0.6600000000016624 0
2472 0.3399999999996012 0.3399999999992993 0
2473 0.6800000000005513 0.6200000000007205 0
2474 0.399999999999545 0.6600000000009736 0
2475 0.3599999999992345 0.6600000000007494 0
2476 0.3199999999993353 0.3999999999997427 0
2477 0.6399999999998952 0.3199999999998511 0
2478 0.5200000000002479 0.6800000000015627 0
2479 0.6800000000003276 0.3199999999998401 0
2480 0.4199999999999967 0.6800000000010367 0
2481 0.6600000000006071 0.6600000000014378 0
2482 0.6800000000005376 0.640000000001028 0
2483 0.3399999999990376 0.660000000000673 0
2484 0.3199999999985442 0.6200000000006436 0
2485 0.3199999999992297 0.4199999999999631 0
2486 0.7000000000006493 0.4199999999994539 0
2487 0.3399999999984802 0.5600000000005235 0
2488 0.6199999999996941 0.3199999999998147 0
2489 0.6800000000007054 0.4599999999996081 0
2490 0.5199999999995363 0.3199999999995067 0
2491 0.3999999999996234 0.3199999999992962 0
2492 0.3199999999990129 0.4600000000003325 0
2493 0.4400000000000327 0.6800000000011598 0
2494 0.3199999999995472 0.3599999999994486 0
2495 0.5600000000006834 0.6800000000016035 0
2496 0.6800000000006801 0.4999999999996945 0
2497 0.3199999999986637 0.640000000000649 0
2498 0.4599999999995655 0.3199999999993429 0
2499 0.4799999999995531 0.3199999999993806 0
2500 0.5599999999995176 0.3199999999996461 0
2501 0.4399999999995875 0.3199999999993218 0
2502 0.700000000000614 0.3799999999993751 0
2503 0.6800000000005879 0.580000000000044 0
2504 0.3399999999987084 0.5000000000004046 0
2505 0.5400000000005323 0.7000000000015136 0
2506 0.6400000000006982 0.68000000000153 0
2507 0.5800000000008096 0.6800000000016004 0
2508 0.3199999999985229 0.5800000000006098 0
2509 0.4800000000000739 0.6800000000014009 0
2510 0.3199999999989032 0.6600000000006174 0
2511 0.379999999999628 0.319999999999291 0
2512 0.3599999999996345 0.3199999999992987 0
2513 0.7000000000005197 0.3399999999996354 0
2514 0.3599999999985369 0.5200000000003535 0
2515 0.439999999999612 0.3399999999992734 0
2516 0.50000000000005 0.6600000000015759 0
2517 0.3399999999990654 0.4399999999998561 0
2518 0.6600000000007488 0.4799999999996469 0
2519 0.4999999999995901 0.3399999999993898 0
2520 0.6800000000006725 0.3999999999993705 0
2521 0.6199999999998874 0.3399999999997664 0
2522 0.3399999999984538 0.6000000000005998 0
2523 0.3599999999987938 0.6400000000007515 0
2524 0.3399999999995137 0.3599999999993119 0
2525 0.3799999999996097 0.3399999999992457 0
2526 0.4599999999999043 0.6600000000013579 0
2527 0.419999999999662 0.660000000001104 0
2528 0.6400000000006896 0.6600000000015552 0
2529 0.660000000000617 0.6200000000011381 0
2530 0.5400000000004617 0.680000000001591 0
2531 0.3399999999991742 0.4199999999996508 0
2532 0.6600000000001353 0.3199999999998577 0
2533 0.339999999998534 0.540000000000495 0
2534 0.5999999999997349 0.3399999999997214 0
2535 0.3599999999995911 0.3399999999992646 0
2536 0.3199999999994446 0.3799999999995737 0
2537 0.66000000000061 0.640000000001311 0
2538 0.3799999999993846 0.6600000000008469 0
2539 0.3399999999987411 0.6400000000006861 0
2540 0.4599999999995996 0.3399999999992963 0
2541 0.5399999999995647 0.3399999999995369 0
2542 0.5599999999995759 0.3399999999996039 0
2543 0.6600000000007324 0.4999999999997225 0
2544 0.6600000000007127 0.5199999999997958 0
2545 0.6800000000005684 0.6000000000003786 0
2546 0.3999999999996236 0.339999999999249 0
2547 0.6600000000006688 0.5600000000001291 0
2548 0.6800000000006297 0.3799999999994387 0
2549 0.6800000000004547 0.3399999999997221 0
2550 0.6800000000007029 0.4399999999995164 0
2551 0.3399999999988274 0.4800000000002726 0
2552 0.3399999999984535 0.580000000000552 0
2553 0.5800000000008191 0.6600000000016736 0
2554 0.6200000000007672 0.6600000000016233 0
2555 0.6400000000007866 0.4999999999998574 0
2556 0.5399999999996283 0.3599999999994919 0
2557 0.4399999999996352 0.3599999999992244 0
2558 0.6000000000008138 0.6400000000017193 0
2559 0.3599999999990125 0.4399999999995501 0
2560 0.3799999999995469 0.3599999999992096 0
2561 0.41999999999916 0.6400000000011521 0
2562 0.3599999999984022 0.6000000000005964 0
2563 0.5999999999999732 0.3599999999996718 0
2564 0.6600000000006916 0.3999999999993951 0
2565 0.6600000000006301 0.6000000000008372 0
2566 0.379999999998884 0.6400000000008491 0
2567 0.660000000000307 0.3399999999997681 0
2568 0.3399999999994044 0.3799999999993803 0
2569 0.640000000000749 0.5400000000002573 0
2570 0.640000000000685 0.6200000000014413 0
2571 0.6600000000006477 0.5800000000004867 0
2572 0.5600000000006945 0.6600000000016765 0
2573 0.6400000000001086 0.3399999999997785 0
2574 0.6800000000006905 0.4199999999994261 0
2575 0.3599999999985398 0.6200000000006953 0
2576 0.3599999999984103 0.5600000000004217 0
2577 0.3599999999984639 0.5400000000003864 0
2578 0.3599999999995108 0.3599999999992505 0
2579 0.3399999999992885 0.3999999999994996 0
2580 0.4799999999995946 0.3399999999993347 0
2581 0.3399999999989494 0.460000000000073 0
2582 0.4399999999997737 0.660000000001231 0
2583 0.6200000000007543 0.6400000000016508 0
2584 0.4199999999996236 0.3399999999992591 0
2585 0.5199999999995808 0.339999999999462 0
2586 0.5599999999996803 0.3599999999995602 0
2587 0.660000000000754 0.4599999999995419 0
2588 0.3599999999986421 0.5000000000002549 0
2589 0.4799999999999683 0.6600000000014745 0
2590 0.6400000000006844 0.6400000000015054 0
2591 0.5200000000002202 0.6600000000016372 0
2592 0.3399999999985601 0.620000000000657 0
2593 0.6800000000005484 0.3599999999995744 0
2594 0.3799999999984709 0.5200000000002125 0
2595 0.499999999999973 0.6400000000016487 0
2596 0.5399999999997661 0.3799999999994451 0
2597 0.359999999998888 0.4599999999997929 0
2598 0.6600000000007294 0.4199999999993861 0
2599 0.4799999999996378 0.3599999999992853 0
2600 0.4199999999996233 0.3599999999992098 0
2601 0.5199999999996346 0.3599999999994146 0
2602 0.6400000000003414 0.359999999999684 0
2603 0.6400000000007086 0.5800000000009615 0
2604 0.6400000000007283 0.5600000000006025 0
2605 0.3999999999990048 0.640000000000991 0
2606 0.540000000000472 0.6600000000016658 0
2607 0.3599999999987624 0.4800000000000481 0
2608 0.6200000000001693 0.3599999999996918 0
2609 0.379999999998562 0.6200000000007876 0
2610 0.6600000000007474 0.4399999999994432 0
2611 0.35999999999927 0.3999999999993042 0
2612 0.3799999999983413 0.5600000000003681 0
2613 0.359999999999141 0.4199999999994081 0
2614 0.5799999999998086 0.3599999999996201 0
2615 0.6400000000008003 0.4799999999996615 0
2616 0.4599999999996366 0.359999999999249 0
2617 0.4599999999995882 0.6400000000014275 0
2618 0.6400000000006943 0.6000000000012372 0
2619 0.6600000000006018 0.3799999999995074 0
2620 0.3999999999995889 0.3599999999992045 0
2621 0.6400000000007681 0.5200000000000677 0
2622 0.35999999999839 0.5800000000005022 0
2623 0.5600000000007417 0.6400000000017477 0
2624 0.580000000000816 0.640000000001739 0
2625 0.4399999999993435 0.6400000000012921 0
2626 0.3599999999994038 0.3799999999992699 0
2627 0.6000000000008061 0.6200000000017507 0
2628 0.6200000000007511 0.6200000000016187 0
2629 0.6600000000004604 0.3599999999996386 0
2630 0.6200000000008408 0.5000000000001099 0
2631 0.4599999999996506 0.379999999999198 0
2632 0.3799999999988307 0.45999999999951 0
2633 0.4599999999991592 0.620000000001479 0
2634 0.6400000000007903 0.4399999999993756 0
2635 0.5199999999997212 0.3799999999993667 0
2636 0.5800000000000457 0.3799999999995699 0
2637 0.6200000000007881 0.5600000000011088 0
2638 0.5400000000005051 0.640000000001741 0
2639 0.399999999999507 0.3799999999991635 0
2640 0.3799999999983278 0.5800000000005011 0
2641 0.4199999999986817 0.6200000000011348 0
2642 0.5200000000002171 0.6400000000017094 0
2643 0.6200000000004302 0.3799999999996073 0
2644 0.3799999999991295 0.419999999999226 0
2645 0.6400000000008014 0.459999999999482 0
2646 0.3799999999992986 0.3999999999992035 0
2647 0.3799999999983931 0.6000000000006668 0
2648 0.559999999999888 0.3799999999995118 0
2649 0.4799999999997753 0.6400000000015453 0
2650 0.6400000000007536 0.4199999999993904 0
2651 0.6200000000007704 0.5800000000013656 0
2652 0.6400000000006719 0.3999999999994666 0
2653 0.6000000000008137 0.6000000000017309 0
2654 0.399999999998627 0.6200000000009409 0
2655 0.4999999999996382 0.3599999999993433 0
2656 0.4199999999995664 0.3799999999991634 0
2657 0.6200000000008069 0.5400000000008053 0
2658 0.3799999999985774 0.500000000000028 0
2659 0.3799999999994397 0.3799999999992053 0
2660 0.3799999999983961 0.5400000000003022 0
2661 0.6200000000007569 0.6000000000015121 0
2662 0.5600000000007646 0.6200000000018135 0
2663 0.5800000000008197 0.6200000000017878 0
2664 0.6400000000005217 0.3799999999995685 0
2665 0.3999999999984063 0.5200000000000196 0
2666 0.5199999999998896 0.3999999999993196 0
2667 0.6000000000008632 0.5400000000013035 0
2668 0.6200000000008485 0.4599999999994344 0
2669 0.5600000000001771 0.3999999999994599 0
2670 0.3999999999982836 0.5800000000006164 0
2671 0.6000000000008263 0.5800000000016421 0
2672 0.499999999999695 0.3799999999992938 0
2673 0.4399999999988775 0.6200000000013074 0
2674 0.4199999999984056 0.6000000000010239 0
2675 0.3799999999987004 0.4799999999997671 0
2676 0.5400000000005378 0.6200000000018114 0
2677 0.5200000000002033 0.620000000001783 0
2678 0.4799999999994931 0.6200000000016138 0
2679 0.600000000000251 0.3799999999996026 0
2680 0.6200000000008508 0.4799999999997197 0
2681 0.3999999999993473 0.3999999999991452 0
2682 0.3799999999989732 0.439999999999336 0
2683 0.4399999999996114 0.3799999999991758 0
2684 0.479999999999666 0.3799999999992378 0
2685 0.5600000000007902 0.6000000000018708 0
2686 0.5800000000008316 0.600000000001815 0
2687 0.6200000000008148 0.4399999999993697 0
2688 0.6200000000008238 0.5200000000004893 0
2689 0.3999999999982872 0.560000000000447 0
2690 0.3999999999984093 0.60000000000081 0
2691 0.6200000000006048 0.3999999999995109 0
2692 0.4799999999991396 0.6000000000016624 0
2693 0.6000000000009023 0.4799999999998017 0
2694 0.6000000000008794 0.5200000000009131 0
2695 0.4399999999985234 0.6000000000012645 0
2696 0.3999999999986415 0.479999999999462 0
2697 0.4399999999995015 0.3999999999991252 0
2698 0.6000000000004873 0.3999999999995206 0
2699 0.4199999999982827 0.5800000000008575 0
2700 0.3999999999985157 0.4999999999997297 0
2701 0.5400000000005651 0.600000000001877 0
2702 0.5800000000003422 0.3999999999994996 0
2703 0.399999999998785 0.4599999999992783 0
2704 0.5400000000000416 0.3999999999993954 0
2705 0.4199999999994068 0.399999999999124 0
2706 0.6000000000008433 0.56000000000149 0
2707 0.4999999999998415 0.6200000000017134 0
2708 0.5600000000008032 0.580000000001911 0
2709 0.4999999999997733 0.3999999999992449 0
2710 0.580000000000845 0.5800000000018043 0
2711 0.6000000000008852 0.4599999999994807 0
2712 0.4599999999995675 0.3999999999991475 0
2713 0.3999999999983327 0.5400000000002576 0
2714 0.3999999999989503 0.4399999999991825 0
2715 0.3999999999991455 0.4199999999991504 0
2716 0.6200000000007282 0.4199999999994204 0
2717 0.4199999999983456 0.519999999999833 0
2718 0.4999999999999039 0.4199999999992033 0
2719 0.5800000000009469 0.480000000000036 0
2720 0.4199999999985978 0.4799999999992256 0
2721 0.5400000000005338 0.5800000000019349 0
2722 0.439999999999272 0.4199999999990794 0
2723 0.5400000000003667 0.4199999999993668 0
2724 0.4399999999983205 0.5800000000011334 0
2725 0.5800000000008922 0.5400000000016163 0
2726 0.5800000000006165 0.4199999999994365 0
2727 0.6000000000008923 0.5000000000003839 0
2728 0.4599999999987779 0.6000000000014727 0
2729 0.4199999999989626 0.4399999999990899 0
2730 0.5600000000007826 0.560000000001909 0
2731 0.5200000000001403 0.6000000000018491 0
2732 0.6000000000008157 0.4399999999994026 0
2733 0.4799999999996578 0.3999999999991887 0
2734 0.4199999999982503 0.5600000000006125 0
2735 0.5800000000008524 0.5600000000017297 0
2736 0.4999999999996325 0.6000000000017763 0
2737 0.4199999999991931 0.4199999999991053 0
2738 0.6000000000006724 0.4199999999994428 0
2739 0.5400000000004439 0.560000000001969 0
2740 0.5800000000009353 0.5000000000007049 0
2741 0.4399999999982421 0.5600000000008221 0
2742 0.4999999999993636 0.5800000000018201 0
2743 0.4799999999996316 0.419999999999139 0
2744 0.4399999999990385 0.439999999999053 0
2745 0.5800000000009082 0.4599999999996337 0
2746 0.5800000000009077 0.5200000000012571 0
2747 0.4799999999988229 0.580000000001632 0
2748 0.4199999999984613 0.4999999999994813 0
2749 0.5199999999999846 0.5800000000019004 0
2750 0.5600000000005024 0.419999999999421 0
2751 0.52000000000017 0.4199999999992916 0
2752 0.5600000000007772 0.5400000000018056 0
2753 0.4599999999994157 0.419999999999101 0
2754 0.4199999999982812 0.5400000000002506 0
2755 0.4199999999987749 0.4599999999991388 0
2756 0.4599999999985188 0.5800000000013686 0
2757 0.5800000000007897 0.4399999999994691 0
2758 0.5400000000004377 0.5400000000019264 0
2759 0.5000000000000505 0.439999999999232 0
2760 0.4399999999983138 0.5199999999998292 0
2761 0.5600000000009556 0.4800000000003452 0
2762 0.4999999999991827 0.5600000000017988 0
2763 0.4599999999992499 0.4399999999990671 0
2764 0.4599999999983709 0.5600000000011025 0
2765 0.5400000000006516 0.4399999999994513 0
2766 0.5600000000009097 0.5000000000010233 0
2767 0.5199999999998506 0.5600000000019245 0
2768 0.4399999999982648 0.5400000000003635 0
2769 0.4399999999986132 0.4799999999991452 0
2770 0.5600000000008217 0.5200000000015048 0
2771 0.5600000000008962 0.4599999999997866 0
2772 0.5600000000007284 0.4399999999995124 0
2773 0.4399999999988408 0.4599999999990795 0
2774 0.5400000000008283 0.4800000000004359 0
2775 0.5400000000005546 0.5200000000016677 0
2776 0.5199999999998707 0.5400000000018768 0
2777 0.4599999999983587 0.5400000000006903 0
2778 0.5400000000007812 0.4599999999998056 0
2779 0.479999999999615 0.4399999999991364 0
2780 0.5200000000003919 0.4399999999993826 0
2781 0.4599999999987955 0.4799999999992702 0
2782 0.4599999999990825 0.4599999999991367 0
2783 0.439999999998458 0.4999999999994523 0
2784 0.4799999999987156 0.5600000000014785 0
2785 0.5200000000000444 0.5200000000016038 0
2786 0.4599999999985751 0.4999999999996806 0
2787 0.4999999999992383 0.5400000000016206 0
2788 0.5200000000004361 0.4800000000002926 0
2789 0.4799999999995083 0.4599999999992773 0
2790 0.5000000000000178 0.4599999999994918 0
2791 0.5400000000006664 0.500000000001098 0
2792 0.5200000000004421 0.4599999999997161 0
2793 0.4599999999984472 0.5200000000002155 0
2794 0.4799999999987281 0.5400000000011829 0
2795 0.4999999999993772 0.5200000000012326 0
2796 0.479999999998811 0.5200000000007027 0
2797 0.5200000000001955 0.5000000000009679 0
2798 0.4999999999997786 0.4799999999999988 0
2799 0.4799999999989811 0.5000000000001547 0
2800 0.4799999999992439 0.4799999999996694 0
2801 0.4999999999995802 0.5000000000006258 0
2802 0.4999999999996794 0.4900000000003123 0
2803 0.5100000000001074 0.4800000000001457 0
2804 0.5200000000003158 0.4900000000006303 0
2805 0.5099999999998879 0.5000000000007969 0
2806 0.4899999999992807 0.5000000000003902 0
2807 0.4999999999994787 0.5100000000009293 0
2808 0.4899999999990942 0.5200000000009677 0
2809 0.4799999999988961 0.5100000000004287 0
2810 0.4799999999991125 0.489999999999912 0
2811 0.4899999999995113 0.4799999999998341 0
2812 0.6900000000005195 0.6200000000005106 0
2813 0.7000000000004779 0.6300000000004897 0
2814 0.6900000000005029 0.6400000000008533 0
2815 0.6800000000005444 0.6300000000008743 0
2816 0.2200000000001498 0.7900000000000305 0
2817 0.2100000000001164 0.799999999999997 0
2818 0.1999999999998301 0.7900000000000325 0
2819 0.2099999999998635 0.7800000000000659 0
2820 0.4399999999982893 0.5300000000000964 0
2821 0.429999999998273 0.5400000000003071 0
2822 0.4199999999983134 0.5300000000000418 0
2823 0.4299999999983297 0.519999999999831 0
2824 0.5500000000005725 0.6800000000015973 0
2825 0.5400000000004668 0.6700000000016284 0
2826 0.5500000000005832 0.6600000000016711 0
2827 0.5600000000006889 0.67000000000164 0
2828 0.5099999999995166 0.5600000000018617 0
2829 0.5199999999999176 0.5700000000019125 0
2830 0.509999999999674 0.5800000000018602 0
2831 0.4999999999992731 0.5700000000018095 0
2832 0.3599999999988252 0.4699999999999205 0
2833 0.3699999999988594 0.4599999999996515 0
2834 0.3799999999987655 0.4699999999996385 0
2835 0.3699999999987315 0.4799999999999076 0
2836 0.5200000000002102 0.6300000000017463 0
2837 0.5300000000003706 0.6200000000017972 0
2838 0.5400000000005214 0.6300000000017763 0
2839 0.5300000000003611 0.6400000000017252 0
2840 0.5200000000001719 0.610000000001816 0
2841 0.5300000000003527 0.600000000001863 0
2842 0.5400000000005515 0.6100000000018442 0
2843 0.820000000000044 0.8100000000002451 0
2844 0.8300000000000161 0.8000000000000056 0
2845 0.8399999999999942 0.8099999999999963 0
2846 0.8300000000000223 0.8200000000002359 0
2847 0.4799999999993761 0.4699999999994733 0
2848 0.4899999999997631 0.4599999999993846 0
2849 0.4999999999998982 0.4699999999997453 0
2850 0.4099999999984074 0.6000000000009169 0
2851 0.3999999999983465 0.5900000000007132 0
2852 0.4099999999982832 0.5800000000007369 0
2853 0.4199999999983441 0.5900000000009407 0
2854 0.4899999999998328 0.4399999999991842 0
2855 0.5000000000000342 0.4499999999993619 0
2856 0.4799999999995617 0.4499999999992069 0
2857 0.5900000000004147 0.3999999999995101 0
2858 0.5800000000001939 0.3899999999995348 0
2859 0.5900000000001484 0.3799999999995862 0
2860 0.6000000000003691 0.3899999999995616 0
2861 0.6500000000002077 0.3399999999997733 0
2862 0.6400000000000019 0.3299999999998148 0
2863 0.6500000000000152 0.3199999999998544 0
2864 0.6600000000002211 0.3299999999998129 0
2865 0.1799999998441693 0.2299999998441921 0
2866 0.1699999999516213 0.2399999999518425 0
2867 0.1599999997818836 0.2299999997820978 0
2868 0.1699999996744316 0.2199999996744474 0
2869 0.6000000000008973 0.4900000000000928 0
2870 0.6100000000008765 0.4799999999997607 0
2871 0.6200000000008458 0.4899999999999148 0
2872 0.6100000000008665 0.5000000000002469 0
2873 0.7300000000000555 0.2599999999999669 0
2874 0.7199999999998792 0.2500000000000215 0
2875 0.7299999999998721 0.2400000000000397 0
2876 0.7400000000000484 0.249999999999985 0
2877 0.110000000000061 0.8799999999997855 0
2878 0.120000000000244 0.8899999999998083 0
2879 0.1100000000002756 0.8999999999998034 0
2880 0.1000000000000925 0.8899999999997805 0
2881 0.1399999616001684 0.1499999616001658 0
2882 0.1299999717303912 0.1599999717305191 0
2883 0.119999903793344 0.1499999037935025 0
2884 0.1299998936631212 0.1399998936631492 0
2885 0.6900000000006548 0.3999999999993689 0
2886 0.7000000000006432 0.4099999999994105 0
2887 0.6900000000006699 0.41999999999944 0
2888 0.6800000000006815 0.4099999999993983 0
2889 0.8399999999998047 0.1300000000001237 0
2890 0.8499999999998097 0.1200000000001175 0
2891 0.8599999999999317 0.1300000000000729 0
2892 0.8499999999999267 0.1400000000000792 0
2893 0.5400000000006049 0.7300000000013978 0
2894 0.5300000000005237 0.7400000000013442 0
2895 0.520000000000437 0.7300000000013711 0
2896 0.5300000000005183 0.7200000000014246 0
2897 0.8899999999999245 0.8599999999998884 0
2898 0.8999999999999118 0.8699999999998531 0
2899 0.889999999999916 0.8799999999999908 0
2900 0.8799999999999287 0.8700000000000261 0
2901 0.1799999999997895 0.3900000000010281 0
2902 0.1899999999998054 0.3800000000009254 0
2903 0.1999999999997331 0.3900000000009182 0
2904 0.1899999999997171 0.4000000000010209 0
2905 0.3799999999993692 0.3899999999992044 0
2906 0.3899999999994733 0.3799999999991844 0
2907 0.3999999999994271 0.3899999999991544 0
2908 0.3899999999993229 0.3999999999991743 0
2909 0.5100000000017314 0.9400000000003298 0
2910 0.5000000000016973 0.9300000000003626 0
2911 0.5100000000016414 0.9200000000004389 0
2912 0.5200000000016755 0.9300000000004061 0
2913 0.3899999999984012 0.6000000000007384 0
2914 0.3799999999983604 0.5900000000005839 0
2915 0.3899999999983057 0.5800000000005587 0
2916 0.7000000000004978 0.610000000000144 0
2917 0.7100000000004782 0.5999999999998735 0
2918 0.7200000000004376 0.6099999999998738 0
2919 0.710000000000457 0.6200000000001443 0
2920 0.73000000000042 0.5999999999997012 0
2921 0.7400000000003791 0.6099999999997099 0
2922 0.7300000000003968 0.6199999999998824 0
2923 0.3499999999985499 0.6200000000006762 0
2924 0.3399999999985069 0.6100000000006285 0
2925 0.349999999998428 0.6000000000005981 0
2926 0.359999999998471 0.6100000000006458 0
2927 0.06996345173641519 0.05996345173650475 0
2928 0.07998164764610508 0.06998164764618829 0
2929 0.06998180166594337 0.07998180166606242 0
2930 0.05996360575625349 0.06996360575637886 0
2931 0.1399999999998251 0.4100000000012933 0
2932 0.1299999999998165 0.4200000000013601 0
2933 0.1199999999998811 0.4100000000013695 0
2934 0.1299999999998896 0.4000000000013028 0
2935 0.1599999999996835 0.4300000000012761 0
2936 0.1699999999996935 0.4200000000012099 0
2937 0.1799999999996189 0.4300000000012021 0
2938 0.169999999999609 0.4400000000012683 0
2939 0.1999999999994616 0.4500000000011828 0
2940 0.209999999999478 0.4400000000010979 0
2941 0.2199999999993947 0.4500000000010749 0
2942 0.2099999999993783 0.4600000000011598 0
2943 0.7700000000004814 0.4799999999993072 0
2944 0.7800000000004449 0.4899999999992933 0
2945 0.7700000000004549 0.4999999999993827 0
2946 0.7600000000004914 0.4899999999993965 0
2947 0.450000000001347 0.8800000000003927 0
2948 0.4600000000014663 0.890000000000398 0
2949 0.4500000000015231 0.9000000000003084 0
2950 0.4400000000014038 0.8900000000003031 0
2951 0.04997311562655374 0.07997311562673282 0
2952 0.03994545788984057 0.06994545789001835 0
2953 0.04993594801954032 0.05993594801966439 0
2954 0.4100000000013798 0.9000000000001351 0
2955 0.4200000000015013 0.9100000000001442 0
2956 0.4100000000015345 0.9200000000000789 0
2957 0.4000000000014129 0.9100000000000698 0
2958 0.8200000000002228 0.5699999999992595 0
2959 0.8300000000002153 0.5599999999992027 0
2960 0.8400000000001757 0.5699999999991879 0
2961 0.830000000000183 0.5799999999992448 0
2962 0.3900000000014405 0.9200000000000137 0
2963 0.400000000001548 0.9300000000000259 0
2964 0.3900000000015614 0.9399999999999815 0
2965 0.3800000000014539 0.9299999999999692 0
2966 0.4699999999992339 0.1799999999996448 0
2967 0.4599999999991836 0.1699999999996481 0
2968 0.469999999999162 0.1599999999996807 0
2969 0.4799999999992123 0.1699999999996773 0
2970 0.4799999999996233 0.4299999999991377 0
2971 0.4899999999997677 0.4199999999991711 0
2972 0.4999999999999772 0.4299999999992177 0
2973 0.5100000000002212 0.4399999999993073 0
2974 0.5100000000000369 0.4199999999992474 0
2975 0.5200000000002809 0.4299999999993371 0
2976 0.07999999999955183 0.5500000000014578 0
2977 0.08999999999951905 0.5400000000014304 0
2978 0.09999999999945472 0.5500000000013998 0
2979 0.0899999999994875 0.5600000000014272 0
2980 0.3899999999988079 0.4599999999993941 0
2981 0.3999999999987133 0.4699999999993701 0
2982 0.389999999998671 0.4799999999996145 0
2983 0.5799999999999271 0.369999999999595 0
2984 0.5899999999998908 0.3599999999996459 0
2985 0.6000000000001121 0.3699999999996372 0
2986 0.860000000000102 0.5899999999991761 0
2987 0.8700000000000967 0.5799999999991297 0
2988 0.880000000000063 0.5899999999991257 0
2989 0.8700000000000684 0.5999999999991721 0
2990 0.09999999999988891 0.8699999999997658 0
2991 0.1099999999998267 0.859999999999782 0
2992 0.1199999999999988 0.8699999999998017 0
2993 0.6399999999998085 0.3099999999998719 0
2994 0.6499999999998283 0.2999999999999053 0
2995 0.6600000000000349 0.3099999999998879 0
2996 0.1099999999994245 0.5400000000013629 0
2997 0.1199999999993613 0.550000000001331 0
2998 0.1099999999993915 0.5600000000013678 0
2999 0.6399999999996467 0.2899999999999104 0
3000 0.6499999999996429 0.2799999999999421 0
3001 0.6599999999998243 0.289999999999937 0
3002 0.630000000000825 0.4599999999994582 0
3003 0.6400000000008008 0.4699999999995718 0
3004 0.6300000000008255 0.4799999999996906 0
3005 0.6200000000008496 0.4699999999995771 0
3006 0.7800000000002119 0.64999999999961 0
3007 0.7900000000001987 0.6399999999995315 0
3008 0.8000000000001577 0.6499999999995116 0
3009 0.7900000000001709 0.6599999999995901 0
3010 0.8400000000003578 0.4099999999991253 0
3011 0.8300000000003778 0.4199999999991382 0
3012 0.8200000000003973 0.4099999999991326 0
3013 0.8300000000003773 0.3999999999991198 0
3014 0.6400000000007935 0.4899999999997594 0
3015 0.6500000000007745 0.4799999999996542 0
3016 0.6600000000007407 0.4899999999996847 0
3017 0.6500000000007595 0.4999999999997899 0
3018 0.6699999999995994 0.2599999999999992 0
3019 0.6599999999995033 0.2500000000000027 0
3020 0.6699999999994869 0.2400000000000282 0
3021 0.6799999999995829 0.2500000000000246 0
3022 0.07999999999992805 0.4300000000015609 0
3023 0.06999999999992708 0.4400000000016133 0
3024 0.05999999999997489 0.4300000000016301 0
3025 0.06999999999997586 0.4200000000015776 0
3026 0.0700000000001602 0.9199999999997719 0
3027 0.08000000000025456 0.9299999999998124 0
3028 0.07000000000025619 0.9399999999998211 0
3029 0.06000000000016182 0.9299999999997806 0
3030 0.06000000000005577 0.9099999999997277 0
3031 0.07000000000002729 0.8999999999997279 0
3032 0.08000000000013172 0.909999999999772 0
3033 0.8900000000002406 0.4599999999990468 0
3034 0.8800000000002666 0.4499999999990659 0
3035 0.890000000000251 0.4399999999990139 0
3036 0.9000000000002251 0.4499999999989948 0
3037 0.1799999999990511 0.5900000000010116 0
3038 0.169999999999085 0.6000000000010592 0
3039 0.1599999999991355 0.5900000000011258 0
3040 0.1699999999991016 0.5800000000010781 0
3041 0.3599999999995509 0.3499999999992576 0
3042 0.3699999999996004 0.3399999999992551 0
3043 0.3799999999995783 0.3499999999992277 0
3044 0.3699999999995288 0.35999999999923 0
3045 0.510000000000383 0.7400000000012971 0
3046 0.5200000000004696 0.75000000000129 0
3047 0.5100000000004545 0.7600000000012146 0
3048 0.500000000000368 0.7500000000012217 0
3049 0.1999999999989535 0.630000000000873 0
3050 0.1899999999989947 0.6400000000009136 0
3051 0.1799999999990364 0.63000000000097 0
3052 0.1899999999989952 0.6200000000009295 0
3053 0.2199999999988796 0.6500000000007407 0
3054 0.2099999999989249 0.6600000000007664 0
3055 0.1999999999989583 0.6500000000008422 0
3056 0.2099999999989129 0.6400000000008165 0
3057 0.3399999999993465 0.3899999999994399 0
3058 0.3299999999993119 0.3999999999996211 0
3059 0.31999999999939 0.3899999999996582 0
3060 0.3299999999994245 0.379999999999477 0
3061 0.2999999999994448 0.3899999999999256 0
3062 0.3099999999994711 0.3799999999996956 0
3063 0.3099999999993637 0.3999999999998882 0
3064 0.4900000000006755 0.8000000000009595 0
3065 0.480000000000586 0.7900000000009552 0
3066 0.4900000000005339 0.7800000000010476 0
3067 0.5000000000006233 0.7900000000010519 0
3068 0.9400000000000102 0.08999999999991223 0
3069 0.9300000000000183 0.09999999999992359 0
3070 0.9199999999999627 0.08999999999998118 0
3071 0.9299999999999546 0.07999999999996982 0
3072 0.9199999999998949 0.07000000000001259 0
3073 0.9299999999999045 0.05999999999999647 0
3074 0.9399999999999641 0.06999999999995368 0
3075 0.1200000000004227 0.9099999999998247 0
3076 0.1100000000004046 0.9199999999998256 0
3077 0.1000000000002574 0.9099999999998043 0
3078 0.05999999999968568 0.5300000000015506 0
3079 0.04999999999971765 0.5400000000015894 0
3080 0.03999999999978673 0.5300000000016589 0
3081 0.04999999999975477 0.5200000000016199 0
3082 0.05000000000008854 0.9199999999997318 0
3083 0.04000000000002074 0.9099999999996791 0
3084 0.04999999999998798 0.8999999999996749 0
3085 0.9099999999999118 0.8599999999997476 0
3086 0.9199999999999049 0.869999999999753 0
3087 0.9099999999999051 0.8799999999998585 0
3088 0.5300000000006322 0.4800000000003642 0
3089 0.5400000000007473 0.4900000000007669 0
3090 0.530000000000431 0.500000000001033 0
3091 0.370000000001463 0.9399999999999331 0
3092 0.3800000000015462 0.9499999999999519 0
3093 0.3700000000015268 0.9599999999999349 0
3094 0.3600000000014436 0.9499999999999161 0
3095 0.5800000000009216 0.510000000000981 0
3096 0.5700000000008647 0.5200000000013809 0
3097 0.5600000000008657 0.5100000000012641 0
3098 0.5700000000009224 0.5000000000008641 0
3099 0.4199999999993 0.4099999999991146 0
3100 0.4299999999994542 0.3999999999991246 0
3101 0.4399999999993867 0.4099999999991023 0
3102 0.4299999999992326 0.4199999999990923 0
3103 0.09999999999999415 0.3900000000013825 0
3104 0.08999999999998326 0.4000000000014488 0
3105 0.08000000000003035 0.3900000000014506 0
3106 0.09000000000004126 0.3800000000013842 0
3107 0.08000000000032426 0.9499999999998565 0
3108 0.07000000000029552 0.9599999999998728 0
3109 0.06000000000022744 0.9499999999998374 0
3110 0.02982294120845198 0.01982294120852467 0
3111 0.0398318493152951 0.02983184931537928 0
3112 0.02982674282362863 0.03982674282373572 0
3113 0.01981783471678551 0.02981783471688111 0
3114 0.07000000000017179 0.2800000000011093 0
3115 0.06000000000016485 0.2700000000010825 0
3116 0.07000000000017909 0.2600000000010174 0
3117 0.08000000000018603 0.2700000000010442 0
3118 0.4700000000011915 0.8600000000005843 0
3119 0.4600000000010676 0.8500000000005773 0
3120 0.4700000000009726 0.8400000000006774 0
3121 0.4800000000010964 0.8500000000006844 0
3122 0.4100000000009171 0.8400000000003434 0
3123 0.4200000000010057 0.8500000000003579 0
3124 0.4100000000010666 0.8600000000002688 0
3125 0.400000000000978 0.8500000000002543 0
3126 0.1899999999990962 0.7200000000004019 0
3127 0.1999999999991536 0.7300000000003175 0
3128 0.1899999999992112 0.7400000000002647 0
3129 0.1799999999991538 0.730000000000349 0
3130 0.5100000000010503 0.8400000000008548 0
3131 0.5000000000009334 0.8300000000008696 0
3132 0.5100000000008789 0.8200000000009499 0
3133 0.5200000000009959 0.8300000000009351 0
3134 0.379999999998723 0.6300000000008183 0
3135 0.3699999999988389 0.6400000000008004 0
3136 0.3599999999986668 0.6300000000007234 0
3137 0.3699999999985509 0.6200000000007415 0
3138 0.4699999999986291 0.5200000000004591 0
3139 0.4599999999985112 0.5099999999999481 0
3140 0.4699999999987781 0.4999999999999176 0
3141 0.4700000000018856 0.9800000000000578 0
3142 0.4800000000019538 0.990000000000036 0
3143 0.4600000000018876 0.990000000000022 0
3144 0.5600000000009326 0.4900000000006842 0
3145 0.5500000000007881 0.5000000000010607 0
3146 0.550000000000892 0.4800000000003906 0
3147 0.5000000000007685 0.8100000000009625 0
3148 0.510000000000733 0.8000000000010419 0
3149 0.5200000000008433 0.8100000000010292 0
3150 0.5800000000008723 0.5500000000016729 0
3151 0.5900000000008777 0.54000000000146 0
3152 0.6000000000008532 0.5500000000013967 0
3153 0.5900000000008478 0.5600000000016099 0
3154 0.6200000000007975 0.5500000000009571 0
3155 0.6100000000008157 0.5600000000012995 0
3156 0.610000000000835 0.5400000000010544 0
3157 0.4999999999993078 0.5300000000014267 0
3158 0.4899999999989832 0.5400000000014018 0
3159 0.4799999999987696 0.5300000000009428 0
3160 0.1999999999998189 0.3700000000008368 0
3161 0.2099999999998343 0.3600000000007532 0
3162 0.2199999999997655 0.3700000000007322 0
3163 0.2099999999997501 0.3800000000008159 0
3164 0.3799999999996209 0.309999999999314 0
3165 0.3899999999996062 0.2999999999993403 0
3166 0.3999999999996109 0.3099999999993199 0
3167 0.3899999999996257 0.3199999999992936 0
3168 0.6899999999994901 0.220000000000072 0
3169 0.6799999999994343 0.2100000000000747 0
3170 0.6899999999994357 0.2000000000000938 0
3171 0.6999999999994916 0.210000000000091 0
3172 0.9600000000000022 0.54999999999889 0
3173 0.9700000000000064 0.5399999999988452 0
3174 0.9799999999999958 0.5499999999988412 0
3175 0.9699999999999914 0.5599999999988861 0
3176 0.03999999999987566 0.4900000000017226 0
3177 0.02999999999988869 0.500000000001787 0
3178 0.0199999999999434 0.4900000000018608 0
3179 0.02999999999993037 0.4800000000017963 0
3180 0.2999999999991324 0.4500000000004782 0
3181 0.3099999999991566 0.4400000000003057 0
3182 0.3199999999990693 0.4500000000002579 0
3183 0.309999999999045 0.4600000000004305 0
3184 0.5699999999994357 0.2799999999997556 0
3185 0.5599999999994175 0.2699999999997436 0
3186 0.5699999999994045 0.2599999999997914 0
3187 0.5799999999994228 0.2699999999998034 0
3188 0.3299999999990955 0.4400000000000197 0
3189 0.3399999999990074 0.4499999999999645 0
3190 0.3299999999989811 0.4600000000002027 0
3191 0.0999983656825213 0.1099983656826047 0
3192 0.08999893015756916 0.119998930157734 0
3193 0.07999731784713032 0.1099973178473074 0
3194 0.08999675337208246 0.09999675337217807 0
3195 0.06999999999959088 0.5600000000014833 0
3196 0.0599999999996547 0.5500000000015257 0
3197 0.06999999999961566 0.5400000000015002 0
3198 0.2799999999997692 0.3099999999995952 0
3199 0.2699999999998 0.3199999999997899 0
3200 0.2599999999997953 0.30999999999978 0
3201 0.2699999999997645 0.2999999999995853 0
3202 0.2399999999998549 0.3100000000000437 0
3203 0.2499999999998014 0.2999999999997747 0
3204 0.2499999999998488 0.320000000000049 0
3205 0.6799999999993948 0.1900000000000953 0
3206 0.6899999999993971 0.1800000000001115 0
3207 0.6999999999994382 0.1900000000001099 0
3208 0.8600000000000196 0.6499999999992869 0
3209 0.8700000000000159 0.6399999999992474 0
3210 0.8799999999999847 0.6499999999992372 0
3211 0.8699999999999883 0.6599999999992767 0
3212 0.4899999999988948 0.07999999999985391 0
3213 0.4799999999988551 0.06999999999985668 0
3214 0.489999999998839 0.05999999999988956 0
3215 0.4999999999988787 0.06999999999988681 0
3216 0.4599999999983648 0.5500000000008964 0
3217 0.4499999999983065 0.5600000000009623 0
3218 0.4399999999982535 0.5500000000005928 0
3219 0.4499999999983118 0.5400000000005269 0
3220 0.4300000000001456 0.7000000000010231 0
3221 0.4200000000000729 0.6900000000009994 0
3222 0.4300000000000147 0.6800000000010982 0
3223 0.4400000000000874 0.6900000000011222 0
3224 0.5899999999993872 0.2399999999998806 0
3225 0.5799999999993659 0.2299999999998694 0
3226 0.5899999999993606 0.2199999999999106 0
3227 0.5999999999993819 0.2299999999999218 0
3228 0.9399999999999364 0.6499999999991164 0
3229 0.9499999999999464 0.6399999999990776 0
3230 0.9599999999999447 0.6499999999990917 0
3231 0.9499999999999347 0.6599999999991304 0
3232 0.06000000000008852 0.3700000000014437 0
3233 0.07000000000010265 0.3600000000013827 0
3234 0.08000000000007801 0.3700000000013867 0
3235 0.07000000000006389 0.3800000000014477 0
3236 0.8399999999999189 0.9100000000003641 0
3237 0.8299999999999116 0.9200000000003707 0
3238 0.8199999999999572 0.9100000000004351 0
3239 0.8299999999999645 0.9000000000004285 0
3240 0.5799999999993347 0.2099999999999 0
3241 0.5899999999993303 0.1999999999999392 0
3242 0.5999999999993562 0.2099999999999498 0
3243 0.5799999999992991 0.1899999999999283 0
3244 0.5899999999992932 0.1799999999999661 0
3245 0.5999999999993244 0.189999999999977 0
3246 0.3900000000011764 0.8800000000001102 0
3247 0.400000000001269 0.8900000000001245 0
3248 0.3900000000013091 0.9000000000000574 0
3249 0.3800000000012165 0.8900000000000432 0
3250 0.9799999999999787 0.02999999999995996 0
3251 0.9699999999999722 0.03999999999995534 0
3252 0.9599999999999417 0.02999999999998135 0
3253 0.969999999999948 0.01999999999998598 0
3254 0.2700000000010359 0.9199999999998296 0
3255 0.2800000000010959 0.92999999999984 0
3256 0.2700000000010718 0.9399999999998458 0
3257 0.2600000000010118 0.9299999999998355 0
3258 0.5099999999988164 0.03999999999995124 0
3259 0.499999999998779 0.02999999999995179 0
3260 0.5099999999987693 0.01999999999997646 0
3261 0.5199999999988068 0.02999999999997592 0
3262 0.8599999999999552 0.7299999999993947 0
3263 0.8499999999999712 0.7399999999994483 0
3264 0.8399999999999923 0.7299999999994744 0
3265 0.8499999999999763 0.7199999999994208 0
3266 0.9400000000000737 0.509999999998918 0
3267 0.9300000000000761 0.5199999999989653 0
3268 0.9200000000001098 0.5099999999989983 0
3269 0.9300000000001073 0.4999999999989511 0
3270 0.5199999999988576 0.04999999999995527 0
3271 0.509999999998867 0.05999999999992373 0
3272 0.4999999999988259 0.0499999999999197 0
3273 0.5499999999990779 0.09999999999996181 0
3274 0.5399999999990228 0.08999999999995081 0
3275 0.5499999999990088 0.07999999999998225 0
3276 0.559999999999064 0.08999999999999325 0
3277 0.1600000000006938 0.9499999999998671 0
3278 0.1500000000006427 0.9599999999998867 0
3279 0.1400000000006113 0.9499999999998707 0
3280 0.1500000000006624 0.939999999999851 0
3281 0.7000000000004521 0.7900000000010624 0
3282 0.7100000000004254 0.7800000000010825 0
3283 0.7200000000003881 0.7900000000010299 0
3284 0.7100000000004149 0.8000000000010098 0
3285 0.5299999999991121 0.1199999999998853 0
3286 0.5199999999990569 0.1099999999998721 0
3287 0.5299999999990381 0.09999999999991338 0
3288 0.5399999999990933 0.1099999999999266 0
3289 0.9500000000000015 0.5599999999989347 0
3290 0.9400000000000207 0.5499999999989533 0
3291 0.9500000000000214 0.5399999999989086 0
3292 0.7099999999993982 0.1600000000001357 0
3293 0.6999999999993654 0.1500000000001353 0
3294 0.709999999999368 0.1400000000001438 0
3295 0.7199999999994008 0.1500000000001442 0
3296 0.3800000000013366 0.9100000000000014 0
3297 0.6099999999992759 0.1600000000000326 0
3298 0.5999999999992425 0.1500000000000224 0
3299 0.6099999999992336 0.1400000000000506 0
3300 0.619999999999267 0.1500000000000608 0
3301 0.9499999999999239 0.8199999999995122 0
3302 0.9599999999999329 0.8299999999995505 0
3303 0.9499999999999234 0.8399999999995814 0
3304 0.9399999999999143 0.8299999999995431 0
3305 0.5699999999990495 0.08000000000001811 0
3306 0.5599999999989973 0.0700000000000085 0
3307 0.5699999999989851 0.06000000000002688 0
3308 0.5799999999990373 0.07000000000003649 0
3309 0.02000000000000212 0.4500000000018051 0
3310 0.03000000000000238 0.440000000001748 0
3311 0.03999999999997632 0.450000000001729 0
3312 0.02999999999997607 0.460000000001786 0
3313 0.04000000000009656 0.3500000000014177 0
3314 0.05000000000011495 0.340000000001363 0
3315 0.06000000000011566 0.3500000000013769 0
3316 0.05000000000009728 0.3600000000014316 0
3317 0.09999999999941406 0.5900000000013691 0
3318 0.10999999999937 0.5800000000013681 0
3319 0.119999999999316 0.5900000000013249 0
3320 0.1099999999993601 0.6000000000013259 0
3321 0.2199999999993778 0.2899999999995467 0
3322 0.2299999999990252 0.2799999999989813 0
3323 0.2399999999995241 0.2899999999994848 0
3324 0.2299999999998768 0.3000000000000502 0
3325 0.4699999999992954 0.459999999999207 0
3326 0.4599999999991662 0.4499999999991019 0
3327 0.4699999999994324 0.4399999999991018 0
3328 0.6199999999993091 0.1700000000000423 0
3329 0.609999999999318 0.1800000000000111 0
3330 0.5999999999992849 0.1700000000000014 0
3331 0.1999999999808887 0.2499999999808917 0
3332 0.209999999974288 0.2399999999741158 0
3333 0.2199999999870753 0.2499999999868783 0
3334 0.209999999993676 0.2599999999936542 0
3335 0.560000000001126 0.8300000000009757 0
3336 0.5700000000010814 0.8200000000010246 0
3337 0.5800000000011044 0.8300000000009771 0
3338 0.5700000000011489 0.8400000000009281 0
3339 0.1299999999992754 0.5800000000012971 0
3340 0.1399999999992234 0.5900000000012424 0
3341 0.129999999999264 0.6000000000012702 0
3342 0.009999999999979208 0.4800000000019281 0
3343 0.009999999999964196 0.5000000000019609 0
3344 0.9199999999998487 0.05000000000002559 0
3345 0.9299999999998678 0.04000000000001359 0
3346 0.9399999999999236 0.04999999999998447 0
3347 0.1499999999991724 0.6000000000011776 0
3348 0.1499999999991865 0.5800000000011907 0
3349 0.1700000000003815 0.8599999999998542 0
3350 0.1800000000005724 0.8699999999998449 0
3351 0.1700000000005546 0.8799999999998341 0
3352 0.1600000000003637 0.8699999999998433 0
3353 0.2900000000006786 0.8000000000000583 0
3354 0.3000000000006966 0.8100000000000434 0
3355 0.2900000000007295 0.8199999999999965 0
3356 0.2800000000007115 0.8100000000000116 0
3357 0.5200000000004391 0.4700000000000044 0
3358 0.5300000000006116 0.4599999999997608 0
3359 0.5400000000008047 0.4700000000001207 0
3360 0.4900000000018245 0.9600000000001799 0
3361 0.5000000000018752 0.9700000000001523 0
3362 0.4900000000019166 0.9800000000000864 0
3363 0.4800000000018659 0.9700000000001139 0
3364 0.5000000000019911 0.9900000000000504 0
3365 0.269999999999101 0.259999999998749 0
3366 0.2599999999973158 0.2499999999969672 0
3367 0.2699999999974504 0.2399999999971261 0
3368 0.2799999999992356 0.2499999999989078 0
3369 0.7299999999993816 0.120000000000151 0
3370 0.7199999999993498 0.1100000000001469 0
3371 0.7299999999993605 0.1000000000001458 0
3372 0.7399999999993923 0.1100000000001499 0
3373 0.6400000000007184 0.570000000000782 0
3374 0.6300000000007395 0.5800000000011636 0
3375 0.6200000000007793 0.5700000000012373 0
3376 0.6300000000007582 0.5600000000008556 0
3377 0.660000000000639 0.590000000000662 0
3378 0.6500000000006623 0.6000000000010373 0
3379 0.6400000000007015 0.5900000000010994 0
3380 0.6500000000006781 0.5800000000007242 0
3381 0.1099999546002012 0.1599999546004854 0
3382 0.09999984699631566 0.1499998469966 0
3383 0.1099997961894584 0.1399997961896172 0
3384 0.6700000000005738 0.6400000000011694 0
3385 0.6600000000006134 0.6300000000012245 0
3386 0.6700000000005841 0.6200000000009294 0
3387 0.3500000000013726 0.9399999999998967 0
3388 0.3400000000012995 0.9299999999998831 0
3389 0.3500000000012951 0.9199999999999022 0
3390 0.3600000000013682 0.9299999999999158 0
3391 0.8999999999998152 0.9300000000000215 0
3392 0.909999999999851 0.9199999999999722 0
3393 0.9199999999998322 0.9299999999999318 0
3394 0.9099999999997963 0.9399999999999811 0
3395 0.4499999999986506 0.6000000000013685 0
3396 0.4399999999984219 0.5900000000011989 0
3397 0.4499999999984197 0.5800000000012511 0
3398 0.4599999999986484 0.5900000000014207 0
3399 0.4200000000017295 0.9500000000000387 0
3400 0.4100000000017125 0.9600000000000013 0
3401 0.4000000000016419 0.9499999999999957 0
3402 0.4100000000016589 0.9400000000000331 0
3403 0.4299999999983016 0.5800000000009955 0
3404 0.4299999999984645 0.6000000000011443 0
3405 0.9599999999998567 0.9699999999999214 0
3406 0.9499999999998086 0.9799999999999495 0
3407 0.9399999999997872 0.9699999999999356 0
3408 0.9499999999998353 0.9599999999999076 0
3409 0.4600000000018358 0.970000000000074 0
3410 0.4700000000018161 0.9600000000001301 0
3411 0.04999999406645345 0.1799999940670424 0
3412 0.03999998104749535 0.1699999810480685 0
3413 0.04999996711037862 0.1599999671108892 0
3414 0.05999998012933672 0.1699999801298631 0
3415 0.2299999999998908 0.3200000000003125 0
3416 0.2199999999999127 0.3100000000003191 0
3417 0.1599999999999238 0.3700000000010558 0
3418 0.1499999999999124 0.3800000000011462 0
3419 0.1399999999999724 0.3700000000011712 0
3420 0.1499999999999838 0.3600000000010807 0
3421 0.129999999999954 0.8599999999998194 0
3422 0.1400000000001591 0.8699999999998298 0
3423 0.1300000000002038 0.8799999999998123 0
3424 0.1599999999993009 0.77000000000014 0
3425 0.1499999999993507 0.7800000000000952 0
3426 0.1399999999993327 0.7700000000001748 0
3427 0.149999999999283 0.7600000000002196 0
3428 0.209999999999934 0.3200000000005339 0
3429 0.1999999999999219 0.3100000000005093 0
3430 0.2099999999999006 0.3000000000002945 0
3431 0.6200000000005175 0.389999999999559 0
3432 0.630000000000476 0.3799999999995879 0
3433 0.6400000000005968 0.3899999999995176 0
3434 0.6300000000006384 0.3999999999994888 0
3435 0.9499999999999162 0.7199999999992686 0
3436 0.9599999999999271 0.7299999999992939 0
3437 0.9499999999999171 0.7399999999993165 0
3438 0.9399999999999065 0.7299999999992912 0
3439 0.250000000000988 0.9399999999998436 0
3440 0.260000000001044 0.9499999999998621 0
3441 0.2500000000010186 0.9599999999998798 0
3442 0.2400000000009625 0.9499999999998614 0
3443 0.8999999999999948 0.1100000000000053 0
3444 0.9099999999999723 0.09999999999999359 0
3445 0.9200000000000391 0.1099999999999273 0
3446 0.9100000000000616 0.1199999999999389 0
3447 0.09999999999952822 0.8099999999999292 0
3448 0.1099999999994832 0.7999999999999852 0
3449 0.1199999999994958 0.8099999999999321 0
3450 0.1099999999995408 0.8199999999998762 0
3451 0.4300000000017712 0.9600000000000393 0
3452 0.4400000000018007 0.9700000000000386 0
3453 0.4300000000017806 0.9800000000000088 0
3454 0.4200000000017511 0.9700000000000094 0
3455 0.1400000000003955 0.889999999999824 0
3456 0.1300000000004357 0.8999999999998202 0
3457 0.5100000000002299 0.4599999999996039 0
3458 0.1199997110669717 0.1299997110670264 0
3459 0.1299997436888682 0.1199997436888375 0
3460 0.1399999262850176 0.1299999262849603 0
3461 0.9599999999999866 0.5699999999989269 0
3462 0.979999999999986 0.5699999999988905 0
3463 0.9699999999999811 0.5799999999989314 0
3464 0.520000000000417 0.4499999999995494 0
3465 0.0300000000000711 0.3600000000014698 0
3466 0.02000000000005673 0.3500000000014449 0
3467 0.03000000000008219 0.3400000000013929 0
3468 0.1699999999992043 0.7400000000003031 0
3469 0.1599999999991991 0.730000000000405 0
3470 0.1699999999991486 0.7200000000004509 0
3471 0.1899999998070969 0.219999999806942 0
3472 0.1999999999154887 0.2299999999153269 0
3473 0.1899999999525611 0.2399999999525771 0
3474 0.7200000000003727 0.6700000000006698 0
3475 0.710000000000403 0.6800000000009319 0
3476 0.7000000000004449 0.6700000000010345 0
3477 0.7100000000004146 0.6600000000007724 0
3478 0.9900000000000009 0.5399999999988034 0
3479 0.9899999999999949 0.559999999998853 0
3480 0.8799999999996568 0.9700000000000569 0
3481 0.8699999999996388 0.9800000000000562 0
3482 0.859999999999689 0.9700000000001103 0
3483 0.869999999999707 0.9600000000001111 0
3484 0.140000000000564 0.9099999999998292 0
3485 0.1300000000005511 0.9199999999998336 0
3486 0.4999999999987249 0.009999999999983815 0
3487 0.5199999999987597 0.009999999999992648 0
3488 0.5600000000007034 0.6900000000015656 0
3489 0.5500000000006278 0.7000000000015207 0
3490 0.540000000000497 0.6900000000015523 0
3491 0.04000000000003072 0.4100000000016328 0
3492 0.0300000000000193 0.4200000000016892 0
3493 0.02000000000002519 0.4100000000016765 0
3494 0.03000000000003662 0.4000000000016201 0
3495 0.01999999999997585 0.4700000000018448 0
3496 0.00999999999999664 0.4600000000018725 0
3497 0.5599999999991242 0.1099999999999738 0
3498 0.5499999999991396 0.1199999999999385 0
3499 0.5399999999991552 0.1299999999999004 0
3500 0.5299999999991756 0.1399999999998567 0
3501 0.5199999999991325 0.1299999999998415 0
3502 0.4699999999985434 0.5400000000009366 0
3503 0.4599999999984029 0.5300000000004529 0
3504 0.1800000000006876 0.8899999999998299 0
3505 0.1700000000006803 0.8999999999998259 0
3506 0.1600000000005472 0.8899999999998301 0
3507 0.579999999999096 0.09000000000002811 0
3508 0.5699999999991106 0.1000000000000033 0
3509 0.7100000000004173 0.7400000000011568 0
3510 0.7000000000004518 0.730000000001211 0
3511 0.7100000000004043 0.7200000000011282 0
3512 0.7200000000003699 0.7300000000010738 0
3513 0.520000000000391 0.710000000001448 0
3514 0.5100000000003504 0.7200000000013775 0
3515 0.5000000000002394 0.7100000000013844 0
3516 0.51000000000028 0.7000000000014549 0
3517 0.02000000000003719 0.3900000000016023 0
3518 0.01000000000001481 0.4000000000016518 0
3519 0.01000000000002238 0.3800000000015734 0
3520 0.9800000000000171 0.5099999999987683 0
3521 0.9900000000000118 0.499999999998727 0
3522 0.9900000000000053 0.5199999999987566 0
3523 0.4500000000018358 0.9800000000000304 0
3524 0.4400000000018208 0.9900000000000084 0
3525 0.9400000000000577 0.1099999999998514 0
3526 0.9300000000000785 0.1199999999998551 0
3527 0.8799999999995639 0.9900000000000183 0
3528 0.8899999999996324 0.9800000000000179 0
3529 0.8999999999996142 0.9899999999999995 0
3530 0.1500000000005693 0.8999999999998254 0
3531 0.1600000000006689 0.9099999999998286 0
3532 0.1500000000006637 0.9199999999998324 0
3533 0.1399999999992717 0.7300000000004925 0
3534 0.1499999999992204 0.7200000000005302 0
3535 0.1499999999992503 0.7400000000003673 0
3536 0.9299999999999107 0.8599999999996824 0
3537 0.9399999999999108 0.8699999999997069 0
3538 0.9299999999999051 0.8799999999997776 0
3539 0.5200000000000624 0.5900000000018748 0
3540 0.5099999999998864 0.6000000000018126 0
3541 0.4999999999994981 0.5900000000017982 0
3542 0.7199999999993254 0.09000000000013837 0
3543 0.7299999999993384 0.08000000000013296 0
3544 0.7399999999993735 0.09000000000014043 0
3545 0.8800000000001106 0.1499999999999287 0
3546 0.8900000000000914 0.1399999999999386 0
3547 0.9000000000001352 0.1499999999998375 0
3548 0.8900000000001544 0.1599999999998276 0
3549 0.5300000000001541 0.5400000000019016 0
3550 0.5400000000004408 0.5500000000019477 0
3551 0.5300000000001472 0.5600000000019467 0
3552 0.5199999999998606 0.5500000000019006 0
3553 0.239999999998914 0.6900000000004812 0
3554 0.2299999999989747 0.7000000000004568 0
3555 0.219999999998941 0.6900000000005531 0
3556 0.2299999999988803 0.6800000000005775 0
3557 0.7500000000002578 0.7400000000007115 0
3558 0.7600000000002243 0.7500000000006373 0
3559 0.7500000000002686 0.7600000000008439 0
3560 0.7400000000003021 0.7500000000009182 0
3561 0.03988866865737607 0.04988866865749684 0
3562 0.0299233501554467 0.05992335015561435 0
3563 0.01986142432169925 0.04986142432185324 0
3564 0.3800000000015848 0.9699999999999569 0
3565 0.3700000000015437 0.9799999999999585 0
3566 0.3600000000014857 0.9699999999999365 0
3567 0.8899999999997301 0.06000000000007855 0
3568 0.8799999999996819 0.05000000000008123 0
3569 0.8899999999997151 0.04000000000006397 0
3570 0.8999999999997633 0.05000000000006127 0
3571 0.5099999999997108 0.5200000000014182 0
3572 0.5199999999999576 0.5300000000017403 0
3573 0.5099999999995545 0.5400000000017486 0
3574 0.119999438427392 0.1099994384273946 0
3575 0.1299995743128669 0.09999957431285106 0
3576 0.139999879574343 0.109999879574294 0
3577 0.3099999999994576 0.7000000000004627 0
3578 0.3199999999998056 0.7100000000004476 0
3579 0.3099999999998755 0.7200000000003868 0
3580 0.2999999999995274 0.7100000000004019 0
3581 0.3299999999993434 0.6800000000005885 0
3582 0.339999999999689 0.6900000000005813 0
3583 0.3299999999997507 0.7000000000005152 0
3584 0.3199999999994051 0.6900000000005224 0
3585 0.1400000000006201 0.9299999999998436 0
3586 0.13000000000057 0.9399999999998541 0
3587 0.120000000000501 0.9299999999998441 0
3588 0.209999999998997 0.7000000000005203 0
3589 0.1999999999989999 0.6900000000006425 0
3590 0.209999999998944 0.6800000000006754 0
3591 0.09999999937074962 0.2099999993713244 0
3592 0.08999999989454452 0.219999999895179 0
3593 0.07999999964170577 0.2099999996423335 0
3594 0.08999999911791087 0.1999999991184788 0
3595 0.2499999999849593 0.219999999984628 0
3596 0.2399999999689425 0.2099999999686062 0
3597 0.2499999999786557 0.1999999999783718 0
3598 0.2599999999946725 0.2099999999943936 0
3599 0.2299999999988335 0.6400000000007311 0
3600 0.2399999999988039 0.6500000000006585 0
3601 0.22999999999885 0.6600000000006681 0
3602 0.320000000000156 0.730000000000372 0
3603 0.3100000000002359 0.7400000000003109 0
3604 0.2999999999999554 0.7300000000003255 0
3605 0.6700000000005781 0.7200000000013569 0
3606 0.6600000000006213 0.7100000000014118 0
3607 0.6700000000005735 0.7000000000013897 0
3608 0.6800000000005304 0.7100000000013348 0
3609 0.7700000000001972 0.7800000000006936 0
3610 0.7800000000001626 0.790000000000631 0
3611 0.7700000000002032 0.8000000000007693 0
3612 0.7600000000002379 0.7900000000008319 0
3613 0.8399999999996896 0.1100000000001368 0
3614 0.8499999999996983 0.1000000000001286 0
3615 0.8599999999998185 0.1100000000001092 0
3616 0.2399999999696509 0.1899999999693659 0
3617 0.2499999999854647 0.1799999999852677 0
3618 0.2599999999944695 0.1899999999942736 0
3619 0.03000000000005767 0.3800000000015489 0
3620 0.04000000000005709 0.3900000000015666 0
3621 0.9299999999999117 0.8399999999995855 0
3622 0.9399999999999139 0.8499999999996231 0
3623 0.9199999999999084 0.8499999999996448 0
3624 0.1800000000007519 0.9099999999998269 0
3625 0.1700000000007406 0.9199999999998296 0
3626 0.08999109574714229 0.07999109574720864 0
3627 0.08998496069575404 0.05998496069582611 0
3628 0.09999440879679125 0.06999440879684647 0
3629 0.1899999974935756 0.1599999974933145 0
3630 0.1799999947931094 0.1499999947928886 0
3631 0.1899999961370485 0.1399999961368644 0
3632 0.1999999988375147 0.1499999988372903 0
3633 0.6300000000002554 0.3599999999996879 0
3634 0.6400000000004316 0.3699999999996263 0
3635 0.6200000000002998 0.3699999999996495 0
3636 0.189999999999004 0.6600000000008616 0
3637 0.1799999999990405 0.6500000000009329 0
3638 0.3299999999985521 0.6200000000006503 0
3639 0.3399999999986506 0.6300000000006716 0
3640 0.3299999999987024 0.6400000000006676 0
3641 0.319999999998604 0.6300000000006463 0
3642 0.6700000000007236 0.4799999999996587 0
3643 0.6800000000006892 0.4899999999996825 0
3644 0.6700000000007063 0.4999999999997085 0
3645 0.160000000000706 0.9299999999998398 0
3646 0.6500000000004009 0.3599999999996613 0
3647 0.6600000000005311 0.369999999999573 0
3648 0.6500000000005617 0.3799999999995379 0
3649 0.6300000000007391 0.680000000001552 0
3650 0.6200000000007736 0.6700000000015987 0
3651 0.6300000000007284 0.6600000000015893 0
3652 0.6400000000006939 0.6700000000015427 0
3653 0.6300000000007256 0.6000000000013747 0
3654 0.6200000000007637 0.5900000000014389 0
3655 0.8699999999999444 0.7199999999993514 0
3656 0.8799999999999275 0.7299999999993341 0
3657 0.8699999999999384 0.7399999999993774 0
3658 0.0500000000001411 0.2800000000011386 0
3659 0.04000000000012402 0.2700000000011038 0
3660 0.05000000000014777 0.2600000000010477 0
3661 0.9200000000001316 0.1499999999997533 0
3662 0.9100000000001534 0.1599999999997392 0
3663 0.9100000000001134 0.1399999999998516 0
3664 0.5500000000008387 0.4599999999997961 0
3665 0.5400000000007164 0.4499999999996284 0
3666 0.5500000000006899 0.4399999999994818 0
3667 0.5600000000008123 0.4499999999996495 0
3668 0.1799999999990698 0.6900000000007003 0
3669 0.1699999999991206 0.700000000000637 0
3670 0.1599999999991499 0.6900000000007469 0
3671 0.1699999999990991 0.6800000000008102 0
3672 0.309999999998647 0.6400000000006392 0
3673 0.3199999999987834 0.6500000000006332 0
3674 0.3099999999988422 0.6600000000006006 0
3675 0.2999999999987057 0.6500000000006065 0
3676 0.5500000000004346 0.4199999999993939 0
3677 0.5600000000006153 0.4299999999994667 0
3678 0.5400000000005092 0.429999999999409 0
3679 0.8899999999997021 0.9600000000000422 0
3680 0.8999999999996777 0.9700000000000031 0
3681 0.8699999999996506 0.06000000000009759 0
3682 0.8599999999996171 0.05000000000009018 0
3683 0.8699999999996484 0.04000000000007382 0
3684 0.2699999999986815 0.6200000000007058 0
3685 0.2799999999986531 0.6300000000006609 0
3686 0.2699999999986912 0.6400000000006447 0
3687 0.2599999999987196 0.6300000000006897 0
3688 0.6299999999990914 0.060000000000088 0
3689 0.6399999999991268 0.07000000000010001 0
3690 0.6299999999991308 0.08000000000009784 0
3691 0.6199999999990953 0.07000000000008584 0
3692 0.1799999918228277 0.1299999918226889 0
3693 0.1899999945363318 0.1199999945362566 0
3694 0.1999999988505526 0.1299999988504321 0
3695 0.3399999999996303 0.3299999999993093 0
3696 0.3299999999996179 0.3399999999993432 0
3697 0.3199999999996611 0.3299999999993887 0
3698 0.3299999999996734 0.3199999999993548 0
3699 0.1199990878744106 0.08999908787442371 0
3700 0.1299993433486616 0.0799993433487064 0
3701 0.1399998297871179 0.08999982978713378 0
3702 0.2999999999997054 0.329999999999523 0
3703 0.3099999999997105 0.3199999999994427 0
3704 0.309999999999656 0.3399999999994689 0
3705 0.7500000000002764 0.7800000000008989 0
3706 0.750000000000278 0.8000000000009009 0
3707 0.7400000000003166 0.7900000000009679 0
3708 0.1800000000007722 0.9299999999998378 0
3709 0.1700000000007376 0.9399999999998481 0
3710 0.0900000000000883 0.3600000000013296 0
3711 0.1000000000000515 0.3700000000013272 0
3712 0.7800000000001366 0.2299999999998994 0
3713 0.7900000000001005 0.2199999999998912 0
3714 0.8000000000002119 0.2299999999997645 0
3715 0.7900000000002481 0.2399999999997727 0
3716 0.1099983734570523 0.09999837345707809 0
3717 0.09999640772290402 0.08999640772295438 0
3718 0.1099971221402624 0.0799971221403 0
3719 0.5800000000007031 0.4299999999994528 0
3720 0.5900000000006445 0.4199999999994397 0
3721 0.600000000000744 0.4299999999994227 0
3722 0.5900000000008027 0.4399999999994358 0
3723 0.319999999999704 0.3099999999993874 0
3724 0.2999999999997381 0.3099999999994698 0
3725 0.3099999999997317 0.2999999999994145 0
3726 0.4200000000017491 0.9900000000000002 0
3727 0.929999999999866 0.9199999999998847 0
3728 0.9399999999998603 0.9299999999998667 0
3729 0.9299999999998263 0.9399999999999138 0
3730 0.1699999875388838 0.1399999875387178 0
3731 0.1599999758088299 0.1299999758087083 0
3732 0.1699999800927738 0.1199999800926794 0
3733 0.7499999999993864 0.08000000000013416 0
3734 0.7399999999993534 0.07000000000012299 0
3735 0.7499999999993681 0.06000000000011237 0
3736 0.759999999999401 0.07000000000012353 0
3737 0.9599999999999321 0.8499999999996171 0
3738 0.9499999999999227 0.8599999999996588 0
3739 0.2899999999993736 0.2199999999991892 0
3740 0.2799999999988101 0.2099999999986267 0
3741 0.2899999999989112 0.1999999999988387 0
3742 0.2999999999994747 0.2099999999994012 0
3743 0.2899999999997557 0.2999999999994841 0
3744 0.2899999999997517 0.319999999999581 0
3745 0.2499999999628775 0.1399999999628995 0
3746 0.2399999999323581 0.1299999999323818 0
3747 0.249999999958003 0.1199999999581287 0
3748 0.2599999999885224 0.1299999999886464 0
3749 0.9299999999999032 0.7399999999993097 0
3750 0.9399999999999082 0.7499999999993366 0
3751 0.9299999999999055 0.7599999999993539 0
3752 0.9199999999999005 0.749999999999327 0
3753 0.7200000000002773 0.2899999999998515 0
3754 0.7300000000002373 0.279999999999858 0
3755 0.7400000000003562 0.2899999999997424 0
3756 0.7300000000003961 0.2999999999997359 0
3757 0.9199999999998187 0.03000000000002526 0
3758 0.9299999999998376 0.02000000000001619 0
3759 0.9399999999998867 0.03000000000000452 0
3760 0.03000000000004465 0.9199999999996945 0
3761 0.02000000000000805 0.9099999999996427 0
3762 0.02999999999998414 0.8999999999996271 0
3763 0.9500000000000711 0.4999999999988678 0
3764 0.9600000000000426 0.5099999999988354 0
3765 0.950000000000045 0.5199999999988856 0
3766 0.2899999999995215 0.2599999999991899 0
3767 0.2899999999994065 0.239999999999132 0
3768 0.2999999999996923 0.2499999999994141 0
3769 0.4699999999986708 0.5800000000015003 0
3770 0.4599999999984449 0.5700000000012355 0
3771 0.4699999999985432 0.5600000000012906 0
3772 0.4799999999987692 0.5700000000015553 0
3773 0.5700000000007788 0.6400000000017434 0
3774 0.5600000000007531 0.6300000000017807 0
3775 0.5700000000007921 0.6200000000018007 0
3776 0.5800000000008179 0.6300000000017634 0
3777 0.2899999999996951 0.2799999999993604 0
3778 0.2799999999994985 0.2699999999991581 0
3779 0.299999999999718 0.2699999999993922 0
3780 0.9199999999996827 0.9899999999999846 0
3781 0.9099999999996717 0.9799999999999841 0
3782 0.5299999999988503 0.03999999999998095 0
3783 0.529999999998803 0.01999999999999392 0
3784 0.5399999999988465 0.02999999999999895 0
3785 0.05000000000007076 0.3800000000015054 0
3786 0.04000000000007951 0.3700000000014932 0
3787 0.06000000000015553 0.2900000000011718 0
3788 0.05000000000013376 0.3000000000012242 0
3789 0.04000000000011934 0.290000000001191 0
3790 0.9700000000000208 0.5199999999988101 0
3791 0.9700000000000388 0.4999999999987936 0
3792 0.01000000000000548 0.4400000000018052 0
3793 0.6600000000003837 0.3499999999997033 0
3794 0.6400000000002251 0.3499999999997312 0
3795 0.8099999999997505 0.1600000000000933 0
3796 0.7999999999996326 0.1500000000001325 0
3797 0.8099999999996557 0.1400000000001411 0
3798 0.8199999999997736 0.150000000000102 0
3799 0.1499999999630752 0.2399999999634692 0
3800 0.1399999998757523 0.2299999998761459 0
3801 0.1499999996945607 0.2199999996947746 0
3802 0.4399999999982813 0.5700000000009777 0
3803 0.4799999999987218 0.5500000000013308 0
3804 0.4199999999985295 0.4899999999993535 0
3805 0.4299999999986055 0.4799999999991854 0
3806 0.4399999999985356 0.4899999999992988 0
3807 0.4299999999984596 0.4999999999994668 0
3808 0.1799999896511846 0.10999998965115 0
3809 0.1899999938943571 0.09999999389440015 0
3810 0.1999999987795043 0.1099999987795068 0
3811 0.02000000000004926 0.3700000000015254 0
3812 0.5900000000009138 0.5000000000005445 0
3813 0.5800000000009411 0.4900000000003705 0
3814 0.5900000000009246 0.4799999999999188 0
3815 0.2800000000011318 0.9499999999998645 0
3816 0.270000000001104 0.9599999999998807 0
3817 0.9400000000000454 0.5299999999989363 0
3818 0.9600000000000211 0.5299999999988578 0
3819 0.4899999999997156 0.3999999999992168 0
3820 0.4799999999996619 0.3899999999992133 0
3821 0.4899999999996805 0.3799999999992658 0
3822 0.4999999999997342 0.3899999999992694 0
3823 0.1200000000005141 0.9699999999999123 0
3824 0.1100000000004688 0.9799999999999361 0
3825 0.1000000000004337 0.9699999999999102 0
3826 0.1100000000004791 0.9599999999998863 0
3827 0.01999999999996762 0.8899999999995984 0
3828 0.02999999999992221 0.8799999999996095 0
3829 0.03999999999993874 0.8899999999996382 0
3830 0.3100000000012659 0.9599999999998883 0
3831 0.3000000000012119 0.9499999999998694 0
3832 0.3100000000012316 0.9399999999998568 0
3833 0.3200000000012856 0.9499999999998757 0
3834 0.04000000000009301 0.929999999999745 0
3835 0.03000000000009174 0.9399999999997677 0
3836 0.02000000000004338 0.9299999999997172 0
3837 0.4199999999982665 0.570000000000735 0
3838 0.4299999999982462 0.5600000000007173 0
3839 0.3799999999994933 0.3699999999992075 0
3840 0.3899999999995679 0.3599999999992071 0
3841 0.3999999999995479 0.369999999999184 0
3842 0.03999999999993059 0.4700000000017376 0
3843 0.6700000000005947 0.8400000000008847 0
3844 0.6600000000006354 0.8300000000009375 0
3845 0.6700000000005685 0.8200000000009739 0
3846 0.6800000000005277 0.8300000000009211 0
3847 0.009999999999973476 0.8799999999995489 0
3848 0.009999999999954557 0.8599999999996066 0
3849 0.01999999999992803 0.86999999999961 0
3850 0.2700000000009201 0.8799999999998469 0
3851 0.28000000000098 0.8899999999998451 0
3852 0.270000000000986 0.8999999999998309 0
3853 0.2600000000009259 0.8899999999998329 0
3854 0.4499999999987043 0.4799999999992077 0
3855 0.4599999999986853 0.4899999999994754 0
3856 0.4499999999985165 0.4999999999995665 0
3857 0.6800000000005015 0.3499999999996483 0
3858 0.6900000000004871 0.3399999999996788 0
3859 0.700000000000552 0.3499999999995577 0
3860 0.6900000000005663 0.3599999999995272 0
3861 0.810000000000178 0.2199999999997588 0
3862 0.8200000000002485 0.2299999999996144 0
3863 0.8100000000002824 0.2399999999996201 0
3864 0.720000000000415 0.6300000000001453 0
3865 0.7100000000004358 0.6400000000004906 0
3866 0.3999999999988676 0.4499999999992303 0
3867 0.4099999999989564 0.4399999999991362 0
3868 0.4199999999988687 0.4499999999991143 0
3869 0.4099999999987799 0.4599999999992085 0
3870 0.2499999999983056 0.2599999999979816 0
3871 0.239999999993638 0.2499999999933252 0
3872 0.2499999999926482 0.2399999999923108 0
3873 0.1199999999993072 0.6500000000010726 0
3874 0.129999999999258 0.6400000000011166 0
3875 0.1399999999992142 0.6500000000010464 0
3876 0.1299999999992635 0.6600000000010025 0
3877 0.5300000000002996 0.5200000000016358 0
3878 0.5400000000004961 0.530000000001797 0
3879 0.349999999999136 0.6600000000007112 0
3880 0.3399999999988893 0.6500000000006796 0
3881 0.3499999999987675 0.6400000000007189 0
3882 0.3599999999990142 0.6500000000007504 0
3883 0.9699999999999475 0.8399999999995831 0
3884 0.9799999999999618 0.8499999999996117 0
3885 0.9699999999999465 0.8599999999996457 0
3886 0.6700000000006905 0.8800000000006949 0
3887 0.6600000000007283 0.8700000000007495 0
3888 0.6700000000006359 0.8600000000007915 0
3889 0.6800000000005979 0.8700000000007369 0
3890 0.4299999999990006 0.4399999999990715 0
3891 0.4399999999989397 0.4499999999990663 0
3892 0.4299999999988078 0.4599999999991091 0
3893 0.8599999999999592 0.829999999999991 0
3894 0.869999999999943 0.8199999999997913 0
3895 0.8799999999999306 0.8299999999997586 0
3896 0.8699999999999468 0.8399999999999581 0
3897 0.4100000000005036 0.7800000000005831 0
3898 0.4000000000004528 0.7700000000005649 0
3899 0.4100000000003924 0.7600000000006634 0
3900 0.4200000000004432 0.7700000000006815 0
3901 0.7100000000005275 0.3399999999995735 0
3902 0.7200000000005502 0.3499999999994351 0
3903 0.7100000000005746 0.3599999999994192 0
3904 0.6300000000008532 0.8400000000009122 0
3905 0.6200000000008958 0.8300000000009654 0
3906 0.6300000000008037 0.8200000000010055 0
3907 0.6400000000007608 0.8300000000009523 0
3908 0.3900000000006192 0.8000000000003902 0
3909 0.3800000000005613 0.7900000000003756 0
3910 0.3900000000005077 0.7800000000004703 0
3911 0.4000000000005656 0.7900000000004849 0
3912 0.07999144139632072 0.08999144139643234 0
3913 0.4199999999982658 0.5500000000004315 0
3914 0.009999999999994142 0.8999999999995953 0
3915 0.5399999999988059 0.01000000000000127 0
3916 0.119998615024482 0.06999861502454476 0
3917 0.1299991020826773 0.05999910208278833 0
3918 0.1399998304068569 0.06999983040694997 0
3919 0.2899999999983607 0.1799999999984047 0
3920 0.2799999999972113 0.1699999999972471 0
3921 0.2899999999981689 0.1599999999983182 0
3922 0.2999999999993185 0.1699999999994758 0
3923 0.2299999999836771 0.2399999999833834 0
3924 0.2299999999970362 0.2599999999968201 0
3925 0.7600000000003085 0.269999999999771 0
3926 0.770000000000296 0.2599999999997785 0
3927 0.7800000000003589 0.2699999999996333 0
3928 0.7700000000003713 0.2799999999996258 0
3929 0.08998141657770685 0.039981416577807 0
3930 0.09999345983174712 0.04999345983183639 0
3931 0.07997291744171378 0.04997291744179672 0
3932 0.4000000000016704 0.9899999999999901 0
3933 0.4100000000017134 0.9799999999999904 0
3934 0.3900000000016329 0.9799999999999731 0
3935 0.3800000000015854 0.9899999999999829 0
3936 0.9200000000000776 0.5299999999990053 0
3937 0.9300000000000468 0.5399999999989763 0
3938 0.7100000000004816 0.900000000000577 0
3939 0.7000000000005203 0.8900000000006292 0
3940 0.7100000000004382 0.8800000000006718 0
3941 0.7200000000003994 0.8900000000006195 0
3942 0.7300000000003483 0.6600000000003615 0
3943 0.7400000000003063 0.6700000000002404 0
3944 0.7300000000003307 0.6800000000005487 0
3945 0.2699999999960941 0.2199999999958224 0
3946 0.2699999999973886 0.199999999997198 0
3947 0.5600000000007994 0.5300000000016551 0
3948 0.5800000000009 0.5300000000014367 0
3949 0.5700000000008347 0.5400000000017109 0
3950 0.04000000000011407 0.3100000000012708 0
3951 0.03000000000008663 0.3200000000013161 0
3952 0.02000000000006363 0.3100000000012838 0
3953 0.03000000000009106 0.3000000000012385 0
3954 0.9599999999999541 0.62999999999904 0
3955 0.9699999999999664 0.6199999999990108 0
3956 0.9799999999999713 0.62999999999903 0
3957 0.969999999999959 0.6399999999990593 0
3958 0.05000000000003874 0.400000000001575 0
3959 0.06000000000001514 0.4100000000015795 0
3960 0.05000000000000712 0.4200000000016374 0
3961 0.4500000000003616 0.760000000000905 0
3962 0.4400000000003175 0.750000000000884 0
3963 0.4500000000002492 0.7400000000009872 0
3964 0.4600000000002933 0.7500000000010081 0
3965 0.3200000000013151 0.9699999999999152 0
3966 0.3100000000012851 0.9799999999999376 0
3967 0.3000000000012361 0.9699999999999107 0
3968 0.9800000000000062 0.5299999999987974 0
3969 0.7600000000003957 0.289999999999608 0
3970 0.7800000000004026 0.2899999999994808 0
3971 0.770000000000427 0.2999999999994631 0
3972 0.1600000000006778 0.9699999999999117 0
3973 0.150000000000631 0.9799999999999378 0
3974 0.1400000000005958 0.9699999999999129 0
3975 0.2600000000008713 0.8699999999998549 0
3976 0.2700000000008514 0.8599999999998769 0
3977 0.2800000000009002 0.869999999999869 0
3978 0.6000000000008713 0.5300000000011083 0
3979 0.6100000000008516 0.5200000000007012 0
3980 0.6200000000008153 0.5300000000006473 0
3981 0.4099999999990824 0.6400000000010715 0
3982 0.3999999999988159 0.630000000000966 0
3983 0.4099999999986543 0.6200000000010378 0
3984 0.4199999999989208 0.6300000000011434 0
3985 0.9599999999999285 0.6899999999991951 0
3986 0.9499999999999178 0.6999999999992232 0
3987 0.9399999999999124 0.6899999999992069 0
3988 0.9499999999999231 0.6799999999991788 0
3989 0.9799999999999989 0.04999999999992168 0
3990 0.9700000000000024 0.05999999999991405 0
3991 0.959999999999976 0.0499999999999477 0
3992 0.0400000000001344 0.2100000000008617 0
3993 0.03000000000010181 0.2200000000009042 0
3994 0.020000000000071 0.2100000000008693 0
3995 0.03000000000010359 0.2000000000008268 0
3996 0.6599999999991188 0.03000000000005947 0
3997 0.6699999999991373 0.02000000000004243 0
3998 0.6799999999991688 0.03000000000006136 0
3999 0.6699999999991504 0.0400000000000784 0
4000 0.2399999999263711 0.1099999999265046 0
4001 0.2499999999633232 0.09999999996355492 0
4002 0.259999999994955 0.109999999995179 0
4003 0.179999988563794 0.08999998856386954 0
4004 0.1899999936945983 0.07999999369475423 0
4005 0.1999999990251614 0.08999999902528483 0
4006 0.9499999999999307 0.03999999999998295 0
4007 0.9499999999998977 0.02000000000000291 0
4008 0.8600000000001758 0.189999999999718 0
4009 0.8700000000001622 0.1799999999997652 0
4010 0.8800000000001971 0.1899999999996459 0
4011 0.8700000000002107 0.1999999999995986 0
4012 0.1699999739164427 0.09999997391644869 0
4013 0.1599999546854443 0.08999995468548469 0
4014 0.1699999693327956 0.07999996933290555 0
4015 0.1300000000005493 0.9799999999999373 0
4016 0.1300000000005607 0.9599999999998881 0
4017 0.6900000000004824 0.6800000000012034 0
4018 0.6800000000005249 0.6700000000012787 0
4019 0.6900000000004873 0.6600000000011098 0
4020 0.6000000000008858 0.5100000000006485 0
4021 0.5900000000008936 0.5200000000010851 0
4022 0.1099959016810109 0.05999590168109124 0
4023 0.07000000000012718 0.3400000000013258 0
4024 0.08000000000011417 0.3500000000013315 0
4025 0.9299999999999066 0.779999999999399 0
4026 0.9399999999999105 0.7899999999994272 0
4027 0.929999999999908 0.7999999999994465 0
4028 0.9199999999999042 0.7899999999994183 0
4029 0.01000000000001038 0.4200000000017309 0
4030 0.02000000000001587 0.4300000000017467 0
4031 0.3899999999985945 0.6200000000008643 0
4032 0.3799999999984776 0.6100000000007272 0
4033 0.3999999999985181 0.6100000000008754 0
4034 0.5400000000005495 0.5900000000019059 0
4035 0.5500000000006685 0.580000000001923 0
4036 0.5600000000007967 0.5900000000018909 0
4037 0.5500000000006777 0.6000000000018739 0
4038 0.6000000000005798 0.4099999999994817 0
4039 0.5800000000004794 0.4099999999994681 0
4040 0.5500000000006074 0.540000000001866 0
4041 0.5600000000007799 0.5500000000018572 0
4042 0.5500000000006133 0.5600000000019389 0
4043 0.4000000000006976 0.8100000000004056 0
4044 0.3900000000007505 0.8200000000003127 0
4045 0.3800000000006721 0.8100000000002971 0
4046 0.5499999999988454 0.02000000000000781 0
4047 0.5599999999988878 0.0300000000000162 0
4048 0.5499999999988889 0.04000000000000735 0
4049 0.4200000000005758 0.7900000000006009 0
4050 0.4100000000006378 0.8000000000005026 0
4051 0.5400000000004885 0.6500000000017034 0
4052 0.5500000000006233 0.6400000000017443 0
4053 0.5600000000007181 0.6500000000017121 0
4054 0.4699999999990197 0.4799999999994697 0
4055 0.459999999998939 0.4699999999992034 0
4056 0.4799999999996519 0.3699999999992616 0
4057 0.489999999999638 0.3599999999993143 0
4058 0.4999999999996666 0.3699999999993185 0
4059 0.5500000000006806 0.7200000000014446 0
4060 0.5600000000007337 0.7300000000014114 0
4061 0.5500000000006582 0.7400000000013645 0
4062 0.5500000000006882 0.5200000000015863 0
4063 0.5400000000006104 0.5100000000013829 0
4064 0.01998541140321546 0.0899854114035252 0
4065 0.0299729871310027 0.07997298713124215 0
4066 0.03998082764121342 0.08998082764146365 0
4067 0.02999325191342617 0.09999325191374669 0
4068 0.310000000001115 0.8999999999998602 0
4069 0.3200000000011788 0.9099999999998629 0
4070 0.3100000000011829 0.9199999999998486 0
4071 0.3000000000011191 0.909999999999846 0
4072 0.6600000000006467 0.3899999999994512 0
4073 0.6500000000006818 0.3999999999994309 0
4074 0.570000000000799 0.7800000000012043 0
4075 0.5600000000007304 0.7700000000012474 0
4076 0.5700000000007158 0.7600000000012894 0
4077 0.5800000000007846 0.7700000000012464 0
4078 0.06999478796662942 0.09999478796680603 0
4079 0.05998514823625208 0.08998514823643608 0
4080 0.02999999999986872 0.8599999999996421 0
4081 0.0399999999998629 0.8699999999996417 0
4082 0.04999999999997358 0.4400000000016834 0
4083 0.04000000000000581 0.4300000000016906 0
4084 0.5999999999989731 0.03000000000004087 0
4085 0.6099999999989829 0.02000000000003298 0
4086 0.6199999999990202 0.03000000000004989 0
4087 0.6099999999990104 0.04000000000005778 0
4088 0.06999999992789324 0.2199999999285748 0
4089 0.05999999941654977 0.2099999994172197 0
4090 0.0699999991303623 0.1999999991309784 0
4091 0.9699999999999465 0.6799999999991666 0
4092 0.9799999999999598 0.689999999999188 0
4093 0.969999999999942 0.6999999999992166 0
4094 0.2099999995293312 0.1799999995290127 0
4095 0.1999999990206038 0.1699999990203059 0
4096 0.2099999993122113 0.1599999993119614 0
4097 0.2199999998209387 0.1699999998206682 0
4098 0.7399999999993347 0.05000000000009713 0
4099 0.749999999999353 0.04000000000008214 0
4100 0.7599999999993863 0.05000000000009738 0
4101 0.670000000000754 0.9000000000005939 0
4102 0.6600000000007922 0.8900000000006496 0
4103 0.6800000000006523 0.8900000000006391 0
4104 0.2899999999990618 0.1399999999993023 0
4105 0.2799999999989414 0.1299999999991752 0
4106 0.2899999999992275 0.1199999999995525 0
4107 0.2999999999993479 0.1299999999996796 0
4108 0.8599999999996206 0.9900000000000378 0
4109 0.6900000000004896 0.7200000000012732 0
4110 0.6900000000004829 0.7000000000012649 0
4111 0.700000000000442 0.7100000000012032 0
4112 0.2200000000009052 0.969999999999908 0
4113 0.2100000000008721 0.9799999999999354 0
4114 0.2000000000008304 0.9699999999999085 0
4115 0.2100000000008635 0.9599999999998814 0
4116 0.8899999999999205 0.7199999999993019 0
4117 0.8999999999999087 0.7299999999992977 0
4118 0.8899999999999155 0.7399999999993296 0
4119 0.5499999999992244 0.1599999999998882 0
4120 0.5399999999992022 0.1499999999998735 0
4121 0.5499999999991871 0.1399999999999136 0
4122 0.5599999999992094 0.1499999999999284 0
4123 0.630000000000972 0.8800000000007144 0
4124 0.6200000000010093 0.8700000000007699 0
4125 0.6300000000009072 0.8600000000008152 0
4126 0.6400000000008699 0.8700000000007598 0
4127 0.2000000000008274 0.949999999999863 0
4128 0.210000000000853 0.9399999999998425 0
4129 0.2200000000008891 0.949999999999861 0
4130 0.109999999999356 0.6200000000012436 0
4131 0.1199999999993056 0.6300000000011818 0
4132 0.1099999999993544 0.6400000000011385 0
4133 0.09999999999940484 0.6300000000012003 0
4134 0.3300000000013452 0.9599999999998949 0
4135 0.3300000000012989 0.9399999999998719 0
4136 0.3400000000013585 0.9499999999998912 0
4137 0.3500000000014541 0.979999999999946 0
4138 0.3400000000013981 0.96999999999992 0
4139 0.3500000000014296 0.9599999999999105 0
4140 0.2900000000011136 0.9199999999998374 0
4141 0.3000000000011737 0.9299999999998481 0
4142 0.2900000000011561 0.9399999999998507 0
4143 0.03000000000009413 0.2800000000011543 0
4144 0.02000000000006771 0.2700000000011174 0
4145 0.0300000000000976 0.2600000000010668 0
4146 0.9799999999999667 0.6499999999990815 0
4147 0.9699999999999523 0.659999999999114 0
4148 0.4899999999995923 0.3399999999993623 0
4149 0.4999999999996141 0.3499999999993666 0
4150 0.4799999999996162 0.34999999999931 0
4151 0.9299999999999073 0.6999999999992336 0
4152 0.9399999999999078 0.7099999999992479 0
4153 0.929999999999904 0.7199999999992694 0
4154 0.9199999999999036 0.709999999999255 0
4155 0.04000000000010754 0.3300000000013444 0
4156 0.05000000000012606 0.3200000000012968 0
4157 0.06000000000013347 0.3300000000013154 0
4158 0.6200000000006665 0.4099999999994656 0
4159 0.6400000000007128 0.4099999999994285 0
4160 0.6300000000007409 0.4199999999994054 0
4161 0.5300000000004423 0.7000000000014992 0
4162 0.5200000000003002 0.6900000000015238 0
4163 0.5300000000003549 0.6800000000015769 0
4164 0.7000000000005921 0.5299999999996665 0
4165 0.7100000000005778 0.5199999999996523 0
4166 0.7200000000005384 0.5299999999996254 0
4167 0.7100000000005527 0.5399999999996397 0
4168 0.860000000000037 0.150000000000005 0
4169 0.8500000000000296 0.159999999999995 0
4170 0.8399999999999194 0.1500000000000691 0
4171 0.4399999999991553 0.4299999999990662 0
4172 0.4199999999990779 0.4299999999990975 0
4173 0.7699999999995348 0.1600000000001392 0
4174 0.7599999999994783 0.1500000000001483 0
4175 0.769999999999483 0.1400000000001522 0
4176 0.7799999999995395 0.1500000000001431 0
4177 0.8899999999999024 0.1000000000000587 0
4178 0.8900000000000151 0.1200000000000181 0
4179 0.8799999999999228 0.1100000000000716 0
4180 0.2600000000009745 0.9099999999998265 0
4181 0.2800000000010474 0.9099999999998342 0
4182 0.3700000000013591 0.919999999999952 0
4183 0.2699999999950078 0.1799999999949268 0
4184 0.259999999990717 0.1699999999906308 0
4185 0.2699999999929205 0.1599999999929511 0
4186 0.6100000000007786 0.6200000000016848 0
4187 0.6200000000007526 0.6300000000016348 0
4188 0.610000000000784 0.640000000001685 0
4189 0.6000000000008099 0.6300000000017349 0
4190 0.5700000000009573 0.8000000000011167 0
4191 0.5600000000008687 0.7900000000011607 0
4192 0.5800000000008877 0.7900000000011602 0
4193 0.4599999999993328 0.4299999999990841 0
4194 0.4699999999995236 0.41999999999912 0
4195 0.2999999999985795 0.6100000000006569 0
4196 0.3099999999985408 0.6000000000006391 0
4197 0.3199999999985261 0.6100000000006308 0
4198 0.3099999999985649 0.6200000000006487 0
4199 0.02000000000006128 0.3300000000013644 0
4200 0.3999999999992464 0.4099999999991478 0
4201 0.3899999999991375 0.4199999999991882 0
4202 0.3799999999992141 0.4099999999992148 0
4203 0.2600000000010698 0.9699999999999069 0
4204 0.2500000000010381 0.9799999999999331 0
4205 0.2400000000009868 0.969999999999906 0
4206 0.4600000000004291 0.7700000000009249 0
4207 0.4500000000005043 0.780000000000822 0
4208 0.4400000000004369 0.770000000000802 0
4209 0.939999999999903 0.889999999999779 0
4210 0.9499999999999177 0.87999999999973 0
4211 0.9599999999999247 0.8899999999997397 0
4212 0.94999999999991 0.8999999999997886 0
4213 0.190000000000095 0.8199999999999383 0
4214 0.2000000000003559 0.8299999999999148 0
4215 0.1900000000003658 0.8399999999998904 0
4216 0.1800000000001049 0.8299999999999139 0
4217 0.9599999999999 0.9299999999998305 0
4218 0.949999999999867 0.9399999999998682 0
4219 0.9499999999998934 0.9199999999998291 0
4220 0.2299999999180063 0.1999999999176685 0
4221 0.2199999998260095 0.1899999998256768 0
4222 0.2299999998776541 0.1799999998773742 0
4223 0.1799999999990396 0.6100000000009869 0
4224 0.1899999999990012 0.6000000000009518 0
4225 0.1999999999989568 0.6100000000008943 0
4226 0.5599999999991716 0.1299999999999517 0
4227 0.3700000000007251 0.8200000000002142 0
4228 0.3600000000006647 0.8100000000002057 0
4229 0.3700000000006117 0.8000000000002886 0
4230 0.169999983602192 0.05999998360238875 0
4231 0.1799999912914486 0.06999999129162396 0
4232 0.1599999616435391 0.06999996164367034 0
4233 0.3299999999996999 0.2999999999993664 0
4234 0.3199999999997208 0.2899999999993923 0
4235 0.3299999999996906 0.2799999999993929 0
4236 0.3399999999996697 0.2899999999993671 0
4237 0.3800000000008054 0.830000000000223 0
4238 0.3700000000008616 0.8400000000001444 0
4239 0.3600000000007814 0.8300000000001357 0
4240 0.9299999999997346 0.9799999999999618 0
4241 0.9199999999997255 0.969999999999962 0
4242 0.9299999999997779 0.9599999999999359 0
4243 0.6100000000008624 0.8000000000011083 0
4244 0.6000000000008622 0.7900000000011571 0
4245 0.6100000000007867 0.7800000000011953 0
4246 0.6200000000007869 0.7900000000011465 0
4247 0.9899999999999911 0.5799999999989054 0
4248 0.9799999999999794 0.5899999999989387 0
4249 0.969999999999972 0.5999999999989697 0
4250 0.9599999999999738 0.5899999999989624 0
4251 0.2500000000007776 0.8399999999999029 0
4252 0.2400000000007195 0.8299999999999207 0
4253 0.2500000000007034 0.8199999999999518 0
4254 0.2600000000007616 0.829999999999934 0
4255 0.209999999380867 0.1399999993807168 0
4256 0.2199999998555637 0.1499999998553879 0
4257 0.7400000000004862 0.529999999999569 0
4258 0.7500000000004747 0.51999999999952 0
4259 0.7600000000004348 0.5299999999994875 0
4260 0.7500000000004461 0.5399999999995366 0
4261 0.360000000001498 0.9899999999999756 0
4262 0.6900000000004982 0.7400000000012423 0
4263 0.6800000000005362 0.7300000000013045 0
4264 0.08000000000017508 0.2900000000011352 0
4265 0.07000000000015881 0.3000000000011978 0
4266 0.9699999999999313 0.9199999999998019 0
4267 0.9799999999999487 0.929999999999818 0
4268 0.9699999999999174 0.9399999999998467 0
4269 0.1600000000001388 0.8499999999998683 0
4270 0.1700000000001332 0.8399999999998868 0
4271 0.1800000000003759 0.8499999999998726 0
4272 0.8600000000001973 0.5299999999991196 0
4273 0.8700000000001933 0.5199999999991136 0
4274 0.8800000000001549 0.529999999999091 0
4275 0.8700000000001589 0.539999999999097 0
4276 0.5800000000008256 0.6100000000018013 0
4277 0.5900000000008226 0.6000000000017729 0
4278 0.6000000000008099 0.6100000000017408 0
4279 0.590000000000813 0.6200000000017692 0
4280 0.1599999999991251 0.6100000000011045 0
4281 0.1699999999990797 0.6200000000010322 0
4282 0.9099999999998839 0.08000000000002991 0
4283 0.8999999999998934 0.09000000000004232 0
4284 0.9699999999999476 0.8199999999995216 0
4285 0.9799999999999622 0.8299999999995541 0
4286 0.4000000000016748 0.9699999999999823 0
4287 0.9399999999999513 0.6299999999990659 0
4288 0.9499999999999591 0.6199999999990282 0
4289 0.100000000000177 0.2900000000010747 0
4290 0.09000000000016679 0.300000000001148 0
4291 0.09000000000018529 0.2800000000010621 0
4292 0.959999999999936 0.6699999999991454 0
4293 0.9399999999999217 0.6699999999991637 0
4294 0.899999999999938 0.6699999999992268 0
4295 0.8899999999999404 0.6799999999992588 0
4296 0.8799999999999619 0.6699999999992649 0
4297 0.8899999999999595 0.6599999999992328 0
4298 0.5800000000007581 0.7500000000013298 0
4299 0.5900000000007679 0.7400000000013685 0
4300 0.6000000000007638 0.7500000000013256 0
4301 0.590000000000754 0.760000000001287 0
4302 0.83999999999957 0.03000000000006144 0
4303 0.8499999999996002 0.02000000000004245 0
4304 0.8599999999996222 0.03000000000005952 0
4305 0.849999999999592 0.04000000000007851 0
4306 0.1900000000007928 0.9799999999999349 0
4307 0.1800000000007562 0.9699999999999083 0
4308 0.1900000000007938 0.9599999999998818 0
4309 0.7100000000005269 0.9200000000004761 0
4310 0.7000000000005702 0.9100000000005299 0
4311 0.7200000000004383 0.9100000000005232 0
4312 0.1599999999998727 0.8299999999999079 0
4313 0.1699999999998444 0.8199999999999352 0
4314 0.6100000000008001 0.6600000000016428 0
4315 0.6000000000008234 0.6500000000016908 0
4316 0.6200000000007607 0.650000000001637 0
4317 0.3400000000012294 0.9099999999998925 0
4318 0.35000000000121 0.8999999999999251 0
4319 0.3600000000012756 0.909999999999935 0
4320 0.570000000000759 0.4399999999994907 0
4321 0.5800000000008489 0.4499999999995514 0
4322 0.5700000000009022 0.4599999999997101 0
4323 0.6300000000010475 0.9000000000006088 0
4324 0.6200000000010816 0.8900000000006655 0
4325 0.6400000000009379 0.8900000000006577 0
4326 0.3300000000010677 0.8799999999999172 0
4327 0.3400000000011397 0.889999999999919 0
4328 0.3300000000011669 0.8999999999998867 0
4329 0.3200000000010949 0.8899999999998849 0
4330 0.2500000000009585 0.9199999999998255 0
4331 0.2400000000009092 0.9099999999998223 0
4332 0.2500000000009251 0.8999999999998233 0
4333 0.7200000000005893 0.3899999999993192 0
4334 0.7300000000005633 0.3799999999992672 0
4335 0.7400000000005498 0.3899999999992502 0
4336 0.7300000000005756 0.3999999999993022 0
4337 0.5800000000008056 0.7100000000014877 0
4338 0.590000000000822 0.700000000001523 0
4339 0.6000000000008189 0.710000000001482 0
4340 0.5900000000008025 0.7200000000014466 0
4341 0.7800000000003846 0.5299999999993941 0
4342 0.7900000000003762 0.5199999999993351 0
4343 0.800000000000336 0.5299999999992946 0
4344 0.7900000000003444 0.5399999999993534 0
4345 0.139999999999215 0.6100000000012042 0
4346 0.1499999999991677 0.6200000000011312 0
4347 0.1099963690320369 0.03999636903216429 0
4348 0.1199988108813007 0.04999881088141914 0
4349 0.1499999999999148 0.8399999999998752 0
4350 0.1399999999997081 0.829999999999891 0
4351 0.149999999999666 0.8199999999999239 0
4352 0.6700000000008136 0.9200000000004874 0
4353 0.6600000000008581 0.9100000000005446 0
4354 0.6800000000007095 0.9100000000005367 0
4355 0.5400000000009415 0.8100000000010571 0
4356 0.5500000000009135 0.8000000000011099 0
4357 0.5600000000010242 0.8100000000010703 0
4358 0.5500000000010521 0.8200000000010175 0
4359 0.4600000000017834 0.9500000000001425 0
4360 0.4700000000017517 0.9400000000002151 0
4361 0.4800000000017844 0.9500000000002027 0
4362 0.02000000000006916 0.2500000000010328 0
4363 0.03000000000009969 0.2400000000009832 0
4364 0.04000000000012813 0.2500000000010172 0
4365 0.2299999999135405 0.159999999913354 0
4366 0.2399999999702558 0.16999999997006 0
4367 0.05000000000016629 0.9399999999997937 0
4368 0.05000000000020195 0.9599999999998581 0
4369 0.0400000000001408 0.9499999999998144 0
4370 0.1299999999997529 0.8399999999998504 0
4371 0.1399999999999254 0.8499999999998511 0
4372 0.1199999999997814 0.8499999999998187 0
4373 0.2900000000009668 0.8799999999998643 0
4374 0.3000000000010398 0.889999999999862 0
4375 0.290000000001053 0.8999999999998428 0
4376 0.5599999999988547 0.01000000000000654 0
4377 0.2300000000008055 0.8599999999998569 0
4378 0.240000000000846 0.8699999999998466 0
4379 0.2300000000008497 0.8799999999998319 0
4380 0.2200000000008092 0.8699999999998422 0
4381 0.9599999999999302 0.7899999999994387 0
4382 0.9699999999999454 0.7799999999994173 0
4383 0.9799999999999612 0.7899999999994451 0
4384 0.9699999999999462 0.7999999999994665 0
4385 0.2399999999535116 0.0899999999537531 0
4386 0.2499999999877939 0.07999999998812379 0
4387 0.2599999999976055 0.0899999999979256 0
4388 0.03999518156700763 0.1099951815673391 0
4389 0.02999877274594258 0.1199987727463447 0
4390 0.01999684309236113 0.1099968430927523 0
4391 0.1199999990320972 0.2099999990325547 0
4392 0.1299999980209499 0.199999998021247 0
4393 0.1399999988193489 0.2099999988196003 0
4394 0.1299999998304962 0.2199999998309079 0
4395 0.9199999999997805 0.9499999999999489 0
4396 0.9399999999998238 0.9499999999999009 0
4397 0.560000000000926 0.4700000000000659 0
4398 0.3599999999996128 0.3299999999992816 0
4399 0.3699999999996312 0.3199999999992948 0
4400 0.3799999999996188 0.3299999999992683 0
4401 0.9099999999997314 0.959999999999981 0
4402 0.8999999999997472 0.9500000000000133 0
4403 0.9399999999997604 0.9899999999999771 0
4404 0.5200000000001199 0.5100000000012859 0
4405 0.2900000000012041 0.9799999999999347 0
4406 0.2800000000011558 0.9699999999999073 0
4407 0.2900000000011876 0.9599999999998834 0
4408 0.03999999999974969 0.7300000000004812 0
4409 0.04999999999969039 0.7200000000005622 0
4410 0.0599999999996368 0.730000000000498 0
4411 0.04999999999969611 0.740000000000417 0
4412 0.5799999999991459 0.1100000000000145 0
4413 0.5699999999991596 0.119999999999985 0
4414 0.1000000000003723 0.9299999999998333 0
4415 0.09000000000036124 0.9399999999998413 0
4416 0.09000000000026565 0.9199999999998044 0
4417 0.06000000000014575 0.3100000000012502 0
4418 0.9899999999999884 0.5999999999989539 0
4419 0.3299999999995857 0.2399999999994618 0
4420 0.3199999999995717 0.2299999999994707 0
4421 0.3299999999994971 0.2199999999994959 0
4422 0.3399999999995111 0.229999999999487 0
4423 0.04985810934936066 0.01985810934944013 0
4424 0.05991195084043656 0.02991195084052054 0
4425 0.04988569080637099 0.03988569080645969 0
4426 0.2300000000009136 0.9399999999998427 0
4427 0.230000000000938 0.9599999999998796 0
4428 0.5800000000011575 0.8500000000008785 0
4429 0.5900000000010941 0.8400000000009283 0
4430 0.6000000000010748 0.8500000000008781 0
4431 0.5900000000011382 0.8600000000008281 0
4432 0.10000000000013 0.3300000000012242 0
4433 0.090000000000122 0.3400000000012798 0
4434 0.08000000000013913 0.330000000001278 0
4435 0.09000000000014712 0.3200000000012224 0
4436 0.2700000000011216 0.9799999999999335 0
4437 0.1800000000007651 0.9499999999998645 0
4438 0.1700000000007213 0.9599999999998835 0
4439 0.03000000000011599 0.9599999999998445 0
4440 0.02000000000006693 0.9499999999997979 0
4441 0.5800000000009276 0.4699999999998349 0
4442 0.5700000000009513 0.4800000000001906 0
4443 0.3900000000016267 0.9599999999999662 0
4444 0.08999999437676881 0.1799999943772635 0
4445 0.07999998457573981 0.1699999845762202 0
4446 0.08999995868521554 0.1599999586856088 0
4447 0.09999996848624454 0.1699999684866521 0
4448 0.109999430652861 0.1199994306529211 0
4449 0.8499999999999726 0.7999999999997781 0
4450 0.8599999999999555 0.8099999999997909 0
4451 0.849999999999977 0.8200000000000092 0
4452 0.869999999999655 0.02000000000004045 0
4453 0.8799999999996814 0.03000000000005475 0
4454 0.1200000000005194 0.9499999999998713 0
4455 0.05999999601432111 0.1899999960149217 0
4456 0.06999999319967054 0.1799999932002143 0
4457 0.07999999631571172 0.189999996316271 0
4458 0.909999999999821 0.06000000000004368 0
4459 0.909999999999791 0.0400000000000432 0
4460 0.09000000000018815 0.2600000000009695 0
4461 0.1000000000001874 0.2700000000009873 0
4462 0.3700000000010061 0.8600000000000815 0
4463 0.360000000000919 0.8500000000000718 0
4464 0.3800000000009487 0.8500000000001541 0
4465 0.6300000000011149 0.9200000000004975 0
4466 0.6200000000011558 0.9100000000005559 0
4467 0.6400000000010065 0.9100000000005501 0
4468 0.8400000000003474 0.3499999999991648 0
4469 0.8500000000003267 0.33999999999918 0
4470 0.8600000000003111 0.3499999999991462 0
4471 0.8500000000003316 0.359999999999131 0
4472 0.7099999999992646 0.06000000000011063 0
4473 0.6999999999992312 0.05000000000009561 0
4474 0.7099999999992488 0.04000000000008171 0
4475 0.7199999999992821 0.05000000000009673 0
4476 0.02999999746862525 0.1799999974692695 0
4477 0.01999999233876646 0.1699999923394009 0
4478 0.02999997591763656 0.1599999759181999 0
4479 0.3199999999994749 0.209999999999497 0
4480 0.3299999999993983 0.1999999999995309 0
4481 0.3399999999994205 0.2099999999995297 0
4482 0.1200000000001398 0.3100000000010715 0
4483 0.110000000000135 0.3200000000011517 0
4484 0.1000000000001554 0.3100000000011552 0
4485 0.1100000000001602 0.3000000000010751 0
4486 0.6000000000008504 0.4499999999994416 0
4487 0.5900000000008967 0.4599999999995572 0
4488 0.6799999999991831 0.05000000000009336 0
4489 0.6699999999991699 0.06000000000010552 0
4490 0.6599999999991372 0.05000000000009056 0
4491 0.9099999999999393 0.659999999999194 0
4492 0.9199999999999242 0.669999999999193 0
4493 0.9099999999999228 0.6799999999992258 0
4494 0.919999999999871 0.9099999999999029 0
4495 0.9299999999998922 0.8999999999998478 0
4496 0.9399999999998874 0.9099999999998295 0
4497 0.2400000000008821 0.8899999999998272 0
4498 0.2500000000008829 0.8799999999998368 0
4499 0.8200000000000446 0.8500000000005199 0
4500 0.8300000000000246 0.8400000000004106 0
4501 0.8399999999999987 0.8500000000003638 0
4502 0.8300000000000187 0.8600000000004732 0
4503 0.6100000000009878 0.8400000000009231 0
4504 0.6000000000010264 0.8300000000009753 0
4505 0.6100000000009345 0.8200000000010175 0
4506 0.7600000000001896 0.2499999999999048 0
4507 0.7700000000001708 0.239999999999905 0
4508 0.7800000000002771 0.2499999999997788 0
4509 0.02000000000006586 0.2900000000012019 0
4510 0.9699999999999007 0.9599999999998952 0
4511 0.9799999999999295 0.9699999999999187 0
4512 0.9699999999998856 0.9799999999999449 0
4513 0.08000000000019417 0.2500000000009613 0
4514 0.06000000000017284 0.2500000000009959 0
4515 0.07000000000018791 0.2400000000009398 0
4516 0.230000000000954 0.9799999999999345 0
4517 0.06999999999968659 0.8399999999997625 0
4518 0.07999999999969933 0.8499999999997441 0
4519 0.06999999999975415 0.8599999999997007 0
4520 0.05999999999974141 0.849999999999719 0
4521 0.7699999999999942 0.2199999999999979 0
4522 0.7599999999998355 0.2100000000000695 0
4523 0.7699999999997986 0.2000000000000708 0
4524 0.7799999999999573 0.2099999999999992 0
4525 0.9100000000001123 0.5199999999990315 0
4526 0.91000000000008 0.53999999999903 0
4527 0.9000000000001146 0.5299999999990563 0
4528 0.08000000000034369 0.9699999999999069 0
4529 0.0700000000002988 0.9799999999999317 0
4530 0.06000000000025063 0.9699999999998976 0
4531 0.53000000000082 0.8000000000010894 0
4532 0.5200000000006948 0.7900000000011196 0
4533 0.5300000000006597 0.780000000001178 0
4534 0.540000000000785 0.7900000000011478 0
4535 0.9599999999999288 0.7699999999993921 0
4536 0.9699999999999435 0.7599999999993698 0
4537 0.97999999999996 0.7699999999993951 0
4538 0.8999999999997395 0.01000000000001749 0
4539 0.9199999999997979 0.01000000000001102 0
4540 0.9099999999997743 0.02000000000002851 0
4541 0.1999999999989714 0.6700000000007741 0
4542 0.1899999999990188 0.6800000000007593 0
4543 0.1799999999990514 0.6700000000008468 0
4544 0.0700000000001454 0.3200000000012676 0
4545 0.08000000000015847 0.3100000000012151 0
4546 0.1899999970843151 0.05999999708456404 0
4547 0.1999999994874648 0.06999999948769431 0
4548 0.06999964282321725 0.139999642823584 0
4549 0.05999884521271484 0.129998845213072 0
4550 0.06999835707457258 0.1199983570748391 0
4551 0.07999915468507499 0.1299991546853511 0
4552 0.1699999999990873 0.6600000000009286 0
4553 0.159999999999135 0.6700000000008921 0
4554 0.3099999999990959 0.6800000000005384 0
4555 0.2999999999988854 0.6700000000005504 0
4556 0.3199999999990527 0.6700000000005886 0
4557 0.3200000000012407 0.9299999999998574 0
4558 0.3300000000012413 0.9199999999998687 0
4559 0.8999999999999106 0.8099999999995027 0
4560 0.8899999999999202 0.8199999999996139 0
4561 0.8799999999999272 0.8099999999996123 0
4562 0.8899999999999175 0.7999999999995011 0
4563 0.8799999999998042 0.09000000000009445 0
4564 0.8899999999997952 0.08000000000007806 0
4565 0.5199999999989147 0.06999999999993056 0
4566 0.5099999999989263 0.07999999999989363 0
4567 0.2899999999989262 0.6800000000005033 0
4568 0.2799999999988025 0.6700000000005293 0
4569 0.2899999999987617 0.6600000000005763 0
4570 0.09999999995397185 0.2299999999546127 0
4571 0.08999999998732772 0.2399999999880267 0
4572 0.0799999999279004 0.229999999928593 0
4573 0.8799999999999251 0.7899999999994938 0
4574 0.8899999999999162 0.7799999999994253 0
4575 0.8999999999999087 0.7899999999994325 0
4576 0.7299999999993005 0.04000000000008204 0
4577 0.7199999999992702 0.03000000000006305 0
4578 0.7299999999992923 0.02000000000004417 0
4579 0.7399999999993225 0.03000000000006316 0
4580 0.330000000000816 0.8400000000000128 0
4581 0.3200000000007633 0.8300000000000209 0
4582 0.3300000000007124 0.8200000000000731 0
4583 0.3400000000007651 0.8300000000000649 0
4584 0.1900000000007987 0.9399999999998455 0
4585 0.1199999999850549 0.2499999999856965 0
4586 0.1099999999977287 0.2599999999984502 0
4587 0.0999999999873217 0.2499999999880348 0
4588 0.1099999999746479 0.2399999999752811 0
4589 0.07000000000001887 0.4000000000015165 0
4590 0.0600000000000524 0.3900000000015137 0
4591 0.9799999999999627 0.6699999999991353 0
4592 0.3700000000012531 0.8999999999999844 0
4593 0.1700000000007127 0.9799999999999365 0
4594 0.9799999999999207 0.9899999999999727 0
4595 0.9899999999999622 0.9799999999999464 0
4596 0.5799999999989021 0.01000000000001153 0
4597 0.569999999998889 0.02000000000001807 0
4598 0.5899999999989343 0.02000000000002634 0
4599 0.5999999999989527 0.01000000000001481 0
4600 0.919999999999911 0.6899999999992253 0
4601 0.929999999999916 0.6799999999991987 0
4602 0.9499999999999207 0.799999999999456 0
4603 0.94999999999992 0.7799999999994098 0
4604 0.009997152449267833 0.09999715244965149 0
4605 0.009988258953947626 0.07998825895424821 0
4606 0.8200000000000012 0.8900000000004965 0
4607 0.8100000000000076 0.9000000000004897 0
4608 0.8000000000000485 0.8900000000005448 0
4609 0.810000000000042 0.8800000000005517 0
4610 0.619999999999053 0.05000000000007281 0
4611 0.6099999999990566 0.06000000000007218 0
4612 0.5999999999990142 0.05000000000005715 0
4613 0.8000000000000953 0.7900000000003302 0
4614 0.8100000000000627 0.7800000000000622 0
4615 0.8200000000000376 0.790000000000013 0
4616 0.8100000000000704 0.800000000000281 0
4617 0.01995087939660883 0.06995087939683817 0
4618 0.9299999999999299 0.6599999999991581 0
4619 0.9199999999999409 0.6499999999991538 0
4620 0.9299999999999475 0.6399999999991119 0
4621 0.3100000000009062 0.8599999999999257 0
4622 0.3200000000009859 0.8699999999999195 0
4623 0.3100000000010197 0.8799999999998867 0
4624 0.30000000000094 0.8699999999998929 0
4625 0.2200000000003839 0.8099999999999682 0
4626 0.2100000000003587 0.8199999999999394 0
4627 0.2000000000000913 0.8099999999999683 0
4628 0.8899999999997128 0.02000000000003723 0
4629 0.8999999999997466 0.03000000000004644 0
4630 0.4300000000016102 0.9200000000001506 0
4631 0.4400000000016887 0.9300000000001535 0
4632 0.430000000001724 0.940000000000089 0
4633 0.4200000000016455 0.9300000000000861 0
4634 0.7499999999993449 0.020000000000044 0
4635 0.7599999999993752 0.03000000000006298 0
4636 0.1000000000004285 0.9499999999998667 0
4637 0.1100000000004688 0.9399999999998517 0
4638 0.9799999999999749 0.6099999999989831 0
4639 0.9899999999999866 0.6199999999990022 0
4640 0.3899999999993726 0.2199999999995149 0
4641 0.3799999999993297 0.2099999999995328 0
4642 0.3899999999992805 0.1999999999995561 0
4643 0.3999999999993233 0.2099999999995382 0
4644 0.9599999999999262 0.7099999999992439 0
4645 0.5599999999989358 0.050000000000017 0
4646 0.5499999999989436 0.05999999999999817 0
4647 0.5399999999988967 0.04999999999998851 0
4648 0.06000000000018076 0.2300000000009216 0
4649 0.04999999941652532 0.1999999994171882 0
4650 0.05000000000015883 0.2200000000008932 0
4651 0.2600000000008159 0.8499999999998895 0
4652 0.2500000000008343 0.8599999999998647 0
4653 0.240000000000796 0.8499999999998781 0
4654 0.8599999999998911 0.9100000000002659 0
4655 0.8699999999999086 0.9000000000002004 0
4656 0.8799999999998724 0.9100000000001315 0
4657 0.8699999999998549 0.9200000000001971 0
4658 0.269999999991296 0.1399999999914276 0
4659 0.2699999999961678 0.119999999996394 0
4660 0.04999286025091176 0.09999286025116691 0
4661 0.05999582719407168 0.1099958271943378 0
4662 0.04999814851016755 0.1199981485105099 0
4663 0.8499999999999811 0.840000000000203 0
4664 0.8599999999999612 0.8500000000001502 0
4665 0.849999999999979 0.860000000000311 0
4666 0.9199999999999613 0.6299999999991097 0
4667 0.9299999999999653 0.6199999999990635 0
4668 0.8000000000003102 0.2499999999996199 0
4669 0.7900000000003393 0.2599999999996259 0
4670 0.3799999999992477 0.1899999999995741 0
4671 0.3899999999992059 0.179999999999597 0
4672 0.3999999999992386 0.1899999999995791 0
4673 0.8999999999999129 0.8299999999995984 0
4674 0.9099999999999088 0.8199999999995209 0
4675 0.9199999999999078 0.8299999999995467 0
4676 0.9099999999999119 0.8399999999996242 0
4677 0.09000000000039148 0.9599999999998821 0
4678 0.09000000000038591 0.9799999999999351 0
4679 0.8599999999999512 0.769999999999488 0
4680 0.8699999999999379 0.7599999999994207 0
4681 0.8799999999999246 0.7699999999994203 0
4682 0.8699999999999379 0.7799999999994875 0
4683 0.09000000000012347 0.8999999999997719 0
4684 0.120000000000068 0.3500000000012078 0
4685 0.1100000000000607 0.3600000000012687 0
4686 0.1000000000000961 0.3500000000012778 0
4687 0.1100000000001034 0.340000000001217 0
4688 0.4300000000014559 0.9000000000002195 0
4689 0.4400000000015648 0.9100000000002257 0
4690 0.9300000000000228 0.5599999999989844 0
4691 0.9200000000000489 0.5499999999990074 0
4692 0.1199999792339221 0.1699999792341977 0
4693 0.1099999931199654 0.1799999931203643 0
4694 0.8599999999997534 0.9500000000001767 0
4695 0.8699999999997791 0.9400000000001627 0
4696 0.8799999999997326 0.950000000000097 0
4697 0.9599999999999159 0.9099999999997882 0
4698 0.2200000000008727 0.929999999999831 0
4699 0.2300000000008938 0.9199999999998218 0
4700 0.2400000000009347 0.9299999999998336 0
4701 0.9699999999999429 0.7199999999992674 0
4702 0.9799999999999596 0.7299999999992927 0
4703 0.9699999999999438 0.7399999999993191 0
4704 0.1699999906602784 0.03999999066053934 0
4705 0.1799999960205984 0.0499999960208528 0
4706 0.159999978241872 0.04999997824207529 0
4707 0.7300000000003254 0.7200000000008745 0
4708 0.7400000000002915 0.7300000000007926 0
4709 0.7300000000003362 0.7400000000009919 0
4710 0.3899999999991551 0.1599999999996379 0
4711 0.3999999999991688 0.1699999999996197 0
4712 0.3799999999991922 0.1699999999996152 0
4713 0.1599999999994107 0.7900000000000424 0
4714 0.1499999999994538 0.7999999999999914 0
4715 0.1399999999993938 0.7900000000000441 0
4716 0.7600000000002255 0.6900000000000241 0
4717 0.7700000000002032 0.6799999999998265 0
4718 0.7800000000001652 0.6899999999997513 0
4719 0.7700000000001874 0.6999999999999489 0
4720 0.2200000000007297 0.8499999999998725 0
4721 0.2300000000007202 0.8399999999998937 0
4722 0.4499999999991442 0.4399999999990601 0
4723 0.4499999999989617 0.4599999999991081 0
4724 0.5300000000011043 0.8400000000009006 0
4725 0.5300000000009648 0.8200000000009969 0
4726 0.5400000000010732 0.8300000000009624 0
4727 0.8200000000003944 0.38999999999913 0
4728 0.8300000000003734 0.3799999999991237 0
4729 0.8400000000003562 0.3899999999991134 0
4730 0.5699999999989287 0.04000000000002749 0
4731 0.579999999998978 0.05000000000003738 0
4732 0.8100000000001464 0.6399999999994453 0
4733 0.8200000000001069 0.6499999999994281 0
4734 0.8100000000001182 0.6599999999994944 0
4735 0.2300000000008767 0.8999999999998195 0
4736 0.2200000000008443 0.8899999999998243 0
4737 0.529999999998904 0.05999999999996283 0
4738 0.1099999985027253 0.1999999985031999 0
4739 0.1099999999001215 0.2199999999006791 0
4740 0.08999999999994839 0.879999999999748 0
4741 0.07999999999997937 0.8899999999997392 0
4742 0.9599999999999274 0.7499999999993445 0
4743 0.9499999999999185 0.7599999999993645 0
4744 0.839999999999999 0.8300000000002212 0
4745 0.95999999999984 0.9899999999999722 0
4746 0.7799999999994263 0.03000000000006307 0
4747 0.7899999999994485 0.02000000000004377 0
4748 0.7999999999994751 0.03000000000006275 0
4749 0.789999999999453 0.04000000000008206 0
4750 0.9599999999999635 0.6099999999989973 0
4751 0.08999999999992919 0.4200000000015076 0
4752 0.09999999999987241 0.4300000000014862 0
4753 0.08999999999987128 0.4400000000015394 0
4754 0.1799999999990726 0.5700000000010429 0
4755 0.1899999999990458 0.5600000000010352 0
4756 0.1999999999989925 0.5700000000009859 0
4757 0.1899999999990193 0.5800000000009935 0
4758 0.4499999999993438 0.4199999999990902 0
4759 0.7499999999995444 0.1800000000001293 0
4760 0.7599999999996568 0.1900000000001103 0
4761 0.7499999999996745 0.2000000000001038 0
4762 0.7399999999995619 0.1900000000001227 0
4763 0.1299999999660537 0.2399999999665855 0
4764 0.1199999999207976 0.2299999999213475 0
4765 0.819999999999522 0.0700000000001213 0
4766 0.8299999999995421 0.06000000000010915 0
4767 0.8399999999995746 0.07000000000011732 0
4768 0.8299999999995545 0.08000000000012947 0
4769 0.2000000000005747 0.8499999999998731 0
4770 0.1900000000005848 0.8599999999998553 0
4771 0.2499999999961072 0.0599999999965188 0
4772 0.2599999999989032 0.06999999999930687 0
4773 0.2399999999849979 0.06999999998533572 0
4774 0.8899999999999832 0.6399999999992 0
4775 0.8999999999999582 0.6499999999991956 0
4776 0.7099999999993141 0.1000000000001424 0
4777 0.6999999999992759 0.09000000000013483 0
4778 0.7099999999992872 0.0800000000001308 0
4779 0.4400000000017656 0.9500000000000894 0
4780 0.1099999999994038 0.7400000000004826 0
4781 0.1199999999993714 0.7500000000003887 0
4782 0.1099999999994209 0.7600000000003115 0
4783 0.09999999999945342 0.7500000000004055 0
4784 0.8699999999999395 0.7999999999996118 0
4785 0.6299999999990327 0.02000000000003858 0
4786 0.6399999999990675 0.03000000000005723 0
4787 0.6299999999990551 0.04000000000006854 0
4788 0.9399999999999664 0.6099999999990229 0
4789 0.949999999999971 0.599999999998992 0
4790 0.8499999999995904 0.06000000000010538 0
4791 0.8399999999995653 0.05000000000009371 0
4792 0.9799999999999585 0.8899999999997197 0
4793 0.9699999999999394 0.8999999999997558 0
4794 0.9699999999999437 0.8799999999997037 0
4795 0.2899999999993148 0.099999999999718 0
4796 0.2799999999993329 0.08999999999973379 0
4797 0.2899999999993306 0.07999999999980097 0
4798 0.2999999999993125 0.08999999999978517 0
4799 0.6399999999990935 0.05000000000008373 0
4800 0.8100000000000602 0.7599999999998903 0
4801 0.8200000000000338 0.7699999999998084 0
4802 0.8000000000000891 0.7700000000001441 0
4803 0.04999999999968306 0.6200000000012611 0
4804 0.05999999999962248 0.6300000000012004 0
4805 0.04999999999968138 0.6400000000011319 0
4806 0.03999999999974196 0.6300000000011927 0
4807 0.8500000000003357 0.3799999999990967 0
4808 0.8600000000003178 0.3899999999990699 0
4809 0.8500000000003385 0.3999999999990866 0
4810 0.8099999999994985 0.02000000000004389 0
4811 0.819999999999522 0.03000000000006286 0
4812 0.8099999999994987 0.04000000000008173 0
4813 0.6499999999991014 0.0400000000000755 0
4814 0.6499999999991293 0.06000000000009879 0
4815 0.2000000000007965 0.8899999999998249 0
4816 0.1900000000007727 0.8999999999998228 0
4817 0.1900000000007114 0.879999999999832 0
4818 0.3299999999992734 0.1399999999996742 0
4819 0.3399999999992563 0.1499999999996546 0
4820 0.3299999999992992 0.1599999999996283 0
4821 0.3199999999993163 0.1499999999996478 0
4822 0.6899999999992389 0.08000000000012719 0
4823 0.6799999999992039 0.07000000000011591 0
4824 0.6899999999992156 0.06000000000010833 0
4825 0.6999999999992506 0.07000000000011962 0
4826 0.1499999646182904 0.1399999646181974 0
4827 0.1599999860752848 0.1499999860751359 0
4828 0.1499999830571628 0.1599999830571042 0
4829 0.83999999999999 0.789999999999766 0
4830 0.8499999999999698 0.7799999999995935 0
4831 0.8599999999999524 0.7899999999996056 0
4832 0.09999951577534771 0.1299995157755119 0
4833 0.08999974030285354 0.1399997403031291 0
4834 0.7000000000004786 0.3299999999997071 0
4835 0.710000000000454 0.3199999999997217 0
4836 0.720000000000503 0.3299999999995882 0
4837 0.4900000000017423 0.9400000000002793 0
4838 0.5000000000017824 0.9500000000002564 0
4839 0.2100000000008358 0.8999999999998189 0
4840 0.210000000000805 0.8799999999998303 0
4841 0.6699999999992272 0.1000000000001291 0
4842 0.6599999999991921 0.09000000000012157 0
4843 0.6699999999991958 0.08000000000012195 0
4844 0.6799999999992308 0.09000000000012948 0
4845 0.7100000000005933 0.9600000000002525 0
4846 0.7000000000006482 0.9500000000003117 0
4847 0.7100000000005642 0.9400000000003682 0
4848 0.7200000000005093 0.950000000000309 0
4849 0.08999999999949243 0.7400000000004756 0
4850 0.08999999999950437 0.7600000000003122 0
4851 0.07999999999954338 0.7500000000003824 0
4852 0.9599999999999296 0.8699999999996819 0
4853 0.7999999999994875 0.09000000000014075 0
4854 0.8099999999995035 0.08000000000013287 0
4855 0.8199999999995385 0.09000000000013814 0
4856 0.8099999999995225 0.100000000000146 0
4857 0.1100000000001839 0.2800000000009986 0
4858 0.1200000000001671 0.290000000000999 0
4859 0.8200000000000479 0.8300000000004253 0
4860 0.8200000000000303 0.8700000000005308 0
4861 0.8399999999999889 0.87000000000041 0
4862 0.8300000000000005 0.8800000000004675 0
4863 0.02000000000007022 0.2300000000009505 0
4864 0.04000000000013128 0.230000000000937 0
4865 0.9799999999999605 0.8699999999996676 0
4866 0.8500000000001096 0.5999999999992282 0
4867 0.8400000000001453 0.5899999999992338 0
4868 0.850000000000138 0.5799999999991816 0
4869 0.1100000000000056 0.3800000000013181 0
4870 0.1199999999999506 0.3900000000013132 0
4871 0.1099999999999391 0.4000000000013775 0
4872 0.209999999248892 0.1199999992488617 0
4873 0.209999999234624 0.09999999923471597 0
4874 0.2199999997040117 0.1099999997040709 0
4875 0.1399999999999522 0.2900000000007191 0
4876 0.1300000000001138 0.3000000000009601 0
4877 0.1300000000000055 0.280000000000758 0
4878 0.9199999999999022 0.7699999999993707 0
4879 0.9399999999999098 0.7699999999993822 0
4880 0.1799999999992346 0.75000000000022 0
4881 0.1699999999992669 0.7600000000001768 0
4882 0.1599999999992365 0.7500000000002599 0
4883 0.3800000000010882 0.8700000000000936 0
4884 0.3900000000010356 0.8600000000001699 0
4885 0.4000000000011238 0.8700000000001864 0
4886 0.0500000000001532 0.2400000000009654 0
4887 0.8799999999999326 0.8499999999999046 0
4888 0.8699999999999471 0.8600000000000967 0
4889 0.6199999999990033 0.01000000000001816 0
4890 0.1599999999806461 0.2499999999810609 0
4891 0.1499999999949513 0.2599999999955147 0
4892 0.1399999999773804 0.249999999977923 0
4893 0.7199999999993012 0.0700000000001218 0
4894 0.7299999999993163 0.06000000000011182 0
4895 0.6100000000010364 0.8600000000008245 0
4896 0.6100000000011008 0.8800000000007218 0
4897 0.6000000000011279 0.8700000000007764 0
4898 0.269999999999086 0.7000000000004105 0
4899 0.2599999999989258 0.6900000000004481 0
4900 0.2699999999988454 0.6800000000004898 0
4901 0.2799999999990057 0.690000000000452 0
4902 0.9799999999999619 0.8099999999994978 0
4903 0.9599999999999319 0.8099999999994902 0
4904 0.8999999999998101 0.07000000000006099 0
4905 0.2000000000008265 0.9299999999998337 0
4906 0.2100000000008462 0.9199999999998221 0
4907 0.2499999999989738 0.03999999999945104 0
4908 0.2599999999993334 0.04999999999980664 0
4909 0.2399999999957477 0.0499999999961632 0
4910 0.9499999999999852 0.5799999999989628 0
4911 0.9400000000000001 0.5699999999989706 0
4912 0.8899999999999233 0.8399999999997432 0
4913 0.8999999999999152 0.849999999999727 0
4914 0.5700000000007568 0.660000000001675 0
4915 0.5800000000008143 0.6700000000016371 0
4916 0.5700000000007466 0.680000000001602 0
4917 0.6899999999993001 0.1200000000001393 0
4918 0.679999999999263 0.1100000000001345 0
4919 0.6899999999992679 0.1000000000001371 0
4920 0.699999999999305 0.1100000000001419 0
4921 0.7200000000006014 0.4099999999993865 0
4922 0.7400000000005593 0.4099999999993065 0
4923 0.7300000000005851 0.4199999999993907 0
4924 0.2299999999998145 0.7600000000001392 0
4925 0.2199999999995221 0.7500000000001861 0
4926 0.2299999999994408 0.7400000000002308 0
4927 0.2399999999997331 0.750000000000184 0
4928 0.8399999999996118 0.09000000000013227 0
4929 0.8499999999996188 0.08000000000012308 0
4930 0.8599999999997053 0.09000000000011937 0
4931 0.8400000000000154 0.6899999999994186 0
4932 0.8500000000000039 0.6799999999993659 0
4933 0.8599999999999766 0.689999999999343 0
4934 0.8499999999999881 0.6999999999993958 0
4935 0.8299999999997991 0.9800000000001114 0
4936 0.8199999999998591 0.9700000000001723 0
4937 0.8299999999998167 0.9600000000002112 0
4938 0.8399999999997568 0.9700000000001505 0
4939 0.1799999999991055 0.5500000000010802 0
4940 0.1899999999990866 0.5400000000010861 0
4941 0.1999999999990269 0.5500000000010411 0
4942 0.7000000000006571 0.4499999999995942 0
4943 0.7100000000006337 0.4399999999995345 0
4944 0.7200000000006102 0.4499999999995445 0
4945 0.7100000000006335 0.4599999999996042 0
4946 0.2599999999987954 0.6700000000005344 0
4947 0.2699999999987526 0.6600000000005739 0
4948 0.9099999999999064 0.7199999999992768 0
4949 0.9199999999999008 0.729999999999288 0
4950 0.9099999999999029 0.7399999999993088 0
4951 0.009898803879038052 0.03989880387918006 0
4952 0.009919030837747457 0.01991903083782592 0
4953 0.1400000000000777 0.3300000000010414 0
4954 0.1300000000000743 0.3400000000011277 0
4955 0.1200000000001084 0.3300000000011445 0
4956 0.1300000000001118 0.3200000000010581 0
4957 0.06999999999956753 0.66000000000101 0
4958 0.07999999999951307 0.6700000000009507 0
4959 0.06999999999956935 0.6800000000008776 0
4960 0.05999999999962381 0.670000000000937 0
4961 0.01000000000003367 0.2800000000011628 0
4962 0.01000000000003404 0.2600000000010781 0
4963 0.6099999999991071 0.08000000000007633 0
4964 0.5999999999990685 0.07000000000006266 0
4965 0.9099999999999596 0.6399999999991554 0
4966 0.899999999999981 0.6299999999991581 0
4967 0.9099999999999828 0.6199999999991125 0
4968 0.6899999999991886 0.02000000000004373 0
4969 0.6999999999992186 0.030000000000063 0
4970 0.6899999999991988 0.04000000000008063 0
4971 0.9099999999999098 0.6999999999992499 0
4972 0.8999999999999215 0.6899999999992503 0
4973 0.1200000000005041 0.9899999999999685 0
4974 0.1000000000004224 0.9899999999999678 0
4975 0.08000000000033804 0.9899999999999674 0
4976 0.9099999999999046 0.7599999999993524 0
4977 0.9099999999999053 0.7799999999993964 0
4978 0.8999999999999075 0.7699999999993781 0
4979 0.8000000000001104 0.6899999999996039 0
4980 0.7900000000001297 0.6999999999997151 0
4981 0.7900000000001458 0.6799999999996402 0
4982 0.05999976233686981 0.1499997623373152 0
4983 0.03999989802991558 0.149999898030408 0
4984 0.04999969325640677 0.139999693256834 0
4985 0.08998679215843483 0.01998679215856883 0
4986 0.0999950419224466 0.02999504192257677 0
4987 0.07997316681369507 0.02997316681379905 0
4988 0.2900000000008733 0.8599999999998975 0
4989 0.6499999999992347 0.1200000000001149 0
4990 0.639999999999201 0.1100000000001079 0
4991 0.6499999999991941 0.1000000000001169 0
4992 0.659999999999228 0.1100000000001239 0
4993 0.3799999999990455 0.08999999999978445 0
4994 0.3899999999989993 0.07999999999980724 0
4995 0.3999999999989792 0.08999999999978647 0
4996 0.3899999999990255 0.09999999999976369 0
4997 0.7300000000003503 0.7600000000010352 0
4998 0.7200000000003843 0.7500000000011089 0
4999 0.6399999999991615 0.0900000000001081 0
5000 0.6299999999991696 0.1000000000000996 0
5001 0.6199999999991389 0.09000000000008929 0
5002 0.2000000000007238 0.8699999999998422 0
5003 0.4399999999988642 0.06999999999983457 0
5004 0.4299999999988887 0.07999999999981136 0
5005 0.4199999999989003 0.06999999999983178 0
5006 0.4299999999988757 0.059999999999855 0
5007 0.7099999999992401 0.02000000000004434 0
5008 0.8999999999998977 0.8899999999999508 0
5009 0.8899999999998922 0.900000000000059 0
5010 0.8799999999999106 0.8900000000000989 0
5011 0.9099999999999075 0.7999999999994545 0
5012 0.9199999999999058 0.8099999999994726 0
5013 0.5799999999989299 0.03000000000002936 0
5014 0.2699999999979967 0.0999999999983161 0
5015 0.2699999999989416 0.07999999999934329 0
5016 0.370000000001139 0.8800000000000274 0
5017 0.3600000000011757 0.8899999999999686 0
5018 0.8799999999999244 0.7499999999993686 0
5019 0.8999999999999071 0.7499999999993342 0
5020 0.8899999999999159 0.7599999999993732 0
5021 0.5800000000008383 0.5900000000018096 0
5022 0.5900000000008356 0.5800000000017231 0
5023 0.60000000000082 0.5900000000016865 0
5024 0.9100000000001701 0.179999999999626 0
5025 0.9000000000001702 0.1699999999997143 0
5026 0.9200000000001533 0.169999999999651 0
5027 0.6300000000007216 0.7800000000011822 0
5028 0.6400000000006925 0.7900000000011309 0
5029 0.6300000000007577 0.8000000000010953 0
5030 0.03999999746865766 0.1899999974693088 0
5031 0.9799999999999396 0.949999999999867 0
5032 0.9599999999998785 0.9499999999998749 0
5033 0.8599999999999349 0.8900000000002681 0
5034 0.8699999999999368 0.8800000000001665 0
5035 0.3599999999996235 0.2899999999993607 0
5036 0.3499999999996582 0.2999999999993438 0
5037 0.349999999999635 0.2799999999993839 0
5038 0.2200000000008613 0.9099999999998191 0
5039 0.769999999999416 0.06000000000011257 0
5040 0.7699999999994045 0.04000000000008214 0
5041 0.7799999999994343 0.05000000000009734 0
5042 0.9200000000000015 0.5899999999990315 0
5043 0.9300000000000013 0.5799999999989992 0
5044 0.9399999999999824 0.5899999999989924 0
5045 0.9299999999999826 0.5999999999990248 0
5046 0.9000000000000052 0.609999999999117 0
5047 0.9100000000000039 0.5999999999990699 0
5048 0.9199999999999813 0.6099999999990654 0
5049 0.8500000000001695 0.5599999999991425 0
5050 0.8600000000001318 0.5699999999991363 0
5051 0.3500000000009772 0.8600000000000103 0
5052 0.3600000000010569 0.8700000000000152 0
5053 0.3500000000011053 0.8799999999999625 0
5054 0.3400000000010256 0.8699999999999576 0
5055 0.7900000000000477 0.9600000000002401 0
5056 0.7800000000001066 0.9500000000002983 0
5057 0.7900000000000432 0.9400000000003454 0
5058 0.7999999999999843 0.9500000000002873 0
5059 0.2900000000007903 0.8399999999999422 0
5060 0.3000000000008406 0.8499999999999336 0
5061 0.280000000000823 0.8499999999999062 0
5062 0.230000000000407 0.7999999999999996 0
5063 0.2400000000006015 0.8099999999999743 0
5064 0.2300000000005784 0.8199999999999428 0
5065 0.05000000000021039 0.9799999999999256 0
5066 0.04000000000016171 0.9699999999998862 0
5067 0.9399999999999127 0.8099999999994781 0
5068 0.9599999999999107 0.009999999999997749 0
5069 0.9799999999999585 0.009999999999988232 0
5070 0.7500000000002669 0.9200000000004664 0
5071 0.7400000000003126 0.9100000000005184 0
5072 0.7500000000002432 0.900000000000561 0
5073 0.7600000000001975 0.9100000000005091 0
5074 0.1699999933295104 0.1599999933293067 0
5075 0.7799999999994632 0.1100000000001517 0
5076 0.7899999999994737 0.1000000000001481 0
5077 0.7999999999995122 0.1100000000001506 0
5078 0.7899999999995018 0.1200000000001542 0
5079 0.1499999999998466 0.2800000000005344 0
5080 0.1599999999999503 0.2900000000006507 0
5081 0.1500000000000559 0.3000000000008355 0
5082 0.8100000000004161 0.4399999999991437 0
5083 0.8000000000004379 0.4299999999991228 0
5084 0.8100000000004183 0.4199999999991266 0
5085 0.8200000000003964 0.4299999999991475 0
5086 0.2100000000005763 0.8399999999998913 0
5087 0.2100000000007281 0.8599999999998542 0
5088 0.01999967212722931 0.1299996721277001 0
5089 0.03999899655385948 0.1299989965542719 0
5090 0.02999989593514622 0.1399998959356274 0
5091 0.4499999999996058 0.3399999999992848 0
5092 0.4399999999995998 0.3299999999992976 0
5093 0.4499999999995765 0.3199999999993323 0
5094 0.4599999999995826 0.3299999999993196 0
5095 0.3199999999992919 0.1299999999996957 0
5096 0.3299999999992466 0.119999999999718 0
5097 0.3399999999992281 0.1299999999996964 0
5098 0.1400000000005861 0.9899999999999689 0
5099 0.09999999717896796 0.1899999971794713 0
5100 0.6999999999993345 0.1300000000001419 0
5101 0.7099999999993407 0.1200000000001464 0
5102 0.7199999999993743 0.1300000000001484 0
5103 0.06999999999960888 0.7800000000001451 0
5104 0.07999999999956986 0.7900000000000733 0
5105 0.06999999999962124 0.7999999999999995 0
5106 0.05999999999966026 0.7900000000000713 0
5107 0.07999985199175341 0.1499998519921378 0
5108 0.8900000000000086 0.6199999999991626 0
5109 0.8800000000000364 0.6099999999991665 0
5110 0.8900000000000332 0.5999999999991211 0
5111 0.3500000000008354 0.8400000000000678 0
5112 0.3400000000008936 0.8500000000000063 0
5113 0.3999999999989611 0.06999999999983046 0
5114 0.3799999999990309 0.06999999999982878 0
5115 0.3899999999989927 0.05999999999985201 0
5116 0.2099999999989661 0.5600000000009968 0
5117 0.2199999999989124 0.5700000000009509 0
5118 0.2099999999989388 0.58000000000094 0
5119 0.3300000000009438 0.8599999999999599 0
5120 0.3200000000008663 0.8499999999999666 0
5121 0.06999997150540599 0.159999971505869 0
5122 0.8300000000000121 0.7399999999995487 0
5123 0.8200000000000364 0.7299999999995783 0
5124 0.8300000000000167 0.7199999999995039 0
5125 0.06999999999965897 0.5200000000015196 0
5126 0.07999999999958896 0.5300000000014693 0
5127 0.8699999999999681 0.6799999999993027 0
5128 0.8599999999999945 0.6699999999993146 0
5129 0.569999999999516 0.3199999999996774 0
5130 0.5599999999994947 0.3099999999996669 0
5131 0.5699999999994709 0.2999999999997178 0
5132 0.5799999999994923 0.3099999999997284 0
5133 0.9299999999999105 0.8199999999995042 0
5134 0.1600000000000449 0.3100000000008385 0
5135 0.1500000000000748 0.3200000000009496 0
5136 0.1400000000000858 0.3100000000009467 0
5137 0.7699999999993971 0.02000000000004391 0
5138 0.02000000000007118 0.1900000000007874 0
5139 0.8200000000000455 0.7099999999995362 0
5140 0.8300000000000294 0.6999999999994788 0
5141 0.8400000000000005 0.7099999999994466 0
5142 0.790000000000133 0.8000000000005545 0
5143 0.7900000000001248 0.7800000000004066 0
5144 0.5700000000008241 0.5800000000018577 0
5145 0.570000000000811 0.6000000000018428 0
5146 0.6099999999991523 0.1000000000000733 0
5147 0.5999999999991206 0.09000000000006031 0
5148 0.8799999999997152 0.07000000000009562 0
5149 0.8699999999996992 0.08000000000010916 0
5150 0.8599999999996346 0.07000000000011114 0
5151 0.1399999999986621 0.2699999999993304 0
5152 0.1199999999977251 0.2699999999984616 0
5153 0.1299999999963816 0.259999999997034 0
5154 0.8899999999999257 0.6999999999992773 0
5155 0.8799999999999446 0.6899999999992859 0
5156 0.8900000000000587 0.5799999999990826 0
5157 0.900000000000029 0.5899999999990779 0
5158 0.009962620442661203 0.05996262044288123 0
5159 0.8599999999999552 0.8700000000002371 0
5160 0.8499999999999652 0.8800000000003361 0
5161 0.1799999999991553 0.530000000001127 0
5162 0.1899999999991473 0.5200000000011437 0
5163 0.1999999999990785 0.5300000000011027 0
5164 0.8799999999999335 0.7099999999993076 0
5165 0.8999999999999126 0.7099999999992717 0
5166 0.01000000000002688 0.3600000000014917 0
5167 0.6599999999991619 0.07000000000011156 0
5168 0.6499999999991595 0.08000000000011277 0
5169 0.01999999999991451 0.5100000000018374 0
5170 0.009999999999950314 0.520000000001877 0
5171 0.6200000000007715 0.4299999999993951 0
5172 0.640000000000772 0.429999999999383 0
5173 0.6300000000008026 0.4399999999993727 0
5174 0.8099999999995 0.06000000000011148 0
5175 0.7999999999994782 0.05000000000009713 0
5176 0.8199999999995204 0.05000000000009608 0
5177 0.9799999999999598 0.7499999999993445 0
5178 0.01000000000002985 0.3400000000014097 0
5179 0.3699999999994831 0.2399999999994687 0
5180 0.3599999999994574 0.2299999999994887 0
5181 0.369999999999395 0.2199999999995109 0
5182 0.3799999999994207 0.2299999999994909 0
5183 0.7700000000001641 0.9400000000003564 0
5184 0.7600000000002167 0.9300000000004116 0
5185 0.7700000000001503 0.9200000000004562 0
5186 0.7800000000000976 0.9300000000004011 0
5187 0.3000000000007583 0.8299999999999838 0
5188 0.2800000000007614 0.829999999999955 0
5189 0.3399999999994591 0.3699999999993461 0
5190 0.3499999999995123 0.3599999999992812 0
5191 0.3599999999994573 0.3699999999992602 0
5192 0.3499999999994041 0.3799999999993251 0
5193 0.5099999999994542 0.2799999999995547 0
5194 0.4999999999994467 0.26999999999954 0
5195 0.5099999999994205 0.2599999999995942 0
5196 0.519999999999428 0.2699999999996089 0
5197 0.8299999999995435 0.04000000000008064 0
5198 0.8299999999995484 0.02000000000004366 0
5199 0.2700000000007876 0.8399999999999188 0
5200 0.2700000000007354 0.8199999999999703 0
5201 0.2200000000005791 0.8299999999999159 0
5202 0.7899999999999299 0.1999999999999961 0
5203 0.7799999999997704 0.1900000000000768 0
5204 0.7899999999997517 0.1800000000000725 0
5205 0.7999999999999112 0.1899999999999917 0
5206 0.5899999999989687 0.04000000000004388 0
5207 0.09999999999980384 0.4500000000014996 0
5208 0.1099999999998087 0.4400000000014657 0
5209 0.1199999999997348 0.450000000001425 0
5210 0.1099999999997299 0.4600000000014589 0
5211 0.9799999999999547 0.9099999999997694 0
5212 0.2999999999991484 0.6900000000004788 0
5213 0.2899999999992278 0.7000000000004276 0
5214 0.5899999999990234 0.06000000000005064 0
5215 0.7499999999994027 0.1000000000001477 0
5216 0.7599999999994289 0.1100000000001514 0
5217 0.7499999999994185 0.1200000000001536 0
5218 0.6699999999993027 0.1400000000001233 0
5219 0.6599999999992685 0.13000000000012 0
5220 0.6699999999992639 0.1200000000001293 0
5221 0.6799999999992981 0.1300000000001326 0
5222 0.7599999999993695 0.01000000000002209 0
5223 0.7799999999994219 0.01000000000002181 0
5224 0.1199999944437227 0.1899999944440929 0
5225 0.1500000000001494 0.8599999999998442 0
5226 0.7699999999994389 0.1000000000001484 0
5227 0.7599999999994156 0.09000000000014141 0
5228 0.7699999999994283 0.08000000000013459 0
5229 0.7799999999994516 0.09000000000014158 0
5230 0.3300000000013679 0.9799999999999403 0
5231 0.7300000000004727 0.3199999999995898 0
5232 0.7400000000004937 0.3299999999994397 0
5233 0.730000000000524 0.3399999999994381 0
5234 0.9399999999998554 0.01000000000000516 0
5235 0.7999999999994816 0.07000000000012305 0
5236 0.8900000000002577 0.3799999999990353 0
5237 0.8800000000002766 0.3699999999990699 0
5238 0.8900000000002559 0.359999999999092 0
5239 0.9000000000002371 0.3699999999990574 0
5240 0.3399999999995574 0.3499999999993055 0
5241 0.3499999999995961 0.3399999999992819 0
5242 0.2899999999996219 0.720000000000347 0
5243 0.2799999999993222 0.7100000000003728 0
5244 0.2000000000008207 0.909999999999822 0
5245 0.7100000000001183 0.2799999999999312 0
5246 0.7100000000003271 0.2999999999998435 0
5247 0.700000000000168 0.2899999999999232 0
5248 0.9900000000000184 0.1199999999997787 0
5249 0.9800000000000326 0.1099999999997959 0
5250 0.9900000000000142 0.09999999999981604 0
5251 0.7599999999994453 0.1300000000001539 0
5252 0.7699999999994532 0.1200000000001547 0
5253 0.7799999999994909 0.1300000000001529 0
5254 0.08999999999947152 0.7000000000007618 0
5255 0.09999999999942671 0.7100000000007083 0
5256 0.08999999999948 0.7200000000006269 0
5257 0.07999999999952478 0.7100000000006803 0
5258 0.869999999999953 0.6999999999993262 0
5259 0.8599999999999639 0.7099999999993699 0
5260 0.03999999999982595 0.5100000000016942 0
5261 0.02999999999985177 0.5200000000017446 0
5262 0.4499999999989879 0.1199999999997358 0
5263 0.4399999999989513 0.1099999999997515 0
5264 0.4499999999989193 0.09999999999977507 0
5265 0.4599999999989558 0.1099999999997594 0
5266 0.1299999999999619 0.3800000000012421 0
5267 0.1200000000000147 0.3700000000012597 0
5268 0.1300000000000252 0.3600000000011887 0
5269 0.7899999999994654 0.08000000000013426 0
5270 0.7799999999994434 0.07000000000012363 0
5271 0.7899999999994595 0.06000000000011241 0
5272 0.9899999999999785 0.8999999999997408 0
5273 0.9899999999999762 0.9199999999997918 0
5274 0.310000000000721 0.8200000000000305 0
5275 0.3100000000008006 0.8399999999999743 0
5276 0.04999999999968267 0.6600000000009979 0
5277 0.04999999999968346 0.6800000000008597 0
5278 0.03999999999974233 0.6700000000009207 0
5279 0.6200000000007539 0.6100000000015654 0
5280 0.6400000000006897 0.6100000000013392 0
5281 0.630000000000718 0.62000000000153 0
5282 0.3699999999995472 0.2599999999994259 0
5283 0.3599999999995336 0.2499999999994463 0
5284 0.3799999999994967 0.2499999999994483 0
5285 0.9899999999999848 0.6399999999990535 0
5286 0.7400000000002861 0.7100000000006153 0
5287 0.7500000000002509 0.7000000000003082 0
5288 0.7600000000002157 0.7100000000002185 0
5289 0.7500000000002509 0.7200000000005254 0
5290 0.8700000000000425 0.6199999999992126 0
5291 0.8600000000000745 0.6099999999992181 0
5292 0.9400000000001503 0.3499999999991171 0
5293 0.9300000000001729 0.3599999999990863 0
5294 0.920000000000194 0.3499999999991193 0
5295 0.9300000000001714 0.3399999999991501 0
5296 0.2500000000004129 0.780000000000074 0
5297 0.260000000000582 0.7900000000000496 0
5298 0.2500000000005978 0.8000000000000103 0
5299 0.2400000000004287 0.7900000000000345 0
5300 0.8699999999999311 0.1200000000000762 0
5301 0.8699999999998103 0.1000000000001047 0
5302 0.0899999999995654 0.5200000000014415 0
5303 0.09999999999949548 0.5300000000014027 0
5304 0.8399999999999639 0.8900000000003995 0
5305 0.160000000000669 0.989999999999969 0
5306 0.6400000000006869 0.6500000000015302 0
5307 0.6500000000006472 0.6400000000014081 0
5308 0.6600000000006085 0.6500000000013744 0
5309 0.6500000000006483 0.6600000000014965 0
5310 0.7400000000005649 0.4499999999994349 0
5311 0.750000000000544 0.4399999999993383 0
5312 0.7600000000005198 0.4499999999992872 0
5313 0.7500000000005407 0.4599999999993838 0
5314 0.1799999999996955 0.290000000000288 0
5315 0.1699999999999809 0.3000000000006803 0
5316 0.1699999999996649 0.2800000000002585 0
5317 0.5899999999990824 0.0800000000000485 0
5318 0.7800000000001501 0.7500000000002978 0
5319 0.7900000000001171 0.740000000000018 0
5320 0.8000000000000865 0.7499999999999465 0
5321 0.7900000000001196 0.7600000000002263 0
5322 0.6400000000006916 0.7300000000013726 0
5323 0.6500000000006612 0.720000000001397 0
5324 0.6600000000006188 0.7300000000013475 0
5325 0.6500000000006492 0.740000000001323 0
5326 0.3499999999996469 0.319999999999309 0
5327 0.2699999999993158 0.0599999999997873 0
5328 0.2799999999993542 0.06999999999982373 0
5329 0.9899999999999805 0.8599999999996359 0
5330 0.98999999999998 0.8799999999996895 0
5331 0.9899999999999813 0.8399999999995809 0
5332 0.4700000000001254 0.7000000000012682 0
5333 0.4600000000000934 0.6900000000012456 0
5334 0.4700000000000675 0.6800000000013424 0
5335 0.4800000000000995 0.6900000000013649 0
5336 0.06000000000025203 0.9899999999999644 0
5337 0.9199999999998945 0.8899999999998465 0
5338 0.909999999999887 0.8999999999999388 0
5339 0.8100000000000763 0.8200000000004644 0
5340 0.8000000000001026 0.8100000000005003 0
5341 0.4099999999993771 0.3999999999991346 0
5342 0.4099999999991693 0.4199999999991278 0
5343 0.6700000000008837 0.9600000000002563 0
5344 0.6600000000009467 0.9500000000003175 0
5345 0.6700000000008569 0.940000000000375 0
5346 0.680000000000794 0.9500000000003139 0
5347 0.1500000000003734 0.8799999999998289 0
5348 0.5399999999989551 0.06999999999997192 0
5349 0.799999999999561 0.1300000000001511 0
5350 0.8099999999995755 0.1200000000001508 0
5351 0.8199999999996701 0.1300000000001409 0
5352 0.0199999738228672 0.1499999738234193 0
5353 0.3699999999995939 0.2799999999993823 0
5354 0.3599999999995875 0.2699999999994034 0
5355 0.3799999999995536 0.2699999999994047 0
5356 0.8400000000000895 0.6299999999993171 0
5357 0.8500000000000825 0.6199999999992687 0
5358 0.8600000000000476 0.6299999999992557 0
5359 0.8500000000000545 0.639999999999304 0
5360 0.2099999999990083 0.5400000000010581 0
5361 0.2199999999989475 0.5500000000010139 0
5362 0.6900000000004789 0.8200000000009542 0
5363 0.7000000000004403 0.8300000000009008 0
5364 0.6900000000004891 0.8400000000008676 0
5365 0.4599999999990294 0.1299999999997214 0
5366 0.4499999999990598 0.1399999999996974 0
5367 0.4399999999990183 0.1299999999997118 0
5368 0.6399999999990551 0.01000000000002042 0
5369 0.1099999999998748 0.4200000000014337 0
5370 0.09999999999993285 0.4100000000014418 0
5371 0.5700000000013745 0.9000000000006119 0
5372 0.5600000000013603 0.8900000000006648 0
5373 0.5700000000012768 0.8800000000007216 0
5374 0.5800000000012911 0.8900000000006687 0
5375 0.9100000000002166 0.3799999999990266 0
5376 0.9100000000002157 0.3599999999990873 0
5377 0.9200000000001953 0.3699999999990564 0
5378 0.2700000000006758 0.800000000000029 0
5379 0.2600000000006998 0.8099999999999876 0
5380 0.9799999999999586 0.7099999999992401 0
5381 0.7000000000006531 0.469999999999653 0
5382 0.7200000000006046 0.4699999999995959 0
5383 0.7100000000006241 0.4799999999996448 0
5384 0.1899999999931898 0.2599999999934116 0
5385 0.1799999999648622 0.249999999965097 0
5386 0.009999992338731176 0.159999992339361 0
5387 0.009999981484136021 0.1399999814846825 0
5388 0.1399999841054444 0.1699999841055143 0
5389 0.1299999916089753 0.1799999916091929 0
5390 0.9899999999999809 0.8199999999995257 0
5391 0.009999690643093291 0.1199996906435586 0
5392 0.509999999999261 0.1799999999997359 0
5393 0.5199999999992779 0.1899999999997514 0
5394 0.509999999999298 0.1999999999997036 0
5395 0.499999999999281 0.189999999999688 0
5396 0.8300000000000101 0.7599999999996327 0
5397 0.8399999999999879 0.7699999999995978 0
5398 0.8300000000000116 0.7799999999997735 0
5399 0.8300000000000982 0.6399999999993706 0
5400 0.8400000000000603 0.6499999999993511 0
5401 0.8300000000000689 0.6599999999994085 0
5402 0.7900000000000593 0.9800000000001239 0
5403 0.7800000000001206 0.9700000000001852 0
5404 0.7999999999999865 0.9700000000001789 0
5405 0.7399999999994795 0.1700000000001382 0
5406 0.7499999999994755 0.1600000000001438 0
5407 0.7599999999995403 0.1700000000001349 0
5408 0.419999999998907 0.02999999999992434 0
5409 0.4299999999988832 0.01999999999994916 0
5410 0.4399999999988545 0.02999999999992575 0
5411 0.4299999999988784 0.03999999999990092 0
5412 0.7499999999994382 0.1400000000001526 0
5413 0.7399999999994114 0.1300000000001522 0
5414 0.01000000000003144 0.320000000001328 0
5415 0.7399999999993171 0.01000000000002191 0
5416 0.8599999999999519 0.7499999999994295 0
5417 0.1799999999974159 0.2699999999978552 0
5418 0.1599999999961359 0.2699999999967186 0
5419 0.169999999993887 0.2599999999943153 0
5420 0.2000000000008323 0.9899999999999675 0
5421 0.1800000000007511 0.9899999999999675 0
5422 0.9899999999999809 0.7999999999994719 0
5423 0.3399999999996387 0.2699999999994058 0
5424 0.3499999999995913 0.2599999999994254 0
5425 0.3699999999992333 0.1799999999995937 0
5426 0.3599999999992346 0.1699999999996133 0
5427 0.3699999999991936 0.1599999999996349 0
5428 0.5799999999994534 0.289999999999767 0
5429 0.5599999999994534 0.2899999999997065 0
5430 0.3299999999991937 0.03999999999989728 0
5431 0.3399999999991684 0.04999999999987338 0
5432 0.3299999999992029 0.05999999999984963 0
5433 0.3199999999992282 0.04999999999987353 0
5434 0.2099999995740999 0.07999999957430773 0
5435 0.2199999997835625 0.08999999978373888 0
5436 0.2400000000001309 0.770000000000103 0
5437 0.2300000000001715 0.7800000000000653 0
5438 0.2199999999998551 0.7700000000001014 0
5439 0.8400000000002084 0.5499999999991551 0
5440 0.8500000000002024 0.5399999999991272 0
5441 0.8600000000001635 0.5499999999991148 0
5442 0.679999999999332 0.1500000000001253 0
5443 0.6699999999993376 0.1600000000001126 0
5444 0.6599999999993084 0.1500000000001107 0
5445 0.4400000000012193 0.8700000000003839 0
5446 0.4500000000011471 0.8600000000004788 0
5447 0.4600000000012749 0.8700000000004875 0
5448 0.3500000000007111 0.8200000000001328 0
5449 0.1599999999996036 0.8099999999999647 0
5450 0.1399999999995162 0.8099999999999505 0
5451 0.4699999999995593 0.3199999999993617 0
5452 0.4599999999995511 0.309999999999366 0
5453 0.4699999999995265 0.299999999999406 0
5454 0.4799999999995347 0.3099999999994018 0
5455 0.5400000000004889 0.5700000000019519 0
5456 0.560000000000793 0.57000000000191 0
5457 0.8500000000000254 0.659999999999334 0
5458 0.7900000000004525 0.4599999999991773 0
5459 0.8000000000004222 0.4699999999991898 0
5460 0.7900000000004358 0.4799999999992346 0
5461 0.7800000000004661 0.469999999999222 0
5462 0.6799999999993633 0.1700000000001123 0
5463 0.6899999999993649 0.1600000000001253 0
5464 0.6999999999993987 0.1700000000001246 0
5465 0.3200000000006852 0.8100000000000822 0
5466 0.330000000000638 0.8000000000001389 0
5467 0.3400000000006653 0.8100000000001297 0
5468 0.0499999999997078 0.7800000000001392 0
5469 0.04999999999971524 0.7999999999999985 0
5470 0.03999999999976279 0.7900000000000664 0
5471 0.5099999999993835 0.2399999999996328 0
5472 0.5199999999993944 0.2499999999996476 0
5473 0.4999999999994096 0.2499999999995793 0
5474 0.2200000000009136 0.9899999999999678 0
5475 0.8000000000003992 0.4899999999992381 0
5476 0.7900000000004083 0.4999999999992968 0
5477 0.6600000000006235 0.6100000000009876 0
5478 0.6500000000006509 0.6200000000012897 0
5479 0.01000000000003528 0.1800000000007474 0
5480 0.439999999998854 0.04999999999987904 0
5481 0.4199999999989 0.04999999999987688 0
5482 0.1900000000007999 0.9199999999998261 0
5483 0.8000000000000768 0.870000000000609 0
5484 0.8100000000000651 0.8600000000005881 0
5485 0.9899999999999802 0.7799999999994203 0
5486 0.01999999999987149 0.7300000000004813 0
5487 0.02999999999980898 0.7200000000005529 0
5488 0.0299999999998122 0.7400000000004094 0
5489 0.2400000000009975 0.9899999999999666 0
5490 0.1899999999994795 0.2799999999999017 0
5491 0.1999999999996904 0.2900000000000965 0
5492 0.1899999999999064 0.3000000000004829 0
5493 0.2399999999988333 0.5700000000009133 0
5494 0.249999999998809 0.5600000000009047 0
5495 0.2599999999987563 0.5700000000008473 0
5496 0.2499999999987806 0.5800000000008558 0
5497 0.8200000000000804 0.66999999999947 0
5498 0.8400000000000347 0.6699999999993853 0
5499 0.8300000000000465 0.6799999999994468 0
5500 0.6599999999991083 0.01000000000002077 0
5501 0.6499999999990849 0.02000000000004119 0
5502 0.2600000000010809 0.9899999999999666 0
5503 0.8499999999999693 0.7599999999994924 0
5504 0.3799999999995959 0.2899999999993599 0
5505 0.3699999999996255 0.2999999999993382 0
5506 0.4999999999993664 0.2299999999996173 0
5507 0.5099999999993401 0.2199999999996686 0
5508 0.5199999999993572 0.2299999999996841 0
5509 0.2800000000011642 0.9899999999999669 0
5510 0.3900000000008911 0.8400000000002386 0
5511 0.5899999999991343 0.1000000000000399 0
5512 0.8399999999999885 0.7499999999995113 0
5513 0.3999999999989603 0.04999999999987606 0
5514 0.3799999999990287 0.04999999999987476 0
5515 0.3899999999989963 0.03999999999989881 0
5516 0.3000000000012467 0.9899999999999678 0
5517 0.4000000000008362 0.8300000000003283 0
5518 0.9899999999999798 0.7599999999993692 0
5519 0.2299999998174894 0.1199999998175282 0
5520 0.2299999998128934 0.09999999981304739 0
5521 0.01000000000003219 0.3000000000012458 0
5522 0.0499999999998684 0.4800000000016846 0
5523 0.05999999999979928 0.4900000000016151 0
5524 0.04999999999980655 0.5000000000016531 0
5525 0.1599999999999894 0.3500000000009874 0
5526 0.1400000000000315 0.3500000000011086 0
5527 0.1500000000000372 0.3400000000010154 0
5528 0.8199999999995859 0.1100000000001463 0
5529 0.8299999999995958 0.1000000000001409 0
5530 0.8299999999996797 0.1200000000001421 0
5531 0.9000000000000548 0.5699999999990533 0
5532 0.9100000000000523 0.5599999999990267 0
5533 0.920000000000024 0.5699999999990131 0
5534 0.9100000000000266 0.5799999999990395 0
5535 0.0100000000000359 0.2000000000008306 0
5536 0.5300000000016012 0.9200000000004728 0
5537 0.5200000000015743 0.9100000000005163 0
5538 0.5300000000014957 0.9000000000005837 0
5539 0.5400000000015226 0.9100000000005402 0
5540 0.6100000000011863 0.9000000000006141 0
5541 0.6000000000012053 0.8900000000006703 0
5542 0.1699999999999368 0.3600000000009583 0
5543 0.1799999999998724 0.3700000000009388 0
5544 0.1699999999998594 0.3800000000010363 0
5545 0.3999999999989664 0.02999999999992396 0
5546 0.3799999999990306 0.0299999999999231 0
5547 0.3899999999990007 0.01999999999994824 0
5548 0.2800000000006447 0.7900000000000735 0
5549 0.2900000000006018 0.7800000000001241 0
5550 0.3000000000006356 0.7900000000001091 0
5551 0.1299999999997422 0.4400000000013967 0
5552 0.1399999999996651 0.4500000000013638 0
5553 0.1299999999996577 0.460000000001392 0
5554 0.2099999999990715 0.5200000000011202 0
5555 0.2199999999990013 0.5300000000010758 0
5556 0.6000000000007866 0.7300000000014051 0
5557 0.6100000000007848 0.7200000000014379 0
5558 0.6200000000007522 0.7300000000013935 0
5559 0.6100000000007538 0.7400000000013606 0
5560 0.2699999999993618 0.03999999999989504 0
5561 0.2799999999993441 0.04999999999987569 0
5562 0.820000000000164 0.6099999999993465 0
5563 0.8300000000001547 0.5999999999992927 0
5564 0.8400000000001175 0.6099999999992788 0
5565 0.8300000000001269 0.6199999999993326 0
5566 0.3699999999991584 0.1399999999996765 0
5567 0.3799999999991515 0.1499999999996566 0
5568 0.3599999999992005 0.1499999999996548 0
5569 0.8299999999998977 0.1600000000000487 0
5570 0.8299999999997951 0.1400000000001225 0
5571 0.1799999999999952 0.3300000000008168 0
5572 0.1699999999999946 0.3400000000009006 0
5573 0.1600000000000342 0.3300000000009236 0
5574 0.1700000000000348 0.3200000000008397 0
5575 0.4899999999998741 0.6400000000015971 0
5576 0.4799999999996342 0.6300000000015795 0
5577 0.4899999999996673 0.6200000000016637 0
5578 0.4999999999999072 0.630000000001681 0
5579 0.6699999999994323 0.220000000000054 0
5580 0.6599999999993929 0.2100000000000563 0
5581 0.6699999999993949 0.2000000000000771 0
5582 0.9899999999999801 0.7399999999993171 0
5583 0.5000000000016149 0.910000000000469 0
5584 0.5100000000015479 0.9000000000005464 0
5585 0.4200000000011654 0.8700000000002821 0
5586 0.4100000000012226 0.8800000000001997 0
5587 0.7900000000001184 0.7199999999998218 0
5588 0.8000000000000876 0.7299999999997686 0
5589 0.7800000000001479 0.730000000000071 0
5590 0.05999999999973536 0.5100000000015789 0
5591 0.06999999999972095 0.5000000000015532 0
5592 0.07999999999964458 0.5100000000014939 0
5593 0.6200000000007366 0.7500000000013145 0
5594 0.6100000000007466 0.7600000000012795 0
5595 0.9500000000001274 0.3799999999990273 0
5596 0.940000000000151 0.3699999999990562 0
5597 0.9500000000001271 0.3599999999990861 0
5598 0.9600000000001034 0.3699999999990572 0
5599 0.3200000000013284 0.9899999999999698 0
5600 0.2299999998940752 0.1399999998940001 0
5601 0.239999999952052 0.1499999999519662 0
5602 0.3899999999995679 0.2799999999993859 0
5603 0.3999999999995781 0.2899999999993664 0
5604 0.149999999999835 0.4000000000012186 0
5605 0.1599999999997657 0.4100000000012118 0
5606 0.1499999999997558 0.4200000000012866 0
5607 0.8799999999996837 0.01000000000001974 0
5608 0.8800000000000108 0.6299999999992043 0
5609 0.7299999999994322 0.1600000000001428 0
5610 0.7299999999994039 0.1400000000001496 0
5611 0.7399999999994353 0.1500000000001481 0
5612 0.3400000000014126 0.9899999999999706 0
5613 0.8200000000000336 0.7499999999996703 0
5614 0.3100000000005938 0.7800000000001635 0
5615 0.320000000000619 0.7900000000001496 0
5616 0.3100000000006607 0.8000000000000951 0
5617 0.819999999999887 0.1700000000000145 0
5618 0.8400000000000152 0.1699999999999537 0
5619 0.8300000000000045 0.1799999999999196 0
5620 0.2900000000004124 0.7600000000001955 0
5621 0.3000000000005215 0.7700000000001785 0
5622 0.2800000000004927 0.7700000000001412 0
5623 0.4099999999990738 0.139999999999683 0
5624 0.4199999999990885 0.1499999999996651 0
5625 0.4099999999991293 0.1599999999996426 0
5626 0.3999999999991145 0.1499999999996605 0
5627 0.9800000000000308 0.4899999999987685 0
5628 0.9900000000000191 0.4799999999987595 0
5629 0.1399999951862024 0.1899999951863471 0
5630 0.7199999999997109 0.2300000000000699 0
5631 0.7299999999997149 0.2200000000000834 0
5632 0.739999999999876 0.2300000000000531 0
5633 0.9899999999999795 0.7199999999992647 0
5634 0.3900000000003394 0.740000000000629 0
5635 0.4000000000003638 0.7500000000006449 0
5636 0.3900000000004158 0.7600000000005501 0
5637 0.3800000000003915 0.7500000000005342 0
5638 0.3299999999991849 0.01999999999994755 0
5639 0.3399999999991598 0.02999999999992229 0
5640 0.3199999999992189 0.02999999999992255 0
5641 0.1499999982382096 0.1999999982382737 0
5642 0.1599999991134214 0.209999999113448 0
5643 0.0100000000000351 0.2200000000009125 0
5644 0.6299999999992565 0.1400000000000832 0
5645 0.6199999999992234 0.1300000000000753 0
5646 0.6299999999992122 0.120000000000094 0
5647 0.6399999999992453 0.1300000000001018 0
5648 0.4099999999989655 0.09999999999976598 0
5649 0.4199999999989661 0.1099999999997464 0
5650 0.4099999999990173 0.119999999999724 0
5651 0.3999999999990167 0.1099999999997436 0
5652 0.9300000000001106 0.1399999999997744 0
5653 0.9200000000000963 0.1299999999998507 0
5654 0.9400000000000929 0.1299999999997787 0
5655 0.510000000000135 0.6600000000016065 0
5656 0.5000000000000115 0.6500000000016123 0
5657 0.510000000000095 0.640000000001679 0
5658 0.5200000000002186 0.6500000000016732 0
5659 0.6099999999991936 0.1200000000000647 0
5660 0.5999999999991652 0.1100000000000524 0
5661 0.6199999999991808 0.1100000000000856 0
5662 0.01000000000003511 0.2400000000009951 0
5663 0.5799999999992591 0.1699999999999545 0
5664 0.5899999999992507 0.1599999999999897 0
5665 0.9600000000000952 0.4499999999988589 0
5666 0.9500000000001141 0.459999999998862 0
5667 0.9400000000001401 0.4499999999988917 0
5668 0.9500000000001212 0.4399999999988887 0
5669 0.800000000000186 0.6299999999994608 0
5670 0.8100000000001752 0.6199999999994017 0
5671 0.8200000000001357 0.6299999999993862 0
5672 0.6499999999993182 0.160000000000094 0
5673 0.6399999999992888 0.1500000000000903 0
5674 0.6499999999992789 0.1400000000001069 0
5675 0.6700000000005992 0.6000000000006078 0
5676 0.6800000000005598 0.6100000000005495 0
5677 0.8599999999996291 0.01000000000002072 0
5678 0.1899999999999863 0.3200000000007079 0
5679 0.1799999999999708 0.3100000000006815 0
5680 0.7499999999998632 0.2200000000000618 0
5681 0.739999999999702 0.2100000000000961 0
5682 0.7100000000006134 0.9800000000001291 0
5683 0.7000000000006734 0.9700000000001917 0
5684 0.7200000000005332 0.9700000000001899 0
5685 0.8100000000000938 0.6799999999995356 0
5686 0.8200000000000605 0.689999999999507 0
5687 0.810000000000077 0.6999999999995754 0
5688 0.3699999999991228 0.1199999999997188 0
5689 0.3599999999991406 0.1099999999997396 0
5690 0.3699999999990926 0.09999999999976186 0
5691 0.3799999999990749 0.1099999999997411 0
5692 0.1099999999994744 0.5200000000013678 0
5693 0.1199999999994035 0.5300000000013281 0
5694 0.3800000000004707 0.7700000000004555 0
5695 0.7799999999996232 0.1700000000001206 0
5696 0.7899999999996219 0.1600000000001258 0
5697 0.7999999999997502 0.1700000000000776 0
5698 0.2899999999993207 0.05999999999985145 0
5699 0.2999999999992971 0.0699999999998287 0
5700 0.2700000000002881 0.7600000000001639 0
5701 0.270000000000551 0.7800000000000942 0
5702 0.2600000000003465 0.7700000000001168 0
5703 0.4300000000012812 0.8800000000002941 0
5704 0.4200000000013334 0.8900000000002104 0
5705 0.1499999942511835 0.1799999942511687 0
5706 0.1599999973031907 0.1899999973030953 0
5707 0.719999999999436 0.1700000000001347 0
5708 0.7099999999994364 0.1800000000001235 0
5709 0.7899999999995502 0.1400000000001498 0
5710 0.7099999999994974 0.200000000000106 0
5711 0.7199999999995871 0.2100000000000995 0
5712 0.7099999999995813 0.2200000000000845 0
5713 0.7700000000002263 0.6599999999997272 0
5714 0.7600000000002687 0.649999999999761 0
5715 0.770000000000254 0.6399999999996437 0
5716 0.5300000000017757 0.9600000000002429 0
5717 0.5200000000017684 0.9500000000002934 0
5718 0.5300000000017007 0.9400000000003597 0
5719 0.540000000001708 0.950000000000309 0
5720 0.4599999999995215 0.2899999999994101 0
5721 0.4699999999994947 0.2799999999994485 0
5722 0.4799999999994997 0.2899999999994444 0
5723 0.9899999999999791 0.6999999999992119 0
5724 0.1699999989609386 0.1999999989607946 0
5725 0.1799999995219488 0.2099999995217941 0
5726 0.6299999999992993 0.1600000000000679 0
5727 0.6399999999993267 0.1700000000000745 0
5728 0.6299999999993364 0.180000000000049 0
5729 0.3500000000006189 0.8000000000002025 0
5730 0.5699999999993085 0.1999999999998879 0
5731 0.5599999999992793 0.1899999999998753 0
5732 0.5699999999992698 0.1799999999999158 0
5733 0.2199999999975903 0.2699999999975449 0
5734 0.2099999999991676 0.2799999999993487 0
5735 0.1999999999952533 0.269999999995458 0
5736 0.07999999999971874 0.4900000000015347 0
5737 0.06999999999979709 0.4800000000015966 0
5738 0.169999997084671 0.1799999970844649 0
5739 0.1799999987424189 0.1899999987421642 0
5740 0.3599999999996358 0.309999999999319 0
5741 0.07999999999997959 0.4100000000015146 0
5742 0.8800000000001219 0.5499999999990819 0
5743 0.8700000000001264 0.5599999999990994 0
5744 0.7600000000002172 0.7300000000004444 0
5745 0.7700000000001808 0.7200000000001467 0
5746 0.7700000000001843 0.7400000000003688 0
5747 0.01000000000001391 0.9199999999996724 0
5748 0.5199999999993163 0.2099999999997187 0
5749 0.4999999999993219 0.2099999999996535 0
5750 0.8199999999995247 0.01000000000002194 0
5751 0.8399999999995762 0.01000000000002173 0
5752 0.9700000000000781 0.3799999999990292 0
5753 0.9700000000000781 0.3599999999990879 0
5754 0.9800000000000528 0.36999999999906 0
5755 0.3099999999997206 0.2799999999993926 0
5756 0.3099999999997015 0.259999999999415 0
5757 0.319999999999704 0.2699999999994154 0
5758 0.9899999999999807 0.6799999999991598 0
5759 0.8800000000000279 0.1300000000000169 0
5760 0.8700000000000286 0.1400000000000137 0
5761 0.2599999999999567 0.7500000000001898 0
5762 0.2699999999998464 0.7400000000002391 0
5763 0.2800000000001778 0.7500000000002133 0
5764 0.8100000000000598 0.7399999999997263 0
5765 0.8100000000000642 0.7199999999996205 0
5766 0.1899999994793028 0.1999999994790254 0
5767 0.1999999997644509 0.2099999997641733 0
5768 0.6499999999993487 0.1800000000000774 0
5769 0.6599999999993402 0.1700000000000969 0
5770 0.7400000000005578 0.4699999999994794 0
5771 0.760000000000511 0.4699999999993344 0
5772 0.750000000000528 0.47999999999943 0
5773 0.6200000000008407 0.8100000000010574 0
5774 0.6400000000007207 0.8100000000010432 0
5775 0.1799999999993645 0.7700000000001179 0
5776 0.1699999999993985 0.7800000000000812 0
5777 0.6599999999994308 0.230000000000031 0
5778 0.6799999999994883 0.2300000000000512 0
5779 0.3899999999995175 0.25999999999943 0
5780 0.3899999999994537 0.2399999999994729 0
5781 0.3999999999994746 0.2499999999994545 0
5782 0.659999999999366 0.1900000000000783 0
5783 0.6499999999993735 0.2000000000000567 0
5784 0.6399999999993562 0.1900000000000557 0
5785 0.7999999999994736 0.01000000000002195 0
5786 0.7699999999996286 0.1800000000001163 0
5787 0.2099999999003138 0.2199999999000312 0
5788 0.2199999999591131 0.22999999995882 0
5789 0.7199999999994957 0.1900000000001196 0
5790 0.7800000000001526 0.7099999999998772 0
5791 0.8200000000003227 0.5099999999992091 0
5792 0.8300000000003172 0.4999999999991935 0
5793 0.8400000000002767 0.509999999999166 0
5794 0.8300000000002823 0.5199999999991816 0
5795 0.1599999932029019 0.1699999932027587 0
5796 0.6899999999993325 0.1400000000001352 0
5797 0.680000000000589 0.3699999999995066 0
5798 0.700000000000599 0.3699999999994275 0
5799 0.6900000000006219 0.3799999999994069 0
5800 0.989999999999982 0.6599999999991065 0
5801 0.1799999972112795 0.1699999972110129 0
5802 0.5099999999995407 0.3199999999994709 0
5803 0.5199999999995586 0.3299999999994843 0
5804 0.5099999999995855 0.3399999999994259 0
5805 0.4999999999995676 0.3299999999994125 0
5806 0.8000000000000957 0.7099999999996597 0
5807 0.3199999999993433 0.1699999999995933 0
5808 0.3099999999993254 0.1799999999994815 0
5809 0.3099999999993363 0.1599999999995876 0
5810 0.4199999999990263 0.1299999999997054 0
5811 0.3999999999990647 0.1299999999997017 0
5812 0.6499999999995082 0.2599999999999745 0
5813 0.6399999999994384 0.2499999999999761 0
5814 0.6499999999994335 0.2400000000000043 0
5815 0.2399999999984711 0.2699999999982565 0
5816 0.9800000000000528 0.349999999999119 0
5817 0.9600000000001031 0.3499999999991166 0
5818 0.9700000000000779 0.3399999999991477 0
5819 0.2499999999996254 0.7400000000002278 0
5820 0.2500000000000644 0.7600000000001459 0
5821 0.4699999999996817 0.6400000000014865 0
5822 0.4599999999993737 0.6300000000014533 0
5823 0.4699999999993261 0.6200000000015464 0
5824 0.9899999999999723 0.9399999999998419 0
5825 0.2099999997718699 0.1999999997715296 0
5826 0.2199999999077328 0.2099999999073875 0
5827 0.5400000000016264 0.9300000000004264 0
5828 0.7299999999994833 0.1800000000001301 0
5829 0.7299999999995743 0.2000000000001122 0
5830 0.5599999999992433 0.1699999999999032 0
5831 0.5499999999992579 0.179999999999861 0
5832 0.5399999999992391 0.169999999999846 0
5833 0.4600000000016152 0.9100000000003092 0
5834 0.450000000001657 0.9200000000002266 0
5835 0.7500000000002858 0.6599999999999814 0
5836 0.7600000000002443 0.6699999999998836 0
5837 0.7500000000002649 0.6800000000001426 0
5838 0.05999999999986919 0.4700000000016484 0
5839 0.04999999999993138 0.4600000000017013 0
5840 0.8900000000001178 0.5399999999990677 0
5841 0.9000000000000834 0.5499999999990494 0
5842 0.8900000000000874 0.5599999999990636 0
5843 0.229999999999783 0.3600000000006214 0
5844 0.2399999999997114 0.3700000000005792 0
5845 0.2299999999996939 0.3800000000006899 0
5846 0.3999999999995318 0.2699999999994112 0
5847 0.6600000000007226 0.5099999999997592 0
5848 0.6500000000007404 0.5199999999999319 0
5849 0.6400000000007773 0.5099999999999626 0
5850 0.4400000000010356 0.8500000000004668 0
5851 0.450000000000956 0.8400000000005654 0
5852 0.7400000000005138 0.5099999999995513 0
5853 0.7500000000005029 0.499999999999485 0
5854 0.760000000000464 0.5099999999994538 0
5855 0.6399999999995178 0.2699999999999447 0
5856 0.6599999999996333 0.2699999999999719 0
5857 0.1999999999993311 0.7500000000001966 0
5858 0.2099999999992908 0.7400000000002422 0
5859 0.2099999999995625 0.7600000000001403 0
5860 0.9500000000001183 0.2199999999994729 0
5861 0.9400000000001375 0.2099999999994959 0
5862 0.9500000000001161 0.1999999999995336 0
5863 0.9600000000000968 0.2099999999995106 0
5864 0.8800000000000914 0.5699999999990929 0
5865 0.1899999987383077 0.1799999987380043 0
5866 0.7500000000005349 0.3999999999992272 0
5867 0.7600000000005178 0.409999999999197 0
5868 0.7500000000005422 0.4199999999992763 0
5869 0.2099999999990834 0.7200000000003657 0
5870 0.2199999999992205 0.7300000000002905 0
5871 0.9700000000000513 0.1199999999997764 0
5872 0.9600000000000541 0.1099999999998077 0
5873 0.9700000000000355 0.09999999999982717 0
5874 0.899999999999867 0.9100000000000081 0
5875 0.5700000000015756 0.9600000000002572 0
5876 0.560000000001621 0.9500000000003173 0
5877 0.5700000000015466 0.9400000000003796 0
5878 0.5800000000015012 0.9500000000003197 0
5879 0.5899999999991768 0.120000000000027 0
5880 0.2399999999997919 0.3500000000004683 0
5881 0.2199999999998431 0.3500000000006597 0
5882 0.229999999999852 0.3400000000005066 0
5883 0.6899999999997235 0.2600000000000134 0
5884 0.6999999999999273 0.2699999999999891 0
5885 0.689999999999966 0.2799999999999676 0
5886 0.6799999999997622 0.2699999999999919 0
5887 0.2499999999989997 0.7000000000004181 0
5888 0.24999999999884 0.6800000000005113 0
5889 0.6299999999993651 0.2000000000000269 0
5890 0.6199999999993453 0.1900000000000202 0
5891 0.7700000000001901 0.7600000000005662 0
5892 0.5199999999989811 0.08999999999990221 0
5893 0.5299999999989659 0.07999999999993965 0
5894 0.8300000000002483 0.5399999999991741 0
5895 0.8200000000002885 0.5299999999992061 0
5896 0.8400000000002421 0.5299999999991496 0
5897 0.1599999999991869 0.5500000000011489 0
5898 0.1699999999991665 0.5400000000011305 0
5899 0.1699999999991259 0.5600000000010985 0
5900 0.229999999998997 0.5200000000010713 0
5901 0.2399999999989273 0.5300000000010138 0
5902 0.2299999999989316 0.5400000000010183 0
5903 0.8000000000002424 0.5899999999993829 0
5904 0.8100000000002318 0.5799999999993231 0
5905 0.8200000000001924 0.5899999999993037 0
5906 0.810000000000203 0.5999999999993635 0
5907 0.06999999999957543 0.7000000000007377 0
5908 0.06999999999958072 0.7200000000005902 0
5909 0.05999999999963136 0.7100000000006474 0
5910 0.1899999999996304 0.4200000000011175 0
5911 0.1999999999995549 0.4300000000011108 0
5912 0.1899999999995434 0.4400000000011955 0
5913 0.6200000000000283 0.3499999999997291 0
5914 0.629999999999998 0.3399999999997724 0
5915 0.6299999999997947 0.3199999999998329 0
5916 0.6199999999996255 0.3099999999998353 0
5917 0.6299999999996395 0.2999999999998743 0
5918 0.08999999999963398 0.500000000001473 0
5919 0.09999999999955482 0.5100000000014205 0
5920 0.5100000000019029 0.9800000000001101 0
5921 0.5200000000019123 0.9900000000000597 0
5922 0.6299999999993853 0.2200000000000011 0
5923 0.6399999999993998 0.230000000000005 0
5924 0.6299999999994068 0.2399999999999732 0
5925 0.6199999999993923 0.2299999999999694 0
5926 0.5599999999993849 0.2499999999997796 0
5927 0.569999999999375 0.2399999999998256 0
5928 0.5799999999993948 0.2499999999998373 0
5929 0.2900000000000676 0.7400000000002691 0
5930 0.3000000000003022 0.7500000000002514 0
5931 0.1999999994751916 0.1899999994748655 0
5932 0.5300000000018308 0.9800000000001229 0
5933 0.520000000001847 0.9700000000001778 0
5934 0.5400000000017595 0.9700000000001879 0
5935 0.8099999999998869 0.1799999999999988 0
5936 0.8100000000003287 0.5199999999992476 0
5937 0.8000000000003687 0.5099999999992744 0
5938 0.8100000000003627 0.4999999999992358 0
5939 0.6199999999993724 0.2099999999999961 0
5940 0.639999999999378 0.2100000000000319 0
5941 0.2499999999993691 0.2799999999991622 0
5942 0.2599999999996464 0.2899999999994521 0
5943 0.1999999999995709 0.7700000000001048 0
5944 0.7000000000006164 0.509999999999676 0
5945 0.7100000000006027 0.4999999999996536 0
5946 0.7200000000005642 0.5099999999996299 0
5947 0.2799999999987238 0.5500000000007772 0
5948 0.2899999999987102 0.5400000000007416 0
5949 0.2999999999986502 0.5500000000006897 0
5950 0.2899999999986639 0.5600000000007254 0
5951 0.6999999999995705 0.2300000000000673 0
5952 0.6899999999995687 0.2400000000000465 0
5953 0.8100000000003632 0.2799999999993886 0
5954 0.8000000000003604 0.2699999999994858 0
5955 0.8100000000003384 0.2599999999994826 0
5956 0.8200000000003411 0.2699999999993855 0
5957 0.1599999643580318 0.1099999643579781 0
5958 0.760000000000296 0.6299999999996697 0
5959 0.7700000000002817 0.6199999999995743 0
5960 0.7800000000002398 0.6299999999995484 0
5961 0.5499999999993338 0.2199999999998001 0
5962 0.5599999999993528 0.2299999999998139 0
5963 0.549999999999369 0.2399999999997665 0
5964 0.5399999999993499 0.2299999999997528 0
5965 0.5999999999992038 0.13000000000004 0
5966 0.5799999999997114 0.3499999999996436 0
5967 0.5899999999996746 0.3399999999996943 0
5968 0.599999999999854 0.3499999999996966 0
5969 0.6099999999998111 0.3399999999997439 0
5970 0.5999999999996488 0.3299999999997441 0
5971 0.6099999999996284 0.3199999999997907 0
5972 0.6199999999997907 0.3299999999997905 0
5973 0.6000000000008937 0.4699999999996411 0
5974 0.6100000000008668 0.4599999999994575 0
5975 0.03000000000012417 0.9799999999999209 0
5976 0.02000000000007845 0.9699999999998793 0
5977 0.5499999999994761 0.2999999999996542 0
5978 0.5399999999994578 0.2899999999996407 0
5979 0.5499999999994349 0.2799999999996929 0
5980 0.6099999999993767 0.2199999999999598 0
5981 0.6099999999993517 0.1999999999999861 0
5982 0.8499999999998765 0.9200000000002986 0
5983 0.8499999999999335 0.9000000000003314 0
5984 0.5699999999999669 0.3799999999995408 0
5985 0.5599999999997842 0.369999999999536 0
5986 0.5699999999997445 0.3599999999995901 0
5987 0.5999999999994048 0.2499999999998921 0
5988 0.5899999999994123 0.2599999999998489 0
5989 0.6999999999992123 0.01000000000002207 0
5990 0.7199999999992643 0.01000000000002227 0
5991 0.4199999999994866 0.3899999999991437 0
5992 0.4299999999995889 0.3799999999991696 0
5993 0.4399999999995564 0.3899999999991505 0
5994 0.229999999958669 0.2199999999583252 0
5995 0.239999999983233 0.2299999999828885 0
5996 0.6699999999997961 0.2799999999999646 0
5997 0.2299999999991291 0.7200000000003332 0
5998 0.2399999999993494 0.7300000000002734 0
5999 0.2599999999863337 0.1499999999863564 0
6000 0.2499999999755081 0.1599999999754231 0
6001 0.5700000000015886 0.9800000000001303 0
6002 0.5600000000016478 0.9700000000001932 0
6003 0.5800000000015163 0.9700000000001945 0
6004 0.6700000000006635 0.5399999999997966 0
6005 0.6600000000007021 0.5299999999998374 0
6006 0.6700000000006854 0.5199999999997511 0
6007 0.6800000000006468 0.5299999999997104 0
6008 0.5799999999991861 0.1299999999999975 0
6009 0.5699999999991981 0.1399999999999642 0
6010 0.2999999999997315 0.2899999999994149 0
6011 0.6799999999991602 0.01000000000002166 0
6012 0.8900000000002568 0.4199999999989888 0
6013 0.8800000000002783 0.4099999999990104 0
6014 0.890000000000259 0.3999999999989926 0
6015 0.9000000000002375 0.409999999998971 0
6016 0.7200000000004214 0.3099999999997336 0
6017 0.7400000000004474 0.3099999999995922 0
6018 0.4799999999995739 0.3299999999993576 0
6019 0.4899999999995491 0.3199999999994079 0
6020 0.4299999999996178 0.3399999999992662 0
6021 0.4199999999996177 0.3299999999992829 0
6022 0.4299999999995996 0.3199999999993143 0
6023 0.449999999999631 0.3799999999991869 0
6024 0.4399999999996233 0.3699999999992001 0
6025 0.4499999999996359 0.3599999999992367 0
6026 0.4599999999996436 0.3699999999992235 0
6027 0.4599999999994916 0.4099999999991243 0
6028 0.4699999999996127 0.3999999999991681 0
6029 0.4799999999996447 0.4099999999991639 0
6030 0.2899999999993085 0.03999999999989813 0
6031 0.2999999999992851 0.04999999999987389 0
6032 0.1799999999993259 0.4900000000012371 0
6033 0.1899999999993411 0.480000000001245 0
6034 0.1999999999992532 0.4900000000012087 0
6035 0.189999999999238 0.5000000000012008 0
6036 0.7000000000004605 0.7700000000011347 0
6037 0.7100000000004277 0.76000000000114 0
6038 0.7200000000003927 0.7700000000010877 0
6039 0.7200000000003757 0.8100000000009566 0
6040 0.7300000000003494 0.8000000000009734 0
6041 0.7400000000003091 0.8100000000009222 0
6042 0.7300000000003353 0.8200000000009054 0
6043 0.6099999999994201 0.2599999999999006 0
6044 0.619999999999448 0.2699999999999079 0
6045 0.6099999999994563 0.2799999999998672 0
6046 0.5999999999994285 0.26999999999986 0
6047 0.4699999999996372 0.3599999999992671 0
6048 0.4599999999996182 0.3499999999992727 0
6049 0.4699999999995971 0.3399999999993155 0
6050 0.4099999999996061 0.3599999999992072 0
6051 0.3999999999996062 0.3499999999992268 0
6052 0.4099999999996236 0.3399999999992541 0
6053 0.4199999999996235 0.3499999999992345 0
6054 0.8899999999998471 0.9200000000000805 0
6055 0.9500000000001234 0.2599999999993641 0
6056 0.9400000000001442 0.2499999999993848 0
6057 0.9500000000001212 0.2399999999994165 0
6058 0.9600000000001004 0.2499999999993957 0
6059 0.8899999999997776 0.9400000000000681 0
6060 0.8799999999998096 0.9300000000001272 0
6061 0.9899999999999671 0.9599999999998934 0
6062 0.3199999999993913 0.1899999999995374 0
6063 0.3099999999994111 0.1999999999994481 0
6064 0.2999999999993452 0.1899999999993921 0
6065 0.8200000000003911 0.4499999999991719 0
6066 0.8300000000003744 0.4399999999991604 0
6067 0.8400000000003496 0.4499999999991774 0
6068 0.8300000000003662 0.4599999999991888 0
6069 0.3300000000004951 0.7600000000002849 0
6070 0.340000000000527 0.770000000000274 0
6071 0.3300000000005733 0.7800000000002103 0
6072 0.3200000000005413 0.7700000000002212 0
6073 0.6999999999997093 0.2500000000000352 0
6074 0.8000000000001314 0.6699999999995601 0
6075 0.7800000000002674 0.6099999999994973 0
6076 0.7900000000002545 0.5999999999994383 0
6077 0.8000000000002143 0.6099999999994188 0
6078 0.7900000000002272 0.6199999999994776 0
6079 0.7099999999998883 0.2600000000000041 0
6080 0.7200000000000792 0.2699999999999462 0
6081 0.6199999999995143 0.2899999999998737 0
6082 0.6099999999995191 0.2999999999998312 0
6083 0.5999999999994612 0.2899999999998246 0
6084 0.669999999999366 0.1800000000000966 0
6085 0.6099999999993975 0.2399999999999313 0
6086 0.6700000000000328 0.2999999999999157 0
6087 0.6800000000000046 0.2899999999999433 0
6088 0.6900000000006077 0.5399999999996863 0
6089 0.6900000000006312 0.5199999999996906 0
6090 0.7800000000001853 0.6699999999996703 0
6091 0.7300000000005258 0.5199999999995972 0
6092 0.7300000000005522 0.4999999999995838 0
6093 0.1399999999993174 0.5300000000012455 0
6094 0.149999999999306 0.5200000000012213 0
6095 0.1599999999992362 0.5300000000011749 0
6096 0.1499999999992476 0.5400000000011991 0
6097 0.1499999374755571 0.1199999374754712 0
6098 0.3200000000004026 0.7500000000002958 0
6099 0.3100000000004689 0.7600000000002363 0
6100 0.6200000000008317 0.4499999999994021 0
6101 0.6400000000007958 0.4499999999994288 0
6102 0.4899999999992998 0.199999999999648 0
6103 0.4899999999993463 0.2199999999996114 0
6104 0.4799999999993242 0.2099999999996059 0
6105 0.4899999999993946 0.2399999999995742 0
6106 0.4799999999993745 0.2299999999995683 0
6107 0.6199999999994128 0.2499999999999399 0
6108 0.1999999999990486 0.7100000000004707 0
6109 0.2199999999990317 0.7100000000004154 0
6110 0.4300000000011035 0.860000000000372 0
6111 0.2399999999996177 0.3900000000006623 0
6112 0.2499999999996378 0.3800000000005092 0
6113 0.25999999999956 0.3900000000004696 0
6114 0.24999999999954 0.4000000000006227 0
6115 0.06999999999964798 0.8199999999998682 0
6116 0.07999999999963234 0.8299999999998191 0
6117 0.05999999999970225 0.8299999999998116 0
6118 0.4399999999995745 0.3099999999993445 0
6119 0.4499999999995491 0.2999999999993781 0
6120 0.3699999999994217 0.3799999999992376 0
6121 0.6600000000007513 0.4699999999995944 0
6122 0.6700000000007297 0.459999999999575 0
6123 0.6800000000007018 0.4699999999996393 0
6124 0.5199999999994667 0.2899999999995684 0
6125 0.5099999999994953 0.2999999999995134 0
6126 0.4999999999994829 0.2899999999994997 0
6127 0.6800000000006511 0.3899999999994046 0
6128 0.7000000000006256 0.3899999999993711 0
6129 0.67000000000071 0.4199999999994061 0
6130 0.6600000000007105 0.4099999999993906 0
6131 0.670000000000682 0.3999999999993828 0
6132 0.9900000000000049 0.05999999999988914 0
6133 0.9899999999999939 0.03999999999993266 0
6134 0.2799999999979268 0.1899999999978512 0
6135 0.4799999999992721 0.1899999999996421 0
6136 0.4899999999992534 0.1799999999996822 0
6137 0.4299999999995352 0.2799999999994053 0
6138 0.4399999999995436 0.2899999999993896 0
6139 0.4299999999995737 0.2999999999993603 0
6140 0.4199999999995652 0.289999999999376 0
6141 0.5399999999993113 0.209999999999786 0
6142 0.5499999999992948 0.1999999999998315 0
6143 0.5599999999993175 0.2099999999998456 0
6144 0.5799999999995644 0.329999999999688 0
6145 0.5699999999995951 0.3399999999996355 0
6146 0.5599999999995467 0.329999999999625 0
6147 0.1199999999996126 0.8299999999998592 0
6148 0.1299999999995679 0.8199999999998998 0
6149 0.529999999999258 0.1799999999997997 0
6150 0.5199999999992424 0.1699999999997819 0
6151 0.5299999999992233 0.1599999999998282 0
6152 0.3999999999996235 0.3299999999992727 0
6153 0.3899999999996167 0.3399999999992473 0
6154 0.6500000000007202 0.5400000000000681 0
6155 0.6400000000007585 0.5300000000001626 0
6156 0.6500000000007689 0.4399999999994094 0
6157 0.6500000000007415 0.4199999999993883 0
6158 0.6600000000007384 0.4299999999994146 0
6159 0.6499999999993972 0.2200000000000316 0
6160 0.4199999999995949 0.3699999999991866 0
6161 0.4099999999995367 0.3799999999991635 0
6162 0.4599999999996091 0.3899999999991728 0
6163 0.4499999999995345 0.3999999999991364 0
6164 0.7700000000004956 0.4599999999992493 0
6165 0.5099999999990783 0.11999999999983 0
6166 0.5099999999991551 0.1399999999997978 0
6167 0.4999999999991008 0.1299999999997863 0
6168 0.01000000000003746 0.9599999999998364 0
6169 0.01000000000002947 0.9399999999997533 0
6170 0.4999999999998386 0.4099999999992241 0
6171 0.4899999999994381 0.259999999999534 0
6172 0.4799999999994231 0.2499999999995289 0
6173 0.2599999999992036 0.2699999999988874 0
6174 0.589999999999213 0.1400000000000105 0
6175 0.5799999999992214 0.1499999999999778 0
6176 0.1999999999998935 0.3500000000007728 0
6177 0.1899999999998859 0.3600000000008503 0
6178 0.179999999999942 0.3500000000008715 0
6179 0.1899999999999495 0.340000000000794 0
6180 0.4899999999995091 0.2999999999994509 0
6181 0.4999999999995235 0.309999999999457 0
6182 0.5499999999995704 0.3399999999995704 0
6183 0.5599999999996281 0.349999999999582 0
6184 0.5499999999996543 0.359999999999526 0
6185 0.5399999999995966 0.3499999999995144 0
6186 0.5299999999999656 0.3999999999993575 0
6187 0.5400000000002041 0.4099999999993811 0
6188 0.5300000000002684 0.4199999999993292 0
6189 0.5200000000000298 0.4099999999993056 0
6190 0.1699999999995637 0.7999999999999978 0
6191 0.1799999999998045 0.8099999999999683 0
6192 0.1699999999997764 0.4000000000011249 0
6193 0.1599999999998464 0.3900000000011331 0
6194 0.6300000000007779 0.5400000000005313 0
6195 0.6400000000007386 0.5500000000004299 0
6196 0.7200000000005736 0.369999999999331 0
6197 0.7100000000005982 0.3799999999993393 0
6198 0.3500000000005459 0.7800000000002758 0
6199 0.3600000000005725 0.7900000000002787 0
6200 0.3400000000005923 0.7900000000001997 0
6201 0.589999999999439 0.2799999999998145 0
6202 0.4399999999996236 0.3499999999992489 0
6203 0.4299999999996292 0.3599999999992171 0
6204 0.4699999999994547 0.2599999999994911 0
6205 0.4799999999994648 0.2699999999994872 0
6206 0.4599999999994847 0.2699999999994523 0
6207 0.5299999999992934 0.1999999999997689 0
6208 0.5399999999992734 0.1899999999998172 0
6209 0.7700000000001821 0.9600000000002469 0
6210 0.7600000000002396 0.950000000000305 0
6211 0.3699999999990642 0.03999999999989806 0
6212 0.3699999999990654 0.05999999999985091 0
6213 0.3599999999991009 0.04999999999987421 0
6214 0.730000000000548 0.3599999999993052 0
6215 0.7400000000005218 0.3499999999993082 0
6216 0.7099999999997002 0.2400000000000527 0
6217 0.8100000000002958 0.5399999999992531 0
6218 0.680000000000536 0.7500000000012426 0
6219 0.7000000000004607 0.7500000000011878 0
6220 0.6900000000004984 0.7600000000011882 0
6221 0.2899999999994212 0.4000000000001714 0
6222 0.2799999999995017 0.3900000000002142 0
6223 0.2899999999995253 0.3799999999999683 0
6224 0.3399999999985698 0.5300000000004799 0
6225 0.3499999999985712 0.520000000000409 0
6226 0.3599999999985004 0.53000000000037 0
6227 0.349999999998499 0.5400000000004407 0
6228 0.2699999999995814 0.3800000000002591 0
6229 0.2699999999994804 0.4000000000004247 0
6230 0.420000000000718 0.8100000000005194 0
6231 0.4100000000007778 0.8200000000004224 0
6232 0.6900000000006735 0.4799999999996722 0
6233 0.7000000000006386 0.4899999999996757 0
6234 0.6900000000006541 0.4999999999996859 0
6235 0.7200000000005884 0.4899999999996226 0
6236 0.7300000000005756 0.4799999999995574 0
6237 0.7400000000005396 0.4899999999995185 0
6238 0.2599999999943745 0.2299999999940504 0
6239 0.4499999999994697 0.2599999999994645 0
6240 0.4499999999995161 0.2799999999994216 0
6241 0.4399999999995011 0.2699999999994338 0
6242 0.2799999999995999 0.3700000000000275 0
6243 0.2899999999996205 0.3599999999998007 0
6244 0.299999999999546 0.3699999999997414 0
6245 0.6900000000005381 0.6000000000001829 0
6246 0.7700000000004503 0.3199999999993369 0
6247 0.7600000000004483 0.3099999999994502 0
6248 0.7800000000004289 0.3099999999993498 0
6249 0.5299999999993341 0.2199999999997358 0
6250 0.6900000000005154 0.8600000000007775 0
6251 0.6800000000005549 0.850000000000831 0
6252 0.7000000000004496 0.8500000000008141 0
6253 0.5899999999995387 0.3199999999997378 0
6254 0.5899999999994756 0.2999999999997772 0
6255 0.599999999999522 0.3099999999997866 0
6256 0.7600000000003484 0.5899999999995356 0
6257 0.7700000000003349 0.5799999999994823 0
6258 0.7800000000002945 0.5899999999994617 0
6259 0.770000000000308 0.599999999999515 0
6260 0.3999999999994056 0.2299999999994968 0
6261 0.7800000000003232 0.5699999999994356 0
6262 0.790000000000313 0.5599999999993777 0
6263 0.8000000000002723 0.5699999999993484 0
6264 0.7900000000002825 0.5799999999994063 0
6265 0.529999999999373 0.239999999999701 0
6266 0.5500000000001093 0.3999999999994276 0
6267 0.5399999999999039 0.3899999999994203 0
6268 0.5499999999998271 0.3799999999994784 0
6269 0.5600000000000326 0.3899999999994859 0
6270 0.4199999999998294 0.6700000000010704 0
6271 0.4299999999997178 0.6600000000011675 0
6272 0.4399999999999032 0.6700000000011954 0
6273 0.4499999999993571 0.2199999999995458 0
6274 0.4599999999993829 0.2299999999995344 0
6275 0.4499999999994151 0.2399999999995056 0
6276 0.4399999999993893 0.229999999999517 0
6277 0.5299999999994054 0.2599999999996639 0
6278 0.5399999999993839 0.2499999999997174 0
6279 0.3099999999996432 0.2399999999994437 0
6280 0.3199999999996523 0.2499999999994446 0
6281 0.2399999999988328 0.6700000000005779 0
6282 0.2499999999987882 0.6600000000006011 0
6283 0.5299999999997437 0.3799999999994059 0
6284 0.5199999999996779 0.3699999999993906 0
6285 0.5299999999996314 0.3599999999994532 0
6286 0.5399999999996972 0.3699999999994685 0
6287 0.1299999999993325 0.5400000000012829 0
6288 0.1399999999992708 0.5500000000012396 0
6289 0.1299999999992996 0.5600000000012877 0
6290 0.5099999999998315 0.3999999999992823 0
6291 0.4099999999995921 0.2999999999993485 0
6292 0.4099999999995512 0.2799999999993938 0
6293 0.4300000000009378 0.8400000000004528 0
6294 0.2799999999987808 0.5300000000007974 0
6295 0.2899999999987786 0.5200000000007496 0
6296 0.299999999998708 0.5300000000006937 0
6297 0.5099999999997081 0.3799999999993303 0
6298 0.5199999999998054 0.3899999999993431 0
6299 0.08999999999980182 0.4600000000015409 0
6300 0.07999999999986926 0.4500000000015807 0
6301 0.5199999999996077 0.3499999999994383 0
6302 0.5299999999995728 0.3399999999994994 0
6303 0.740000000000329 0.6500000000000452 0
6304 0.7500000000003119 0.6399999999998248 0
6305 0.9500000000001263 0.3399999999991476 0
6306 0.9400000000001495 0.3299999999991781 0
6307 0.9500000000001263 0.3199999999992068 0
6308 0.960000000000103 0.3299999999991763 0
6309 0.449999999999292 0.1999999999995844 0
6310 0.4399999999992465 0.1899999999995961 0
6311 0.4499999999992137 0.1799999999996227 0
6312 0.4599999999992592 0.189999999999611 0
6313 0.7100000000006166 0.3999999999993511 0
6314 0.6100000000003406 0.3799999999996049 0
6315 0.6100000000000713 0.3599999999996818 0
6316 0.5600000000003398 0.4099999999994405 0
6317 0.4899999999991231 0.139999999999749 0
6318 0.4999999999991761 0.1499999999997533 0
6319 0.4899999999991952 0.1599999999997161 0
6320 0.4799999999991422 0.1499999999997118 0
6321 0.5700000000005594 0.4199999999994287 0
6322 0.5700000000002596 0.3999999999994798 0
6323 0.750000000000363 0.5999999999995982 0
6324 0.7600000000003223 0.6099999999995921 0
6325 0.7500000000003384 0.6199999999997039 0
6326 0.5399999999995444 0.3299999999995584 0
6327 0.5499999999995209 0.319999999999613 0
6328 0.7700000000003946 0.5399999999994528 0
6329 0.7700000000004248 0.5199999999994287 0
6330 0.8700000000002822 0.4599999999991174 0
6331 0.8600000000003081 0.4499999999991359 0
6332 0.8700000000002923 0.4399999999990844 0
6333 0.7200000000005119 0.5499999999996117 0
6334 0.7100000000005262 0.5599999999996311 0
6335 0.7000000000005671 0.5499999999996591 0
6336 0.6700000000006179 0.5800000000002654 0
6337 0.6800000000005781 0.5900000000002112 0
6338 0.5299999999995302 0.3199999999995433 0
6339 0.5199999999995125 0.3099999999995273 0
6340 0.5299999999994846 0.2999999999995843 0
6341 0.5399999999995022 0.3099999999996003 0
6342 0.4099999999996176 0.3199999999993015 0
6343 0.4199999999995988 0.3099999999993301 0
6344 0.3599999999993369 0.389999999999287 0
6345 0.3499999999992792 0.3999999999994019 0
6346 0.6800000000006232 0.549999999999762 0
6347 0.6900000000005826 0.5599999999997347 0
6348 0.9700000000000766 0.2599999999993727 0
6349 0.9700000000000759 0.2399999999994288 0
6350 0.9800000000000519 0.2499999999994058 0
6351 0.5300000000005218 0.439999999999417 0
6352 0.8399999999998584 0.9300000000003077 0
6353 0.8599999999998242 0.9300000000002324 0
6354 0.8499999999998062 0.9400000000002415 0
6355 0.1199999999995521 0.4900000000013711 0
6356 0.1299999999995608 0.4800000000013596 0
6357 0.1399999999994736 0.4900000000013055 0
6358 0.1299999999994649 0.5000000000013171 0
6359 0.6300000000007959 0.5200000000002785 0
6360 0.6200000000008323 0.5100000000002995 0
6361 0.6300000000008137 0.4999999999999837 0
6362 0.6100000000012983 0.940000000000383 0
6363 0.6000000000013488 0.9300000000004429 0
6364 0.6100000000012603 0.9200000000005011 0
6365 0.6200000000012098 0.9300000000004411 0
6366 0.5699999999992327 0.159999999999942 0
6367 0.4600000000008785 0.830000000000666 0
6368 0.4700000000007936 0.820000000000767 0
6369 0.4800000000008877 0.8300000000007784 0
6370 0.6000000000007853 0.7700000000012426 0
6371 0.620000000000748 0.7700000000012323 0
6372 0.3299999999996521 0.2599999999994284 0
6373 0.2199999999991816 0.4900000000011483 0
6374 0.2299999999992 0.4800000000010965 0
6375 0.2399999999991106 0.4900000000010396 0
6376 0.2299999999990923 0.5000000000010913 0
6377 0.6800000000006967 0.4299999999994712 0
6378 0.6700000000007251 0.4399999999994798 0
6379 0.850000000000237 0.5199999999991421 0
6380 0.4300000000007909 0.8200000000005361 0
6381 0.4400000000008699 0.8300000000005512 0
6382 0.4200000000008587 0.8300000000004375 0
6383 0.1599999999993977 0.4900000000012626 0
6384 0.1699999999994129 0.4800000000012759 0
6385 0.1699999999993107 0.5000000000012239 0
6386 0.8900000000001517 0.5199999999990796 0
6387 0.259999999999802 0.3300000000000013 0
6388 0.2499999999998006 0.3400000000002434 0
6389 0.2399999999998474 0.3300000000002911 0
6390 0.3700000000005221 0.7800000000003657 0
6391 0.7800000000004764 0.4499999999991735 0
6392 0.7900000000004581 0.4399999999991436 0
6393 0.8000000000004341 0.4499999999991474 0
6394 0.6600000000007507 0.4499999999994925 0
6395 0.6500000000007777 0.459999999999512 0
6396 0.52999999999944 0.2799999999996248 0
6397 0.5399999999994174 0.2699999999996798 0
6398 0.7100000000006279 0.4199999999994459 0
6399 0.05999999999993243 0.8899999999996877 0
6400 0.06999999999988449 0.879999999999699 0
6401 0.4399999999993237 0.209999999999557 0
6402 0.4599999999993255 0.2099999999995733 0
6403 0.29999999999961 0.2299999999994232 0
6404 0.3099999999995385 0.2199999999994501 0
6405 0.2699999999996011 0.2799999999992965 0
6406 0.7000000000005187 0.5899999999998699 0
6407 0.7100000000005008 0.5799999999996897 0
6408 0.7200000000004605 0.5899999999996932 0
6409 0.2799999999993001 0.4300000000005341 0
6410 0.2899999999993195 0.4200000000003672 0
6411 0.2999999999992383 0.4300000000003416 0
6412 0.2899999999992189 0.4400000000005085 0
6413 0.6900000000005586 0.5799999999998982 0
6414 0.9000000000001822 0.4899999999990506 0
6415 0.8900000000001873 0.4999999999990856 0
6416 0.8800000000002235 0.4899999999991084 0
6417 0.8900000000002184 0.4799999999990735 0
6418 0.4599999999988084 0.02999999999992772 0
6419 0.4699999999987857 0.01999999999995316 0
6420 0.4799999999987784 0.02999999999993454 0
6421 0.469999999998801 0.03999999999990909 0
6422 0.6500000000006986 0.5600000000003658 0
6423 0.6600000000006583 0.5700000000003078 0
6424 0.7300000000004441 0.5799999999995993 0
6425 0.7400000000004037 0.5899999999996073 0
6426 0.4999999999989436 0.08999999999985307 0
6427 0.4899999999989638 0.09999999999981804 0
6428 0.479999999998915 0.08999999999981889 0
6429 0.2799999999997341 0.7300000000002906 0
6430 0.3399999999995855 0.2499999999994455 0
6431 0.9400000000001022 0.4899999999989014 0
6432 0.9200000000001416 0.4899999999989826 0
6433 0.9300000000001365 0.4799999999989329 0
6434 0.9200000000001907 0.2899999999992877 0
6435 0.9100000000002115 0.2999999999992666 0
6436 0.9000000000002286 0.2899999999992897 0
6437 0.9100000000002078 0.2799999999993108 0
6438 0.1399999999992418 0.5700000000012463 0
6439 0.1499999999992102 0.5600000000011893 0
6440 0.1599999999991548 0.5700000000011338 0
6441 0.800000000000437 0.4099999999991174 0
6442 0.8100000000004159 0.3999999999991234 0
6443 0.4199999999986863 0.4699999999991822 0
6444 0.4099999999986197 0.4799999999993438 0
6445 0.8200000000001519 0.2099999999997531 0
6446 0.8000000000000731 0.2099999999998881 0
6447 0.8100000000000471 0.1999999999998824 0
6448 0.4199999999984034 0.5099999999996572 0
6449 0.4399999999983859 0.5099999999996407 0
6450 0.4100000000001571 0.7000000000009021 0
6451 0.400000000000064 0.690000000000879 0
6452 0.4099999999999798 0.6800000000009763 0
6453 0.4399999999994482 0.2499999999994761 0
6454 0.4599999999994367 0.2499999999994941 0
6455 0.4199999999995176 0.2699999999994203 0
6456 0.4299999999994836 0.2599999999994488 0
6457 0.7400000000004301 0.5699999999995675 0
6458 0.7500000000004171 0.5599999999995342 0
6459 0.7600000000003759 0.5699999999995113 0
6460 0.7500000000003889 0.5799999999995447 0
6461 0.4899999999994734 0.2799999999994932 0
6462 0.4699999999994051 0.2399999999995319 0
6463 0.1899999999995809 0.7800000000000709 0
6464 0.1899999999993545 0.7600000000001519 0
6465 0.2199999997792064 0.1299999997791464 0
6466 0.8100000000002632 0.5599999999992848 0
6467 0.4999999999992363 0.1699999999997209 0
6468 0.5099999999992176 0.1599999999997669 0
6469 0.1599999999994998 0.4700000000013043 0
6470 0.1499999999994857 0.4800000000013094 0
6471 0.139999999999572 0.4700000000013464 0
6472 0.1499999999995861 0.4600000000013412 0
6473 0.780000000000463 0.3699999999991578 0
6474 0.7700000000004865 0.3799999999991578 0
6475 0.7600000000005002 0.3699999999991803 0
6476 0.7700000000004766 0.3599999999991803 0
6477 0.7400000000005648 0.4299999999993769 0
6478 0.7300000000005884 0.4399999999994615 0
6479 0.7200000000006086 0.4299999999994754 0
6480 0.6700000000006399 0.5599999999999693 0
6481 0.6600000000006803 0.550000000000004 0
6482 0.2299999999241807 0.07999999992444462 0
6483 0.04999999999970066 0.560000000001546 0
6484 0.03999999999976361 0.5500000000016099 0
6485 0.4900000000015814 0.900000000000482 0
6486 0.4900000000016682 0.9200000000003803 0
6487 0.4800000000016346 0.9100000000003934 0
6488 0.09999999999963478 0.4900000000014544 0
6489 0.08999999999971954 0.4800000000015161 0
6490 0.6299999999994442 0.2599999999999428 0
6491 0.5699999999993437 0.2199999999998577 0
6492 0.7300000000004989 0.5399999999995972 0
6493 0.8600000000002659 0.4899999999991512 0
6494 0.8700000000002603 0.47999999999913 0
6495 0.8700000000002291 0.4999999999991296 0
6496 0.4699999999993523 0.2199999999995707 0
6497 0.4699999999992974 0.1999999999996084 0
6498 0.6299999999995216 0.2799999999999099 0
6499 0.4199999999992361 0.1899999999995857 0
6500 0.4099999999992798 0.1999999999995623 0
6501 0.4099999999991949 0.1799999999996025 0
6502 0.9700000000000705 0.1799999999996043 0
6503 0.9600000000000903 0.169999999999629 0
6504 0.9700000000000677 0.1599999999996627 0
6505 0.9800000000000477 0.169999999999638 0
6506 0.7600000000005215 0.4299999999992377 0
6507 0.8400000000003351 0.4699999999991899 0
6508 0.8500000000003243 0.4599999999991711 0
6509 0.8600000000002922 0.4699999999991531 0
6510 0.8500000000003031 0.4799999999991719 0
6511 0.01000000000004099 0.9799999999999179 0
6512 0.3500000000004757 0.7600000000003531 0
6513 0.3600000000004945 0.7700000000003548 0
6514 0.7500000000004974 0.3399999999993126 0
6515 0.7600000000004884 0.3499999999992256 0
6516 0.7500000000005129 0.3599999999992212 0
6517 0.00999999999993397 0.6400000000011128 0
6518 0.01999999999986815 0.6500000000010469 0
6519 0.009999999999934181 0.6600000000009746 0
6520 0.2099999999999022 0.3400000000006793 0
6521 0.7500000000002953 0.9400000000003631 0
6522 0.7400000000003455 0.9300000000004178 0
6523 0.6900000000002067 0.2999999999998989 0
6524 0.6800000000002293 0.3099999999998767 0
6525 0.6700000000002314 0.319999999999849 0
6526 0.1199999999996465 0.4700000000014052 0
6527 0.1099999999996393 0.4800000000014319 0
6528 0.09999999999972264 0.4700000000014857 0
6529 0.5099999999996364 0.3599999999993789 0
6530 0.9700000000000742 0.2199999999994862 0
6531 0.9700000000000732 0.1999999999995458 0
6532 0.9800000000000506 0.2099999999995215 0
6533 0.4099999999994983 0.2599999999994376 0
6534 0.3599999999992055 0.4099999999993562 0
6535 0.3699999999992843 0.3999999999992538 0
6536 0.3699999999991352 0.419999999999317 0
6537 0.6100000000005461 0.3999999999995157 0
6538 0.2799999999991701 0.2299999999988981 0
6539 0.6900000000006798 0.4399999999995364 0
6540 0.700000000000653 0.4299999999995052 0
6541 0.6100000000007003 0.4199999999994316 0
6542 0.7400000000003542 0.629999999999859 0
6543 0.7300000000003724 0.6400000000001218 0
6544 0.2799999999997193 0.2899999999994296 0
6545 0.6800000000003912 0.3299999999997811 0
6546 0.6700000000003808 0.3399999999997451 0
6547 0.8600000000003183 0.4099999999990732 0
6548 0.8500000000003376 0.4199999999991118 0
6549 0.7700000000003644 0.5599999999994647 0
6550 0.7200000000004851 0.5699999999996146 0
6551 0.7300000000004712 0.5599999999995827 0
6552 0.2999999999989015 0.4900000000006311 0
6553 0.309999999998926 0.480000000000531 0
6554 0.3199999999988336 0.4900000000004942 0
6555 0.3099999999988091 0.5000000000005942 0
6556 0.8300000000003559 0.3199999999992348 0
6557 0.8400000000003418 0.3299999999992084 0
6558 0.830000000000362 0.3399999999991911 0
6559 0.8200000000003761 0.3299999999992175 0
6560 0.8000000000003038 0.5499999999993161 0
6561 0.8200000000002552 0.5499999999992218 0
6562 0.7600000000000283 0.2300000000000035 0
6563 0.7500000000000411 0.2399999999999948 0
6564 0.7000000000003599 0.3099999999998316 0
6565 0.6900000000003825 0.3199999999998094 0
6566 0.349999999999039 0.4399999999997031 0
6567 0.3599999999989503 0.4499999999996715 0
6568 0.3499999999989187 0.4599999999999329 0
6569 0.6700000000005044 0.3599999999996065 0
6570 0.7400000000002902 0.6900000000004267 0
6571 0.490000000001002 0.8400000000007777 0
6572 0.5000000000011375 0.8500000000007741 0
6573 0.490000000001232 0.8600000000006808 0
6574 0.7700000000004947 0.3999999999991565 0
6575 0.7800000000004771 0.4099999999991258 0
6576 0.7700000000005003 0.4199999999991664 0
6577 0.7400000000002136 0.2699999999998788 0
6578 0.7500000000005249 0.3799999999992005 0
6579 0.7400000000005377 0.3699999999992414 0
6580 0.6900000000006814 0.45999999999962 0
6581 0.4699999999996583 0.3799999999992179 0
6582 0.4699999999989342 0.09999999999978941 0
6583 0.4599999999988905 0.0899999999997988 0
6584 0.4699999999988712 0.07999999999982826 0
6585 0.7800000000003537 0.549999999999415 0
6586 0.9100000000002091 0.4399999999989559 0
6587 0.9200000000001831 0.4499999999989384 0
6588 0.9100000000001991 0.4599999999989773 0
6589 0.3500000000003937 0.7400000000004294 0
6590 0.3600000000004232 0.7500000000004322 0
6591 0.3400000000004462 0.7500000000003503 0
6592 0.4099999999994373 0.2399999999994801 0
6593 0.419999999999461 0.2499999999994632 0
6594 0.6400000000006847 0.6300000000014734 0
6595 0.3799999999989019 0.449999999999423 0
6596 0.3899999999989617 0.4399999999992593 0
6597 0.8200000000000228 0.1899999999998895 0
6598 0.6600000000006756 0.8500000000008452 0
6599 0.5199999999991967 0.1499999999998114 0
6600 0.5499999999993999 0.2599999999997305 0
6601 0.9100000000001908 0.2199999999994479 0
6602 0.9000000000002016 0.2099999999994853 0
6603 0.910000000000183 0.1999999999995199 0
6604 0.9200000000001721 0.2099999999994825 0
6605 0.7800000000001553 0.7700000000004888 0
6606 0.7300000000005866 0.4599999999995178 0
6607 0.3199999999987251 0.5100000000005532 0
6608 0.3299999999987412 0.5000000000004677 0
6609 0.339999999998657 0.5100000000004346 0
6610 0.3299999999986409 0.52000000000052 0
6611 0.3499999999991835 0.1199999999997177 0
6612 0.359999999999169 0.1299999999996968 0
6613 0.3499999999992136 0.1399999999996755 0
6614 0.4299999999992846 0.1999999999995712 0
6615 0.429999999999198 0.1799999999996106 0
6616 0.7700000000004654 0.3399999999992389 0
6617 0.7800000000004537 0.3499999999991936 0
6618 0.8500000000002388 0.2199999999995293 0
6619 0.8400000000002 0.2099999999996353 0
6620 0.8500000000001855 0.1999999999996691 0
6621 0.8600000000002243 0.209999999999563 0
6622 0.4099999999993659 0.2199999999995215 0
6623 0.4199999999993223 0.2099999999995456 0
6624 0.7600000000004052 0.5499999999995026 0
6625 0.7400000000004581 0.5499999999995683 0
6626 0.4299999999994256 0.2399999999994905 0
6627 0.4199999999993976 0.2299999999995048 0
6628 0.4299999999993613 0.2199999999995314 0
6629 0.1599999999993057 0.510000000001213 0
6630 0.139999999999386 0.5100000000012669 0
6631 0.1499999999993857 0.5000000000012587 0
6632 0.8100000000004093 0.4599999999991755 0
6633 0.76000000000051 0.3899999999991776 0
6634 0.8800000000001899 0.5099999999991052 0
6635 0.9000000000001491 0.50999999999906 0
6636 0.4900000000014464 0.8800000000005828 0
6637 0.5000000000015141 0.8900000000005737 0
6638 0.4800000000015138 0.8900000000004911 0
6639 0.3999999999985786 0.4899999999995958 0
6640 0.4099999999984885 0.4999999999996055 0
6641 0.9000000000002331 0.3299999999991866 0
6642 0.890000000000253 0.339999999999159 0
6643 0.880000000000271 0.3299999999991917 0
6644 0.890000000000251 0.3199999999992194 0
6645 0.8700000000002905 0.3399999999991681 0
6646 0.860000000000307 0.3299999999991998 0
6647 0.8700000000002874 0.3199999999992234 0
6648 0.5900000000008159 0.780000000001202 0
6649 0.8500000000002725 0.4999999999991618 0
6650 0.8600000000002326 0.5099999999991379 0
6651 0.2099999999992701 0.4800000000011923 0
6652 0.2099999999991647 0.5000000000011648 0
6653 0.750000000000197 0.259999999999895 0
6654 0.9200000000001675 0.4699999999989578 0
6655 0.930000000000157 0.4599999999989145 0
6656 0.9400000000001261 0.4699999999988896 0
6657 0.7500000000003251 0.2799999999997548 0
6658 0.8600000000003152 0.429999999999103 0
6659 0.8700000000002974 0.4199999999990499 0
6660 0.8800000000002746 0.4299999999990314 0
6661 0.0799999999997987 0.4700000000015713 0
6662 0.06999999999987082 0.4600000000016231 0
6663 0.2599999999995116 0.7300000000002711 0
6664 0.2699999999993994 0.7200000000003226 0
6665 0.1499999999996754 0.440000000001333 0
6666 0.1399999999997477 0.4300000000013435 0
6667 0.8100000000000758 0.8400000000005703 0
6668 0.8000000000001042 0.8300000000006094 0
6669 0.2799999999986829 0.5700000000007582 0
6670 0.2999999999986102 0.5700000000006763 0
6671 0.2899999999986292 0.5800000000007092 0
6672 0.3700000000004431 0.7600000000004447 0
6673 0.2799999999996864 0.3499999999998609 0
6674 0.2699999999996745 0.360000000000099 0
6675 0.2599999999997382 0.3500000000001756 0
6676 0.2699999999997501 0.3399999999999376 0
6677 0.4900000000002791 0.7400000000012161 0
6678 0.480000000000201 0.7300000000012099 0
6679 0.4900000000002184 0.7200000000012972 0
6680 0.5000000000002964 0.7300000000013034 0
6681 0.3399999999996693 0.3099999999993338 0
6682 0.4599999999999828 0.6700000000013209 0
6683 0.4699999999999363 0.6600000000014162 0
6684 0.4800000000000211 0.6700000000014377 0
6685 0.259999999999656 0.3700000000003305 0
6686 0.2499999999997295 0.3600000000004006 0
6687 0.04000000000016641 0.9899999999999614 0
6688 0.02000000000008263 0.9899999999999596 0
6689 0.329999999999332 0.1799999999995781 0
6690 0.3399999999993389 0.1899999999995715 0
6691 0.4799999999993163 0.6100000000016381 0
6692 0.489999999999386 0.6000000000017194 0
6693 0.499999999999737 0.6100000000017449 0
6694 0.1999999999999407 0.3300000000006852 0
6695 0.2199999999998955 0.330000000000528 0
6696 0.4100000000002407 0.7200000000008234 0
6697 0.4000000000002101 0.7100000000008032 0
6698 0.4200000000001878 0.7100000000009223 0
6699 0.8500000000003334 0.4399999999991422 0
6700 0.8400000000003558 0.4299999999991511 0
6701 0.169999999999225 0.5200000000011713 0
6702 0.259999999998936 0.5100000000009226 0
6703 0.269999999998949 0.5000000000008553 0
6704 0.2799999999988639 0.5100000000007988 0
6705 0.2699999999988508 0.5200000000008662 0
6706 0.760000000000232 0.770000000000771 0
6707 0.7500000000004691 0.3199999999994467 0
6708 0.7500000000004268 0.2999999999995957 0
6709 0.5000000000001631 0.6900000000014639 0
6710 0.5100000000001833 0.6800000000015327 0
6711 0.9600000000000843 0.4699999999988312 0
6712 0.9500000000000962 0.4799999999988588 0
6713 0.7300000000003213 0.7000000000007232 0
6714 0.7200000000003617 0.6900000000008452 0
6715 0.7000000000005417 0.5699999999997062 0
6716 0.7200000000003606 0.7100000000009824 0
6717 0.7100000000003982 0.7000000000010576 0
6718 0.2599999999987327 0.5900000000008061 0
6719 0.2699999999987034 0.5800000000007892 0
6720 0.2799999999986563 0.590000000000738 0
6721 0.2699999999986856 0.6000000000007549 0
6722 0.6900000000005591 0.8800000000006831 0
6723 0.7000000000004765 0.8700000000007237 0
6724 0.2899999999997017 0.3399999999996682 0
6725 0.279999999999748 0.3299999999997262 0
6726 0.7900000000001373 0.8200000000006574 0
6727 0.7800000000001677 0.8100000000007117 0
6728 0.3199999999985381 0.5700000000006098 0
6729 0.3299999999985168 0.5600000000005666 0
6730 0.3399999999984669 0.5700000000005377 0
6731 0.3299999999984882 0.5800000000005809 0
6732 0.3199999999992676 0.1099999999997401 0
6733 0.3299999999992247 0.09999999999976089 0
6734 0.3399999999992037 0.1099999999997388 0
6735 0.1799999999995515 0.7900000000000366 0
6736 0.3499999999992793 0.1799999999995925 0
6737 0.3599999999992862 0.1899999999995721 0
6738 0.3499999999993458 0.1999999999995511 0
6739 0.3499999999984453 0.5600000000004726 0
6740 0.3599999999984002 0.5700000000004619 0
6741 0.3499999999984218 0.5800000000005271 0
6742 0.8600000000001169 0.1699999999998845 0
6743 0.8500000000001022 0.1799999999998433 0
6744 0.7900000000004316 0.3399999999992103 0
6745 0.8000000000004184 0.3499999999991845 0
6746 0.7900000000004405 0.3599999999991678 0
6747 0.6800000000006692 0.5099999999997004 0
6748 0.3800000000003187 0.7300000000006119 0
6749 0.390000000000269 0.7200000000007074 0
6750 0.4000000000002897 0.7300000000007245 0
6751 0.7200000000003917 0.6500000000004381 0
6752 0.7000000000004587 0.650000000000825 0
6753 0.2099999999989131 0.6200000000008463 0
6754 0.2199999999988725 0.6300000000007897 0
6755 0.6800000000005995 0.5699999999999268 0
6756 0.4199999999994111 0.6500000000011281 0
6757 0.4299999999992518 0.640000000001222 0
6758 0.4399999999995586 0.6500000000012616 0
6759 0.5700000000008175 0.5600000000018193 0
6760 0.7000000000004394 0.6900000000011444 0
6761 0.79000000000038 0.2799999999994932 0
6762 0.3499999999991608 0.0999999999997607 0
6763 0.3299999999995304 0.3599999999993803 0
6764 0.3199999999995909 0.3499999999994179 0
6765 0.6400000000011061 0.9700000000001949 0
6766 0.650000000001031 0.960000000000258 0
6767 0.6600000000009643 0.9700000000001946 0
6768 0.6500000000010394 0.9800000000001315 0
6769 0.8800000000002477 0.2499999999993734 0
6770 0.8700000000002666 0.259999999999354 0
6771 0.8600000000002741 0.2499999999993809 0
6772 0.8700000000002552 0.2399999999994004 0
6773 0.7900000000004483 0.3799999999991416 0
6774 0.8000000000004324 0.3899999999991288 0
6775 0.790000000000455 0.3999999999991239 0
6776 0.780000000000471 0.3899999999991367 0
6777 0.4499999999988302 0.0199999999999502 0
6778 0.4499999999988327 0.03999999999990327 0
6779 0.680000000000526 0.690000000001324 0
6780 0.6100000000007852 0.6000000000016215 0
6781 0.6100000000007983 0.5800000000015039 0
6782 0.8800000000002504 0.4699999999990943 0
6783 0.9000000000002086 0.469999999999026 0
6784 0.8500000000003221 0.3199999999992282 0
6785 0.8000000000003852 0.2899999999993765 0
6786 0.7900000000004078 0.2999999999993642 0
6787 0.6000000000008348 0.570000000001566 0
6788 0.1899999999994471 0.460000000001241 0
6789 0.1799999999995288 0.4500000000012537 0
6790 0.6700000000005676 0.6800000000013916 0
6791 0.660000000000609 0.670000000001456 0
6792 0.6700000000005663 0.6600000000013431 0
6793 0.2299999999995993 0.4000000000007738 0
6794 0.2199999999996755 0.3900000000008015 0
6795 0.3799999999990514 0.429999999999281 0
6796 0.3699999999989929 0.4399999999994431 0
6797 0.3599999999990767 0.4299999999994791 0
6798 0.4399999999988962 0.08999999999979216 0
6799 0.4499999999988674 0.0799999999998159 0
6800 0.2299999999988864 0.5600000000009627 0
6801 0.2299999999988593 0.5800000000009014 0
6802 0.3999999999997539 0.6700000000009447 0
6803 0.4099999999996035 0.6600000000010389 0
6804 0.6800000000005315 0.6500000000011381 0
6805 0.3799999999983346 0.5700000000004346 0
6806 0.3699999999983589 0.5800000000005017 0
6807 0.3699999999983759 0.5600000000003948 0
6808 0.7800000000004793 0.4299999999991402 0
6809 0.790000000000459 0.4199999999991194 0
6810 0.5300000000002592 0.5800000000019176 0
6811 0.1999999999989694 0.5900000000009337 0
6812 0.9800000000000244 0.08999999999983729 0
6813 0.9900000000000102 0.07999999999985116 0
6814 0.3199999999994959 0.3699999999995112 0
6815 0.9500000000001276 0.3999999999989721 0
6816 0.9400000000001514 0.3899999999989994 0
6817 0.9600000000001037 0.389999999999 0
6818 0.189999999999051 0.7000000000005836 0
6819 0.1799999999990985 0.7100000000005148 0
6820 0.4099999999989341 0.07999999999980896 0
6821 0.4199999999989204 0.08999999999978847 0
6822 0.4700000000006508 0.800000000000854 0
6823 0.4600000000005738 0.7900000000008403 0
6824 0.4700000000005091 0.7800000000009415 0
6825 0.2699999999987842 0.5400000000008409 0
6826 0.2599999999988543 0.5300000000009097 0
6827 0.3099999999995708 0.359999999999557 0
6828 0.8200000000003547 0.4899999999992095 0
6829 0.8100000000003912 0.4799999999992118 0
6830 0.2699999999987358 0.5600000000008163 0
6831 0.2599999999987961 0.55000000000088 0
6832 0.6100000000008152 0.4399999999993862 0
6833 0.8300000000002218 0.2199999999996242 0
6834 0.8400000000002603 0.2299999999995031 0
6835 0.8300000000002871 0.2399999999994933 0
6836 0.6200000000007748 0.7100000000014692 0
6837 0.6300000000007446 0.7000000000014932 0
6838 0.640000000000702 0.7100000000014453 0
6839 0.6300000000007322 0.7200000000014213 0
6840 0.219999999999583 0.4100000000008899 0
6841 0.2099999999995678 0.4200000000010014 0
6842 0.1999999999996433 0.4100000000010153 0
6843 0.2099999999996584 0.4000000000009039 0
6844 0.7300000000003276 0.8800000000006609 0
6845 0.7200000000003703 0.8700000000007102 0
6846 0.7300000000003128 0.8600000000007475 0
6847 0.7400000000002701 0.8700000000006982 0
6848 0.8400000000003096 0.4899999999991825 0
6849 0.2999999999996358 0.349999999999608 0
6850 0.1599999999991706 0.7100000000005731 0
6851 0.7700000000005005 0.4399999999992114 0
6852 0.2499999999992356 0.7200000000003167 0
6853 0.2399999999990721 0.7100000000003746 0
6854 0.2599999999991632 0.7100000000003602 0
6855 0.6800000000007042 0.4499999999995623 0
6856 0.8000000000004259 0.3699999999991517 0
6857 0.1399999999999009 0.3900000000012316 0
6858 0.2599999999994613 0.4100000000005923 0
6859 0.2499999999994434 0.4200000000007205 0
6860 0.239999999999522 0.4100000000007509 0
6861 0.2599999999990396 0.4900000000009056 0
6862 0.2499999999990204 0.5000000000009815 0
6863 0.2499999999991298 0.4800000000009637 0
6864 0.3699999999998161 0.6800000000007482 0
6865 0.3599999999994775 0.6700000000007236 0
6866 0.3699999999993095 0.6600000000007982 0
6867 0.3799999999996482 0.6700000000008227 0
6868 0.8400000000002957 0.2499999999994085 0
6869 0.8300000000003191 0.2599999999993982 0
6870 0.8200000000003105 0.2499999999994829 0
6871 0.8400000000003524 0.369999999999129 0
6872 0.8200000000003893 0.3699999999991458 0
6873 0.8300000000003682 0.3599999999991511 0
6874 0.7800000000004157 0.5099999999993576 0
6875 0.3099999999986367 0.5400000000006502 0
6876 0.3199999999985768 0.5500000000006073 0
6877 0.3099999999985903 0.5600000000006469 0
6878 0.8300000000003471 0.4799999999991985 0
6879 0.860000000000315 0.3699999999990987 0
6880 0.8100000000003891 0.3199999999992479 0
6881 0.810000000000397 0.3399999999991997 0
6882 0.8000000000004099 0.3299999999992301 0
6883 0.8100000000004108 0.3799999999991354 0
6884 0.3699999999993007 0.1999999999995525 0
6885 0.5800000000008487 0.570000000001767 0
6886 0.3900000000001703 0.7000000000007846 0
6887 0.3800000000000436 0.6900000000007627 0
6888 0.3899999999999373 0.6800000000008571 0
6889 0.3700000000003715 0.7400000000005218 0
6890 0.8200000000003782 0.4699999999991975 0
6891 0.4300000000006486 0.8000000000006193 0
6892 0.430000000000505 0.780000000000701 0
6893 0.4400000000005778 0.7900000000007195 0
6894 0.6700000000006157 0.379999999999473 0
6895 0.3099999999993117 0.1199999999997169 0
6896 0.2999999999993328 0.1099999999997394 0
6897 0.3099999999992887 0.09999999999976256 0
6898 0.3400000000000559 0.7100000000005068 0
6899 0.3300000000001108 0.7200000000004392 0
6900 0.8700000000002357 0.21999999999948 0
6901 0.8800000000002366 0.2299999999994295 0
6902 0.8600000000002542 0.2299999999994508 0
6903 0.1499998780157444 0.07999987801581758 0
6904 0.1499999064568178 0.09999990645680089 0
6905 0.1099999999995477 0.5000000000013936 0
6906 0.1199999999994673 0.5100000000013409 0
6907 0.1899999999998007 0.7999999999999982 0
6908 0.4900000000008191 0.8200000000008704 0
6909 0.309999999999328 0.1399999999996584 0
6910 0.1199999999994358 0.7900000000000527 0
6911 0.1299999999993854 0.7800000000001139 0
6912 0.1299999999994441 0.7999999999999828 0
6913 0.5800000000008103 0.6900000000015631 0
6914 0.5700000000007672 0.7000000000015268 0
6915 0.2399999999990083 0.5100000000010398 0
6916 0.2199999999990809 0.5100000000011228 0
6917 0.3700000000002937 0.7200000000005986 0
6918 0.3600000000003465 0.7300000000005086 0
6919 0.820000000000383 0.3499999999991774 0
6920 0.8800000000001644 0.1699999999998008 0
6921 0.8700000000001189 0.15999999999992 0
6922 0.3300000000003537 0.740000000000361 0
6923 0.4299999999989279 0.09999999999976927 0
6924 0.3499999999994407 0.2199999999995093 0
6925 0.359999999999366 0.2099999999995307 0
6926 0.4599999999991057 0.1499999999996846 0
6927 0.4699999999990859 0.1399999999997157 0
6928 0.2399999999992209 0.470000000001005 0
6929 0.2199999999992895 0.4700000000011336 0
6930 0.2299999999993105 0.4600000000010421 0
6931 0.3400000000003084 0.7300000000004283 0
6932 0.7600000000002276 0.8300000000008152 0
6933 0.7500000000002487 0.8400000000008039 0
6934 0.7400000000002906 0.8300000000008563 0
6935 0.7500000000002696 0.8200000000008676 0
6936 0.7600000000004727 0.3299999999993195 0
6937 0.4600000000007183 0.8100000000007537 0
6938 0.4800000000007261 0.8100000000008674 0
6939 0.3399999999991198 0.4299999999997534 0
6940 0.3199999999991777 0.4300000000000732 0
6941 0.3299999999992019 0.419999999999807 0
6942 0.5700000000007773 0.7200000000014504 0
6943 0.5800000000007839 0.7300000000014101 0
6944 0.5700000000007404 0.7400000000013711 0
6945 0.4399999999991638 0.1699999999996346 0
6946 0.4499999999991336 0.15999999999966 0
6947 0.3999999999982854 0.5700000000005316 0
6948 0.4099999999982687 0.5600000000005297 0
6949 0.3899999999983143 0.5600000000004075 0
6950 0.4500000000018006 0.9600000000000822 0
6951 0.4500000000017484 0.9400000000001498 0
6952 0.3099999999992727 0.07999999999980584 0
6953 0.3199999999992491 0.08999999999978323 0
6954 0.3799999999991123 0.1299999999996985 0
6955 0.8200000000003578 0.2899999999993167 0
6956 0.8100000000003797 0.2999999999993047 0
6957 0.8500000000002756 0.2399999999994246 0
6958 0.09999999999949644 0.7900000000000671 0
6959 0.109999999999449 0.7800000000001346 0
6960 0.3599999999991199 0.0899999999997832 0
6961 0.3699999999990728 0.07999999999980578 0
6962 0.9000000000002333 0.4299999999989713 0
6963 0.3499999999995278 0.2399999999994664 0
6964 0.3599999999983961 0.5900000000005493 0
6965 0.3399999999984537 0.5900000000005758 0
6966 0.3999999999990479 0.4299999999991665 0
6967 0.1799999987436258 0.02999999874393865 0
6968 0.159999990086036 0.02999999008629381 0
6969 0.1699999981693834 0.01999999816969311 0
6970 0.3500000000002613 0.7200000000005073 0
6971 0.2899999999986104 0.6000000000006931 0
6972 0.2899999999986156 0.6200000000006702 0
6973 0.2799999999986464 0.6100000000007064 0
6974 0.9000000000000787 0.1299999999999398 0
6975 0.4199999999991554 0.1699999999996255 0
6976 0.7300000000003554 0.7800000000010243 0
6977 0.17999999999923 0.5100000000011822 0
6978 0.4500000000006473 0.8000000000007377 0
6979 0.4500000000007924 0.8200000000006519 0
6980 0.4400000000007215 0.8100000000006359 0
6981 0.3799999999985242 0.5100000000001202 0
6982 0.3699999999985039 0.520000000000283 0
6983 0.3599999999985894 0.5100000000003042 0
6984 0.3699999999986097 0.5000000000001414 0
6985 0.3899999999989444 0.6400000000009201 0
6986 0.439999999998727 0.4699999999991124 0
6987 0.3499999999986753 0.5000000000003297 0
6988 0.1299999999993228 0.7400000000004411 0
6989 0.119999999999352 0.7300000000005579 0
6990 0.1299999999993009 0.7200000000006093 0
6991 0.9100000000001466 0.4999999999990268 0
6992 0.3299999999992116 0.07999999999980446 0
6993 0.3399999999991873 0.08999999999978213 0
6994 0.7100000000004087 0.8600000000007624 0
6995 0.2599999999993863 0.02999999999991998 0
6996 0.2399999999990031 0.02999999999948063 0
6997 0.2499999999994156 0.01999999999994956 0
6998 0.3299999999989703 0.6600000000006452 0
6999 0.8800000000002222 0.2099999999995156 0
7000 0.4099999999989331 0.03999999999989966 0
7001 0.4099999999989403 0.01999999999994864 0
7002 0.3500000000000056 0.7000000000005844 0
7003 0.360000000000211 0.7100000000005849 0
7004 0.1999999999991553 0.5100000000011623 0
7005 0.409999999998376 0.5199999999999263 0
7006 0.399999999998461 0.5099999999998746 0
7007 0.2599999999987207 0.6100000000007542 0
7008 0.9100000000001771 0.4799999999990065 0
7009 0.4299999999991212 0.1599999999996494 0
7010 0.6500000000006781 0.8200000000009907 0
7011 0.6500000000006509 0.8000000000010791 0
7012 0.6600000000006083 0.8100000000010266 0
7013 0.4799999999988095 0.0499999999998946 0
7014 0.4699999999988267 0.05999999999986793 0
7015 0.4599999999988182 0.04999999999988242 0
7016 0.2299999999959083 0.03999999999633113 0
7017 0.2299999999741225 0.05999999997447741 0
7018 0.2199999999742832 0.04999999997464534 0
7019 0.3499999999991465 0.07999999999980464 0
7020 0.09999999999943901 0.7300000000005673 0
7021 0.1099999999993872 0.7200000000006426 0
7022 0.1799999999994293 0.4700000000012676 0
7023 0.1699999999995163 0.460000000001296 0
7024 0.3599999999984371 0.5500000000004041 0
7025 0.3399999999985071 0.5500000000005092 0
7026 0.1199999202483529 0.009999920248554603 0
7027 0.1399999986189576 0.009999998619205983 0
7028 0.1299999188675525 0.01999991886776058 0
7029 0.2999999999985832 0.5900000000006642 0
7030 0.3199999999992825 0.4099999999998529 0
7031 0.3099999999992593 0.4200000000001091 0
7032 0.2999999999993405 0.4100000000001444 0
7033 0.6500000000006545 0.6800000000015021 0
7034 0.4999999999992105 0.5500000000017098 0
7035 0.6800000000005194 0.7900000000010903 0
7036 0.6700000000005573 0.8000000000010599 0
7037 0.6600000000005961 0.7900000000011124 0
7038 0.6700000000005584 0.7800000000011429 0
7039 0.2399999999988705 0.5500000000009672 0
7040 0.4099999999989272 0.05999999999985328 0
7041 0.5500000000006512 0.6200000000018124 0
7042 0.5600000000007774 0.6100000000018422 0
7043 0.6900000000006136 0.9000000000005851 0
7044 0.2399999999994271 0.4300000000008422 0
7045 0.2299999999994123 0.4400000000009637 0
7046 0.219999999999491 0.4300000000009884 0
7047 0.2299999999995057 0.4200000000008668 0
7048 0.3899999999994648 0.6600000000009103 0
7049 0.3799999999991343 0.650000000000848 0
7050 0.3999999999992749 0.6500000000009822 0
7051 0.780000000000443 0.3299999999992563 0
7052 0.2499999999987581 0.6400000000006743 0
7053 0.2599999999987423 0.6500000000006168 0
7054 0.9500000000000917 0.1399999999997305 0
7055 0.9500000000000732 0.1199999999997969 0
7056 0.9600000000000721 0.1299999999997487 0
7057 0.09999999999940988 0.6700000000009579 0
7058 0.1099999999993586 0.660000000001016 0
7059 0.1199999999993129 0.6700000000009544 0
7060 0.1099999999993642 0.6800000000008963 0
7061 0.1399999999992967 0.7500000000003268 0
7062 0.5900000000010367 0.8200000000010239 0
7063 0.3499999999996025 0.6800000000006574 0
7064 0.3599999999999191 0.6900000000006605 0
7065 0.3099999999992514 0.03999999999989731 0
7066 0.3099999999992619 0.0599999999998501 0
7067 0.7999999999999958 0.930000000000384 0
7068 0.8099999999999685 0.9200000000004152 0
7069 0.819999999999909 0.9300000000003601 0
7070 0.8099999999999362 0.9400000000003289 0
7071 0.4499999999988396 0.0599999999998582 0
7072 0.4599999999988428 0.06999999999983952 0
7073 0.4299999999987796 0.6200000000012211 0
7074 0.4399999999991105 0.6300000000012997 0
7075 0.5900000000008259 0.6800000000015971 0
7076 0.5900000000008261 0.6600000000016679 0
7077 0.6000000000008375 0.6700000000016282 0
7078 0.4199999999985436 0.6100000000010793 0
7079 0.4399999999987004 0.610000000001286 0
7080 0.0199999999998685 0.6300000000011843 0
7081 0.009999999999934535 0.6200000000012507 0
7082 0.4599999999997463 0.6500000000013928 0
7083 0.4799999999998718 0.6500000000015099 0
7084 0.4699999999990077 0.1199999999997513 0
7085 0.4799999999990642 0.1299999999997457 0
7086 0.299999999999348 0.1499999999995982 0
7087 0.6500000000009645 0.9200000000004929 0
7088 0.6500000000009003 0.9000000000006019 0
7089 0.7900000000004214 0.3199999999992762 0
7090 0.4700000000001675 0.7200000000011899 0
7091 0.4600000000001476 0.7100000000011683 0
7092 0.4800000000001452 0.7100000000012898 0
7093 0.5300000000003461 0.6600000000016515 0
7094 0.1299999999993883 0.5200000000012908 0
7095 0.2699999999992826 0.4400000000006629 0
7096 0.2599999999993636 0.4300000000006907 0
7097 0.2699999999993812 0.4200000000005619 0
7098 0.3800000000002293 0.7100000000006887 0
7099 0.8700000000002992 0.3999999999990336 0
7100 0.6000000000008374 0.6900000000015569 0
7101 0.5900000000008149 0.6400000000017292 0
7102 0.4499999999990184 0.6200000000013932 0
7103 0.4599999999989686 0.6100000000014758 0
7104 0.4300000000003751 0.7600000000007825 0
7105 0.4200000000003368 0.7500000000007622 0
7106 0.4300000000002792 0.7400000000008635 0
7107 0.6500000000006622 0.7000000000014601 0
7108 0.8000000000004003 0.3099999999992906 0
7109 0.8200000000003687 0.309999999999262 0
7110 0.8100000000004044 0.3599999999991621 0
7111 0.2199999999988975 0.6700000000006676 0
7112 0.9700000000000785 0.3999999999989726 0
7113 0.9800000000000529 0.3899999999990019 0
7114 0.1499999999992004 0.7000000000006952 0
7115 0.1399999999992502 0.7100000000006523 0
7116 0.3299999999985671 0.54000000000055 0
7117 0.3499999999991576 0.4199999999995294 0
7118 0.3399999999992314 0.4099999999995751 0
7119 0.4400000000002324 0.730000000000965 0
7120 0.4500000000001839 0.7200000000010671 0
7121 0.4600000000002007 0.7300000000010893 0
7122 0.309999999998558 0.5800000000006391 0
7123 0.3199999999985155 0.5900000000006139 0
7124 0.2799999999987014 0.6500000000006019 0
7125 0.2899999999986455 0.6400000000006322 0
7126 0.3700000000001465 0.700000000000675 0
7127 0.4800000000004386 0.7700000000010423 0
7128 0.4900000000003885 0.7600000000011327 0
7129 0.5000000000004837 0.7700000000011378 0
7130 0.8400000000003361 0.3099999999992523 0
7131 0.8500000000003169 0.2999999999992726 0
7132 0.8600000000003027 0.3099999999992485 0
7133 0.6500000000007181 0.8400000000008991 0
7134 0.3899999999991109 0.1399999999996792 0
7135 0.6500000000007684 0.8600000000008039 0
7136 0.6400000000008109 0.8500000000008578 0
7137 0.4200000000002592 0.7300000000008426 0
7138 0.4100000000003082 0.7400000000007437 0
7139 0.339999999999261 0.6700000000006451 0
7140 0.5100000000018194 0.96000000000022 0
7141 0.2599999999992618 0.4500000000007784 0
7142 0.2499999999992428 0.4600000000008969 0
7143 0.2399999999993281 0.4500000000009309 0
7144 0.2499999999993472 0.4400000000008124 0
7145 0.3599999999991074 0.06999999999982791 0
7146 0.3699999999983976 0.6000000000006316 0
7147 0.2299999999988398 0.6000000000008414 0
7148 0.239999999998797 0.610000000000794 0
7149 0.2299999999988331 0.620000000000787 0
7150 0.219999999998876 0.6100000000008344 0
7151 0.5400000000005696 0.7100000000014759 0
7152 0.8700000000002973 0.3799999999990612 0
7153 0.8800000000002786 0.3899999999990249 0
7154 0.339999999999288 0.1699999999996131 0
7155 0.3499999999992432 0.1599999999996339 0
7156 0.1999999999993588 0.4700000000012184 0
7157 0.4900000000001662 0.7000000000013769 0
7158 0.5500000000007401 0.7800000000011985 0
7159 0.5400000000006555 0.7700000000012346 0
7160 0.5500000000006458 0.7600000000012834 0
7161 0.36999999999843 0.5400000000003443 0
7162 0.3799999999983687 0.5500000000003351 0
7163 0.9300000000001661 0.4399999999989156 0
7164 0.2899999999991098 0.460000000000601 0
7165 0.2799999999991963 0.4500000000006312 0
7166 0.6300000000007193 0.6400000000015781 0
7167 0.4299999999990551 0.1399999999996885 0
7168 0.4399999999990878 0.1499999999996728 0
7169 0.4800000000002996 0.7500000000011271 0
7170 0.9800000000000529 0.3299999999991777 0
7171 0.9700000000000781 0.3199999999992064 0
7172 0.9000000000002382 0.3899999999990029 0
7173 0.1699999999990791 0.6400000000010033 0
7174 0.1599999999991224 0.6300000000010654 0
7175 0.329999999998481 0.6000000000006089 0
7176 0.4400000000001703 0.7100000000010448 0
7177 0.4300000000002124 0.7200000000009439 0
7178 0.7600000000001912 0.8700000000006806 0
7179 0.7500000000002298 0.8800000000006485 0
7180 0.7500000000002316 0.8600000000007302 0
7181 0.3899999999983644 0.5400000000002799 0
7182 0.3999999999983099 0.5500000000003523 0
7183 0.1799999999997043 0.410000000001123 0
7184 0.4700000000003586 0.7600000000010259 0
7185 0.4700000000002343 0.7400000000011094 0
7186 0.3099999999987095 0.5200000000006338 0
7187 0.3199999999986382 0.5300000000005903 0
7188 0.2799999999994002 0.4100000000003943 0
7189 0.389999999999066 0.119999999999721 0
7190 0.4099999999983069 0.5400000000002541 0
7191 0.4499999999983805 0.5200000000000223 0
7192 0.9600000000001034 0.3099999999992339 0
7193 0.9700000000000786 0.2999999999992631 0
7194 0.9800000000000533 0.3099999999992357 0
7195 0.9200000000001922 0.309999999999239 0
7196 0.9100000000002122 0.3199999999992152 0
7197 0.9000000000002315 0.309999999999243 0
7198 0.3299999999988603 0.480000000000365 0
7199 0.339999999998768 0.4900000000003386 0
7200 0.3499999999987949 0.4800000000001603 0
7201 0.3399999999988884 0.4700000000001728 0
7202 0.2899999999988788 0.5000000000007241 0
7203 0.2999999999987935 0.5100000000006748 0
7204 0.5200000000002341 0.6700000000016 0
7205 0.2399999999988101 0.5900000000008541 0
7206 0.2199999999988891 0.5900000000008887 0
7207 0.6500000000008299 0.8800000000007056 0
7208 0.5800000000010146 0.810000000001071 0
7209 0.8400000000003149 0.2699999999993457 0
7210 0.8300000000003369 0.2799999999993331 0
7211 0.4800000000013249 0.870000000000588 0
7212 0.4700000000014084 0.8800000000004912 0
7213 0.9400000000001496 0.3099999999992349 0
7214 0.9300000000001708 0.3199999999992104 0
7215 0.9300000000001709 0.2999999999992635 0
7216 0.2799999999990845 0.4700000000007076 0
7217 0.2999999999990179 0.4700000000005665 0
7218 0.2899999999989926 0.4800000000006732 0
7219 0.239999999998794 0.6300000000007284 0
7220 0.2499999999987556 0.620000000000744 0
7221 0.3599999999987022 0.4900000000001515 0
7222 0.9200000000001927 0.3299999999991824 0
7223 0.9100000000002135 0.3399999999991537 0
7224 0.2099999999767126 0.0399999999770826 0
7225 0.2099999998266703 0.05999999982697288 0
7226 0.1999999998290997 0.04999999982941014 0
7227 0.319999999998953 0.470000000000395 0
7228 0.3799999999986389 0.4899999999998975 0
7229 0.3899999999985465 0.4999999999998788 0
7230 0.3899999999984386 0.520000000000116 0
7231 0.2699999999991756 0.4600000000007467 0
7232 0.8800000000002682 0.3099999999992455 0
7233 0.8900000000002488 0.2999999999992692 0
7234 0.2499999999988577 0.5400000000009424 0
7235 0.960000000000103 0.4099999999989467 0
7236 0.9500000000001255 0.4199999999989253 0
7237 0.9400000000001503 0.4099999999989508 0
7238 0.5800000000008175 0.6500000000017063 0
7239 0.7300000000003938 0.9200000000004717 0
7240 0.7300000000003573 0.9000000000005699 0
7241 0.2499999999989239 0.520000000000981 0
7242 0.3799999999984335 0.5300000000002574 0
7243 0.4499999999994658 0.6400000000013598 0
7244 0.9400000000001467 0.4299999999989143 0
7245 0.9200000000001907 0.4299999999989358 0
7246 0.9300000000001712 0.4199999999989344 0
7247 0.449999999999839 0.6600000000012944 0
7248 0.4500000000000469 0.6800000000012218 0
7249 0.249999999998762 0.6000000000008043 0
7250 0.6100000000008088 0.7000000000015132 0
7251 0.5900000000013819 0.9200000000005011 0
7252 0.5900000000014289 0.9400000000003823 0
7253 0.5800000000014622 0.9300000000004405 0
7254 0.2799999999992095 0.1099999999995311 0
7255 0.2699999999990605 0.4800000000008164 0
7256 0.2599999999991516 0.4700000000008555 0
7257 0.610000000000811 0.680000000001584 0
7258 0.3599999999990967 0.02999999999992285 0
7259 0.3699999999990631 0.01999999999994788 0
7260 0.08999999999945971 0.6600000000010171 0
7261 0.08999999999946323 0.6800000000008916 0
7262 0.3199999999992112 0.009999999999973827 0
7263 0.3099999999992428 0.01999999999994739 0
7264 0.2999999999992689 0.009999999999973558 0
7265 0.8700000000002943 0.3599999999991074 0
7266 0.2099999999989197 0.6000000000008825 0
7267 0.6200000000009495 0.8500000000008698 0
7268 0.6800000000005173 0.8100000000010072 0
7269 0.6500000000006376 0.7800000000011642 0
7270 0.27999999999897 0.4900000000007662 0
7271 0.5600000000015636 0.930000000000437 0
7272 0.5700000000014791 0.9200000000004978 0
7273 0.5800000000013859 0.9100000000005568 0
7274 0.5900000000012946 0.900000000000615 0
7275 0.6000000000012906 0.9100000000005591 0
7276 0.4900000000000091 0.6600000000015251 0
7277 0.5000000000000844 0.6700000000015394 0
7278 0.4900000000000962 0.6800000000014519 0
7279 0.009999999999936754 0.7600000000002746 0
7280 0.01999999999987478 0.7700000000002036 0
7281 0.009999999999938022 0.7800000000001369 0
7282 0.450000000000134 0.7000000000011459 0
7283 0.8300000000003489 0.2999999999992794 0
7284 0.07999999999953014 0.57000000000144 0
7285 0.06999999999957759 0.5800000000014454 0
7286 0.05999999999963831 0.5700000000014886 0
7287 0.1599999999995964 0.4500000000013106 0
7288 0.1399999999992216 0.6700000000009323 0
7289 0.1499999999991735 0.6600000000009729 0
7290 0.1499999999991831 0.6800000000008515 0
7291 0.8700000000002766 0.2799999999993122 0
7292 0.8600000000002868 0.2699999999993343 0
7293 0.8800000000002564 0.2699999999993319 0
7294 0.9400000000001494 0.2899999999992868 0
7295 0.9300000000001691 0.279999999999311 0
7296 0.5400000000006058 0.7500000000013172 0
7297 0.5300000000005516 0.760000000001263 0
7298 0.6400000000007015 0.690000000001505 0
7299 0.6200000000007824 0.6900000000015403 0
7300 0.4699999999989587 0.6000000000015675 0
7301 0.5600000000006981 0.7500000000013307 0
7302 0.1199999999998111 0.4300000000014133 0
7303 0.9100000000002149 0.4199999999989513 0
7304 0.8500000000003076 0.2799999999993152 0
7305 0.8500000000002941 0.2599999999993649 0
7306 0.5100000000005851 0.7800000000011296 0
7307 0.6400000000006794 0.7500000000012952 0
7308 0.6300000000007043 0.7600000000012651 0
7309 0.6300000000007115 0.7400000000013447 0
7310 0.2999999999986079 0.6300000000006416 0
7311 0.4899999999990932 0.580000000001726 0
7312 0.4799999999989812 0.5900000000016472 0
7313 0.3499999999991315 0.0399999999998975 0
7314 0.3499999999991379 0.0599999999998501 0
7315 0.5100000000000224 0.6200000000017483 0
7316 0.4800000000017132 0.9300000000002969 0
7317 0.9700000000000772 0.4199999999989195 0
7318 0.9800000000000527 0.4099999999989454 0
7319 0.9800000000000396 0.1299999999997486 0
7320 0.9700000000000604 0.139999999999721 0
7321 0.6700000000005767 0.740000000001295 0
7322 0.5600000000014678 0.9100000000005528 0
7323 0.69000000000049 0.7800000000011156 0
7324 0.6900000000004816 0.800000000001037 0
7325 0.1099999999996653 0.8399999999998159 0
7326 0.09999999999959344 0.8299999999998329 0
7327 0.8900000000002435 0.2799999999993114 0
7328 0.8900000000002363 0.2599999999993521 0
7329 0.9000000000002234 0.2699999999993316 0
7330 0.9300000000001735 0.3799999999990263 0
7331 0.8300000000001302 0.1999999999997643 0
7332 0.9000000000002353 0.3499999999991217 0
7333 0.8800000000002738 0.3499999999991293 0
7334 0.590000000000934 0.8000000000011154 0
7335 0.920000000000196 0.3899999999989994 0
7336 0.9100000000002175 0.3999999999989758 0
7337 0.02999999999980758 0.7000000000007005 0
7338 0.03999999999974649 0.710000000000629 0
7339 0.01999999999987007 0.7100000000006244 0
7340 0.479999999998986 0.1099999999997813 0
7341 0.6900000000007358 0.9600000000002544 0
7342 0.6900000000007063 0.9400000000003712 0
7343 0.5600000000007388 0.7100000000014894 0
7344 0.8700000000002837 0.2999999999992707 0
7345 0.6900000000006661 0.9200000000004815 0
7346 0.7000000000006139 0.9300000000004243 0
7347 0.6800000000007584 0.9300000000004285 0
7348 0.520000000000556 0.7700000000012064 0
7349 0.5500000000011471 0.8400000000009207 0
7350 0.9100000000002026 0.2599999999993534 0
7351 0.9200000000001871 0.2699999999993326 0
7352 0.640000000000678 0.770000000001215 0
7353 0.5600000000012715 0.8700000000007728 0
7354 0.5700000000012069 0.860000000000827 0
7355 0.5800000000012122 0.8700000000007758 0
7356 0.4899999999989492 0.5600000000016387 0
7357 0.5100000000012621 0.8600000000007562 0
7358 0.5200000000013456 0.8700000000007329 0
7359 0.510000000001437 0.8800000000006525 0
7360 0.5000000000013535 0.8700000000006756 0
7361 0.5099999999989984 0.09999999999986164 0
7362 0.9300000000001654 0.2599999999993572 0
7363 0.9400000000001474 0.2699999999993357 0
7364 0.740000000000313 0.7700000000009719 0
7365 0.03999999999974319 0.6100000000013229 0
7366 0.04999999999968445 0.6000000000013831 0
7367 0.05999999999962433 0.6100000000013213 0
7368 0.2799999999978828 0.1499999999980223 0
7369 0.5500000000014398 0.9000000000006031 0
7370 0.5500000000015507 0.92000000000049 0
7371 0.8900000000002288 0.2399999999993937 0
7372 0.8900000000002183 0.2199999999994545 0
7373 0.9000000000002106 0.2299999999994187 0
7374 0.4299999999989895 0.1199999999997286 0
7375 0.7100000000004039 0.8200000000009309 0
7376 0.7200000000003628 0.8300000000008787 0
7377 0.7100000000003992 0.8400000000008486 0
7378 0.3999999999983695 0.5300000000001386 0
7379 0.5500000000016393 0.9400000000003734 0
7380 0.6500000000006387 0.7600000000012458 0
7381 0.6600000000005983 0.7700000000011951 0
7382 0.6100000000013114 0.9600000000002602 0
7383 0.6000000000013734 0.9500000000003221 0
7384 0.6200000000012362 0.9500000000003213 0
7385 0.7000000000004432 0.8100000000009839 0
7386 0.4899999999990419 0.1199999999997829 0
7387 0.4999999999990197 0.1099999999998196 0
7388 0.770000000000203 0.8200000000007885 0
7389 0.7600000000002385 0.8100000000008463 0
7390 0.6600000000006152 0.6900000000014572 0
7391 0.1199999999993224 0.6900000000008331 0
7392 0.1099999999993751 0.7000000000007712 0
7393 0.09999999999941692 0.6900000000008346 0
7394 0.5400000000014178 0.8900000000006507 0
7395 0.5200000000014708 0.8900000000006252 0
7396 0.5300000000013929 0.8800000000006921 0
7397 0.5500000000016896 0.9600000000002529 0
7398 0.5500000000017176 0.9800000000001282 0
7399 0.349999999999125 0.01999999999994764 0
7400 0.4700000000016782 0.9200000000003048 0
7401 0.4700000000015717 0.9000000000003979 0
7402 0.09999999999942827 0.5700000000013974 0
7403 0.08999999999947092 0.5800000000014101 0
7404 0.08999999999964817 0.8399999999997835 0
7405 0.08999999999957761 0.8199999999998685 0
7406 0.7400000000002727 0.8500000000007801 0
7407 0.7600000000002076 0.8500000000007539 0
7408 0.439999999998857 0.009999999999974798 0
7409 0.4199999999989137 0.009999999999974364 0
7410 0.9800000000000515 0.4299999999988912 0
7411 0.9700000000000744 0.4399999999988715 0
7412 0.9600000000001001 0.4299999999988998 0
7413 0.1199999999993333 0.5700000000013385 0
7414 0.1599999999991258 0.6500000000009989 0
7415 0.7900000000001319 0.8400000000006895 0
7416 0.780000000000165 0.8300000000007377 0
7417 0.08999999999945668 0.6400000000011445 0
7418 0.07999999999951028 0.6300000000012038 0
7419 0.08999999999945844 0.6200000000012595 0
7420 0.9200000000001645 0.189999999999558 0
7421 0.9000000000001886 0.1899999999995879 0
7422 0.7200000000003582 0.8500000000007968 0
7423 0.02999999999980967 0.5800000000015073 0
7424 0.03999999999974589 0.590000000001442 0
7425 0.02999999999980639 0.6000000000013874 0
7426 0.01999999999987016 0.5900000000014526 0
7427 0.149999967245391 0.03999996724560072 0
7428 0.1499999140346516 0.05999991403480274 0
7429 0.1399999030381706 0.04999990303832817 0
7430 0.9300000000001527 0.1999999999995202 0
7431 0.9300000000001446 0.1799999999995974 0
7432 0.9400000000001327 0.1899999999995595 0
7433 0.6600000000006085 0.7500000000012736 0
7434 0.6400000000010611 0.9300000000004374 0
7435 0.630000000001156 0.9400000000003811 0
7436 0.5900000000014456 0.9600000000002593 0
7437 0.09999999999940579 0.6500000000010818 0
7438 0.9900000000000211 0.1399999999997279 0
7439 0.3199999999992376 0.06999999999982726 0
7440 0.3399999999991771 0.06999999999982683 0
7441 0.1499999999991666 0.6400000000010724 0
7442 0.1399999999992119 0.6300000000011381 0
7443 0.7700000000001896 0.8400000000007641 0
7444 0.07999999999951062 0.6500000000010798 0
7445 0.009999999999934853 0.700000000000695 0
7446 0.00999999999993415 0.6800000000008353 0
7447 0.019999999999869 0.6900000000007673 0
7448 0.01999999999986833 0.6700000000009081 0
7449 0.1099982296052544 0.0199982296054228 0
7450 0.09999830935670047 0.009998309356868199 0
7451 0.9200000000001949 0.4099999999989561 0
7452 0.03999999999975241 0.5700000000015382 0
7453 0.04999999999969006 0.5800000000014809 0
7454 0.1299999999992595 0.6200000000012034 0
7455 0.680000000000528 0.7700000000011691 0
7456 0.6000000000009562 0.8100000000010683 0
7457 0.9300000000001738 0.3999999999989724 0
7458 0.2699999999993578 0.01999999999994833 0
7459 0.2799999999993331 0.02999999999992339 0
7460 0.8600000000002965 0.289999999999292 0
7461 0.840000000000328 0.2899999999992957 0
7462 0.9400000000001407 0.2299999999994377 0
7463 0.9600000000000988 0.2299999999994517 0
7464 0.6400000000010928 0.950000000000319 0
7465 0.6300000000011732 0.9600000000002592 0
7466 0.8800000000002637 0.2899999999992909 0
7467 0.06994268178029781 0.01994268178040038 0
7468 0.06994243587383384 0.03994243587391921 0
7469 0.07999999999951785 0.6900000000008188 0
7470 0.7800000000001507 0.8500000000007135 0
7471 0.8000000000000963 0.8500000000006384 0
7472 0.7900000000001151 0.8600000000006622 0
7473 0.9800000000000526 0.2699999999993489 0
7474 0.9700000000000784 0.2799999999993182 0
7475 0.9600000000001021 0.269999999999342 0
7476 0.7700000000001687 0.8600000000007033 0
7477 0.7800000000001286 0.8700000000006521 0
7478 0.7700000000001512 0.8800000000006294 0
7479 0.4600000000017168 0.9300000000002229 0
7480 0.489999999998761 0.01999999999996158 0
7481 0.4899999999987963 0.03999999999992475 0
7482 0.1499999968301467 0.01999999683040234 0
7483 0.1399999739895017 0.02999997398970925 0
7484 0.5400000000013121 0.8700000000007587 0
7485 0.5300000000012648 0.8600000000007995 0
7486 0.829999999999856 0.940000000000297 0
7487 0.5400000000011942 0.8500000000008632 0
7488 0.5200000000011749 0.8500000000008369 0
7489 0.9500000000001267 0.299999999999262 0
7490 0.09999999999940759 0.6100000000013002 0
7491 0.1199999999993085 0.6100000000012693 0
7492 0.5900000000014526 0.9800000000001314 0
7493 0.6000000000013859 0.9900000000000662 0
7494 0.5800000000015233 0.9900000000000653 0
7495 0.5500000000013383 0.8800000000007124 0
7496 0.5500000000012453 0.860000000000819 0
7497 0.990000000000026 0.25999999999938 0
7498 0.9900000000000266 0.2799999999993228 0
7499 0.8900000000002055 0.1999999999995464 0
7500 0.08999999999952285 0.7800000000001459 0
7501 0.07999999999955526 0.7700000000002258 0
7502 0.09999999999947196 0.7700000000002324 0
7503 0.7300000000004288 0.9400000000003662 0
7504 0.7400000000003758 0.9500000000003089 0
7505 0.7300000000004563 0.9600000000002518 0
7506 0.1399999999992336 0.6900000000007998 0
7507 0.2999999999992753 0.02999999999992215 0
7508 0.2399999999994429 0.009999999999975083 0
7509 0.2299999999994723 0.01999999999995007 0
7510 0.2199999999994999 0.009999999999974989 0
7511 0.05999999999992864 0.4500000000016557 0
7512 0.04999999999968746 0.7000000000007143 0
7513 0.5600000000011982 0.8500000000008765 0
7514 0.8000000000000191 0.9100000000004698 0
7515 0.9800000000000514 0.2299999999994633 0
7516 0.6400000000011095 0.9900000000000657 0
7517 0.6200000000012479 0.990000000000066 0
7518 0.6300000000011783 0.9800000000001319 0
7519 0.5900000000012018 0.8800000000007241 0
7520 0.0799999999995125 0.6100000000013144 0
7521 0.08999999999946165 0.600000000001355 0
7522 0.03999999999978596 0.8299999999998016 0
7523 0.04999999999973269 0.8199999999998646 0
7524 0.04999999999975552 0.8399999999997485 0
7525 0.8099999999999239 0.9800000000001202 0
7526 0.8099999999999216 0.9600000000002309 0
7527 0.9000000000002175 0.2499999999993724 0
7528 0.9100000000001978 0.2399999999993956 0
7529 0.9200000000001831 0.2499999999993767 0
7530 0.05999999999962861 0.5900000000014218 0
7531 0.9600000000000651 0.4899999999988252 0
7532 0.9300000000001618 0.2399999999994043 0
7533 0.9900000000000265 0.3199999999992076 0
7534 0.9900000000000264 0.3399999999991491 0
7535 0.1299999999992711 0.6800000000008842 0
7536 0.6700000000005679 0.7600000000012213 0
7537 0.720000000000549 0.9900000000000643 0
7538 0.7300000000004748 0.980000000000129 0
7539 0.7400000000004113 0.9900000000000648 0
7540 0.7400000000002853 0.8900000000006114 0
7541 0.7600000000001876 0.8900000000005982 0
7542 0.7800000000001086 0.8900000000005779 0
7543 0.770000000000145 0.9000000000005467 0
7544 0.03999999999974167 0.6500000000010586 0
7545 0.05999999999962238 0.6500000000010713 0
7546 0.9900000000000254 0.2199999999994958 0
7547 0.990000000000026 0.2399999999994379 0
7548 0.1299999999993453 0.7600000000002745 0
7549 0.0199999999998869 0.8299999999997958 0
7550 0.02999999999983045 0.8199999999998606 0
7551 0.02999999999984241 0.8399999999997367 0
7552 0.0299999999998059 0.620000000001256 0
7553 0.01999999999986911 0.6100000000013204 0
7554 0.7200000000004771 0.93000000000042 0
7555 0.9700000000000699 0.4599999999988268 0
7556 0.9800000000000427 0.4699999999987957 0
7557 0.9700000000000571 0.4799999999988001 0
7558 0.00999999999993457 0.6000000000013876 0
7559 0.9900000000000264 0.3599999999990905 0
7560 0.9900000000000264 0.3799999999990319 0
7561 0.1199999999993356 0.7100000000007055 0
7562 0.1299999999992849 0.7000000000007486 0
7563 0.7900000000000502 0.9200000000004396 0
7564 0.7800000000000978 0.9100000000004939 0
7565 0.7900000000000668 0.9000000000005239 0
7566 0.3399999999991526 0.009999999999973721 0
7567 0.359999999999093 0.00999999999997392 0
7568 0.6200000000012453 0.970000000000196 0
7569 0.9500000000001261 0.2799999999993136 0
7570 0.6500000000010085 0.9400000000003785 0
7571 0.2599999999993848 0.009999999999974474 0
7572 0.9900000000000265 0.3999999999989741 0
7573 0.01999999999987323 0.5700000000015749 0
7574 0.02999999999981597 0.5600000000016059 0
7575 0.9900000000000243 0.1799999999996125 0
7576 0.9900000000000252 0.1999999999995544 0
7577 0.9800000000000495 0.1899999999995799 0
7578 0.03999999999974398 0.6900000000007775 0
7579 0.05999999999962695 0.6900000000007964 0
7580 0.950000000000111 0.1799999999995961 0
7581 0.9600000000000941 0.1899999999995702 0
7582 0.6600000000009703 0.9900000000000657 0
7583 0.189999998765383 0.0399999987656989 0
7584 0.06999999999956547 0.640000000001141 0
7585 0.0699999999995673 0.6200000000012633 0
7586 0.06999999999956955 0.6000000000013725 0
7587 0.9600000000001034 0.2899999999992888 0
7588 0.9800000000000534 0.2899999999992925 0
7589 0.9900000000000262 0.4199999999989172 0
7590 0.9900000000000253 0.4399999999988615 0
7591 0.009999999999936268 0.7400000000004131 0
7592 0.009999999999935217 0.7200000000005536 0
7593 0.9900000000000235 0.1599999999996708 0
7594 0.9800000000000446 0.1499999999996951 0
7595 0.9900000000000237 0.459999999998807 0
7596 0.9800000000000489 0.4499999999988393 0
7597 0.3799999999990324 0.009999999999973962 0
7598 0.3999999999989723 0.009999999999974274 0
7599 0.6000000000013819 0.9700000000001964 0
7600 0.03999999999975325 0.7500000000003396 0
7601 0.02999999999981407 0.7600000000002711 0
7602 0.01999999999987302 0.7500000000003411 0
7603 0.9300000000001569 0.2199999999994582 0
7604 0.920000000000178 0.2299999999994249 0
7605 0.7400000000003979 0.9700000000001909 0
7606 0.8900000000001802 0.1799999999996874 0
7607 0.4799999999987541 0.009999999999977763 0
7608 0.6800000000008174 0.9700000000001927 0
7609 0.690000000000755 0.9800000000001301 0
7610 0.7000000000006886 0.9900000000000648 0
7611 0.07999999999951851 0.5900000000013961 0
7612 0.9400000000001258 0.1699999999996272 0
7613 0.9300000000001345 0.1599999999996808 0
7614 0.03999999999981125 0.8499999999996979 0
7615 0.01999999999989988 0.8499999999996809 0
7616 0.1299996118367939 0.03999961183695898 0
7617 0.8400000000001119 0.1899999999997943 0
7618 0.7500000000003202 0.9600000000002509 0
7619 0.04999999999988318 0.8799999999996508 0
7620 0.04999999999979714 0.8599999999996684 0
7621 0.05999999999981743 0.8699999999996776 0
7622 0.6600000000009121 0.930000000000434 0
7623 0.7900000000000904 0.8800000000005989 0
7624 0.9600000000000312 0.08999999999986034 0
7625 0.9700000000000201 0.07999999999987047 0
7626 0.009999999999935588 0.5800000000015215 0
7627 0.009999999999937639 0.5600000000016485 0
7628 0.02999999999982637 0.5400000000016889 0
7629 0.01999999999989141 0.5300000000017747 0
7630 0.7300000000003182 0.8400000000008294 0
7631 0.1199995567148447 0.02999955671501031 0
7632 0.2199999999133053 0.0699999999135863 0
7633 0.5600000000016604 0.9900000000000651 0
7634 0.540000000001791 0.9900000000000633 0
7635 0.08999999999954345 0.7999999999999944 0
7636 0.2899999999993 0.01999999999994741 0
7637 0.07998848280156426 0.009988482801700629 0
7638 0.8499999999997464 0.9600000000001708 0
7639 0.8499999999996994 0.98000000000009 0
7640 0.670000000000898 0.980000000000131 0
7641 0.09999999999971057 0.8499999999997794 0
7642 0.2199999999963775 0.02999999999680057 0
7643 0.4599999999988025 0.0099999999999754 0
7644 0.6100000000013159 0.9800000000001321 0
7645 0.9500000000000026 0.07999999999991048 0
7646 0.9500000000000386 0.09999999999986209 0
7647 0.9500000000001052 0.15999999999966 0
7648 0.1599999982108928 0.009999998211196355 0
7649 0.7700000000001981 0.9800000000001272 0
7650 0.7600000000002596 0.970000000000189 0
7651 0.9900000000000267 0.2999999999992653 0
7652 0.8199999999998735 0.9500000000002726 0
7653 0.8399999999997991 0.9500000000002358 0
7654 0.179999999958136 0.009999999958496758 0
7655 0.0699999999995895 0.7400000000004431 0
7656 0.07999999999953342 0.7300000000005352 0
7657 0.7999999999999952 0.9900000000000608 0
7658 0.7800000000001333 0.9900000000000631 0
7659 0.9400000000001135 0.1499999999997018 0
7660 0.2799999999993268 0.009999999999973853 0
7661 0.02999999999981814 0.7800000000001357 0
7662 0.03999999999975744 0.7700000000002032 0
7663 0.0599999999996431 0.7500000000003528 0
7664 0.04999999999970025 0.7600000000002756 0
7665 0.9800000000000152 0.06999999999987852 0
7666 0.07999999999982121 0.8699999999997221 0
7667 0.08999999999976174 0.85999999999974 0
7668 0.8199999999998591 0.9900000000000593 0
7669 0.009999999999941096 0.5400000000017703 0
7670 0.01999999999987873 0.5500000000016849 0
7671 0.0299999999998054 0.6800000000008444 0
7672 0.02999999999980526 0.6600000000009845 0
7673 0.119999999999398 0.7700000000002137 0
7674 0.1899999999546292 0.01999999995499516 0
7675 0.1999999999763865 0.02999999997675542 0
7676 0.6800000000008294 0.9900000000000653 0
7677 0.02999999999980456 0.640000000001121 0
7678 0.9600000000000835 0.1499999999996886 0
7679 0.00999999999994158 0.8199999999998603 0
7680 0.009999999999938874 0.799999999999998 0
7681 0.01999999999988045 0.809999999999928 0
7682 0.01999999999987689 0.7900000000000659 0
7683 0.02999999999982154 0.7999999999999966 0
7684 0.069999999999597 0.7600000000002922 0
7685 0.05999999999965061 0.7700000000002116 0
7686 0.2099999999960514 0.01999999999647339 0
7687 0.1999999999960803 0.009999999996498404 0
7688 0.05993297016853525 0.04993297016862724 0
7689 0.7500000000003373 0.980000000000129 0
7690 0.9600000000000073 0.069999999999906 0
7691 0.009999999999945323 0.839999999999727 0
7692 0.9499999999999689 0.05999999999994921 0
7693 0.03999999999977154 0.8099999999999292 0
7694 0.7600000000002727 0.9900000000000642 0
7695 0.07999999999959284 0.8099999999999337 0
7696 0.0599999999996764 0.809999999999934 0
7697 0.9899999999999847 0.01999999999996942 0
7698 0.05995419897859532 0.009954198978699747 0
7699 0.8399999999997316 0.9900000000000522 0
7700 0.01991903083772864 0.009919030837784283 0
7701 0.03990391037066546 0.009903910370740381 0
$EndNodes
$Elements
2700
1 8 2 1 1 1 5 54
2 8 2 1 1 5 6 55
3 8 2 1 1 6 7 56
4 8 2 1 1 7 8 57
5 8 2 1 1 8 9 58
6 8 2 1 1 9 10 59
7 8 2 1 1 10 11 60
8 8 2 1 1 11 12 61
9 8 2 1 1 12 13 62
10 8 2 1 1 13 14 63
11 8 2 1 1 14 15 64
12 8 2 1 1 15 16 65
13 8 2 1 1 16 17 66
14 8 2 1 1 17 18 67
15 8 2 1 1 18 19 68
16 8 2 1 1 19 20 69
17 8 2 1 1 20 21 70
18 8 2 1 1 21 22 71
19 8 2 1 1 22 23 72
20 8 2 1 1 23 24 73
21 8 2 1 1 24 25 74
22 8 2 1 1 25 26 75
23 8 2 1 1 26 27 76
24 8 2 1 1 27 28 77
25 8 2 1 1 28 29 78
26 8 2 1 1 29 30 79
27 8 2 1 1 30 31 80
28 8 2 1 1 31 32 81
29 8 2 1 1 32 33 82
30 8 2 1 1 33 34 83
31 8 2 1 1 34 35 84
32 8 2 1 1 35 36 85
33 8 2 1 1 36 37 86
34 8 2 1 1 37 38 87
35 8 2 1 1 38 39 88
36 8 2 1 1 39 40 89
37 8 2 1 1 40 41 90
38 8 2 1 1 41 42 91
39 8 2 1 1 42 43 92
40 8 2 1 1 43 44 93
41 8 2 1 1 44 45 94
42 8 2 1 1 45 46 95
43 8 2 1 1 46 47 96
44 8 2 1 1 47 48 97
45 8 2 1 1 48 49 98
46 8 2 1 1 49 50 99
47 8 2 1 1 50 51 100
48 8 2 1 1 51 52 101
49 8 2 1 1 52 53 102
50 8 2 1 1 53 2 103
51 8 2 1 2 2 104 153
52 8 2 1 2 104 105 154
53 8 2 1 2 105 106 155
54 8 2 1 2 106 107 156
55 8 2 1 2 107 108 157
56 8 2 1 2 108 109 158
57 8 2 1 2 109 110 159
58 8 2 1 2 110 111 160
59 8 2 1 2 111 112 161
60 8 2 1 2 112 113 162
61 8 2 1 2 113 114 163
62 8 2 1 2 114 115 164
63 8 2 1 2 115 116 165
64 8 2 1 2 116 117 166
65 8 2 1 2 117 118 167
66 8 2 1 2 118 119 168
67 8 2 1 2 119 120 169
68 8 2 1 2 120 121 170
69 8 2 1 2 121 122 171
70 8 2 1 2 122 123 172
71 8 2 1 2 123 124 173
72 8 2 1 2 124 125 174
73 8 2 1 2 125 126 175
74 8 2 1 2 126 127 176
75 8 2 1 2 127 128 177
76 8 2 1 2 128 129 178
77 8 2 1 2 129 130 179
78 8 2 1 2 130 131 180
79 8 2 1 2 131 132 181
80 8 2 1 2 132 133 182
81 8 2 1 2 133 134 183
82 8 2 1 2 134 135 184
83 8 2 1 2 135 136 185
84 8 2 1 2 136 137 186
85 8 2 1 2 137 138 187
86 8 2 1 2 138 139 188
87 8 2 1 2 139 140 189
88 8 2 1 2 140 141 190
89 8 2 1 2 141 142 191
90 8 2 1 2 142 143 192
91 8 2 1 2 143 144 193
92 8 2 1 2 144 145 194
93 8 2 1 2 145 146 195
94 8 2 1 2 146 147 196
95 8 2 1 2 147 148 197
96 8 2 1 2 148 149 198
97 8 2 1 2 149 150 199
98 8 2 1 2 150 151 200
99 8 2 1 2 151 152 201
100 8 2 1 2 152 3 202
101 8 2 2 3 3 203 252
102 8 2 2 3 203 204 253
103 8 2 2 3 204 205 254
104 8 2 2 3 205 206 255
105 8 2 2 3 206 207 256
106 8 2 2 3 207 208 257
107 8 2 2 3 208 209 258
108 8 2 2 3 209 210 259
109 8 2 2 3 210 211 260
110 8 2 2 3 211 212 261
111 8 2 2 3 212 213 262
112 8 2 2 3 213 214 263
113 8 2 2 3 214 215 264
114 8 2 2 3 215 216 265
115 8 2 2 3 216 217 266
116 8 2 2 3 217 218 267
117 8 2 2 3 218 219 268
118 8 2 2 3 219 220 269
119 8 2 2 3 220 221 270
120 8 2 2 3 221 222 271
121 8 2 2 3 222 223 272
122 8 2 2 3 223 224 273
123 8 2 2 3 224 225 274
124 8 2 2 3 225 226 275
125 8 2 2 3 226 227 276
126 8 2 2 3 227 228 277
127 8 2 2 3 228 229 278
128 8 2 2 3 229 230 279
129 8 2 2 3 230 231 280
130 8 2 2 3 231 232 281
131 8 2 2 3 232 233 282
132 8 2 2 3 233 234 283
133 8 2 2 3 234 235 284
134 8 2 2 3 235 236 285
135 8 2 2 3 236 237 286
136 8 2 2 3 237 238 287
137 8 2 2 3 238 239 288
138 8 2 2 3 239 240 289
139 8 2 2 3 240 241 290
140 8 2 2 3 241 242 291
141 8 2 2 3 242 243 292
142 8 2 2 3 243 244 293
143 8 2 2 3 244 245 294
144 8 2 2 3 245 246 295
145 8 2 2 3 246 247 296
146 8 2 2 3 247 248 297
147 8 2 2 3 248 249 298
148 8 2 2 3 249 250 299
149 8 2 2 3 250 251 300
150 8 2 2 3 251 4 301
151 8 2 1 4 4 302 351
152 8 2 1 4 302 303 352
153 8 2 1 4 303 304 353
154 8 2 1 4 304 305 354
155 8 2 1 4 305 306 355
156 8 2 1 4 306 307 356
157 8 2 1 4 307 308 357
158 8 2 1 4 308 309 358
159 8 2 1 4 309 310 359
160 8 2 1 4 310 311 360
161 8 2 1 4 311 312 361
162 8 2 1 4 312 313 362
163 8 2 1 4 313 314 363
164 8 2 1 4 314 315 364
165 8 2 1 4 315 316 365
166 8 2 1 4 316 317 366
167 8 2 1 4 317 318 367
168 8 2 1 4 318 319 368
169 8 2 1 4 319 320 369
170 8 2 1 4 320 321 370
171 8 2 1 4 321 322 371
172 8 2 1 4 322 323 372
173 8 2 1 4 323 324 373
174 8 2 1 4 324 325 374
175 8 2 1 4 325 326 375
176 8 2 1 4 326 327 376
177 8 2 1 4 327 328 377
178 8 2 1 4 328 329 378
179 8 2 1 4 329 330 379
180 8 2 1 4 330 331 380
181 8 2 1 4 331 332 381
182 8 2 1 4 332 333 382
183 8 2 1 4 333 334 383
184 8 2 1 4 334 335 384
185 8 2 1 4 335 336 385
186 8 2 1 4 336 337 386
187 8 2 1 4 337 338 387
188 8 2 1 4 338 339 388
189 8 2 1 4 339 340 389
190 8 2 1 4 340 341 390
191 8 2 1 4 341 342 391
192 8 2 1 4 342 343 392
193 8 2 1 4 343 344 393
194 8 2 1 4 344 345 394
195 8 2 1 4 345 346 395
196 8 2 1 4 346 347 396
197 8 2 1 4 347 348 397
198 8 2 1 4 348 349 398
199 8 2 1 4 349 350 399
200 8 2 1 4 350 1 400
201 16 2 1 1 2801 2798 2788 2797 2802 2803 2804 2805
202 16 2 1 1 2799 2801 2795 2796 2806 2807 2808 2809
203 16 2 1 1 2801 2799 2800 2798 2806 2810 2811 2802
204 16 2 1 1 2473 2375 2437 2482 2812 2813 2814 2815
205 16 2 1 1 2057 1868 1870 1976 2816 2817 2818 2819
206 16 2 1 1 2760 2768 2754 2717 2820 2821 2822 2823
207 16 2 1 1 2495 2530 2606 2572 2824 2825 2826 2827
208 16 2 1 1 2762 2767 2749 2742 2828 2829 2830 2831
209 16 2 1 1 2607 2597 2632 2675 2832 2833 2834 2835
210 16 2 1 1 2642 2677 2676 2638 2836 2837 2838 2839
211 16 2 1 1 2676 2677 2731 2701 2837 2840 2841 2842
212 16 2 1 1 1840 1788 1625 1716 2843 2844 2845 2846
213 16 2 1 1 2800 2789 2790 2798 2847 2848 2849 2811
214 16 2 1 1 2674 2690 2670 2699 2850 2851 2852 2853
215 16 2 1 1 2779 2759 2790 2789 2854 2855 2848 2856
216 16 2 1 1 2698 2702 2636 2679 2857 2858 2859 2860
217 16 2 1 1 2567 2573 2477 2532 2861 2862 2863 2864
218 16 2 1 1 1789 1805 1637 1717 2865 2866 2867 2868
219 16 2 1 1 2727 2693 2680 2630 2869 2870 2871 2872
220 16 2 1 1 2218 2281 2156 2141 2873 2874 2875 2876
221 16 2 1 1 1090 1185 973 1138 2877 2878 2879 2880
222 16 2 1 1 1287 1377 1272 1332 2881 2882 2883 2884
223 16 2 1 1 2520 2424 2486 2574 2885 2886 2887 2888
224 16 2 1 1 1358 1263 1380 1516 2889 2890 2891 2892
225 16 2 1 1 2389 2364 2273 2334 2893 2894 2895 2896
226 16 2 1 1 1378 1289 1188 1326 2897 2898 2899 2900
227 16 2 1 1 1720 1706 1775 1877 2901 2902 2903 2904
228 16 2 1 1 2646 2659 2639 2681 2905 2906 2907 2908
229 16 2 1 1 885 886 957 1048 2909 2910 2911 2912
230 16 2 1 1 2690 2647 2640 2670 2913 2914 2915 2851
231 16 2 1 1 2375 2441 2337 2263 2916 2917 2918 2919
232 16 2 1 1 2263 2337 2220 2211 2918 2920 2921 2922
233 16 2 1 1 2575 2592 2522 2562 2923 2924 2925 2926
234 16 2 1 1 851 939 1057 887 2927 2928 2929 2930
235 16 2 1 1 1395 1472 1290 1275 2931 2932 2933 2934
236 16 2 1 1 1561 1543 1613 1722 2935 2936 2937 2938
237 16 2 1 1 1807 1791 1856 1955 2939 2940 2941 2942
238 16 2 1 1 2070 1934 2023 2108 2943 2944 2945 2946
239 16 2 1 1 1379 1468 1291 1277 2947 2948 2949 2950
240 16 2 1 1 887 801 703 851 2951 2952 2953 2930
241 16 2 1 1 1187 1172 1073 1092 2954 2955 2956 2957
242 16 2 1 1 1621 1723 1562 1544 2958 2959 2960 2961
243 16 2 1 1 1093 1092 994 893 2962 2963 2964 2965
244 16 2 1 1 1809 1792 1624 1724 2966 2967 2968 2969
245 16 2 1 1 2779 2743 2718 2759 2970 2971 2972 2854
246 16 2 1 1 2780 2759 2718 2751 2973 2972 2974 2975
247 16 2 1 1 1074 1192 1294 1279 2976 2977 2978 2979
248 16 2 1 1 2675 2632 2703 2696 2834 2980 2981 2982
249 16 2 1 1 2679 2636 2614 2563 2859 2983 2984 2985
250 16 2 1 1 1361 1474 1295 1278 2986 2987 2988 2989
251 16 2 1 1 1185 1090 1079 1300 2877 2990 2991 2992
252 16 2 1 1 2532 2477 2444 2376 2863 2993 2994 2995
253 16 2 1 1 1279 1294 1384 1478 2978 2996 2997 2998
254 16 2 1 1 2376 2444 2339 2325 2994 2999 3000 3001
255 16 2 1 1 2668 2645 2615 2680 3002 3003 3004 3005
256 16 2 1 1 2011 2021 1866 1959 3006 3007 3008 3009
257 16 2 1 1 1618 1647 1810 1782 3010 3011 3012 3013
258 16 2 1 1 2555 2615 2518 2543 3014 3015 3016 3017
259 16 2 1 1 2201 2289 2163 2142 3018 3019 3020 3021
260 16 2 1 1 870 995 780 770 3022 3023 3024 3025
261 16 2 1 1 889 874 782 771 3026 3027 3028 3029
262 16 2 1 1 874 889 884 974 3026 3030 3031 3032
263 16 2 1 1 1201 1388 1479 1297 3033 3034 3035 3036
264 16 2 1 1 1880 1793 1622 1727 3037 3038 3039 3040
265 16 2 1 1 2578 2535 2525 2560 3041 3042 3043 3044
266 16 2 1 1 2285 2273 2137 2221 3045 3046 3047 3048
267 16 2 1 1 2026 1929 1777 1882 3049 3050 3051 3052
268 16 2 1 1 2066 2158 2027 1929 3053 3054 3055 3056
269 16 2 1 1 2568 2579 2476 2536 3057 3058 3059 3060
270 16 2 1 1 2439 2372 2536 2476 3061 3062 3059 3063
271 16 2 1 1 1963 1964 2028 2088 3064 3065 3066 3067
272 16 2 1 1 890 1043 1157 997 3068 3069 3070 3071
273 16 2 1 1 997 779 783 890 3072 3073 3074 3071
274 16 2 1 1 1138 973 922 1022 2879 3075 3076 3077
275 16 2 1 1 992 873 646 784 3078 3079 3080 3081
276 16 2 1 1 889 785 647 884 3082 3083 3084 3030
277 16 2 1 1 1188 1289 1099 1104 2898 3085 3086 3087
278 16 2 1 1 2788 2774 2791 2797 3088 3089 3090 2804
279 16 2 1 1 752 893 686 687 3091 3092 3093 3094
280 16 2 1 1 2740 2746 2770 2766 3095 3096 3097 3098
281 16 2 1 1 2737 2705 2697 2722 3099 3100 3101 3102
282 16 2 1 1 1059 1191 1000 976 3103 3104 3105 3106
283 16 2 1 1 771 782 717 718 3028 3107 3108 3109
284 16 2 1 1 524 459 634 457 3110 3111 3112 3113
285 16 2 1 1 1076 878 1004 1094 3114 3115 3116 3117
286 16 2 1 1 1558 1557 1732 1629 3118 3119 3120 3121
287 16 2 1 1 1653 1526 1483 1484 3122 3123 3124 3125
288 16 2 1 1 1781 1942 1966 1884 3126 3127 3128 3129
289 16 2 1 1 1612 1719 1885 1790 3130 3131 3132 3133
290 16 2 1 1 2609 2566 2523 2575 3134 3135 3136 3137
291 16 2 1 1 2796 2793 2786 2799 3138 3139 3140 2809
292 16 2 1 1 554 401 228 229 3141 3142 278 3143
293 16 2 1 1 2761 2766 2791 2774 3144 3145 3089 3146
294 16 2 1 1 1790 1885 1963 1933 3132 3147 3148 3149
295 16 2 1 1 2735 2725 2667 2706 3150 3151 3152 3153
296 16 2 1 1 2657 2637 2706 2667 3154 3155 3152 3156
297 16 2 1 1 2795 2787 2794 2796 3157 3158 3159 2808
298 16 2 1 1 1775 1886 1926 2031 3160 3161 3162 3163
299 16 2 1 1 2511 2447 2448 2491 3164 3165 3166 3167
300 16 2 1 1 2002 2087 1965 1852 3168 3169 3170 3171
301 16 2 1 1 528 680 560 439 3172 3173 3174 3175
302 16 2 1 1 682 679 405 557 3176 3177 3178 3179
303 16 2 1 1 2396 2317 2426 2492 3180 3181 3182 3183
304 16 2 1 1 2292 2341 2229 2228 3184 3185 3186 3187
305 16 2 1 1 2492 2426 2517 2581 3182 3188 3189 3190
306 16 2 1 1 1156 1091 1003 872 3191 3192 3193 3194
307 16 2 1 1 1192 1074 1001 873 2976 3195 3196 3197
308 16 2 1 1 2326 2340 2203 2294 3198 3199 3200 3201
309 16 2 1 1 2154 2068 2294 2203 3202 3203 3200 3204
310 16 2 1 1 1852 1965 1814 1796 3170 3205 3206 3207
311 16 2 1 1 1451 1568 1387 1257 3208 3209 3210 3211
312 16 2 1 1 956 1097 900 747 3212 3213 3214 3215
313 16 2 1 1 2777 2764 2741 2768 3216 3217 3218 3219
314 16 2 1 1 2383 2449 2480 2493 3220 3221 3222 3223
315 16 2 1 1 2090 2168 2033 2012 3224 3225 3226 3227
316 16 2 1 1 875 892 665 800 3228 3229 3230 3231
317 16 2 1 1 899 753 1006 976 3232 3233 3234 3235
318 16 2 1 1 1302 1107 967 1170 3236 3237 3238 3239
319 16 2 1 1 2012 2033 1862 1969 3226 3240 3241 3242
320 16 2 1 1 1969 1862 1816 1694 3241 3243 3244 3245
321 16 2 1 1 1305 1386 1187 1204 3246 3247 3248 3249
322 16 2 1 1 460 629 744 456 3250 3251 3252 3253
323 16 2 1 1 1101 978 906 756 3254 3255 3256 3257
324 16 2 1 1 657 684 403 559 3258 3259 3260 3261
325 16 2 1 1 1481 1356 1658 1533 3262 3263 3264 3265
326 16 2 1 1 888 891 1009 991 3266 3267 3268 3269
327 16 2 1 1 684 657 902 747 3258 3270 3271 3272
328 16 2 1 1 1308 1276 1205 1077 3273 3274 3275 3276
329 16 2 1 1 763 660 690 803 3277 3278 3279 3280
330 16 2 1 1 1890 2034 1935 1864 3281 3282 3283 3284
331 16 2 1 1 1390 1360 1309 1276 3285 3286 3287 3288
332 16 2 1 1 680 528 789 746 3172 3289 3290 3291
333 16 2 1 1 1617 1736 1572 1445 3292 3293 3294 3295
334 16 2 1 1 1092 1093 1204 1187 2962 3296 3248 2957
335 16 2 1 1 1527 1659 1350 1488 3297 3298 3299 3300
336 16 2 1 1 895 790 642 876 3301 3302 3303 3304
337 16 2 1 1 1202 1077 903 1010 3305 3306 3307 3308
338 16 2 1 1 446 462 558 527 3309 3310 3311 3312
339 16 2 1 1 689 534 905 753 3313 3314 3315 3316
340 16 2 1 1 1242 1171 1385 1421 3317 3318 3319 3320
341 16 2 1 1 1932 2017 2169 2068 3321 3322 3323 3324
342 16 2 1 1 2789 2782 2763 2779 3325 3326 3327 2856
343 16 2 1 1 1659 1527 1817 1694 3297 3328 3329 3330
344 16 2 1 1 1873 1872 2035 1938 3331 3332 3333 3334
345 16 2 1 1 1684 1770 1892 1737 3335 3336 3337 3338
346 16 2 1 1 1421 1385 1564 1605 3319 3339 3340 3341
347 16 2 1 1 326 327 557 405 376 3342 3178 3343
348 16 2 1 1 783 779 691 632 3073 3344 3345 3346
349 16 2 1 1 1727 1622 1605 1564 3039 3347 3340 3348
350 16 2 1 1 1467 1448 1370 1393 3349 3350 3351 3352
351 16 2 1 1 1780 1891 1616 1739 3353 3354 3355 3356
352 16 2 1 1 2774 2788 2792 2778 3088 3357 3358 3359
353 16 2 1 1 636 777 561 401 3360 3361 3362 3363
354 16 2 1 1 228 401 561 227 3142 3362 3364 277
355 16 2 1 1 2255 2151 2192 2170 3365 3366 3367 3368
356 16 2 1 1 1369 1392 1177 1311 3369 3370 3371 3372
357 16 2 1 1 2604 2603 2651 2637 3373 3374 3375 3376
358 16 2 1 1 2571 2565 2618 2603 3377 3378 3379 3380
359 16 2 1 1 1332 1272 1207 1123 2883 3381 3382 3383
360 16 2 1 1 2473 2482 2537 2529 2815 3384 3385 3386
361 16 2 1 1 752 897 1012 996 3387 3388 3389 3390
362 16 2 1 1 909 981 908 912 3391 3392 3393 3394
363 16 2 1 1 2728 2695 2724 2756 3395 3396 3397 3398
364 16 2 1 1 894 649 806 994 3399 3400 3401 3402
365 16 2 1 1 2699 2724 2695 2674 3403 3396 3404 2853
366 16 2 1 1 631 455 570 683 3405 3406 3407 3408
367 16 2 1 1 401 554 693 636 3141 3409 3410 3363
368 16 2 1 1 815 696 662 761 3411 3412 3413 3414
369 16 2 1 1 2068 2154 2036 1932 3202 3415 3416 3324
370 16 2 1 1 1529 1662 1492 1351 3417 3418 3419 3420
371 16 2 1 1 1300 1366 1312 1185 3421 3422 3423 2992
372 16 2 1 1 1619 1731 1608 1597 3424 3425 3426 3427
373 16 2 1 1 1932 2036 1893 1865 3416 3428 3429 3430
374 16 2 1 1 2691 2643 2664 2652 3431 3432 3433 3434
375 16 2 1 1 807 700 664 808 3435 3436 3437 3438
376 16 2 1 1 901 756 698 549 3439 3440 3441 3442
377 16 2 1 1 1186 1240 1157 1148 3443 3444 3445 3446
378 16 2 1 1 1233 1345 1374 1267 3447 3448 3449 3450
379 16 2 1 1 649 781 458 555 3451 3452 3453 3454
380 16 2 1 1 973 1185 1312 1109 2878 3423 3455 3456
381 16 2 1 1 2788 2798 2790 2792 2803 2849 3457 3357
382 16 2 1 1 1287 1332 1252 1184 2884 3458 3459 3460
383 16 2 1 1 685 528 439 467 3461 3175 3462 3463
384 16 2 1 1 2759 2780 2792 2790 2973 3464 3457 2855
385 16 2 1 1 534 689 473 474 3313 3465 3466 3467
386 16 2 1 1 1781 1884 1768 1759 3129 3468 3469 3470
387 16 2 1 1 1805 1789 1894 1872 2865 3471 3472 3473
388 16 2 1 1 2271 2332 2397 2388 3474 3475 3476 3477
389 16 2 1 1 439 560 130 131 3174 3478 180 3479
390 16 2 1 1 648 429 566 786 3480 3481 3482 3483
391 16 2 1 1 922 973 1109 865 3075 3456 3484 3485
392 16 2 1 1 559 403 29 30 3260 3486 79 3487
393 16 2 1 1 2530 2495 2431 2505 2824 3488 3489 3490
394 16 2 1 1 655 681 472 567 3491 3492 3493 3494
395 16 2 1 1 446 557 327 328 3495 3342 377 3496
396 16 2 1 1 1276 1308 1398 1390 3273 3497 3498 3288
397 16 2 1 1 1360 1390 1493 1450 3285 3499 3500 3501
398 16 2 1 1 2794 2777 2793 2796 3502 3503 3138 3159
399 16 2 1 1 1370 1316 1211 1393 3504 3505 3506 3351
400 16 2 1 1 1077 1202 1314 1308 3305 3507 3508 3276
401 16 2 1 1 2152 2246 2312 2216 3509 3510 3511 3512
402 16 2 1 1 2438 2334 2363 2402 3513 3514 3515 3516
403 16 2 1 1 408 567 331 332 3517 3518 381 3519
404 16 2 1 1 469 402 128 129 3520 3521 178 3522
405 16 2 1 1 458 554 229 230 3523 3143 279 3524
406 16 2 1 1 1148 1157 1043 867 3445 3069 3525 3526
407 16 2 1 1 208 429 569 207 3527 3528 3529 257
408 16 2 1 1 865 1109 1211 1016 3484 3530 3531 3532
409 16 2 1 1 1677 1534 1759 1768 3533 3534 3469 3535
410 16 2 1 1 1104 1099 1020 910 3086 3536 3537 3538
411 16 2 1 1 2749 2731 2736 2742 3539 3540 3541 2830
412 16 2 1 1 1311 1177 1111 964 3371 3542 3543 3544
413 16 2 1 1 1437 1438 1347 1269 3545 3546 3547 3548
414 16 2 1 1 2776 2758 2739 2767 3549 3550 3551 3552
415 16 2 1 1 2140 2235 2128 2081 3553 3554 3555 3556
416 16 2 1 1 2153 2187 2077 2124 3557 3558 3559 3560
417 16 2 1 1 634 703 574 457 3561 3562 3563 3112
418 16 2 1 1 686 562 485 687 3564 3565 3566 3093
419 16 2 1 1 896 764 709 547 3567 3568 3569 3570
420 16 2 1 1 2787 2795 2785 2776 3157 3571 3572 3573
421 16 2 1 1 1184 1252 1089 970 3459 3574 3575 3576
422 16 2 1 1 2331 2321 2299 2206 3577 3578 3579 3580
423 16 2 1 1 2436 2374 2346 2321 3581 3582 3583 3584
424 16 2 1 1 865 803 804 922 3585 3586 3587 3485
425 16 2 1 1 2081 2128 2061 1962 3555 3588 3589 3590
426 16 2 1 1 1209 1179 1117 984 3591 3592 3593 3594
427 16 2 1 1 2126 2050 1990 1855 3595 3596 3597 3598
428 16 2 1 1 2158 2066 2251 2253 3053 3599 3600 3601
429 16 2 1 1 2206 2299 2171 2145 3579 3602 3603 3604
430 16 2 1 1 2278 2202 2322 2419 3605 3606 3607 3608
431 16 2 1 1 2059 1988 1871 1919 3609 3610 3611 3612
432 16 2 1 1 1380 1263 1066 1214 2890 3613 3614 3615
433 16 2 1 1 1855 1990 1714 1803 3597 3616 3617 3618
434 16 2 1 1 567 408 565 655 3517 3619 3620 3494
435 16 2 1 1 1102 876 1020 1099 3621 3622 3536 3623
436 16 2 1 1 1016 1211 1316 1113 3531 3505 3624 3625
437 16 2 1 1 990 1057 939 769 3626 2928 3627 3628
438 16 2 1 1 1689 1554 1522 1521 3629 3630 3631 3632
439 16 2 1 1 2608 2602 2664 2643 3633 3634 3432 3635
440 16 2 1 1 1929 2027 1918 1777 3055 3636 3637 3050
441 16 2 1 1 2484 2592 2539 2497 3638 3639 3640 3641
442 16 2 1 1 2518 2428 2496 2543 3642 3643 3644 3016
443 16 2 1 1 803 865 1016 763 3585 3532 3645 3280
444 16 2 1 1 2664 2602 2629 2619 3634 3646 3647 3648
445 16 2 1 1 2506 2464 2554 2528 3649 3650 3651 3652
446 16 2 1 1 2603 2618 2661 2651 3379 3653 3654 3374
447 16 2 1 1 1356 1481 1401 1261 3262 3655 3656 3657
448 16 2 1 1 1004 878 798 650 3115 3658 3659 3660
449 16 2 1 1 1235 1070 1269 1347 3661 3662 3547 3663
450 16 2 1 1 2771 2778 2765 2772 3664 3665 3666 3667
451 16 2 1 1 1917 1922 1836 1710 3668 3669 3670 3671
452 16 2 1 1 2452 2497 2510 2453 3672 3673 3674 3675
453 16 2 1 1 2723 2750 2772 2765 3676 3677 3666 3678
454 16 2 1 1 429 648 706 569 3480 3679 3680 3528
455 16 2 1 1 709 764 793 708 3568 3681 3682 3683
456 16 2 1 1 2367 2417 2403 2269 3684 3685 3686 3687
457 16 2 1 1 751 907 1019 1007 3688 3689 3690 3691
458 16 2 1 1 1521 1522 1417 1273 3631 3692 3693 3694
459 16 2 1 1 2451 2472 2443 2456 3695 3696 3697 3698
460 16 2 1 1 970 1089 955 866 3575 3699 3700 3701
461 16 2 1 1 2380 2386 2456 2443 3702 3703 3697 3704
462 16 2 1 1 1982 2059 1919 1784 3705 3612 3706 3707
463 16 2 1 1 1113 921 763 1016 3708 3709 3645 3625
464 16 2 1 1 976 1006 1114 1059 3234 3710 3711 3106
465 16 2 1 1 2019 2052 1992 1949 3712 3713 3714 3715
466 16 2 1 1 1089 1156 990 955 3716 3717 3718 3699
467 16 2 1 1 2757 2726 2738 2732 3719 3720 3721 3722
468 16 2 1 1 2398 2456 2386 2399 3723 3703 3724 3725
469 16 2 1 1 458 230 231 555 3524 280 3726 3453
470 16 2 1 1 912 908 794 802 3393 3727 3728 3729
471 16 2 1 1 1522 1376 1283 1417 3730 3731 3732 3692
472 16 2 1 1 1110 964 918 916 3733 3734 3735 3736
473 16 2 1 1 642 791 1020 876 3737 3738 3622 3303
474 16 2 1 1 2007 2049 1991 1986 3739 3740 3741 3742
475 16 2 1 1 2340 2326 2399 2386 3198 3743 3724 3744
476 16 2 1 1 1688 1594 1520 1465 3745 3746 3747 3748
477 16 2 1 1 859 808 923 1005 3749 3750 3751 3752
478 16 2 1 1 2355 2356 2313 2266 3753 3754 3755 3756
479 16 2 1 1 691 580 482 632 3757 3758 3759 3345
480 16 2 1 1 785 556 463 647 3760 3761 3762 3083
481 16 2 1 1 891 888 795 776 3266 3763 3764 3765
482 16 2 1 1 2254 2255 2170 2071 3766 3368 3767 3768
483 16 2 1 1 2747 2756 2764 2784 3769 3770 3771 3772
484 16 2 1 1 2624 2623 2662 2663 3773 3774 3775 3776
485 16 2 1 1 2368 2279 2255 2254 3777 3778 3766 3779
486 16 2 1 1 435 206 207 569 3780 256 3529 3781
487 16 2 1 1 788 657 559 464 3782 3261 3783 3784
488 16 2 1 1 753 899 565 689 3232 3785 3786 3316
489 16 2 1 1 878 911 712 798 3787 3788 3789 3658
490 16 2 1 1 402 469 776 795 3520 3790 3764 3791
491 16 2 1 1 446 328 329 462 3496 378 3792 3309
492 16 2 1 1 2573 2567 2629 2602 2861 3793 3646 3794
493 16 2 1 1 1646 1540 1459 1499 3795 3796 3797 3798
494 16 2 1 1 1717 1637 1576 1456 2867 3799 3800 3801
495 16 2 1 1 2756 2724 2741 2764 3397 3802 3217 3770
496 16 2 1 1 2777 2794 2784 2764 3502 3803 3771 3216
497 16 2 1 1 2748 2720 2769 2783 3804 3805 3806 3807
498 16 2 1 1 1273 1417 1251 1250 3693 3808 3809 3810
499 16 2 1 1 473 689 565 408 3465 3786 3619 3811
500 16 2 1 1 2727 2740 2719 2693 3812 3813 3814 2869
501 16 2 1 1 756 906 553 698 3256 3815 3816 3440
502 16 2 1 1 746 891 776 680 3817 3765 3818 3291
503 16 2 1 1 2709 2733 2684 2672 3819 3820 3821 3822
504 16 2 1 1 573 471 428 546 3823 3824 3825 3826
505 16 2 1 1 647 463 568 699 3762 3827 3828 3829
506 16 2 1 1 659 688 796 772 3830 3831 3832 3833
507 16 2 1 1 556 785 656 431 3760 3834 3835 3836
508 16 2 1 1 2724 2699 2734 2741 3403 3837 3838 3802
509 16 2 1 1 2659 2560 2620 2639 3839 3840 3841 2906
510 16 2 1 1 557 446 527 682 3495 3312 3842 3179
511 16 2 1 1 1531 1667 1703 1615 3843 3844 3845 3846
512 16 2 1 1 568 307 308 423 3847 357 3848 3849
513 16 2 1 1 1298 1260 1216 1194 3850 3851 3852 3853
514 16 2 1 1 2783 2769 2781 2786 3806 3854 3855 3856
515 16 2 1 1 2593 2549 2513 2429 3857 3858 3859 3860
516 16 2 1 1 1949 1992 1910 1834 3714 3861 3862 3863
517 16 2 1 1 2437 2375 2263 2347 2813 2919 3864 3865
518 16 2 1 1 2703 2714 2729 2755 3866 3867 3868 3869
519 16 2 1 1 2192 2151 2091 2098 3366 3870 3871 3872
520 16 2 1 1 1518 1349 1532 1679 3873 3874 3875 3876
521 16 2 1 1 2776 2785 2775 2758 3572 3877 3878 3549
522 16 2 1 1 2475 2483 2539 2523 3879 3880 3881 3882
523 16 2 1 1 791 642 578 424 3737 3883 3884 3885
524 16 2 1 1 1433 1373 1607 1519 3886 3887 3888 3889
525 16 2 1 1 2755 2729 2744 2773 3868 3890 3891 3892
526 16 2 1 1 1556 1449 1406 1268 3893 3894 3895 3896
527 16 2 1 1 1945 1953 2096 1997 3897 3898 3899 3900
528 16 2 1 1 2429 2513 2387 2318 3859 3901 3902 3903
529 16 2 1 1 1712 1766 1920 1802 3904 3905 3906 3907
530 16 2 1 1 1861 1878 2041 1953 3908 3909 3910 3911
531 16 2 1 1 872 1057 990 1156 3912 3626 3717 3194
532 16 2 1 1 2741 2734 2754 2768 3838 3913 2821 3218
533 16 2 1 1 307 568 463 306 3847 3827 3914 356
534 16 2 1 1 464 559 30 31 3783 3487 80 3915
535 16 2 1 1 866 955 848 643 3700 3916 3917 3918
536 16 2 1 1 1786 1921 1767 1642 3919 3920 3921 3922
537 16 2 1 1 1938 2035 2098 2091 3333 3923 3871 3924
538 16 2 1 1 2256 2195 2018 2112 3925 3926 3927 3928
539 16 2 1 1 743 678 769 939 3929 3930 3627 3931
540 16 2 1 1 555 231 232 442 3726 281 3932 3933
541 16 2 1 1 562 442 232 233 3934 3932 282 3935
542 16 2 1 1 853 1009 891 746 3936 3267 3817 3937
543 16 2 1 1 1151 1246 1340 1341 3938 3939 3940 3941
544 16 2 1 1 2332 2271 2230 2214 3474 3942 3943 3944
545 16 2 1 1 2049 2126 1855 1991 3945 3598 3946 3740
546 16 2 1 1 2752 2770 2746 2725 3947 3096 3948 3949
547 16 2 1 1 712 713 475 585 3950 3951 3952 3953
548 16 2 1 1 665 694 491 575 3954 3955 3956 3957
549 16 2 1 1 681 655 799 770 3491 3958 3959 3960
550 16 2 1 1 2084 2085 2231 2131 3961 3962 3963 3964
551 16 2 1 1 659 586 486 688 3965 3966 3967 3830
552 16 2 1 1 469 129 130 560 3522 179 3478 3968
553 16 2 1 1 2136 2256 2112 2003 3969 3928 3970 3971
554 16 2 1 1 660 576 478 690 3972 3973 3974 3278
555 16 2 1 1 1260 1298 1402 1352 3850 3975 3976 3977
556 16 2 1 1 2667 2694 2688 2657 3978 3979 3980 3156
557 16 2 1 1 2561 2605 2654 2641 3981 3982 3983 3984
558 16 2 1 1 711 536 919 754 3985 3986 3987 3988
559 16 2 1 1 629 430 548 744 3989 3990 3991 3251
560 16 2 1 1 541 707 588 422 3992 3993 3994 3995
561 16 2 1 1 663 596 494 697 3996 3997 3998 3999
562 16 2 1 1 1465 1520 1434 1330 3747 4000 4001 4002
563 16 2 1 1 1250 1251 1152 972 3809 4003 4004 4005
564 16 2 1 1 744 632 482 456 4006 3759 4007 3252
565 16 2 1 1 1508 1609 1524 1418 4008 4009 4010 4011
566 16 2 1 1 1251 1088 1038 1152 4012 4013 4014 4003
567 16 2 1 1 478 471 573 690 4015 3823 4016 3974
568 16 2 1 1 2388 2397 2467 2466 3476 4017 4018 4019
569 16 2 1 1 2740 2727 2694 2746 3812 4020 4021 3095
570 16 2 1 1 769 848 955 990 4022 3916 3718 3628
571 16 2 1 1 753 905 1021 1006 3315 4023 4024 3233
572 16 2 1 1 1082 814 757 1115 4025 4026 4027 4028
573 16 2 1 1 462 329 330 472 3792 379 4029 4030
574 16 2 1 1 2654 2609 2647 2690 4031 4032 2913 4033
575 16 2 1 1 2701 2721 2708 2685 4034 4035 4036 4037
576 16 2 1 1 2702 2698 2738 2726 2857 4038 3720 4039
577 16 2 1 1 2739 2758 2752 2730 3550 4040 4041 4042
578 16 2 1 1 1878 1861 1822 1702 3908 4043 4044 4045
579 16 2 1 1 464 564 658 788 4046 4047 4048 3784
580 16 2 1 1 1953 1945 1898 1861 3897 4049 4050 3911
581 16 2 1 1 2606 2638 2623 2572 4051 4052 4053 2826
582 16 2 1 1 2789 2800 2781 2782 2847 4054 4055 3325
583 16 2 1 1 2672 2684 2599 2655 3821 4056 4057 4058
584 16 2 1 1 2364 2389 2323 2286 2893 4059 4060 4061
585 16 2 1 1 2766 2770 2775 2791 3097 4062 4063 3145
586 16 2 1 1 579 434 801 654 4064 4065 4066 4067
587 16 2 1 1 1071 1197 854 1002 4068 4069 4070 4071
588 16 2 1 1 2652 2664 2619 2564 3433 3648 4072 4073
589 16 2 1 1 2193 2079 2155 2219 4074 4075 4076 4077
590 16 2 1 1 1057 872 765 887 3912 4078 4079 2929
591 16 2 1 1 423 542 699 568 4080 4081 3828 3849
592 16 2 1 1 770 780 558 681 3024 4082 4083 3960
593 16 2 1 1 704 572 495 705 4084 4085 4086 4087
594 16 2 1 1 1117 759 925 984 4088 4089 4090 3593
595 16 2 1 1 536 711 591 447 3985 4091 4092 4093
596 16 2 1 1 1845 1715 1689 1553 4094 4095 4096 4097
597 16 2 1 1 916 918 667 811 3735 4098 4099 4100
598 16 2 1 1 1331 1248 1373 1433 4101 4102 3886 4103
599 16 2 1 1 1463 1593 1429 1256 4104 4105 4106 4107
600 16 2 1 1 429 208 209 566 3527 258 4108 3481
601 16 2 1 1 2312 2278 2419 2330 4109 3608 4110 4111
602 16 2 1 1 661 581 479 692 4112 4113 4114 4115
603 16 2 1 1 1261 1401 1222 1065 3656 4116 4117 4118
604 16 2 1 1 1639 1669 1493 1577 4119 4120 4121 4122
605 16 2 1 1 1512 1435 1570 1687 4123 4124 4125 4126
606 16 2 1 1 661 692 805 773 4115 4127 4128 4129
607 16 2 1 1 1338 1509 1349 1164 4130 4131 4132 4133
608 16 2 1 1 532 659 772 897 4134 3833 4135 4136
609 16 2 1 1 485 412 532 687 4137 4138 4139 3566
610 16 2 1 1 978 1002 796 906 4140 4141 4142 3255
611 16 2 1 1 798 415 589 650 4143 4144 4145 3659
612 16 2 1 1 575 407 800 665 4146 4147 3230 3957
613 16 2 1 1 2580 2519 2655 2599 4148 4149 4057 4150
614 16 2 1 1 982 919 807 1014 4151 4152 4153 4154
615 16 2 1 1 897 752 687 532 3387 3094 4139 4136
616 16 2 1 1 534 713 774 905 4155 4156 4157 3314
617 16 2 1 1 2716 2691 2652 2650 4158 3434 4159 4160
618 16 2 1 1 2505 2438 2478 2530 4161 4162 4163 3490
619 16 2 1 1 2259 2348 2305 2196 4164 4165 4166 4167
620 16 2 1 1 1358 1516 1469 1541 2892 4168 4169 4170
621 16 2 1 1 2722 2744 2729 2737 4171 3890 4172 3102
622 16 2 1 1 1663 1740 1582 1583 4173 4174 4175 4176
623 16 2 1 1 1112 1240 1186 1274 4177 3443 4178 4179
624 16 2 1 1 1101 1194 1216 978 4180 3852 4181 3254
625 16 2 1 1 893 752 996 1093 3091 3390 4182 2965
626 16 2 1 1 1921 1803 1713 1767 4183 4184 4185 3920
627 16 2 1 1 2627 2628 2583 2558 4186 4187 4188 4189
628 16 2 1 1 2055 1939 2079 2193 4190 4191 4074 4192
629 16 2 1 1 2743 2779 2763 2753 2970 3327 4193 4194
630 16 2 1 1 2465 2392 2463 2484 4195 4196 4197 4198
631 16 2 1 1 475 713 534 474 3951 4155 3467 4199
632 16 2 1 1 2681 2715 2644 2646 4200 4201 4202 2908
633 16 2 1 1 698 480 440 549 4203 4204 4205 3441
634 16 2 1 1 2085 2084 1924 2042 3961 4206 4207 4208
635 16 2 1 1 913 910 666 812 4209 4210 4211 4212
636 16 2 1 1 1762 1826 1745 1670 4213 4214 4215 4216
637 16 2 1 1 716 630 802 794 4217 4218 3728 4219
638 16 2 1 1 1990 1869 1845 1714 4220 4221 4222 3616
639 16 2 1 1 1882 1793 1941 2026 4223 4224 4225 3052
640 16 2 1 1 1390 1398 1577 1493 3498 4226 4121 3499
641 16 2 1 1 1702 1806 1900 1878 4227 4228 4229 4045
642 16 2 1 1 847 953 1152 1038 4230 4231 4014 4232
643 16 2 1 1 2381 2398 2267 2328 4233 4234 4235 4236
644 16 2 1 1 1806 1702 1545 1671 4227 4237 4238 4239
645 16 2 1 1 570 435 809 683 4240 4241 4242 3407
646 16 2 1 1 1989 1985 2125 2060 4243 4244 4245 4246
647 16 2 1 1 467 439 131 132 3462 3479 181 4247
648 16 2 1 1 467 468 552 685 4248 4249 4250 3463
649 16 2 1 1 1574 1549 1743 1635 4251 4252 4253 4254
650 16 2 1 1 1553 1689 1521 1466 4096 3632 4255 4256
651 16 2 1 1 2063 2164 2109 1993 4257 4258 4259 4260
652 16 2 1 1 485 562 233 234 3565 3935 283 4261
653 16 2 1 1 2246 2138 2278 2312 4262 4263 4109 3510
654 16 2 1 1 878 1076 963 911 3114 4264 4265 3787
655 16 2 1 1 630 716 593 438 4217 4266 4267 4268
656 16 2 1 1 1467 1555 1670 1448 4269 4270 4271 3349
657 16 2 1 1 1254 1400 1327 1160 4272 4273 4274 4275
658 16 2 1 1 2663 2686 2653 2627 4276 4277 4278 4279
659 16 2 1 1 1760 1622 1793 1882 4280 3038 4223 4281
660 16 2 1 1 1098 997 1157 1240 4282 3070 3444 4283
661 16 2 1 1 642 790 476 578 3302 4284 4285 3883
662 16 2 1 1 555 442 806 649 3933 4286 3400 3454
663 16 2 1 1 665 892 767 694 3229 4287 4288 3954
664 16 2 1 1 1169 1292 963 1076 4289 4290 4264 4291
665 16 2 1 1 800 711 754 875 4292 3988 4293 3231
666 16 2 1 1 462 472 681 558 4030 3492 4083 3310
667 16 2 1 1 1203 1176 1403 1257 4294 4295 4296 4297
668 16 2 1 1 2219 2287 2210 2175 4298 4299 4300 4301
669 16 2 1 1 714 441 590 708 4302 4303 4304 4305
670 16 2 1 1 479 421 539 692 4306 4307 4308 4114
671 16 2 1 1 1040 1030 1246 1151 4309 4310 3938 4311
672 16 2 1 1 1670 1555 1682 1762 4270 4312 4313 4216
673 16 2 1 1 2554 2471 2558 2583 4314 4315 4188 4316
674 16 2 1 1 996 1012 1119 1061 3389 4317 4318 4319
675 16 2 1 1 2771 2772 2757 2745 3667 4320 4321 4322
676 16 2 1 1 1344 1285 1435 1512 4323 4324 4123 4325
677 16 2 1 1 1299 1301 1119 1197 4326 4327 4328 4329
678 16 2 1 1 1194 1101 979 1195 4180 4330 4331 4332
679 16 2 1 1 2379 2390 2283 2353 4333 4334 4335 4336
680 16 2 1 1 2416 2450 2385 2365 4337 4338 4339 4340
681 16 2 1 1 1847 1940 1907 1798 4341 4342 4343 4344
682 16 2 1 1 1686 1605 1622 1760 4345 3347 4280 4346
683 16 2 1 1 678 622 848 769 4347 4348 4022 3930
684 16 2 1 1 1555 1457 1567 1682 4349 4350 4351 4312
685 16 2 1 1 1153 1085 1248 1331 4352 4353 4101 4354
686 16 2 1 1 1876 2020 1939 1770 4355 4356 4357 4358
687 16 2 1 1 636 693 929 745 3410 4359 4360 4361
688 16 2 1 1 650 589 487 792 4145 4362 4363 4364
689 16 2 1 1 1714 1845 1553 1643 4222 4097 4365 4366
690 16 2 1 1 771 656 785 889 4367 3834 3082 3029
691 16 2 1 1 656 771 718 592 4367 3109 4368 4369
692 16 2 1 1 1426 1457 1366 1300 4370 4371 3421 4372
693 16 2 1 1 1260 1399 1071 1216 4373 4374 4375 3851
694 16 2 1 1 464 31 32 564 3915 81 4376 4046
695 16 2 1 1 1500 1501 1321 1404 4377 4378 4379 4380
696 16 2 1 1 695 702 483 583 4381 4382 4383 4384
697 16 2 1 1 1330 1434 1230 1145 4001 4385 4386 4387
698 16 2 1 1 654 701 477 579 4388 4389 4390 4067
699 16 2 1 1 1265 1409 1578 1456 4391 4392 4393 4394
700 16 2 1 1 809 912 802 683 4395 3729 4396 4242
701 16 2 1 1 2774 2778 2771 2761 3359 3664 4397 3146
702 16 2 1 1 2535 2512 2511 2525 4398 4399 4400 3042
703 16 2 1 1 912 809 706 909 4395 4401 4402 3394
704 16 2 1 1 570 205 206 435 4403 255 3780 4240
705 16 2 1 1 2801 2797 2785 2795 2805 4404 3571 2807
706 16 2 1 1 486 481 553 688 4405 4406 4407 3967
707 16 2 1 1 844 638 856 1041 4408 4409 4410 4411
708 16 2 1 1 1308 1314 1405 1398 3508 4412 4413 3497
709 16 2 1 1 1022 644 782 874 4414 4415 3027 4416
710 16 2 1 1 713 712 911 774 3950 3788 4417 4156
711 16 2 1 1 468 467 132 133 4248 4247 182 4418
712 16 2 1 1 2250 2194 2127 2114 4419 4420 4421 4422
713 16 2 1 1 459 436 633 634 4423 4424 4425 3111
714 16 2 1 1 773 901 549 661 4426 3442 4427 4129
715 16 2 1 1 472 330 331 567 4029 380 3518 3493
716 16 2 1 1 1678 1737 1626 1537 4428 4429 4430 4431
717 16 2 1 1 1190 1213 1021 1118 4432 4433 4434 4435
718 16 2 1 1 480 698 553 481 4203 3816 4406 4436
719 16 2 1 1 921 539 660 763 4437 4438 3277 3709
720 16 2 1 1 592 598 431 656 4439 4440 3835 4369
721 16 2 1 1 2761 2771 2745 2719 4397 4322 4441 4442
722 16 2 1 1 562 686 806 442 3564 4443 4286 3934
723 16 2 1 1 1069 1018 862 1207 4444 4445 4446 4447
724 16 2 1 1 1091 1156 1089 1252 3191 3716 3574 4448
725 16 2 1 1 1716 1625 1581 1449 2845 4449 4450 4451
726 16 2 1 1 708 590 484 709 4304 4452 4453 3683
727 16 2 1 1 804 803 690 573 3586 3279 4016 4454
728 16 2 1 1 688 553 906 796 4407 3815 4142 3831
729 16 2 1 1 984 925 815 1018 4090 4455 4456 4457
730 16 2 1 1 779 896 547 691 4458 3570 4459 3344
731 16 2 1 1 1076 1094 1219 1169 3117 4460 4461 4291
732 16 2 1 1 1348 1480 1671 1545 4462 4463 4238 4464
733 16 2 1 1 1229 1135 1285 1344 4465 4466 4323 4467
734 16 2 1 1 1644 1752 1606 1452 4468 4469 4470 4471
735 16 2 1 1 755 915 550 715 4472 4473 4474 4475
736 16 2 1 1 662 696 488 582 3412 4476 4477 4478
737 16 2 1 1 2114 2127 2054 1947 4421 4479 4480 4481
738 16 2 1 1 1364 1381 1190 1292 4482 4483 4484 4485
739 16 2 1 1 2745 2757 2732 2711 4321 3722 4486 4487
740 16 2 1 1 663 697 810 775 3999 4488 4489 4490
741 16 2 1 1 1176 1203 1028 1120 4294 4491 4492 4493
742 16 2 1 1 908 1008 913 794 4494 4495 4496 3727
743 16 2 1 1 1194 1195 1321 1298 4332 4497 4498 3853
744 16 2 1 1 1685 1711 1628 1552 4499 4500 4501 4502
745 16 2 1 1 1766 1626 1801 1920 4503 4504 4505 3905
746 16 2 1 1 2195 2129 2019 2018 4506 4507 4508 3926
747 16 2 1 1 585 415 798 712 4509 4143 3789 3953
748 16 2 1 1 455 631 465 523 3405 4510 4511 4512
749 16 2 1 1 1024 1094 1004 879 4513 3116 4514 4515
750 16 2 1 1 581 661 549 440 4112 4427 4205 4516
751 16 2 1 1 883 989 869 762 4517 4518 4519 4520
752 16 2 1 1 2052 2010 1974 1874 4521 4522 4523 4524
753 16 2 1 1 1105 1009 853 959 4525 3936 4526 4527
754 16 2 1 1 717 577 470 718 4528 4529 4530 3108
755 16 2 1 1 2020 1933 2029 2080 4531 4532 4533 4534
756 16 2 1 1 483 702 551 418 4382 4535 4536 4537
757 16 2 1 1 425 49 50 580 4538 99 4539 4540
758 16 2 1 1 1918 2027 1962 1917 3636 4541 4542 4543
759 16 2 1 1 1118 774 911 963 4544 4417 4265 4545
760 16 2 1 1 953 849 972 1152 4546 4547 4004 4231
761 16 2 1 1 977 924 813 1003 4548 4549 4550 4551
762 16 2 1 1 1839 1918 1917 1710 4552 4543 3671 4553
763 16 2 1 1 2436 2377 2453 2510 4554 4555 3674 4556
764 16 2 1 1 897 772 854 1012 4135 4557 4558 3388
765 16 2 1 1 1315 1168 1406 1396 4559 4560 4561 4562
766 16 2 1 1 1240 1112 998 1098 4177 4563 4564 4283
767 16 2 1 1 747 902 1121 956 3271 4565 4566 3215
768 16 2 1 1 2377 2345 2418 2453 4567 4568 4569 4555
769 16 2 1 1 1117 1179 1322 1024 3592 4570 4571 4572
770 16 2 1 1 1396 1397 1198 1315 4573 4574 4575 4562
771 16 2 1 1 667 715 448 595 4576 4577 4578 4579
772 16 2 1 1 1550 1648 1744 1721 4580 4581 4582 4583
773 16 2 1 1 692 539 921 805 4308 4437 4584 4127
774 16 2 1 1 1368 1391 1219 1322 4585 4586 4587 4588
775 16 2 1 1 976 1000 799 899 3105 4589 4590 3235
776 16 2 1 1 591 711 800 407 4091 4292 4147 4591
777 16 2 1 1 1061 1204 1093 996 4592 3296 4182 4319
778 16 2 1 1 576 660 539 421 3972 4438 4307 4593
779 16 2 1 1 3 203 523 152 252 4594 4595 202
780 16 2 1 1 564 32 33 443 4376 82 4596 4597
781 16 2 1 1 572 443 33 34 4598 4596 83 4599
782 16 2 1 1 919 982 1120 754 4151 4600 4601 3987
783 16 2 1 1 695 757 814 702 4602 4026 4603 4381
784 16 2 1 1 434 579 346 347 4064 4604 396 4605
785 16 2 1 1 1362 1170 1320 1485 4606 4607 4608 4609
786 16 2 1 1 704 705 751 904 4087 4610 4611 4612
787 16 2 1 1 1916 1860 1701 1788 4613 4614 4615 4616
788 16 2 1 1 574 703 801 434 3562 2952 4065 4617
789 16 2 1 1 892 875 1028 968 3228 4618 4619 4620
790 16 2 1 1 1497 1498 1299 1399 4621 4622 4623 4624
791 16 2 1 1 1870 1868 1827 1826 2817 4625 4626 4627
792 16 2 1 1 484 425 547 709 4628 4629 3569 4453
793 16 2 1 1 1073 1220 1029 894 4630 4631 4632 4633
794 16 2 1 1 595 417 811 667 4634 4635 4099 4579
795 16 2 1 1 546 644 804 573 4636 4637 4454 3826
796 16 2 1 1 491 468 133 134 4638 4418 183 4639
797 16 2 1 1 2086 2074 1927 2044 4640 4641 4642 4643
798 16 2 1 1 807 919 536 700 4152 3986 4644 3435
799 16 2 1 1 788 658 903 1027 4048 4645 4646 4647
800 16 2 1 1 879 759 1117 1024 4648 4088 4572 4515
801 16 2 1 1 707 541 925 759 3992 4649 4089 4650
802 16 2 1 1 1549 1574 1402 1501 4251 4651 4652 4653
803 16 2 1 1 980 1189 1221 1103 4654 4655 4656 4657
804 16 2 1 1 1593 1688 1465 1429 4658 3748 4659 4105
805 16 2 1 1 654 765 813 701 4660 4661 4662 4388
806 16 2 1 1 1552 1628 1556 1455 4501 4663 4664 4665
807 16 2 1 1 968 1100 767 892 4666 4667 4287 4620
808 16 2 1 1 2018 2019 1949 1859 4508 3715 4668 4669
809 16 2 1 1 2044 1927 1776 1902 4642 4670 4671 4672
810 16 2 1 1 1196 1168 966 1102 4673 4674 4675 4676
811 16 2 1 1 577 717 546 428 4528 4677 3825 4678
812 16 2 1 1 1489 1490 1303 1397 4679 4680 4681 4682
813 16 2 1 1 1022 874 974 1138 4416 3032 4683 3077
814 16 2 1 1 1280 1313 1114 1213 4684 4685 4686 4687
815 16 2 1 1 1220 1073 1172 1277 4630 2955 4688 4689
816 16 2 1 1 746 789 926 853 3290 4690 4691 3937
817 16 2 1 1 1207 1272 1323 1069 3381 4692 4693 4447
818 16 2 1 1 717 782 644 546 3107 4415 4636 4677
819 16 2 1 1 786 877 766 648 4694 4695 4696 3483
820 16 2 1 1 794 913 812 716 4496 4212 4697 4219
821 16 2 1 1 901 773 860 979 4426 4698 4699 4700
822 16 2 1 1 1002 978 1216 1071 4140 4181 4375 4071
823 16 2 1 1 664 700 489 587 3436 4701 4702 4703
824 16 2 1 1 675 741 953 847 4704 4705 4230 4706
825 16 2 1 1 2216 2247 2153 2152 4707 4708 4709 3512
826 16 2 1 1 1092 1073 894 994 2956 4633 3402 2963
827 16 2 1 1 1614 1738 1902 1776 4710 4711 4671 4712
828 16 2 1 1 1608 1731 1655 1454 3425 4713 4714 4715
829 16 2 1 1 2073 2176 1930 2045 4716 4717 4718 4719
830 16 2 1 1 1501 1500 1672 1549 4377 4720 4721 4653
831 16 2 1 1 2773 2744 2763 2782 3891 4722 3326 4723
832 16 2 1 1 1755 1612 1790 1876 4724 3133 4725 4726
833 16 2 1 1 1782 1911 1765 1618 4727 4728 4729 3013
834 16 2 1 1 1010 903 658 818 3307 4645 4730 4731
835 16 2 1 1 1959 1866 1825 1695 3008 4732 4733 4734
836 16 2 1 1 1012 854 1197 1119 4558 4069 4328 4317
837 16 2 1 1 1321 1195 1064 1404 4497 4735 4736 4379
838 16 2 1 1 657 788 1027 902 3782 4647 4737 3270
839 16 2 1 1 1179 1209 1409 1265 3591 4738 4391 4739
840 16 2 1 1 993 1090 1138 974 4740 2880 4683 4741
841 16 2 1 1 923 808 664 551 3750 3437 4742 4743
842 16 2 1 1 1449 1556 1628 1716 3893 4663 4744 4451
843 16 2 1 1 455 204 205 570 4745 254 4403 3406
844 16 2 1 1 719 594 492 720 4746 4747 4748 4749
845 16 2 1 1 468 491 694 552 4638 3955 4750 4249
846 16 2 1 1 580 691 547 425 3757 4459 4629 4540
847 16 2 1 1 995 870 1125 1078 3022 4751 4752 4753
848 16 2 1 1 1880 1794 1948 2056 4754 4755 4756 4757
849 16 2 1 1 2744 2722 2753 2763 4171 4758 4193 4722
850 16 2 1 1 1818 1797 1974 1853 4759 4760 4761 4762
851 16 2 1 1 1456 1576 1368 1265 3800 4763 4764 4394
852 16 2 1 1 1025 928 816 1026 4765 4766 4767 4768
853 16 2 1 1 1448 1670 1745 1580 4271 4215 4769 4770
854 16 2 1 1 1047 942 1145 1230 4771 4772 4386 4773
855 16 2 1 1 1257 1387 1063 1203 3210 4774 4775 4297
856 16 2 1 1 1177 1208 1011 1111 4776 4777 4778 3542
857 16 2 1 1 649 894 1029 781 3399 4632 4779 3451
858 16 2 1 1 1346 1507 1436 1286 4780 4781 4782 4783
859 16 2 1 1 1406 1449 1581 1396 3894 4450 4784 4561
860 16 2 1 1 495 409 531 705 4785 4786 4787 4086
861 16 2 1 1 694 767 927 552 4288 4788 4789 4750
862 16 2 1 1 708 793 816 714 3682 4790 4791 4305
863 16 2 1 1 584 437 812 666 4792 4793 4211 4794
864 16 2 1 1 1060 1243 1045 858 4795 4796 4797 4798
865 16 2 1 1 907 751 705 531 3688 4610 4787 4799
866 16 2 1 1 1973 1828 1701 1860 4800 4801 4614 4802
867 16 2 1 1 739 935 838 730 4803 4804 4805 4806
868 16 2 1 1 1618 1765 1596 1461 4729 4807 4808 4809
869 16 2 1 1 492 490 540 720 4810 4811 4812 4748
870 16 2 1 1 531 663 775 907 4813 4490 4814 4799
871 16 2 1 1 994 806 686 893 3401 4443 3092 2964
872 16 2 1 1 1264 1212 1316 1370 4815 4816 3504 4817
873 16 2 1 1 1604 1443 1641 1757 4818 4819 4820 4821
874 16 2 1 1 1011 1013 810 915 4822 4823 4824 4825
875 16 2 1 1 1377 1287 1376 1453 2881 4826 4827 4828
876 16 2 1 1 1625 1668 1489 1581 4829 4830 4831 4449
877 16 2 1 1 1003 1091 1123 977 3192 4832 4833 4551
878 16 2 1 1 2513 2435 2420 2387 4834 4835 4836 3901
879 16 2 1 1 777 636 745 886 3360 4361 4837 4838
880 16 2 1 1 1404 1064 1212 1264 4736 4839 4815 4840
881 16 2 1 1 1072 1206 855 1013 4841 4842 4843 4844
882 16 2 1 1 740 722 954 846 4845 4846 4847 4848
883 16 2 1 1 1236 1346 1286 1087 4849 4783 4850 4851
884 16 2 1 1 910 1020 791 666 3537 3738 4852 4210
885 16 2 1 1 1217 1122 1025 1218 4853 4854 4855 4856
886 16 2 1 1 1292 1169 1258 1364 4289 4857 4858 4485
887 16 2 1 1 1711 1840 1716 1628 4859 2846 4744 4500
888 16 2 1 1 804 644 1022 922 4637 4414 3076 3587
889 16 2 1 1 1362 1685 1552 1513 4860 4502 4861 4862
890 16 2 1 1 792 487 588 707 4363 4863 3993 4864
891 16 2 1 1 424 584 666 791 4865 4794 4852 3885
892 16 2 1 1 1474 1361 1584 1544 2986 4866 4867 4868
893 16 2 1 1 1191 1059 1165 1275 3103 4869 4870 4871
894 16 2 1 1 1375 1273 1250 1343 4872 3810 4873 4874
895 16 2 1 1 1444 1579 1364 1258 4875 4876 4858 4877
896 16 2 1 1 814 1082 1005 923 4025 4878 3751 4879
897 16 2 1 1 1768 1884 1813 1619 3468 4880 4881 4882
898 16 2 1 1 1386 1305 1348 1484 3246 4883 4884 4885
899 16 2 1 1 792 707 759 879 4864 4650 4648 4886
900 16 2 1 1 801 887 765 654 2951 4079 4660 4066
901 16 2 1 1 1455 1556 1268 1378 4664 3896 4887 4888
902 16 2 1 1 495 572 34 35 4085 4599 84 4889
903 16 2 1 1 1637 1666 1486 1576 4890 4891 4892 3799
904 16 2 1 1 964 1111 755 918 3543 4893 4894 3734
905 16 2 1 1 1537 1570 1435 1357 4895 4124 4896 4897
906 16 2 1 1 2352 2302 2297 2345 4898 4899 4900 4901
907 16 2 1 1 1322 1179 1265 1368 4570 4739 4764 4588
908 16 2 1 1 583 476 790 695 4902 4284 4903 4384
909 16 2 1 1 1098 896 779 997 4904 4458 3072 4282
910 16 2 1 1 773 805 1017 860 4128 4905 4906 4698
911 16 2 1 1 830 728 942 1047 4907 4908 4771 4909
912 16 2 1 1 528 685 817 789 3461 4910 4911 3289
913 16 2 1 1 1268 1196 1289 1378 4912 4913 2897 4887
914 16 2 1 1 2495 2572 2553 2507 2827 4914 4915 4916
915 16 2 1 1 1259 1394 1072 1208 4917 4918 4919 4920
916 16 2 1 1 2350 2379 2353 2282 4921 4336 4922 4923
917 16 2 1 1 702 814 923 551 4603 4879 4743 4535
918 16 2 1 1 2078 2015 2105 2188 4924 4925 4926 4927
919 16 2 1 1 1066 1026 863 1214 4928 4929 4930 3614
920 16 2 1 1 1631 1652 1503 1585 4931 4932 4933 4934
921 16 2 1 1 519 419 543 737 4935 4936 4937 4938
922 16 2 1 1 1794 1725 1915 1948 4939 4940 4941 4755
923 16 2 1 1 2382 2445 2411 2360 4942 4943 4944 4945
924 16 2 1 1 2297 2358 2418 2345 4946 4947 4568 4900
925 16 2 1 1 1222 1014 859 1065 4948 4949 4950 4117
926 16 2 1 1 524 457 349 350 3113 4951 399 4952
927 16 2 1 1 1471 1473 1280 1381 4953 4954 4955 4956
928 16 2 1 1 951 1136 1050 950 4957 4958 4959 4960
929 16 2 1 1 415 337 338 589 4961 387 4962 4144
930 16 2 1 1 1007 1081 904 751 4963 4964 4611 3691
931 16 2 1 1 1100 968 1063 1175 4666 4965 4966 4967
932 16 2 1 1 494 493 550 697 4968 4969 4970 3998
933 16 2 1 1 1120 982 1108 1176 4600 4971 4972 4493
934 16 2 1 1 471 246 247 428 4973 296 4974 3824
935 16 2 1 1 577 428 247 248 4678 4974 297 4975
936 16 2 1 1 1199 1005 1082 1198 4976 4878 4977 4978
937 16 2 1 1 1887 1888 2045 1930 4979 4980 4718 4981
938 16 2 1 1 924 761 662 544 4982 3413 4983 4984
939 16 2 1 1 625 512 678 743 4985 4986 3929 4987
940 16 2 1 1 1399 1260 1352 1497 4373 3977 4988 4624
941 16 2 1 1 1304 1310 1124 1206 4989 4990 4991 4992
942 16 2 1 1 1241 1143 1144 1328 4993 4994 4995 4996
943 16 2 1 1 2152 2153 2124 2008 4709 3560 4997 4998
944 16 2 1 1 1007 1019 1124 1062 3690 4999 5000 5001
945 16 2 1 1 1580 1264 1370 1448 5002 4817 3350 4770
946 16 2 1 1 943 1126 1044 932 5003 5004 5005 5006
947 16 2 1 1 448 715 550 493 4577 4474 4969 5007
948 16 2 1 1 1188 1080 1221 1326 5008 5009 5010 2899
949 16 2 1 1 1315 1115 966 1168 5011 5012 4674 4559
950 16 2 1 1 564 443 818 658 4597 5013 4730 4047
951 16 2 1 1 1243 1330 1145 1045 5014 4387 5015 4796
952 16 2 1 1 1161 1305 1204 1061 5016 3249 4592 5017
953 16 2 1 1 1303 1261 1065 1199 5018 4118 5019 5020
954 16 2 1 1 2653 2686 2710 2671 4277 5021 5022 5023
955 16 2 1 1 1228 1431 1269 1070 5024 5025 3662 5026
956 16 2 1 1 1989 2060 1937 1913 4246 5027 5028 5029
957 16 2 1 1 696 815 925 541 3411 4455 4649 5030
958 16 2 1 1 1118 963 1292 1190 4545 4290 4484 4435
959 16 2 1 1 630 438 465 631 4268 5031 4510 5032
960 16 2 1 1 1189 1371 1326 1221 5033 5034 5010 4655
961 16 2 1 1 2400 2455 2381 2328 5035 5036 4236 5037
962 16 2 1 1 905 774 1118 1021 4157 4544 4434 4023
963 16 2 1 1 860 1064 1195 979 5038 4735 4331 4699
964 16 2 1 1 917 916 811 719 5039 4100 5040 5041
965 16 2 1 1 999 1023 817 927 5042 5043 5044 5045
966 16 2 1 1 1175 1193 999 1100 5046 5047 5048 4967
967 16 2 1 1 1544 1562 1410 1474 2960 5049 5050 4868
968 16 2 1 1 1365 1480 1161 1301 5051 5052 5053 5054
969 16 2 1 1 742 676 850 949 5055 5056 5057 5058
970 16 2 1 1 1446 1551 1497 1352 5059 5060 4988 5061
971 16 2 1 1 772 796 1002 854 3832 4141 4070 4557
972 16 2 1 1 1868 1899 1743 1827 5062 5063 5064 4625
973 16 2 1 1 470 449 592 718 5065 5066 4368 4530
974 16 2 1 1 790 895 757 695 3301 5067 4602 4903
975 16 2 1 1 460 456 52 53 3253 5068 102 5069
976 16 2 1 1 952 861 965 1134 5070 5071 5072 5073
977 16 2 1 1 1522 1554 1453 1376 3630 5074 4827 3730
978 16 2 1 1 1196 1268 1406 1168 4912 3895 4560 4673
979 16 2 1 1 1407 1324 1217 1408 5075 5076 5077 5078
980 16 2 1 1 1579 1444 1535 1634 4875 5079 5080 5081
981 16 2 1 1 1895 1956 1857 1810 5082 5083 5084 5085
982 16 2 1 1 1580 1745 1672 1500 4769 5086 4720 5087
983 16 2 1 1 650 792 879 1004 4364 4886 4514 3660
984 16 2 1 1 426 477 701 544 5088 4389 5089 5090
985 16 2 1 1 2540 2515 2501 2498 5091 5092 5093 5094
986 16 2 1 1 1443 1604 1412 1281 4818 5095 5096 5097
987 16 2 1 1 478 245 246 471 5098 295 4973 4015
988 16 2 1 1 1018 1069 1209 984 4444 5099 3594 4457
989 16 2 1 1 1445 1572 1259 1392 3294 5100 5101 5102
990 16 2 1 1 1046 1239 1086 871 5103 5104 5105 5106
991 16 2 1 1 977 1123 1207 862 4833 3382 4446 5107
992 16 2 1 1 1193 1175 1325 1278 5046 5108 5109 5110
993 16 2 1 1 1123 1091 1252 1332 4832 4448 3458 3383
994 16 2 1 1 1550 1671 1480 1365 5111 4463 5051 5112
995 16 2 1 1 1037 1144 1143 868 5113 4994 5114 5115
996 16 2 1 1 808 859 1014 807 3749 4949 4153 3438
997 16 2 1 1 2056 1948 2014 2122 4756 5116 5117 5118
998 16 2 1 1 1648 1550 1365 1498 4580 5112 5119 5120
999 16 2 1 1 761 862 1018 815 5121 4445 4456 3414
1000 16 2 1 1 1533 1658 1747 1697 3264 5122 5123 5124
1001 16 2 1 1 873 992 1075 1192 3078 5125 5126 3197
1002 16 2 1 1 1257 1403 1503 1451 4296 5127 5128 3211
1003 16 2 1 1 2423 2500 2394 2406 5129 5130 5131 5132
1004 16 2 1 1 876 1102 966 895 3621 4675 5133 3304
1005 16 2 1 1 924 977 862 761 4548 5107 5121 4982
1006 16 2 1 1 1634 1657 1471 1579 5134 5135 5136 5081
1007 16 2 1 1 697 550 915 810 4970 4473 4824 4488
1008 16 2 1 1 594 719 811 417 4746 5040 4635 5137
1009 16 2 1 1 422 488 696 541 5138 4476 5030 3995
1010 16 2 1 1 1697 1815 1631 1533 5139 5140 5141 5124
1011 16 2 1 1 1860 1916 1871 1988 4613 5142 3610 5143
1012 16 2 1 1 2685 2708 2710 2686 4036 5144 5021 5145
1013 16 2 1 1 1062 1210 1081 1007 5146 5147 4963 5001
1014 16 2 1 1 764 998 863 793 5148 5149 5150 3681
1015 16 2 1 1 1486 1444 1258 1391 5151 4877 5152 5153
1016 16 2 1 1 701 813 924 544 4662 4549 4984 5089
1017 16 2 1 1 1404 1264 1580 1500 4840 5002 5087 4380
1018 16 2 1 1 1176 1108 1319 1403 4972 5154 5155 4295
1019 16 2 1 1 1199 1198 1397 1303 4978 4574 4681 5020
1020 16 2 1 1 1278 1295 1083 1193 2988 5156 5157 5110
1021 16 2 1 1 457 574 348 349 3563 5158 398 4951
1022 16 2 1 1 1094 1024 1322 1219 4513 4571 4587 4460
1023 16 2 1 1 1513 1552 1455 1371 4861 4665 5159 5160
1024 16 2 1 1 1725 1611 1837 1915 5161 5162 5163 4940
1025 16 2 1 1 1222 1401 1319 1108 4116 5164 5154 5165
1026 16 2 1 1 408 332 333 473 3519 382 5166 3811
1027 16 2 1 1 907 775 855 1019 4814 5167 5168 3689
1028 16 2 1 1 405 563 325 326 5169 5170 375 3343
1029 16 2 1 1 1102 1099 1289 1196 3623 3085 4913 4676
1030 16 2 1 1 2687 2716 2650 2634 5171 4160 5172 5173
1031 16 2 1 1 928 760 720 540 5174 5175 4812 5176
1032 16 2 1 1 587 418 551 664 5177 4536 4742 4703
1033 16 2 1 1 474 473 333 334 3466 5166 383 5178
1034 16 2 1 1 2150 2215 2184 2074 5179 5180 5181 5182
1035 16 2 1 1 850 827 952 988 5183 5184 5185 5186
1036 16 2 1 1 1739 1616 1551 1446 3355 5187 5059 5188
1037 16 2 1 1 2568 2524 2578 2626 5189 5190 5191 5192
1038 16 2 1 1 875 754 1120 1028 4293 4601 4492 4618
1039 16 2 1 1 2270 2351 2130 2233 5193 5194 5195 5196
1040 16 2 1 1 1005 1199 1065 859 4976 5019 4950 3752
1041 16 2 1 1 441 714 540 490 4302 5197 4811 5198
1042 16 2 1 1 1446 1574 1635 1739 5199 4254 5200 5188
1043 16 2 1 1 1827 1672 1745 1826 5201 5086 4214 4626
1044 16 2 1 1 1875 1874 1705 1830 5202 5203 5204 5205
1045 16 2 1 1 572 704 818 443 4084 5206 5013 4598
1046 16 2 1 1 1095 1078 1223 1173 5207 5208 5209 5210
1047 16 2 1 1 593 716 812 437 4266 4697 4793 5211
1048 16 2 1 1 2345 2377 2331 2352 4567 5212 5213 4901
1049 16 2 1 1 904 1010 818 704 5214 4731 5206 4612
1050 16 2 1 1 982 1014 1222 1108 4154 4948 5165 4971
1051 16 2 1 1 1311 1178 1502 1369 5215 5216 5217 3372
1052 16 2 1 1 1482 1491 1304 1394 5218 5219 5220 5221
1053 16 2 1 1 417 42 43 594 5222 92 5223 5137
1054 16 2 1 1 1209 1069 1323 1409 5099 4693 5224 4738
1055 16 2 1 1 1555 1467 1366 1457 4269 5225 4371 4349
1056 16 2 1 1 1324 1178 1110 983 5226 5227 5228 5229
1057 16 2 1 1 586 659 532 412 3965 4134 4138 5230
1058 16 2 1 1 968 1028 1203 1063 4619 4491 4775 4965
1059 16 2 1 1 2387 2420 2361 2309 4836 5231 5232 5233
1060 16 2 1 1 456 482 51 52 4007 5234 101 5068
1061 16 2 1 1 928 1025 1122 760 4765 4854 5235 5174
1062 16 2 1 1 1238 1422 1271 1237 5236 5237 5238 5239
1063 16 2 1 1 2524 2472 2535 2578 5240 5241 3041 5190
1064 16 2 1 1 2206 2280 2352 2331 5242 5243 5213 3580
1065 16 2 1 1 1017 1212 1064 860 5244 4839 5038 4906
1066 16 2 1 1 2354 2356 2355 2378 5245 3753 5246 5247
1067 16 2 1 1 109 499 597 108 5248 5249 5250 158
1068 16 2 1 1 1582 1502 1407 1583 5251 5252 5253 4175
1069 16 2 1 1 1155 1333 1249 1140 5254 5255 5256 5257
1070 16 2 1 1 1585 1319 1401 1481 5258 5164 3655 5259
1071 16 2 1 1 563 405 679 784 5169 3177 5260 5261
1072 16 2 1 1 1359 1477 1329 1159 5262 5263 5264 5265
1073 16 2 1 1 1351 1492 1165 1313 3419 5266 5267 5268
1074 16 2 1 1 1122 983 917 760 5269 5270 5271 5235
1075 16 2 1 1 437 148 149 593 5272 198 5273 5211
1076 16 2 1 1 1480 1348 1305 1161 4462 4883 5016 5052
1077 16 2 1 1 1616 1744 1648 1551 5274 4581 5275 5187
1078 16 2 1 1 829 951 950 668 5276 4960 5277 5278
1079 16 2 1 1 2628 2661 2618 2570 5279 3653 5280 5281
1080 16 2 1 1 2277 2366 2215 2150 5282 5283 5179 5284
1081 16 2 1 1 491 134 135 575 4639 184 5285 3956
1082 16 2 1 1 655 565 899 799 3620 3785 4590 3958
1083 16 2 1 1 2247 2139 2073 2101 5286 5287 5288 5289
1084 16 2 1 1 1278 1325 1504 1361 5109 5290 5291 2989
1085 16 2 1 1 947 837 987 1146 5292 5293 5294 5295
1086 16 2 1 1 1950 1972 1821 1899 5296 5297 5298 5299
1087 16 2 1 1 1274 1380 1214 1112 5300 3615 5301 4179
1088 16 2 1 1 1378 1326 1371 1455 2900 5034 5159 4888
1089 16 2 1 1 1192 1075 1232 1294 5126 5302 5303 2977
1090 16 2 1 1 1170 1362 1513 1302 4606 4862 5304 3239
1091 16 2 1 1 478 576 244 245 3973 5305 294 5098
1092 16 2 1 1 916 917 983 1110 5039 5270 5228 3736
1093 16 2 1 1 2528 2590 2537 2481 5306 5307 5308 5309
1094 16 2 1 1 2208 2284 2240 2182 5310 5311 5312 5313
1095 16 2 1 1 1698 1824 1634 1535 5314 5315 5080 5316
1096 16 2 1 1 895 966 1115 757 5133 5012 4027 5067
1097 16 2 1 1 1010 904 1081 1202 5214 4964 5317 3308
1098 16 2 1 1 2009 2016 1867 1973 5318 5319 5320 5321
1099 16 2 1 1 2245 2296 2202 2186 5322 5323 5324 5325
1100 16 2 1 1 2472 2451 2512 2535 3695 5326 4398 5241
1101 16 2 1 1 942 820 1045 1145 5327 5328 5015 4772
1102 16 2 1 1 584 424 146 147 4865 5329 196 5330
1103 16 2 1 1 578 145 146 424 5331 195 5329 3884
1104 16 2 1 1 2315 2415 2433 2509 5332 5333 5334 5335
1105 16 2 1 1 470 577 248 249 4529 4975 298 5336
1106 16 2 1 1 1104 1008 1080 1188 5337 5338 5008 3087
1107 16 2 1 1 1788 1840 1804 1916 2843 5339 5340 4616
1108 16 2 1 1 2715 2681 2705 2737 4200 5341 3099 5342
1109 16 2 1 1 840 723 938 1056 5343 5344 5345 5346
1110 16 2 1 1 1397 1396 1581 1489 4573 4784 4831 4682
1111 16 2 1 1 1109 1312 1393 1211 3455 5347 3506 3530
1112 16 2 1 1 1077 1205 1027 903 3275 5348 4646 3306
1113 16 2 1 1 1459 1408 1318 1499 5349 5350 5351 3797
1114 16 2 1 1 1298 1321 1501 1402 4498 4378 4652 3975
1115 16 2 1 1 1352 1402 1574 1446 3976 4651 5199 5061
1116 16 2 1 1 582 426 544 662 5352 5090 4983 4478
1117 16 2 1 1 2319 2400 2366 2277 5353 5354 5282 5355
1118 16 2 1 1 1632 1654 1504 1568 5356 5357 5358 5359
1119 16 2 1 1 1948 1915 1931 2014 4941 5360 5361 5116
1120 16 2 1 1 1615 1754 1603 1531 5362 5363 5364 3846
1121 16 2 1 1 1477 1359 1440 1573 5262 5365 5366 5367
1122 16 2 1 1 523 203 204 455 4594 253 4745 4512
1123 16 2 1 1 409 495 35 36 4785 4889 85 5368
1124 16 2 1 1 1275 1290 1125 1191 2933 5369 5370 4871
1125 16 2 1 1 1337 1182 1363 1470 5371 5372 5373 5374
1126 16 2 1 1 1137 1238 1237 987 5375 5239 5376 5377
1127 16 2 1 1 1821 1780 1739 1635 5378 3356 5200 5379
1128 16 2 1 1 447 489 700 536 5380 4701 4644 4093
1129 16 2 1 1 2349 2382 2360 2268 5381 4945 5382 5383
1130 16 2 1 1 1006 1021 1213 1114 4024 4433 4686 3710
1131 16 2 1 1 964 1110 1178 1311 3733 5227 5215 3544
1132 16 2 1 1 1872 1873 1742 1805 3331 5384 5385 3473
1133 16 2 1 1 765 872 1003 813 4078 3193 4550 4661
1134 16 2 1 1 582 343 344 426 5386 393 5387 5352
1135 16 2 1 1 1272 1377 1460 1323 2882 5388 5389 4692
1136 16 2 1 1 476 144 145 578 5390 194 5331 4285
1137 16 2 1 1 1197 1071 1399 1299 4068 4374 4623 4329
1138 16 2 1 1 477 345 346 579 5391 395 4604 4390
1139 16 2 1 1 574 434 347 348 4617 4605 397 5158
1140 16 2 1 1 714 816 928 540 4791 4766 5176 5197
1141 16 2 1 1 1691 1820 1903 1896 5392 5393 5394 5395
1142 16 2 1 1 477 426 344 345 5088 5387 394 5391
1143 16 2 1 1 1828 1547 1668 1701 5396 5397 5398 4801
1144 16 2 1 1 1695 1825 1632 1530 4733 5399 5400 5401
1145 16 2 1 1 621 520 676 742 5402 5403 5055 5404
1146 16 2 1 1 1797 1818 1673 1740 4759 5405 5406 5407
1147 16 2 1 1 1115 1315 1198 1082 5011 4575 4977 4028
1148 16 2 1 1 671 433 618 819 5408 5409 5410 5411
1149 16 2 1 1 1502 1582 1586 1369 5251 5412 5413 5217
1150 16 2 1 1 1301 1299 1498 1365 4326 4622 5119 5054
1151 16 2 1 1 474 334 335 475 5178 384 5414 4199
1152 16 2 1 1 417 595 41 42 4634 5415 91 5222
1153 16 2 1 1 1261 1303 1490 1356 5018 4680 5416 3657
1154 16 2 1 1 1742 1698 1535 1666 5417 5316 5418 5419
1155 16 2 1 1 479 242 243 421 5420 292 5421 4306
1156 16 2 1 1 576 421 243 244 4593 5421 293 5305
1157 16 2 1 1 583 143 144 476 5422 193 5390 4902
1158 16 2 1 1 2400 2328 2311 2366 5037 5423 5424 5354
1159 16 2 1 1 1776 1909 1764 1614 5425 5426 5427 4712
1160 16 2 1 1 1169 1219 1391 1258 4461 4586 5152 4857
1161 16 2 1 1 2341 2292 2406 2394 3184 5428 5131 5429
1162 16 2 1 1 1013 1011 1208 1072 4822 4777 4919 4844
1163 16 2 1 1 732 721 882 836 5430 5431 5432 5433
1164 16 2 1 1 1343 1250 972 1132 4873 4005 5434 5435
1165 16 2 1 1 2015 2078 1950 2057 4924 5436 5437 5438
1166 16 2 1 1 1562 1441 1254 1410 5439 5440 5441 5049
1167 16 2 1 1 1491 1482 1674 1548 5218 5442 5443 5444
1168 16 2 1 1 1468 1379 1587 1557 2947 5445 5446 5447
1169 16 2 1 1 1721 1806 1671 1550 5448 4239 5111 4583
1170 16 2 1 1 1454 1655 1682 1567 4714 5449 4351 5450
1171 16 2 1 1 2499 2498 2457 2404 5451 5452 5453 5454
1172 16 2 1 1 482 580 50 51 3758 4539 100 5234
1173 16 2 1 1 1585 1481 1533 1631 5259 3265 5141 4934
1174 16 2 1 1 2708 2721 2739 2730 4035 5455 4042 5456
1175 16 2 1 1 1568 1451 1530 1632 3208 5457 5400 5359
1176 16 2 1 1 2024 1904 1905 1934 5458 5459 5460 5461
1177 16 2 1 1 1796 1814 1674 1736 3206 5462 5463 5464
1178 16 2 1 1 715 667 918 755 4576 4098 4894 4475
1179 16 2 1 1 1721 1744 1829 1779 4582 5465 5466 5467
1180 16 2 1 1 828 1046 871 652 5468 5106 5469 5470
1181 16 2 1 1 910 913 1008 1104 4209 4495 5337 3538
1182 16 2 1 1 756 901 979 1101 3439 4700 4330 3257
1183 16 2 1 1 2092 2093 2233 2130 5471 5472 5195 5473
1184 16 2 1 1 479 581 241 242 4113 5474 291 5420
1185 16 2 1 1 2023 1934 1905 1769 2944 5460 5475 5476
1186 16 2 1 1 2570 2618 2565 2529 5280 3378 5477 5478
1187 16 2 1 1 488 342 343 582 5479 392 5386 4477
1188 16 2 1 1 819 943 932 671 5480 5006 5481 5411
1189 16 2 1 1 793 863 1026 816 5150 4929 4767 4790
1190 16 2 1 1 896 1098 998 764 4904 4564 5148 3567
1191 16 2 1 1 1113 1316 1212 1017 3624 4816 5244 5482
1192 16 2 1 1 1122 1217 1324 983 4853 5076 5229 5269
1193 16 2 1 1 1485 1538 1685 1362 5483 5484 4860 4609
1194 16 2 1 1 483 142 143 583 5485 192 5422 4383
1195 16 2 1 1 617 454 638 844 5486 5487 4408 5488
1196 16 2 1 1 581 440 240 241 4516 5489 290 5474
1197 16 2 1 1 1824 1698 1785 1865 5314 5490 5491 5492
1198 16 2 1 1 2191 2120 2189 2249 5493 5494 5495 5496
1199 16 2 1 1 1726 1695 1530 1652 5497 5401 5498 5499
1200 16 2 1 1 1549 1672 1827 1743 4721 5201 5064 4252
1201 16 2 1 1 409 36 37 596 5368 86 5500 5501
1202 16 2 1 1 1498 1497 1551 1648 4621 5060 5275 5120
1203 16 2 1 1 480 239 240 440 5502 289 5489 4204
1204 16 2 1 1 1490 1489 1668 1547 4679 4830 5397 5503
1205 16 2 1 1 437 584 147 148 4792 5330 197 5272
1206 16 2 1 1 1019 855 1206 1124 5168 4842 4991 4999
1207 16 2 1 1 2455 2400 2319 2447 5035 5353 5504 5505
1208 16 2 1 1 921 1113 1017 805 3708 5482 4905 4584
1209 16 2 1 1 2093 2092 1923 2046 5471 5506 5507 5508
1210 16 2 1 1 481 238 239 480 5509 288 5502 4436
1211 16 2 1 1 1545 1653 1484 1348 5510 3125 4884 4464
1212 16 2 1 1 1202 1081 1210 1314 5317 5147 5511 3507
1213 16 2 1 1 1356 1490 1547 1658 5416 5503 5512 3263
1214 16 2 1 1 835 1037 868 645 5513 5115 5514 5515
1215 16 2 1 1 1625 1788 1701 1668 2844 4615 5398 4829
1216 16 2 1 1 486 237 238 481 5516 287 5509 4405
1217 16 2 1 1 1702 1822 1653 1545 4044 5517 5510 4237
1218 16 2 1 1 418 141 142 483 5518 191 5485 4537
1219 16 2 1 1 719 720 760 917 4749 5175 5271 5041
1220 16 2 1 1 1520 1375 1343 1434 5519 4874 5520 4000
1221 16 2 1 1 475 335 336 585 5414 385 5521 3952
1222 16 2 1 1 915 755 1111 1011 4472 4893 4778 4825
1223 16 2 1 1 1393 1312 1366 1467 5347 3422 5225 3352
1224 16 2 1 1 679 682 778 914 3176 5522 5523 5524
1225 16 2 1 1 1560 1529 1351 1473 5525 3420 5526 5527
1226 16 2 1 1 1061 1119 1301 1161 4318 4327 5053 5017
1227 16 2 1 1 1318 1218 1066 1263 5528 5529 3613 5530
1228 16 2 1 1 1213 1190 1381 1280 4432 4483 4955 4687
1229 16 2 1 1 1083 1116 926 1023 5531 5532 5533 5534
1230 16 2 1 1 422 341 342 488 5535 391 5479 5138
1231 16 2 1 1 1128 1048 1183 1288 5536 5537 5538 5539
1232 16 2 1 1 569 706 809 435 3680 4401 4241 3781
1233 16 2 1 1 1285 1162 1357 1435 5540 5541 4896 4324
1234 16 2 1 1 1662 1529 1623 1706 3417 5542 5543 5544
1235 16 2 1 1 615 835 645 453 5545 5515 5546 5547
1236 16 2 1 1 1891 1780 1854 1943 3353 5548 5549 5550
1237 16 2 1 1 1173 1223 1413 1255 5209 5551 5552 5553
1238 16 2 1 1 1915 1837 1848 1931 5163 5554 5555 5360
1239 16 2 1 1 2210 2365 2295 2134 5556 5557 5558 5559
1240 16 2 1 1 1451 1503 1652 1530 5128 4932 5498 5457
1241 16 2 1 1 820 942 728 613 5327 4908 5560 5561
1242 16 2 1 1 1729 1730 1584 1654 5562 5563 5564 5565
1243 16 2 1 1 1591 1505 1614 1764 5566 5567 5427 5568
1244 16 2 1 1 1541 1646 1499 1358 5569 3798 5570 4170
1245 16 2 1 1 1733 1734 1560 1657 5571 5572 5573 5574
1246 16 2 1 1 2595 2649 2678 2707 5575 5576 5577 5578
1247 16 2 1 1 1391 1368 1576 1486 4585 4763 4892 5153
1248 16 2 1 1 2087 2047 1906 1965 5579 5580 5581 3169
1249 16 2 1 1 587 140 141 418 5582 190 5518 5177
1250 16 2 1 1 1403 1319 1585 1503 5155 5258 4933 5127
1251 16 2 1 1 1048 957 1058 1183 2911 5583 5584 5537
1252 16 2 1 1 1208 1177 1392 1259 4776 3370 5101 4920
1253 16 2 1 1 1484 1483 1306 1386 3124 5585 5586 4885
1254 16 2 1 1 1936 1783 1867 2016 5587 5588 5319 5589
1255 16 2 1 1 992 914 1015 1075 5590 5591 5592 5125
1256 16 2 1 1 2175 2210 2134 2118 4300 5559 5593 5594
1257 16 2 1 1 736 934 837 672 5595 5596 5597 5598
1258 16 2 1 1 486 586 236 237 3966 5599 286 5516
1259 16 2 1 1 1553 1466 1594 1643 4256 5600 5601 4365
1260 16 2 1 1 2448 2447 2319 2407 3165 5504 5602 5603
1261 16 2 1 1 1472 1395 1590 1543 2931 5604 5605 5606
1262 16 2 1 1 484 48 49 425 5607 98 4538 4628
1263 16 2 1 1 1175 1063 1387 1325 4966 4774 5608 5108
1264 16 2 1 1 1673 1617 1445 1586 5609 3295 5610 5611
1265 16 2 1 1 586 412 235 236 5230 5612 285 5599
1266 16 2 1 1 1658 1547 1828 1747 5512 5396 5613 5122
1267 16 2 1 1 1943 1967 1829 1891 5614 5615 5616 5550
1268 16 2 1 1 1718 1646 1541 1690 5617 5569 5618 5619
1269 16 2 1 1 2004 2100 1943 1854 5620 5621 5549 5622
1270 16 2 1 1 1592 1458 1660 1738 5623 5624 5625 5626
1271 16 2 1 1 402 571 127 128 5627 5628 177 3521
1272 16 2 1 1 1409 1323 1460 1578 5224 5389 5629 4392
1273 16 2 1 1 2141 2156 2048 2102 2875 5630 5631 5632
1274 16 2 1 1 1444 1486 1666 1535 5151 4891 5418 5079
1275 16 2 1 1 489 139 140 587 5633 189 5582 4702
1276 16 2 1 1 1324 1407 1502 1178 5075 5252 5216 5226
1277 16 2 1 1 596 663 531 409 3996 4813 4786 5501
1278 16 2 1 1 485 234 235 412 4261 284 5612 4137
1279 16 2 1 1 2213 2224 2096 2179 5634 5635 5636 5637
1280 16 2 1 1 603 504 721 732 5638 5639 5430 5640
1281 16 2 1 1 1456 1578 1638 1717 4393 5641 5642 3801
1282 16 2 1 1 588 340 341 422 5643 390 5535 3994
1283 16 2 1 1 1367 1488 1163 1310 5644 5645 5646 5647
1284 16 2 1 1 1328 1180 1383 1432 5648 5649 5650 5651
1285 16 2 1 1 1052 1235 1148 867 5652 5653 3526 5654
1286 16 2 1 1 2591 2516 2595 2642 5655 5656 5657 5658
1287 16 2 1 1 1163 1266 1210 1062 5659 5660 5146 5661
1288 16 2 1 1 487 339 340 588 5662 389 5643 4863
1289 16 2 1 1 1694 1816 1571 1659 3244 5663 5664 3330
1290 16 2 1 1 775 810 1013 855 4489 4823 4843 5167
1291 16 2 1 1 834 651 768 880 5665 5666 5667 5668
1292 16 2 1 1 1866 1901 1729 1825 5669 5670 5671 4732
1293 16 2 1 1 1548 1661 1367 1491 5672 5673 5674 5444
1294 16 2 1 1 2529 2565 2545 2473 5477 5675 5676 3386
1295 16 2 1 1 585 336 337 415 5521 386 4961 4509
1296 16 2 1 1 484 590 47 48 4452 5677 97 5607
1297 16 2 1 1 1865 1893 1733 1824 3429 5678 5679 5492
1298 16 2 1 1 487 589 338 339 4362 4962 388 5662
1299 16 2 1 1 1974 2010 2102 1853 4522 5680 5681 4761
1300 16 2 1 1 616 516 722 740 5682 5683 4845 5684
1301 16 2 1 1 1888 1887 1726 1815 4979 5685 5686 5687
1302 16 2 1 1 1342 1411 1247 1241 5688 5689 5690 5691
1303 16 2 1 1 1294 1232 1270 1384 5303 5692 5693 2996
1304 16 2 1 1 1953 2041 2179 2096 3910 5694 5636 3898
1305 16 2 1 1 1830 1705 1663 1540 5204 5695 5696 5697
1306 16 2 1 1 1026 1066 1218 1025 4928 5529 4855 4768
1307 16 2 1 1 820 637 858 1045 5698 5699 4797 5328
1308 16 2 1 1 2040 2004 1854 1972 5700 5622 5701 5702
1309 16 2 1 1 1306 1379 1277 1172 5703 2950 4688 5704
1310 16 2 1 1 1578 1460 1539 1638 5629 5705 5706 5641
1311 16 2 1 1 1736 1617 1699 1796 3292 5707 5708 5464
1312 16 2 1 1 1206 1072 1394 1304 4841 4918 5220 4992
1313 16 2 1 1 1583 1459 1540 1663 5709 3796 5696 4176
1314 16 2 1 1 1852 1970 2048 2002 5710 5711 5712 3171
1315 16 2 1 1 2021 2011 2103 2067 3006 5713 5714 5715
1316 16 2 1 1 821 653 885 946 5716 5717 5718 5719
1317 16 2 1 1 2404 2457 2258 2306 5453 5720 5721 5722
1318 16 2 1 1 489 447 138 139 5380 5723 188 5633
1319 16 2 1 1 1717 1638 1704 1789 5642 5724 5725 2868
1320 16 2 1 1 1527 1661 1707 1817 5726 5727 5728 3328
1321 16 2 1 1 1779 1900 1806 1721 5729 4228 5448 5467
1322 16 2 1 1 1862 1889 1749 1816 5730 5731 5732 3243
1323 16 2 1 1 1938 2017 1785 1873 5733 5734 5735 3334
1324 16 2 1 1 852 1015 914 778 5736 5591 5523 5737
1325 16 2 1 1 1638 1539 1664 1704 5706 5738 5739 5724
1326 16 2 1 1 2455 2447 2511 2512 5505 3164 4399 5740
1327 16 2 1 1 685 552 927 817 4250 4789 5044 4910
1328 16 2 1 1 870 1000 1191 1125 5741 3104 5370 4751
1329 16 2 1 1 1160 1215 1410 1254 5742 5743 5441 4275
1330 16 2 1 1 998 1112 1214 863 4563 5301 4930 5149
1331 16 2 1 1 2187 2101 1936 2016 5744 5745 5589 5746
1332 16 2 1 1 305 306 463 556 355 3914 3761 5747
1333 16 2 1 1 1896 1903 2046 1923 5394 5748 5507 5749
1334 16 2 1 1 1059 1114 1313 1165 3711 4685 5267 4869
1335 16 2 1 1 490 45 46 441 5750 95 5751 5198
1336 16 2 1 1 590 441 46 47 4303 5751 96 5677
1337 16 2 1 1 608 736 672 432 5752 5598 5753 5754
1338 16 2 1 1 2267 2368 2254 2205 5755 3779 5756 5757
1339 16 2 1 1 447 591 137 138 4092 5758 187 5723
1340 16 2 1 1 1274 1438 1516 1380 5759 5760 2891 5300
1341 16 2 1 1 2004 2040 2180 2072 5700 5761 5762 5763
1342 16 2 1 1 1697 1747 1867 1783 5123 5764 5588 5765
1343 16 2 1 1 1789 1704 1819 1894 5725 5766 5767 3471
1344 16 2 1 1 1746 1707 1661 1548 5768 5727 5672 5769
1345 16 2 1 1 2165 2208 2182 2070 5770 5313 5771 5772
1346 16 2 1 1 1920 1989 1913 1802 5773 5029 5774 3906
1347 16 2 1 1 1619 1813 1842 1731 4881 5775 5776 3424
1348 16 2 1 1 1218 1318 1408 1217 5528 5350 5077 4856
1349 16 2 1 1 1325 1387 1568 1504 5608 3209 5358 5290
1350 16 2 1 1 2142 2163 2047 2087 3020 5777 5579 5778
1351 16 2 1 1 2298 2277 2150 2238 5779 5284 5780 5781
1352 16 2 1 1 1707 1746 1906 1778 5768 5782 5783 5784
1353 16 2 1 1 492 44 45 490 5785 94 5750 4810
1354 16 2 1 1 1740 1663 1705 1797 4173 5695 5786 5407
1355 16 2 1 1 1872 1894 1944 2035 3472 5787 5788 3332
1356 16 2 1 1 1970 1852 1796 1699 5710 3207 5708 5789
1357 16 2 1 1 2101 2073 2045 1936 5288 4719 5790 5745
1358 16 2 1 1 1748 1610 1588 1589 5791 5792 5793 5794
1359 16 2 1 1 1408 1459 1583 1407 5349 5709 5253 5078
1360 16 2 1 1 927 767 1100 999 4788 4667 5048 5045
1361 16 2 1 1 1460 1377 1453 1539 5388 4828 5795 5705
1362 16 2 1 1 1394 1259 1572 1482 4917 5100 5796 5221
1363 16 2 1 1 2548 2593 2429 2502 5797 3860 5798 5799
1364 16 2 1 1 1661 1527 1488 1367 5726 3300 5644 5673
1365 16 2 1 1 575 135 136 407 5285 185 5800 4146
1366 16 2 1 1 1652 1631 1815 1726 4931 5140 5686 5499
1367 16 2 1 1 1539 1453 1554 1664 5795 5074 5801 5738
1368 16 2 1 1 2421 2490 2585 2519 5802 5803 5804 5805
1369 16 2 1 1 1263 1358 1499 1318 2889 5570 5351 5530
1370 16 2 1 1 1392 1369 1586 1445 3369 5413 5610 5102
1371 16 2 1 1 1815 1697 1783 1888 5139 5765 5806 5687
1372 16 2 1 1 560 680 776 469 3173 3818 3790 3968
1373 16 2 1 1 1757 1914 1786 1642 5807 5808 3922 5809
1374 16 2 1 1 1432 1383 1458 1592 5650 5810 5623 5811
1375 16 2 1 1 2289 2236 2104 2163 5812 5813 5814 3019
1376 16 2 1 1 2091 2169 2017 1938 5815 3322 5733 3924
1377 16 2 1 1 604 432 672 823 5816 5753 5817 5818
1378 16 2 1 1 2188 2180 2040 2078 5819 5761 5820 4927
1379 16 2 1 1 2649 2617 2633 2678 5821 5822 5823 5576
1380 16 2 1 1 591 407 136 137 4591 5800 186 5758
1381 16 2 1 1 1666 1637 1805 1742 4890 2866 5385 5419
1382 16 2 1 1 1586 1582 1740 1673 5412 4174 5406 5611
1383 16 2 1 1 1023 999 1193 1083 5042 5047 5157 5534
1384 16 2 1 1 438 593 149 150 4267 5273 199 5824
1385 16 2 1 1 1894 1819 1869 1944 5767 5825 5826 5787
1386 16 2 1 1 946 885 1048 1128 5718 2912 5536 5827
1387 16 2 1 1 1699 1818 1853 1970 5828 4762 5829 5789
1388 16 2 1 1 1669 1639 1749 1708 4119 5830 5831 5832
1389 16 2 1 1 1635 1743 1899 1821 4253 5063 5298 5379
1390 16 2 1 1 1899 1868 2057 1950 5062 2816 5437 5299
1391 16 2 1 1 1277 1291 1130 1220 2949 5833 5834 4689
1392 16 2 1 1 2017 1932 1865 1785 3321 3430 5491 5734
1393 16 2 1 1 2214 2230 2103 2176 3943 5835 5836 5837
1394 16 2 1 1 635 778 682 527 5838 5522 3842 5839
1395 16 2 1 1 1215 1160 959 1116 5742 5840 5841 5842
1396 16 2 1 1 2031 1926 2006 2075 3162 5843 5844 5845
1397 16 2 1 1 2277 2298 2407 2319 5779 5846 5602 5355
1398 16 2 1 1 2543 2544 2621 2555 5847 5848 5849 3017
1399 16 2 1 1 1557 1587 1633 1732 5446 5850 5851 3119
1400 16 2 1 1 2164 2222 2108 2109 5852 5853 5854 4258
1401 16 2 1 1 2325 2339 2236 2289 3000 5855 5812 5856
1402 16 2 1 1 1858 1966 2105 2015 5857 5858 4925 5859
1403 16 2 1 1 1780 1821 1972 1854 5378 5297 5701 5548
1404 16 2 1 1 824 1051 864 669 5860 5861 5862 5863
1405 16 2 1 1 1116 1083 1295 1215 5531 5156 5864 5842
1406 16 2 1 1 1664 1554 1689 1715 5801 3629 4095 5865
1407 16 2 1 1 2353 2239 2166 2282 5866 5867 5868 4922
1408 16 2 1 1 1942 2005 2105 1966 5869 5870 5858 3127
1409 16 2 1 1 499 673 826 597 5871 5872 5873 5249
1410 16 2 1 1 1381 1364 1579 1471 4482 4876 5136 4956
1411 16 2 1 1 1008 908 981 1080 4494 3392 5874 5338
1412 16 2 1 1 738 727 842 941 5875 5876 5877 5878
1413 16 2 1 1 1266 1405 1314 1210 5879 4412 5511 5660
1414 16 2 1 1 2110 2006 1926 1977 5880 5843 5881 5882
1415 16 2 1 1 2201 2234 2354 2264 5883 5884 5885 5886
1416 16 2 1 1 2302 2235 2140 2297 5887 3553 5888 4899
1417 16 2 1 1 492 594 43 44 4747 5223 93 5785
1418 16 2 1 1 1778 1863 1817 1707 5889 5890 5728 5784
1419 16 2 1 1 2016 2009 2077 2187 5318 5891 3558 5746
1420 16 2 1 1 1276 1309 1121 1205 3287 5892 5893 3274
1421 16 2 1 1 1441 1649 1748 1589 5894 5895 5794 5896
1422 16 2 1 1 1650 1651 1725 1794 5897 5898 4939 5899
1423 16 2 1 1 1931 1848 1994 2121 5555 5900 5901 5902
1424 16 2 1 1 1773 1883 1621 1730 5903 5904 5905 5906
1425 16 2 1 1 1054 1155 1140 856 5907 5257 5908 5909
1426 16 2 1 1 1722 1613 1831 1791 2937 5910 5911 5912
1427 16 2 1 1 2602 2608 2521 2573 3633 5913 5914 3794
1428 16 2 1 1 2477 2488 2408 2444 5915 5916 5917 2993
1429 16 2 1 1 1075 1015 1067 1232 5592 5918 5919 5302
1430 16 2 1 1 226 227 561 445 276 3364 5920 5921
1431 16 2 1 1 1925 1975 2104 1998 5922 5923 5924 5925
1432 16 2 1 1 1797 1705 1874 1974 5786 5203 4523 4760
1433 16 2 1 1 1888 1783 1936 2045 5806 5587 5790 4980
1434 16 2 1 1 2228 2229 2106 2168 3186 5926 5927 5928
1435 16 2 1 1 2100 2004 2072 2145 5620 5763 5929 5930
1436 16 2 1 1 1704 1664 1715 1819 5739 5865 5931 5766
1437 16 2 1 1 1482 1572 1736 1674 5796 3293 5463 5442
1438 16 2 1 1 624 445 653 821 5932 5933 5716 5934
1439 16 2 1 1 1646 1718 1830 1540 5617 5935 5697 3795
1440 16 2 1 1 1610 1748 1907 1769 5791 5936 5937 5938
1441 16 2 1 1 1975 1925 1863 1778 5922 5939 5889 5940
1442 16 2 1 1 1617 1673 1818 1699 5609 5405 5828 5707
1443 16 2 1 1 2068 2169 2212 2294 3323 5941 5942 3203
1444 16 2 1 1 2057 1976 1858 2015 2819 5943 5859 5438
1445 16 2 1 1 2348 2401 2290 2305 5944 5945 5946 4165
1446 16 2 1 1 2338 2300 2324 2413 5947 5948 5949 5950
1447 16 2 1 1 2087 2002 2069 2142 3168 5951 5952 5778
1448 16 2 1 1 1843 1987 1859 1787 5953 5954 5955 5956
1449 16 2 1 1 1283 1088 1251 1417 5957 4012 3808 3732
1450 16 2 1 1 2067 2160 1928 2021 5958 5959 5960 5715
1451 16 2 1 1 1361 1504 1654 1584 5291 5357 5564 4866
1452 16 2 1 1 1946 1968 2106 1995 5961 5962 5963 5964
1453 16 2 1 1 1488 1350 1266 1163 3299 5965 5659 5645
1454 16 2 1 1 2563 2614 2470 2534 2984 5966 5967 5968
1455 16 2 1 1 2521 2534 2458 2488 5969 5970 5971 5972
1456 16 2 1 1 2680 2693 2711 2668 2870 5973 5974 3005
1457 16 2 1 1 592 449 496 598 5066 5975 5976 4439
1458 16 2 1 1 2394 2395 2307 2341 5977 5978 5979 5429
1459 16 2 1 1 1925 2012 1969 1863 5980 3242 5981 5939
1460 16 2 1 1 1189 980 1107 1302 4654 5982 3236 5983
1461 16 2 1 1 2636 2648 2586 2614 5984 5985 5986 2983
1462 16 2 1 1 2168 2090 2133 2228 3224 5987 5988 5928
1463 16 2 1 1 448 493 39 40 5007 5989 89 5990
1464 16 2 1 1 1654 1632 1825 1729 5356 5399 5671 5565
1465 16 2 1 1 2697 2705 2656 2683 3100 5991 5992 5993
1466 16 2 1 1 1371 1189 1302 1513 5033 5983 5304 5160
1467 16 2 1 1 2035 1944 2050 2098 5788 5994 5995 3923
1468 16 2 1 1 2289 2201 2264 2325 3018 5886 5996 5856
1469 16 2 1 1 2005 2181 2188 2105 5997 5998 4926 5870
1470 16 2 1 1 1310 1304 1491 1367 4989 5219 5674 5647
1471 16 2 1 1 448 40 41 595 5990 90 5415 4578
1472 16 2 1 1 1688 1713 1643 1594 5999 6000 5601 3745
1473 16 2 1 1 1744 1616 1891 1829 5274 3354 5616 5465
1474 16 2 1 1 612 501 727 738 6001 6002 5875 6003
1475 16 2 1 1 2369 2469 2544 2432 6004 6005 6006 6007
1476 16 2 1 1 1398 1405 1494 1577 4413 6008 6009 4226
1477 16 2 1 1 2398 2399 2368 2267 3725 6010 5755 4234
1478 16 2 1 1 494 38 39 493 6011 88 5989 4968
1479 16 2 1 1 1225 1416 1282 1068 6012 6013 6014 6015
1480 16 2 1 1 1062 1124 1310 1163 5000 4990 5646 5661
1481 16 2 1 1 2420 2355 2266 2361 6016 3756 6017 5231
1482 16 2 1 1 2519 2580 2499 2421 4148 6018 6019 5805
1483 16 2 1 1 2515 2584 2427 2501 6020 6021 6022 5092
1484 16 2 1 1 2631 2683 2557 2616 6023 6024 6025 6026
1485 16 2 1 1 2743 2753 2712 2733 4194 6027 6028 6029
1486 16 2 1 1 637 820 613 535 5698 5561 6030 6031
1487 16 2 1 1 1756 1640 1692 1838 6032 6033 6034 6035
1488 16 2 1 1 2034 2076 2008 1935 6036 6037 6038 3282
1489 16 2 1 1 1841 1864 1784 1700 6039 6040 6041 6042
1490 16 2 1 1 2133 2178 2304 2198 6043 6044 6045 6046
1491 16 2 1 1 2599 2616 2540 2580 6047 6048 6049 4150
1492 16 2 1 1 2600 2620 2546 2584 6050 6051 6052 6053
1493 16 2 1 1 1080 981 1103 1221 5874 6054 4656 5009
1494 16 2 1 1 1944 1869 1990 2050 5826 4220 3596 5994
1495 16 2 1 1 734 841 948 729 6055 6056 6057 6058
1496 16 2 1 1 981 909 766 1103 3391 6059 6060 6054
1497 16 2 1 1 150 151 465 438 200 6061 5031 5824
1498 16 2 1 1 1914 2054 1986 1786 6062 6063 6064 5808
1499 16 2 1 1 1811 1895 1750 1636 6065 6066 6067 6068
1500 16 2 1 1 2032 2001 1851 1967 6069 6070 6071 6072
1501 16 2 1 1 2234 2201 2142 2069 5883 3021 5952 6073
1502 16 2 1 1 1695 1726 1887 1959 5497 5685 6074 4734
1503 16 2 1 1 1928 2043 1773 1901 6075 6076 6077 6078
1504 16 2 1 1 2356 2354 2234 2281 5245 5884 6079 6080
1505 16 2 1 1 2198 2304 2408 2316 6045 6081 6082 6083
1506 16 2 1 1 1548 1674 1814 1746 5443 5462 6084 5769
1507 16 2 1 1 1998 2090 2012 1925 6085 3227 5980 5925
1508 16 2 1 1 2440 2376 2325 2264 6086 3001 5996 6087
1509 16 2 1 1 2259 2369 2432 2348 6088 6007 6089 4164
1510 16 2 1 1 2011 1930 2176 2103 6090 4717 5836 5713
1511 16 2 1 1 2222 2164 2305 2290 5852 6091 5946 6092
1512 16 2 1 1 1972 1950 2078 2040 5296 5436 5820 5702
1513 16 2 1 1 1475 1476 1563 1651 6093 6094 6095 6096
1514 16 2 1 1 1184 1283 1376 1287 6097 3731 4826 3460
1515 16 2 1 1 1313 1280 1473 1351 4684 4954 5526 5268
1516 16 2 1 1 2145 2171 2032 2100 3603 6098 6099 5930
1517 16 2 1 1 2645 2668 2687 2634 3002 6100 5173 6101
1518 16 2 1 1 1971 1896 1923 2039 6102 5749 6103 6104
1519 16 2 1 1 2092 2177 2039 1923 6105 6106 6103 5506
1520 16 2 1 1 2178 2133 2090 1998 6043 5987 6085 6107
1521 16 2 1 1 1942 2061 2128 2005 6108 3588 6109 5869
1522 16 2 1 1 1483 1587 1379 1306 6110 5445 5703 5585
1523 16 2 1 1 2089 2075 2237 2132 6111 6112 6113 6114
1524 16 2 1 1 1055 1154 989 883 6115 6116 4517 6117
1525 16 2 1 1 1930 2011 1959 1887 6090 3009 6074 4981
1526 16 2 1 1 494 596 37 38 3997 5500 87 6011
1527 16 2 1 1 2498 2501 2409 2457 5093 6118 6119 5452
1528 16 2 1 1 2560 2659 2626 2578 3839 6120 5191 3044
1529 16 2 1 1 2428 2518 2587 2489 3642 6121 6122 6123
1530 16 2 1 1 1901 1866 2021 1928 5669 3007 5960 6078
1531 16 2 1 1 2351 2270 2314 2405 5193 6124 6125 6126
1532 16 2 1 1 2424 2520 2548 2502 2885 6127 5799 6128
1533 16 2 1 1 2574 2598 2564 2520 6129 6130 6131 2888
1534 16 2 1 1 105 106 430 629 155 6132 3989 6133
1535 16 2 1 1 1855 1803 1921 1991 3618 4183 6134 3946
1536 16 2 1 1 1896 1971 1809 1691 6102 6135 6136 5395
1537 16 2 1 1 2342 2343 2409 2371 6137 6138 6139 6140
1538 16 2 1 1 1968 1946 1772 1889 5961 6141 6142 6143
1539 16 2 1 1 2500 2423 2470 2542 5129 6144 6145 6146
1540 16 2 1 1 1457 1426 1267 1567 4370 6147 6148 4350
1541 16 2 1 1 1473 1471 1657 1560 4953 5135 5573 5527
1542 16 2 1 1 1970 1853 2102 2048 5829 5681 5631 5711
1543 16 2 1 1 1708 1820 1525 1669 6149 6150 6151 5832
1544 16 2 1 1 2511 2491 2546 2525 3167 6152 6153 4400
1545 16 2 1 1 2469 2569 2621 2544 6154 6155 5848 6005
1546 16 2 1 1 2610 2634 2650 2598 6156 5172 6157 6158
1547 16 2 1 1 1778 1906 2047 1975 5783 5580 6159 5940
1548 16 2 1 1 2620 2600 2656 2639 6050 6160 6161 3841
1549 16 2 1 1 2683 2631 2712 2697 6023 6162 6163 5993
1550 16 2 1 1 1934 2070 2182 2024 2943 5771 6164 5461
1551 16 2 1 1 1487 1360 1450 1546 6165 3501 6166 6167
1552 16 2 1 1 1694 1817 1863 1969 3329 5890 5981 3245
1553 16 2 1 1 598 303 304 431 6168 353 6169 4440
1554 16 2 1 1 556 431 304 305 3836 6169 354 5747
1555 16 2 1 1 2733 2709 2718 2743 3819 6170 2971 6029
1556 16 2 1 1 2177 2092 2130 2226 6105 5473 6171 6172
1557 16 2 1 1 2151 2212 2169 2091 6173 5941 5815 3870
1558 16 2 1 1 1494 1350 1659 1571 6174 3298 5664 6175
1559 16 2 1 1 1795 1886 1623 1734 6176 6177 6178 6179
1560 16 2 1 1 2404 2405 2421 2499 6180 6181 6019 5454
1561 16 2 1 1 2541 2542 2586 2556 6182 6183 6184 6185
1562 16 2 1 1 2666 2704 2723 2751 6186 6187 6188 6189
1563 16 2 1 1 1762 1682 1655 1761 4313 5449 6190 6191
1564 16 2 1 1 1706 1720 1590 1662 2901 6192 6193 5544
1565 16 2 1 1 2637 2657 2569 2604 3154 6194 6195 3376
1566 16 2 1 1 2502 2429 2318 2390 5798 3903 6196 6197
1567 16 2 1 1 1851 1954 1900 1779 6198 6199 5729 6200
1568 16 2 1 1 2198 2292 2228 2133 6201 3187 5988 6046
1569 16 2 1 1 789 817 1023 926 4911 5043 5533 4690
1570 16 2 1 1 2584 2515 2557 2600 6020 6202 6203 6053
1571 16 2 1 1 1544 1584 1730 1621 4867 5563 5905 2961
1572 16 2 1 1 2225 2226 2306 2258 6204 6205 5721 6206
1573 16 2 1 1 1772 1903 1820 1708 6207 5393 6149 6208
1574 16 2 1 1 676 627 827 850 6209 6210 5183 5056
1575 16 2 1 1 832 645 868 1053 6211 5514 6212 6213
1576 16 2 1 1 2766 2761 2719 2740 3144 4442 3813 3098
1577 16 2 1 1 2200 2318 2387 2309 6214 3902 5233 6215
1578 16 2 1 1 2069 2156 2281 2234 6216 2874 6079 6073
1579 16 2 1 1 1907 1748 1649 1798 5936 5895 6217 4343
1580 16 2 1 1 2094 2138 2246 2076 6218 4262 6219 6220
1581 16 2 1 1 2372 2439 2357 2261 3061 6221 6222 6223
1582 16 2 1 1 2533 2468 2514 2577 6224 6225 6226 6227
1583 16 2 1 1 2132 2237 2261 2357 6113 6228 6222 6229
1584 16 2 1 1 1215 1295 1474 1410 5864 2987 5050 5743
1585 16 2 1 1 914 992 784 679 5590 3081 5260 5524
1586 16 2 1 1 1861 1898 1728 1822 4050 6230 6231 4043
1587 16 2 1 1 2496 2428 2349 2401 3643 6232 6233 6234
1588 16 2 1 1 1746 1814 1965 1906 6084 3205 5581 5782
1589 16 2 1 1 1819 1715 1845 1869 5931 4094 4221 5825
1590 16 2 1 1 2290 2268 2165 2222 6235 6236 6237 6092
1591 16 2 1 1 2098 2050 2126 2192 5995 3595 6238 3872
1592 16 2 1 1 2303 2225 2258 2343 6239 6206 6240 6241
1593 16 2 1 1 1730 1729 1901 1773 5562 5670 6077 5906
1594 16 2 1 1 2076 2246 2152 2008 6219 3509 4998 6037
1595 16 2 1 1 2261 2333 2460 2372 6242 6243 6244 6223
1596 16 2 1 1 2375 2473 2545 2441 2812 5676 6245 2916
1597 16 2 1 1 2123 2242 2136 2003 6246 6247 3971 6248
1598 16 2 1 1 1946 2046 1903 1772 6249 5748 6207 6141
1599 16 2 1 1 1354 1519 1531 1603 6250 6251 5364 6252
1600 16 2 1 1 2002 2048 2156 2069 5712 5630 6216 5951
1601 16 2 1 1 2458 2423 2406 2316 6253 5132 6254 6255
1602 16 2 1 1 1350 1494 1405 1266 6174 6008 5879 5965
1603 16 2 1 1 2083 2099 1960 2043 6256 6257 6258 6259
1604 16 2 1 1 2074 2086 2238 2150 4640 6260 5780 5182
1605 16 2 1 1 2316 2406 2292 2198 6254 5428 6201 6083
1606 16 2 1 1 1960 1961 1808 1883 6261 6262 6263 6264
1607 16 2 1 1 1995 2093 2046 1946 6265 5508 6249 5964
1608 16 2 1 1 2669 2704 2596 2648 6266 6267 6268 6269
1609 16 2 1 1 2493 2480 2527 2582 3222 6270 6271 6272
1610 16 2 1 1 2107 2037 2095 2173 6273 6274 6275 6276
1611 16 2 1 1 2148 2233 2093 1995 6277 5472 6265 6278
1612 16 2 1 1 2254 2071 2194 2205 3768 6279 6280 5756
1613 16 2 1 1 2140 2253 2358 2297 6281 6282 4946 5888
1614 16 2 1 1 2596 2635 2601 2556 6283 6284 6285 6286
1615 16 2 1 1 1478 1384 1475 1565 2997 6287 6288 6289
1616 16 2 1 1 2751 2718 2709 2666 2974 6170 6290 6189
1617 16 2 1 1 1698 1742 1873 1785 5417 5384 5735 5490
1618 16 2 1 1 2371 2448 2407 2342 6291 5603 6292 6140
1619 16 2 1 1 1526 1633 1587 1483 6293 5850 6110 3123
1620 16 2 1 1 2300 2197 2257 2324 6294 6295 6296 5948
1621 16 2 1 1 2666 2709 2672 2635 6290 3822 6297 6298
1622 16 2 1 1 1078 1095 931 995 5207 6299 6300 4753
1623 16 2 1 1 2556 2601 2585 2541 6285 6301 6302 6185
1624 16 2 1 1 2067 2103 2230 2135 5714 5835 6303 6304
1625 16 2 1 1 823 947 881 725 6305 6306 6307 6308
1626 16 2 1 1 1897 1958 1908 1792 6309 6310 6311 6312
1627 16 2 1 1 2379 2424 2502 2390 6313 6128 6197 4333
1628 16 2 1 1 2643 2679 2563 2608 6314 2985 6315 3635
1629 16 2 1 1 2750 2723 2704 2669 3676 6187 6266 6316
1630 16 2 1 1 1566 1546 1630 1724 6317 6318 6319 6320
1631 16 2 1 1 2726 2750 2669 2702 6321 6316 6322 4039
1632 16 2 1 1 2211 2220 2083 2160 2921 6323 6324 6325
1633 16 2 1 1 2542 2541 2446 2500 6182 6326 6327 6146
1634 16 2 1 1 1847 1993 2109 1940 6328 4259 6329 4341
1635 16 2 1 1 1479 1388 1496 1542 3034 6330 6331 6332
1636 16 2 1 1 2196 2232 2359 2259 6333 6334 6335 4167
1637 16 2 1 1 2565 2571 2503 2545 3377 6336 6337 5675
1638 16 2 1 1 2704 2666 2635 2596 6186 6298 6283 6267
1639 16 2 1 1 2446 2490 2314 2395 6338 6339 6340 6341
1640 16 2 1 1 2427 2491 2448 2371 6342 3166 6291 6343
1641 16 2 1 1 2579 2568 2626 2611 3057 5192 6344 6345
1642 16 2 1 1 2459 2369 2259 2359 6346 6088 6335 6347
1643 16 2 1 1 601 734 729 502 6348 6058 6349 6350
1644 16 2 1 1 2541 2585 2490 2446 6302 5803 6338 6326
1645 16 2 1 1 2765 2780 2751 2723 6351 2975 6188 3678
1646 16 2 1 1 898 1107 980 877 6352 5982 6353 6354
1647 16 2 1 1 1158 1293 1414 1382 6355 6356 6357 6358
1648 16 2 1 1 2490 2421 2405 2314 5802 6181 6125 6339
1649 16 2 1 1 2555 2621 2688 2630 5849 6359 6360 6361
1650 16 2 1 1 936 750 960 1135 6362 6363 6364 6365
1651 16 2 1 1 1571 1639 1577 1494 6366 4122 6009 6175
1652 16 2 1 1 1629 1732 1833 1812 3120 6367 6368 6369
1653 16 2 1 1 2125 2175 2118 2060 6370 5594 6371 4245
1654 16 2 1 1 2267 2205 2311 2328 5757 6372 5423 4235
1655 16 2 1 1 1983 1879 2013 2117 6373 6374 6375 6376
1656 16 2 1 1 2598 2574 2550 2610 6129 6377 6378 6158
1657 16 2 1 1 1254 1441 1589 1400 5440 5896 6379 4272
1658 16 2 1 1 1728 1693 1633 1526 6380 6381 6293 6382
1659 16 2 1 1 1439 1598 1640 1756 6383 6384 6032 6385
1660 16 2 1 1 1967 1943 2100 2032 5614 5621 6099 6072
1661 16 2 1 1 1327 1105 959 1160 6386 4527 5840 4274
1662 16 2 1 1 2203 2217 2110 2154 6387 6388 6389 3204
1663 16 2 1 1 1878 1900 1954 2041 4229 6199 6390 3909
1664 16 2 1 1 1904 2024 2113 1956 5458 6391 6392 6393
1665 16 2 1 1 2634 2610 2587 2645 6156 6394 6395 6101
1666 16 2 1 1 2307 2270 2233 2148 6396 5196 6277 6397
1667 16 2 1 1 2424 2379 2350 2486 6313 4921 6398 2886
1668 16 2 1 1 974 884 797 993 3031 6399 6400 4741
1669 16 2 1 1 2037 2107 1958 1897 6273 6401 6309 6402
1670 16 2 1 1 2071 2007 2127 2194 6403 6404 4420 6279
1671 16 2 1 1 2255 2279 2212 2151 3778 6405 6173 3365
1672 16 2 1 1 2441 2410 2308 2337 6406 6407 6408 2917
1673 16 2 1 1 1708 1749 1889 1772 5831 5731 6142 6208
1674 16 2 1 1 2293 2291 2412 2317 6409 6410 6411 6412
1675 16 2 1 1 2545 2503 2410 2441 6337 6413 6406 6245
1676 16 2 1 1 1307 1200 1317 1389 6414 6415 6416 6417
1677 16 2 1 1 733 518 500 525 6418 6419 6420 6421
1678 16 2 1 1 2603 2604 2547 2571 3373 6422 6423 3380
1679 16 2 1 1 2337 2308 2147 2220 6408 6424 6425 2920
1680 16 2 1 1 1097 956 1174 1296 3212 6426 6427 6428
1681 16 2 1 1 2280 2206 2145 2072 5242 3604 5929 6429
1682 16 2 1 1 2205 2194 2250 2311 6280 4419 6430 6372
1683 16 2 1 1 920 888 991 1096 6431 3269 6432 6433
1684 16 2 1 1 1657 1634 1824 1733 5134 5315 5679 5574
1685 16 2 1 1 933 857 962 1129 6434 6435 6436 6437
1686 16 2 1 1 1564 1565 1650 1727 6438 6439 6440 3348
1687 16 2 1 1 1810 1857 1980 1782 5084 6441 6442 3012
1688 16 2 1 1 2696 2703 2755 2720 2981 3869 6443 6444
1689 16 2 1 1 1846 1910 1992 1875 6445 3861 6446 6447
1690 16 2 1 1 2717 2748 2783 2760 6448 3807 6449 2823
1691 16 2 1 1 2449 2384 2430 2480 6450 6451 6452 3221
1692 16 2 1 1 2225 2303 2173 2095 6239 6453 6275 6454
1693 16 2 1 1 2343 2342 2227 2303 6137 6455 6456 6241
1694 16 2 1 1 2147 2174 2030 2099 6457 6458 6459 6460
1695 16 2 1 1 2405 2404 2306 2351 6180 5722 6461 6126
1696 16 2 1 1 1828 1973 1867 1747 4800 5320 5764 5613
1697 16 2 1 1 2226 2225 2095 2177 6204 6454 6462 6172
1698 16 2 1 1 1976 1842 1813 1858 6463 5775 6464 5943
1699 16 2 1 1 1466 1375 1520 1594 6465 5519 3746 5600
1700 16 2 1 1 1723 1621 1883 1808 2958 5904 6263 6466
1701 16 2 1 1 1820 1691 1630 1525 5392 6467 6468 6150
1702 16 2 1 1 1462 1598 1414 1255 6469 6470 6471 6472
1703 16 2 1 1 1999 2115 2167 2065 6473 6474 6475 6476
1704 16 2 1 1 2282 2284 2411 2350 6477 6478 6479 4923
1705 16 2 1 1 2369 2459 2547 2469 6346 6480 6481 6004
1706 16 2 1 1 1132 1230 1434 1343 6482 4385 5520 5435
1707 16 2 1 1 873 1001 843 646 3196 6483 6484 3079
1708 16 2 1 1 1883 1773 2043 1960 5903 6076 6258 6264
1709 16 2 1 1 1226 1058 957 1031 6485 5583 6486 6487
1710 16 2 1 1 958 1067 1015 852 6488 5918 5736 6489
1711 16 2 1 1 1975 2047 2163 2104 6159 5777 5814 5923
1712 16 2 1 1 902 1027 1205 1121 4737 5348 5893 4565
1713 16 2 1 1 1998 2104 2236 2178 5924 5813 6490 6107
1714 16 2 1 1 1968 2033 2168 2106 6491 3225 5927 5962
1715 16 2 1 1 2063 2196 2305 2164 6492 4166 6091 4257
1716 16 2 1 1 1495 1575 1389 1317 6493 6494 6416 6495
1717 16 2 1 1 2039 2037 1897 1971 6496 6402 6497 6104
1718 16 2 1 1 2304 2339 2444 2408 6498 2999 5917 6081
1719 16 2 1 1 1823 1957 2044 1902 6499 6500 4672 6501
1720 16 2 1 1 610 833 641 420 6502 6503 6504 6505
1721 16 2 1 1 1886 1775 1706 1623 3160 2902 5543 6177
1722 16 2 1 1 1639 1571 1816 1749 6366 5663 5732 5830
1723 16 2 1 1 2284 2282 2166 2240 6477 5868 6506 5311
1724 16 2 1 1 1665 1636 1496 1575 6507 6508 6509 6510
1725 16 2 1 1 2469 2547 2604 2569 6481 6422 6195 6154
1726 16 2 1 1 496 302 303 598 6511 352 6168 5976
1727 16 2 1 1 2001 2097 1954 1851 6512 6513 6198 6070
1728 16 2 1 1 2309 2183 2065 2200 6514 6515 6516 6215
1729 16 2 1 1 318 319 406 599 368 6517 6518 6519
1730 16 2 1 1 2178 2236 2339 2304 6490 5855 6498 6044
1731 16 2 1 1 1977 1926 1886 1795 5881 3161 6176 6520
1732 16 2 1 1 827 640 861 952 6521 6522 5070 5184
1733 16 2 1 1 2043 1928 2160 2083 6075 5959 6324 6259
1734 16 2 1 1 2264 2354 2378 2440 5885 5247 6523 6087
1735 16 2 1 1 2534 2521 2608 2563 5969 5913 6315 5968
1736 16 2 1 1 2488 2477 2573 2521 5915 2862 5914 5972
1737 16 2 1 1 2376 2440 2479 2532 6086 6524 6525 2995
1738 16 2 1 1 2316 2408 2488 2458 6082 5916 5971 6255
1739 16 2 1 1 2525 2546 2620 2560 6153 6051 3840 3043
1740 16 2 1 1 2556 2586 2648 2596 6184 5985 6268 6286
1741 16 2 1 1 1173 1293 958 1095 6526 6527 6528 5210
1742 16 2 1 1 2099 2083 2220 2147 6256 6323 6425 6460
1743 16 2 1 1 2519 2585 2601 2655 5804 6301 6529 4149
1744 16 2 1 1 2639 2656 2705 2681 6161 5991 5341 2907
1745 16 2 1 1 606 824 669 452 6530 5863 6531 6532
1746 16 2 1 1 2342 2407 2298 2227 6292 5846 6533 6455
1747 16 2 1 1 2613 2611 2646 2644 6534 6535 4202 6536
1748 16 2 1 1 2679 2643 2691 2698 6314 3431 6537 2860
1749 16 2 1 1 2007 2071 2170 2049 6403 3767 6538 3739
1750 16 2 1 1 2445 2550 2574 2486 6539 6377 2887 6540
1751 16 2 1 1 2698 2691 2716 2738 6537 4158 6541 4038
1752 16 2 1 1 2750 2726 2757 2772 6321 3719 4320 3677
1753 16 2 1 1 2347 2263 2211 2135 3864 2922 6542 6543
1754 16 2 1 1 2279 2326 2294 2212 6544 3201 5942 6405
1755 16 2 1 1 2542 2470 2614 2586 6145 5966 5986 6183
1756 16 2 1 1 2532 2479 2549 2567 6525 6545 6546 2864
1757 16 2 1 1 1647 1618 1461 1559 3010 4809 6547 6548
1758 16 2 1 1 1961 1960 2099 2030 6261 6257 6459 6549
1759 16 2 1 1 2174 2147 2308 2232 6457 6424 6550 6551
1760 16 2 1 1 2336 2335 2461 2370 6552 6553 6554 6555
1761 16 2 1 1 1800 1645 1752 1912 6556 6557 6558 6559
1762 16 2 1 1 1808 1798 1649 1723 6560 6217 6561 6466
1763 16 2 1 1 2102 2010 2129 2141 5680 6562 6563 5632
1764 16 2 1 1 2440 2378 2435 2479 6523 6564 6565 6524
1765 16 2 1 1 2581 2517 2559 2597 3189 6566 6567 6568
1766 16 2 1 1 2567 2549 2593 2629 6546 3857 6569 3793
1767 16 2 1 1 2780 2765 2778 2792 6351 3665 3358 3464
1768 16 2 1 1 2176 2073 2139 2214 4716 5287 6570 5837
1769 16 2 1 1 2600 2557 2683 2656 6203 6024 5992 6160
1770 16 2 1 1 1629 1719 1506 1558 6571 6572 6573 3121
1771 16 2 1 1 2239 2111 2025 2166 6574 6575 6576 5867
1772 16 2 1 1 2281 2218 2313 2356 2873 6577 3754 6080
1773 16 2 1 1 2167 2283 2200 2065 6578 6579 6516 6475
1774 16 2 1 1 2489 2382 2349 2428 6580 5381 6232 6123
1775 16 2 1 1 2652 2564 2598 2650 4073 6130 6157 4159
1776 16 2 1 1 1889 1862 2033 1968 5730 3240 6491 6143
1777 16 2 1 1 2395 2394 2500 2446 5977 5130 6327 6341
1778 16 2 1 1 2616 2599 2684 2631 6047 4056 6581 6026
1779 16 2 1 1 2655 2601 2635 2672 6529 6284 6297 4058
1780 16 2 1 1 1296 1159 975 1097 6582 6583 6584 6428
1781 16 2 1 1 1874 1875 1992 2052 5202 6446 3713 4524
1782 16 2 1 1 1798 1808 1961 1847 6560 6262 6585 4344
1783 16 2 1 1 2515 2540 2616 2557 5091 6048 6025 6202
1784 16 2 1 1 2270 2307 2395 2314 6396 5978 6340 6124
1785 16 2 1 1 2491 2427 2584 2546 6342 6021 6052 6152
1786 16 2 1 1 1201 1297 1127 971 3036 6586 6587 6588
1787 16 2 1 1 2064 2144 2097 2001 6589 6590 6512 6591
1788 16 2 1 1 2227 2298 2238 2172 6533 5781 6592 6593
1789 16 2 1 1 770 799 1000 870 3959 4589 5741 3025
1790 16 2 1 1 2423 2458 2534 2470 6253 5970 5967 6144
1791 16 2 1 1 2529 2537 2590 2570 3385 5307 6594 5478
1792 16 2 1 1 2697 2712 2753 2722 6163 6027 4758 3101
1793 16 2 1 1 2632 2682 2714 2703 6595 6596 3866 2980
1794 16 2 1 1 2498 2499 2580 2540 5451 6018 6049 5094
1795 16 2 1 1 2631 2684 2733 2712 6581 3820 6028 6162
1796 16 2 1 1 2378 2355 2420 2435 5246 6016 4835 6564
1797 16 2 1 1 1830 1718 1846 1875 5935 6597 6447 5205
1798 16 2 1 1 1607 1667 1531 1519 6598 3843 6251 3888
1799 16 2 1 1 2479 2435 2513 2549 6565 4834 3858 6545
1800 16 2 1 1 2371 2409 2501 2427 6139 6118 6022 6343
1801 16 2 1 1 1450 1493 1669 1525 3500 4120 6151 6599
1802 16 2 1 1 2148 2229 2341 2307 6600 3185 5979 6397
1803 16 2 1 1 1149 1245 1339 1139 6601 6602 6603 6604
1804 16 2 1 1 1973 1860 1988 2009 4802 5143 6605 5321
1805 16 2 1 1 2360 2208 2165 2268 6606 5770 6236 5382
1806 16 2 1 1 2648 2636 2702 2669 5984 2858 6322 6269
1807 16 2 1 1 2010 2052 2019 2129 4521 3712 4507 6562
1808 16 2 1 1 2442 2370 2504 2468 6607 6608 6609 6610
1809 16 2 1 1 1281 1411 1591 1443 6611 6612 6613 5097
1810 16 2 1 1 1958 1957 1823 1908 6614 6499 6615 6310
1811 16 2 1 1 2183 2058 1999 2065 6616 6617 6476 6515
1812 16 2 1 1 2268 2290 2401 2349 6235 5945 6233 5383
1813 16 2 1 1 1595 1753 1675 1508 6618 6619 6620 6621
1814 16 2 1 1 2038 2086 2044 1957 6622 4643 6500 6623
1815 16 2 1 1 1993 2030 2174 2063 6624 6458 6625 4260
1816 16 2 1 1 2173 2172 2038 2107 6626 6627 6628 6276
1817 16 2 1 1 2343 2258 2457 2409 6240 5720 6119 6138
1818 16 2 1 1 1439 1563 1476 1382 6629 6094 6630 6631
1819 16 2 1 1 1995 2106 2229 2148 5963 5926 6600 6278
1820 16 2 1 1 1956 1895 1811 1904 5082 6065 6632 6393
1821 16 2 1 1 2226 2130 2351 2306 6171 5194 6461 6205
1822 16 2 1 1 2283 2167 2239 2353 6578 6633 5866 4335
1823 16 2 1 1 1327 1317 1200 1105 6634 6415 6635 6386
1824 16 2 1 1 853 926 1116 959 4691 5532 5841 4526
1825 16 2 1 1 1415 1253 1058 1226 6636 6637 6485 6638
1826 16 2 1 1 2700 2696 2720 2748 6639 6444 3804 6640
1827 16 2 1 1 1084 1244 1430 1284 6641 6642 6643 6644
1828 16 2 1 1 2070 2108 2222 2165 2946 5853 6237 5772
1829 16 2 1 1 1430 1606 1464 1284 6645 6646 6647 6643
1830 16 2 1 1 2037 2039 2177 2095 6496 6106 6462 6274
1831 16 2 1 1 2219 2175 2125 2193 4301 6370 6648 4077
1832 16 2 1 1 2368 2399 2326 2279 6010 3743 6544 3777
1833 16 2 1 1 1589 1588 1495 1400 5793 6649 6650 6379
1834 16 2 1 1 1838 1692 1879 1983 6034 6651 6373 6652
1835 16 2 1 1 1813 1884 1966 1858 4880 3128 5857 6464
1836 16 2 1 1 2141 2129 2195 2218 6563 4506 6653 2876
1837 16 2 1 1 1096 971 768 920 6654 6655 6656 6433
1838 16 2 1 1 2218 2195 2256 2313 6653 3925 6657 6577
1839 16 2 1 1 1542 1559 1416 1479 6658 6659 6660 6332
1840 16 2 1 1 1691 1809 1724 1630 6136 2969 6319 6467
1841 16 2 1 1 2030 1993 1847 1961 6624 6328 6585 6549
1842 16 2 1 1 931 852 778 635 6661 5737 5838 6662
1843 16 2 1 1 1441 1562 1723 1649 5439 2959 6561 5894
1844 16 2 1 1 2072 2180 2207 2280 5762 6663 6664 6429
1845 16 2 1 1 1779 1829 1967 1851 5466 5615 6071 6200
1846 16 2 1 1 1543 1561 1413 1472 2935 6665 6666 5606
1847 16 2 1 1 1840 1711 1763 1804 4859 6667 6668 5339
1848 16 2 1 1 2274 2338 2413 2393 6669 5950 6670 6671
1849 16 2 1 1 2097 2179 2041 1954 6672 5694 6390 6513
1850 16 2 1 1 2265 2333 2149 2217 6673 6674 6675 6676
1851 16 2 1 1 2285 2209 2260 2363 6677 6678 6679 6680
1852 16 2 1 1 2101 2187 2153 2247 5744 3557 4708 5289
1853 16 2 1 1 2456 2398 2381 2451 3723 4233 6681 3698
1854 16 2 1 1 2509 2433 2526 2589 5334 6682 6683 6684
1855 16 2 1 1 1526 1653 1822 1728 3122 5517 6231 6382
1856 16 2 1 1 2149 2237 2075 2006 6685 6112 5844 6686
1857 16 2 1 1 470 249 250 449 5336 299 6687 5065
1858 16 2 1 1 496 449 250 251 5975 6687 300 6688
1859 16 2 1 1 2054 1914 1832 1947 6062 6689 6690 4480
1860 16 2 1 1 2707 2678 2692 2736 5577 6691 6692 6693
1861 16 2 1 1 1525 1630 1546 1450 6468 6318 6166 6599
1862 16 2 1 1 1795 1893 2036 1977 6694 3428 6695 6520
1863 16 2 1 1 2275 2344 2384 2449 6696 6697 6450 6698
1864 16 2 1 1 1750 1542 1496 1636 6699 6331 6508 6067
1865 16 2 1 1 1559 1542 1750 1647 6658 6699 6700 6548
1866 16 2 1 1 1521 1273 1375 1466 3694 4872 6465 4255
1867 16 2 1 1 1651 1563 1611 1725 6095 6701 5161 5898
1868 16 2 1 1 2161 2162 2243 2197 6702 6703 6704 6705
1869 16 2 1 1 2009 1988 2059 2077 6605 3609 6706 5891
1870 16 2 1 1 2242 2361 2266 2136 6707 6017 6708 6247
1871 16 2 1 1 1792 1809 1971 1897 2966 6135 6497 6312
1872 16 2 1 1 2438 2402 2422 2478 3516 6709 6710 4162
1873 16 2 1 1 651 710 920 768 6711 6712 6656 5666
1874 16 2 1 1 2214 2139 2272 2332 6570 6713 6714 3944
1875 16 2 1 1 2410 2359 2232 2308 6715 6334 6550 6407
1876 16 2 1 1 2272 2216 2312 2330 6716 3511 4111 6717
1877 16 2 1 1 2310 2249 2274 2329 6718 6719 6720 6721
1878 16 2 1 1 1340 1433 1519 1354 6722 3889 6250 6723
1879 16 2 1 1 2386 2380 2265 2340 3702 6724 6725 3744
1880 16 2 1 1 1916 1804 1844 1871 5340 6726 6727 5142
1881 16 2 1 1 2508 2462 2487 2552 6728 6729 6730 6731
1882 16 2 1 1 1412 1224 1131 1281 6732 6733 6734 5096
1883 16 2 1 1 1655 1731 1842 1761 4713 5776 6735 6190
1884 16 2 1 1 1832 1909 2051 1947 6736 6737 6738 6690
1885 16 2 1 1 2552 2487 2576 2622 6730 6739 6740 6741
1886 16 2 1 1 1469 1609 1690 1541 6742 6743 5618 4169
1887 16 2 1 1 2058 1978 1981 1999 6744 6745 6746 6617
1888 16 2 1 1 2544 2543 2496 2432 5847 3644 6747 6006
1889 16 2 1 1 2630 2688 2694 2727 6360 3979 4020 2872
1890 16 2 1 1 2224 2213 2276 2344 5634 6748 6749 6750
1891 16 2 1 1 2347 2271 2388 2437 6751 3477 6752 3865
1892 16 2 1 1 2160 2067 2135 2211 5958 6304 6542 6325
1893 16 2 1 1 1929 2026 2185 2066 3049 6753 6754 3056
1894 16 2 1 1 2503 2459 2359 2410 6755 6347 6715 6413
1895 16 2 1 1 2582 2527 2561 2625 6271 6756 6757 6758
1896 16 2 1 1 2725 2735 2730 2752 3150 6759 4041 3949
1897 16 2 1 1 1172 1187 1386 1306 2954 3247 5586 5704
1898 16 2 1 1 2332 2272 2330 2397 6714 6717 6760 3475
1899 16 2 1 1 2172 2173 2303 2227 6626 6453 6456 6593
1900 16 2 1 1 2018 1859 1987 2112 4669 5954 6761 3927
1901 16 2 1 1 2401 2348 2432 2496 5944 6089 6747 6234
1902 16 2 1 1 1411 1281 1131 1247 6611 6734 6762 5689
1903 16 2 1 1 2785 2797 2791 2775 4404 3090 4063 3877
1904 16 2 1 1 1714 1643 1713 1803 4366 6000 4184 3617
1905 16 2 1 1 2472 2524 2494 2443 5240 6763 6764 3696
1906 16 2 1 1 605 825 723 444 6765 6766 6767 6768
1907 16 2 1 1 1262 1423 1601 1447 6769 6770 6771 6772
1908 16 2 1 1 2115 2053 1980 2111 6773 6774 6775 6776
1909 16 2 1 1 819 618 518 733 5410 6777 6418 6778
1910 16 2 1 1 2397 2330 2419 2467 6760 4110 6779 4017
1911 16 2 1 1 2651 2661 2653 2671 3654 6780 5023 6781
1912 16 2 1 1 1389 1388 1201 1307 6782 3033 6783 6417
1913 16 2 1 1 2139 2247 2216 2272 5286 4707 6716 6713
1914 16 2 1 1 1645 1464 1606 1752 6784 6646 4469 6557
1915 16 2 1 1 2112 1987 1850 2003 6761 6785 6786 3970
1916 16 2 1 1 2232 2196 2063 2174 6333 6492 6625 6551
1917 16 2 1 1 2637 2651 2671 2706 3375 6781 6787 3155
1918 16 2 1 1 1791 1807 1676 1722 2939 6788 6789 5912
1919 16 2 1 1 2466 2467 2434 2481 4018 6790 6791 6792
1920 16 2 1 1 2615 2555 2630 2680 3014 6361 2871 3004
1921 16 2 1 1 2075 2089 1951 2031 6111 6793 6794 5845
1922 16 2 1 1 2571 2547 2459 2503 6423 6480 6755 6336
1923 16 2 1 1 2644 2682 2559 2613 6795 6796 6797 6536
1924 16 2 1 1 975 1159 1329 1126 6583 5264 6798 6799
1925 16 2 1 1 2122 2014 2120 2191 5117 6800 5493 6801
1926 16 2 1 1 2480 2430 2474 2527 6452 6802 6803 6270
1927 16 2 1 1 2481 2537 2482 2466 5308 3384 6804 6792
1928 16 2 1 1 2612 2640 2622 2576 6805 6806 6740 6807
1929 16 2 1 1 1857 1956 2113 2025 5083 6392 6808 6809
1930 16 2 1 1 1986 2054 2127 2007 6063 4479 6404 3742
1931 16 2 1 1 2749 2767 2739 2721 2829 3551 5455 6810
1932 16 2 1 1 1793 1880 2056 1941 3037 4757 6811 4224
1933 16 2 1 1 597 521 107 108 6812 6813 157 5250
1934 16 2 1 1 2111 1980 1857 2025 6775 6441 6809 6575
1935 16 2 1 1 2524 2568 2536 2494 5189 3060 6814 6763
1936 16 2 1 1 4 302 496 251 351 6511 6688 301
1937 16 2 1 1 526 748 934 736 6815 6816 5595 6817
1938 16 2 1 1 1957 1958 2107 2038 6614 6401 6628 6623
1939 16 2 1 1 1977 2036 2154 2110 6695 3415 6389 5882
1940 16 2 1 1 2627 2653 2661 2628 4278 6780 5279 4186
1941 16 2 1 1 1922 2061 1942 1781 6818 6108 3126 6819
1942 16 2 1 1 2437 2388 2466 2482 6752 4019 6804 2814
1943 16 2 1 1 1328 1144 1044 1180 4995 6820 6821 5648
1944 16 2 1 1 1388 1389 1575 1496 6782 6494 6509 6330
1945 16 2 1 1 1964 1881 1924 2028 6822 6823 6824 3065
1946 16 2 1 1 2197 2300 2248 2161 6294 6825 6826 6705
1947 16 2 1 1 2494 2536 2372 2460 6814 3062 6244 6827
1948 16 2 1 1 2693 2719 2745 2711 3814 4441 4487 5973
1949 16 2 1 1 1741 1610 1769 1905 6828 5938 5475 6829
1950 16 2 1 1 2300 2338 2189 2248 5947 6830 6831 6825
1951 16 2 1 1 2668 2711 2732 2687 5974 4486 6832 6100
1952 16 2 1 1 1910 1753 1627 1834 6833 6834 6835 3862
1953 16 2 1 1 2135 2230 2271 2347 6303 3942 6751 6543
1954 16 2 1 1 2295 2320 2414 2296 6836 6837 6838 6839
1955 16 2 1 1 1951 1952 1831 1877 6840 6841 6842 6843
1956 16 2 1 1 1167 1341 1517 1372 6844 6845 6846 6847
1957 16 2 1 1 1575 1495 1588 1665 6493 6649 6848 6510
1958 16 2 1 1 1895 1810 1647 1750 5085 3011 6700 6066
1959 16 2 1 1 2380 2460 2333 2265 6849 6243 6673 6724
1960 16 2 1 1 1759 1836 1922 1781 6850 3669 6819 3470
1961 16 2 1 1 2024 2182 2240 2113 6164 5312 6851 6391
1962 16 2 1 1 2207 2181 2235 2302 6852 6853 5887 6854
1963 16 2 1 1 2489 2587 2610 2550 6122 6394 6378 6855
1964 16 2 1 1 2569 2657 2688 2621 6194 3980 6359 6155
1965 16 2 1 1 2731 2749 2721 2701 3539 6810 4034 2841
1966 16 2 1 1 2667 2725 2746 2694 3151 3948 4021 3978
1967 16 2 1 1 1981 2053 2115 1999 6856 6773 6473 6746
1968 16 2 1 1 1275 1165 1492 1395 4870 5266 6857 2934
1969 16 2 1 1 2132 2223 1996 2089 6858 6859 6860 6114
1970 16 2 1 1 2062 2162 2117 2013 6861 6862 6375 6863
1971 16 2 1 1 2333 2261 2237 2149 6242 6228 6685 6674
1972 16 2 1 1 2390 2318 2200 2283 6196 6214 6579 4334
1973 16 2 1 1 2443 2494 2460 2380 6764 6827 6849 3704
1974 16 2 1 1 2373 2454 2475 2538 6864 6865 6866 6867
1975 16 2 1 1 1834 1627 1758 1787 6835 6868 6869 6870
1976 16 2 1 1 1644 1765 1911 1799 6871 4728 6872 6873
1977 16 2 1 1 2181 2005 2128 2235 5997 6109 3554 6853
1978 16 2 1 1 2382 2489 2550 2445 6580 6855 6539 4942
1979 16 2 1 1 2109 2108 2023 1940 5854 2945 6874 6329
1980 16 2 1 1 2413 2324 2391 2462 5949 6875 6876 6877
1981 16 2 1 1 1665 1588 1610 1741 6848 5792 6828 6878
1982 16 2 1 1 2172 2238 2086 2038 6592 6260 6622 6627
1983 16 2 1 1 1452 1596 1765 1644 6879 4807 6871 4471
1984 16 2 1 1 1979 1800 1912 1978 6880 6559 6881 6882
1985 16 2 1 1 2053 1911 1782 1980 6883 4727 6442 6774
1986 16 2 1 1 2051 1909 1776 1927 6737 5425 4670 6884
1987 16 2 1 1 2518 2615 2645 2587 3015 3003 6395 6121
1988 16 2 1 1 2708 2730 2735 2710 5456 6759 6885 5144
1989 16 2 1 1 2208 2360 2411 2284 6606 4944 6478 5310
1990 16 2 1 1 2384 2327 2373 2430 6886 6887 6888 6451
1991 16 2 1 1 2179 2097 2144 2213 6672 6590 6889 5637
1992 16 2 1 1 2411 2445 2486 2350 4943 6540 6398 6479
1993 16 2 1 1 1905 1904 1811 1741 5459 6632 6890 6829
1994 16 2 1 1 1771 1898 1945 2042 6891 4049 6892 6893
1995 16 2 1 1 2520 2564 2619 2548 6131 4072 6894 6127
1996 16 2 1 1 1636 1665 1741 1811 6507 6878 6890 6068
1997 16 2 1 1 2381 2455 2512 2451 5036 5740 5326 6681
1998 16 2 1 1 1412 1256 1060 1224 6895 6896 6897 6732
1999 16 2 1 1 2321 2346 2241 2299 3583 6898 6899 3578
2000 16 2 1 1 1595 1419 1262 1447 6900 6901 6772 6902
2001 16 2 1 1 1727 1650 1794 1880 6440 5899 4754 3040
2002 16 2 1 1 866 1038 1088 970 6903 4013 6904 3701
2003 16 2 1 1 1769 1907 1940 2023 5937 4342 6874 5476
2004 16 2 1 1 1232 1067 1158 1270 5919 6905 6906 5692
2005 16 2 1 1 2167 2115 2111 2239 6474 6776 6574 6633
2006 16 2 1 1 1842 1976 1870 1761 6463 2818 6907 6735
2007 16 2 1 1 1812 1885 1719 1629 6908 3131 6571 6369
2008 16 2 1 1 2240 2166 2025 2113 6506 6576 6808 6851
2009 16 2 1 1 1256 1412 1604 1463 6895 5095 6909 4107
2010 16 2 1 1 1374 1523 1608 1454 6910 6911 4715 6912
2011 16 2 1 1 1734 1733 1893 1795 5571 5678 6694 6179
2012 16 2 1 1 2431 2495 2507 2450 3488 4916 6913 6914
2013 16 2 1 1 2117 1994 1848 1983 6915 5900 6916 6376
2014 16 2 1 1 2199 2276 2213 2144 6917 6748 6889 6918
2015 16 2 1 1 1317 1327 1400 1495 6634 4273 6650 6495
2016 16 2 1 1 1598 1439 1382 1414 6383 6631 6357 6470
2017 16 2 1 1 1912 1752 1644 1799 6558 4468 6873 6919
2018 16 2 1 1 1437 1524 1609 1469 6920 4009 6742 6921
2019 16 2 1 1 2001 2032 2171 2064 6069 6098 6922 6591
2020 16 2 1 1 1329 1180 1044 1126 6923 6821 5004 6798
2021 16 2 1 1 2184 2114 1947 2051 6924 4481 6738 6925
2022 16 2 1 1 1724 1624 1440 1566 2968 6926 6927 6320
2023 16 2 1 1 2022 2013 1879 1955 6928 6374 6929 6930
2024 16 2 1 1 2064 2171 2299 2241 6922 3602 6899 6931
2025 16 2 1 1 1735 1656 1536 1700 6932 6933 6934 6935
2026 16 2 1 1 2183 2309 2361 2242 6514 5232 6707 6936
2027 16 2 1 1 1812 1833 1881 1964 6368 6937 6822 6938
2028 16 2 1 1 2531 2517 2426 2485 6939 3188 6940 6941
2029 16 2 1 1 2286 2323 2416 2287 4060 6942 6943 6944
2030 16 2 1 1 1908 1751 1624 1792 6945 6946 2967 6311
2031 16 2 1 1 1927 2074 2184 2051 4641 5181 6925 6884
2032 16 2 1 1 2734 2699 2670 2689 3837 2852 6947 6948
2033 16 2 1 1 2689 2670 2640 2612 6947 2915 6805 6949
2034 16 2 1 1 693 781 1029 929 6950 4779 6951 4359
2035 16 2 1 1 1224 1060 858 1034 6897 4798 6952 6953
2036 16 2 1 1 1591 1411 1342 1505 6612 5688 6954 5566
2037 16 2 1 1 1987 1843 1696 1850 5953 6955 6956 6785
2038 16 2 1 1 2659 2646 2611 2626 2905 6535 6344 6120
2039 16 2 1 1 1753 1595 1447 1627 6618 6902 6957 6834
2040 16 2 1 1 1345 1427 1523 1374 6958 6959 6910 3448
2041 16 2 1 1 1143 1241 1247 1150 4993 5690 6960 6961
2042 16 2 1 1 1479 1416 1225 1297 6660 6012 6962 3035
2043 16 2 1 1 2114 2184 2215 2250 6924 5180 6963 4422
2044 16 2 1 1 2622 2562 2522 2552 6964 2925 6965 6741
2045 16 2 1 1 2715 2714 2682 2644 6966 6596 6795 4201
2046 16 2 1 1 515 741 675 620 6967 4704 6968 6969
2047 16 2 1 1 2241 2199 2144 2064 6970 6918 6589 6931
2048 16 2 1 1 2329 2392 2465 2417 6971 4195 6972 6973
2049 16 2 1 1 1255 1414 1293 1173 6471 6356 6526 5553
2050 16 2 1 1 1186 1347 1438 1274 6974 3546 5759 4178
2051 16 2 1 1 1902 1738 1660 1823 4711 5625 6975 6501
2052 16 2 1 1 1982 1784 1864 1935 3707 6040 3283 6976
2053 16 2 1 1 2280 2207 2302 2352 6664 6854 4898 5243
2054 16 2 1 1 1756 1611 1563 1439 6977 6701 6629 6385
2055 16 2 1 1 1771 1881 1833 1693 6978 6937 6979 6980
2056 16 2 1 1 2658 2594 2514 2588 6981 6982 6983 6984
2057 16 2 1 1 2682 2632 2597 2559 6595 2833 6567 6796
2058 16 2 1 1 2609 2654 2605 2566 4031 3982 6985 3134
2059 16 2 1 1 2773 2769 2720 2755 6986 3805 6443 3892
2060 16 2 1 1 2588 2514 2468 2504 6983 6225 6609 6987
2061 16 2 1 1 1677 1507 1355 1534 6988 6989 6990 3533
2062 16 2 1 1 991 1009 1105 1200 3268 4525 6635 6991
2063 16 2 1 1 1224 1034 1033 1131 6953 6992 6993 6733
2064 16 2 1 1 2737 2729 2714 2715 4172 3867 6966 5342
2065 16 2 1 1 1517 1341 1340 1354 6845 3940 6723 6994
2066 16 2 1 1 506 728 830 609 6995 4907 6996 6997
2067 16 2 1 1 2497 2539 2483 2510 3640 3880 6998 3673
2068 16 2 1 1 2782 2781 2769 2773 4055 3854 6986 4723
2069 16 2 1 1 2800 2799 2786 2781 2810 3140 3855 4054
2070 16 2 1 1 1419 1595 1508 1418 6900 6621 4011 6999
2071 16 2 1 1 433 671 835 615 5408 7000 5545 7001
2072 16 2 1 1 2199 2241 2346 2262 6970 6898 7002 7003
2073 16 2 1 1 1983 1848 1837 1838 6916 5554 7004 6652
2074 16 2 1 1 2748 2717 2665 2700 6448 7005 7006 6640
2075 16 2 1 1 2310 2329 2417 2367 6721 6973 3684 7007
2076 16 2 1 1 554 458 781 693 3523 3452 6950 3409
2077 16 2 1 1 1200 1307 1096 991 6414 7008 6432 6991
2078 16 2 1 1 1660 1751 1908 1823 7009 6945 6615 6975
2079 16 2 1 1 1703 1802 1913 1774 7010 5774 7011 7012
2080 16 2 1 1 2180 2188 2181 2207 5819 5998 6852 6663
2081 16 2 1 1 525 900 787 733 7013 7014 7015 6421
2082 16 2 1 1 731 830 1047 945 7016 4909 7017 7018
2083 16 2 1 1 1247 1131 1033 1150 6762 6993 7019 6960
2084 16 2 1 1 1507 1346 1249 1355 4780 7020 7021 6989
2085 16 2 1 1 1676 1640 1598 1462 7022 6384 6469 7023
2086 16 2 1 1 2577 2576 2487 2533 7024 6739 7025 6227
2087 16 2 1 1 498 10 11 427 7026 60 7027 7028
2088 16 2 1 1 2752 2758 2775 2770 4040 3878 4062 3947
2089 16 2 1 1 1395 1492 1662 1590 6857 3418 6193 5604
2090 16 2 1 1 2393 2392 2329 2274 7029 6971 6720 6671
2091 16 2 1 1 1293 1158 1067 958 6355 6905 6488 6527
2092 16 2 1 1 2476 2485 2412 2439 7030 7031 7032 3063
2093 16 2 1 1 2434 2506 2528 2481 7033 3652 5309 6791
2094 16 2 1 1 1529 1560 1734 1623 5525 5572 6178 5542
2095 16 2 1 1 2767 2762 2787 2776 2828 7034 3573 3552
2096 16 2 1 1 1984 1835 1774 1849 7035 7036 7037 7038
2097 16 2 1 1 2121 2120 2014 1931 7039 6800 5361 5902
2098 16 2 1 1 2338 2274 2249 2189 6669 6719 5495 6830
2099 16 2 1 1 932 1044 1144 1037 5005 6820 5113 7040
2100 16 2 1 1 2662 2676 2701 2685 7041 2842 4037 7042
2101 16 2 1 1 1246 1331 1433 1340 7043 4103 6722 3939
2102 16 2 1 1 1996 2082 1856 1952 7044 7045 7046 7047
2103 16 2 1 1 2474 2538 2566 2605 7048 7049 6985 7050
2104 16 2 1 1 2321 2331 2377 2436 3577 5212 4554 3584
2105 16 2 1 1 2538 2475 2523 2566 6866 3882 3135 7049
2106 16 2 1 1 2058 2183 2242 2123 6616 6936 6246 7051
2107 16 2 1 1 2358 2253 2251 2269 6282 3600 7052 7053
2108 16 2 1 1 839 1052 867 673 7054 5654 7055 7056
2109 16 2 1 1 1181 1335 1518 1428 7057 7058 7059 7060
2110 16 2 1 1 1597 1677 1768 1619 7061 3535 4882 3427
2111 16 2 1 1 1626 1737 1892 1801 4429 3337 7062 4504
2112 16 2 1 1 2262 2346 2374 2454 7002 3582 7063 7064
2113 16 2 1 1 535 732 836 637 7065 5433 7066 6031
2114 16 2 1 1 949 1147 967 758 7067 7068 7069 7070
2115 16 2 1 1 1126 943 787 975 5003 7071 7072 6799
2116 16 2 1 1 971 1096 1307 1201 6654 7008 6783 6588
2117 16 2 1 1 2625 2561 2641 2673 6757 3984 7073 7074
2118 16 2 1 1 2425 2507 2553 2471 7075 4915 7076 7077
2119 16 2 1 1 1693 1833 1732 1633 6979 6367 5851 6381
2120 16 2 1 1 2673 2641 2674 2695 7073 7078 3404 7079
2121 16 2 1 1 600 406 319 320 7080 6517 369 7081
2122 16 2 1 1 2589 2526 2617 2649 6683 7082 5821 7083
2123 16 2 1 1 1359 1420 1566 1440 7084 7085 6927 5365
2124 16 2 1 1 2623 2638 2676 2662 4052 2838 7041 3774
2125 16 2 1 1 1463 1604 1757 1642 6909 4821 5809 7086
2126 16 2 1 1 2366 2311 2250 2215 5424 6430 6963 5283
2127 16 2 1 1 1085 1229 1344 1248 7087 4467 7088 4353
2128 16 2 1 1 1978 2058 2123 1979 6744 7051 7089 6882
2129 16 2 1 1 2260 2301 2415 2315 7090 7091 5332 7092
2130 16 2 1 1 2638 2606 2591 2642 4051 7093 5658 2839
2131 16 2 1 1 1270 1158 1382 1476 6906 6358 6630 7094
2132 16 2 1 1 2291 2293 2157 2223 6409 7095 7096 7097
2133 16 2 1 1 2344 2276 2327 2384 6749 7098 6886 6697
2134 16 2 1 1 1559 1461 1282 1416 6547 7099 6013 6659
2135 16 2 1 1 2385 2450 2507 2425 4338 6913 7075 7100
2136 16 2 1 1 2217 2203 2340 2265 6387 3199 6725 6676
2137 16 2 1 1 2558 2624 2663 2627 7101 3776 4279 4189
2138 16 2 1 1 2633 2673 2695 2728 7102 7079 3395 7103
2139 16 2 1 1 1148 1235 1347 1186 5653 3663 6974 3446
2140 16 2 1 1 2085 1997 2146 2231 7104 7105 7106 3962
2141 16 2 1 1 2202 2296 2414 2322 5323 6838 7107 3606
2142 16 2 1 1 1979 1850 1696 1800 7108 6956 7109 6880
2143 16 2 1 1 2053 1981 1799 1911 6856 7110 6872 6883
2144 16 2 1 1 2081 2158 2253 2140 7111 3601 6281 3556
2145 16 2 1 1 451 526 736 608 7112 6817 5752 7113
2146 16 2 1 1 1683 1836 1759 1534 7114 6850 3534 7115
2147 16 2 1 1 2462 2391 2533 2487 6876 7116 7025 6729
2148 16 2 1 1 2611 2613 2531 2579 6534 7117 7118 6345
2149 16 2 1 1 2671 2710 2735 2706 5022 6885 3153 6787
2150 16 2 1 1 1838 1837 1611 1756 7004 5162 6977 6035
2151 16 2 1 1 2131 2231 2362 2301 3963 7119 7120 7121
2152 16 2 1 1 2392 2393 2508 2463 7029 7122 7123 4196
2153 16 2 1 1 2453 2418 2403 2452 4569 7124 7125 3675
2154 16 2 1 1 2276 2199 2262 2327 6917 7003 7126 7098
2155 16 2 1 1 2088 2028 2143 2221 3066 7127 7128 7129
2156 16 2 1 1 1645 1528 1353 1464 7130 7131 7132 6784
2157 16 2 1 1 1667 1712 1802 1703 7133 3907 7010 3844
2158 16 2 1 1 2006 2110 2217 2149 5880 6388 6675 6686
2159 16 2 1 1 1738 1614 1505 1592 4710 5567 7134 5626
2160 16 2 1 1 2210 2287 2416 2365 4299 6943 4340 5556
2161 16 2 1 1 1607 1687 1712 1667 7135 7136 7133 6598
2162 16 2 1 1 2344 2275 2146 2224 6696 7137 7138 6750
2163 16 2 1 1 2483 2475 2454 2374 3879 6865 7063 7139
2164 16 2 1 1 886 885 653 777 2909 5717 7140 4838
2165 16 2 1 1 2157 2159 2022 2082 7141 7142 7143 7144
2166 16 2 1 1 868 1143 1150 1053 5114 6961 7145 6212
2167 16 2 1 1 1997 2096 2224 2146 3899 5635 7138 7105
2168 16 2 1 1 2575 2562 2647 2609 2926 7146 4032 3137
2169 16 2 1 1 2116 2190 2252 2185 7147 7148 7149 7150
2170 16 2 1 1 2334 2438 2505 2389 3513 4161 7151 2896
2171 16 2 1 1 1282 1461 1596 1422 7099 4808 7152 7153
2172 16 2 1 1 1909 1832 1641 1764 6736 7154 7155 5426
2173 16 2 1 1 1640 1676 1807 1692 7022 6788 7156 6033
2174 16 2 1 1 2363 2260 2315 2402 6679 7092 7157 3515
2175 16 2 1 1 523 465 151 152 4511 6061 201 4595
2176 16 2 1 1 2079 2080 2244 2155 7158 7159 7160 4075
2177 16 2 1 1 2576 2577 2660 2612 7024 7161 7162 6807
2178 16 2 1 1 768 971 1127 880 6655 6587 7163 5667
2179 16 2 1 1 2317 2396 2204 2293 3180 7164 7165 6412
2180 16 2 1 1 2583 2628 2570 2590 4187 5281 6594 7166
2181 16 2 1 1 1458 1573 1751 1660 7167 7168 7009 5624
2182 16 2 1 1 2221 2143 2209 2285 7128 7169 6677 3048
2183 16 2 1 1 445 561 777 653 5920 3361 7140 5933
2184 16 2 1 1 507 604 823 725 7170 5818 6308 7171
2185 16 2 1 1 1422 1238 1068 1282 5236 7172 6014 7153
2186 16 2 1 1 1882 1777 1709 1760 3051 7173 7174 4281
2187 16 2 1 1 2042 1924 1881 1771 4207 6823 6978 6893
2188 16 2 1 1 2454 2373 2327 2262 6864 6887 7126 7064
2189 16 2 1 1 2592 2484 2463 2522 3638 4197 7175 2924
2190 16 2 1 1 2517 2531 2613 2559 6939 7117 6797 6566
2191 16 2 1 1 1997 2085 2042 1945 7104 4208 6892 3900
2192 16 2 1 1 2449 2383 2362 2275 3220 7176 7177 6698
2193 16 2 1 1 1510 1336 1167 1372 7178 7179 6847 7180
2194 16 2 1 1 2612 2660 2713 2689 7162 7181 7182 6949
2195 16 2 1 1 1543 1590 1720 1613 5605 6192 7183 2936
2196 16 2 1 1 2143 2084 2131 2209 7184 3964 7185 7169
2197 16 2 1 1 2324 2257 2442 2391 6296 7186 7187 6875
2198 16 2 1 1 2291 2357 2439 2412 7188 6221 7032 6410
2199 16 2 1 1 2269 2403 2418 2358 3686 7124 4947 7053
2200 16 2 1 1 1241 1328 1432 1342 4996 5651 7189 5691
2201 16 2 1 1 2538 2474 2430 2373 7048 6802 6888 6867
2202 16 2 1 1 2689 2713 2754 2734 7182 7190 3913 6948
2203 16 2 1 1 2768 2760 2793 2777 2820 7191 3503 3219
2204 16 2 1 1 2317 2412 2485 2426 6411 7031 6940 3181
2205 16 2 1 1 507 725 607 503 7171 7192 7193 7194
2206 16 2 1 1 857 1049 1084 962 7195 7196 7197 6435
2207 16 2 1 1 1952 1951 2089 1996 6840 6793 6860 7047
2208 16 2 1 1 2370 2461 2551 2504 6554 7198 7199 6608
2209 16 2 1 1 2597 2607 2551 2581 2832 7200 7201 6568
2210 16 2 1 1 2374 2436 2510 2483 3581 4556 6998 7139
2211 16 2 1 1 2686 2663 2662 2685 4276 3775 7042 5145
2212 16 2 1 1 2223 2132 2357 2291 6858 6229 7188 7097
2213 16 2 1 1 2197 2243 2336 2257 6704 7202 7203 6295
2214 16 2 1 1 2606 2530 2478 2591 2825 4163 7204 7093
2215 16 2 1 1 2191 2190 2116 2122 7205 7147 7206 6801
2216 16 2 1 1 1373 1512 1687 1607 7207 4126 7135 3887
2217 16 2 1 1 1770 1939 2055 1892 4357 4190 7208 3336
2218 16 2 1 1 1693 1728 1898 1771 6380 6230 6891 6980
2219 16 2 1 1 1787 1758 1681 1843 6869 7209 7210 5956
2220 16 2 1 1 2552 2522 2463 2508 6965 7175 7123 6731
2221 16 2 1 1 1557 1558 1415 1468 3118 7211 7212 5447
2222 16 2 1 1 822 881 1049 857 7213 7214 7195 7215
2223 16 2 1 1 1342 1432 1592 1505 7189 5811 7134 6954
2224 16 2 1 1 2028 1924 2084 2143 6824 4206 7184 7127
2225 16 2 1 1 2288 2204 2396 2335 7216 7164 7217 7218
2226 16 2 1 1 2367 2269 2251 2252 3687 7052 7219 7220
2227 16 2 1 1 2504 2551 2607 2588 7199 7200 7221 6987
2228 16 2 1 1 1049 1146 1244 1084 7222 7223 6641 7196
2229 16 2 1 1 2605 2561 2527 2474 3981 6756 6803 7050
2230 16 2 1 1 538 731 945 849 7224 7018 7225 7226
2231 16 2 1 1 2335 2396 2492 2461 7217 3183 7227 6553
2232 16 2 1 1 2588 2607 2675 2658 7221 2835 7228 6984
2233 16 2 1 1 2485 2476 2579 2531 7030 3058 7118 6941
2234 16 2 1 1 2594 2658 2700 2665 6981 7229 7006 7230
2235 16 2 1 1 1787 1859 1949 1834 5955 4668 3863 6870
2236 16 2 1 1 2696 2700 2658 2675 6639 7229 7228 2982
2237 16 2 1 1 2158 2081 1962 2027 7111 3590 4541 3054
2238 16 2 1 1 2461 2492 2581 2551 7227 3190 7201 7198
2239 16 2 1 1 2273 2285 2363 2334 3045 6680 3514 2895
2240 16 2 1 1 2590 2528 2554 2583 5306 3651 4316 7166
2241 16 2 1 1 2159 2157 2293 2204 7141 7095 7165 7231
2242 16 2 1 1 1284 1166 962 1084 7232 7233 7197 6644
2243 16 2 1 1 2120 2121 2248 2189 7039 7234 6831 5494
2244 16 2 1 1 2231 2146 2275 2362 7106 7137 7177 7119
2245 16 2 1 1 526 670 930 748 7235 7236 7237 6815
2246 16 2 1 1 1764 1641 1443 1591 7155 4819 6613 5568
2247 16 2 1 1 2082 1996 2223 2157 7044 6859 7096 7144
2248 16 2 1 1 2624 2553 2572 2623 7238 4914 4053 3773
2249 16 2 1 1 861 1040 1151 965 7239 4311 7240 5071
2250 16 2 1 1 2162 2161 1994 2117 6702 7241 6915 6862
2251 16 2 1 1 1613 1720 1877 1831 7183 2904 6842 5910
2252 16 2 1 1 2594 2660 2577 2514 7242 7161 6226 6982
2253 16 2 1 1 2673 2633 2617 2625 7102 5822 7243 7074
2254 16 2 1 1 930 880 1127 1032 7244 7163 7245 7246
2255 16 2 1 1 2582 2526 2433 2493 7247 6682 7248 6272
2256 16 2 1 1 2367 2252 2190 2310 7220 7148 7249 7007
2257 16 2 1 1 2365 2385 2320 2295 4339 7250 6836 5557
2258 16 2 1 1 1877 1775 2031 1951 2903 3163 6794 6843
2259 16 2 1 1 1141 960 750 941 7251 6363 7252 7253
2260 16 2 1 1 1243 1429 1465 1330 7254 4659 4002 5014
2261 16 2 1 1 2204 2288 2062 2159 7216 7255 7256 7231
2262 16 2 1 1 2554 2464 2425 2471 3650 7257 7077 4314
2263 16 2 1 1 1751 1573 1440 1624 7168 5366 6926 6946
2264 16 2 1 1 453 645 832 611 5546 6211 7258 7259
2265 16 2 1 1 1050 1136 1335 1181 4958 7260 7057 7261
2266 16 2 1 1 2013 2022 2159 2062 6928 7142 7256 6863
2267 16 2 1 1 2301 2260 2209 2131 7090 6678 7185 7121
2268 16 2 1 1 20 603 410 19 7262 7263 7264 69
2269 16 2 1 1 1271 1422 1596 1452 5237 7152 6879 7265
2270 16 2 1 1 2370 2442 2257 2336 6607 7186 7203 6555
2271 16 2 1 1 881 947 1146 1049 6306 5295 7222 7214
2272 16 2 1 1 1955 1856 2082 2022 2941 7045 7143 6930
2273 16 2 1 1 2185 2026 1941 2116 6753 4225 7266 7150
2274 16 2 1 1 1712 1687 1570 1766 7136 4125 7267 3904
2275 16 2 1 1 1835 1615 1703 1774 7268 3845 7012 7036
2276 16 2 1 1 1774 1913 1937 1849 7011 5028 7269 7037
2277 16 2 1 1 2162 2062 2288 2243 6861 7255 7270 6703
2278 16 2 1 1 2526 2582 2625 2617 7247 6758 7243 7082
2279 16 2 1 1 1141 941 842 986 7253 5877 7271 7272
2280 16 2 1 1 960 1141 1337 1162 7251 7273 7274 7275
2281 16 2 1 1 2589 2516 2422 2509 7276 7277 7278 6684
2282 16 2 1 1 312 313 413 626 362 7279 7280 7281
2283 16 2 1 1 1791 1831 1952 1856 5911 6841 7046 2940
2284 16 2 1 1 2161 2248 2121 1994 6826 7234 5901 7241
2285 16 2 1 1 2493 2433 2415 2383 7248 5333 7282 3223
2286 16 2 1 1 1800 1696 1528 1645 7109 7283 7130 6556
2287 16 2 1 1 1074 1106 940 1001 7284 7285 7286 3195
2288 16 2 1 1 1462 1561 1722 1676 7287 2938 6789 7023
2289 16 2 1 1 2523 2539 2592 2575 3881 3639 2923 3136
2290 16 2 1 1 1600 1679 1839 1710 7288 7289 4553 7290
2291 16 2 1 1 2468 2533 2391 2442 6224 7116 7187 6610
2292 16 2 1 1 1334 1515 1601 1423 7291 7292 6770 7293
2293 16 2 1 1 639 822 857 933 7294 7215 6434 7295
2294 16 2 1 1 2364 2244 2137 2273 7296 7297 3046 2894
2295 16 2 1 1 2649 2595 2516 2589 5575 5656 7276 7083
2296 16 2 1 1 2506 2414 2320 2464 7298 6837 7299 3649
2297 16 2 1 1 1516 1438 1437 1469 5760 3545 6921 4168
2298 16 2 1 1 2728 2692 2678 2633 7300 6691 5823 7103
2299 16 2 1 1 2364 2286 2155 2244 4061 7301 7160 7296
2300 16 2 1 1 2641 2654 2690 2674 3983 4033 2850 7078
2301 16 2 1 1 1964 1963 1885 1812 3064 3147 6908 6938
2302 16 2 1 1 1078 1125 1290 1223 4752 5369 7302 5208
2303 16 2 1 1 1297 1225 1032 1127 6962 7303 7245 6586
2304 16 2 1 1 1515 1681 1758 1601 7304 7209 7305 7292
2305 16 2 1 1 1692 1807 1955 1879 7156 2942 6929 6651
2306 16 2 1 1 1933 1963 2088 2029 3148 3067 7306 4532
2307 16 2 1 1 2245 2119 2118 2134 7307 7308 5593 7309
2308 16 2 1 1 2509 2422 2402 2315 7278 6709 7157 5335
2309 16 2 1 1 2465 2452 2403 2417 7310 7125 3685 6972
2310 16 2 1 1 1223 1290 1472 1413 7302 2932 6666 5551
2311 16 2 1 1 2747 2742 2736 2692 7311 3541 6692 7312
2312 16 2 1 1 721 832 1053 882 7313 6213 7314 5431
2313 16 2 1 1 2484 2497 2452 2465 3641 3672 7310 4198
2314 16 2 1 1 2707 2677 2642 2595 7315 2836 5657 5578
2315 16 2 1 1 1031 957 886 745 6486 2910 4837 7316
2316 16 2 1 1 2624 2558 2471 2553 7101 4315 7076 7238
2317 16 2 1 1 511 670 526 451 7317 7235 7112 7318
2318 16 2 1 1 1097 975 787 900 6584 7072 7014 3213
2319 16 2 1 1 499 619 839 673 7319 7320 7056 5871
2320 16 2 1 1 1476 1475 1384 1270 6093 6287 5693 7094
2321 16 2 1 1 2186 2202 2278 2138 5324 3605 4263 7321
2322 16 2 1 1 2335 2336 2243 2288 6552 7202 7270 7218
2323 16 2 1 1 1337 1141 986 1182 7273 7272 7322 5371
2324 16 2 1 1 2287 2219 2155 2286 4298 4076 7301 6944
2325 16 2 1 1 1651 1650 1565 1475 5897 6439 6288 6096
2326 16 2 1 1 1537 1626 1766 1570 4430 4503 7267 4895
2327 16 2 1 1 1835 1984 2034 1890 7035 7323 3281 7324
2328 16 2 1 1 1426 1234 1233 1267 7325 7326 3450 6147
2329 16 2 1 1 1129 1334 1423 1227 7327 7293 7328 7329
2330 16 2 1 1 2462 2508 2393 2413 6728 7122 6670 6877
2331 16 2 1 1 2296 2245 2134 2295 5322 7309 5558 6839
2332 16 2 1 1 837 934 1137 987 5596 7330 5377 5293
2333 16 2 1 1 1910 1846 1675 1753 6445 7331 6619 6833
2334 16 2 1 1 1430 1244 1237 1271 6642 7332 5238 7333
2335 16 2 1 1 1985 2055 2193 2125 7334 4192 6648 4244
2336 16 2 1 1 2249 2310 2190 2191 6718 7249 7205 5496
2337 16 2 1 1 1238 1137 969 1068 5375 7335 7336 7172
2338 16 2 1 1 2301 2362 2383 2415 7120 7176 7282 7091
2339 16 2 1 1 2252 2251 2066 2185 7219 3599 6754 7149
2340 16 2 1 1 602 831 638 454 7337 7338 5487 7339
2341 16 2 1 1 1159 1296 1420 1359 6582 7340 7084 5265
2342 16 2 1 1 722 840 1056 954 7341 5346 7342 4846
2343 16 2 1 1 2505 2431 2323 2389 3489 7343 4059 7151
2344 16 2 1 1 2385 2425 2464 2320 7100 7257 7299 7250
2345 16 2 1 1 1464 1353 1166 1284 7132 7344 7232 6647
2346 16 2 1 1 1153 1030 954 1056 7345 7346 7342 7347
2347 16 2 1 1 1255 1413 1561 1462 5552 6665 7287 6472
2348 16 2 1 1 2244 2080 2029 2137 7159 4533 7348 7297
2349 16 2 1 1 2221 2137 2029 2088 3047 7348 7306 7129
2350 16 2 1 1 2692 2728 2756 2747 7300 3398 3769 7312
2351 16 2 1 1 1876 1770 1684 1755 4358 3335 7349 4726
2352 16 2 1 1 2677 2707 2736 2731 7315 6693 3540 2840
2353 16 2 1 1 1227 1036 933 1129 7350 7351 6437 7329
2354 16 2 1 1 2119 1937 2060 2118 7352 5027 6371 7308
2355 16 2 1 1 1363 1599 1678 1470 7353 7354 7355 5373
2356 16 2 1 1 2640 2647 2562 2622 2914 7146 6964 6806
2357 16 2 1 1 2742 2747 2784 2762 7311 3772 7356 2831
2358 16 2 1 1 1506 1442 1424 1253 7357 7358 7359 7360
2359 16 2 1 1 956 1121 1309 1174 4566 5892 7361 6426
2360 16 2 1 1 1036 841 639 933 7362 7363 7295 7351
2361 16 2 1 1 1935 2008 2124 1982 6038 4997 7364 6976
2362 16 2 1 1 935 739 530 749 4803 7365 7366 7367
2363 16 2 1 1 852 931 1095 958 6661 6299 6528 6489
2364 16 2 1 1 1463 1642 1767 1593 7086 3921 7368 4104
2365 16 2 1 1 1288 1182 986 1128 7369 7322 7370 5539
2366 16 2 1 1 1133 1262 1419 1245 7371 6901 7372 7373
2367 16 2 1 1 1180 1329 1477 1383 6923 5263 7374 5649
2368 16 2 1 1 1603 1754 1841 1680 5363 7375 7376 7377
2369 16 2 1 1 2665 2713 2660 2594 7378 7181 7242 7230
2370 16 2 1 1 2762 2784 2794 2787 7356 3803 3158 7034
2371 16 2 1 1 1128 986 842 946 7370 7271 7379 5827
2372 16 2 1 1 1606 1430 1271 1452 6645 7333 7265 4470
2373 16 2 1 1 2119 2000 1849 1937 7380 7381 7269 7352
2374 16 2 1 1 726 529 750 936 7382 7383 6362 7384
2375 16 2 1 1 1615 1835 1890 1754 7268 7324 7385 5362
2376 16 2 1 1 1487 1420 1296 1174 7386 7340 6427 7387
2377 16 2 1 1 1567 1267 1374 1454 6148 3449 6912 5450
2378 16 2 1 1 1871 1844 1735 1919 6727 7388 7389 3611
2379 16 2 1 1 2322 2414 2506 2434 7107 7298 7033 7390
2380 16 2 1 1 2717 2754 2713 2665 2822 7190 7378 7005
2381 16 2 1 1 1181 1428 1514 1333 7060 7391 7392 7393
2382 16 2 1 1 2122 2116 1941 2056 7206 7266 6811 5118
2383 16 2 1 1 1511 1288 1183 1424 7394 5538 7395 7396
2384 16 2 1 1 821 727 501 624 7397 6002 7398 5934
2385 16 2 1 1 832 721 504 611 7313 5639 7399 7258
2386 16 2 1 1 1031 1130 1291 1226 7400 5833 7401 6487
2387 16 2 1 1 1106 1074 1279 1171 7284 2979 7402 7403
2388 16 2 1 1 960 1162 1285 1135 7275 5540 4466 6364
2389 16 2 1 1 1253 1424 1183 1058 7359 7395 5584 6637
2390 16 2 1 1 1978 1912 1799 1981 6881 6919 7110 6745
2391 16 2 1 1 2450 2416 2323 2431 4337 6942 7343 6914
2392 16 2 1 1 1234 989 1154 1233 7404 6116 7405 7326
2393 16 2 1 1 2786 2793 2760 2783 3139 7191 6449 3856
2394 16 2 1 1 1700 1784 1919 1735 6041 3706 7389 6935
2395 16 2 1 1 1372 1536 1656 1510 7406 6933 7407 7180
2396 16 2 1 1 26 618 433 25 7408 5409 7409 75
2397 16 2 1 1 511 614 834 670 7410 7411 7412 7317
2398 16 2 1 1 1565 1564 1385 1478 6438 3339 7413 6289
2399 16 2 1 1 1918 1839 1709 1777 4552 7414 7173 3637
2400 16 2 1 1 2020 1876 1790 1933 4355 4725 3149 4531
2401 16 2 1 1 1804 1763 1620 1844 6668 7415 7416 6726
2402 16 2 1 1 1338 1164 961 1142 4133 7417 7418 7419
2403 16 2 1 1 1431 1228 1139 1339 5024 7420 6603 7421
2404 16 2 1 1 1244 1146 987 1237 7223 5294 5376 7332
2405 16 2 1 1 1546 1566 1420 1487 6317 7085 7386 6167
2406 16 2 1 1 1354 1603 1680 1517 6252 7377 7422 6994
2407 16 2 1 1 508 674 530 450 7423 7424 7425 7426
2408 16 2 1 1 545 675 847 643 7427 4706 7428 7429
2409 16 2 1 1 864 1139 1228 1042 7430 7420 7431 7432
2410 16 2 1 1 2245 2186 2000 2119 5325 7433 7380 7307
2411 16 2 1 1 936 1135 1229 1039 6365 4465 7434 7435
2412 16 2 1 1 941 750 529 738 7252 7383 7436 5878
2413 16 2 1 1 1518 1335 1164 1349 7058 7437 4132 3873
2414 16 2 1 1 1478 1385 1171 1279 7413 3318 7402 2998
2415 16 2 1 1 1226 1291 1468 1415 7401 2948 7212 6638
2416 16 2 1 1 880 930 670 834 7244 7236 7412 5668
2417 16 2 1 1 109 110 619 499 159 7438 7319 5248
2418 16 2 1 1 1034 836 882 1033 7439 5432 7440 6992
2419 16 2 1 1 1760 1709 1532 1686 7174 7441 7442 4346
2420 16 2 1 1 1656 1735 1844 1620 6932 7388 7416 7443
2421 16 2 1 1 1335 1136 961 1164 7260 7444 7417 7437
2422 16 2 1 1 602 316 317 497 7445 366 7446 7447
2423 16 2 1 1 599 497 317 318 7448 7446 367 6519
2424 16 2 1 1 10 498 512 9 7026 7449 7450 59
2425 16 2 1 1 969 1032 1225 1068 7451 7303 6015 7336
2426 16 2 1 1 674 843 1001 940 7452 6483 7286 7453
2427 16 2 1 1 1429 1243 1060 1256 7254 4795 6896 4106
2428 16 2 1 1 1686 1532 1349 1509 7442 3874 4131 7454
2429 16 2 1 1 947 823 672 837 6305 5817 5597 5292
2430 16 2 1 1 2076 2034 1984 2094 6036 7323 7455 6220
2431 16 2 1 1 1914 1757 1641 1832 5807 4820 7154 6689
2432 16 2 1 1 2478 2422 2516 2591 6710 7277 5655 7204
2433 16 2 1 1 2055 1985 1801 1892 7334 7456 7062 7208
2434 16 2 1 1 1137 934 748 969 7330 6816 7457 7335
2435 16 2 1 1 506 505 613 728 7458 7459 5560 6995
2436 16 2 1 1 1681 1515 1353 1528 7304 7460 7131 7461
2437 16 2 1 1 1850 1979 2123 2003 7108 7089 6248 6786
2438 16 2 1 1 1034 858 637 836 6952 5699 7066 7439
2439 16 2 1 1 729 948 1051 824 6057 7462 5860 7463
2440 16 2 1 1 1039 825 726 936 7464 7465 7384 7435
2441 16 2 1 1 1334 1129 962 1166 7327 6436 7233 7466
2442 16 2 1 1 2080 2079 1939 2020 7158 4191 4356 4534
2443 16 2 1 1 436 625 743 633 7467 4987 7468 4424
2444 16 2 1 1 2738 2716 2687 2732 6541 5171 6832 3721
2445 16 2 1 1 1333 1155 1050 1181 5254 7469 7261 7393
2446 16 2 1 1 1569 1620 1763 1538 7470 7415 7471 7472
2447 16 2 1 1 2313 2256 2136 2266 6657 3969 6708 3755
2448 16 2 1 1 1558 1506 1253 1415 6573 7360 6636 7211
2449 16 2 1 1 1360 1487 1174 1309 6165 7387 7361 3286
2450 16 2 1 1 734 601 411 533 6348 7473 7474 7475
2451 16 2 1 1 2629 2593 2548 2619 6569 5797 6894 3647
2452 16 2 1 1 1283 1184 970 1088 6097 3576 6904 5957
2453 16 2 1 1 1991 1921 1786 1986 6134 3919 6064 3741
2454 16 2 1 1 1336 1510 1569 1425 7178 7476 7477 7478
2455 16 2 1 1 929 1029 1220 1130 6951 4631 5834 7479
2456 16 2 1 1 1839 1679 1532 1709 7289 3875 7441 7414
2457 16 2 1 1 500 403 684 525 7480 3259 7481 6420
2458 16 2 1 1 427 620 675 545 7482 6968 7427 7483
2459 16 2 1 1 1602 1511 1424 1442 7484 7396 7358 7485
2460 16 2 1 1 1107 898 758 967 6352 7486 7069 3237
2461 16 2 1 1 1755 1602 1442 1612 7487 7485 7488 4724
2462 16 2 1 1 881 822 607 725 7213 7489 7192 6307
2463 16 2 1 1 1509 1338 1242 1421 4130 7490 3320 7491
2464 16 2 1 1 683 802 630 631 4396 4218 5032 3408
2465 16 2 1 1 2192 2126 2049 2170 6238 3945 6538 3367
2466 16 2 1 1 612 404 222 223 7492 7493 272 7494
2467 16 2 1 1 1363 1511 1602 1599 7495 7484 7496 7353
2468 16 2 1 1 1182 1288 1511 1363 7369 7394 7495 5372
2469 16 2 1 1 2467 2419 2322 2434 6779 3607 7390 6790
2470 16 2 1 1 601 116 117 411 7497 166 7498 7473
2471 16 2 1 1 1245 1419 1418 1339 7372 6999 7499 6602
2472 16 2 1 1 1037 835 671 932 5513 7000 5481 7040
2473 16 2 1 1 1864 1841 1754 1890 6039 7375 7385 3284
2474 16 2 1 1 1620 1569 1510 1656 7470 7476 7407 7443
2475 16 2 1 1 1573 1458 1383 1477 7167 5810 7374 5367
2476 16 2 1 1 1427 1239 1087 1286 7500 7501 4850 7502
2477 16 2 1 1 846 640 537 740 7503 7504 7505 4848
2478 16 2 1 1 1836 1683 1600 1710 7114 7506 7290 3670
2479 16 2 1 1 732 535 410 603 7065 7507 7263 5640
2480 16 2 1 1 16 609 416 15 7508 7509 7510 65
2481 16 2 1 1 527 558 780 635 3311 4082 7511 5839
2482 16 2 1 1 638 831 1054 856 7338 7512 5909 4409
2483 16 2 1 1 943 819 733 787 5480 6778 7015 7071
2484 16 2 1 1 1755 1684 1599 1602 7349 7513 7496 7487
2485 16 2 1 1 1170 967 1147 1320 3238 7068 7514 4607
2486 16 2 1 1 824 606 502 729 6530 7515 6349 7463
2487 16 2 1 1 605 220 221 510 7516 270 7517 7518
2488 16 2 1 1 1357 1470 1678 1537 7519 7355 4431 4897
2489 16 2 1 1 1843 1681 1528 1696 7210 7461 7283 6955
2490 16 2 1 1 1338 1142 985 1242 7419 7520 7521 7490
2491 16 2 1 1 1150 1033 882 1053 7019 7440 7314 7145
2492 16 2 1 1 677 845 1055 883 7522 7523 6117 7524
2493 16 2 1 1 635 780 995 931 7511 3023 6300 6662
2494 16 2 1 1 1627 1447 1601 1758 6957 6771 7305 6868
2495 16 2 1 1 419 621 742 543 7525 5404 7526 4936
2496 16 2 1 1 1227 1133 1035 1036 7527 7528 7529 7350
2497 16 2 1 1 940 749 530 674 7530 7366 7424 7453
2498 16 2 1 1 888 920 710 795 6431 6712 7531 3763
2499 16 2 1 1 948 841 1036 1035 6056 7362 7529 7532
2500 16 2 1 1 1515 1334 1166 1353 7291 7466 7344 7460
2501 16 2 1 1 2061 1922 1917 1962 6818 3668 4542 3589
2502 16 2 1 1 604 507 119 120 7170 7533 169 7534
2503 16 2 1 1 1679 1600 1428 1518 7288 7535 7059 3876
2504 16 2 1 1 1248 1344 1512 1373 7088 4325 7207 4102
2505 16 2 1 1 2094 1984 1849 2000 7455 7038 7381 7536
2506 16 2 1 1 216 616 414 215 7537 7538 7539 265
2507 16 2 1 1 1341 1167 965 1151 6844 7540 7240 3941
2508 16 2 1 1 1134 1336 1425 1231 7541 7478 7542 7543
2509 16 2 1 1 1686 1509 1421 1605 7454 7491 3341 4345
2510 16 2 1 1 951 829 730 838 5276 7544 4805 7545
2511 16 2 1 1 606 114 115 502 7546 164 7547 7515
2512 16 2 1 1 601 502 115 116 6350 7547 165 7497
2513 16 2 1 1 748 930 1032 969 7237 7246 7451 7457
2514 16 2 1 1 1677 1597 1436 1507 7061 7548 4781 6988
2515 16 2 1 1 522 628 845 677 7549 7550 7522 7551
2516 16 2 1 1 450 530 739 600 7425 7365 7552 7553
2517 16 2 1 1 1040 846 954 1030 7554 4847 7346 4309
2518 16 2 1 1 710 651 466 571 6711 7555 7556 7557
2519 16 2 1 1 946 842 727 821 7379 5876 7397 5719
2520 16 2 1 1 600 320 321 450 7081 370 7558 7553
2521 16 2 1 1 571 402 795 710 5627 3791 7531 7557
2522 16 2 1 1 604 120 121 432 7534 170 7559 5816
2523 16 2 1 1 608 432 121 122 5754 7559 171 7560
2524 16 2 1 1 1713 1688 1593 1767 5999 4658 7368 4185
2525 16 2 1 1 747 900 525 684 3214 7013 7481 3272
2526 16 2 1 1 2138 2094 2000 2186 6218 7536 7433 7321
2527 16 2 1 1 1355 1514 1683 1534 7561 7562 7115 6990
2528 16 2 1 1 1989 1920 1801 1985 5773 4505 7456 4243
2529 16 2 1 1 850 988 1147 949 5186 7563 7067 5057
2530 16 2 1 1 988 1231 1320 1147 7564 7565 7514 7563
2531 16 2 1 1 611 504 21 22 7399 7566 71 7567
2532 16 2 1 1 825 605 510 726 6765 7518 7568 7465
2533 16 2 1 1 952 1134 1231 988 5073 7543 7564 5185
2534 16 2 1 1 841 734 533 639 6055 7475 7569 7363
2535 16 2 1 1 1039 938 723 825 7570 5344 6766 7464
2536 16 2 1 1 609 16 17 506 7508 66 7571 6997
2537 16 2 1 1 603 20 21 504 7262 70 7566 5638
2538 16 2 1 1 608 122 123 451 7560 172 7572 7113
2539 16 2 1 1 508 623 843 674 7573 7574 7452 7423
2540 16 2 1 1 610 112 113 452 7575 162 7576 7577
2541 16 2 1 1 606 452 113 114 6532 7576 163 7546
2542 16 2 1 1 1054 831 668 950 7512 7578 5277 7579
2543 16 2 1 1 1042 833 669 864 7580 7581 5862 7432
2544 16 2 1 1 605 444 219 220 6768 7582 269 7516
2545 16 2 1 1 953 741 538 849 4705 7583 7226 4546
2546 16 2 1 1 1142 961 838 935 7418 7584 4804 7585
2547 16 2 1 1 1142 935 749 985 7585 7367 7586 7520
2548 16 2 1 1 503 607 533 411 7193 7587 7474 7588
2549 16 2 1 1 614 511 124 125 7410 7589 174 7590
2550 16 2 1 1 1103 766 877 980 6060 4695 6353 4657
2551 16 2 1 1 1133 1227 1423 1262 7527 7328 6769 7371
2552 16 2 1 1 617 314 315 454 7591 364 7592 5486
2553 16 2 1 1 602 454 315 316 7339 7592 365 7445
2554 16 2 1 1 619 110 111 420 7438 160 7593 7594
2555 16 2 1 1 610 420 111 112 6505 7593 161 7575
2556 16 2 1 1 614 125 126 466 7590 175 7595 7596
2557 16 2 1 1 611 22 23 453 7567 72 7597 7259
2558 16 2 1 1 615 453 23 24 5547 7597 73 7598
2559 16 2 1 1 571 466 126 127 7556 7595 176 5628
2560 16 2 1 1 745 929 1130 1031 4360 7479 7400 7316
2561 16 2 1 1 738 529 404 612 7436 7599 7492 6003
2562 16 2 1 1 1470 1357 1162 1337 7519 5541 7274 5374
2563 16 2 1 1 1683 1514 1428 1600 7562 7391 7535 7506
2564 16 2 1 1 844 735 413 617 7600 7601 7602 5488
2565 16 2 1 1 466 651 834 614 7555 5665 7411 7596
2566 16 2 1 1 1149 1051 948 1035 7603 7462 7532 7604
2567 16 2 1 1 740 537 414 616 7505 7605 7538 5684
2568 16 2 1 1 1269 1431 1524 1437 5025 7606 6920 3548
2569 16 2 1 1 1038 866 643 847 6903 3918 7428 4232
2570 16 2 1 1 29 403 500 28 3486 7480 7607 78
2571 16 2 1 1 1737 1678 1599 1684 4428 7354 7513 3338
2572 16 2 1 1 509 840 722 516 7608 7341 5683 7609
2573 16 2 1 1 864 1051 1149 1139 5861 7603 6604 7430
2574 16 2 1 1 1030 1153 1331 1246 7345 4354 7043 4310
2575 16 2 1 1 1719 1612 1442 1506 3130 7488 7357 6572
2576 16 2 1 1 616 216 217 516 7537 266 7610 5682
2577 16 2 1 1 833 610 452 669 6502 7577 6531 7581
2578 16 2 1 1 1171 1242 985 1106 3317 7521 7611 7403
2579 16 2 1 1 1040 861 640 846 7239 6522 7503 7554
2580 16 2 1 1 944 1042 1228 1070 7612 7431 5026 7613
2581 16 2 1 1 522 677 542 423 7551 7614 4080 7615
2582 16 2 1 1 545 643 848 622 7429 3917 4348 7616
2583 16 2 1 1 1718 1690 1675 1846 5619 7617 7331 6597
2584 16 2 1 1 627 537 640 827 7618 7504 6521 6210
2585 16 2 1 1 797 699 542 762 7619 4081 7620 7621
2586 16 2 1 1 938 1039 1229 1085 7570 7434 7087 7622
2587 16 2 1 1 1485 1320 1231 1425 4608 7565 7542 7623
2588 16 2 1 1 1524 1431 1339 1418 7606 7421 7499 4010
2589 16 2 1 1 615 24 25 433 7598 74 7409 7001
2590 16 2 1 1 826 724 521 597 7624 7625 6812 5873
2591 16 2 1 1 2077 2059 1982 2124 6706 3705 7364 3559
2592 16 2 1 1 1249 1333 1514 1355 5255 7392 7561 7021
2593 16 2 1 1 623 508 322 323 7573 7626 372 7627
2594 16 2 1 1 784 646 461 563 3080 7628 7629 5261
2595 16 2 1 1 1536 1680 1841 1700 7630 7376 6042 6934
2596 16 2 1 1 427 545 622 498 7483 7616 7631 7028
2597 16 2 1 1 1136 951 838 961 4957 7545 7584 7444
2598 16 2 1 1 945 1047 1230 1132 7017 4773 6482 7632
2599 16 2 1 1 1690 1609 1508 1675 6743 4008 6620 7617
2600 16 2 1 1 624 501 224 225 7398 7633 274 7634
2601 16 2 1 1 699 797 884 647 7619 6399 3084 3829
2602 16 2 1 1 612 223 224 501 7494 273 7633 6001
2603 16 2 1 1 1245 1149 1035 1133 6601 7604 7528 7373
2604 16 2 1 1 1427 1345 1086 1239 6958 7635 5104 7500
2605 16 2 1 1 1106 985 749 940 7611 7586 7530 7285
2606 16 2 1 1 648 766 909 706 4696 6059 4402 3679
2607 16 2 1 1 505 410 535 613 7636 7507 6030 7459
2608 16 2 1 1 607 822 639 533 7489 7294 7569 7587
2609 16 2 1 1 9 512 625 8 7450 4985 7637 58
2610 16 2 1 1 519 737 786 566 4938 7638 3482 7639
2611 16 2 1 1 1372 1517 1680 1536 6846 7422 7630 7406
2612 16 2 1 1 1155 1054 950 1050 5907 7579 4959 7469
2613 16 2 1 1 840 509 444 723 7608 7640 6767 5343
2614 16 2 1 1 1426 1300 1079 1234 4372 2991 7641 7325
2615 16 2 1 1 1153 1056 938 1085 7347 5345 7622 4352
2616 16 2 1 1 830 731 416 609 7016 7642 7509 6996
2617 16 2 1 1 618 26 27 518 7408 76 7643 6777
2618 16 2 1 1 222 404 510 221 7493 7644 7517 271
2619 16 2 1 1 1043 890 724 826 3068 7645 7624 7646
2620 16 2 1 1 1042 944 641 833 7612 7647 6503 7580
2621 16 2 1 1 12 620 427 11 7648 7482 7027 61
2622 16 2 1 1 676 520 514 627 5403 7649 7650 6209
2623 16 2 1 1 117 118 503 411 167 7651 7588 7498
2624 16 2 1 1 617 413 313 314 7602 7279 363 7591
2625 16 2 1 1 543 758 898 737 7652 7486 7653 4937
2626 16 2 1 1 620 12 13 515 7648 62 7654 6969
2627 16 2 1 1 1236 1041 856 1140 7655 4410 5908 7656
2628 16 2 1 1 621 212 213 520 7657 262 7658 5402
2629 16 2 1 1 1235 1052 944 1070 5652 7659 7613 3661
2630 16 2 1 1 1538 1485 1425 1569 5483 7623 7477 7472
2631 16 2 1 1 118 119 507 503 168 7533 7194 7651
2632 16 2 1 1 18 19 410 505 68 7264 7636 7660
2633 16 2 1 1 828 626 413 735 7661 7280 7601 7662
2634 16 2 1 1 1041 937 735 844 7663 7664 7600 4411
2635 16 2 1 1 510 404 529 726 7644 7599 7382 7568
2636 16 2 1 1 106 107 521 430 156 6813 7665 6132
2637 16 2 1 1 762 869 993 797 4519 7666 6400 7621
2638 16 2 1 1 498 622 678 512 7631 4347 4986 7449
2639 16 2 1 1 543 742 949 758 7526 5058 7070 7652
2640 16 2 1 1 1234 1079 869 989 7641 7667 4518 7404
2641 16 2 1 1 18 505 506 17 7660 7458 7571 67
2642 16 2 1 1 621 419 211 212 7525 7668 261 7657
2643 16 2 1 1 1826 1762 1761 1870 4213 6191 6907 4627
2644 16 2 1 1 1336 1134 965 1167 7541 5072 7540 7179
2645 16 2 1 1 323 324 461 623 373 7669 7670 7627
2646 16 2 1 1 829 668 497 599 5278 7671 7448 7672
2647 16 2 1 1 945 1132 972 849 7632 5434 4547 7225
2648 16 2 1 1 461 646 843 623 7628 6484 7574 7670
2649 16 2 1 1 1523 1427 1286 1436 6959 7502 4782 7673
2650 16 2 1 1 1090 993 869 1079 4740 7666 7667 2990
2651 16 2 1 1 741 515 513 538 6967 7674 7675 7583
2652 16 2 1 1 123 124 511 451 173 7589 7318 7572
2653 16 2 1 1 219 444 509 218 7582 7640 7676 268
2654 16 2 1 1 624 225 226 445 7634 275 5921 5932
2655 16 2 1 1 829 599 406 730 7672 6518 7677 7544
2656 16 2 1 1 839 619 420 641 7320 7594 6504 7678
2657 16 2 1 1 628 310 311 517 7679 360 7680 7681
2658 16 2 1 1 626 517 311 312 7682 7680 361 7281
2659 16 2 1 1 563 461 324 325 7629 7669 374 5170
2660 16 2 1 1 1711 1685 1538 1763 4499 5484 7471 6667
2661 16 2 1 1 828 652 517 626 5470 7683 7682 7661
2662 16 2 1 1 937 1041 1236 1087 7663 7655 4851 7684
2663 16 2 1 1 739 730 406 600 4806 7677 7080 7552
2664 16 2 1 1 1608 1523 1436 1597 6911 7673 7548 3426
2665 16 2 1 1 321 322 508 450 371 7626 7426 7558
2666 16 2 1 1 218 509 516 217 7676 7609 7610 267
2667 16 2 1 1 1346 1236 1140 1249 4849 7656 5256 7020
2668 16 2 1 1 1052 839 641 944 7054 7678 7647 7659
2669 16 2 1 1 831 602 497 668 7337 7447 7671 7578
2670 16 2 1 1 1046 828 735 937 5468 7662 7664 7685
2671 16 2 1 1 15 416 513 14 7510 7686 7687 64
2672 16 2 1 1 1043 826 673 867 7646 5872 7055 3525
2673 16 2 1 1 877 786 737 898 4694 7638 7653 6354
2674 16 2 1 1 939 851 633 743 2927 7688 7468 3931
2675 16 2 1 1 514 414 537 627 7689 7605 7618 7650
2676 16 2 1 1 521 724 548 430 7625 7690 3990 7665
2677 16 2 1 1 628 522 309 310 7549 7691 359 7679
2678 16 2 1 1 724 890 783 548 7645 3074 7692 7690
2679 16 2 1 1 845 628 517 652 7550 7681 7683 7693
2680 16 2 1 1 883 762 542 677 4520 7620 7614 7524
2681 16 2 1 1 214 215 414 514 264 7539 7689 7694
2682 16 2 1 1 1233 1154 1086 1345 7405 7695 7635 3447
2683 16 2 1 1 14 513 515 13 7687 7674 7654 63
2684 16 2 1 1 1055 845 652 871 7523 7693 5469 7696
2685 16 2 1 1 1154 1055 871 1086 6115 7696 5105 7695
2686 16 2 1 1 416 731 538 513 7642 7224 7675 7686
2687 16 2 1 1 53 2 104 460 103 153 7697 5069
2688 16 2 1 1 27 28 500 518 77 7607 6419 7643
2689 16 2 1 1 214 514 520 213 7694 7649 7658 263
2690 16 2 1 1 1239 1046 937 1087 5103 7685 7684 7501
2691 16 2 1 1 7 8 625 436 57 7637 7467 7698
2692 16 2 1 1 629 460 104 105 3250 7697 154 6133
2693 16 2 1 1 210 519 566 209 7699 7639 4108 259
2694 16 2 1 1 632 744 548 783 4006 3991 7692 3346
2695 16 2 1 1 524 5 6 459 7700 55 7701 3110
2696 16 2 1 1 308 309 522 423 358 7691 7615 3848
2697 16 2 1 1 211 419 519 210 7668 4935 7699 260
2698 16 2 1 1 703 634 633 851 3561 4425 7688 2953
2699 16 2 1 1 350 1 5 524 400 54 7700 4952
2700 16 2 1 1 7 436 459 6 7698 4423 7701 56
$EndElements
