$MeshFormat
2.2 0 8
$EndMeshFormat
$Nodes
5151
1 0 0 0
2 2 0 0
3 2 1 0
4 0 1 0
5 0.01999999999996221 0 0
6 0.03999999999992473 0 0
7 0.05999999999988613 0 0
8 0.07999999999984372 0 0
9 0.09999999999979932 0 0
10 0.1199999999997567 0 0
11 0.139999999999721 0 0
12 0.1599999999996904 0 0
13 0.1799999999996598 0 0
14 0.1999999999996293 0 0
15 0.2199999999995988 0 0
16 0.2399999999995663 0 0
17 0.2599999999995219 0 0
18 0.2799999999994656 0 0
19 0.2999999999994072 0 0
20 0.319999999999349 0 0
21 0.3399999999992906 0 0
22 0.3599999999992323 0 0
23 0.3799999999991741 0 0
24 0.3999999999991157 0 0
25 0.4199999999990575 0 0
26 0.4399999999989992 0 0
27 0.4599999999989409 0 0
28 0.4799999999988826 0 0
29 0.4999999999988243 0 0
30 0.519999999998766 0 0
31 0.5399999999987076 0 0
32 0.5599999999986495 0 0
33 0.5799999999985911 0 0
34 0.5999999999985328 0 0
35 0.6199999999984744 0 0
36 0.6399999999984163 0 0
37 0.659999999998358 0 0
38 0.6799999999982996 0 0
39 0.6999999999982414 0 0
40 0.719999999998183 0 0
41 0.7399999999981248 0 0
42 0.7599999999980664 0 0
43 0.7799999999980082 0 0
44 0.7999999999979498 0 0
45 0.8199999999978915 0 0
46 0.8399999999978334 0 0
47 0.859999999997775 0 0
48 0.8799999999977167 0 0
49 0.8999999999976583 0 0
50 0.9199999999976001 0 0
51 0.9399999999975417 0 0
52 0.9599999999974835 0 0
53 0.9799999999974253 0 0
54 0.9999999999973886 0 0
55 1.01999999999742 0 0
56 1.039999999997472 0 0
57 1.059999999997525 0 0
58 1.079999999997578 0 0
59 1.09999999999763 0 0
60 1.119999999997683 0 0
61 1.139999999997736 0 0
62 1.159999999997788 0 0
63 1.179999999997841 0 0
64 1.199999999997894 0 0
65 1.219999999997946 0 0
66 1.239999999997999 0 0
67 1.259999999998052 0 0
68 1.279999999998104 0 0
69 1.299999999998157 0 0
70 1.31999999999821 0 0
71 1.339999999998262 0 0
72 1.359999999998315 0 0
73 1.379999999998367 0 0
74 1.39999999999842 0 0
75 1.419999999998473 0 0
76 1.439999999998526 0 0
77 1.459999999998578 0 0
78 1.479999999998631 0 0
79 1.499999999998683 0 0
80 1.519999999998736 0 0
81 1.539999999998789 0 0
82 1.559999999998841 0 0
83 1.579999999998894 0 0
84 1.599999999998947 0 0
85 1.619999999999 0 0
86 1.639999999999052 0 0
87 1.659999999999105 0 0
88 1.679999999999158 0 0
89 1.69999999999921 0 0
90 1.719999999999263 0 0
91 1.739999999999315 0 0
92 1.759999999999368 0 0
93 1.779999999999421 0 0
94 1.799999999999473 0 0
95 1.819999999999526 0 0
96 1.839999999999579 0 0
97 1.859999999999631 0 0
98 1.879999999999684 0 0
99 1.899999999999737 0 0
100 1.919999999999789 0 0
101 1.939999999999842 0 0
102 1.959999999999895 0 0
103 1.979999999999947 0 0
104 2 0.01999999999996237 0
105 2 0.03999999999992186 0
106 2 0.05999999999987837 0
107 2 0.07999999999984518 0
108 2 0.09999999999981463 0
109 2 0.1199999999997832 0
110 2 0.1399999999997328 0
111 2 0.1599999999996745 0
112 2 0.1799999999996162 0
113 2 0.1999999999995579 0
114 2 0.2199999999994996 0
115 2 0.2399999999994413 0
116 2 0.259999999999383 0
117 2 0.2799999999993247 0
118 2 0.2999999999992664 0
119 2 0.3199999999992081 0
120 2 0.3399999999991498 0
121 2 0.3599999999990915 0
122 2 0.3799999999990332 0
123 2 0.3999999999989749 0
124 2 0.4199999999989167 0
125 2 0.4399999999988584 0
126 2 0.4599999999988 0
127 2 0.4799999999987418 0
128 2 0.4999999999986943 0
129 2 0.5199999999987361 0
130 2 0.5399999999987888 0
131 2 0.5599999999988415 0
132 2 0.5799999999988942 0
133 2 0.5999999999989468 0
134 2 0.6199999999989995 0
135 2 0.6399999999990521 0
136 2 0.6599999999991049 0
137 2 0.6799999999991574 0
138 2 0.6999999999992101 0
139 2 0.7199999999992628 0
140 2 0.7399999999993154 0
141 2 0.7599999999993681 0
142 2 0.7799999999994207 0
143 2 0.7999999999994734 0
144 2 0.8199999999995261 0
145 2 0.8399999999995788 0
146 2 0.8599999999996314 0
147 2 0.8799999999996841 0
148 2 0.8999999999997367 0
149 2 0.9199999999997894 0
150 2 0.939999999999842 0
151 2 0.9599999999998947 0
152 2 0.9799999999999475 0
153 1.979999999999917 1 0
154 1.959999999999833 1 0
155 1.93999999999975 1 0
156 1.919999999999667 1 0
157 1.899999999999584 1 0
158 1.8799999999995 1 0
159 1.859999999999417 1 0
160 1.839999999999334 1 0
161 1.81999999999925 1 0
162 1.799999999999167 1 0
163 1.779999999999084 1 0
164 1.759999999999016 1 0
165 1.739999999999044 1 0
166 1.719999999999167 1 0
167 1.699999999999306 1 0
168 1.679999999999444 1 0
169 1.659999999999583 1 0
170 1.639999999999722 1 0
171 1.619999999999861 1 0
172 1.599999999999999 1 0
173 1.580000000000138 1 0
174 1.560000000000277 1 0
175 1.540000000000416 1 0
176 1.520000000000554 1 0
177 1.500000000000693 1 0
178 1.480000000000832 1 0
179 1.460000000000971 1 0
180 1.44000000000111 1 0
181 1.420000000001248 1 0
182 1.400000000001387 1 0
183 1.380000000001526 1 0
184 1.360000000001665 1 0
185 1.340000000001804 1 0
186 1.320000000001942 1 0
187 1.300000000002081 1 0
188 1.28000000000222 1 0
189 1.260000000002358 1 0
190 1.240000000002497 1 0
191 1.220000000002636 1 0
192 1.200000000002774 1 0
193 1.180000000002913 1 0
194 1.160000000003052 1 0
195 1.14000000000319 1 0
196 1.120000000003329 1 0
197 1.100000000003468 1 0
198 1.080000000003607 1 0
199 1.060000000003745 1 0
200 1.040000000003884 1 0
201 1.020000000004023 1 0
202 1.000000000004118 1 0
203 0.9800000000040781 1 0
204 0.9600000000039948 1 0
205 0.9400000000039115 1 0
206 0.9200000000038282 1 0
207 0.9000000000037451 1 0
208 0.8800000000036619 1 0
209 0.8600000000035786 1 0
210 0.8400000000034955 1 0
211 0.8200000000034122 1 0
212 0.8000000000033289 1 0
213 0.7800000000032457 1 0
214 0.7600000000031626 1 0
215 0.7400000000030793 1 0
216 0.720000000002996 1 0
217 0.700000000002913 1 0
218 0.6800000000028297 1 0
219 0.6600000000027464 1 0
220 0.6400000000026631 1 0
221 0.6200000000025798 1 0
222 0.6000000000024968 1 0
223 0.5800000000024135 1 0
224 0.5600000000023302 1 0
225 0.5400000000022471 1 0
226 0.5200000000021638 1 0
227 0.5000000000020806 1 0
228 0.4800000000019975 1 0
229 0.4600000000019142 1 0
230 0.4400000000018309 1 0
231 0.4200000000017476 1 0
232 0.4000000000016644 1 0
233 0.3800000000015813 1 0
234 0.360000000001498 1 0
235 0.3400000000014147 1 0
236 0.3200000000013317 1 0
237 0.3000000000012484 1 0
238 0.2800000000011651 1 0
239 0.260000000001082 1 0
240 0.2400000000009987 1 0
241 0.2200000000009155 1 0
242 0.2000000000008322 1 0
243 0.1800000000007489 1 0
244 0.1600000000006658 1 0
245 0.1400000000005825 1 0
246 0.1200000000004993 1 0
247 0.1000000000004162 1 0
248 0.08000000000033292 1 0
249 0.06000000000024963 1 0
250 0.04000000000016657 1 0
251 0.02000000000008328 1 0
252 0 0.9799999999999167 0
253 0 0.9599999999998334 0
254 0 0.9399999999997501 0
255 0 0.9199999999996669 0
256 0 0.8999999999995835 0
257 0 0.879999999999508 0
258 0 0.8599999999995834 0
259 0 0.8399999999997222 0
260 0 0.819999999999861 0
261 0 0.7999999999999997 0
262 0 0.7800000000001385 0
263 0 0.7600000000002772 0
264 0 0.7400000000004161 0
265 0 0.7200000000005549 0
266 0 0.7000000000006936 0
267 0 0.6800000000008324 0
268 0 0.660000000000971 0
269 0 0.6400000000011098 0
270 0 0.6200000000012484 0
271 0 0.6000000000013872 0
272 0 0.5800000000015259 0
273 0 0.5600000000016645 0
274 0 0.5400000000018033 0
275 0 0.5200000000019419 0
276 0 0.500000000002059 0
277 0 0.4800000000019974 0
278 0 0.4600000000019141 0
279 0 0.4400000000018309 0
280 0 0.4200000000017478 0
281 0 0.4000000000016645 0
282 0 0.3800000000015813 0
283 0 0.360000000001498 0
284 0 0.3400000000014148 0
285 0 0.3200000000013316 0
286 0 0.3000000000012484 0
287 0 0.2800000000011651 0
288 0 0.2600000000010819 0
289 0 0.2400000000009987 0
290 0 0.2200000000009155 0
291 0 0.2000000000008322 0
292 0 0.180000000000749 0
293 0 0.1600000000006658 0
294 0 0.1400000000005825 0
295 0 0.1200000000004994 0
296 0 0.1000000000004161 0
297 0 0.08000000000033292 0
298 0 0.06000000000024963 0
299 0 0.04000000000016646 0
300 0 0.02000000000008328 0
301 1.440000000001108 0.9800000000001352 0
302 1.040000000003849 0.9800000000001184 0
303 1.180000000002912 0.9800000000001351 0
304 0.5599999999986494 0.01999999999994353 0
305 0.7199999999981844 0.01999999999994418 0
306 0.8799999999977182 0.01999999999994826 0
307 1.039999999997476 0.0200000000000326 0
308 1.359999999998317 0.02000000000004894 0
309 1.199999999997893 0.02000000000004831 0
310 0.8400000000034973 0.9799999999999315 0
311 0.6000000000024986 0.9799999999999198 0
312 0.01999999999990153 0.5400000000017832 0
313 1.980000000000024 0.4999999999987576 0
314 0.4399999999989996 0.01999999999994219 0
315 1.599999999999997 0.9800000000001341 0
316 1.559999999998839 0.02000000000004897 0
317 0.3800000000015865 0.9799999999999253 0
318 1.980000000000053 0.3199999999992048 0
319 0.02000000000004775 0.4200000000017385 0
320 1.979999999999963 0.6599999999991156 0
321 0.0199999999998737 0.7200000000005533 0
322 1.699999999999306 0.9800000000001023 0
323 0.02000000000007043 0.3200000000013307 0
324 0.2999999999994093 0.01999999999994904 0
325 1.779999999999418 0.02000000000004649 0
326 1.979999999999955 0.7599999999993712 0
327 0.02000000000007277 0.220000000000911 0
328 0.2600000000010853 0.9799999999999308 0
329 0.01999999999988668 0.8199999999998657 0
330 1.77999999999914 0.9799999999999768 0
331 0.1599999998303107 0.0199999998305929 0
332 1.980000000000047 0.1599999999996728 0
333 1.97999999999995 0.8399999999995795 0
334 0.1600000000006672 0.9799999999999351 0
335 0.01999999999999358 0.8999999999996252 0
336 1.879999999999506 0.9799999999999268 0
337 1.879999999999682 0.02000000000004089 0
338 0.01999996296827438 0.1399999629687834 0
339 0.09999661947437294 0.01999661947453539 0
340 1.300000000002082 0.9800000000001351 0
341 1.980000000000019 0.07999999999988176 0
342 1.979999999999944 0.8999999999997313 0
343 1.679999999999155 0.02000000000004756 0
344 0.7000000000029132 0.9799999999999197 0
345 0.08000000000031209 0.9799999999999306 0
346 0.4600000000019162 0.9799999999999233 0
347 1.479999999998632 0.02000000000004884 0
348 0.9200000000038486 0.9799999999999744 0
349 0.01999999999987221 0.6400000000011162 0
350 1.919999999999678 0.9799999999999265 0
351 0.01997651790806056 0.07997651790832883 0
352 0.0599083979784204 0.01990839797850656 0
353 1.979999999999937 0.939999999999833 0
354 1.979999999999988 0.5599999999988671 0
355 0.9799999999974266 0.01999999999999172 0
356 0.0200000000000719 0.9599999999998392 0
357 1.299999999998157 0.02000000000004888 0
358 1.139999999997736 0.0200000000000474 0
359 0.760000000003161 0.9799999999999217 0
360 0.3799999999991781 0.01999999999994423 0
361 0.8199999999978909 0.01999999999994408 0
362 0.6599999999983588 0.01999999999994405 0
363 1.500000000000692 0.9800000000001352 0
364 1.980000000000052 0.3799999999990346 0
365 1.980000000000051 0.219999999999506 0
366 0.2399999999995603 0.0199999999999628 0
367 1.959999999999922 0.02000000000001132 0
368 0.9600000000039817 0.9800000000000164 0
369 1.819999999999269 0.97999999999994 0
370 0.02000000000006386 0.380000000001577 0
371 0.2000000000008381 0.9799999999999331 0
372 0.3000000000012495 0.9799999999999284 0
373 1.839999999999576 0.02000000000004329 0
374 1.979999999999957 0.6999999999992166 0
375 0.5000000000020834 0.9799999999999217 0
376 0.5400000000022493 0.9799999999999206 0
377 1.639999999999049 0.02000000000004843 0
378 1.099999999997632 0.02000000000004667 0
379 1.439999999998527 0.02000000000004884 0
380 1.259999999998051 0.02000000000004903 0
381 0.640000000002664 0.9799999999999197 0
382 0.5199999999987658 0.01999999999994285 0
383 1.340000000001801 0.9800000000001351 0
384 1.080000000003605 0.9800000000001333 0
385 1.540000000000415 0.9800000000001352 0
386 1.380000000001522 0.9800000000001352 0
387 1.220000000002637 0.9800000000001351 0
388 1.980000000000051 0.4199999999989192 0
389 0.01999999999996018 0.500000000001928 0
390 1.980000000000052 0.2599999999993849 0
391 1.959999999999844 0.9799999999999347 0
392 0.9399999999975276 0.01999999999996812 0
393 0.01979760775807589 0.03979760775819384 0
394 0.03980782074404859 0.01980782074411927 0
395 0.980000000004013 0.9800000000000481 0
396 1.979999999999987 0.03999999999996398 0
397 1.739999999999122 0.9800000000000471 0
398 0.01999999999995405 0.8799999999996 0
399 0.8800000000036825 0.9799999999999495 0
400 1.980000000000047 0.4599999999988179 0
401 1.979999999999931 0.9599999999998853 0
402 1.97999999999998 0.5799999999989182 0
403 1.979999999999975 0.599999999998964 0
404 1.979999999999972 0.6199999999990111 0
405 0.02000000000001821 0.4600000000018798 0
406 1.839999999999343 0.9799999999999345 0
407 1.98000000000001 0.5199999999987721 0
408 0.0200000000000659 0.3600000000014963 0
409 0.1200000000004827 0.9799999999999347 0
410 1.939999999999863 0.02000000000002747 0
411 1.000000000004 0.9800000000000779 0
412 0.04000000000015617 0.9799999999999216 0
413 0.2200000000009205 0.9799999999999329 0
414 0.320000000001332 0.9799999999999277 0
415 0.02000000000007193 0.3000000000012454 0
416 1.9199999999998 0.02000000000003539 0
417 0.02000000000007217 0.1800000000007423 0
418 0.01999938128618824 0.1199993812866181 0
419 0.02000000000007276 0.2800000000011607 0
420 1.979999999999954 0.7799999999994239 0
421 0.02000000000007283 0.2600000000010777 0
422 1.819999999999524 0.02000000000004411 0
423 1.979999999999956 0.7199999999992664 0
424 1.979999999999953 0.7999999999994757 0
425 0.3400000000014167 0.9799999999999273 0
426 0.400000000001669 0.9799999999999246 0
427 0.4200000000017508 0.9799999999999243 0
428 1.759999999999365 0.02000000000004703 0
429 1.980000000000029 0.09999999999983275 0
430 1.739999999999312 0.0200000000000473 0
431 1.71999999999926 0.02000000000004727 0
432 1.619999999998996 0.02000000000004859 0
433 0.02000000000007824 0.9799999999999189 0
434 1.339999999998263 0.02000000000004878 0
435 1.539999999998787 0.02000000000004896 0
436 1.399999999998423 0.02000000000004888 0
437 0.02000000000005671 0.9399999999997647 0
438 1.599999999998944 0.02000000000004863 0
439 1.17999999999784 0.02000000000004793 0
440 1.519999999998735 0.02000000000004886 0
441 1.239999999997998 0.02000000000004861 0
442 1.079999999997579 0.02000000000004496 0
443 0.5600000000023327 0.9799999999999205 0
444 0.6600000000027472 0.9799999999999199 0
445 0.8000000000033257 0.979999999999924 0
446 0.720000000002996 0.9799999999999203 0
447 0.4799999999988825 0.01999999999994238 0
448 0.4199999999990585 0.01999999999994264 0
449 0.359999999999238 0.01999999999994539 0
450 0.5999999999985319 0.01999999999994398 0
451 0.6399999999984162 0.01999999999994407 0
452 0.7599999999980668 0.01999999999994425 0
453 1.979999999999948 0.8599999999996307 0
454 0.2199999999995975 0.01999999999996797 0
455 0.1999999999975389 0.0199999999978804 0
456 0.6999999999982429 0.01999999999994429 0
457 0.799999999997949 0.0199999999999441 0
458 0.8599999999977755 0.01999999999994573 0
459 1.460000000000969 0.9800000000001351 0
460 1.560000000000275 0.9800000000001349 0
461 1.140000000003191 0.9800000000001351 0
462 1.400000000001383 0.9800000000001352 0
463 1.619999999999859 0.9800000000001331 0
464 1.260000000002361 0.9800000000001351 0
465 0.3399999999992964 0.01999999999994656 0
466 1.100000000003468 0.9800000000001347 0
467 1.639999999999719 0.9800000000001307 0
468 1.980000000000036 0.1199999999997824 0
469 1.659999999999577 0.980000000000125 0
470 1.980000000000052 0.2799999999993223 0
471 1.980000000000053 0.3399999999991486 0
472 0.279999999999464 0.0199999999999523 0
473 0.01999999999988262 0.580000000001535 0
474 1.980000000000049 0.1799999999996177 0
475 0.01999999999987507 0.6200000000012568 0
476 0.01999999999987242 0.6800000000008393 0
477 0.01999999999987535 0.7600000000002685 0
478 0.1399999777325747 0.01999997773282177 0
479 1.019999999997435 0.02000000000002057 0
480 0.0199999999999241 0.8599999999996429 0
481 0.01999999999987982 0.7999999999999977 0
482 1.979999999999923 0.9799999999999414 0
483 0.9199999999975942 0.01999999999995986 0
484 1.979999999999966 0.01999999999998577 0
485 0.01983806167582502 0.01983806167589848 0
486 1.440000000001104 0.9600000000002684 0
487 1.080000000003606 0.9600000000002623 0
488 0.8799999999977195 0.03999999999989873 0
489 1.259999999998052 0.04000000000009545 0
490 0.7199999999981876 0.03999999999988998 0
491 0.5400000000022547 0.9599999999998436 0
492 1.019999999997447 0.04000000000004376 0
493 0.7000000000029132 0.9599999999998426 0
494 1.960000000000054 0.4999999999988015 0
495 1.599999999999995 0.9600000000002632 0
496 1.61999999999899 0.04000000000009461 0
497 0.4399999999990016 0.03999999999988588 0
498 0.04000000000011796 0.3800000000015665 0
499 0.400000000001677 0.9599999999998535 0
500 0.03999999999975494 0.6400000000011249 0
501 0.2999999999994117 0.03999999999990188 0
502 1.960000000000103 0.3199999999992 0
503 1.77999999999941 0.04000000000008889 0
504 1.959999999999922 0.6999999999992289 0
505 0.04000000000013878 0.2800000000011507 0
506 0.2199999999993077 0.03999999999964459 0
507 0.2000000000008536 0.9599999999998763 0
508 1.960000000000089 0.1599999999996771 0
509 1.959999999999912 0.7799999999994291 0
510 1.819999999999294 0.9599999999998903 0
511 0.03999999999978472 0.8199999999998723 0
512 1.959999999999902 0.8399999999995802 0
513 0.1399999202679004 0.03999992026810625 0
514 0.9800000000039675 0.9600000000000968 0
515 0.03999982890238662 0.1399998289028265 0
516 0.03999999999991873 0.8799999999996541 0
517 1.959999999999974 0.5799999999989498 0
518 0.3200000000013385 0.9599999999998614 0
519 1.539999999998786 0.04000000000009558 0
520 1.079999999997582 0.04000000000008578 0
521 1.199999999997894 0.04000000000009352 0
522 0.6599999999983593 0.03999999999988964 0
523 1.960000000000048 0.09999999999986851 0
524 1.939999999999897 0.0400000000000397 0
525 1.739999999999305 0.04000000000009119 0
526 1.63999999999971 0.9600000000002535 0
527 1.959999999999952 0.04000000000000335 0
528 0.9400000000039204 0.9799999999999942 0
529 0.02000000000002993 0.9199999999996938 0
530 1.98 0.5399999999988156 0
531 0.9000000000037698 0.9799999999999623 0
532 0.02000000000003344 0.4400000000018124 0
533 0.01999999999999267 0.4800000000019216 0
534 0.0199999999999274 0.520000000001876 0
535 1.799999999999202 0.9799999999999551 0
536 1.959999999999964 0.5999999999989878 0
537 0.04000000000013337 0.3200000000013262 0
538 1.980000000000038 0.4799999999987804 0
539 0.02000000000005622 0.4000000000016559 0
540 0.01992524088542538 0.0599252408856162 0
541 0.860000000003589 0.9799999999999403 0
542 1.759999999999108 0.9800000000000106 0
543 0.1400000000005748 0.979999999999936 0
544 0.1800000000007558 0.9799999999999356 0
545 1.979999999999968 0.6399999999990627 0
546 0.04000000000013846 0.9599999999998499 0
547 0.1000000000003943 0.979999999999934 0
548 0.01999430489863981 0.09999430489899019 0
549 0.02000000000006714 0.3400000000014143 0
550 0.240000000001003 0.9799999999999327 0
551 1.899999999999739 0.02000000000003843 0
552 0.2800000000011678 0.9799999999999304 0
553 1.859999999999423 0.9799999999999308 0
554 1.059999999997528 0.02000000000004019 0
555 1.859999999999629 0.02000000000004156 0
556 0.01999998467748713 0.1599999846780765 0
557 1.979999999999956 0.7399999999993185 0
558 0.06000000000023192 0.9799999999999275 0
559 0.3600000000015025 0.9799999999999268 0
560 0.02000000000007237 0.2400000000009947 0
561 0.02000000000007189 0.2000000000008251 0
562 1.979999999999961 0.6799999999991682 0
563 1.79999999999947 0.02000000000004488 0
564 0.4400000000018334 0.979999999999924 0
565 1.939999999999762 0.9799999999999307 0
566 0.4800000000020003 0.9799999999999228 0
567 1.699999999999207 0.02000000000004712 0
568 1.659999999999101 0.02000000000004772 0
569 0.520000000002167 0.9799999999999215 0
570 1.979999999999952 0.8199999999995276 0
571 1.899999999999593 0.9799999999999259 0
572 1.579999999998891 0.02000000000004859 0
573 1.419999999998475 0.02000000000004866 0
574 1.45999999999858 0.02000000000004865 0
575 1.119999999997684 0.0200000000000467 0
576 1.31999999999821 0.02000000000004865 0
577 1.499999999998683 0.02000000000004868 0
578 1.379999999998371 0.02000000000004873 0
579 1.279999999998104 0.02000000000004866 0
580 1.219999999997946 0.02000000000004807 0
581 1.159999999997788 0.02000000000004741 0
582 0.5800000000024159 0.9799999999999202 0
583 0.6800000000028302 0.9799999999999202 0
584 0.8200000000034098 0.9799999999999275 0
585 0.6200000000025814 0.97999999999992 0
586 0.780000000003243 0.9799999999999232 0
587 0.7400000000030785 0.9799999999999213 0
588 0.4599999999989413 0.01999999999994239 0
589 0.499999999998824 0.01999999999994265 0
590 1.979999999999946 0.8799999999996808 0
591 0.3999999999991183 0.01999999999994348 0
592 0.2599999999995155 0.01999999999995741 0
593 0.5399999999987077 0.01999999999994329 0
594 1.719999999999196 0.9800000000000775 0
595 0.839999999997833 0.01999999999994473 0
596 0.5799999999985906 0.0199999999999439 0
597 0.739999999998126 0.01999999999994445 0
598 0.6199999999984738 0.01999999999994416 0
599 0.7799999999980076 0.0199999999999443 0
600 0.679999999998301 0.01999999999994442 0
601 1.320000000001942 0.980000000000135 0
602 0.1799999999573159 0.01999999995762846 0
603 1.420000000001245 0.980000000000135 0
604 1.160000000003051 0.980000000000135 0
605 1.240000000002499 0.980000000000135 0
606 1.580000000000136 0.980000000000134 0
607 1.360000000001661 0.980000000000135 0
608 1.520000000000553 0.980000000000135 0
609 1.200000000002774 0.980000000000135 0
610 1.12000000000333 0.980000000000135 0
611 1.060000000003734 0.9800000000001271 0
612 1.480000000000831 0.980000000000135 0
613 1.280000000002222 0.980000000000135 0
614 1.979999999999941 0.9199999999997819 0
615 1.980000000000052 0.299999999999262 0
616 1.980000000000052 0.3599999999990921 0
617 0.3199999999993535 0.0199999999999481 0
618 1.980000000000051 0.2399999999994471 0
619 1.980000000000052 0.3999999999989762 0
620 0.01999999999989139 0.5600000000016659 0
621 1.980000000000049 0.1999999999995627 0
622 1.679999999999437 0.9800000000001147 0
623 0.01999999999987968 0.6000000000013976 0
624 1.980000000000049 0.4399999999988668 0
625 1.02000000000394 0.9800000000001007 0
626 0.01999999999987324 0.6600000000009781 0
627 0.01999999999987374 0.7000000000006982 0
628 0.01999999999987521 0.7400000000004094 0
629 1.980000000000042 0.1399999999997293 0
630 0.01999999999987764 0.7800000000001314 0
631 0.1199994060016797 0.01999940600188452 0
632 0.8999999999976586 0.01999999999995361 0
633 0.07997696591209089 0.01997696591221224 0
634 1.980000000000002 0.05999999999992792 0
635 0.9999999999974168 0.02000000000000695 0
636 1.95999999999987 0.9399999999998224 0
637 1.959999999999856 0.9599999999998765 0
638 0.01999999999990404 0.8399999999997432 0
639 0.9599999999974683 0.01999999999998024 0
640 0.05991550366933639 0.03991550366941737 0
641 0.0398558778867267 0.03985587788682352 0
642 1.300000000002084 0.9600000000002681 0
643 1.939999999999984 0.5799999999989846 0
644 0.8600000000035866 0.9599999999998901 0
645 1.379999999998373 0.04000000000009549 0
646 0.03999999999986632 0.5200000000018354 0
647 1.859999999999625 0.04000000000007811 0
648 0.5599999999986497 0.03999999999988826 0
649 1.180000000002911 0.9600000000002681 0
650 0.1400000000005692 0.9599999999998812 0
651 0.1000000000003588 0.9599999999998771 0
652 1.960000000000099 0.4199999999989262 0
653 0.03999999999975649 0.7200000000005601 0
654 1.719999999999207 0.960000000000147 0
655 0.04000000000006004 0.440000000001772 0
656 1.899999999999611 0.9599999999998565 0
657 0.04000000000013781 0.2000000000008137 0
658 0.4800000000020062 0.9599999999998478 0
659 1.500000000000689 0.960000000000268 0
660 1.380000000001515 0.9600000000002683 0
661 1.960000000000099 0.2599999999993881 0
662 0.9399999999975119 0.03999999999994366 0
663 0.03999219893874007 0.09999219893902624 0
664 0.9400000000039289 0.959999999999999 0
665 0.06000000000020396 0.959999999999862 0
666 0.04000000000012823 0.3400000000014124 0
667 1.959999999999946 0.639999999999078 0
668 1.959999999999928 0.6799999999991837 0
669 0.2400000000010099 0.959999999999873 0
670 1.059999999997533 0.04000000000007785 0
671 1.659999999999095 0.04000000000009311 0
672 1.219999999997947 0.04000000000009395 0
673 1.119999999997685 0.04000000000008994 0
674 0.8200000000033997 0.9599999999998635 0
675 0.780000000003234 0.9599999999998525 0
676 1.959999999999906 0.8199999999995304 0
677 1.499999999998684 0.04000000000009556 0
678 1.419999999998477 0.04000000000009536 0
679 0.5800000000024198 0.9599999999998425 0
680 0.6200000000025828 0.9599999999998425 0
681 0.3999999999991233 0.03999999999988866 0
682 1.260000000002365 0.9600000000002681 0
683 0.5999999999985307 0.03999999999988927 0
684 0.6999999999982456 0.03999999999989016 0
685 0.7599999999980692 0.03999999999989011 0
686 1.460000000000965 0.9600000000002682 0
687 1.140000000003194 0.960000000000268 0
688 1.960000000000101 0.3799999999990358 0
689 1.42000000000124 0.9600000000002682 0
690 1.960000000000097 0.2199999999995162 0
691 1.960000000000102 0.2999999999992562 0
692 1.759999999999161 0.9600000000000222 0
693 1.79999999999924 0.9599999999999178 0
694 1.040000000003815 0.9600000000002288 0
695 1.000000000003936 0.960000000000151 0
696 0.0399999999997603 0.7600000000002591 0
697 1.960000000000065 0.1199999999998023 0
698 0.8999999999976576 0.03999999999990939 0
699 0.03999999999981679 0.8399999999997649 0
700 1.96000000000002 0.07999999999993422 0
701 1.96000000000001 0.5399999999988548 0
702 0.9600000000039632 0.9600000000000448 0
703 0.03999999999999041 0.8999999999996778 0
704 0.04000000000010613 0.9399999999997856 0
705 1.960000000000031 0.5199999999988197 0
706 1.959999999999993 0.5599999999989062 0
707 0.9000000000037851 0.9599999999999365 0
708 0.04000000000010453 0.4000000000016366 0
709 1.960000000000091 0.4599999999988429 0
710 1.960000000000076 0.4799999999988169 0
711 0.1800000000007732 0.9599999999998796 0
712 0.04000000000012282 0.3600000000014914 0
713 1.959999999999956 0.61999999999903 0
714 0.03999999999998272 0.4800000000018597 0
715 0.03999816420880874 0.1199981642091734 0
716 0.220000000000932 0.9599999999998758 0
717 0.03992145943477948 0.05992145943492438 0
718 1.899999999999751 0.04000000000007008 0
719 1.919999999999827 0.04000000000005751 0
720 0.03999996715796123 0.1599999671584753 0
721 1.039999999997487 0.04000000000006383 0
722 0.3600000000015129 0.9599999999998576 0
723 0.3400000000014269 0.9599999999998604 0
724 0.04000000000013582 0.300000000001236 0
725 1.959999999999916 0.7399999999993235 0
726 0.2800000000011718 0.9599999999998672 0
727 0.3000000000012546 0.959999999999865 0
728 0.3800000000015968 0.9599999999998559 0
729 1.95999999999992 0.7199999999992751 0
730 1.799999999999461 0.04000000000008627 0
731 1.639999999999042 0.04000000000009361 0
732 1.859999999999435 0.959999999999867 0
733 1.839999999999361 0.9599999999998782 0
734 1.099999999997633 0.04000000000008792 0
735 0.04000000000013899 0.2400000000009889 0
736 0.04000000000013824 0.2600000000010694 0
737 1.959999999999915 0.7599999999993768 0
738 1.93999999999978 0.9599999999998674 0
739 1.239999999998 0.04000000000009448 0
740 1.759999999999357 0.04000000000008979 0
741 1.579999999998887 0.04000000000009523 0
742 1.959999999999909 0.7999999999994802 0
743 0.5200000000021727 0.9599999999998448 0
744 0.4400000000018383 0.9599999999998511 0
745 0.4200000000017575 0.9599999999998529 0
746 1.599999999998938 0.04000000000009465 0
747 1.279999999998104 0.04000000000009525 0
748 1.31999999999821 0.04000000000009521 0
749 1.559999999998836 0.04000000000009511 0
750 1.519999999998735 0.04000000000009531 0
751 1.15999999999779 0.04000000000009183 0
752 1.179999999997843 0.04000000000009227 0
753 0.7400000000030751 0.959999999999846 0
754 0.7200000000029939 0.9599999999998446 0
755 1.699999999999202 0.04000000000009166 0
756 1.719999999999254 0.04000000000009105 0
757 0.5600000000023376 0.9599999999998434 0
758 0.6800000000028307 0.9599999999998428 0
759 1.45999999999858 0.04000000000009543 0
760 0.459999999998943 0.03999999999988595 0
761 0.4999999999988245 0.03999999999988629 0
762 1.959999999999894 0.8799999999996757 0
763 1.95999999999988 0.919999999999771 0
764 1.959999999999898 0.8599999999996286 0
765 0.5199999999987663 0.03999999999988696 0
766 0.8599999999977757 0.03999999999989347 0
767 0.7999999999979485 0.03999999999988965 0
768 0.6399999999984154 0.03999999999988965 0
769 1.220000000002638 0.9600000000002681 0
770 1.100000000003473 0.960000000000266 0
771 1.540000000000413 0.9600000000002676 0
772 0.1999999999488267 0.03999999994913599 0
773 0.4199999999990617 0.0399999999998872 0
774 1.960000000000103 0.3399999999991466 0
775 1.340000000001796 0.9600000000002681 0
776 1.659999999999561 0.9600000000002393 0
777 0.2599999999995161 0.03999999999991787 0
778 0.2399999999995257 0.03999999999989245 0
779 0.81999999999789 0.03999999999988997 0
780 1.960000000000093 0.1799999999996238 0
781 0.03999999999976283 0.6200000000012712 0
782 0.03999999999978306 0.5800000000015554 0
783 0.6799999999983026 0.0399999999998902 0
784 1.560000000000273 0.9600000000002665 0
785 1.580000000000133 0.9600000000002645 0
786 0.1599999862254794 0.0399999862257254 0
787 0.7399999999981293 0.03999999999989033 0
788 0.2799999999994646 0.03999999999990891 0
789 1.619999999999854 0.960000000000259 0
790 0.03999999999977035 0.7999999999999925 0
791 0.3399999999993046 0.03999999999989575 0
792 0.3199999999993589 0.0399999999998989 0
793 0.03999999999975383 0.68000000000085 0
794 0.03999999999975493 0.6600000000009864 0
795 0.03999999999982482 0.540000000001771 0
796 0.9799999999974236 0.03999999999999124 0
797 0.9999999999974272 0.04000000000001826 0
798 0.09999348903223847 0.03999348903235471 0
799 0.1199985705979685 0.03999857059812495 0
800 1.060000000003722 0.9600000000002488 0
801 1.960000000000078 0.1399999999997389 0
802 1.699999999999298 0.9600000000001898 0
803 0.07996936972335565 0.03996936972344715 0
804 0.03999999999986166 0.8599999999996892 0
805 1.959999999999984 0.05999999999997849 0
806 1.080000000003603 0.9400000000003846 0
807 1.440000000001097 0.9400000000003984 0
808 0.8799999999977181 0.05999999999985267 0
809 1.219999999997953 0.06000000000013608 0
810 0.4999999999988266 0.05999999999983188 0
811 0.7199999999981929 0.059999999999838 0
812 1.019999999997464 0.06000000000006675 0
813 0.5200000000021809 0.9399999999997718 0
814 0.7200000000029877 0.9399999999997736 0
815 1.519999999998733 0.06000000000013907 0
816 0.05999999999976381 0.5400000000017664 0
817 0.06000000000014027 0.4000000000016043 0
818 0.3400000000014464 0.9399999999997987 0
819 1.560000000000266 0.9400000000003936 0
820 0.339999999999313 0.05999999999984851 0
821 1.659999999999084 0.0600000000001344 0
822 0.05999999999965436 0.6400000000011397 0
823 1.940000000000148 0.3199999999991947 0
824 0.06000000000019166 0.3000000000012181 0
825 1.939999999999908 0.6799999999992108 0
826 1.69999999999928 0.9400000000002687 0
827 1.759999999999343 0.06000000000012823 0
828 0.2599999999995163 0.05999999999987784 0
829 1.93999999999988 0.7599999999993862 0
830 0.2200000000009487 0.9399999999998293 0
831 1.940000000000131 0.1799999999996377 0
832 1.799999999999276 0.9399999999998933 0
833 0.05999999999967229 0.7999999999999821 0
834 1.939999999999864 0.8199999999995353 0
835 0.05999996564978462 0.1599999656502327 0
836 0.1399997745949878 0.05999977459512844 0
837 0.9800000000039337 0.9400000000001484 0
838 0.05999999999980651 0.8599999999997273 0
839 1.099999999997637 0.06000000000012522 0
840 0.4200000000017675 0.9399999999997849 0
841 0.05999352190479461 0.09999352190500436 0
842 1.599999999998929 0.06000000000013775 0
843 0.4399999999990064 0.05999999999983201 0
844 0.6599999999983585 0.05999999999983745 0
845 1.639999999999683 0.9400000000003657 0
846 1.940000000000083 0.1199999999998487 0
847 1.919999999999874 0.06000000000006422 0
848 0.09999338672698882 0.05999338672705157 0
849 1.940000000000033 0.5399999999989177 0
850 0.06000000000017888 0.3400000000013965 0
851 0.06000000000015487 0.9399999999998062 0
852 1.939999999999952 0.6199999999990551 0
853 1.839999999999384 0.9399999999998305 0
854 0.0600000000001957 0.2600000000010608 0
855 1.179999999997852 0.06000000000013304 0
856 1.719999999999241 0.060000000000131 0
857 1.819999999999514 0.04000000000008353 0
858 1.359999999998319 0.04000000000009524 0
859 0.560000000002344 0.9399999999997692 0
860 0.6600000000027478 0.9599999999998428 0
861 1.93999999999985 0.8599999999996256 0
862 0.2199999999931318 0.05999999999342768 0
863 0.3799999999991866 0.03999999999989105 0
864 1.940000000000009 0.5599999999989529 0
865 1.940000000000046 0.09999999999992971 0
866 1.939999999999994 0.07999999999999084 0
867 0.9400000000039123 0.9400000000000182 0
868 1.020000000003884 0.960000000000194 0
869 0.8800000000036853 0.959999999999914 0
870 0.05999999999989145 0.879999999999708 0
871 0.1800000000007985 0.9399999999998363 0
872 0.04000000000008336 0.4200000000017034 0
873 1.779999999999194 0.9599999999999643 0
874 1.939999999999968 0.5999999999990173 0
875 0.0399999999999261 0.5000000000018625 0
876 0.3000000000012675 0.9399999999998079 0
877 0.08000000000027353 0.9599999999998722 0
878 1.939999999999886 0.7399999999993366 0
879 0.160000000000678 0.9599999999998823 0
880 1.959999999999938 0.6599999999991328 0
881 0.1200000000004578 0.9599999999998814 0
882 1.799999999999445 0.0600000000001216 0
883 0.04000000000005434 0.9199999999997269 0
884 1.0399999999975 0.06000000000009344 0
885 0.3800000000016125 0.9399999999997911 0
886 1.879999999999686 0.04000000000007379 0
887 0.0399999927903021 0.179999992790895 0
888 0.6800000000028288 0.9399999999997702 0
889 0.03996945639512314 0.07996945639533198 0
890 1.839999999999569 0.04000000000008029 0
891 0.8000000000033142 0.9599999999998585 0
892 0.840000000003488 0.9599999999998756 0
893 0.2600000000010907 0.9599999999998713 0
894 0.9799999999974306 0.05999999999999403 0
895 0.5000000000020904 0.9599999999998465 0
896 1.339999999998264 0.04000000000009489 0
897 0.04000000000013757 0.2200000000009026 0
898 1.57999999999888 0.06000000000013806 0
899 1.919999999999699 0.9599999999998604 0
900 0.06000000000016981 0.3600000000014719 0
901 1.139999999997738 0.04000000000009042 0
902 1.399999999998425 0.04000000000009511 0
903 0.7600000000031539 0.9599999999998498 0
904 1.299999999998157 0.04000000000009495 0
905 1.439999999998528 0.04000000000009506 0
906 1.939999999999891 0.7199999999992933 0
907 1.879999999999521 0.9599999999998609 0
908 0.05999813303679583 0.1199981330370876 0
909 0.6000000000025014 0.9599999999998429 0
910 1.059999999997542 0.06000000000011038 0
911 0.6400000000026649 0.9599999999998429 0
912 1.93999999999987 0.7999999999994878 0
913 0.4600000000019219 0.95999999999985 0
914 1.679999999999148 0.04000000000009172 0
915 1.63999999999903 0.06000000000013549 0
916 1.479999999998632 0.04000000000009523 0
917 1.239999999998004 0.06000000000013705 0
918 1.279999999998106 0.06000000000013832 0
919 1.559999999998832 0.06000000000013832 0
920 1.940000000000088 0.4999999999988683 0
921 1.940000000000133 0.4599999999988804 0
922 0.5399999999987083 0.03999999999988776 0
923 0.6199999999984723 0.03999999999988969 0
924 0.8399999999978323 0.0399999999998912 0
925 0.7799999999980087 0.03999999999989011 0
926 0.4799999999988842 0.03999999999988629 0
927 0.2999999999994146 0.05999999999985915 0
928 0.9200000000038606 0.9599999999999669 0
929 1.739999999999164 0.9600000000000871 0
930 1.360000000001654 0.9600000000002679 0
931 1.200000000002774 0.9600000000002678 0
932 1.52000000000055 0.9600000000002674 0
933 1.120000000003336 0.9600000000002671 0
934 1.599999999999981 0.9400000000003849 0
935 1.960000000000102 0.3599999999990923 0
936 1.280000000002225 0.9600000000002676 0
937 0.1799999979173271 0.03999999791760606 0
938 1.960000000000095 0.1999999999995719 0
939 0.0400000000000259 0.460000000001822 0
940 0.4199999999990673 0.05999999999983398 0
941 1.240000000002502 0.9600000000002678 0
942 0.5799999999985902 0.039999999999889 0
943 0.3599999999992473 0.03999999999989372 0
944 0.7599999999980754 0.0599999999998381 0
945 0.7999999999979509 0.05999999999983736 0
946 0.699999999998249 0.05999999999983811 0
947 0.05999999999969978 0.8199999999998786 0
948 1.480000000000827 0.9600000000002676 0
949 0.03999999999976569 0.7800000000001206 0
950 1.400000000001377 0.960000000000268 0
951 1.320000000001939 0.9600000000002678 0
952 1.959999999999887 0.8999999999997221 0
953 1.160000000003052 0.9600000000002676 0
954 1.9600000000001 0.3999999999989794 0
955 1.960000000000096 0.4399999999988831 0
956 1.960000000000098 0.2399999999994551 0
957 1.9600000000001 0.2799999999993195 0
958 1.93999999999994 0.06000000000002192 0
959 0.03999999999975943 0.7400000000004089 0
960 1.67999999999942 0.9600000000002168 0
961 0.05999999999964886 0.6800000000008593 0
962 1.939999999999799 0.9399999999998099 0
963 0.03999999999975679 0.7000000000007092 0
964 0.03999999999977402 0.6000000000014184 0
965 1.060000000003703 0.9400000000003645 0
966 1.940000000000122 0.1599999999996996 0
967 0.03999999999980283 0.5600000000016745 0
968 0.9199999999975865 0.0399999999999248 0
969 0.9599999999974568 0.03999999999996751 0
970 0.05995043661675185 0.05995043661685345 0
971 1.26000000000237 0.9400000000003977 0
972 1.080000000003581 0.9200000000005017 0
973 1.219999999997962 0.08000000000017388 0
974 0.719999999998198 0.07999999999978827 0
975 1.019999999997481 0.08000000000008771 0
976 1.920000000000061 0.5399999999989845 0
977 1.579999999998871 0.08000000000017733 0
978 0.4399999999990142 0.07999999999978057 0
979 0.08000000000021749 0.3400000000013563 0
980 1.919999999999873 0.7199999999993213 0
981 1.920000000000161 0.1799999999996728 0
982 1.919999999999838 0.7999999999994983 0
983 0.07999999999959044 0.7999999999999677 0
984 0.07999999999976759 0.8599999999997635 0
985 1.379999999998374 0.06000000000013872 0
986 0.8600000000035539 0.9399999999998573 0
987 0.1400000000005507 0.9399999999998413 0
988 1.340000000001785 0.9400000000003976 0
989 1.879999999999544 0.9399999999998008 0
990 0.8000000000032883 0.9399999999998025 0
991 1.91999999999998 0.5999999999990518 0
992 0.05999999999997078 0.4800000000018004 0
993 0.5999999999985286 0.05999999999983648 0
994 1.940000000000145 0.3799999999990382 0
995 1.140000000003204 0.9400000000003972 0
996 1.940000000000143 0.2599999999993907 0
997 0.07999606208757964 0.09999606208769328 0
998 1.919999999999723 0.9399999999997989 0
999 1.939999999999922 0.6599999999991597 0
1000 0.06000000000007967 0.9199999999997583 0
1001 1.83999999999956 0.0600000000001118 0
1002 1.920000000000083 0.1199999999999205 0
1003 1.679999999999138 0.06000000000013264 0
1004 0.06000000000019479 0.2200000000009001 0
1005 0.05999999188114558 0.1799999918816729 0
1006 0.6400000000026643 0.9399999999997699 0
1007 1.479999999998629 0.06000000000013912 0
1008 0.4600000000019292 0.9399999999997801 0
1009 0.5000000000020989 0.9399999999997742 0
1010 1.220000000002641 0.9400000000003977 0
1011 1.739999999999187 0.9400000000001267 0
1012 1.779999999999235 0.9399999999999582 0
1013 0.5599999999986502 0.05999999999983482 0
1014 0.4799999999988876 0.05999999999983176 0
1015 1.380000000001506 0.9400000000003982 0
1016 1.940000000000146 0.2999999999992503 0
1017 0.05999999999965809 0.7600000000002421 0
1018 0.0599999999997036 0.5800000000015897 0
1019 1.679999999999394 0.9400000000003107 0
1020 0.05997677558100057 0.07997677558114238 0
1021 0.06000000000007518 0.4400000000017122 0
1022 0.9000000000037578 0.9399999999999287 0
1023 0.9200000000038399 0.9399999999999719 0
1024 0.1600000000006857 0.9399999999998411 0
1025 1.040000000003782 0.9400000000003308 0
1026 0.1000000000002948 0.9399999999998343 0
1027 0.06000000000018458 0.3200000000013051 0
1028 0.06000000000010959 0.4200000000016592 0
1029 1.939999999999938 0.6399999999991058 0
1030 0.05999999999998726 0.899999999999723 0
1031 0.2000000000008783 0.939999999999834 0
1032 1.919999999999865 0.7399999999993587 0
1033 0.3200000000013579 0.9399999999998034 0
1034 1.819999999999499 0.0600000000001162 0
1035 0.2600000000010994 0.9399999999998193 0
1036 0.2800000000011835 0.9399999999998144 0
1037 1.819999999999326 0.9399999999998577 0
1038 0.08000000000021067 0.9399999999998239 0
1039 0.05999999999982431 0.5200000000018067 0
1040 0.06000000000019348 0.280000000001136 0
1041 1.199999999997904 0.06000000000013405 0
1042 0.2400000000010217 0.9399999999998258 0
1043 1.69999999999919 0.06000000000013129 0
1044 0.8400000000034594 0.9399999999998331 0
1045 1.879999999999708 0.06000000000009831 0
1046 1.899999999999795 0.06000000000008358 0
1047 1.940000000000143 0.4199999999989411 0
1048 1.94000000000014 0.4399999999989085 0
1049 0.3600000000015326 0.9399999999997957 0
1050 0.06000000000019452 0.2400000000009854 0
1051 1.079999999997589 0.06000000000011947 0
1052 1.35999999999832 0.06000000000013831 0
1053 0.4000000000016909 0.9399999999997882 0
1054 1.859999999999459 0.9399999999998147 0
1055 0.7600000000031377 0.9399999999997843 0
1056 1.319999999998211 0.0600000000001381 0
1057 1.299999999998159 0.06000000000013782 0
1058 0.7400000000030625 0.9399999999997791 0
1059 1.779999999999394 0.06000000000012475 0
1060 0.6600000000027459 0.9399999999997708 0
1061 1.739999999999291 0.06000000000012942 0
1062 1.49999999999868 0.06000000000013885 0
1063 1.619999999998979 0.06000000000013645 0
1064 1.9399999999999 0.6999999999992553 0
1065 0.700000000002909 0.9399999999997719 0
1066 0.06000000000015678 0.3800000000015397 0
1067 1.139999999997744 0.06000000000012966 0
1068 1.1599999999978 0.06000000000013095 0
1069 0.5400000000022624 0.9399999999997707 0
1070 0.440000000001847 0.939999999999783 0
1071 1.039999999997513 0.0800000000001188 0
1072 0.5800000000024246 0.9399999999997691 0
1073 0.05999955816498985 0.1399995581653632 0
1074 0.9999999999974428 0.06000000000003101 0
1075 1.939999999999876 0.7799999999994384 0
1076 1.93999999999983 0.8999999999997097 0
1077 1.939999999999858 0.8399999999995813 0
1078 1.920000000000033 0.5599999999989976 0
1079 1.259999999998055 0.06000000000013762 0
1080 1.100000000003478 0.940000000000392 0
1081 1.11999999999769 0.06000000000012722 0
1082 0.6000000000025042 0.9399999999997696 0
1083 1.419999999998476 0.06000000000013866 0
1084 1.539999999998783 0.06000000000013839 0
1085 1.459999999998578 0.06000000000013871 0
1086 1.940000000000137 0.2199999999995292 0
1087 0.9600000000039327 0.9400000000000798 0
1088 1.939999999999815 0.9199999999997571 0
1089 1.719999999999215 0.9400000000002041 0
1090 0.9199999999975801 0.05999999999989317 0
1091 0.9599999999974528 0.05999999999995849 0
1092 0.8999999999976543 0.05999999999987021 0
1093 0.6399999999984131 0.05999999999983732 0
1094 0.5199999999987677 0.05999999999983289 0
1095 0.8199999999978898 0.05999999999983784 0
1096 0.7399999999981351 0.05999999999983845 0
1097 1.460000000000958 0.9400000000003979 0
1098 1.500000000000682 0.9400000000003971 0
1099 0.399999999999132 0.05999999999983699 0
1100 0.319999999999364 0.05999999999985374 0
1101 1.940000000000148 0.3399999999991438 0
1102 0.1599999598716764 0.05999995987186483 0
1103 1.180000000002915 0.9400000000003976 0
1104 0.679999999998304 0.05999999999983811 0
1105 1.400000000001371 0.9400000000003979 0
1106 0.8599999999977738 0.05999999999984376 0
1107 1.94000000000006 0.5199999999988915 0
1108 1.420000000001234 0.9400000000003977 0
1109 1.940000000000115 0.4799999999988715 0
1110 0.1999999997041728 0.05999999970443591 0
1111 1.580000000000122 0.9400000000003891 0
1112 0.4599999999989479 0.05999999999983198 0
1113 0.2399999999987088 0.05999999999903566 0
1114 0.07997646127933204 0.05997646127940368 0
1115 1.939999999999841 0.879999999999667 0
1116 1.940000000000133 0.1999999999995865 0
1117 1.300000000002083 0.9400000000003976 0
1118 1.020000000003847 0.9400000000002816 0
1119 1.0000000000039 0.9400000000002192 0
1120 0.05999999999965187 0.660000000000996 0
1121 1.540000000000405 0.9400000000003954 0
1122 0.7799999999980141 0.05999999999983797 0
1123 0.279999999999467 0.05999999999986902 0
1124 0.3599999999992575 0.05999999999984461 0
1125 1.619999999999831 0.9400000000003764 0
1126 0.05999999999965211 0.7200000000005665 0
1127 1.940000000000104 0.1399999999997742 0
1128 0.05999999999966559 0.7800000000001018 0
1129 0.05999999999966796 0.6200000000012992 0
1130 0.05999999999974752 0.8399999999997928 0
1131 0.05999999999965187 0.7000000000007165 0
1132 0.05999999999973157 0.5600000000016909 0
1133 1.659999999999531 0.9400000000003418 0
1134 0.1199981925843324 0.05999819258442344 0
1135 1.919999999999943 0.08000000000004018 0
1136 1.380000000001497 0.9200000000005243 0
1137 0.8599999999977703 0.07999999999979604 0
1138 0.9400000000038423 0.9200000000000466 0
1139 1.359999999998319 0.08000000000017804 0
1140 0.760000000003111 0.9199999999997291 0
1141 0.5000000000021099 0.9199999999997065 0
1142 1.019999999997495 0.1000000000001058 0
1143 0.07999999999964162 0.5800000000016265 0
1144 1.900000000000096 0.5399999999990385 0
1145 1.560000000000239 0.9200000000005143 0
1146 1.920000000000188 0.3199999999991899 0
1147 0.3200000000013901 0.9199999999997507 0
1148 0.3399999999993204 0.07999999999980502 0
1149 0.0799999999995606 0.6800000000008501 0
1150 1.659999999999488 0.9200000000004389 0
1151 1.899999999999867 0.7199999999993519 0
1152 1.739999999999266 0.08000000000016351 0
1153 0.08000000000024216 0.240000000000987 0
1154 0.2599999999994665 0.07999999999978659 0
1155 0.2400000000010392 0.9199999999997867 0
1156 1.779999999999272 0.9199999999999607 0
1157 1.839999999999423 0.9199999999997954 0
1158 1.819999999999488 0.08000000000014296 0
1159 0.07999999458823986 0.179999994588724 0
1160 0.6600000000027426 0.9199999999997046 0
1161 1.1199999999977 0.08000000000016089 0
1162 0.1600000000006732 0.9199999999998127 0
1163 1.920000000000173 0.4599999999989471 0
1164 1.919999999999806 0.8599999999996232 0
1165 1.499999999998674 0.08000000000017923 0
1166 1.679999999999119 0.08000000000016912 0
1167 0.3800000000016354 0.9199999999997321 0
1168 0.5600000000023507 0.9199999999997005 0
1169 0.799999999997958 0.07999999999978717 0
1170 1.44000000000109 0.9200000000005243 0
1171 0.4999999999988295 0.07999999999977989 0
1172 0.1599999681176065 0.07999996811771101 0
1173 1.040000000003753 0.9200000000004284 0
1174 1.919999999999918 0.6599999999992083 0
1175 0.9599999999974614 0.07999999999995221 0
1176 1.919999999999886 0.699999999999292 0
1177 0.9999999999974606 0.08000000000004381 0
1178 1.919999999999848 0.7799999999994514 0
1179 0.4200000000017814 0.919999999999722 0
1180 1.159999999997815 0.08000000000016648 0
1181 1.199999999997917 0.08000000000017131 0
1182 0.07999999999972154 0.5400000000017604 0
1183 0.7200000000029764 0.9199999999997113 0
1184 1.259999999998056 0.08000000000017665 0
1185 1.299999999998156 0.0800000000001773 0
1186 1.699999999999267 0.9200000000003383 0
1187 0.2199999999593282 0.07999999995957122 0
1188 0.07999999999968714 0.8399999999998103 0
1189 1.000000000003867 0.9200000000002871 0
1190 1.100000000003472 0.9200000000005145 0
1191 1.920000000000146 0.1599999999997525 0
1192 0.09999540452206475 0.07999540452208843 0
1193 1.899999999999868 0.08000000000007804 0
1194 1.920000000000125 0.4999999999989612 0
1195 1.920000000000093 0.5199999999989733 0
1196 0.07999999999999845 0.8999999999997598 0
1197 0.8800000000036502 0.9399999999998933 0
1198 0.9200000000037691 0.9199999999999866 0
1199 0.860000000003494 0.9199999999998395 0
1200 1.06000000000367 0.9200000000004717 0
1201 1.759999999999203 0.9400000000000414 0
1202 0.08000000000022697 0.3200000000012721 0
1203 0.06000000000002838 0.4600000000017589 0
1204 0.2800000000012082 0.9199999999997683 0
1205 1.899999999999636 0.9399999999997967 0
1206 0.05999999819644701 0.1999999981970648 0
1207 1.920000000000006 0.5799999999990203 0
1208 0.1200000000004076 0.9399999999998411 0
1209 0.0799999999998797 0.8799999999997514 0
1210 0.2000000000009012 0.9199999999998012 0
1211 0.8200000000033703 0.9399999999998166 0
1212 1.799999999999313 0.9199999999998864 0
1213 1.779999999999369 0.08000000000015592 0
1214 0.08000000000023473 0.3000000000011923 0
1215 1.920000000000184 0.419999999998968 0
1216 1.919999999999858 0.7599999999994038 0
1217 1.619999999998964 0.08000000000017514 0
1218 1.099999999997649 0.08000000000015679 0
1219 0.3400000000014784 0.9199999999997444 0
1220 0.4800000000020145 0.9399999999997776 0
1221 1.859999999999497 0.9199999999997703 0
1222 1.519999999998725 0.08000000000017862 0
1223 1.559999999998823 0.0800000000001776 0
1224 0.7800000000032092 0.9399999999997942 0
1225 1.599999999998917 0.08000000000017607 0
1226 0.07999973052661014 0.1399997305269082 0
1227 0.07999858672845184 0.1199985867286496 0
1228 0.5200000000021918 0.9199999999997039 0
1229 0.4400000000018576 0.9199999999997188 0
1230 1.439999999998526 0.06000000000013836 0
1231 1.239999999998008 0.08000000000017503 0
1232 0.7000000000029029 0.9199999999997077 0
1233 1.919999999999829 0.819999999999542 0
1234 0.08000000000023923 0.2800000000011204 0
1235 0.08000000000018755 0.3800000000014956 0
1236 0.08000000000012664 0.4200000000016053 0
1237 0.08000000000020308 0.3600000000014262 0
1238 0.5800000000024287 0.9199999999997009 0
1239 0.08000000000011734 0.9199999999997862 0
1240 1.859999999999632 0.06000000000010482 0
1241 1.339999999998265 0.06000000000013768 0
1242 1.91999999999996 0.6199999999990978 0
1243 1.479999999998624 0.08000000000017894 0
1244 0.6200000000025837 0.9399999999997705 0
1245 1.699999999999169 0.0800000000001671 0
1246 1.399999999998425 0.06000000000013832 0
1247 1.059999999997553 0.08000000000013834 0
1248 0.9800000000038848 0.9200000000002007 0
1249 0.4199999999990779 0.07999999999978356 0
1250 0.6999999999982518 0.07999999999978843 0
1251 0.8799999999977131 0.07999999999981035 0
1252 0.5399999999987093 0.05999999999983406 0
1253 1.200000000002777 0.9400000000003974 0
1254 0.299999999999421 0.07999999999982042 0
1255 0.8399999999978306 0.05999999999984006 0
1256 1.520000000000543 0.940000000000396 0
1257 0.6199999999984696 0.05999999999983721 0
1258 0.1799999915234796 0.05999999152370438 0
1259 1.719999999999219 0.9200000000002598 0
1260 0.8999999999976478 0.07999999999983352 0
1261 1.240000000002506 0.9400000000003973 0
1262 0.6599999999983572 0.0799999999997876 0
1263 1.120000000003345 0.940000000000395 0
1264 1.919999999999789 0.8799999999996606 0
1265 1.940000000000146 0.3599999999990917 0
1266 0.5799999999985895 0.05999999999983595 0
1267 1.28000000000223 0.9400000000003972 0
1268 1.400000000001365 0.920000000000524 0
1269 0.05999999999965622 0.7400000000004012 0
1270 1.940000000000139 0.2399999999994638 0
1271 0.07999999999962938 0.8199999999998807 0
1272 0.7599999999980852 0.07999999999978827 0
1273 0.7399999999981423 0.07999999999978866 0
1274 0.05999999999968695 0.6000000000014539 0
1275 0.4599999999989539 0.07999999999977989 0
1276 1.48000000000082 0.940000000000397 0
1277 1.360000000001643 0.9400000000003972 0
1278 1.160000000003061 0.9400000000003972 0
1279 0.05999999999989795 0.5000000000018169 0
1280 1.320000000001932 0.9400000000003972 0
1281 1.920000000000166 0.199999999999611 0
1282 0.3799999999991965 0.05999999999984083 0
1283 1.599999999999935 0.9200000000004991 0
1284 1.919999999999744 0.919999999999746 0
1285 0.07999999999957162 0.6400000000011666 0
1286 1.940000000000144 0.3999999999989879 0
1287 1.940000000000144 0.2799999999993162 0
1288 1.920000000000119 0.1399999999998401 0
1289 0.07999999999957785 0.7800000000000752 0
1290 0.07999999999956231 0.7200000000005335 0
1291 0.9399999999975085 0.05999999999992461 0
1292 0.1399997238330652 0.07999972383311547 0
1293 1.63999999999963 0.9200000000004681 0
1294 1.920000000000016 0.09999999999999093 0
1295 0.07998683272972944 0.0799868327298081 0
1296 1.239999999998014 0.1000000000002095 0
1297 1.220000000002646 0.9200000000005241 0
1298 1.38000000000149 0.9000000000006465 0
1299 0.8599999999977632 0.09999999999975136 0
1300 0.7199999999982015 0.09999999999974094 0
1301 0.5600000000023583 0.8999999999996371 0
1302 1.100000000003449 0.9000000000006331 0
1303 0.9400000000037322 0.9000000000000785 0
1304 0.720000000002964 0.8999999999996573 0
1305 1.499999999998668 0.1000000000002152 0
1306 0.4399999999990248 0.09999999999973179 0
1307 0.4200000000017977 0.899999999999664 0
1308 0.1000000000002071 0.38000000000143 0
1309 1.639999999999571 0.9000000000005672 0
1310 1.699999999999138 0.1000000000001983 0
1311 0.1000000000002681 0.3000000000011623 0
1312 1.779999999999312 0.8999999999999728 0
1313 1.899999999999829 0.7799999999994713 0
1314 0.09999999999952301 0.7999999999999503 0
1315 1.900000000000182 0.1799999999997468 0
1316 1.900000000000114 0.1399999999999282 0
1317 1.619999999998949 0.1000000000002093 0
1318 1.099999999997667 0.1000000000001848 0
1319 1.300000000002078 0.9200000000005235 0
1320 0.09999999999976301 0.859999999999791 0
1321 1.839999999999484 0.8999999999997689 0
1322 1.899999999999763 0.8599999999996283 0
1323 1.900000000000003 0.5999999999991025 0
1324 0.5599999999986507 0.07999999999978365 0
1325 1.699999999999263 0.9000000000004061 0
1326 0.1599999660749061 0.09999996607490873 0
1327 0.09999930406610548 0.11999930406619 0
1328 0.8800000000035834 0.9199999999998854 0
1329 0.07999999988750658 0.2199999998881756 0
1330 1.899999999999883 0.6999999999993317 0
1331 1.759999999999236 0.9200000000000631 0
1332 1.060000000003642 0.9000000000005761 0
1333 1.899999999999665 0.9199999999997442 0
1334 0.8200000000033257 0.9199999999997791 0
1335 0.999999999997476 0.1000000000000566 0
1336 0.7800000000031755 0.9199999999997438 0
1337 1.339999999998264 0.08000000000017728 0
1338 0.4800000000020248 0.9199999999997108 0
1339 1.639999999999013 0.08000000000017281 0
1340 1.439999999998525 0.08000000000017853 0
1341 0.5199999999987692 0.07999999999978109 0
1342 1.18000000000293 0.9200000000005241 0
1343 0.8199999999978924 0.07999999999978777 0
1344 1.920000000000186 0.3799999999990412 0
1345 0.5999999999985258 0.07999999999978596 0
1346 0.07999999999987477 0.5000000000017786 0
1347 0.9399999999975084 0.07999999999990726 0
1348 0.1999999991935109 0.07999999919370707 0
1349 0.07999999999956633 0.7400000000003604 0
1350 0.07999999999961507 0.6000000000015008 0
1351 0.09999753687002683 0.09999753687005818 0
1352 0.1200000000003155 0.9199999999998143 0
1353 0.1000000000000552 0.8999999999997872 0
1354 1.900000000000129 0.5199999999990415 0
1355 0.9000000000036762 0.9199999999999346 0
1356 0.100000000000244 0.3400000000013019 0
1357 0.1400000000004874 0.9199999999998172 0
1358 0.07999999848242406 0.1999999984830062 0
1359 1.739999999999216 0.9200000000001651 0
1360 0.3000000000013014 0.9199999999997598 0
1361 1.879999999999582 0.9199999999997538 0
1362 0.07999999999995934 0.4800000000017437 0
1363 0.08000000000008148 0.4400000000016495 0
1364 1.91999999999994 0.6399999999991548 0
1365 0.8400000000034085 0.9199999999998064 0
1366 0.1800000000008051 0.9199999999998085 0
1367 1.859999999999659 0.0800000000001234 0
1368 1.839999999999567 0.08000000000013356 0
1369 1.919999999999902 0.6799999999992566 0
1370 0.9799999999974537 0.07999999999999804 0
1371 1.179999999997869 0.08000000000016859 0
1372 0.2600000000011219 0.9199999999997786 0
1373 1.319999999998209 0.08000000000017685 0
1374 0.6800000000028242 0.9199999999997065 0
1375 0.4600000000019398 0.9199999999997154 0
1376 0.08000000000015975 0.4000000000015509 0
1377 1.799999999999425 0.08000000000014926 0
1378 0.400000000001709 0.9199999999997274 0
1379 1.279999999998105 0.08000000000017676 0
1380 0.7400000000030441 0.9199999999997204 0
1381 1.759999999999315 0.08000000000015972 0
1382 1.659999999999065 0.08000000000017063 0
1383 0.07999999999967898 0.5600000000017049 0
1384 1.139999999997758 0.08000000000016329 0
1385 1.819999999999366 0.9199999999998354 0
1386 1.459999999998575 0.08000000000017844 0
1387 1.879999999999772 0.08000000000010311 0
1388 0.5400000000022719 0.9199999999997023 0
1389 1.899999999999816 0.7999999999995139 0
1390 1.199999999997932 0.1000000000002043 0
1391 0.6200000000025826 0.9199999999997028 0
1392 0.6000000000025052 0.9199999999997024 0
1393 0.6400000000026614 0.9199999999997044 0
1394 0.0799999249353384 0.1599999249357305 0
1395 0.9600000000038692 0.9200000000001198 0
1396 0.2200000000009696 0.9199999999997953 0
1397 1.919999999999819 0.839999999999584 0
1398 0.08000000000024067 0.2600000000010541 0
1399 1.899999999999856 0.7399999999993832 0
1400 0.3600000000015598 0.9199999999997386 0
1401 1.0799999999976 0.08000000000014934 0
1402 1.399999999998424 0.08000000000017829 0
1403 1.539999999998774 0.0800000000001778 0
1404 1.719999999999216 0.08000000000016494 0
1405 1.599999999998905 0.1000000000002108 0
1406 1.559999999998809 0.1000000000002131 0
1407 1.379999999998373 0.08000000000017785 0
1408 1.039999999997526 0.1000000000001401 0
1409 1.92000000000018 0.4399999999989559 0
1410 0.1000000000001926 0.9199999999998052 0
1411 1.900000000000063 0.5599999999990409 0
1412 1.340000000001769 0.9200000000005235 0
1413 0.6799999999983047 0.07999999999978838 0
1414 1.54000000000038 0.9200000000005175 0
1415 1.500000000000667 0.9200000000005211 0
1416 0.3199999999993709 0.07999999999981246 0
1417 1.679999999999367 0.9200000000003928 0
1418 1.920000000000188 0.3399999999991392 0
1419 0.1199983680169022 0.07999836801692682 0
1420 0.8799999999976988 0.09999999999977065 0
1421 1.260000000002375 0.9200000000005238 0
1422 1.42000000000123 0.9200000000005237 0
1423 1.360000000001631 0.9200000000005232 0
1424 0.3799999999992077 0.07999999999979296 0
1425 0.3599999999992663 0.07999999999979909 0
1426 0.6399999999984104 0.07999999999978734 0
1427 1.920000000000184 0.2799999999993153 0
1428 1.920000000000185 0.2999999999992478 0
1429 1.619999999999777 0.9200000000004854 0
1430 0.8399999999978294 0.07999999999979089 0
1431 0.07999999999956228 0.7000000000006894 0
1432 1.020000000003818 0.9200000000003637 0
1433 0.2399999999937713 0.07999999999405444 0
1434 1.920000000000153 0.479999999998955 0
1435 1.920000000000185 0.3999999999990004 0
1436 0.7599999999980928 0.09999999999974049 0
1437 0.1799999898067933 0.07999998980694142 0
1438 1.460000000000951 0.9200000000005231 0
1439 1.140000000003221 0.9200000000005231 0
1440 0.7799999999980232 0.079999999999788 0
1441 0.479999999998892 0.07999999999977989 0
1442 0.07999999999979122 0.5200000000017816 0
1443 0.09999999999956893 0.8199999999998761 0
1444 0.07999999999956563 0.6600000000010031 0
1445 1.92000000000017 0.2199999999995487 0
1446 1.580000000000084 0.9200000000005069 0
1447 1.919999999999767 0.8999999999997017 0
1448 0.3999999999991438 0.07999999999978807 0
1449 0.2799999999994674 0.07999999999982571 0
1450 1.920000000000179 0.2599999999993977 0
1451 1.12000000000335 0.9200000000005196 0
1452 0.9199999999975754 0.07999999999986683 0
1453 1.900000000000043 0.12 0
1454 1.899999999999953 0.1000000000000459 0
1455 0.07999999999957191 0.7600000000002052 0
1456 0.07999999999959187 0.6200000000013415 0
1457 1.379999999998375 0.1000000000002139 0
1458 0.859999999997745 0.1199999999997089 0
1459 0.9999999999974882 0.1200000000000685 0
1460 1.619999999998933 0.1200000000002392 0
1461 1.880000000000132 0.539999999999083 0
1462 0.0999999999997648 0.5200000000017583 0
1463 0.09999999999948735 0.6800000000008177 0
1464 1.900000000000224 0.3799999999990459 0
1465 0.3399999999993309 0.09999999999976483 0
1466 0.2600000000011561 0.8999999999997438 0
1467 0.2599999999991404 0.09999999999941468 0
1468 1.900000000000216 0.2799999999993263 0
1469 1.87999999999989 0.6999999999993645 0
1470 0.1199999999994698 0.7999999999999284 0
1471 0.09999999922233159 0.1999999992228814 0
1472 1.799999999999408 0.100000000000172 0
1473 1.87999999999982 0.779999999999498 0
1474 0.1600000000006019 0.8999999999997981 0
1475 1.900000000000211 0.4599999999990366 0
1476 0.860000000003422 0.8999999999998316 0
1477 0.4800000000020422 0.8999999999996489 0
1478 1.299999999998152 0.1000000000002123 0
1479 0.6599999999983567 0.09999999999974016 0
1480 0.09999999999959566 0.5800000000016513 0
1481 0.4999999999988316 0.09999999999973026 0
1482 1.440000000001086 0.9000000000006455 0
1483 0.120000000000185 0.8999999999998012 0
1484 1.85999999999973 0.1000000000001275 0
1485 1.899999999999951 0.6399999999992249 0
1486 1.900000000000163 0.4999999999990444 0
1487 0.3000000000013468 0.8999999999997167 0
1488 0.9399999999975058 0.09999999999989312 0
1489 1.819999999999419 0.8999999999998191 0
1490 0.9799999999974692 0.1000000000000029 0
1491 1.519999999998713 0.1000000000002144 0
1492 0.6800000000028187 0.8999999999996481 0
1493 1.079999999997617 0.1000000000001762 0
1494 0.3400000000015166 0.8999999999996945 0
1495 1.759999999999279 0.100000000000187 0
1496 1.719999999999184 0.1000000000001951 0
1497 1.139999999997777 0.1000000000001935 0
1498 1.179999999997887 0.1000000000002007 0
1499 0.6000000000025028 0.8999999999996399 0
1500 1.459999999998575 0.1000000000002151 0
1501 0.100000000000278 0.2600000000010471 0
1502 1.899999999999784 0.8399999999995927 0
1503 1.879999999999629 0.8999999999997121 0
1504 1.679999999999344 0.9000000000004743 0
1505 1.020000000003793 0.9000000000004449 0
1506 0.7999999999979663 0.09999999999973891 0
1507 0.4599999999989602 0.09999999999973049 0
1508 1.400000000001362 0.9000000000006458 0
1509 0.3999999999991586 0.09999999999974132 0
1510 0.09999999999948712 0.7200000000004505 0
1511 0.899999999997628 0.09999999999980067 0
1512 1.599999999999857 0.9000000000006069 0
1513 0.1399997733391912 0.09999977333915498 0
1514 1.880000000000071 0.1400000000000163 0
1515 1.879999999999958 0.120000000000063 0
1516 0.900000000003577 0.8999999999999452 0
1517 0.9200000000036568 0.9000000000000091 0
1518 1.759999999999277 0.9000000000000876 0
1519 0.9800000000038132 0.9000000000002552 0
1520 0.9600000000037739 0.9000000000001622 0
1521 0.09999996115741788 0.1599999611577271 0
1522 0.1000000000002265 0.360000000001368 0
1523 1.080000000003547 0.9000000000006105 0
1524 1.859999999999558 0.8999999999997371 0
1525 1.899999999999978 0.6199999999991642 0
1526 0.08000000000002672 0.4600000000016967 0
1527 0.09999999999985902 0.5000000000017345 0
1528 1.900000000000032 0.5799999999990638 0
1529 0.8400000000033496 0.8999999999997885 0
1530 0.1000000000002563 0.3200000000012301 0
1531 0.09999999999991603 0.8799999999997824 0
1532 1.79999999999936 0.8999999999998868 0
1533 0.2200000000009934 0.8999999999997691 0
1534 0.8000000000032463 0.9199999999997612 0
1535 1.899999999999845 0.7599999999994264 0
1536 1.65999999999904 0.1000000000002035 0
1537 1.899999999999926 0.6599999999992763 0
1538 1.899999999999905 0.6799999999993083 0
1539 0.1000000000001347 0.4200000000015324 0
1540 0.7600000000030823 0.8999999999996836 0
1541 0.100000000000174 0.4000000000014808 0
1542 0.3800000000016615 0.8999999999996776 0
1543 0.7000000000028942 0.8999999999996524 0
1544 1.53999999999876 0.1000000000002134 0
1545 1.059999999997568 0.1000000000001617 0
1546 1.339999999998262 0.1000000000002129 0
1547 1.899999999999735 0.8799999999996642 0
1548 1.67999999999909 0.1000000000002004 0
1549 0.5400000000022851 0.8999999999996386 0
1550 1.279999999998104 0.1000000000002118 0
1551 1.11999999999772 0.100000000000189 0
1552 0.7400000000030253 0.8999999999996697 0
1553 1.639999999998993 0.1000000000002059 0
1554 1.479999999998622 0.1000000000002149 0
1555 0.5800000000024301 0.8999999999996384 0
1556 0.1000000000002734 0.2800000000011021 0
1557 0.09999975048481868 0.1399997504850031 0
1558 0.4000000000017289 0.899999999999671 0
1559 1.219999999997973 0.1000000000002068 0
1560 1.879999999999873 0.7199999999993758 0
1561 0.6400000000026562 0.8999999999996442 0
1562 1.899999999999802 0.8199999999995543 0
1563 0.1800000000007747 0.8999999999997901 0
1564 1.419999999998475 0.080000000000178 0
1565 0.09999999999197956 0.2399999999926902 0
1566 1.839999999999612 0.1000000000001468 0
1567 0.09999999999949609 0.7600000000001566 0
1568 1.579999999998858 0.1000000000002118 0
1569 1.01999999999751 0.12000000000012 0
1570 1.259999999998058 0.1000000000002106 0
1571 0.4400000000018733 0.8999999999996595 0
1572 1.900000000000221 0.4199999999990126 0
1573 1.719999999999238 0.9000000000003144 0
1574 0.7399999999981474 0.09999999999974114 0
1575 1.920000000000187 0.3599999999990895 0
1576 0.2399999999932182 0.0999999999934532 0
1577 0.2199999998952673 0.09999999989544769 0
1578 0.2999999999994375 0.09999999999978484 0
1579 1.160000000003078 0.9200000000005231 0
1580 1.240000000002511 0.9200000000005236 0
1581 1.900000000000224 0.3199999999991839 0
1582 1.48000000000081 0.9200000000005216 0
1583 1.900000000000198 0.2199999999995878 0
1584 1.900000000000191 0.1999999999996686 0
1585 0.699999999998254 0.09999999999974113 0
1586 0.5399999999987105 0.07999999999978259 0
1587 1.879999999999854 0.1000000000000887 0
1588 0.3799999999992194 0.09999999999974846 0
1589 1.520000000000522 0.920000000000519 0
1590 1.200000000002786 0.9200000000005236 0
1591 0.09999999999950773 0.7800000000000455 0
1592 0.6199999999984662 0.07999999999978702 0
1593 0.09999999999950517 0.6400000000011992 0
1594 0.09999999999965173 0.8399999999998231 0
1595 1.659999999999451 0.9000000000005269 0
1596 0.8399999999978268 0.09999999999974349 0
1597 0.5799999999985883 0.07999999999978512 0
1598 1.360000000001619 0.9000000000006459 0
1599 1.280000000002231 0.9200000000005233 0
1600 1.040000000003727 0.9000000000005179 0
1601 1.8999999999997 0.8999999999997037 0
1602 0.09999999999969211 0.5400000000017491 0
1603 1.560000000000172 0.9000000000006282 0
1604 1.920000000000174 0.2399999999994788 0
1605 0.4199999999990923 0.09999999999973608 0
1606 0.7799999999980316 0.09999999999973988 0
1607 1.320000000001921 0.9200000000005232 0
1608 1.900000000000153 0.1599999999998415 0
1609 1.120000000003344 0.9000000000006411 0
1610 0.1799999917159288 0.09999999171598696 0
1611 1.619999999999709 0.9000000000005893 0
1612 0.1199989837524322 0.09999898375241346 0
1613 0.09999999999952969 0.6200000000013883 0
1614 1.380000000001487 0.8800000000007646 0
1615 1.179999999997907 0.1200000000002289 0
1616 0.7199999999982037 0.1199999999996958 0
1617 0.5800000000024302 0.8799999999995805 0
1618 1.100000000003424 0.8800000000007457 0
1619 0.920000000003532 0.8800000000000328 0
1620 1.459999999998581 0.1200000000002476 0
1621 0.7600000000030587 0.8799999999996457 0
1622 0.999999999997503 0.1400000000000773 0
1623 0.1199999999996669 0.540000000001733 0
1624 0.4399999999990349 0.1199999999996855 0
1625 1.599999999999781 0.880000000000709 0
1626 0.3800000000016858 0.8799999999996274 0
1627 0.1200000000001381 0.4200000000014468 0
1628 0.1200000000002776 0.320000000001182 0
1629 0.2599999999988885 0.1199999999991117 0
1630 1.859999999999908 0.6999999999993884 0
1631 1.679999999999331 0.8800000000005529 0
1632 1.719999999999144 0.1200000000002204 0
1633 1.220000000002661 0.9000000000006465 0
1634 1.759999999999323 0.8800000000001158 0
1635 1.81999999999949 0.8799999999998114 0
1636 1.88000000000022 0.2199999999996716 0
1637 1.079999999997641 0.1200000000001983 0
1638 1.259999999998064 0.1200000000002414 0
1639 0.1600000000004383 0.8799999999997937 0
1640 1.300000000002064 0.9000000000006459 0
1641 1.880000000000001 0.6199999999992436 0
1642 1.879999999999782 0.8199999999995777 0
1643 0.8600000000033531 0.8799999999998295 0
1644 0.1199999999996878 0.2600000000004182 0
1645 0.5999999999985223 0.09999999999973787 0
1646 1.040000000003709 0.8800000000006075 0
1647 0.7999999999979615 0.1199999999996922 0
1648 0.1799999954431243 0.1199999954430876 0
1649 0.1199998879220091 0.1399998879220481 0
1650 0.1199999999996426 0.8399999999998264 0
1651 0.1200000000002175 0.380000000001361 0
1652 1.879999999999839 0.7599999999994509 0
1653 0.1200000000000175 0.8799999999997981 0
1654 1.679999999999057 0.1200000000002281 0
1655 1.639999999998973 0.1200000000002355 0
1656 1.119999999997747 0.1200000000002139 0
1657 0.520000000002209 0.8999999999996406 0
1658 1.579999999998844 0.120000000000243 0
1659 1.539999999998745 0.1200000000002453 0
1660 0.4200000000018187 0.8799999999996108 0
1661 0.7200000000029485 0.879999999999612 0
1662 0.6399999999984084 0.0999999999997397 0
1663 0.5599999999986506 0.09999999999973486 0
1664 1.900000000000224 0.3599999999990861 0
1665 0.3999999999991719 0.1199999999996978 0
1666 0.8399999999978157 0.1199999999996976 0
1667 1.340000000001755 0.9000000000006456 0
1668 1.900000000000204 0.2399999999995114 0
1669 0.1400000000003742 0.8999999999998041 0
1670 0.1599999716296966 0.1199999716296079 0
1671 1.859999999999848 0.1200000000001124 0
1672 0.1399998600424158 0.1199998600423325 0
1673 0.9600000000036503 0.880000000000205 0
1674 1.900000000000192 0.4799999999990427 0
1675 1.880000000000063 0.5799999999991161 0
1676 1.73999999999925 0.900000000000206 0
1677 1.859999999999624 0.8799999999997078 0
1678 0.09999998861366324 0.1799999886140933 0
1679 0.2800000000012535 0.8999999999997307 0
1680 1.879999999999943 0.6599999999993422 0
1681 1.879999999999857 0.739999999999406 0
1682 1.880000000000098 0.5599999999990907 0
1683 0.09999999999994881 0.4800000000016867 0
1684 0.1199999999997491 0.5200000000017216 0
1685 0.979999999997481 0.1200000000000077 0
1686 0.8200000000032763 0.8999999999997557 0
1687 0.7800000000031398 0.8999999999997045 0
1688 0.9599999999974783 0.09999999999994863 0
1689 1.159999999997835 0.1000000000001967 0
1690 0.2400000000010712 0.899999999999758 0
1691 0.6800000000028026 0.8799999999995972 0
1692 1.73999999999923 0.100000000000191 0
1693 1.879999999999723 0.8599999999996478 0
1694 1.359999999998321 0.1000000000002132 0
1695 0.3600000000015914 0.8999999999996865 0
1696 0.4600000000019567 0.8999999999996547 0
1697 0.3200000000014347 0.8999999999997053 0
1698 1.819999999999507 0.1000000000001603 0
1699 1.299999999998158 0.1200000000002433 0
1700 1.779999999999336 0.1000000000001797 0
1701 0.5400000000023 0.87999999999958 0
1702 1.879999999999802 0.7999999999995401 0
1703 0.5000000000021284 0.8999999999996445 0
1704 1.219999999997985 0.1200000000002366 0
1705 0.6600000000027367 0.8999999999996469 0
1706 0.2000000000009005 0.8999999999997808 0
1707 1.879999999999916 0.6799999999993553 0
1708 1.419999999998479 0.1000000000002143 0
1709 1.399999999998429 0.1000000000002137 0
1710 1.599999999998891 0.120000000000241 0
1711 0.1000000000000837 0.4400000000015759 0
1712 0.09999999978051632 0.2199999997811534 0
1713 0.1200000000002124 0.2800000000009913 0
1714 0.09999999999964108 0.5600000000017105 0
1715 0.1200000000002414 0.3600000000013089 0
1716 1.039999999997544 0.1200000000001576 0
1717 0.8800000000034964 0.8999999999998878 0
1718 1.779999999999362 0.8799999999999915 0
1719 1.319999999998206 0.1000000000002119 0
1720 1.439999999998528 0.1000000000002141 0
1721 1.519999999998702 0.1200000000002462 0
1722 1.479999999998622 0.1200000000002474 0
1723 0.6200000000025772 0.8999999999996426 0
1724 1.880000000000201 0.4999999999991038 0
1725 1.880000000000167 0.5199999999990912 0
1726 1.699999999999279 0.880000000000472 0
1727 1.900000000000218 0.4399999999990251 0
1728 1.000000000003818 0.900000000000353 0
1729 0.8799999999976693 0.1199999999997336 0
1730 0.759999999998092 0.1199999999996947 0
1731 1.639999999999527 0.8800000000006591 0
1732 1.879999999999679 0.8799999999996818 0
1733 0.5199999999987704 0.09999999999973169 0
1734 0.3199999999993857 0.09999999999977476 0
1735 1.900000000000222 0.399999999999022 0
1736 1.260000000002375 0.9000000000006464 0
1737 1.460000000000942 0.9000000000006434 0
1738 1.880000000000194 0.1799999999998584 0
1739 0.2399999999841266 0.1199999999843043 0
1740 0.6799999999983056 0.09999999999974106 0
1741 1.90000000000022 0.2999999999992488 0
1742 1.080000000003527 0.8800000000007181 0
1743 1.500000000000636 0.9000000000006393 0
1744 0.359999999999276 0.09999999999975656 0
1745 1.580000000000012 0.9000000000006175 0
1746 0.0999999999994952 0.6600000000010076 0
1747 0.09999999999956177 0.6000000000015384 0
1748 0.1199995256413428 0.1199995256413359 0
1749 1.180000000002953 0.9000000000006464 0
1750 0.8199999999978946 0.09999999999974031 0
1751 0.1199999999995379 0.8199999999998687 0
1752 0.4799999999988959 0.0999999999997303 0
1753 1.900000000000224 0.339999999999132 0
1754 1.420000000001226 0.9000000000006453 0
1755 0.1199999999994472 0.7800000000000087 0
1756 1.540000000000321 0.9000000000006331 0
1757 0.2799999999993952 0.09999999999970308 0
1758 0.09999999999948742 0.7000000000006258 0
1759 1.14000000000323 0.9000000000006446 0
1760 0.9199999999975597 0.09999999999984267 0
1761 1.90000000000021 0.2599999999994211 0
1762 0.1999999978399934 0.09999999784011138 0
1763 0.09999999999949244 0.7400000000002921 0
1764 1.880000000000147 0.159999999999944 0
1765 0.8399999999977836 0.1399999999996534 0
1766 1.459999999998587 0.1400000000002759 0
1767 1.100000000003417 0.8600000000008551 0
1768 1.860000000000239 0.4999999999991522 0
1769 1.639999999998955 0.1400000000002612 0
1770 0.1399999999996497 0.5400000000017021 0
1771 0.1199999999994281 0.6800000000007924 0
1772 0.1400000000002224 0.3800000000012982 0
1773 1.880000000000257 0.3399999999991231 0
1774 0.2800000000013102 0.8799999999996977 0
1775 1.679999999999341 0.860000000000628 0
1776 0.1399999999994444 0.7999999999999045 0
1777 0.1400000000002385 0.2800000000009761 0
1778 0.2599999999977923 0.1399999999979592 0
1779 1.759999999999387 0.8600000000001506 0
1780 1.859999999999844 0.7599999999994824 0
1781 0.9799999999974918 0.1400000000000116 0
1782 1.799999999999419 0.1200000000001861 0
1783 1.880000000000257 0.4199999999990724 0
1784 1.860000000000189 0.1799999999999681 0
1785 1.860000000000134 0.5599999999991467 0
1786 1.399999999998439 0.120000000000246 0
1787 0.1199999999994808 0.6200000000014305 0
1788 0.6599999999983568 0.1199999999996949 0
1789 0.4999999999988329 0.1199999999996831 0
1790 1.440000000001076 0.8800000000007614 0
1791 0.3399999999993484 0.1199999999997277 0
1792 0.1199999944735649 0.1799999944738813 0
1793 0.1799999963372544 0.13999999633714 0
1794 0.1200000000000839 0.4400000000014895 0
1795 0.8800000000034117 0.8799999999998934 0
1796 0.7800000000031097 0.8799999999996722 0
1797 1.159999999997858 0.1200000000002237 0
1798 1.859999999999683 0.8599999999996838 0
1799 0.4600000000019785 0.8799999999995984 0
1800 0.320000000001481 0.8799999999996636 0
1801 0.3600000000016212 0.8799999999996382 0
1802 1.339999999998271 0.1200000000002444 0
1803 1.859999999999795 0.7999999999995844 0
1804 0.2000000000008736 0.8799999999997674 0
1805 1.599999999998874 0.1400000000002679 0
1806 0.4599999999989659 0.1199999999996835 0
1807 1.400000000001361 0.8800000000007634 0
1808 0.9199999999975371 0.1199999999998195 0
1809 0.9599999999974851 0.1199999999999447 0
1810 0.1999999983317227 0.1199999983317597 0
1811 1.560000000000075 0.8800000000007362 0
1812 0.1199999999994252 0.720000000000359 0
1813 0.1400000000001898 0.8799999999998007 0
1814 0.9400000000035895 0.8800000000001144 0
1815 1.880000000000249 0.4599999999991145 0
1816 1.000000000003756 0.8800000000004186 0
1817 0.9800000000037048 0.8800000000003093 0
1818 0.240000000001112 0.8799999999997351 0
1819 0.1199999600110015 0.1599999600111568 0
1820 1.879999999999973 0.6399999999993038 0
1821 0.1200000000001808 0.4000000000014054 0
1822 1.839999999999562 0.879999999999754 0
1823 1.739999999999293 0.8800000000002496 0
1824 1.719999999999273 0.8800000000003693 0
1825 1.880000000000031 0.5999999999991746 0
1826 1.140000000003229 0.8800000000007633 0
1827 1.120000000003328 0.8800000000007568 0
1828 0.1000000000000227 0.4600000000016276 0
1829 0.900000000003472 0.8799999999999615 0
1830 0.12000000000026 0.3400000000012465 0
1831 1.799999999999419 0.8799999999998924 0
1832 0.6400000000026447 0.8799999999995907 0
1833 0.6000000000024968 0.8799999999995836 0
1834 0.660000000002722 0.8799999999995946 0
1835 0.840000000003296 0.879999999999779 0
1836 0.119999999999823 0.8599999999998059 0
1837 1.139999999997805 0.1200000000002186 0
1838 0.5000000000021519 0.8799999999995864 0
1839 1.75999999999924 0.1200000000002082 0
1840 1.059999999997591 0.1200000000001817 0
1841 1.559999999998793 0.1200000000002438 0
1842 0.4400000000018957 0.8799999999996049 0
1843 1.359999999998331 0.120000000000245 0
1844 0.8000000000032059 0.899999999999729 0
1845 1.319999999998214 0.1200000000002433 0
1846 0.5200000000022291 0.8799999999995831 0
1847 1.6999999999991 0.1200000000002239 0
1848 1.859999999999935 0.6799999999993935 0
1849 1.659999999999014 0.1200000000002314 0
1850 1.439999999998538 0.1200000000002465 0
1851 1.099999999997695 0.120000000000207 0
1852 0.1800000000006676 0.8799999999997823 0
1853 1.199999999997948 0.1200000000002325 0
1854 1.879999999999756 0.8399999999996165 0
1855 0.1199999983832518 0.1999999983837111 0
1856 0.1199999999808567 0.2399999999815282 0
1857 0.7400000000030076 0.8799999999996274 0
1858 0.7000000000028768 0.8799999999996039 0
1859 1.239999999998023 0.1200000000002389 0
1860 0.4000000000017508 0.8799999999996191 0
1861 1.739999999999189 0.1200000000002144 0
1862 0.1200000000002735 0.3000000000011101 0
1863 1.859999999999886 0.7199999999993947 0
1864 1.839999999999718 0.1200000000001468 0
1865 1.499999999998662 0.1200000000002468 0
1866 1.279999999998112 0.1200000000002421 0
1867 0.5600000000023654 0.8799999999995799 0
1868 1.019999999997531 0.1400000000001316 0
1869 1.880000000000229 0.4799999999991102 0
1870 1.86000000000017 0.5399999999991357 0
1871 0.7799999999980272 0.1199999999996936 0
1872 0.3799999999992302 0.1199999999997067 0
1873 0.5399999999987112 0.09999999999973348 0
1874 0.8599999999977042 0.1399999999996698 0
1875 0.2999999999994598 0.119999999999747 0
1876 0.1199999999998457 0.500000000001682 0
1877 1.34000000000174 0.8800000000007644 0
1878 1.24000000000252 0.9000000000006461 0
1879 1.880000000000257 0.3799999999990633 0
1880 0.7399999999981485 0.1199999999996957 0
1881 1.360000000001612 0.8800000000007641 0
1882 1.020000000003752 0.8800000000005194 0
1883 1.880000000000208 0.1999999999997696 0
1884 1.619999999999651 0.880000000000687 0
1885 1.280000000002221 0.9000000000006457 0
1886 1.480000000000791 0.900000000000641 0
1887 0.6999999999982556 0.1199999999996961 0
1888 0.1199999999995603 0.5800000000016612 0
1889 0.6199999999984631 0.09999999999973917 0
1890 1.200000000002806 0.9000000000006462 0
1891 1.659999999999425 0.8800000000006118 0
1892 1.060000000003625 0.8800000000006714 0
1893 0.5799999999985863 0.09999999999973669 0
1894 0.1399999999995513 0.8199999999998555 0
1895 1.880000000000254 0.3199999999991739 0
1896 1.880000000000244 0.2799999999993422 0
1897 1.880000000000228 0.239999999999573 0
1898 1.860000000000111 0.160000000000032 0
1899 1.859999999999987 0.1400000000000787 0
1900 0.1199999999996111 0.5600000000017058 0
1901 0.4199999999991051 0.119999999999691 0
1902 0.119999999999436 0.7600000000001033 0
1903 1.520000000000473 0.9000000000006357 0
1904 0.279999999999282 0.1199999999995344 0
1905 0.8199999999978854 0.1199999999996938 0
1906 1.160000000003097 0.9000000000006454 0
1907 1.320000000001905 0.9000000000006453 0
1908 0.8999999999975965 0.1199999999997711 0
1909 0.2199999996165932 0.119999999616703 0
1910 1.579999999999925 0.8800000000007233 0
1911 0.139999927582817 0.1399999275827406 0
1912 0.1199999999994539 0.6400000000012431 0
1913 1.279999999998128 0.1400000000002689 0
1914 0.7199999999982032 0.1399999999996526 0
1915 0.5200000000022482 0.8599999999995295 0
1916 1.34000000000173 0.860000000000879 0
1917 0.9800000000035805 0.8600000000003621 0
1918 1.13999999999784 0.1400000000002403 0
1919 0.8399999999977249 0.1599999999996127 0
1920 0.7000000000028471 0.8599999999995607 0
1921 0.9799999999975078 0.160000000000014 0
1922 0.8600000000032915 0.8599999999998321 0
1923 1.840000000000207 0.539999999999196 0
1924 1.559999999999987 0.8600000000008398 0
1925 0.3600000000016448 0.8599999999995934 0
1926 0.439999999999043 0.1399999999996418 0
1927 1.860000000000282 0.3199999999991621 0
1928 1.759999999999216 0.140000000000223 0
1929 1.839999999999961 0.6799999999994198 0
1930 1.260000000002375 0.8800000000007649 0
1931 1.799999999999491 0.8599999999999008 0
1932 1.339999999998289 0.1400000000002718 0
1933 0.4200000000018447 0.8599999999995613 0
1934 0.5599999999986506 0.1199999999996885 0
1935 0.1599999999994547 0.7999999999998774 0
1936 0.1800000000004739 0.8599999999997817 0
1937 0.1399999955248742 0.1799999955250196 0
1938 1.840000000000142 0.1800000000000469 0
1939 0.9400000000034583 0.8600000000001472 0
1940 1.860000000000031 0.6199999999993288 0
1941 1.839999999999634 0.8599999999997385 0
1942 0.1200000000000188 0.4600000000015479 0
1943 0.6600000000026959 0.8599999999995471 0
1944 0.60000000000249 0.8599999999995316 0
1945 0.1400000000002705 0.3400000000011928 0
1946 0.8000000000031695 0.8799999999997037 0
1947 0.140000000000286 0.3000000000010715 0
1948 1.43999999999855 0.140000000000275 0
1949 1.859999999999729 0.839999999999658 0
1950 1.05999999999762 0.1400000000001994 0
1951 1.559999999998777 0.1400000000002714 0
1952 0.13999999999973 0.8399999999998239 0
1953 1.719999999999104 0.1400000000002405 0
1954 1.179999999997928 0.1400000000002521 0
1955 1.499999999998655 0.1400000000002752 0
1956 1.219999999997996 0.1400000000002616 0
1957 1.380000000001484 0.8600000000008782 0
1958 1.599999999999725 0.8600000000008055 0
1959 0.7599999999980793 0.1399999999996506 0
1960 1.220000000002692 0.8800000000007653 0
1961 1.060000000003612 0.8600000000007681 0
1962 0.5999999999985194 0.119999999999692 0
1963 0.3999999999991829 0.1399999999996569 0
1964 0.8999999999975635 0.1399999999997414 0
1965 1.500000000000567 0.8800000000007521 0
1966 1.460000000000915 0.8800000000007586 0
1967 1.860000000000236 0.2199999999997929 0
1968 0.1399999758005655 0.1599999758005674 0
1969 1.880000000000255 0.439999999999097 0
1970 1.739999999999355 0.8600000000002951 0
1971 1.020000000003687 0.8600000000005953 0
1972 0.9000000000033814 0.8599999999999784 0
1973 0.1400000000001373 0.4200000000013671 0
1974 0.1199999999999385 0.4800000000016169 0
1975 0.2600000000012136 0.8799999999997171 0
1976 1.859999999999867 0.7399999999994293 0
1977 1.120000000003319 0.8600000000008703 0
1978 0.140000000000248 0.3600000000012496 0
1979 0.8200000000032341 0.8799999999997393 0
1980 1.81999999999957 0.1200000000001684 0
1981 1.779999999999431 0.8600000000000164 0
1982 0.340000000001553 0.8799999999996504 0
1983 1.099999999997728 0.1400000000002265 0
1984 1.859999999999766 0.819999999999626 0
1985 0.2200000000010029 0.8799999999997526 0
1986 0.9399999999975033 0.1199999999998808 0
1987 1.039999999997573 0.1400000000001711 0
1988 1.779999999999318 0.1200000000001973 0
1989 1.579999999998825 0.1400000000002695 0
1990 0.4400000000019217 0.8599999999995545 0
1991 0.3000000000014005 0.8799999999996804 0
1992 0.1399999999999655 0.8599999999998069 0
1993 1.679999999999027 0.1400000000002513 0
1994 1.85999999999982 0.7799999999995402 0
1995 0.6200000000025682 0.8799999999995877 0
1996 0.4800000000020667 0.8799999999995927 0
1997 0.9599999999974922 0.1399999999999408 0
1998 1.419999999998491 0.1200000000002457 0
1999 0.1399999999995877 0.560000000001694 0
2000 1.619999999998916 0.1400000000002647 0
2001 0.1199999997013392 0.2199999997019164 0
2002 1.859999999999967 0.6599999999993934 0
2003 0.1400000000001833 0.4000000000013361 0
2004 1.239999999998033 0.1400000000002648 0
2005 1.839999999999933 0.6999999999994079 0
2006 1.479999999998621 0.1400000000002754 0
2007 0.3800000000017069 0.8599999999995811 0
2008 1.319999999998234 0.1400000000002705 0
2009 0.139999999999385 0.7600000000000481 0
2010 0.5600000000023704 0.8599999999995263 0
2011 0.1399999999735959 0.2399999999742241 0
2012 0.1399999999953757 0.2599999999960702 0
2013 1.659999999998992 0.1400000000002559 0
2014 0.9999999999975293 0.1600000000000828 0
2015 1.379999999998386 0.1200000000002453 0
2016 0.7400000000029868 0.8599999999995912 0
2017 0.7800000000030847 0.8599999999996474 0
2018 1.860000000000267 0.4799999999991633 0
2019 1.699999999999318 0.8600000000005379 0
2020 1.860000000000097 0.5799999999991925 0
2021 1.540000000000228 0.8800000000007427 0
2022 0.5199999999987711 0.1199999999996847 0
2023 0.2399999999655524 0.1399999999656652 0
2024 0.1999999989139643 0.139999998913921 0
2025 0.6399999999984073 0.1199999999996943 0
2026 1.880000000000257 0.359999999999089 0
2027 0.7999999999979334 0.1399999999996474 0
2028 1.180000000002981 0.8800000000007654 0
2029 0.3199999999994091 0.1199999999997396 0
2030 0.1399999999997355 0.5200000000016735 0
2031 1.860000000000204 0.5199999999991417 0
2032 1.880000000000249 0.2999999999992463 0
2033 1.639999999999501 0.8600000000007468 0
2034 1.880000000000257 0.3999999999990619 0
2035 0.6799999999983065 0.119999999999696 0
2036 0.1199999999995204 0.6000000000015672 0
2037 0.1399999999994083 0.7799999999999719 0
2038 1.300000000002037 0.8800000000007644 0
2039 0.119999999999431 0.7400000000002189 0
2040 0.3599999999992884 0.1199999999997169 0
2041 1.659999999999414 0.8600000000006943 0
2042 1.080000000003519 0.8600000000008197 0
2043 0.479999999998899 0.1199999999996831 0
2044 1.420000000001223 0.8800000000007621 0
2045 1.839999999999861 0.1400000000001279 0
2046 0.2799999999992357 0.1399999999994321 0
2047 0.8199999999978547 0.139999999999649 0
2048 0.1199999999994391 0.6600000000010326 0
2049 1.160000000003111 0.8800000000007643 0
2050 1.320000000001883 0.8800000000007638 0
2051 0.8799999999976287 0.1399999999996999 0
2052 1.880000000000236 0.2599999999994587 0
2053 0.1599999742929293 0.1399999742928091 0
2054 0.1199999999994262 0.7000000000005594 0
2055 1.860000000000215 0.1999999999998865 0
2056 1.219999999998006 0.1600000000002825 0
2057 1.43999999999856 0.1600000000002995 0
2058 1.100000000003422 0.8400000000009601 0
2059 0.9799999999975381 0.1800000000000123 0
2060 1.579999999998804 0.160000000000293 0
2061 0.1599999999996386 0.540000000001654 0
2062 0.3600000000016644 0.8399999999995527 0
2063 0.1600000000001339 0.4200000000012972 0
2064 0.1399999999993814 0.6800000000007907 0
2065 1.679999999999004 0.1600000000002706 0
2066 1.639999999999498 0.8400000000008315 0
2067 1.819999999999994 0.6799999999994423 0
2068 1.739999999999445 0.8400000000003434 0
2069 0.1600000000003015 0.3000000000010511 0
2070 0.2799999999993644 0.1599999999994978 0
2071 0.2600000000012665 0.8599999999996951 0
2072 1.839999999999857 0.7599999999995413 0
2073 1.319999999998248 0.1600000000002938 0
2074 1.779999999999523 0.8400000000000414 0
2075 1.839999999999791 0.7999999999996636 0
2076 1.860000000000291 0.4199999999991428 0
2077 0.4200000000018727 0.8399999999995155 0
2078 0.659999999998357 0.1399999999996517 0
2079 0.4999999999988345 0.1399999999996382 0
2080 1.440000000001042 0.8600000000008727 0
2081 0.1399999999999312 0.4800000000015402 0
2082 1.839999999999695 0.8399999999997234 0
2083 0.3000000000014568 0.8599999999996478 0
2084 1.379999999998401 0.1400000000002735 0
2085 1.039999999997604 0.1600000000001834 0
2086 0.9399999999975003 0.1399999999998678 0
2087 0.6200000000025557 0.8599999999995374 0
2088 0.1399999987600039 0.1999999987603406 0
2089 1.639999999998936 0.1600000000002827 0
2090 0.1599999999973433 0.2599999999980132 0
2091 1.519999999998692 0.1400000000002738 0
2092 0.1600000000002217 0.3800000000012352 0
2093 1.67999999999939 0.8400000000006999 0
2094 1.860000000000287 0.3799999999991043 0
2095 0.3599999999993052 0.1399999999996795 0
2096 0.459999999998972 0.1399999999996391 0
2097 1.400000000001355 0.8600000000008765 0
2098 0.8799999999975868 0.1599999999996662 0
2099 1.860000000000267 0.2799999999993554 0
2100 1.860000000000247 0.2399999999996669 0
2101 1.54000000000013 0.8600000000008488 0
2102 0.1999999994461535 0.1599999994460846 0
2103 0.1599999877176132 0.1599999877175262 0
2104 0.1599999999999131 0.8399999999998112 0
2105 1.819999999999686 0.1400000000001612 0
2106 1.779999999999334 0.1400000000002063 0
2107 1.860000000000063 0.5999999999992606 0
2108 0.9600000000035115 0.8600000000002491 0
2109 1.719999999999331 0.8600000000004253 0
2110 1.819999999999566 0.8599999999998128 0
2111 1.000000000003643 0.8600000000004815 0
2112 0.1399999999998338 0.5000000000016152 0
2113 0.2200000000009512 0.859999999999742 0
2114 0.6800000000027686 0.8599999999995533 0
2115 1.14000000000322 0.8600000000008771 0
2116 0.1600000000002498 0.3600000000011915 0
2117 0.9200000000034239 0.8600000000000594 0
2118 0.8000000000031356 0.8599999999996855 0
2119 1.840000000000276 0.4999999999991995 0
2120 1.840000000000241 0.5199999999991944 0
2121 0.14000000000008 0.4400000000014058 0
2122 0.3200000000015226 0.8599999999996275 0
2123 0.2000000000007186 0.8599999999997631 0
2124 1.119999999997786 0.1400000000002334 0
2125 1.019999999997564 0.1600000000001392 0
2126 0.8800000000033386 0.8599999999999036 0
2127 0.9199999999975242 0.1399999999998 0
2128 0.1400000000002839 0.3200000000011342 0
2129 0.6400000000026245 0.8599999999995426 0
2130 0.4800000000020939 0.8599999999995402 0
2131 0.5000000000021757 0.8599999999995346 0
2132 1.86 0.6399999999993725 0
2133 1.739999999999154 0.1400000000002325 0
2134 1.699999999999066 0.1400000000002456 0
2135 1.079999999997673 0.1400000000002148 0
2136 0.4600000000020065 0.8599999999995476 0
2137 0.959999999997504 0.1599999999999362 0
2138 0.139999999681679 0.2199999996821845 0
2139 0.1599999999996555 0.8199999999998379 0
2140 1.159999999997887 0.1400000000002459 0
2141 1.399999999998456 0.1400000000002736 0
2142 1.419999999998505 0.1400000000002737 0
2143 0.7600000000030374 0.8599999999996171 0
2144 1.839999999999997 0.6599999999994324 0
2145 0.1399999999995356 0.5800000000016611 0
2146 0.5400000000023104 0.8599999999995275 0
2147 1.299999999998181 0.1400000000002693 0
2148 1.359999999998346 0.1400000000002724 0
2149 1.539999999998733 0.1400000000002723 0
2150 0.580000000002429 0.8599999999995287 0
2151 1.199999999997963 0.1400000000002566 0
2152 0.4000000000017747 0.8599999999995711 0
2153 1.839999999999908 0.7199999999994217 0
2154 0.72000000000292 0.8599999999995741 0
2155 1.259999999998077 0.1400000000002669 0
2156 1.619999999998896 0.1600000000002871 0
2157 0.3400000000015836 0.8599999999996097 0
2158 1.479999999998621 0.1600000000003002 0
2159 0.8400000000032433 0.8599999999997746 0
2160 1.84000000000017 0.5599999999992282 0
2161 1.860000000000283 0.4599999999991681 0
2162 0.779999999998006 0.1399999999996491 0
2163 0.699999999998256 0.139999999999653 0
2164 0.619999999998461 0.1199999999996936 0
2165 1.520000000000388 0.8800000000007471 0
2166 0.2599999999962265 0.1599999999963236 0
2167 1.200000000002839 0.8800000000007652 0
2168 1.860000000000285 0.3399999999991224 0
2169 0.3399999999993726 0.1399999999996935 0
2170 1.619999999999611 0.8600000000007791 0
2171 0.5399999999987118 0.1199999999996868 0
2172 1.280000000002203 0.8800000000007642 0
2173 1.040000000003666 0.8600000000006898 0
2174 1.360000000001607 0.8600000000008782 0
2175 0.1399999999994129 0.6400000000013237 0
2176 1.579999999999856 0.8600000000008238 0
2177 0.3799999999992441 0.1399999999996679 0
2178 0.7399999999981434 0.1399999999996521 0
2179 0.1600000000001943 0.8599999999997981 0
2180 1.240000000002539 0.8800000000007646 0
2181 1.080000000003516 0.8400000000009202 0
2182 0.579999999998585 0.1199999999996906 0
2183 0.1599999999993802 0.7799999999999324 0
2184 1.840000000000009 0.16000000000009 0
2185 0.4199999999991155 0.1399999999996486 0
2186 0.2999999999994294 0.1399999999996563 0
2187 0.8199999999978054 0.1599999999996058 0
2188 0.1399999999993752 0.720000000000282 0
2189 0.1399999999993801 0.7400000000001496 0
2190 1.48000000000074 0.8800000000007551 0
2191 1.180000000002996 0.8600000000008806 0
2192 1.320000000001862 0.8600000000008791 0
2193 0.8599999999976495 0.1599999999996338 0
2194 0.2199999996586313 0.1399999996586723 0
2195 1.860000000000275 0.2999999999992411 0
2196 1.840000000000205 0.1999999999999845 0
2197 0.1399999999994474 0.6200000000014888 0
2198 0.7000000000028035 0.8399999999995236 0
2199 0.5800000000024258 0.8399999999994805 0
2200 1.340000000001725 0.8400000000009895 0
2201 0.8199999999977432 0.1799999999995645 0
2202 0.9000000000033123 0.8399999999999985 0
2203 1.100000000003429 0.8200000000010617 0
2204 1.820000000000312 0.499999999999257 0
2205 1.639999999998911 0.1800000000003006 0
2206 0.4399999999990561 0.1599999999996005 0
2207 0.1800000000002179 0.3800000000011727 0
2208 0.1599999999993828 0.640000000001409 0
2209 1.840000000000305 0.3199999999991662 0
2210 1.820000000000031 0.6599999999994614 0
2211 1.000000000003511 0.8400000000005446 0
2212 0.7199999999981942 0.1599999999996108 0
2213 0.2799999999992928 0.1799999999993439 0
2214 1.759999999999254 0.1600000000002294 0
2215 0.9599999999975237 0.17999999999993 0
2216 1.559999999999924 0.8400000000009383 0
2217 1.26000000000238 0.8600000000008799 0
2218 1.820000000000028 0.1800000000000969 0
2219 0.4800000000021233 0.8399999999994926 0
2220 1.099999999997767 0.1600000000002409 0
2221 0.5999999999985181 0.1399999999996484 0
2222 0.1799999999995268 0.7999999999998463 0
2223 0.3599999999993337 0.159999999999645 0
2224 0.1599999998464465 0.2199999998469077 0
2225 0.1599999959586147 0.1799999959586684 0
2226 1.840000000000097 0.5999999999993523 0
2227 1.819999999999642 0.8399999999998101 0
2228 1.719999999999413 0.8400000000004841 0
2229 0.1600000000000759 0.4400000000013315 0
2230 0.1599999999998242 0.5000000000015397 0
2231 1.139999999997877 0.1600000000002572 0
2232 0.1600000000002904 0.3200000000010962 0
2233 1.019999999997599 0.1800000000001459 0
2234 0.8600000000032281 0.8399999999998373 0
2235 0.8000000000031006 0.8399999999996715 0
2236 0.4000000000017988 0.8399999999995258 0
2237 1.840000000000032 0.6399999999994302 0
2238 0.7600000000030086 0.8399999999995917 0
2239 0.5200000000022625 0.8399999999994807 0
2240 1.35999999999836 0.1600000000002963 0
2241 1.539999999998721 0.1600000000002964 0
2242 1.49999999999865 0.1600000000002992 0
2243 1.259999999998083 0.1600000000002892 0
2244 1.299999999998192 0.1600000000002921 0
2245 0.6600000000026637 0.8399999999995046 0
2246 1.820000000000244 0.5399999999992836 0
2247 1.380000000001474 0.8400000000009875 0
2248 0.180000000000158 0.8399999999997916 0
2249 0.5599999999986509 0.1399999999996444 0
2250 0.7599999999980539 0.159999999999608 0
2251 0.8599999999976009 0.179999999999598 0
2252 0.2199999998012532 0.1599999998012494 0
2253 1.500000000000456 0.8600000000008601 0
2254 1.840000000000133 0.5799999999992865 0
2255 0.9800000000034478 0.8400000000004149 0
2256 1.799999999999582 0.839999999999917 0
2257 1.860000000000289 0.4399999999991602 0
2258 1.699999999999393 0.8400000000006022 0
2259 1.040000000003598 0.840000000000774 0
2260 1.839999999999884 0.7399999999994739 0
2261 0.1400000000000123 0.4600000000014656 0
2262 0.9199999999975178 0.1599999999997802 0
2263 0.1599999999997248 0.520000000001606 0
2264 0.2400000000011151 0.85999999999972 0
2265 1.839999999999745 0.8199999999997019 0
2266 0.940000000003365 0.8400000000001836 0
2267 0.8200000000031902 0.859999999999728 0
2268 1.759999999999486 0.8400000000001896 0
2269 0.1600000000002717 0.3400000000011439 0
2270 0.2000000000004218 0.8399999999997668 0
2271 1.799999999999505 0.1400000000001844 0
2272 0.9999999999975668 0.1800000000000838 0
2273 0.3800000000017286 0.8399999999995383 0
2274 0.8999999999975463 0.1599999999997171 0
2275 1.599999999998851 0.1600000000002901 0
2276 0.2800000000013713 0.8599999999996712 0
2277 1.140000000003215 0.8400000000009884 0
2278 1.719999999999077 0.1600000000002564 0
2279 0.6400000000026018 0.8399999999994981 0
2280 1.419999999998519 0.1600000000002982 0
2281 0.159999999955669 0.2399999999562639 0
2282 1.059999999997651 0.1600000000002103 0
2283 1.379999999998416 0.160000000000297 0
2284 1.179999999997948 0.160000000000271 0
2285 0.2999999999994547 0.1599999999996196 0
2286 1.65999999999897 0.1600000000002763 0
2287 1.199999999997977 0.1600000000002766 0
2288 0.1599999999995906 0.2800000000003021 0
2289 0.3400000000016085 0.839999999999572 0
2290 0.3000000000015002 0.8399999999996196 0
2291 1.339999999998301 0.1600000000002946 0
2292 1.839999999999826 0.7799999999996154 0
2293 1.559999999998761 0.1600000000002944 0
2294 1.69999999999904 0.1600000000002634 0
2295 1.23999999999804 0.1600000000002859 0
2296 0.1600000000001811 0.4000000000012686 0
2297 0.5400000000023177 0.8399999999994785 0
2298 1.819999999999964 0.6999999999994433 0
2299 0.1599999999995172 0.5800000000016582 0
2300 0.6200000000025414 0.8399999999994916 0
2301 1.459999999998591 0.1600000000002997 0
2302 0.7400000000029505 0.8399999999995625 0
2303 0.4400000000019527 0.8399999999995078 0
2304 0.9399999999975082 0.1599999999998566 0
2305 0.6399999999984066 0.139999999999651 0
2306 0.5199999999987719 0.13999999999964 0
2307 1.659999999999438 0.8400000000007731 0
2308 1.860000000000286 0.3599999999991064 0
2309 1.220000000002728 0.8600000000008804 0
2310 1.16000000000311 0.8600000000008791 0
2311 1.460000000000845 0.860000000000869 0
2312 1.860000000000289 0.3999999999991241 0
2313 1.12000000000332 0.840000000000978 0
2314 1.840000000000318 0.459999999999215 0
2315 1.840000000000302 0.4799999999992091 0
2316 1.860000000000258 0.2599999999995135 0
2317 0.1399999999994908 0.6000000000015917 0
2318 0.1399999999993959 0.6600000000010812 0
2319 1.060000000003574 0.8400000000008571 0
2320 0.1599999999995748 0.5600000000016635 0
2321 0.6799999999983068 0.1399999999996528 0
2322 1.599999999999688 0.8400000000008984 0
2323 0.3999999999991996 0.1599999999996186 0
2324 1.61999999999959 0.8400000000008686 0
2325 0.4799999999989032 0.1399999999996384 0
2326 0.1599999999993518 0.7599999999999985 0
2327 1.420000000001207 0.8600000000008743 0
2328 1.819999999999848 0.1600000000001328 0
2329 0.3199999999994247 0.139999999999695 0
2330 0.1599999999993362 0.7200000000002188 0
2331 0.7999999999978886 0.1599999999996048 0
2332 1.200000000002865 0.8600000000008803 0
2333 1.30000000000201 0.8600000000008792 0
2334 0.2399999999463639 0.1599999999464132 0
2335 1.840000000000287 0.2799999999994007 0
2336 0.1799999957052008 0.1599999957051166 0
2337 1.84000000000024 0.2199999999999059 0
2338 1.520000000000284 0.8600000000008542 0
2339 0.1399999999993778 0.7000000000005078 0
2340 1.239999999998044 0.1800000000003036 0
2341 1.359999999998371 0.1800000000003157 0
2342 0.6600000000026347 0.8199999999994657 0
2343 0.5200000000022729 0.8199999999994362 0
2344 0.959999999997552 0.1999999999999222 0
2345 0.1799999999995049 0.5800000000016295 0
2346 1.499999999998646 0.18000000000032 0
2347 0.3400000000016296 0.8199999999995367 0
2348 1.599999999999675 0.8200000000009877 0
2349 1.80000000000007 0.6599999999994843 0
2350 1.679999999999473 0.8200000000007707 0
2351 1.739999999999569 0.8200000000003919 0
2352 0.18000000000026 0.3000000000009873 0
2353 1.000000000003389 0.8200000000006078 0
2354 0.1799999999448879 0.2199999999453078 0
2355 1.819999999999875 0.7599999999996573 0
2356 1.779999999999643 0.8200000000000685 0
2357 0.1799999999997156 0.5200000000015271 0
2358 0.400000000001827 0.8199999999994845 0
2359 1.840000000000316 0.3799999999991551 0
2360 0.6599999999983558 0.1599999999996102 0
2361 0.4999999999988424 0.1599999999995959 0
2362 1.440000000000955 0.8400000000009796 0
2363 0.2999999999995037 0.1799999999995996 0
2364 0.239999999977777 0.1799999999777666 0
2365 1.819999999999782 0.7999999999997804 0
2366 1.820000000000169 0.5799999999993861 0
2367 0.1600000000000071 0.4600000000013862 0
2368 0.2400000000010136 0.8399999999997098 0
2369 0.2800000000014073 0.8399999999996481 0
2370 0.8200000000031444 0.8399999999997196 0
2371 1.180000000002992 0.8400000000009922 0
2372 0.9999999999976037 0.2000000000000837 0
2373 0.8999999999975387 0.1799999999996917 0
2374 1.599999999998826 0.1800000000003097 0
2375 1.559999999998745 0.1800000000003147 0
2376 0.9399999999975203 0.179999999999844 0
2377 0.6999999999982506 0.1599999999996115 0
2378 1.060000000003527 0.8200000000009475 0
2379 0.4599999999989863 0.1599999999995972 0
2380 1.400000000001324 0.840000000000985 0
2381 0.799999999997833 0.179999999999563 0
2382 0.3199999999994506 0.1599999999996587 0
2383 1.840000000000275 0.2599999999996047 0
2384 0.1599999989296733 0.1999999989299352 0
2385 1.820000000000207 0.5599999999993313 0
2386 1.840000000000322 0.4199999999992078 0
2387 1.699999999999485 0.820000000000668 0
2388 1.020000000003564 0.8400000000006654 0
2389 0.1599999999999225 0.4800000000014583 0
2390 1.799999999999682 0.8199999999999269 0
2391 0.2200000000007027 0.8399999999997398 0
2392 1.279999999998134 0.1600000000002905 0
2393 0.720000000002879 0.8399999999995406 0
2394 0.8400000000031864 0.8399999999997738 0
2395 0.1800000000001279 0.4200000000012297 0
2396 0.180000000000271 0.3400000000010997 0
2397 1.119999999997827 0.1600000000002492 0
2398 0.1800000000001765 0.4000000000012022 0
2399 0.9600000000034026 0.8400000000002936 0
2400 0.4600000000020385 0.8399999999995006 0
2401 1.160000000003105 0.8400000000009905 0
2402 0.1800000000002464 0.3600000000011377 0
2403 1.820000000000338 0.4799999999992601 0
2404 0.8800000000032711 0.8399999999999158 0
2405 1.619999999998869 0.1800000000003054 0
2406 0.8799999999975661 0.1799999999996384 0
2407 1.840000000000065 0.6199999999994023 0
2408 1.399999999998471 0.1600000000002973 0
2409 1.799999999999649 0.1600000000001684 0
2410 1.779999999999448 0.160000000000201 0
2411 1.739999999999148 0.1600000000002451 0
2412 1.319999999998244 0.1800000000003125 0
2413 1.039999999997635 0.1800000000001889 0
2414 0.7800000000030547 0.8399999999996297 0
2415 1.679999999998983 0.1800000000002859 0
2416 1.719999999999072 0.1800000000002683 0
2417 1.819999999999715 0.8199999999998042 0
2418 1.820000000000068 0.6399999999994723 0
2419 0.3200000000015549 0.839999999999595 0
2420 1.519999999998684 0.1600000000002975 0
2421 0.5000000000021972 0.8399999999994864 0
2422 1.199999999997989 0.1800000000002929 0
2423 0.6000000000024824 0.8399999999994856 0
2424 1.159999999997915 0.1600000000002638 0
2425 1.659999999998947 0.1800000000002931 0
2426 1.800000000000034 0.6799999999994771 0
2427 1.079999999997705 0.1600000000002277 0
2428 0.4200000000019062 0.8199999999994739 0
2429 1.819999999999937 0.7199999999994866 0
2430 0.6800000000027303 0.8399999999995135 0
2431 0.6400000000025816 0.8199999999994578 0
2432 0.1799999999772428 0.2399999999777945 0
2433 0.1799999999999569 0.2800000000006486 0
2434 0.5600000000023713 0.8399999999994789 0
2435 1.459999999998594 0.1800000000003206 0
2436 1.419999999998533 0.1800000000003187 0
2437 0.9200000000033448 0.8400000000000879 0
2438 0.3600000000016869 0.8199999999995157 0
2439 1.820000000000279 0.5199999999992667 0
2440 0.2199999999089851 0.179999999908981 0
2441 0.1799999979398239 0.1799999979398637 0
2442 1.639999999999537 0.8200000000009129 0
2443 1.84000000000031 0.3399999999991317 0
2444 0.5399999999987124 0.1399999999996424 0
2445 1.820000000000226 0.2199999999999955 0
2446 1.820000000000146 0.2000000000000487 0
2447 1.840000000000322 0.4399999999992137 0
2448 1.30000000000199 0.8400000000009906 0
2449 1.540000000000054 0.8400000000009493 0
2450 1.320000000001852 0.8400000000009896 0
2451 1.240000000002564 0.8600000000008796 0
2452 1.480000000000642 0.8600000000008643 0
2453 0.1799999999996318 0.5400000000015813 0
2454 0.6199999999984597 0.1399999999996501 0
2455 0.1599999999994216 0.6200000000015392 0
2456 0.1599999999994688 0.6000000000016108 0
2457 1.840000000000296 0.2999999999992619 0
2458 0.1599999999993421 0.7400000000000887 0
2459 1.080000000003499 0.8200000000010138 0
2460 1.579999999999806 0.8400000000009193 0
2461 1.360000000001602 0.8400000000009883 0
2462 0.7399999999981259 0.1599999999996098 0
2463 0.3799999999992679 0.1599999999996313 0
2464 0.1799999999998088 0.819999999999813 0
2465 1.120000000003329 0.8200000000010839 0
2466 0.5799999999985841 0.1399999999996467 0
2467 0.1799999999993397 0.759999999999949 0
2468 0.1799999999994089 0.7799999999998931 0
2469 0.4199999999991301 0.1599999999996085 0
2470 0.7799999999979709 0.1599999999996063 0
2471 0.3399999999994008 0.1599999999996581 0
2472 1.220000000002735 0.8400000000009922 0
2473 1.280000000002188 0.8600000000008792 0
2474 0.8399999999976645 0.1799999999995763 0
2475 0.2599999999928788 0.1799999999928913 0
2476 1.500000000000346 0.8400000000009638 0
2477 0.1599999999993456 0.6800000000008104 0
2478 0.159999999999362 0.6600000000011528 0
2479 0.1599999999993398 0.7000000000004759 0
2480 1.840000000000258 0.239999999999779 0
2481 1.300000000001975 0.820000000001098 0
2482 0.8199999999976836 0.1999999999995259 0
2483 0.6600000000026125 0.7999999999994303 0
2484 0.8800000000032044 0.8199999999999293 0
2485 1.12000000000334 0.8000000000011855 0
2486 0.1999999999996244 0.5400000000014953 0
2487 1.800000000000348 0.4999999999993388 0
2488 1.639999999998879 0.2000000000003148 0
2489 0.4399999999990816 0.1799999999995616 0
2490 0.3400000000016546 0.7999999999995046 0
2491 0.2000000000001207 0.4200000000011607 0
2492 1.820000000000332 0.33999999999915 0
2493 0.1799999999993203 0.6800000000008539 0
2494 1.780000000000113 0.659999999999521 0
2495 1.679999999999562 0.8000000000008399 0
2496 0.2000000000002692 0.3000000000009591 0
2497 0.2999999999995924 0.1999999999996065 0
2498 0.7199999999981647 0.1799999999995703 0
2499 0.8000000000030615 0.8199999999996632 0
2500 1.380000000001429 0.8200000000010927 0
2501 0.740000000002905 0.8199999999995374 0
2502 1.099999999997801 0.1800000000002509 0
2503 0.4000000000018653 0.7999999999994468 0
2504 0.8799999999975618 0.1999999999996092 0
2505 0.939999999997542 0.1999999999998317 0
2506 0.5599999999986516 0.1599999999996024 0
2507 0.1999999999994142 0.7599999999999036 0
2508 0.220000000000368 0.8199999999997455 0
2509 0.3799999999993026 0.1799999999995968 0
2510 0.259999999997288 0.1999999999972176 0
2511 0.1999999999730923 0.2199999999734022 0
2512 1.779999999999618 0.1800000000001898 0
2513 1.020000000003441 0.820000000000738 0
2514 0.1799999999999164 0.4800000000013709 0
2515 0.4600000000020726 0.8199999999994571 0
2516 0.9600000000033184 0.8200000000003387 0
2517 1.820000000000101 0.6199999999994653 0
2518 1.739999999999182 0.1800000000002538 0
2519 1.399999999998488 0.1800000000003175 0
2520 1.180000000002988 0.8200000000010998 0
2521 0.5000000000022159 0.8199999999994418 0
2522 0.2800000000013999 0.8199999999996289 0
2523 1.519999999998677 0.1800000000003181 0
2524 0.3200000000015813 0.819999999999564 0
2525 1.139999999997908 0.1800000000002697 0
2526 1.179999999997965 0.1800000000002854 0
2527 0.6000000000024731 0.8199999999994423 0
2528 0.2000000000002107 0.3800000000011151 0
2529 1.800000000000282 0.5399999999993965 0
2530 1.080000000003478 0.8000000000011073 0
2531 1.559999999999878 0.8200000000010331 0
2532 0.5999999999985163 0.1599999999996067 0
2533 1.460000000000731 0.8400000000009749 0
2534 0.1799999999993622 0.6400000000014623 0
2535 0.1799999999994516 0.6000000000016122 0
2536 0.1999999999997306 0.7999999999998084 0
2537 1.800000000000137 0.220000000000068 0
2538 1.820000000000301 0.2799999999995075 0
2539 1.820000000000252 0.2399999999998847 0
2540 1.799999999999849 0.1800000000001416 0
2541 0.1799999992873451 0.1999999992875686 0
2542 1.040000000003492 0.8200000000008514 0
2543 1.779999999999759 0.8000000000000896 0
2544 1.800000000000246 0.5599999999994392 0
2545 1.840000000000319 0.3999999999991844 0
2546 1.819999999999909 0.739999999999572 0
2547 0.1799999999998168 0.5000000000014495 0
2548 0.2600000000012277 0.8399999999996792 0
2549 0.8400000000031308 0.8199999999997748 0
2550 1.279999999998126 0.1800000000003092 0
2551 1.299999999998182 0.1800000000003104 0
2552 1.819999999999833 0.7799999999997379 0
2553 0.7200000000028346 0.8199999999995109 0
2554 0.4400000000019894 0.8199999999994655 0
2555 0.980000000003352 0.8200000000004701 0
2556 1.719999999999523 0.8200000000005403 0
2557 0.2000000000002403 0.3600000000010894 0
2558 1.820000000000352 0.4599999999992634 0
2559 1.820000000000135 0.5999999999994342 0
2560 0.9200000000032774 0.8200000000001172 0
2561 0.9799999999975754 0.2000000000000058 0
2562 0.3800000000017555 0.8199999999994991 0
2563 1.619999999998841 0.2000000000003208 0
2564 1.379999999998432 0.1800000000003164 0
2565 1.339999999998307 0.1800000000003137 0
2566 1.019999999997632 0.200000000000146 0
2567 1.799999999999768 0.7999999999999262 0
2568 1.699999999999022 0.1800000000002772 0
2569 1.53999999999871 0.1800000000003162 0
2570 0.1800000000002821 0.3200000000010558 0
2571 1.579999999998784 0.1800000000003121 0
2572 0.6200000000025272 0.8199999999994503 0
2573 1.219999999998014 0.1800000000002983 0
2574 1.679999999998954 0.2000000000002979 0
2575 0.6800000000026941 0.8199999999994766 0
2576 1.439999999998566 0.1800000000003194 0
2577 0.1800000000000688 0.4400000000012596 0
2578 0.580000000002421 0.8199999999994372 0
2579 0.5400000000023215 0.8199999999994343 0
2580 1.800000000000107 0.6399999999995046 0
2581 0.1799999999939862 0.259999999994623 0
2582 1.759999999999611 0.8200000000002288 0
2583 1.800000000000001 0.6999999999995151 0
2584 0.9199999999975275 0.1799999999997633 0
2585 1.059999999997676 0.1800000000002175 0
2586 1.259999999998081 0.1800000000003065 0
2587 1.479999999998619 0.1800000000003202 0
2588 0.7800000000030159 0.8199999999996153 0
2589 0.2399999999885662 0.1999999999885255 0
2590 0.6399999999984057 0.1599999999996094 0
2591 0.3599999999993744 0.1799999999996128 0
2592 0.3199999999994896 0.1799999999996318 0
2593 0.1799999999995659 0.5600000000016095 0
2594 0.5199999999987777 0.1599999999995977 0
2595 1.619999999999603 0.8200000000009544 0
2596 1.340000000001717 0.820000000001096 0
2597 0.8399999999976222 0.1999999999995394 0
2598 1.200000000002867 0.8400000000009917 0
2599 1.520000000000196 0.8400000000009566 0
2600 1.820000000000352 0.4199999999992501 0
2601 1.840000000000312 0.3599999999991338 0
2602 1.6599999999995 0.8200000000008492 0
2603 0.17999999999931 0.7200000000001783 0
2604 1.820000000000325 0.3199999999992131 0
2605 0.6799999999983033 0.1599999999996113 0
2606 0.7599999999980089 0.1799999999995667 0
2607 0.200000000000061 0.8199999999997826 0
2608 1.14000000000322 0.8200000000010937 0
2609 0.4799999999989163 0.1599999999995962 0
2610 1.579999999999774 0.8200000000010121 0
2611 0.4199999999991534 0.1799999999995707 0
2612 1.420000000001144 0.8400000000009822 0
2613 0.7799999999979198 0.1799999999995646 0
2614 0.1799999999993261 0.740000000000036 0
2615 1.260000000002373 0.8400000000009911 0
2616 1.240000000002562 0.8400000000009913 0
2617 1.28000000000217 0.8400000000009902 0
2618 0.1999999992928349 0.179999999292859 0
2619 1.480000000000527 0.8400000000009689 0
2620 1.23999999999805 0.200000000000317 0
2621 1.379999999998448 0.2000000000003327 0
2622 0.5400000000023236 0.7999999999993932 0
2623 0.9399999999975726 0.2199999999998197 0
2624 0.8000000000030114 0.7999999999996579 0
2625 0.9800000000032751 0.8000000000005236 0
2626 0.8199999999976444 0.2199999999994889 0
2627 1.519999999998669 0.2000000000003354 0
2628 1.780000000000322 0.5399999999994994 0
2629 0.4399999999991145 0.1999999999995249 0
2630 0.2200000000002024 0.3800000000010677 0
2631 1.559999999999848 0.8000000000011247 0
2632 1.639999999998847 0.220000000000326 0
2633 1.800000000000353 0.3399999999992149 0
2634 1.78000000000015 0.6399999999995357 0
2635 0.259999999998714 0.219999999998592 0
2636 0.9999999999976297 0.2200000000000789 0
2637 0.7400000000028631 0.7999999999995165 0
2638 0.6800000000026676 0.7999999999994435 0
2639 0.6599999999983454 0.1799999999995703 0
2640 1.500000000000261 0.820000000001063 0
2641 0.4999999999988696 0.1799999999995559 0
2642 1.799999999999939 0.7399999999997263 0
2643 1.040000000003396 0.8000000000009306 0
2644 1.639999999999604 0.8000000000009915 0
2645 0.1999999999998106 0.500000000001357 0
2646 0.2000000000000624 0.440000000001186 0
2647 0.2600000000011378 0.819999999999668 0
2648 0.1999999999994968 0.580000000001567 0
2649 0.4400000000020292 0.7999999999994264 0
2650 1.719999999999638 0.8000000000005985 0
2651 1.75999999999974 0.8000000000002659 0
2652 0.3800000000017885 0.7999999999994623 0
2653 1.220000000002712 0.8200000000010998 0
2654 1.419999999998545 0.2000000000003352 0
2655 1.339999999998317 0.2000000000003294 0
2656 1.299999999998178 0.2000000000003254 0
2657 0.2000000000002778 0.3200000000010153 0
2658 0.3200000000016028 0.7999999999995353 0
2659 1.579999999998764 0.2000000000003286 0
2660 0.6200000000025133 0.7999999999994112 0
2661 1.479999999998618 0.2000000000003375 0
2662 0.9199999999975447 0.1999999999997455 0
2663 0.6999999999982269 0.1799999999995712 0
2664 1.14000000000323 0.8000000000011969 0
2665 0.2200000000001027 0.7999999999997659 0
2666 0.3199999999995436 0.1999999999996125 0
2667 0.7599999999979381 0.1999999999995268 0
2668 1.800000000000197 0.2399999999999841 0
2669 0.219999999928143 0.1999999999281932 0
2670 1.060000000003455 0.8000000000010289 0
2671 1.820000000000342 0.3799999999991833 0
2672 1.799999999999971 0.7199999999996115 0
2673 1.820000000000337 0.3599999999991555 0
2674 1.659999999999576 0.8000000000009233 0
2675 0.1999999999997111 0.5200000000014307 0
2676 0.2400000000007768 0.8199999999997089 0
2677 0.1999999999995583 0.5600000000015345 0
2678 1.799999999999898 0.7599999999998375 0
2679 1.779999999999852 0.7800000000000911 0
2680 1.079999999997733 0.1800000000002362 0
2681 0.8600000000031653 0.8199999999998467 0
2682 1.800000000000174 0.5999999999995067 0
2683 0.4200000000019486 0.7999999999994359 0
2684 1.699999999999587 0.8000000000007293 0
2685 1.800000000000209 0.5799999999994762 0
2686 0.3600000000017181 0.7999999999994815 0
2687 1.800000000000386 0.4599999999993142 0
2688 1.200000000002859 0.8200000000010997 0
2689 0.9599999999975831 0.2199999999999123 0
2690 0.900000000003244 0.8200000000000216 0
2691 1.75999999999938 0.1800000000002276 0
2692 0.7000000000027637 0.8199999999994917 0
2693 0.8599999999975864 0.1999999999995675 0
2694 1.699999999999001 0.2000000000002877 0
2695 0.2000000000002628 0.3400000000010572 0
2696 0.8200000000030975 0.8199999999997174 0
2697 1.799999999999839 0.7799999999998996 0
2698 0.4800000000021487 0.8199999999994495 0
2699 1.159999999997938 0.1800000000002773 0
2700 1.599999999998802 0.2000000000003249 0
2701 0.3000000000015122 0.8199999999995952 0
2702 0.6400000000025636 0.7999999999994208 0
2703 1.199999999998001 0.2000000000003045 0
2704 1.119999999997861 0.1800000000002605 0
2705 1.439999999998573 0.2000000000003362 0
2706 0.7600000000029631 0.819999999999574 0
2707 0.6000000000024637 0.7999999999994031 0
2708 0.1999999999978209 0.2599999999983961 0
2709 0.1999999999995329 0.2800000000001706 0
2710 0.1799999999999994 0.4600000000013068 0
2711 1.800000000000141 0.6199999999995115 0
2712 1.03999999999766 0.2000000000001909 0
2713 1.780000000000077 0.6799999999995472 0
2714 1.259999999998082 0.2000000000003206 0
2715 0.5600000000023706 0.819999999999435 0
2716 1.659999999998916 0.2000000000003063 0
2717 0.1999999999891052 0.239999999989551 0
2718 0.9400000000032996 0.8200000000002231 0
2719 0.200000000000169 0.4000000000011394 0
2720 1.739999999999258 0.2000000000002567 0
2721 1.539999999998698 0.2000000000003332 0
2722 0.500000000002229 0.7999999999994012 0
2723 0.8999999999975538 0.1999999999996713 0
2724 1.539999999999996 0.8200000000010457 0
2725 1.800000000000372 0.4799999999993252 0
2726 1.820000000000354 0.4399999999992608 0
2727 1.800000000000316 0.5199999999993663 0
2728 0.6199999999984582 0.1599999999996085 0
2729 1.599999999999693 0.8000000000010737 0
2730 1.800000000000006 0.2000000000001094 0
2731 1.020000000003339 0.8000000000008066 0
2732 1.400000000001235 0.8200000000010893 0
2733 1.320000000001842 0.8200000000010964 0
2734 1.820000000000314 0.2999999999993429 0
2735 1.820000000000347 0.399999999999218 0
2736 0.5399999999987162 0.1599999999996003 0
2737 0.4599999999990156 0.179999999999558 0
2738 0.1799999999993133 0.7000000000004708 0
2739 1.100000000003426 0.8000000000011548 0
2740 1.36000000000158 0.8200000000010942 0
2741 0.7399999999980857 0.179999999999569 0
2742 0.1799999999994033 0.6200000000015591 0
2743 0.3999999999992286 0.179999999999583 0
2744 0.1999999999995731 0.7799999999998518 0
2745 1.160000000003107 0.8200000000010974 0
2746 0.5799999999985832 0.1599999999996048 0
2747 1.440000000000815 0.8200000000010824 0
2748 0.339999999999438 0.1799999999996266 0
2749 0.1999999999993447 0.7399999999999811 0
2750 1.260000000002335 0.8200000000010987 0
2751 0.7999999999977661 0.1999999999995235 0
2752 0.2799999999988309 0.1999999999987949 0
2753 0.1999999996555167 0.1999999996556698 0
2754 1.280000000002142 0.8200000000010979 0
2755 1.460000000000607 0.8200000000010764 0
2756 1.820000000000277 0.2599999999997145 0
2757 0.1799999999993385 0.6600000000012145 0
2758 1.260000000002305 0.8000000000012027 0
2759 1.380000000001318 0.8000000000011941 0
2760 0.6400000000025466 0.7799999999993862 0
2761 1.140000000003242 0.7800000000012957 0
2762 1.239999999998068 0.2200000000003266 0
2763 1.419999999998552 0.2200000000003479 0
2764 1.04000000000331 0.780000000001004 0
2765 0.9399999999976008 0.2399999999998064 0
2766 1.539999999998685 0.2200000000003469 0
2767 0.2199999999996204 0.5400000000013973 0
2768 0.3600000000017543 0.7799999999994488 0
2769 0.1999999999993042 0.6800000000008403 0
2770 1.760000000000196 0.639999999999584 0
2771 1.639999999999673 0.7800000000010683 0
2772 1.699999999999703 0.7800000000007921 0
2773 0.2200000000002743 0.3200000000009294 0
2774 1.78000000000001 0.7199999999997745 0
2775 0.900000000003172 0.8000000000000451 0
2776 1.759999999999849 0.7800000000002881 0
2777 1.099999999997832 0.2000000000002567 0
2778 0.4200000000019955 0.7799999999994004 0
2779 0.5999999999985128 0.1799999999995669 0
2780 0.219999999999659 0.759999999999856 0
2781 1.440000000000676 0.8000000000011809 0
2782 0.2600000000010274 0.7999999999996656 0
2783 0.2200000000000195 0.280000000000515 0
2784 1.779999999999927 0.2200000000001388 0
2785 1.77999999999992 0.7600000000000438 0
2786 1.800000000000366 0.3799999999991949 0
2787 0.7600000000029165 0.7999999999995572 0
2788 0.1999999999999935 0.4600000000012265 0
2789 1.780000000000251 0.5799999999995508 0
2790 0.8799999999975836 0.2199999999995837 0
2791 0.7000000000027333 0.799999999999462 0
2792 0.4800000000021709 0.7999999999994094 0
2793 1.59999999999878 0.2200000000003378 0
2794 0.3000000000015242 0.7999999999995723 0
2795 0.5800000000024153 0.7999999999993972 0
2796 0.9199999999975755 0.2199999999997291 0
2797 1.300000000001957 0.8000000000012009 0
2798 0.3999999999992622 0.1999999999995487 0
2799 1.10000000000342 0.7800000000012484 0
2800 0.1999999999993486 0.6400000000014506 0
2801 0.1999999999994413 0.6000000000015703 0
2802 1.180000000002996 0.8000000000012035 0
2803 0.5599999999986581 0.1799999999995625 0
2804 1.539999999999951 0.8000000000011392 0
2805 0.7199999999981044 0.1999999999995311 0
2806 0.4599999999990529 0.1999999999995205 0
2807 0.7999999999977047 0.2199999999994849 0
2808 0.2999999999996539 0.2199999999995657 0
2809 0.2399999999926872 0.2199999999926728 0
2810 1.800000000000303 0.279999999999676 0
2811 0.1999999999993074 0.7200000000001333 0
2812 0.2400000000005714 0.7999999999997192 0
2813 1.759999999999519 0.2000000000002205 0
2814 1.780000000000384 0.4999999999994359 0
2815 1.780000000000354 0.5199999999994683 0
2816 1.739999999999696 0.8000000000004373 0
2817 1.780000000000043 0.6999999999996388 0
2818 1.800000000000359 0.3599999999991863 0
2819 0.2199999999997069 0.5200000000013357 0
2820 1.319999999998248 0.2000000000003269 0
2821 0.2199999999994922 0.5800000000014831 0
2822 0.7800000000029651 0.799999999999605 0
2823 0.8800000000031376 0.7999999999999475 0
2824 0.1999999999999088 0.4800000000012856 0
2825 1.000000000003304 0.8000000000006685 0
2826 0.2200000000001125 0.4200000000010994 0
2827 0.2200000000001612 0.4000000000010853 0
2828 1.780000000000286 0.5599999999995247 0
2829 0.3200000000016232 0.7799999999995099 0
2830 0.9400000000032341 0.8000000000002607 0
2831 1.800000000000381 0.4199999999992783 0
2832 1.800000000000385 0.4399999999993015 0
2833 1.679999999998921 0.2200000000003065 0
2834 1.659999999998881 0.2200000000003165 0
2835 0.7200000000028018 0.7999999999994868 0
2836 1.220000000002707 0.8000000000012037 0
2837 1.399999999998501 0.2000000000003334 0
2838 1.359999999998385 0.2000000000003309 0
2839 0.9799999999976026 0.2199999999999984 0
2840 0.8400000000030777 0.7999999999997801 0
2841 0.8200000000030458 0.7999999999997172 0
2842 0.4600000000021036 0.7999999999994183 0
2843 1.619999999998815 0.2200000000003324 0
2844 0.6800000000026464 0.7799999999994143 0
2845 1.219999999998026 0.2000000000003107 0
2846 1.780000000000184 0.6199999999995538 0
2847 0.5600000000023686 0.7999999999993944 0
2848 0.6200000000024999 0.779999999999376 0
2849 1.019999999997653 0.2200000000001431 0
2850 1.760000000000159 0.6599999999996041 0
2851 1.499999999998642 0.2000000000003364 0
2852 0.2199999999989685 0.259999999999363 0
2853 1.179999999997979 0.2000000000002959 0
2854 1.139999999997931 0.2000000000002781 0
2855 0.9600000000032562 0.8000000000003861 0
2856 1.279999999998126 0.200000000000323 0
2857 1.459999999998597 0.2000000000003369 0
2858 1.059999999997701 0.2000000000002206 0
2859 0.5200000000022776 0.7999999999993965 0
2860 1.719999999999096 0.2000000000002748 0
2861 1.559999999998729 0.2000000000003307 0
2862 0.2200000000002315 0.3600000000010444 0
2863 0.3800000000018316 0.7799999999994288 0
2864 0.8399999999976087 0.2199999999995054 0
2865 1.659999999999656 0.7800000000009953 0
2866 0.6399999999983985 0.1799999999995695 0
2867 0.779999999997849 0.1999999999995247 0
2868 1.800000000000343 0.3199999999993373 0
2869 0.5199999999988013 0.1799999999995578 0
2870 1.780000000000417 0.4599999999993671 0
2871 1.340000000001677 0.8000000000011988 0
2872 1.240000000002533 0.8200000000010986 0
2873 1.480000000000426 0.8200000000010694 0
2874 1.420000000001022 0.8200000000010852 0
2875 1.579999999999765 0.8000000000011011 0
2876 1.080000000003428 0.780000000001192 0
2877 1.520000000000125 0.8200000000010546 0
2878 1.619999999999646 0.8000000000010362 0
2879 0.6799999999982846 0.1799999999995713 0
2880 0.4199999999991845 0.1999999999995355 0
2881 0.4799999999989462 0.1799999999995566 0
2882 1.160000000003116 0.8000000000012009 0
2883 0.3599999999994147 0.1999999999995823 0
2884 0.3399999999994806 0.1999999999995998 0
2885 0.2199999999999115 0.7799999999998039 0
2886 1.779999999999779 0.2000000000001672 0
2887 0.7399999999980199 0.1999999999995294 0
2888 0.2799999999993806 0.2199999999992524 0
2889 0.2199999999621987 0.2199999999623486 0
2890 1.800000000000251 0.2599999999998497 0
2891 0.8199999999976336 0.2399999999994541 0
2892 0.6400000000025314 0.7599999999993552 0
2893 1.100000000003394 0.7600000000013354 0
2894 0.9000000000031052 0.7800000000000711 0
2895 0.8000000000029518 0.7799999999996549 0
2896 1.760000000000421 0.4999999999995169 0
2897 1.619999999998791 0.2400000000003414 0
2898 0.2399999999996177 0.5400000000013049 0
2899 0.4399999999991479 0.2199999999994906 0
2900 0.360000000001796 0.7599999999994199 0
2901 0.2400000000001052 0.4200000000010523 0
2902 1.780000000000389 0.3799999999992514 0
2903 1.740000000000246 0.6399999999996917 0
2904 1.539999999999926 0.7800000000012299 0
2905 1.639999999999751 0.7600000000011431 0
2906 1.319999999998268 0.2200000000003385 0
2907 0.5000000000022383 0.7799999999993645 0
2908 1.760000000000329 0.5599999999995946 0
2909 0.9800000000032133 0.7800000000005771 0
2910 0.9999999999976449 0.2400000000000711 0
2911 0.6599999999983095 0.1999999999995318 0
2912 0.2999999999997987 0.2399999999995868 0
2913 0.2400000000001301 0.2800000000003221 0
2914 1.780000000000281 0.2799999999998649 0
2915 1.739999999999362 0.220000000000252 0
2916 1.759999999999935 0.7600000000002621 0
2917 1.739999999999815 0.7800000000004743 0
2918 1.760000000000087 0.6999999999998167 0
2919 0.219999999999904 0.4800000000012049 0
2920 1.59999999999973 0.780000000001157 0
2921 0.760000000002875 0.7799999999995436 0
2922 0.2199999999994354 0.6000000000014973 0
2923 0.9199999999976067 0.2399999999997122 0
2924 1.359999999998397 0.2200000000003431 0
2925 1.399999999998508 0.2200000000003461 0
2926 1.699999999998996 0.2200000000002942 0
2927 1.559999999998714 0.2200000000003442 0
2928 0.3000000000015176 0.7799999999995536 0
2929 0.5800000000024085 0.7799999999993603 0
2930 1.499999999998638 0.2200000000003501 0
2931 0.2400000000001926 0.3800000000010182 0
2932 1.780000000000039 0.2400000000000813 0
2933 0.6999999999981732 0.1999999999995324 0
2934 1.500000000000193 0.8000000000011585 0
2935 0.4999999999989196 0.1999999999995182 0
2936 0.7599999999978504 0.2199999999994882 0
2937 0.3599999999994557 0.2199999999995537 0
2938 1.400000000001089 0.8000000000011898 0
2939 0.2400000000003752 0.7799999999997445 0
2940 0.2599999999993185 0.2399999999991778 0
2941 0.2399999999963127 0.2399999999963748 0
2942 1.759999999999647 0.2200000000002015 0
2943 1.060000000003377 0.7800000000011087 0
2944 1.77999999999997 0.7399999999999316 0
2945 1.719999999999765 0.7800000000006458 0
2946 1.760000000000123 0.6799999999996885 0
2947 1.619999999999701 0.7800000000011167 0
2948 1.079999999997762 0.2000000000002406 0
2949 1.279999999998146 0.2200000000003338 0
2950 0.2199999999998058 0.5000000000012707 0
2951 0.4000000000019147 0.7799999999994134 0
2952 0.3400000000016891 0.7799999999994768 0
2953 1.67999999999967 0.7800000000009021 0
2954 0.7000000000027072 0.7799999999994368 0
2955 0.9200000000032051 0.8000000000001497 0
2956 1.780000000000408 0.4199999999993133 0
2957 0.8599999999975922 0.2199999999995373 0
2958 0.8400000000030168 0.7799999999997872 0
2959 0.4600000000021322 0.779999999999382 0
2960 0.4400000000020671 0.7799999999993913 0
2961 0.2200000000002545 0.3400000000009936 0
2962 1.579999999998745 0.2200000000003411 0
2963 1.11999999999789 0.2000000000002677 0
2964 1.659999999998853 0.240000000000324 0
2965 1.199999999998017 0.2200000000003123 0
2966 1.219999999998043 0.2200000000003196 0
2967 0.3399999999995356 0.2199999999995751 0
2968 0.2800000000013397 0.7999999999996169 0
2969 0.6600000000025948 0.7799999999993992 0
2970 1.780000000000217 0.599999999999557 0
2971 0.6000000000024535 0.7799999999993673 0
2972 0.2200000000001928 0.300000000000743 0
2973 1.76000000000023 0.6199999999996001 0
2974 1.519999999998661 0.2200000000003484 0
2975 1.159999999997956 0.2000000000002868 0
2976 1.259999999998106 0.2200000000003304 0
2977 0.8600000000031064 0.7999999999998589 0
2978 1.459999999998599 0.2200000000003503 0
2979 1.439999999998578 0.2200000000003489 0
2980 0.5200000000022819 0.7799999999993593 0
2981 0.9600000000031915 0.780000000000432 0
2982 0.2200000000000542 0.440000000001121 0
2983 1.039999999997681 0.2200000000001892 0
2984 0.2199999999908293 0.2399999999911032 0
2985 0.7400000000028297 0.7799999999995005 0
2986 0.5600000000023655 0.7799999999993572 0
2987 0.8999999999975818 0.2199999999996509 0
2988 0.9599999999976041 0.2399999999999009 0
2989 1.760000000000362 0.5399999999995752 0
2990 0.3199999999996144 0.2199999999995875 0
2991 1.780000000000405 0.4799999999993981 0
2992 1.780000000000371 0.3399999999993694 0
2993 1.020000000003262 0.7800000000008732 0
2994 1.800000000000325 0.2999999999995063 0
2995 0.5399999999987335 0.1799999999995604 0
2996 1.780000000000414 0.4399999999993423 0
2997 1.800000000000374 0.3999999999992404 0
2998 1.4600000000005 0.800000000001174 0
2999 0.6199999999984526 0.1799999999995686 0
3000 1.200000000002865 0.8000000000012032 0
3001 0.2199999999995545 0.5600000000014441 0
3002 1.320000000001816 0.8000000000011994 0
3003 1.559999999999845 0.7800000000012116 0
3004 0.1999999999993913 0.6200000000015322 0
3005 0.2199999999993512 0.7200000000000532 0
3006 0.219999999999486 0.7399999999999313 0
3007 1.280000000002119 0.8000000000012015 0
3008 1.12000000000334 0.7800000000012772 0
3009 0.4199999999992181 0.2199999999995021 0
3010 1.360000000001503 0.8000000000011962 0
3011 0.1999999999993231 0.6600000000011924 0
3012 1.16000000000313 0.7800000000013008 0
3013 0.5799999999985832 0.179999999999565 0
3014 1.520000000000069 0.8000000000011489 0
3015 0.3799999999993415 0.1999999999995651 0
3016 0.7199999999980169 0.2199999999994934 0
3017 0.4799999999989892 0.199999999999519 0
3018 0.7799999999977746 0.2199999999994859 0
3019 1.240000000002516 0.8000000000012026 0
3020 1.420000000000873 0.800000000001185 0
3021 0.1999999999993038 0.7000000000004292 0
3022 1.260000000002303 0.7800000000013022 0
3023 1.380000000001147 0.7800000000012917 0
3024 1.219999999998075 0.2400000000003252 0
3025 1.399999999998509 0.2400000000003551 0
3026 0.9800000000031478 0.7600000000006297 0
3027 0.7600000000028442 0.7599999999995334 0
3028 0.9199999999976282 0.2599999999996952 0
3029 0.5000000000022458 0.759999999999331 0
3030 1.519999999998653 0.2400000000003586 0
3031 0.4399999999991777 0.2399999999994582 0
3032 1.539999999999928 0.7600000000013162 0
3033 0.2399999999995568 0.7199999999999429 0
3034 1.699999999999849 0.7600000000008451 0
3035 1.099999999997865 0.2200000000002589 0
3036 1.740000000000279 0.6199999999996735 0
3037 0.559999999998684 0.1999999999995247 0
3038 1.759999999999999 0.7400000000001612 0
3039 1.0600000000033 0.7600000000011882 0
3040 1.760000000000448 0.4599999999994278 0
3041 1.740000000000171 0.6799999999999076 0
3042 0.9200000000031345 0.7800000000001819 0
3043 0.2399999999994905 0.5800000000013881 0
3044 0.8599999999976111 0.2399999999995067 0
3045 0.2199999999993404 0.6400000000013398 0
3046 0.2399999999998014 0.5000000000011954 0
3047 0.2400000000000481 0.440000000001068 0
3048 0.400000000001964 0.7599999999993813 0
3049 0.8600000000030454 0.7799999999998715 0
3050 0.4400000000020993 0.7599999999993582 0
3051 1.579999999998728 0.2400000000003511 0
3052 0.2400000000002452 0.34000000000087 0
3053 0.2800000000012676 0.7799999999996089 0
3054 1.760000000000261 0.5999999999996082 0
3055 0.240000000000227 0.3000000000005182 0
3056 0.6000000000024424 0.759999999999334 0
3057 1.25999999999815 0.240000000000337 0
3058 1.439999999998583 0.2400000000003584 0
3059 1.340000000001559 0.7800000000012971 0
3060 1.140000000003252 0.7600000000013879 0
3061 0.5999999999985063 0.1999999999995288 0
3062 0.3799999999993786 0.2199999999995347 0
3063 0.6999999999980913 0.2199999999994951 0
3064 0.4999999999989748 0.2199999999994825 0
3065 1.220000000002732 0.780000000001303 0
3066 1.780000000000357 0.3199999999995407 0
3067 0.2599999999997899 0.259999999999634 0
3068 1.759999999999818 0.2400000000001692 0
3069 1.760000000000047 0.7200000000000056 0
3070 1.080000000003366 0.7600000000012723 0
3071 1.719999999999898 0.7600000000006792 0
3072 1.760000000000439 0.4799999999994706 0
3073 1.780000000000399 0.399999999999282 0
3074 1.74000000000021 0.6599999999997825 0
3075 0.9400000000031634 0.7800000000003018 0
3076 1.619999999999763 0.7600000000011958 0
3077 0.2399999999995518 0.5600000000013502 0
3078 1.299999999998206 0.2200000000003357 0
3079 0.7800000000029147 0.7799999999995971 0
3080 0.2199999999993844 0.6200000000014509 0
3081 0.3800000000018794 0.7599999999993989 0
3082 0.2399999999997035 0.5200000000012529 0
3083 0.320000000001629 0.7599999999994888 0
3084 0.3400000000017176 0.7599999999994508 0
3085 1.000000000003234 0.7800000000007287 0
3086 1.379999999998454 0.2200000000003443 0
3087 0.7200000000027713 0.7799999999994659 0
3088 1.679999999998919 0.2400000000003114 0
3089 0.9799999999976202 0.2399999999999887 0
3090 1.339999999998334 0.2200000000003405 0
3091 1.739999999999922 0.7600000000004715 0
3092 0.8399999999976182 0.239999999999474 0
3093 0.8999999999976128 0.2399999999996294 0
3094 0.8800000000030761 0.7799999999999683 0
3095 1.719999999999148 0.220000000000277 0
3096 1.59999999999876 0.2400000000003465 0
3097 0.240000000000221 0.3600000000009584 0
3098 0.6800000000026228 0.7599999999993886 0
3099 0.6600000000025766 0.7599999999993706 0
3100 0.2600000000008486 0.7799999999996758 0
3101 1.639999999998821 0.2400000000003333 0
3102 1.760000000000294 0.5799999999996039 0
3103 0.6200000000024868 0.7599999999993441 0
3104 1.500000000000139 0.7800000000012507 0
3105 1.159999999997974 0.220000000000293 0
3106 1.179999999997996 0.2200000000003026 0
3107 0.4800000000021873 0.7799999999993735 0
3108 1.019999999997668 0.2400000000001369 0
3109 0.5800000000024007 0.7599999999993273 0
3110 0.5400000000023235 0.7799999999993572 0
3111 0.2399999999988219 0.2599999999989458 0
3112 0.240000000000153 0.4000000000010404 0
3113 1.479999999998618 0.2200000000003501 0
3114 0.2199999999999858 0.4600000000011577 0
3115 1.119999999997916 0.2200000000002714 0
3116 0.9399999999976174 0.2599999999997927 0
3117 1.059999999997728 0.22000000000022 0
3118 1.5599999999987 0.2400000000003539 0
3119 0.8200000000029843 0.7799999999997194 0
3120 1.760000000000392 0.5199999999995493 0
3121 0.2799999999996894 0.2399999999994731 0
3122 0.6399999999983697 0.1999999999995312 0
3123 0.7399999999979325 0.2199999999994912 0
3124 1.780000000000379 0.3599999999992925 0
3125 1.659999999999765 0.760000000001065 0
3126 1.760000000000435 0.4199999999993692 0
3127 1.579999999999782 0.7800000000011864 0
3128 0.799999999997671 0.2399999999994484 0
3129 1.30000000000191 0.7800000000013 0
3130 0.5199999999988507 0.1999999999995201 0
3131 1.480000000000341 0.8000000000011659 0
3132 1.040000000003235 0.7600000000010729 0
3133 1.780000000000171 0.2599999999999855 0
3134 1.520000000000032 0.7800000000012403 0
3135 0.45999999999909 0.2199999999994859 0
3136 0.6799999999982373 0.1999999999995327 0
3137 0.2199999999993021 0.6800000000006771 0
3138 1.12000000000334 0.760000000001368 0
3139 1.180000000003014 0.7800000000013023 0
3140 0.3999999999992979 0.2199999999995175 0
3141 0.2400000000000871 0.7599999999997836 0
3142 0.7599999999977767 0.2399999999994512 0
3143 0.3199999999997121 0.2399999999995699 0
3144 0.3599999999995048 0.239999999999527 0
3145 1.400000000000933 0.7800000000012862 0
3146 1.440000000000566 0.7800000000012755 0
3147 1.780000000000328 0.2999999999997138 0
3148 0.2199999999993274 0.7000000000003063 0
3149 1.380000000000981 0.7600000000013849 0
3150 0.6400000000025189 0.7399999999993276 0
3151 1.120000000003337 0.7400000000014564 0
3152 0.880000000003014 0.7599999999999877 0
3153 0.7999999999976567 0.2599999999994128 0
3154 0.9199999999976394 0.279999999999677 0
3155 0.2599999999996166 0.5400000000012247 0
3156 1.740000000000457 0.49999999999959 0
3157 1.579999999998713 0.2600000000003572 0
3158 0.3800000000019244 0.7399999999993706 0
3159 0.2600000000000418 0.4400000000010338 0
3160 1.65999999999885 0.2600000000003274 0
3161 1.72000000000033 0.619999999999798 0
3162 1.639999999999872 0.7400000000012142 0
3163 0.2600000000002099 0.3600000000007884 0
3164 1.760000000000377 0.3399999999995968 0
3165 1.760000000000207 0.2800000000000293 0
3166 1.0999999999979 0.2400000000002581 0
3167 0.9999999999976542 0.2600000000000607 0
3168 1.699999999999993 0.7400000000008738 0
3169 1.060000000003225 0.7400000000012615 0
3170 1.339999999998355 0.2400000000003486 0
3171 1.720000000000261 0.6600000000000459 0
3172 0.9400000000030951 0.7600000000003395 0
3173 1.740000000000081 0.720000000000287 0
3174 1.000000000003169 0.7600000000007878 0
3175 0.8399999999976371 0.2599999999994413 0
3176 1.740000000000371 0.5599999999996501 0
3177 0.6000000000024314 0.7399999999993038 0
3178 0.4800000000022008 0.7599999999993402 0
3179 0.8400000000029499 0.7599999999997968 0
3180 0.4599999999991202 0.2399999999994527 0
3181 1.460000000000412 0.7800000000012677 0
3182 0.6599999999982387 0.219999999999495 0
3183 0.5199999999989103 0.2199999999994842 0
3184 0.7199999999979192 0.2399999999994572 0
3185 0.2600000000006161 0.7599999999996939 0
3186 0.3000000000014478 0.7599999999995413 0
3187 0.2600000000000663 0.2799999999999227 0
3188 0.31999999999983 0.2599999999995576 0
3189 1.74000000000013 0.7000000000001078 0
3190 1.720000000000009 0.7400000000006609 0
3191 1.740000000000473 0.4799999999995462 0
3192 1.760000000000409 0.3799999999993822 0
3193 1.760000000000423 0.3999999999993631 0
3194 0.9600000000031217 0.7600000000004784 0
3195 1.079999999997795 0.2200000000002413 0
3196 1.599999999999789 0.7600000000012364 0
3197 0.2599999999994906 0.5800000000012947 0
3198 0.2399999999993377 0.6400000000011417 0
3199 0.2399999999994339 0.6000000000013915 0
3200 1.299999999998247 0.2400000000003431 0
3201 1.279999999998199 0.2400000000003399 0
3202 0.8000000000028996 0.7599999999996537 0
3203 0.3400000000017129 0.7399999999994277 0
3204 0.2599999999997013 0.5200000000011821 0
3205 1.020000000003197 0.7600000000009368 0
3206 1.379999999998456 0.240000000000353 0
3207 0.7000000000026776 0.7599999999994147 0
3208 1.679999999999804 0.7600000000009624 0
3209 1.719999999999271 0.2400000000002745 0
3210 1.699999999999067 0.2400000000002952 0
3211 0.879999999997614 0.2399999999995609 0
3212 1.739999999999564 0.2400000000002317 0
3213 1.619999999998769 0.2600000000003466 0
3214 0.4200000000020359 0.7599999999993687 0
3215 0.2600000000001447 0.4000000000009838 0
3216 0.6800000000026012 0.7399999999993659 0
3217 1.179999999998017 0.2400000000003062 0
3218 1.199999999998046 0.240000000000316 0
3219 1.740000000000007 0.740000000000406 0
3220 1.740000000000339 0.5799999999996576 0
3221 0.2400000000002511 0.3200000000006959 0
3222 1.539999999998676 0.2400000000003562 0
3223 0.460000000002151 0.7599999999993494 0
3224 1.139999999997949 0.2200000000002822 0
3225 1.239999999998114 0.2400000000003315 0
3226 1.419999999998552 0.2400000000003563 0
3227 1.740000000000309 0.5999999999996687 0
3228 0.7800000000028761 0.7599999999995909 0
3229 0.5400000000023227 0.7599999999993231 0
3230 0.5600000000023611 0.7599999999993239 0
3231 1.499999999998634 0.2400000000003595 0
3232 1.459999999998602 0.2400000000003593 0
3233 1.039999999997699 0.2400000000001842 0
3234 0.2399999999998982 0.4800000000011425 0
3235 0.2399999999999794 0.4600000000011013 0
3236 0.5200000000022845 0.7599999999993261 0
3237 0.9599999999976166 0.2599999999998877 0
3238 0.740000000002799 0.7599999999994868 0
3239 0.8999999999976366 0.2599999999996084 0
3240 1.740000000000402 0.5399999999996401 0
3241 1.760000000000443 0.4399999999993966 0
3242 0.9200000000030739 0.7600000000002154 0
3243 0.7799999999977226 0.239999999999449 0
3244 0.6199999999984322 0.1999999999995304 0
3245 0.4199999999992508 0.2399999999994709 0
3246 0.3799999999994164 0.2399999999995062 0
3247 0.4799999999990323 0.2199999999994838 0
3248 1.559999999999871 0.7600000000012959 0
3249 1.100000000003345 0.7400000000014163 0
3250 1.420000000000744 0.7800000000012804 0
3251 1.280000000002092 0.7800000000013007 0
3252 0.2199999999993165 0.6600000000010299 0
3253 0.539999999998775 0.1999999999995227 0
3254 0.2399999999998218 0.7399999999998444 0
3255 1.360000000001352 0.7800000000012941 0
3256 1.180000000003036 0.760000000001397 0
3257 1.160000000003146 0.7600000000013937 0
3258 1.320000000001731 0.7800000000012981 0
3259 1.520000000000012 0.7600000000013284 0
3260 1.200000000002886 0.780000000001302 0
3261 0.5799999999985936 0.199999999999527 0
3262 1.480000000000272 0.7800000000012589 0
3263 1.760000000000025 0.260000000000106 0
3264 0.6799999999981613 0.2199999999994957 0
3265 0.7399999999978477 0.2399999999994546 0
3266 0.3399999999996086 0.2399999999995494 0
3267 1.240000000002531 0.7800000000013022 0
3268 0.2999999999999423 0.2599999999996033 0
3269 0.2799999999999282 0.2599999999996283 0
3270 1.760000000000347 0.3199999999997621 0
3271 0.2399999999994243 0.7000000000001334 0
3272 1.239999999998172 0.2600000000003336 0
3273 1.399999999998511 0.2600000000003598 0
3274 1.120000000003313 0.720000000001538 0
3275 0.8000000000028644 0.7399999999996543 0
3276 0.9600000000030566 0.7400000000005224 0
3277 0.4800000000022103 0.7399999999993097 0
3278 1.720000000000508 0.4799999999996148 0
3279 0.279999999999616 0.5400000000011611 0
3280 0.4399999999992061 0.2599999999994282 0
3281 1.539999999999963 0.7400000000013987 0
3282 1.740000000000336 0.3399999999998073 0
3283 0.3199999999999512 0.2799999999995508 0
3284 1.260000000002305 0.7600000000013971 0
3285 1.74000000000046 0.4199999999994349 0
3286 1.720000000000444 0.5399999999996968 0
3287 0.8999999999976528 0.2799999999995862 0
3288 1.519999999998646 0.2600000000003647 0
3289 0.2599999999999622 0.7199999999998116 0
3290 1.719999999999505 0.2600000000002614 0
3291 1.679999999999956 0.7400000000010173 0
3292 1.07999999999783 0.2400000000002399 0
3293 1.279999999998252 0.260000000000343 0
3294 0.2599999999994336 0.6000000000012781 0
3295 0.7000000000026485 0.7399999999993951 0
3296 1.439999999998588 0.2600000000003637 0
3297 1.020000000003139 0.7400000000010015 0
3298 0.8799999999976397 0.2599999999995358 0
3299 0.5600000000023559 0.739999999999293 0
3300 1.679999999998972 0.2600000000003124 0
3301 0.7600000000028173 0.739999999999526 0
3302 1.300000000001799 0.7600000000013946 0
3303 0.7599999999977319 0.2599999999994158 0
3304 0.4999999999990196 0.2399999999994492 0
3305 1.180000000003063 0.7400000000014861 0
3306 0.3799999999994609 0.2599999999994793 0
3307 0.5599999999987286 0.2199999999994887 0
3308 0.5999999999984882 0.2199999999994926 0
3309 0.2800000000000964 0.279999999999749 0
3310 0.2399999999993179 0.6600000000007811 0
3311 1.740000000000027 0.2800000000001514 0
3312 0.2600000000002431 0.3200000000003909 0
3313 1.720000000000171 0.7000000000004498 0
3314 0.260000000000205 0.3000000000001714 0
3315 1.720000000000219 0.6800000000002597 0
3316 1.080000000003294 0.7400000000013504 0
3317 1.700000000000111 0.7200000000008536 0
3318 1.659999999999916 0.7400000000011281 0
3319 1.740000000000425 0.3799999999995312 0
3320 1.720000000000298 0.6399999999999055 0
3321 1.059999999997756 0.2400000000002159 0
3322 1.59999999999987 0.7400000000013142 0
3323 0.8200000000029254 0.7599999999997235 0
3324 0.3600000000018234 0.739999999999396 0
3325 0.3200000000015268 0.7399999999994753 0
3326 0.7200000000027397 0.7599999999994483 0
3327 0.2599999999999741 0.4600000000010586 0
3328 1.040000000003174 0.7400000000011401 0
3329 0.8599999999976391 0.2599999999994806 0
3330 0.9799999999976305 0.2599999999999768 0
3331 1.359999999998406 0.2400000000003507 0
3332 0.8199999999976439 0.2599999999994222 0
3333 1.59999999999874 0.2600000000003523 0
3334 0.9000000000030475 0.7600000000000994 0
3335 0.400000000002004 0.7399999999993528 0
3336 0.2600000000001808 0.3800000000008966 0
3337 1.720000000000096 0.7200000000005748 0
3338 1.639999999998803 0.2600000000003377 0
3339 1.720000000000414 0.5599999999997004 0
3340 1.720000000000357 0.5999999999997548 0
3341 0.2600000000002292 0.3400000000005932 0
3342 0.6200000000024747 0.739999999999315 0
3343 1.139999999997974 0.2400000000002837 0
3344 0.4400000000021199 0.7399999999993285 0
3345 1.119999999997944 0.2400000000002712 0
3346 1.199999999998089 0.2600000000003166 0
3347 0.5800000000023924 0.7399999999992972 0
3348 1.159999999997996 0.2400000000002948 0
3349 0.2800000000010938 0.7599999999996115 0
3350 1.479999999998618 0.2400000000003595 0
3351 1.019999999997681 0.2600000000001279 0
3352 0.5200000000022866 0.7399999999992951 0
3353 0.2600000000000965 0.4200000000010157 0
3354 0.6600000000025616 0.7399999999993451 0
3355 1.319999999998302 0.2400000000003455 0
3356 1.559999999998687 0.2600000000003602 0
3357 0.2599999999997987 0.500000000001137 0
3358 1.220000000002767 0.7600000000013977 0
3359 0.9399999999976263 0.2799999999997765 0
3360 0.8600000000029794 0.7599999999998863 0
3361 1.740000000000431 0.5199999999996215 0
3362 1.740000000000477 0.459999999999501 0
3363 0.9400000000030406 0.7400000000003798 0
3364 0.6999999999979906 0.2399999999994593 0
3365 0.6399999999983077 0.2199999999994945 0
3366 1.760000000000282 0.2999999999999031 0
3367 1.000000000003115 0.7400000000008438 0
3368 1.619999999999867 0.7400000000012694 0
3369 0.2599999999995519 0.5600000000012649 0
3370 1.579999999999829 0.7600000000012681 0
3371 1.76000000000039 0.3599999999994734 0
3372 0.2399999999993816 0.6200000000013101 0
3373 1.400000000000802 0.7600000000013787 0
3374 1.440000000000481 0.7600000000013666 0
3375 0.7799999999976918 0.2599999999994133 0
3376 1.200000000002913 0.7600000000013967 0
3377 1.340000000001372 0.7600000000013915 0
3378 1.739999999999792 0.2600000000001932 0
3379 1.50000000000011 0.7600000000013388 0
3380 0.479999999999068 0.2399999999994505 0
3381 1.14000000000326 0.7400000000014734 0
3382 1.460000000000347 0.760000000001358 0
3383 0.3999999999993335 0.2399999999994877 0
3384 0.6599999999981401 0.2399999999994598 0
3385 0.7199999999978391 0.2599999999994227 0
3386 0.3599999999995725 0.2599999999995019 0
3387 0.3399999999997004 0.2599999999995281 0
3388 0.2600000000003252 0.7399999999997368 0
3389 0.5399999999988301 0.2199999999994868 0
3390 1.360000000001172 0.7600000000013882 0
3391 0.2399999999993452 0.6800000000004213 0
3392 1.340000000001194 0.7400000000014816 0
3393 0.6200000000024628 0.719999999999288 0
3394 0.7999999999976606 0.27999999999938 0
3395 1.020000000003088 0.7200000000010622 0
3396 0.899999999997662 0.2999999999995641 0
3397 1.599999999998719 0.2800000000003552 0
3398 1.700000000000486 0.5399999999997344 0
3399 0.2800000000000333 0.4400000000010009 0
3400 0.380000000001952 0.7199999999993469 0
3401 1.700000000000382 0.6200000000000312 0
3402 1.6 0.7200000000013886 0
3403 0.2800000000001692 0.3800000000006817 0
3404 1.679999999999068 0.2800000000003081 0
3405 1.07999999999787 0.2600000000002348 0
3406 0.9600000000030064 0.7200000000005666 0
3407 0.880000000002954 0.7400000000000097 0
3408 0.9999999999976656 0.2800000000000479 0
3409 1.719999999999719 0.280000000000229 0
3410 0.2800000000002132 0.3400000000002423 0
3411 0.2800000000001808 0.2999999999998834 0
3412 1.080000000003217 0.7200000000014281 0
3413 1.720000000000509 0.4599999999995538 0
3414 0.2599999999993439 0.6400000000008943 0
3415 0.7200000000027073 0.739999999999432 0
3416 0.2799999999994922 0.5800000000012102 0
3417 0.8399999999976618 0.2799999999994121 0
3418 0.8799999999976619 0.2799999999995116 0
3419 1.119999999997979 0.2600000000002685 0
3420 0.5800000000023842 0.7199999999992689 0
3421 1.319999999998337 0.2600000000003495 0
3422 1.700000000000313 0.6600000000004221 0
3423 1.640000000000045 0.7200000000012802 0
3424 1.7000000000002 0.7000000000007761 0
3425 1.380000000000851 0.7400000000014743 0
3426 1.44000000000042 0.7400000000014539 0
3427 1.140000000003268 0.7200000000015573 0
3428 0.3999999999993714 0.2599999999994593 0
3429 1.740000000000254 0.3199999999999457 0
3430 0.6399999999982171 0.2399999999994596 0
3431 0.6999999999979005 0.2599999999994252 0
3432 1.100000000003282 0.7200000000014928 0
3433 1.660000000000083 0.7200000000011847 0
3434 0.9800000000030863 0.7400000000006814 0
3435 0.3400000000015878 0.719999999999422 0
3436 1.259999999998211 0.2600000000003386 0
3437 0.8400000000028933 0.739999999999807 0
3438 0.259999999999383 0.6200000000011442 0
3439 0.7400000000027671 0.7399999999994759 0
3440 1.419999999998556 0.2600000000003615 0
3441 0.2799999999995519 0.5600000000011929 0
3442 0.2800000000008334 0.73999999999963 0
3443 0.3000000000012107 0.7399999999995437 0
3444 0.2599999999998921 0.4800000000010945 0
3445 1.339999999998377 0.2600000000003525 0
3446 1.680000000000101 0.7200000000010379 0
3447 1.639999999998796 0.2800000000003393 0
3448 1.159999999998024 0.2600000000002938 0
3449 1.179999999998054 0.2600000000003053 0
3450 0.6600000000025477 0.7199999999993218 0
3451 1.539999999998665 0.2600000000003623 0
3452 0.4600000000021655 0.7399999999993195 0
3453 1.219999999998133 0.2600000000003255 0
3454 1.720000000000385 0.5799999999997208 0
3455 1.299999999998294 0.2600000000003457 0
3456 1.479999999998618 0.2600000000003656 0
3457 1.459999999998605 0.2600000000003645 0
3458 0.8200000000028806 0.7399999999997283 0
3459 0.7000000000026236 0.7199999999993784 0
3460 1.699999999999208 0.2600000000002888 0
3461 0.5000000000022501 0.7399999999993012 0
3462 1.579999999998695 0.2800000000003597 0
3463 0.7800000000028463 0.739999999999587 0
3464 0.4200000000020657 0.7399999999993396 0
3465 0.2800000000000877 0.4200000000009527 0
3466 1.499999999998631 0.2600000000003652 0
3467 1.359999999998416 0.2600000000003552 0
3468 1.379999999998462 0.2600000000003573 0
3469 0.5400000000023211 0.7399999999992931 0
3470 1.039999999997722 0.2600000000001761 0
3471 0.2799999999996991 0.5200000000011259 0
3472 0.9199999999976448 0.2999999999996587 0
3473 0.9599999999976241 0.2799999999998726 0
3474 1.720000000000492 0.4999999999996573 0
3475 1.720000000000469 0.5199999999996824 0
3476 0.9200000000030237 0.7400000000002493 0
3477 1.740000000000445 0.3999999999994586 0
3478 1.740000000000471 0.439999999999459 0
3479 0.5199999999989602 0.2399999999994507 0
3480 0.7399999999977871 0.2599999999994196 0
3481 0.6199999999983855 0.219999999999494 0
3482 0.6799999999980637 0.2399999999994603 0
3483 0.459999999999145 0.259999999999422 0
3484 1.060000000003153 0.7200000000013298 0
3485 1.480000000000224 0.7600000000013483 0
3486 1.160000000003166 0.7400000000014811 0
3487 0.2599999999994118 0.68000000000019 0
3488 0.5799999999986067 0.219999999999491 0
3489 1.320000000001575 0.7600000000013925 0
3490 0.2599999999996412 0.6999999999999661 0
3491 1.420000000000638 0.7600000000013718 0
3492 1.559999999999929 0.7400000000013771 0
3493 1.579999999999903 0.7400000000013475 0
3494 1.280000000002039 0.7600000000013956 0
3495 0.7599999999977105 0.2799999999993823 0
3496 1.500000000000098 0.7400000000014236 0
3497 1.520000000000026 0.7400000000014116 0
3498 1.200000000002947 0.7400000000014871 0
3499 0.4999999999990499 0.259999999999418 0
3500 0.4199999999992866 0.2599999999994421 0
3501 1.740000000000142 0.3000000000000566 0
3502 0.3399999999998166 0.2799999999995084 0
3503 0.3799999999995494 0.2799999999994545 0
3504 0.5599999999987595 0.2399999999994549 0
3505 0.300000000000044 0.2799999999996348 0
3506 1.740000000000385 0.3599999999996625 0
3507 1.240000000002559 0.7600000000013969 0
3508 1.279999999998296 0.2800000000003419 0
3509 1.379999999998474 0.2800000000003586 0
3510 1.14000000000325 0.7000000000016379 0
3511 1.15999999999806 0.280000000000289 0
3512 0.8400000000028565 0.7199999999998179 0
3513 0.8999999999976673 0.3199999999995421 0
3514 0.2999999999996163 0.5400000000011101 0
3515 0.4800000000022185 0.7199999999992821 0
3516 1.500000000000113 0.7200000000015047 0
3517 1.5999999999987 0.3000000000003543 0
3518 0.3000000000000251 0.4400000000008993 0
3519 1.720000000000421 0.3799999999996764 0
3520 1.499999999998628 0.2800000000003678 0
3521 0.2799999999995561 0.6800000000000345 0
3522 1.080000000003132 0.7000000000014988 0
3523 1.700000000000541 0.4799999999996244 0
3524 0.7800000000028147 0.7199999999995843 0
3525 0.4399999999992462 0.2799999999994003 0
3526 1.260000000002311 0.7400000000014874 0
3527 1.640000000000214 0.7000000000013363 0
3528 1.72000000000021 0.3399999999999642 0
3529 0.3399999999999582 0.2999999999994922 0
3530 0.9800000000030306 0.7200000000007312 0
3531 1.700000000000509 0.5199999999997171 0
3532 1.419999999998564 0.2800000000003633 0
3533 1.680000000000218 0.7000000000010298 0
3534 1.319999999998367 0.2800000000003494 0
3535 0.4200000000020899 0.7199999999993123 0
3536 0.5400000000023195 0.7199999999992647 0
3537 1.199999999998147 0.2800000000003133 0
3538 0.7199999999977921 0.27999999999939 0
3539 1.54000000000004 0.7200000000014776 0
3540 1.580000000000011 0.7200000000014251 0
3541 1.480000000000197 0.7400000000014341 0
3542 0.5199999999989947 0.2599999999994193 0
3543 1.180000000003093 0.7200000000015712 0
3544 1.400000000000697 0.7400000000014675 0
3545 0.3999999999994395 0.2799999999994332 0
3546 1.719999999999881 0.3000000000001682 0
3547 0.6599999999980328 0.2599999999994265 0
3548 0.2800000000003823 0.7199999999996886 0
3549 0.3200000000012225 0.7199999999994897 0
3550 1.220000000002803 0.7400000000014877 0
3551 0.2799999999993639 0.6400000000007251 0
3552 0.2799999999994367 0.6000000000011699 0
3553 1.699999999999375 0.2800000000002731 0
3554 0.2800000000002105 0.3200000000000491 0
3555 1.700000000000262 0.6800000000006267 0
3556 1.720000000000485 0.4199999999994978 0
3557 1.7200000000005 0.4399999999995053 0
3558 1.700000000000433 0.5799999999997992 0
3559 1.700000000000408 0.5999999999999096 0
3560 1.059999999997791 0.2600000000002092 0
3561 1.000000000003061 0.7200000000008995 0
3562 0.3600000000018 0.71999999999938 0
3563 1.239999999998233 0.2800000000003317 0
3564 0.7200000000026739 0.7199999999994191 0
3565 0.86000000000292 0.7399999999999026 0
3566 0.299999999999496 0.580000000001144 0
3567 0.2799999999998876 0.4800000000010515 0
3568 0.2799999999997938 0.500000000001088 0
3569 1.040000000003115 0.7200000000012052 0
3570 0.979999999997639 0.2799999999999628 0
3571 0.8599999999976647 0.2799999999994541 0
3572 1.619999999998752 0.2800000000003478 0
3573 0.900000000002994 0.7400000000001273 0
3574 0.8199999999976583 0.2799999999993908 0
3575 0.2800000000001324 0.400000000000836 0
3576 1.659999999998898 0.2800000000003253 0
3577 1.539999999998654 0.2800000000003653 0
3578 1.559999999998673 0.2800000000003626 0
3579 0.6400000000025063 0.7199999999993036 0
3580 0.2800000000001945 0.3600000000004502 0
3581 1.099999999997937 0.2600000000002529 0
3582 1.700000000000459 0.5599999999997511 0
3583 0.6000000000024213 0.7199999999992771 0
3584 1.139999999998004 0.260000000000281 0
3585 1.459999999998609 0.2800000000003667 0
3586 0.6800000000025848 0.7199999999993473 0
3587 0.4000000000020305 0.7199999999993275 0
3588 0.5600000000023514 0.7199999999992657 0
3589 1.339999999998398 0.2800000000003527 0
3590 1.700000000000351 0.6400000000002219 0
3591 0.5000000000022546 0.7199999999992734 0
3592 0.7600000000027778 0.7199999999995216 0
3593 0.440000000002135 0.719999999999302 0
3594 1.019999999997706 0.280000000000116 0
3595 0.9399999999976325 0.2999999999997588 0
3596 0.8200000000028493 0.7199999999997344 0
3597 0.2799999999999663 0.4600000000010204 0
3598 0.9400000000029979 0.7200000000004196 0
3599 0.8799999999976762 0.2999999999994875 0
3600 0.7799999999976823 0.2799999999993799 0
3601 0.5399999999988736 0.2399999999994532 0
3602 0.4799999999990947 0.2599999999994194 0
3603 1.120000000003244 0.7000000000016134 0
3604 1.62000000000002 0.7200000000013389 0
3605 1.300000000001659 0.740000000001485 0
3606 1.360000000001022 0.7400000000014779 0
3607 0.739999999997752 0.2799999999993865 0
3608 1.460000000000306 0.7400000000014444 0
3609 1.160000000003186 0.7200000000015654 0
3610 1.420000000000556 0.7400000000014602 0
3611 0.5999999999984418 0.2399999999994582 0
3612 0.619999999998312 0.2399999999994594 0
3613 0.6799999999979658 0.2599999999994266 0
3614 0.359999999999687 0.2799999999994799 0
3615 0.5799999999985987 0.2399999999994569 0
3616 0.3200000000000585 0.2999999999995603 0
3617 0.3000000000001249 0.2999999999996961 0
3618 1.320000000001406 0.7400000000014831 0
3619 0.2599999999993594 0.66000000000054 0
3620 1.300000000001554 0.7200000000015716 0
3621 0.6200000000024485 0.6999999999992643 0
3622 1.319999999998394 0.3000000000003458 0
3623 0.7599999999977084 0.2999999999993509 0
3624 1.140000000003168 0.6800000000017136 0
3625 0.780000000002768 0.6999999999995847 0
3626 0.9800000000029793 0.7000000000007788 0
3627 0.4800000000022269 0.699999999999257 0
3628 1.680000000000529 0.5399999999997582 0
3629 0.8799999999976849 0.3199999999994625 0
3630 0.3600000000016845 0.6999999999993861 0
3631 1.680000000000458 0.600000000000159 0
3632 1.380000000000752 0.7200000000015598 0
3633 0.3000000000001563 0.3800000000003372 0
3634 0.3400000000000741 0.3199999999994899 0
3635 0.7200000000026394 0.6999999999994081 0
3636 0.9999999999976938 0.3000000000000329 0
3637 1.079999999997923 0.2800000000002261 0
3638 0.4999999999990752 0.2799999999993888 0
3639 1.680000000000404 0.6400000000006303 0
3640 1.679999999999232 0.3000000000002884 0
3641 1.6800000000003 0.6800000000009515 0
3642 1.600000000000174 0.7000000000014592 0
3643 1.700000000000529 0.4399999999995276 0
3644 0.2999999999994443 0.6000000000010943 0
3645 0.2999999999997896 0.5000000000010422 0
3646 0.8199999999976767 0.2999999999993599 0
3647 1.040000000003052 0.7000000000012703 0
3648 0.8599999999976838 0.2999999999994278 0
3649 0.9000000000029504 0.7200000000001551 0
3650 0.8600000000028758 0.7199999999999188 0
3651 0.300000000000189 0.3399999999999026 0
3652 1.55999999999866 0.3000000000003621 0
3653 0.6800000000025647 0.6999999999993297 0
3654 0.4000000000020465 0.6999999999993037 0
3655 0.2999999999999599 0.4600000000009569 0
3656 0.5599999999987667 0.259999999999423 0
3657 0.5999999999983729 0.2599999999994257 0
3658 0.3999999999995479 0.2999999999994085 0
3659 1.699999999999557 0.3000000000002371 0
3660 1.100000000003193 0.7000000000015666 0
3661 1.620000000000195 0.7000000000014056 0
3662 1.700000000000539 0.4599999999995585 0
3663 1.219999999998194 0.2800000000003228 0
3664 0.3200000000007802 0.6999999999995803 0
3665 1.560000000000029 0.7200000000014546 0
3666 0.7400000000027276 0.7199999999994675 0
3667 1.700000000000528 0.499999999999674 0
3668 1.399999999998521 0.2800000000003606 0
3669 1.660000000000219 0.7000000000012028 0
3670 0.299999999999697 0.5200000000010777 0
3671 1.060000000003082 0.7000000000013955 0
3672 1.299999999998331 0.2800000000003451 0
3673 1.639999999998836 0.3000000000003357 0
3674 1.619999999998753 0.3000000000003462 0
3675 1.119999999998015 0.2800000000002619 0
3676 0.9200000000029824 0.7200000000002839 0
3677 1.139999999998036 0.2800000000002754 0
3678 0.3200000000001254 0.3199999999995995 0
3679 1.579999999998677 0.3000000000003585 0
3680 0.3799999999997036 0.2999999999994319 0
3681 0.4600000000021779 0.7199999999992925 0
3682 1.680000000000505 0.5599999999998143 0
3683 0.3000000000001674 0.3199999999997979 0
3684 1.439999999998592 0.2800000000003649 0
3685 1.519999999998639 0.2800000000003665 0
3686 1.359999999998434 0.2800000000003556 0
3687 0.8000000000028339 0.7199999999996571 0
3688 1.259999999998263 0.280000000000337 0
3689 1.1799999999981 0.2800000000003011 0
3690 0.3000000000007776 0.7199999999995879 0
3691 1.180000000003116 0.7000000000016524 0
3692 0.4200000000021051 0.6999999999992886 0
3693 0.6600000000025285 0.699999999999303 0
3694 1.479999999998619 0.2800000000003671 0
3695 0.5200000000022877 0.7199999999992681 0
3696 1.039999999997766 0.2800000000001655 0
3697 0.6000000000024108 0.6999999999992523 0
3698 0.5600000000023476 0.6999999999992399 0
3699 0.919999999997651 0.3199999999996386 0
3700 0.9599999999976335 0.2999999999998558 0
3701 0.2999999999995541 0.560000000001135 0
3702 1.220000000002843 0.7200000000015738 0
3703 0.300000000000078 0.4200000000007674 0
3704 0.9600000000029674 0.700000000000611 0
3705 0.6399999999981116 0.2599999999994266 0
3706 0.699999999997841 0.279999999999393 0
3707 1.02000000000303 0.7000000000011187 0
3708 1.720000000000459 0.3999999999995624 0
3709 0.7999999999976763 0.29999999999935 0
3710 1.340000000001059 0.7200000000015676 0
3711 0.4599999999991797 0.2799999999993936 0
3712 1.200000000002978 0.7200000000015723 0
3713 0.2799999999993908 0.6200000000010106 0
3714 1.280000000001985 0.7400000000014857 0
3715 1.160000000003187 0.7000000000016463 0
3716 1.520000000000074 0.7200000000014916 0
3717 0.7199999999977702 0.2999999999993592 0
3718 1.480000000000187 0.7200000000015162 0
3719 1.440000000000383 0.7200000000015374 0
3720 0.5399999999989015 0.2599999999994214 0
3721 1.400000000000621 0.7200000000015525 0
3722 0.4199999999993417 0.2799999999994151 0
3723 1.720000000000032 0.3200000000000728 0
3724 0.6599999999979453 0.2799999999993949 0
3725 0.3599999999998409 0.2999999999994604 0
3726 0.2799999999999174 0.6999999999998289 0
3727 1.720000000000334 0.3599999999998221 0
3728 1.240000000002591 0.7400000000014872 0
3729 0.279999999999422 0.6600000000003803 0
3730 1.419999999998577 0.3000000000003611 0
3731 1.38000000000068 0.7000000000016414 0
3732 0.6200000000024324 0.679999999999243 0
3733 1.060000000003004 0.680000000001463 0
3734 1.119999999998051 0.300000000000252 0
3735 1.199999999998207 0.3000000000003064 0
3736 0.9800000000029295 0.6800000000008264 0
3737 0.8799999999976896 0.3399999999994383 0
3738 1.500000000000166 0.700000000001582 0
3739 0.3199999999996951 0.5200000000010295 0
3740 1.660000000000572 0.5399999999998086 0
3741 1.579999999998665 0.3200000000003545 0
3742 0.3200000000000157 0.4400000000006343 0
3743 0.4000000000020236 0.6799999999992872 0
3744 0.3199999999995071 0.5800000000010649 0
3745 1.680000000000571 0.4599999999995481 0
3746 1.700000000000368 0.3799999999998145 0
3747 1.60000000000034 0.6800000000015254 0
3748 0.799999999997701 0.3199999999993203 0
3749 1.540000000000167 0.7000000000015528 0
3750 0.7400000000026825 0.6999999999994601 0
3751 0.920000000002947 0.7000000000003167 0
3752 0.4600000000021905 0.6999999999992674 0
3753 1.519999999998637 0.3000000000003656 0
3754 1.359999999998458 0.3000000000003529 0
3755 1.479999999998623 0.3000000000003657 0
3756 1.239999999998285 0.300000000000326 0
3757 1.580000000000171 0.7000000000014978 0
3758 0.6999999999978082 0.2999999999993626 0
3759 0.4399999999993067 0.2999999999993745 0
3760 0.6399999999980173 0.2799999999993953 0
3761 1.700000000000506 0.4199999999995687 0
3762 0.2999999999994297 0.6400000000006533 0
3763 0.2999999999998518 0.6799999999999452 0
3764 1.699999999999766 0.3200000000001714 0
3765 1.680000000000358 0.660000000000813 0
3766 0.3000000000001776 0.3600000000000973 0
3767 1.100000000003083 0.6800000000016398 0
3768 1.680000000000574 0.4799999999995938 0
3769 1.680000000000549 0.5199999999997209 0
3770 1.12000000000313 0.680000000001685 0
3771 1.059999999997846 0.2800000000001996 0
3772 1.680000000000481 0.5799999999999603 0
3773 1.000000000003004 0.7000000000009529 0
3774 1.1599999999981 0.3000000000002804 0
3775 1.640000000000345 0.6800000000013694 0
3776 0.3400000000012655 0.6999999999994843 0
3777 0.7600000000027252 0.6999999999995193 0
3778 0.8800000000029107 0.7200000000000338 0
3779 1.399999999998543 0.3000000000003584 0
3780 1.299999999998367 0.3000000000003412 0
3781 0.9799999999976565 0.2999999999999469 0
3782 0.3199999999996188 0.5400000000010606 0
3783 0.839999999997683 0.2999999999993867 0
3784 0.3400000000001317 0.3399999999995131 0
3785 0.3999999999996874 0.3199999999993864 0
3786 0.3000000000001214 0.4000000000005628 0
3787 0.6400000000024887 0.699999999999282 0
3788 0.9400000000029604 0.7000000000004586 0
3789 1.619999999998787 0.3200000000003406 0
3790 0.4400000000021503 0.6999999999992776 0
3791 0.3200000000001547 0.3399999999996824 0
3792 1.660000000000323 0.6800000000011878 0
3793 1.09999999999798 0.280000000000245 0
3794 1.539999999998647 0.3000000000003638 0
3795 0.7000000000026001 0.6999999999993658 0
3796 1.339999999998423 0.3000000000003492 0
3797 0.8200000000028237 0.6999999999997422 0
3798 0.8000000000028002 0.6999999999996614 0
3799 0.380000000001902 0.6999999999993363 0
3800 0.5800000000023779 0.6999999999992447 0
3801 1.259999999998313 0.3000000000003321 0
3802 1.659999999999007 0.3000000000003155 0
3803 1.680000000000434 0.6200000000004183 0
3804 0.2999999999998807 0.4800000000010018 0
3805 0.5400000000023192 0.69999999999924 0
3806 1.4399999999986 0.300000000000363 0
3807 0.8600000000028493 0.6999999999999358 0
3808 0.5000000000022594 0.6999999999992486 0
3809 1.019999999997757 0.3000000000001018 0
3810 0.8999999999976727 0.3399999999995214 0
3811 0.9399999999976444 0.3199999999997398 0
3812 0.8599999999976965 0.3199999999994026 0
3813 0.6199999999982223 0.2599999999994267 0
3814 0.6799999999978953 0.2799999999993948 0
3815 0.5199999999990159 0.2799999999993898 0
3816 0.7399999999977396 0.2999999999993553 0
3817 0.7799999999976903 0.299999999999349 0
3818 1.040000000002983 0.6800000000013294 0
3819 1.4200000000005 0.7200000000015445 0
3820 0.479999999999127 0.2799999999993907 0
3821 1.320000000001276 0.7200000000015694 0
3822 1.160000000003148 0.6800000000017241 0
3823 1.360000000000902 0.7200000000015636 0
3824 1.46000000000028 0.7200000000015272 0
3825 0.5599999999987603 0.279999999999393 0
3826 1.200000000003013 0.7000000000016544 0
3827 0.4199999999994192 0.2999999999993899 0
3828 1.70000000000001 0.3400000000000802 0
3829 0.3000000000003099 0.6999999999997203 0
3830 1.260000000002329 0.7200000000015737 0
3831 1.240000000002627 0.7200000000015735 0
3832 0.5799999999985677 0.2599999999994247 0
3833 0.3599999999999847 0.3199999999994461 0
3834 0.2999999999994162 0.6200000000009267 0
3835 1.280000000001939 0.7200000000015724 0
3836 1.299999999998406 0.3200000000003336 0
3837 1.300000000001459 0.700000000001654 0
3838 1.399999999998575 0.3200000000003527 0
3839 0.7199999999977683 0.3199999999993304 0
3840 1.140000000003032 0.6600000000017855 0
3841 1.060000000002917 0.660000000001526 0
3842 0.8000000000027633 0.6799999999996671 0
3843 0.7200000000026054 0.6799999999994006 0
3844 0.8799999999976956 0.3599999999994153 0
3845 0.4800000000022351 0.679999999999235 0
3846 0.3399999999996201 0.5400000000010082 0
3847 0.3199999999995961 0.6400000000004892 0
3848 1.660000000000509 0.6000000000005216 0
3849 1.660000000000608 0.4799999999996001 0
3850 0.9999999999977522 0.3200000000000159 0
3851 0.5400000000023194 0.6799999999992172 0
3852 0.4999999999991174 0.2999999999993619 0
3853 0.3200000000001116 0.4000000000001932 0
3854 1.66000000000059 0.519999999999744 0
3855 1.580000000000341 0.6800000000015679 0
3856 1.059999999997913 0.3000000000001886 0
3857 1.000000000002941 0.6800000000010054 0
3858 0.8800000000028798 0.7000000000000567 0
3859 0.8399999999977011 0.3199999999993599 0
3860 1.099999999998025 0.3000000000002345 0
3861 0.9400000000029232 0.6800000000004953 0
3862 1.539999999998645 0.3200000000003596 0
3863 1.33999999999845 0.3200000000003425 0
3864 0.3199999999994814 0.6000000000009651 0
3865 0.6599999999978925 0.2999999999993653 0
3866 0.3600000000000741 0.3399999999994405 0
3867 1.260000000002322 0.7000000000016559 0
3868 0.3200000000003062 0.679999999999816 0
3869 0.3400000000008488 0.6799999999996267 0
3870 0.3800000000017778 0.6799999999993385 0
3871 1.660000000000454 0.6400000000010394 0
3872 1.679999999999735 0.3400000000001802 0
3873 0.3200000000001427 0.3799999999999688 0
3874 1.120000000002998 0.6600000000017567 0
3875 1.039999999997834 0.3000000000001517 0
3876 1.02000000000296 0.6800000000011743 0
3877 1.640000000000436 0.6600000000013706 0
3878 1.179999999998152 0.3000000000002934 0
3879 0.7600000000026742 0.6799999999995177 0
3880 0.9000000000029167 0.7000000000001845 0
3881 1.520000000000169 0.7000000000015678 0
3882 1.62000000000034 0.6800000000014567 0
3883 0.3400000000001393 0.3599999999995848 0
3884 0.8199999999977016 0.3199999999993341 0
3885 1.080000000003036 0.6800000000015624 0
3886 0.3200000000000675 0.4200000000004084 0
3887 1.659999999999185 0.3200000000002943 0
3888 1.639999999998963 0.3200000000003225 0
3889 0.6600000000025013 0.6799999999992854 0
3890 0.6400000000024659 0.6799999999992623 0
3891 0.9600000000029268 0.6800000000006543 0
3892 0.4400000000021659 0.6799999999992553 0
3893 1.599999999998709 0.3200000000003485 0
3894 0.4200000000021123 0.6799999999992682 0
3895 0.7599999999977227 0.3199999999993216 0
3896 0.7799999999977109 0.3199999999993194 0
3897 1.559999999998653 0.3200000000003571 0
3898 1.660000000000397 0.6600000000011196 0
3899 0.6000000000024008 0.6799999999992304 0
3900 1.139999999998069 0.3000000000002661 0
3901 0.3200000000001564 0.3599999999998178 0
3902 1.499999999998631 0.3000000000003656 0
3903 1.219999999998251 0.3000000000003166 0
3904 0.5200000000022899 0.6999999999992433 0
3905 1.419999999998597 0.3200000000003552 0
3906 0.3199999999997879 0.5000000000009802 0
3907 0.3199999999999527 0.4600000000007762 0
3908 0.8400000000028361 0.699999999999833 0
3909 1.379999999998502 0.3000000000003553 0
3910 1.279999999998341 0.3000000000003366 0
3911 1.459999999998614 0.3000000000003642 0
3912 0.5800000000023723 0.6799999999992223 0
3913 0.7000000000025712 0.6799999999993546 0
3914 0.9199999999976638 0.3399999999996176 0
3915 0.9599999999976571 0.3199999999998377 0
3916 1.680000000000565 0.4999999999996627 0
3917 1.660000000000551 0.5599999999999385 0
3918 1.680000000000554 0.4399999999995737 0
3919 1.700000000000198 0.3599999999999555 0
3920 0.8599999999977056 0.339999999999378 0
3921 0.3199999999995595 0.5600000000010732 0
3922 0.4599999999992354 0.2999999999993675 0
3923 0.5399999999989151 0.2799999999993917 0
3924 0.2999999999996078 0.6600000000002852 0
3925 1.400000000000569 0.7000000000016334 0
3926 1.440000000000357 0.7000000000016172 0
3927 1.480000000000204 0.7000000000015945 0
3928 1.560000000000175 0.7000000000015287 0
3929 1.340000000000954 0.7000000000016497 0
3930 1.180000000003101 0.6800000000017296 0
3931 0.6799999999978519 0.2999999999993648 0
3932 1.679999999999474 0.3200000000002379 0
3933 1.220000000002876 0.7000000000016555 0
3934 0.4399999999993788 0.3199999999993509 0
3935 0.4199999999995152 0.3199999999993667 0
3936 1.360000000000811 0.7000000000016458 0
3937 0.5999999999982992 0.2799999999993951 0
3938 0.6199999999981328 0.2799999999993957 0
3939 1.700000000000455 0.3999999999996761 0
3940 0.5799999999985308 0.2799999999993944 0
3941 0.3799999999998521 0.319999999999414 0
3942 1.340000000000877 0.6800000000017281 0
3943 0.6400000000024435 0.659999999999245 0
3944 1.140000000002895 0.6400000000018544 0
3945 1.399999999998605 0.3400000000003429 0
3946 1.099999999998065 0.3200000000002209 0
3947 1.179999999998208 0.3200000000002827 0
3948 0.9800000000028813 0.6600000000008727 0
3949 1.640000000000616 0.5399999999999193 0
3950 1.500000000000278 0.6800000000016556 0
3951 1.539999999998647 0.3400000000003514 0
3952 0.3400000000000064 0.4400000000002238 0
3953 0.4000000000019096 0.6599999999992843 0
3954 0.4399999999994569 0.3399999999993293 0
3955 1.639999999999166 0.3400000000002966 0
3956 0.7999999999977334 0.3399999999992935 0
3957 0.3600000000001053 0.3599999999994656 0
3958 0.3399999999995441 0.5800000000009141 0
3959 0.8800000000028474 0.6800000000000793 0
3960 0.8599999999977128 0.3599999999993529 0
3961 0.5599999999987606 0.2999999999993653 0
3962 1.68000000000044 0.3999999999997919 0
3963 1.640000000000497 0.6400000000013218 0
3964 1.039999999997911 0.3200000000001377 0
3965 1.600000000000471 0.6600000000015838 0
3966 1.080000000002937 0.6600000000016297 0
3967 1.599999999998766 0.3400000000003395 0
3968 1.479999999998634 0.3200000000003602 0
3969 0.6000000000023915 0.6599999999992111 0
3970 1.519999999998642 0.3200000000003602 0
3971 1.439999999998613 0.3200000000003572 0
3972 0.5200000000022929 0.6799999999992203 0
3973 1.219999999998309 0.3200000000003075 0
3974 1.380000000000636 0.680000000001719 0
3975 0.5999999999982467 0.2999999999993666 0
3976 1.659999999999455 0.340000000000244 0
3977 0.3400000000000992 0.3999999999998305 0
3978 1.660000000000485 0.6200000000008198 0
3979 1.660000000000602 0.4999999999996776 0
3980 1.540000000000333 0.6800000000016249 0
3981 1.560000000000343 0.6800000000016 0
3982 1.019999999997833 0.3200000000000845 0
3983 1.660000000000529 0.5800000000001961 0
3984 1.020000000002886 0.6600000000012309 0
3985 1.040000000002901 0.6600000000013871 0
3986 1.13999999999811 0.3200000000002538 0
3987 0.7800000000027179 0.6799999999995889 0
3988 1.620000000000452 0.6600000000014926 0
3989 1.259999999998368 0.3200000000003236 0
3990 1.279999999998388 0.3200000000003284 0
3991 0.979999999997697 0.3199999999999297 0
3992 0.3399999999995706 0.5600000000009889 0
3993 0.3400000000001244 0.3799999999997088 0
3994 0.8199999999977269 0.3399999999993072 0
3995 1.079999999997978 0.3000000000002132 0
3996 1.100000000002966 0.6600000000017046 0
3997 0.960000000002885 0.6600000000006963 0
3998 0.4200000000020677 0.6599999999992525 0
3999 0.7599999999977495 0.3399999999992944 0
4000 0.360000000001351 0.6799999999994554 0
4001 1.319999999998424 0.3200000000003378 0
4002 0.8400000000028145 0.6799999999998464 0
4003 0.7400000000026394 0.6799999999994564 0
4004 0.8200000000027954 0.6799999999997539 0
4005 0.5000000000022649 0.6799999999992263 0
4006 0.6800000000025354 0.6799999999993169 0
4007 0.4600000000022019 0.6799999999992455 0
4008 1.359999999998492 0.3200000000003458 0
4009 1.379999999998537 0.3200000000003488 0
4010 0.3399999999996964 0.5200000000009586 0
4011 1.579999999998692 0.3400000000003456 0
4012 0.5600000000023457 0.6799999999992183 0
4013 0.899999999997686 0.359999999999499 0
4014 0.9399999999976724 0.3399999999997194 0
4015 0.9200000000029064 0.6800000000003505 0
4016 1.660000000000599 0.4599999999995981 0
4017 0.3199999999998758 0.4800000000008875 0
4018 0.6999999999977988 0.3199999999993343 0
4019 0.6399999999979575 0.2999999999993661 0
4020 0.4199999999996198 0.3399999999993459 0
4021 0.3799999999999626 0.339999999999401 0
4022 0.8399999999977174 0.3399999999993361 0
4023 0.3199999999995142 0.6200000000007461 0
4024 0.5199999999990509 0.2999999999993627 0
4025 1.240000000002649 0.7000000000016556 0
4026 0.4599999999993014 0.3199999999993439 0
4027 0.4799999999991783 0.2999999999993644 0
4028 1.420000000000462 0.7000000000016248 0
4029 1.320000000001166 0.7000000000016514 0
4030 0.7399999999977456 0.3199999999993264 0
4031 1.180000000003039 0.660000000001804 0
4032 1.220000000002905 0.6800000000017339 0
4033 1.200000000003018 0.6800000000017318 0
4034 1.160000000003039 0.6600000000017965 0
4035 0.6599999999978662 0.3199999999993376 0
4036 1.460000000000271 0.7000000000016064 0
4037 1.680000000000253 0.3799999999999396 0
4038 1.679999999999993 0.3600000000000681 0
4039 1.680000000000517 0.4199999999996661 0
4040 1.280000000001876 0.7000000000016544 0
4041 0.3199999999999108 0.6600000000001234 0
4042 1.279999999998432 0.3400000000003168 0
4043 1.060000000002825 0.6400000000015845 0
4044 0.7800000000026713 0.6599999999995928 0
4045 1.019999999997915 0.3400000000000676 0
4046 0.8599999999977195 0.3799999999993284 0
4047 0.9800000000028345 0.6400000000009185 0
4048 0.5000000000022709 0.6599999999992061 0
4049 0.3599999999996248 0.5400000000009286 0
4050 1.640000000000641 0.479999999999693 0
4051 1.599999999998944 0.3600000000003174 0
4052 0.4000000000015968 0.6399999999993121 0
4053 0.439999999999577 0.3599999999993101 0
4054 0.3399999999999904 0.6400000000001255 0
4055 1.660000000000524 0.4199999999997713 0
4056 0.3800000000000243 0.3599999999993992 0
4057 1.640000000000631 0.5199999999998258 0
4058 1.640000000000579 0.5800000000004818 0
4059 1.640000000000535 0.6200000000011633 0
4060 1.079999999998029 0.3200000000001991 0
4061 0.7999999999977595 0.3599999999992682 0
4062 1.519999999998649 0.340000000000352 0
4063 0.7199999999977807 0.3399999999993038 0
4064 1.319999999998458 0.3400000000003269 0
4065 0.7400000000025985 0.6599999999994531 0
4066 0.7000000000025369 0.6599999999993456 0
4067 0.6600000000024719 0.6599999999992716 0
4068 0.3399999999995981 0.6000000000006995 0
4069 0.8399999999977297 0.3599999999993105 0
4070 0.6399999999979225 0.3199999999993388 0
4071 1.26000000000231 0.6800000000017341 0
4072 0.4999999999991814 0.3199999999993373 0
4073 1.659999999999771 0.3600000000001603 0
4074 0.3400000000000568 0.4200000000000176 0
4075 1.160000000002904 0.6400000000018671 0
4076 0.97999999999776 0.3399999999999119 0
4077 1.640000000000597 0.5600000000001467 0
4078 1.04000000000282 0.6400000000014445 0
4079 1.159999999998154 0.320000000000268 0
4080 1.600000000000567 0.6400000000016264 0
4081 1.540000000000495 0.6600000000016938 0
4082 1.580000000000484 0.6600000000016311 0
4083 0.8200000000027559 0.6599999999997641 0
4084 1.379999999998573 0.340000000000339 0
4085 0.9000000000028769 0.6800000000002132 0
4086 1.520000000000312 0.6800000000016406 0
4087 0.3600000000000828 0.399999999999592 0
4088 0.9599999999977079 0.3399999999998177 0
4089 0.3599999999996204 0.5800000000006826 0
4090 1.059999999997978 0.320000000000172 0
4091 1.100000000002856 0.6400000000017725 0
4092 1.120000000002878 0.6400000000018222 0
4093 1.620000000000529 0.6400000000014918 0
4094 1.619999999998958 0.3400000000003213 0
4095 0.7399999999977648 0.3399999999992994 0
4096 0.4600000000022053 0.6599999999992258 0
4097 0.6200000000024173 0.6599999999992262 0
4098 1.119999999998087 0.3200000000002378 0
4099 0.3600000000000978 0.3799999999995305 0
4100 1.239999999998343 0.3200000000003161 0
4101 1.49999999999864 0.3200000000003601 0
4102 1.459999999998626 0.3200000000003586 0
4103 1.199999999998263 0.3200000000002955 0
4104 0.440000000002146 0.6599999999992373 0
4105 1.33999999999849 0.3400000000003313 0
4106 0.8600000000028269 0.6799999999999561 0
4107 0.3600000000009664 0.6599999999995676 0
4108 0.3800000000014914 0.6599999999993914 0
4109 1.559999999998659 0.3400000000003487 0
4110 1.41999999999862 0.3400000000003456 0
4111 0.5600000000023438 0.6599999999991985 0
4112 0.5800000000023675 0.6599999999992032 0
4113 0.5200000000022957 0.6599999999992007 0
4114 0.8799999999977093 0.3799999999993942 0
4115 0.9199999999976932 0.3599999999995952 0
4116 0.940000000002877 0.6600000000005346 0
4117 0.3399999999998722 0.4800000000006678 0
4118 0.3399999999999447 0.4600000000004307 0
4119 0.3399999999997849 0.5000000000008328 0
4120 0.6199999999980755 0.2999999999993669 0
4121 1.000000000002881 0.6600000000010555 0
4122 0.6799999999978327 0.3199999999993369 0
4123 0.7799999999977408 0.3399999999992924 0
4124 1.460000000000288 0.6800000000016824 0
4125 0.5399999999989398 0.2999999999993643 0
4126 1.480000000000276 0.6800000000016686 0
4127 0.459999999999372 0.339999999999322 0
4128 1.360000000000753 0.6800000000017238 0
4129 1.400000000000531 0.6800000000017105 0
4130 1.20000000000299 0.6600000000018065 0
4131 1.44000000000035 0.6800000000016928 0
4132 1.240000000002673 0.6800000000017339 0
4133 0.4799999999992413 0.3199999999993402 0
4134 1.300000000001377 0.6800000000017321 0
4135 1.320000000001088 0.68000000000173 0
4136 1.660000000000389 0.3999999999999118 0
4137 1.660000000000572 0.4399999999996645 0
4138 0.3999999999997989 0.3399999999993708 0
4139 0.5799999999985079 0.2999999999993664 0
4140 0.3400000000003974 0.6599999999998527 0
4141 1.30000000000142 0.6600000000018069 0
4142 1.380000000000605 0.6600000000017929 0
4143 0.6400000000024244 0.6399999999992313 0
4144 1.140000000002775 0.6200000000019195 0
4145 1.319999999998507 0.3600000000003121 0
4146 1.399999999998635 0.3600000000003291 0
4147 1.099999999998106 0.3400000000002037 0
4148 1.060000000002745 0.6200000000016425 0
4149 1.179999999998276 0.340000000000268 0
4150 0.8599999999977328 0.3999999999993049 0
4151 0.5000000000022741 0.6399999999991889 0
4152 1.62000000000066 0.5400000000001313 0
4153 1.539999999998656 0.3600000000003393 0
4154 0.359999999999867 0.4800000000003194 0
4155 0.6599999999978589 0.3399999999993122 0
4156 1.440000000000372 0.6600000000017655 0
4157 1.640000000000577 0.4399999999997656 0
4158 0.3600000000005574 0.6399999999997587 0
4159 0.9000000000028312 0.6600000000002417 0
4160 1.580000000000595 0.6400000000016896 0
4161 0.9599999999977763 0.3599999999997966 0
4162 0.759999999997782 0.3599999999992691 0
4163 1.619999999999245 0.3600000000002854 0
4164 1.000000000002826 0.6400000000011057 0
4165 1.219999999998369 0.340000000000294 0
4166 1.259999999998421 0.3400000000003109 0
4167 1.459999999998644 0.3400000000003499 0
4168 1.499999999998651 0.3400000000003516 0
4169 1.579999999998779 0.3600000000003291 0
4170 0.6000000000023835 0.6399999999991952 0
4171 0.5999999999982299 0.3199999999993401 0
4172 0.4599999999994855 0.3599999999993019 0
4173 0.3999999999998898 0.3599999999993584 0
4174 0.5599999999987911 0.3199999999993398 0
4175 0.3599999999998091 0.600000000000345 0
4176 1.260000000002382 0.6600000000018088 0
4177 0.3800000000011083 0.6399999999994869 0
4178 1.640000000000559 0.6000000000008678 0
4179 0.3599999999999968 0.4399999999998355 0
4180 1.500000000000441 0.660000000001726 0
4181 1.640000000000639 0.4999999999997545 0
4182 1.180000000002904 0.640000000001874 0
4183 1.520000000000476 0.6600000000017103 0
4184 0.9999999999978373 0.3399999999999954 0
4185 1.620000000000645 0.5600000000004425 0
4186 1.13999999999818 0.3400000000002378 0
4187 1.359999999998532 0.340000000000335 0
4188 0.8000000000027152 0.6599999999996758 0
4189 0.920000000002856 0.6600000000003847 0
4190 0.9399999999977263 0.3599999999996967 0
4191 1.059999999998037 0.3400000000001553 0
4192 0.3600000000000445 0.4199999999997128 0
4193 1.039999999997982 0.3400000000001177 0
4194 1.600000000000624 0.6200000000016109 0
4195 0.7799999999977708 0.3599999999992666 0
4196 0.6800000000025032 0.6599999999993056 0
4197 1.120000000002769 0.6200000000018876 0
4198 1.639999999999541 0.3600000000002301 0
4199 0.3800000000000553 0.3999999999994494 0
4200 1.020000000002823 0.6400000000012825 0
4201 0.7199999999978038 0.3599999999992792 0
4202 1.299999999998444 0.3400000000003214 0
4203 0.8399999999977381 0.3799999999992855 0
4204 0.7600000000026309 0.6599999999995197 0
4205 0.3800000000000458 0.3799999999994249 0
4206 1.439999999998633 0.3400000000003476 0
4207 0.8600000000027943 0.6599999999999747 0
4208 0.8400000000027769 0.6599999999998631 0
4209 0.4800000000022404 0.6599999999992159 0
4210 0.5400000000023197 0.6599999999991987 0
4211 0.580000000002363 0.6399999999991866 0
4212 0.7200000000025688 0.6599999999993963 0
4213 0.3599999999995943 0.5600000000008664 0
4214 0.4200000000018292 0.6399999999992581 0
4215 0.4400000000020116 0.6399999999992284 0
4216 0.8999999999977158 0.3799999999994765 0
4217 1.620000000000577 0.6200000000014002 0
4218 0.3599999999996967 0.5200000000008235 0
4219 0.9600000000028351 0.6400000000007382 0
4220 1.640000000000465 0.4199999999998845 0
4221 0.3399999999997761 0.6200000000004087 0
4222 0.5199999999991103 0.3199999999993378 0
4223 0.8199999999977442 0.3599999999992838 0
4224 1.340000000000854 0.6600000000018026 0
4225 0.6999999999978042 0.3399999999993081 0
4226 1.420000000000437 0.680000000001701 0
4227 1.080000000002838 0.6400000000016894 0
4228 1.560000000000492 0.6600000000016666 0
4229 1.460000000000372 0.6600000000017535 0
4230 1.220000000002898 0.660000000001808 0
4231 0.6199999999980429 0.31999999999934 0
4232 0.4999999999992567 0.3399999999993148 0
4233 0.4799999999993133 0.339999999999318 0
4234 1.660000000000121 0.3800000000000432 0
4235 1.640000000000621 0.4599999999997041 0
4236 0.419999999999735 0.3599999999993302 0
4237 1.280000000001845 0.6800000000017324 0
4238 1.440000000000475 0.6400000000018347 0
4239 0.7600000000025861 0.6399999999995217 0
4240 0.6000000000023762 0.6199999999991819 0
4241 1.140000000002669 0.6000000000019821 0
4242 1.039999999998045 0.3600000000000982 0
4243 0.9800000000027819 0.6200000000009629 0
4244 0.860000000002743 0.6399999999999951 0
4245 0.3799999999996491 0.5400000000007803 0
4246 1.600000000000706 0.5400000000004839 0
4247 1.500000000000604 0.640000000001793 0
4248 1.620000000000643 0.459999999999803 0
4249 1.580000000000663 0.6200000000017141 0
4250 0.4200000000013484 0.6199999999993232 0
4251 0.8399999999977452 0.3999999999992607 0
4252 0.7599999999978074 0.3799999999992454 0
4253 0.4399999999997491 0.3799999999992944 0
4254 0.379999999999739 0.5800000000004103 0
4255 1.59999999999927 0.3800000000002643 0
4256 1.620000000000628 0.5800000000008404 0
4257 1.080000000002747 0.6200000000017514 0
4258 0.920000000002803 0.6400000000004178 0
4259 0.9399999999977975 0.3799999999996733 0
4260 0.4800000000022348 0.6399999999991985 0
4261 1.439999999998658 0.3600000000003352 0
4262 0.6999999999978207 0.3599999999992839 0
4263 0.7200000000025291 0.6399999999993915 0
4264 0.8200000000026968 0.6399999999997765 0
4265 1.400000000000509 0.6600000000017838 0
4266 0.5199999999991907 0.339999999999315 0
4267 1.640000000000249 0.4000000000000193 0
4268 0.4000000000000072 0.3999999999993609 0
4269 0.3800000000005751 0.6199999999996807 0
4270 1.600000000000655 0.6000000000014674 0
4271 0.3599999999999373 0.4600000000000471 0
4272 1.180000000002757 0.6200000000019418 0
4273 0.9999999999979234 0.3599999999999755 0
4274 0.9799999999978499 0.3599999999998892 0
4275 1.159999999998229 0.3400000000002527 0
4276 1.100000000002757 0.6200000000018313 0
4277 1.359999999998579 0.3600000000003211 0
4278 1.339999999998542 0.3600000000003165 0
4279 1.540000000000628 0.6400000000017584 0
4280 0.8000000000026612 0.6399999999996846 0
4281 0.9400000000028224 0.640000000000573 0
4282 1.480000000000405 0.6600000000017394 0
4283 1.560000000000611 0.6400000000017266 0
4284 0.3799999999999856 0.4399999999995798 0
4285 1.2399999999984 0.340000000000303 0
4286 0.9199999999977485 0.3799999999995718 0
4287 0.700000000002501 0.6399999999993395 0
4288 0.6600000000024473 0.6399999999992599 0
4289 1.620000000000671 0.4799999999997999 0
4290 1.620000000000671 0.5199999999999815 0
4291 1.020000000002766 0.620000000001336 0
4292 1.040000000002757 0.6200000000014981 0
4293 1.47999999999865 0.3400000000003507 0
4294 1.279999999998474 0.360000000000301 0
4295 0.4199999999998603 0.3799999999993185 0
4296 0.4600000000021441 0.6399999999992114 0
4297 1.419999999998648 0.3600000000003321 0
4298 1.079999999998073 0.3400000000001811 0
4299 1.199999999998327 0.3400000000002815 0
4300 0.3800000000000253 0.4199999999995138 0
4301 1.299999999998488 0.3600000000003062 0
4302 1.559999999998693 0.3600000000003353 0
4303 1.379999999998611 0.3600000000003248 0
4304 0.5600000000023415 0.6399999999991824 0
4305 1.620000000000606 0.600000000001164 0
4306 0.8800000000028084 0.6600000000001058 0
4307 0.620000000002404 0.6399999999992114 0
4308 1.119999999998143 0.3400000000002213 0
4309 0.3999999999999576 0.3799999999993622 0
4310 1.499999999998662 0.3600000000003397 0
4311 1.519999999998657 0.3600000000003396 0
4312 0.520000000002298 0.6399999999991839 0
4313 0.8799999999977396 0.3999999999993715 0
4314 0.3599999999997822 0.5000000000005946 0
4315 1.620000000000539 0.4399999999998679 0
4316 0.7999999999977744 0.3799999999992445 0
4317 0.7399999999977928 0.3599999999992745 0
4318 0.6399999999979137 0.3399999999993139 0
4319 0.5399999999989865 0.3199999999993391 0
4320 1.240000000002707 0.6600000000018084 0
4321 1.320000000001094 0.6600000000018047 0
4322 0.6799999999978309 0.339999999999311 0
4323 0.8199999999977555 0.3799999999992596 0
4324 1.16000000000277 0.6200000000019328 0
4325 0.4799999999994295 0.3599999999992974 0
4326 1.36000000000072 0.660000000001798 0
4327 1.220000000002845 0.6400000000018792 0
4328 1.200000000002881 0.640000000001877 0
4329 0.5999999999982257 0.339999999999316 0
4330 1.420000000000438 0.6600000000017741 0
4331 1.639999999999911 0.3800000000001361 0
4332 0.5799999999985156 0.3199999999993405 0
4333 0.3600000000001507 0.6200000000000354 0
4334 1.280000000001926 0.6600000000018075 0
4335 1.300000000001631 0.6400000000018781 0
4336 1.279999999998515 0.3800000000002819 0
4337 1.379999999998649 0.3800000000003075 0
4338 1.119999999998224 0.3600000000002023 0
4339 1.060000000002688 0.6000000000016961 0
4340 0.7200000000024895 0.6199999999993897 0
4341 0.8399999999977578 0.4199999999992361 0
4342 0.8200000000026383 0.6199999999997898 0
4343 0.5000000000022674 0.6199999999991745 0
4344 1.499999999998673 0.3800000000003241 0
4345 1.6000000000007 0.4799999999998935 0
4346 1.580000000000701 0.6000000000016618 0
4347 1.199999999998396 0.3600000000002643 0
4348 1.380000000000613 0.640000000001863 0
4349 1.480000000000564 0.6400000000018075 0
4350 1.600000000000714 0.5200000000002244 0
4351 0.9799999999979374 0.3799999999998675 0
4352 0.9400000000027677 0.6200000000006088 0
4353 0.9199999999978207 0.3999999999995473 0
4354 0.7199999999978336 0.3799999999992564 0
4355 1.419999999998678 0.3800000000003155 0
4356 0.8800000000027606 0.6400000000001301 0
4357 1.559999999998795 0.3800000000003145 0
4358 0.659999999997864 0.3599999999992888 0
4359 1.319999999998565 0.3800000000002936 0
4360 0.3799999999997802 0.5000000000003078 0
4361 0.3799999999999302 0.4599999999997383 0
4362 1.420000000000498 0.6400000000018441 0
4363 1.619999999999993 0.4000000000001034 0
4364 1.460000000000519 0.6400000000018217 0
4365 1.200000000002742 0.6200000000019451 0
4366 0.9599999999978679 0.3799999999997727 0
4367 1.15999999999832 0.3600000000002344 0
4368 1.100000000002671 0.6000000000018934 0
4369 1.120000000002674 0.6000000000019469 0
4370 1.339999999998595 0.3800000000002986 0
4371 1.540000000000722 0.6200000000018152 0
4372 0.9600000000027772 0.6200000000007796 0
4373 1.219999999998428 0.3600000000002764 0
4374 1.259999999998466 0.3600000000002945 0
4375 0.8999999999977718 0.3999999999994536 0
4376 1.019999999997988 0.3600000000000442 0
4377 0.7399999999978204 0.379999999999251 0
4378 1.160000000002652 0.6000000000019968 0
4379 1.459999999998665 0.3600000000003369 0
4380 1.56000000000069 0.620000000001769 0
4381 1.040000000002708 0.600000000001551 0
4382 0.4000000000000005 0.419999999999385 0
4383 1.079999999998122 0.3600000000001616 0
4384 0.4600000000020061 0.6199999999992053 0
4385 0.4400000000016805 0.6199999999992555 0
4386 1.059999999998085 0.3600000000001333 0
4387 0.9000000000027811 0.640000000000272 0
4388 0.6800000000024735 0.6399999999992962 0
4389 0.7800000000026235 0.6399999999995999 0
4390 0.4000000000009519 0.619999999999479 0
4391 1.579999999999005 0.3800000000002924 0
4392 0.6400000000024092 0.6199999999992206 0
4393 0.6799999999978417 0.3599999999992872 0
4394 0.6200000000023931 0.6199999999991992 0
4395 0.5400000000023197 0.639999999999182 0
4396 0.7400000000025556 0.6399999999994539 0
4397 1.479999999998665 0.360000000000338 0
4398 0.3799999999996586 0.5600000000006755 0
4399 1.539999999998713 0.3800000000003213 0
4400 0.580000000002358 0.6199999999991732 0
4401 1.600000000000675 0.5800000000011808 0
4402 1.600000000000692 0.5600000000008458 0
4403 0.8400000000027203 0.6399999999998797 0
4404 0.859999999997764 0.4199999999992829 0
4405 1.620000000000675 0.4999999999998747 0
4406 1.600000000000631 0.4599999999998903 0
4407 0.3799999999997045 0.520000000000606 0
4408 0.7799999999977903 0.3799999999992431 0
4409 0.4599999999996714 0.3799999999992849 0
4410 0.6199999999980307 0.3399999999993154 0
4411 1.000000000002776 0.620000000001153 0
4412 1.340000000000922 0.6400000000018732 0
4413 0.8199999999977631 0.3999999999992351 0
4414 1.619999999999609 0.3800000000002032 0
4415 1.520000000000619 0.6400000000017757 0
4416 0.4999999999993826 0.3599999999992948 0
4417 1.260000000002503 0.64000000000188 0
4418 1.240000000002713 0.6400000000018794 0
4419 0.559999999998837 0.3399999999993163 0
4420 0.5399999999990556 0.3399999999993161 0
4421 1.620000000000306 0.4199999999999768 0
4422 0.439999999999886 0.3999999999992824 0
4423 0.4199999999999366 0.3999999999993148 0
4424 0.5799999999985284 0.3399999999993166 0
4425 0.3800000000000699 0.6000000000000291 0
4426 1.440000000000653 0.6200000000018998 0
4427 1.319999999998611 0.4000000000002717 0
4428 0.6400000000023965 0.5999999999992124 0
4429 1.140000000002575 0.5800000000020411 0
4430 1.06000000000265 0.5800000000017491 0
4431 0.7199999999978567 0.3999999999992352 0
4432 1.199999999998462 0.3800000000002433 0
4433 1.039999999998098 0.3800000000000749 0
4434 0.9800000000027212 0.6000000000010062 0
4435 0.8399999999977937 0.4399999999992136 0
4436 0.3999999999997441 0.5200000000003384 0
4437 1.580000000000703 0.47999999999999 0
4438 1.559999999999074 0.400000000000274 0
4439 0.4400000000013026 0.5999999999993346 0
4440 1.580000000000751 0.5400000000009045 0
4441 1.259999999998504 0.3800000000002749 0
4442 0.5999999999982171 0.3599999999992939 0
4443 0.3999999999999769 0.5800000000000988 0
4444 1.580000000000723 0.5800000000015046 0
4445 0.9599999999979564 0.3999999999997483 0
4446 0.8999999999978447 0.4199999999994281 0
4447 1.500000000000739 0.6200000000018558 0
4448 0.6599999999978788 0.3799999999992673 0
4449 0.9000000000027303 0.620000000000301 0
4450 0.7800000000025794 0.6199999999996069 0
4451 0.7400000000025138 0.6199999999994544 0
4452 0.6000000000023695 0.5999999999991726 0
4453 0.7599999999978212 0.3999999999992235 0
4454 0.4599999999998338 0.3999999999992707 0
4455 0.5599999999988921 0.3599999999992951 0
4456 0.3799999999998611 0.4799999999999872 0
4457 1.46000000000069 0.6200000000018865 0
4458 1.220000000002715 0.6200000000019467 0
4459 1.60000000000071 0.500000000000032 0
4460 0.9399999999978902 0.3999999999996485 0
4461 1.139999999998278 0.3600000000002184 0
4462 1.120000000002593 0.5800000000020064 0
4463 0.8600000000026777 0.6200000000000164 0
4464 0.8400000000026573 0.6199999999998969 0
4465 0.9600000000027201 0.6000000000008192 0
4466 0.8799999999977961 0.4199999999993485 0
4467 1.52000000000073 0.6200000000018366 0
4468 1.180000000002624 0.6000000000020049 0
4469 0.6800000000024461 0.6199999999992886 0
4470 1.439999999998682 0.3800000000003182 0
4471 1.56000000000074 0.6000000000017776 0
4472 1.399999999998667 0.3800000000003113 0
4473 0.3999999999999697 0.4399999999994334 0
4474 0.4199999999999671 0.4199999999993166 0
4475 1.23999999999845 0.360000000000286 0
4476 0.700000000002468 0.619999999999336 0
4477 1.059999999998139 0.3800000000001102 0
4478 1.179999999998359 0.3600000000002492 0
4479 0.9200000000027524 0.6200000000004521 0
4480 0.8000000000026131 0.6199999999996959 0
4481 1.599999999999685 0.4000000000001709 0
4482 1.600000000000446 0.4399999999999594 0
4483 0.8199999999977717 0.4199999999992114 0
4484 1.479999999998679 0.3800000000003223 0
4485 0.5600000000023385 0.6199999999991689 0
4486 0.6600000000024269 0.619999999999252 0
4487 0.499999999999576 0.3799999999992766 0
4488 1.099999999998172 0.3600000000001831 0
4489 0.4800000000021755 0.6199999999991871 0
4490 1.299999999998536 0.3800000000002872 0
4491 1.359999999998623 0.3800000000003029 0
4492 1.519999999998679 0.3800000000003235 0
4493 0.5400000000023191 0.6199999999991678 0
4494 0.5200000000022972 0.6199999999991699 0
4495 0.3999999999997658 0.540000000000486 0
4496 0.9999999999979985 0.3799999999999518 0
4497 0.6999999999978472 0.3799999999992616 0
4498 1.02000000000272 0.6000000000013835 0
4499 0.4799999999996233 0.3799999999992803 0
4500 1.320000000001246 0.6400000000018756 0
4501 0.639999999997913 0.359999999999291 0
4502 1.080000000002678 0.6000000000018058 0
4503 0.7999999999977822 0.3999999999992231 0
4504 1.360000000000746 0.6400000000018683 0
4505 0.5199999999993135 0.3599999999992947 0
4506 1.260000000002541 0.6200000000019474 0
4507 1.400000000000551 0.6400000000018538 0
4508 1.280000000002101 0.6400000000018786 0
4509 0.4000000000003908 0.5999999999997525 0
4510 1.340000000001151 0.6200000000019401 0
4511 1.440000000000824 0.6000000000019613 0
4512 1.140000000002505 0.5600000000020975 0
4513 1.379999999998685 0.4000000000002863 0
4514 0.7400000000024777 0.5999999999994569 0
4515 0.5200000000022965 0.5999999999991579 0
4516 1.119999999998332 0.3800000000001794 0
4517 1.039999999998158 0.4000000000000501 0
4518 0.9800000000026691 0.580000000001048 0
4519 0.860000000002615 0.6000000000000368 0
4520 1.479999999998699 0.4000000000003029 0
4521 0.4199999999999541 0.4399999999993373 0
4522 1.500000000000832 0.6000000000019128 0
4523 0.8199999999977943 0.4399999999991893 0
4524 0.4200000000000375 0.540000000000074 0
4525 1.560000000000769 0.5800000000017151 0
4526 1.380000000000721 0.6200000000019293 0
4527 1.580000000000755 0.5200000000005194 0
4528 0.9399999999979805 0.4199999999996228 0
4529 0.8799999999978727 0.4399999999993232 0
4530 0.6999999999978722 0.3999999999992411 0
4531 1.239999999998493 0.3800000000002661 0
4532 1.419999999998705 0.400000000000295 0
4533 1.080000000002628 0.5800000000018627 0
4534 0.7000000000024373 0.5999999999993331 0
4535 0.6600000000024089 0.5999999999992451 0
4536 0.920000000002706 0.6000000000004847 0
4537 0.6399999999979199 0.3799999999992699 0
4538 0.8200000000025894 0.5999999999998051 0
4539 1.420000000000651 0.6200000000019096 0
4540 0.5199999999995027 0.3799999999992764 0
4541 0.420000000000439 0.5799999999997693 0
4542 1.580000000000739 0.5600000000012315 0
4543 0.3999999999997954 0.5000000000000024 0
4544 1.200000000002593 0.6000000000020091 0
4545 1.580000000000743 0.5000000000001955 0
4546 0.9199999999979145 0.4199999999995226 0
4547 1.27999999999856 0.4000000000002588 0
4548 1.299999999998583 0.4000000000002649 0
4549 1.159999999998416 0.3800000000002125 0
4550 1.179999999998439 0.3800000000002278 0
4551 0.8599999999978254 0.4399999999992607 0
4552 1.019999999998052 0.3800000000000203 0
4553 0.7600000000025453 0.6199999999995275 0
4554 1.219999999998478 0.3800000000002552 0
4555 1.540000000000775 0.6000000000018437 0
4556 0.4399999999999366 0.4199999999992798 0
4557 1.100000000002612 0.5800000000019463 0
4558 0.8000000000025692 0.5999999999997074 0
4559 1.579999999999396 0.4000000000002279 0
4560 0.9400000000027177 0.6000000000006468 0
4561 1.459999999998683 0.3800000000003201 0
4562 0.5600000000023346 0.5999999999991577 0
4563 0.5800000000023523 0.5999999999991633 0
4564 0.4800000000021116 0.5999999999991806 0
4565 0.7999999999977886 0.4199999999992009 0
4566 0.4600000000017895 0.5999999999992356 0
4567 0.6200000000023842 0.5999999999991901 0
4568 1.519999999998743 0.4000000000003014 0
4569 1.53999999999888 0.4000000000002912 0
4570 1.339999999998638 0.4000000000002768 0
4571 0.9799999999980109 0.3999999999998415 0
4572 1.079999999998195 0.3800000000001375 0
4573 0.880000000002704 0.6200000000001561 0
4574 1.580000000000549 0.4599999999999724 0
4575 0.3999999999998607 0.4799999999997276 0
4576 0.399999999999921 0.4599999999995519 0
4577 0.3999999999998799 0.5600000000003555 0
4578 0.6799999999978631 0.3799999999992653 0
4579 0.539999999999154 0.3599999999992954 0
4580 1.040000000002671 0.5800000000016001 0
4581 1.240000000002644 0.6200000000019469 0
4582 1.480000000000716 0.6200000000018707 0
4583 0.7399999999978383 0.3999999999992294 0
4584 0.6199999999980232 0.359999999999293 0
4585 1.000000000002722 0.6000000000011991 0
4586 1.180000000002508 0.5800000000020655 0
4587 1.160000000002547 0.5800000000020556 0
4588 1.300000000001931 0.6200000000019454 0
4589 0.7799999999978011 0.3999999999992213 0
4590 0.420000000000837 0.5999999999995325 0
4591 1.600000000000108 0.420000000000063 0
4592 0.4799999999998015 0.3999999999992647 0
4593 0.579999999998539 0.359999999999295 0
4594 1.280000000002275 0.6200000000019462 0
4595 1.260000000002475 0.6000000000020111 0
4596 1.319999999998655 0.4200000000002461 0
4597 0.640000000002387 0.5799999999992074 0
4598 0.5800000000023453 0.5799999999991547 0
4599 1.19999999999852 0.4000000000002186 0
4600 0.7199999999978677 0.4199999999992159 0
4601 1.080000000002597 0.5600000000019165 0
4602 0.839999999997897 0.4599999999991976 0
4603 0.8200000000025187 0.5799999999998149 0
4604 0.4399999999999382 0.4399999999992862 0
4605 1.560000000000773 0.5000000000002776 0
4606 0.7999999999978031 0.4399999999991794 0
4607 1.200000000002465 0.5800000000020694 0
4608 0.4600000000016198 0.5799999999992758 0
4609 1.519999999998966 0.4200000000002622 0
4610 1.420000000000826 0.6000000000019716 0
4611 0.9199999999980315 0.4399999999995048 0
4612 0.8800000000026443 0.6000000000001799 0
4613 1.000000000002672 0.580000000001244 0
4614 1.01999999999811 0.3999999999999966 0
4615 0.4199999999998315 0.4999999999997362 0
4616 1.480000000000834 0.6000000000019304 0
4617 0.7600000000025079 0.599999999999533 0
4618 0.6599999999979047 0.399999999999248 0
4619 1.540000000000813 0.5800000000018259 0
4620 1.459999999998702 0.4000000000003006 0
4621 0.9400000000026707 0.5800000000006804 0
4622 0.5599999999989953 0.379999999999276 0
4623 1.580000000000241 0.4400000000000472 0
4624 0.4400000000010555 0.5799999999994818 0
4625 1.560000000000797 0.540000000001168 0
4626 0.4199999999998982 0.5199999999999401 0
4627 1.560000000000666 0.4800000000000617 0
4628 0.8999999999979513 0.4399999999994079 0
4629 1.099999999998267 0.3800000000001598 0
4630 1.299999999998635 0.4200000000002393 0
4631 1.160000000002466 0.560000000002113 0
4632 0.9000000000026788 0.6000000000003307 0
4633 1.159999999998502 0.4000000000001878 0
4634 1.020000000002676 0.5800000000014292 0
4635 0.9999999999980601 0.3999999999999252 0
4636 0.8599999999979373 0.4599999999992418 0
4637 1.460000000000827 0.6000000000019466 0
4638 0.7800000000025399 0.599999999999617 0
4639 0.6799999999978876 0.3999999999992453 0
4640 1.219999999998528 0.4000000000002313 0
4641 1.259999999998547 0.4000000000002514 0
4642 1.560000000000787 0.5600000000014889 0
4643 1.399999999998698 0.4000000000002905 0
4644 1.359999999998663 0.4000000000002813 0
4645 0.4199999999998673 0.4799999999995362 0
4646 0.4199999999999136 0.4599999999994189 0
4647 0.4599999999999088 0.4199999999992625 0
4648 0.7200000000024563 0.5999999999993917 0
4649 0.6800000000024227 0.5999999999992859 0
4650 1.220000000002564 0.6000000000020104 0
4651 1.439999999998704 0.4000000000002978 0
4652 0.9600000000026735 0.5800000000008581 0
4653 0.5000000000022405 0.5999999999991656 0
4654 1.139999999998381 0.3800000000001958 0
4655 1.059999999998217 0.4000000000000843 0
4656 0.9599999999980326 0.4199999999997213 0
4657 1.499999999998721 0.4000000000003017 0
4658 1.559999999999501 0.4200000000002029 0
4659 0.5400000000023166 0.5999999999991569 0
4660 0.6200000000023765 0.5799999999991834 0
4661 0.5999999999982288 0.3799999999992741 0
4662 0.6199999999980341 0.3799999999992726 0
4663 0.8400000000026002 0.599999999999914 0
4664 0.7599999999978265 0.4199999999992028 0
4665 1.12000000000254 0.5600000000020612 0
4666 1.520000000000803 0.6000000000018808 0
4667 1.320000000001549 0.6200000000019427 0
4668 1.060000000002622 0.5600000000017963 0
4669 1.400000000000679 0.6200000000019198 0
4670 0.7799999999978071 0.4199999999992 0
4671 0.5399999999993168 0.3799999999992766 0
4672 1.360000000000896 0.620000000001935 0
4673 1.579999999999827 0.4200000000001389 0
4674 0.4999999999997669 0.3999999999992612 0
4675 0.4200000000002839 0.55999999999996 0
4676 1.300000000002155 0.600000000002009 0
4677 1.440000000000949 0.5800000000020169 0
4678 1.299999999998695 0.4400000000002119 0
4679 1.37999999999872 0.4200000000002617 0
4680 1.43999999999873 0.4200000000002755 0
4681 0.7400000000024467 0.5799999999994599 0
4682 0.6400000000023768 0.5599999999992046 0
4683 1.140000000002464 0.5400000000021489 0
4684 1.080000000002538 0.5400000000019625 0
4685 1.000000000002627 0.5600000000012859 0
4686 0.4599999999999218 0.43999999999926 0
4687 1.019999999998176 0.419999999999975 0
4688 1.199999999998627 0.4200000000002186 0
4689 0.8800000000025282 0.5800000000001896 0
4690 0.8399999999982289 0.4799999999992178 0
4691 1.540000000000769 0.5000000000003044 0
4692 1.500000000000886 0.5800000000019361 0
4693 0.4400000000001025 0.5199999999995889 0
4694 1.380000000000912 0.6000000000019918 0
4695 1.220000000002433 0.5800000000020707 0
4696 0.8999999999981344 0.4599999999994079 0
4697 1.09999999999838 0.400000000000135 0
4698 1.139999999998485 0.4000000000001723 0
4699 0.7000000000024109 0.5799999999993329 0
4700 0.840000000002504 0.5799999999999205 0
4701 0.9600000000026218 0.5600000000008921 0
4702 0.6600000000023948 0.5799999999992418 0
4703 0.5000000000021859 0.5799999999991592 0
4704 0.4400000000008242 0.5599999999995842 0
4705 1.560000000000388 0.4600000000000425 0
4706 1.56000000000079 0.5200000000006879 0
4707 1.400000000000852 0.6000000000019818 0
4708 1.240000000002526 0.6000000000020104 0
4709 0.8799999999980216 0.4599999999993137 0
4710 1.079999999998298 0.4000000000001113 0
4711 1.18000000000242 0.5600000000021214 0
4712 0.7800000000024996 0.5799999999996255 0
4713 1.460000000000929 0.5800000000019956 0
4714 0.8000000000025134 0.5799999999997183 0
4715 1.540000000000833 0.5600000000016386 0
4716 0.4399999999998724 0.4799999999993898 0
4717 1.100000000002568 0.5600000000019989 0
4718 0.4399999999999066 0.4599999999993313 0
4719 1.520000000000849 0.5800000000018714 0
4720 0.6000000000023619 0.5799999999991666 0
4721 1.479999999998753 0.4200000000002788 0
4722 1.499999999998848 0.4200000000002725 0
4723 1.239999999998537 0.400000000000242 0
4724 0.4800000000019845 0.5799999999991948 0
4725 1.039999999998247 0.4200000000000347 0
4726 1.179999999998513 0.4000000000002045 0
4727 0.9399999999981128 0.4399999999996147 0
4728 0.540000000002296 0.5799999999991482 0
4729 0.5600000000023224 0.5799999999991501 0
4730 1.539999999999218 0.420000000000235 0
4731 1.33999999999868 0.4200000000002514 0
4732 1.399999999998728 0.4200000000002665 0
4733 1.259999999998611 0.4200000000002252 0
4734 1.279999999998625 0.420000000000232 0
4735 0.9799999999980792 0.4199999999998144 0
4736 0.9200000000026443 0.5800000000005142 0
4737 0.7999999999979215 0.4599999999991713 0
4738 0.8199999999979308 0.4599999999991832 0
4739 0.7399999999978459 0.4199999999992093 0
4740 0.6399999999979487 0.3999999999992511 0
4741 0.5999999999983131 0.3999999999992562 0
4742 0.5599999999991743 0.399999999999259 0
4743 1.040000000002633 0.5600000000016475 0
4744 0.4999999999998715 0.4199999999992479 0
4745 0.4799999999998806 0.4199999999992539 0
4746 1.280000000002334 0.6000000000020098 0
4747 0.6999999999978863 0.4199999999992225 0
4748 0.6599999999979288 0.4199999999992306 0
4749 0.7599999999978319 0.4399999999991836 0
4750 0.7799999999978234 0.4399999999991807 0
4751 1.340000000001444 0.600000000002003 0
4752 1.559999999999963 0.4400000000001116 0
4753 0.5199999999996834 0.3999999999992606 0
4754 0.5799999999986034 0.3799999999992756 0
4755 1.320000000001817 0.6000000000020062 0
4756 0.5800000000023291 0.5599999999991497 0
4757 1.30000000000219 0.5800000000020679 0
4758 1.440000000001009 0.5600000000020475 0
4759 1.379999999998756 0.4400000000002449 0
4760 1.019999999998345 0.4400000000000024 0
4761 0.8799999999983358 0.4799999999993449 0
4762 0.800000000002363 0.5599999999997118 0
4763 1.479999999998916 0.4400000000002724 0
4764 0.480000000001705 0.55999999999921 0
4765 1.540000000000823 0.5200000000007425 0
4766 1.380000000001077 0.5800000000020502 0
4767 1.079999999998458 0.4200000000001202 0
4768 0.6399999999979861 0.4199999999992342 0
4769 1.239999999998609 0.4200000000002204 0
4770 0.6600000000023741 0.5599999999992394 0
4771 1.100000000002523 0.5400000000020513 0
4772 1.420000000000965 0.5800000000020273 0
4773 0.7199999999978767 0.4399999999991985 0
4774 0.5199999999997986 0.4199999999992466 0
4775 1.540000000000838 0.5400000000012434 0
4776 1.539999999999692 0.4400000000001607 0
4777 1.540000000000572 0.4800000000001289 0
4778 1.260000000002376 0.5800000000020707 0
4779 0.8599999999982552 0.4799999999992666 0
4780 1.059999999998353 0.4200000000000874 0
4781 1.279999999998696 0.4400000000002091 0
4782 0.9000000000025806 0.5800000000003488 0
4783 1.200000000002368 0.5600000000021247 0
4784 1.119999999998445 0.4000000000001552 0
4785 1.020000000002631 0.5600000000014743 0
4786 0.9999999999981336 0.4199999999999023 0
4787 0.8199999999983563 0.4799999999992195 0
4788 1.359999999998702 0.4200000000002568 0
4789 0.4799999999999038 0.4399999999992463 0
4790 0.8400000000021681 0.5599999999998764 0
4791 0.4399999999999168 0.4999999999994993 0
4792 1.159999999998639 0.4200000000002002 0
4793 1.179999999998651 0.4200000000002209 0
4794 1.500000000000917 0.5600000000018323 0
4795 0.4599999999998797 0.4799999999993 0
4796 0.760000000002473 0.5799999999995388 0
4797 0.720000000002426 0.5799999999993923 0
4798 1.41999999999873 0.4200000000002712 0
4799 0.8600000000024779 0.5800000000000405 0
4800 1.219999999998624 0.4200000000002233 0
4801 0.980000000002626 0.560000000001087 0
4802 0.4600000000013004 0.5599999999993424 0
4803 1.120000000002501 0.540000000002111 0
4804 0.680000000002402 0.5799999999992843 0
4805 1.459999999998744 0.420000000000279 0
4806 0.5600000000022789 0.5599999999991453 0
4807 1.319999999998707 0.4400000000002213 0
4808 0.9199999999983288 0.4599999999995474 0
4809 1.499999999999143 0.440000000000251 0
4810 0.5200000000022422 0.579999999999152 0
4811 0.6200000000023664 0.5599999999991802 0
4812 0.9599999999981814 0.4399999999997201 0
4813 1.520000000000873 0.5600000000017027 0
4814 0.9400000000025833 0.560000000000706 0
4815 0.6799999999979047 0.4199999999992275 0
4816 0.6199999999980796 0.3999999999992542 0
4817 1.060000000002532 0.5400000000018319 0
4818 1.180000000002358 0.5400000000021703 0
4819 0.7799999999979484 0.4599999999991738 0
4820 1.160000000002417 0.5400000000021626 0
4821 1.360000000001115 0.6000000000019974 0
4822 1.480000000000906 0.5800000000019583 0
4823 0.4599999999998992 0.459999999999279 0
4824 1.240000000002407 0.5800000000020705 0
4825 0.7399999999978522 0.4399999999991909 0
4826 0.4400000000004578 0.5399999999996405 0
4827 0.5399999999994886 0.3999999999992603 0
4828 0.5799999999987404 0.399999999999258 0
4829 1.340000000001598 0.5800000000020616 0
4830 1.279999999998823 0.4600000000002419 0
4831 0.719999999997994 0.4599999999991867 0
4832 0.6600000000022408 0.5399999999992365 0
4833 0.580000000002251 0.5399999999991485 0
4834 0.5999999999984462 0.4199999999992403 0
4835 1.120000000002401 0.5200000000021252 0
4836 1.18000000000223 0.5200000000021623 0
4837 1.260000000002242 0.5600000000021028 0
4838 1.080000000002292 0.5200000000019538 0
4839 1.02000000000252 0.5400000000014953 0
4840 0.9800000000025132 0.5400000000010992 0
4841 0.7600000000023661 0.5599999999995307 0
4842 0.659999999998013 0.4399999999992158 0
4843 1.159999999999089 0.4400000000004096 0
4844 1.199999999998983 0.4400000000003698 0
4845 1.059999999998638 0.4400000000002241 0
4846 0.9000000000023121 0.560000000000324 0
4847 0.8199999999993042 0.499999999999344 0
4848 0.8599999999989097 0.499999999999367 0
4849 1.520000000000836 0.5200000000008453 0
4850 1.479999999999279 0.4600000000003771 0
4851 1.220000000002314 0.5600000000021219 0
4852 0.9999999999983016 0.4399999999999154 0
4853 1.359999999998744 0.4400000000002426 0
4854 1.420000000001027 0.5600000000020566 0
4855 1.419999999998775 0.4400000000002614 0
4856 0.8600000000020676 0.5599999999999794 0
4857 0.7200000000023196 0.5599999999993831 0
4858 0.6800000000023457 0.5599999999992819 0
4859 1.480000000000948 0.5600000000019179 0
4860 0.4600000000008203 0.5399999999993785 0
4861 0.4599999999999758 0.4999999999993425 0
4862 1.500000000000908 0.5400000000015316 0
4863 1.280000000002302 0.5800000000020674 0
4864 1.03999999999848 0.4400000000001262 0
4865 1.239999999998756 0.440000000000245 0
4866 1.25999999999872 0.4400000000002274 0
4867 0.9200000000024616 0.5600000000005139 0
4868 1.09999999999856 0.4200000000001539 0
4869 1.139999999998658 0.4200000000001999 0
4870 1.040000000002513 0.5400000000016686 0
4871 0.979999999998256 0.439999999999824 0
4872 1.339999999998726 0.4400000000002347 0
4873 0.7999999999984768 0.4799999999992258 0
4874 0.4999999999998851 0.4399999999992389 0
4875 0.8200000000022488 0.5599999999997882 0
4876 0.6199999999981585 0.4199999999992377 0
4877 1.399999999998766 0.4400000000002518 0
4878 0.4799999999998875 0.4799999999992535 0
4879 0.7800000000023593 0.5599999999996185 0
4880 0.600000000002346 0.5599999999991627 0
4881 1.52000000000087 0.5400000000013379 0
4882 1.460000000000974 0.5600000000019941 0
4883 1.439999999998796 0.44000000000028 0
4884 1.459999999998854 0.4400000000002933 0
4885 1.29999999999882 0.4600000000002358 0
4886 1.140000000002366 0.520000000002153 0
4887 0.8999999999986409 0.479999999999506 0
4888 0.5000000000018697 0.5599999999991707 0
4889 0.6400000000022662 0.5399999999992042 0
4890 1.519999999999436 0.4400000000002094 0
4891 0.5400000000021716 0.5599999999991465 0
4892 0.9399999999985386 0.4599999999997019 0
4893 1.520000000000682 0.5000000000004667 0
4894 0.9600000000024487 0.5400000000008888 0
4895 0.7599999999979531 0.459999999999176 0
4896 0.4799999999998921 0.4599999999992502 0
4897 1.320000000001915 0.5800000000020644 0
4898 1.400000000000997 0.5800000000020382 0
4899 0.699999999997922 0.4399999999992065 0
4900 1.200000000002257 0.5400000000021596 0
4901 1.540000000000188 0.4600000000001132 0
4902 0.559999999999341 0.4199999999992442 0
4903 0.5399999999996187 0.4199999999992459 0
4904 1.360000000001275 0.5800000000020559 0
4905 1.340000000001594 0.5600000000020859 0
4906 1.339999999998825 0.460000000000291 0
4907 1.440000000000927 0.5400000000019747 0
4908 0.599999999998729 0.4399999999992246 0
4909 0.5599999999995167 0.4399999999992305 0
4910 1.200000000002012 0.5200000000021079 0
4911 1.279999999999229 0.4800000000004839 0
4912 1.379999999998844 0.4600000000003071 0
4913 1.419999999998921 0.4600000000003422 0
4914 1.040000000002107 0.5200000000015952 0
4915 0.9799999999987629 0.4599999999999546 0
4916 0.6600000000016794 0.519999999999229 0
4917 1.140000000001989 0.5000000000019826 0
4918 1.019999999998886 0.4600000000002059 0
4919 0.980000000002047 0.5200000000009847 0
4920 0.9200000000020369 0.5400000000004449 0
4921 0.7999999999995409 0.4999999999993519 0
4922 0.6999999999981237 0.4599999999991964 0
4923 0.4800000000000331 0.4999999999992616 0
4924 0.8600000000011798 0.5399999999998092 0
4925 0.8200000000016334 0.5399999999996964 0
4926 0.8000000000018057 0.5399999999996414 0
4927 0.5199999999998409 0.4399999999992354 0
4928 1.139999999999121 0.4400000000004125 0
4929 0.6000000000022797 0.5399999999991607 0
4930 1.480000000000927 0.5400000000017507 0
4931 1.520000000000363 0.4800000000002729 0
4932 1.500000000000798 0.5200000000011429 0
4933 1.499999999999611 0.4600000000003048 0
4934 1.300000000002097 0.5600000000020886 0
4935 0.8399999999991108 0.4999999999993498 0
4936 1.039999999999046 0.4600000000004131 0
4937 1.239999999999073 0.4600000000004409 0
4938 0.9400000000022694 0.5400000000006665 0
4939 1.079999999998865 0.4400000000003247 0
4940 1.240000000002264 0.5600000000021101 0
4941 0.9599999999987221 0.4599999999998517 0
4942 1.060000000002134 0.5200000000017749 0
4943 1.319999999998832 0.4600000000002658 0
4944 1.380000000001149 0.5600000000020753 0
4945 1.400000000001056 0.5600000000020581 0
4946 0.6200000000022698 0.5399999999991795 0
4947 0.6800000000020847 0.5399999999992739 0
4948 0.7800000000018681 0.5399999999995638 0
4949 0.7400000000023224 0.5599999999994479 0
4950 0.4999999999999274 0.4799999999992299 0
4951 1.459999999999124 0.4600000000004374 0
4952 1.219999999998899 0.4400000000003313 0
4953 0.8800000000020974 0.5600000000001264 0
4954 0.700000000002301 0.5599999999993286 0
4955 1.000000000002484 0.5400000000012884 0
4956 0.4999999999998934 0.4599999999992349 0
4957 1.119999999998642 0.4200000000001914 0
4958 0.8799999999991299 0.4999999999995058 0
4959 1.259999999998936 0.4600000000003514 0
4960 0.4800000000010721 0.5399999999992476 0
4961 1.179999999999112 0.4400000000004389 0
4962 0.560000000002114 0.5399999999991469 0
4963 0.9199999999990592 0.4799999999997216 0
4964 0.5200000000020024 0.5599999999991551 0
4965 0.7399999999979773 0.4599999999991811 0
4966 0.6399999999981451 0.4399999999992192 0
4967 0.6799999999979819 0.4399999999992126 0
4968 1.160000000002289 0.5200000000021496 0
4969 0.7599999999984794 0.4799999999992034 0
4970 0.7799999999985606 0.4799999999992234 0
4971 1.100000000002351 0.5200000000020475 0
4972 1.220000000002097 0.5400000000021246 0
4973 1.280000000002177 0.5600000000020847 0
4974 0.4600000000003102 0.5199999999993848 0
4975 1.519999999999916 0.4600000000002153 0
4976 0.5799999999989059 0.4199999999992426 0
4977 1.319999999999203 0.4800000000004919 0
4978 1.380000000000966 0.5400000000019481 0
4979 0.6200000000018879 0.5199999999991797 0
4980 0.5800000000019444 0.5199999999991552 0
4981 1.179999999999962 0.4600000000009067 0
4982 1.100000000001876 0.5000000000018842 0
4983 1.220000000001661 0.5200000000020004 0
4984 1.260000000001864 0.5400000000020064 0
4985 1.48000000000075 0.5200000000014733 0
4986 0.7400000000018607 0.5399999999994045 0
4987 0.7199999999985333 0.4799999999991958 0
4988 0.6599999999984182 0.4599999999992067 0
4989 0.5000000000001553 0.4999999999992236 0
4990 1.180000000001797 0.5000000000019531 0
4991 1.060000000001345 0.5000000000015563 0
4992 1.459999999999623 0.4800000000007922 0
4993 1.019999999999949 0.4800000000006291 0
4994 0.9599999999997001 0.4800000000001292 0
4995 0.9400000000016308 0.5200000000005233 0
4996 1.219999999999418 0.4600000000006392 0
4997 0.680000000001372 0.5199999999992539 0
4998 1.119999999999107 0.4400000000004001 0
4999 0.7000000000019073 0.5399999999993101 0
5000 0.8800000000012808 0.5399999999999651 0
5001 1.000000000002046 0.5200000000011753 0
5002 1.420000000000887 0.5400000000019415 0
5003 1.500000000000506 0.5000000000007752 0
5004 0.8400000000002357 0.5199999999995377 0
5005 0.8600000000000628 0.519999999999593 0
5006 0.8200000000005659 0.5199999999995343 0
5007 0.8000000000007514 0.5199999999995034 0
5008 0.9600000000018454 0.520000000000745 0
5009 1.059999999999331 0.460000000000637 0
5010 1.240000000001918 0.540000000002051 0
5011 0.9399999999994796 0.4799999999999528 0
5012 1.299999999999266 0.4800000000004893 0
5013 0.7799999999996335 0.4999999999993262 0
5014 0.5399999999997304 0.4399999999992331 0
5015 0.8400000000013224 0.5399999999997335 0
5016 1.099999999999051 0.4400000000003925 0
5017 1.399999999998878 0.4600000000003163 0
5018 0.6400000000017235 0.5199999999992024 0
5019 0.7600000000018307 0.5399999999994758 0
5020 1.439999999999045 0.4600000000004318 0
5021 0.5200000000000605 0.4799999999992154 0
5022 0.9000000000016032 0.540000000000185 0
5023 0.8999999999995862 0.4999999999997271 0
5024 1.259999999999388 0.4800000000006711 0
5025 1.140000000000057 0.4600000000009228 0
5026 1.020000000002028 0.520000000001366 0
5027 1.359999999998847 0.4600000000003315 0
5028 1.460000000000913 0.5400000000018914 0
5029 0.5000000000012801 0.5399999999991925 0
5030 0.5400000000018528 0.5399999999991533 0
5031 0.9999999999989092 0.4600000000001063 0
5032 0.619999999998416 0.4399999999992219 0
5033 1.160000000001876 0.5000000000019525 0
5034 0.5199999999999164 0.4599999999992263 0
5035 0.7399999999985446 0.4799999999992013 0
5036 1.120000000001916 0.5000000000019095 0
5037 1.36000000000131 0.560000000002067 0
5038 1.300000000001747 0.540000000001941 0
5039 0.6799999999983215 0.4599999999992042 0
5040 0.4800000000004771 0.5199999999992708 0
5041 1.500000000000074 0.4800000000004959 0
5042 1.320000000001853 0.5600000000020712 0
5043 0.5799999999991755 0.4399999999992275 0
5044 1.359999999999155 0.4800000000006126 0
5045 1.399999999999173 0.4800000000005454 0
5046 0.5999999999993806 0.4599999999992076 0
5047 1.260000000000197 0.5000000000011847 0
5048 1.300000000000059 0.5000000000009651 0
5049 1.440000000000589 0.5200000000016863 0
5050 0.9999999999999439 0.4800000000004641 0
5051 0.7599999999996451 0.4999999999992891 0
5052 0.7000000000010218 0.5199999999992732 0
5053 0.6999999999988076 0.4799999999992044 0
5054 0.6599999999993563 0.4799999999992071 0
5055 0.5200000000004339 0.4999999999992011 0
5056 0.9200000000011415 0.52000000000024 0
5057 1.040000000001155 0.5000000000012894 0
5058 1.140000000001102 0.4800000000015006 0
5059 1.18000000000095 0.4800000000014748 0
5060 1.480000000000339 0.5000000000010836 0
5061 1.12000000000104 0.4800000000014494 0
5062 1.099999999999899 0.4600000000008621 0
5063 1.260000000001123 0.5200000000016798 0
5064 1.479999999999822 0.4800000000006856 0
5065 1.040000000000062 0.48000000000087 0
5066 1.020000000001131 0.5000000000010641 0
5067 1.000000000001082 0.5000000000008565 0
5068 0.980000000000996 0.5000000000006597 0
5069 0.9600000000008426 0.5000000000004634 0
5070 0.9200000000001041 0.4999999999999868 0
5071 0.9000000000006201 0.5199999999999676 0
5072 0.8800000000002295 0.5199999999997453 0
5073 0.7800000000008516 0.5199999999994517 0
5074 0.7600000000008375 0.5199999999993851 0
5075 0.9799999999998218 0.4800000000002904 0
5076 1.199999999999755 0.4600000000008138 0
5077 0.7199999999996349 0.4999999999992378 0
5078 1.080000000001585 0.5000000000017292 0
5079 0.540000000000277 0.4799999999992039 0
5080 1.079999999999687 0.4600000000008094 0
5081 0.6800000000002329 0.4999999999992271 0
5082 1.340000000001344 0.540000000001956 0
5083 1.360000000001082 0.5400000000019297 0
5084 0.6600000000005272 0.4999999999992155 0
5085 1.419999999999314 0.4800000000006512 0
5086 0.7200000000017842 0.5399999999993483 0
5087 1.220000000000184 0.4800000000011591 0
5088 1.220000000000978 0.5000000000016557 0
5089 1.239999999999733 0.4800000000009181 0
5090 0.6400000000007203 0.4999999999991998 0
5091 1.339999999999219 0.4800000000006002 0
5092 0.5599999999998759 0.4599999999992149 0
5093 1.160000000000048 0.4600000000009396 0
5094 0.6000000000019209 0.5199999999991648 0
5095 1.439999999999499 0.4800000000007822 0
5096 1.120000000000021 0.4600000000009014 0
5097 0.5200000000015302 0.5399999999991685 0
5098 0.560000000001708 0.5199999999991578 0
5099 1.200000000001413 0.5000000000017973 0
5100 1.280000000001754 0.5400000000019216 0
5101 1.400000000000867 0.5400000000019087 0
5102 0.6399999999986717 0.4599999999992075 0
5103 1.240000000001293 0.520000000001815 0
5104 1.460000000000652 0.5200000000016263 0
5105 0.5399999999999411 0.4599999999992196 0
5106 0.5000000000006816 0.5199999999992151 0
5107 1.320000000001532 0.5400000000019177 0
5108 1.340000000000683 0.5200000000015708 0
5109 1.380000000000416 0.5200000000015524 0
5110 1.420000000000443 0.5200000000015745 0
5111 0.6000000000012302 0.4999999999991744 0
5112 0.5600000000004484 0.4799999999991953 0
5113 0.74000000000079 0.5199999999993301 0
5114 1.32000000000001 0.5000000000010151 0
5115 0.5400000000008124 0.4999999999991851 0
5116 1.100000000000918 0.4800000000014182 0
5117 1.300000000000971 0.5200000000015172 0
5118 1.339999999999902 0.5000000000010811 0
5119 1.080000000000623 0.4800000000013053 0
5120 1.440000000000046 0.5000000000012215 0
5121 1.399999999999753 0.5000000000010184 0
5122 1.060000000000309 0.4800000000011039 0
5123 0.9400000000005376 0.500000000000238 0
5124 1.280000000000985 0.5200000000015268 0
5125 1.280000000000098 0.5000000000010228 0
5126 1.379999999999197 0.4800000000006141 0
5127 0.7200000000008101 0.5199999999992966 0
5128 0.6200000000009425 0.4999999999991856 0
5129 0.6399999999995943 0.4799999999992013 0
5130 0.6199999999990542 0.4599999999992071 0
5131 1.160000000001033 0.4800000000014902 0
5132 0.6799999999991276 0.4799999999992096 0
5133 1.460000000000188 0.5000000000012107 0
5134 0.739999999999599 0.4999999999992602 0
5135 0.580000000001243 0.4999999999991723 0
5136 0.5200000000010019 0.5199999999991859 0
5137 0.5400000000013656 0.519999999999169 0
5138 0.5799999999997218 0.4599999999992107 0
5139 1.240000000000523 0.5000000000014059 0
5140 1.200000000000609 0.4800000000013286 0
5141 0.6999999999998904 0.4999999999992346 0
5142 1.359999999999819 0.5000000000011007 0
5143 1.419999999999881 0.5000000000011104 0
5144 1.379999999999785 0.5000000000010651 0
5145 1.320000000000835 0.5200000000015219 0
5146 1.400000000000394 0.5200000000015332 0
5147 0.6199999999999668 0.4799999999991949 0
5148 0.6000000000002786 0.4799999999991917 0
5149 0.5600000000010759 0.4999999999991768 0
5150 0.5800000000004212 0.4799999999991925 0
5151 1.360000000000524 0.5200000000015611 0
$EndNodes
$Elements
5300
1 1 2 1 1 1 5
2 1 2 1 1 5 6
3 1 2 1 1 6 7
4 1 2 1 1 7 8
5 1 2 1 1 8 9
6 1 2 1 1 9 10
7 1 2 1 1 10 11
8 1 2 1 1 11 12
9 1 2 1 1 12 13
10 1 2 1 1 13 14
11 1 2 1 1 14 15
12 1 2 1 1 15 16
13 1 2 1 1 16 17
14 1 2 1 1 17 18
15 1 2 1 1 18 19
16 1 2 1 1 19 20
17 1 2 1 1 20 21
18 1 2 1 1 21 22
19 1 2 1 1 22 23
20 1 2 1 1 23 24
21 1 2 1 1 24 25
22 1 2 1 1 25 26
23 1 2 1 1 26 27
24 1 2 1 1 27 28
25 1 2 1 1 28 29
26 1 2 1 1 29 30
27 1 2 1 1 30 31
28 1 2 1 1 31 32
29 1 2 1 1 32 33
30 1 2 1 1 33 34
31 1 2 1 1 34 35
32 1 2 1 1 35 36
33 1 2 1 1 36 37
34 1 2 1 1 37 38
35 1 2 1 1 38 39
36 1 2 1 1 39 40
37 1 2 1 1 40 41
38 1 2 1 1 41 42
39 1 2 1 1 42 43
40 1 2 1 1 43 44
41 1 2 1 1 44 45
42 1 2 1 1 45 46
43 1 2 1 1 46 47
44 1 2 1 1 47 48
45 1 2 1 1 48 49
46 1 2 1 1 49 50
47 1 2 1 1 50 51
48 1 2 1 1 51 52
49 1 2 1 1 52 53
50 1 2 1 1 53 54
51 1 2 1 1 54 55
52 1 2 1 1 55 56
53 1 2 1 1 56 57
54 1 2 1 1 57 58
55 1 2 1 1 58 59
56 1 2 1 1 59 60
57 1 2 1 1 60 61
58 1 2 1 1 61 62
59 1 2 1 1 62 63
60 1 2 1 1 63 64
61 1 2 1 1 64 65
62 1 2 1 1 65 66
63 1 2 1 1 66 67
64 1 2 1 1 67 68
65 1 2 1 1 68 69
66 1 2 1 1 69 70
67 1 2 1 1 70 71
68 1 2 1 1 71 72
69 1 2 1 1 72 73
70 1 2 1 1 73 74
71 1 2 1 1 74 75
72 1 2 1 1 75 76
73 1 2 1 1 76 77
74 1 2 1 1 77 78
75 1 2 1 1 78 79
76 1 2 1 1 79 80
77 1 2 1 1 80 81
78 1 2 1 1 81 82
79 1 2 1 1 82 83
80 1 2 1 1 83 84
81 1 2 1 1 84 85
82 1 2 1 1 85 86
83 1 2 1 1 86 87
84 1 2 1 1 87 88
85 1 2 1 1 88 89
86 1 2 1 1 89 90
87 1 2 1 1 90 91
88 1 2 1 1 91 92
89 1 2 1 1 92 93
90 1 2 1 1 93 94
91 1 2 1 1 94 95
92 1 2 1 1 95 96
93 1 2 1 1 96 97
94 1 2 1 1 97 98
95 1 2 1 1 98 99
96 1 2 1 1 99 100
97 1 2 1 1 100 101
98 1 2 1 1 101 102
99 1 2 1 1 102 103
100 1 2 1 1 103 2
101 1 2 2 2 2 104
102 1 2 2 2 104 105
103 1 2 2 2 105 106
104 1 2 2 2 106 107
105 1 2 2 2 107 108
106 1 2 2 2 108 109
107 1 2 2 2 109 110
108 1 2 2 2 110 111
109 1 2 2 2 111 112
110 1 2 2 2 112 113
111 1 2 2 2 113 114
112 1 2 2 2 114 115
113 1 2 2 2 115 116
114 1 2 2 2 116 117
115 1 2 2 2 117 118
116 1 2 2 2 118 119
117 1 2 2 2 119 120
118 1 2 2 2 120 121
119 1 2 2 2 121 122
120 1 2 2 2 122 123
121 1 2 2 2 123 124
122 1 2 2 2 124 125
123 1 2 2 2 125 126
124 1 2 2 2 126 127
125 1 2 2 2 127 128
126 1 2 2 2 128 129
127 1 2 2 2 129 130
128 1 2 2 2 130 131
129 1 2 2 2 131 132
130 1 2 2 2 132 133
131 1 2 2 2 133 134
132 1 2 2 2 134 135
133 1 2 2 2 135 136
134 1 2 2 2 136 137
135 1 2 2 2 137 138
136 1 2 2 2 138 139
137 1 2 2 2 139 140
138 1 2 2 2 140 141
139 1 2 2 2 141 142
140 1 2 2 2 142 143
141 1 2 2 2 143 144
142 1 2 2 2 144 145
143 1 2 2 2 145 146
144 1 2 2 2 146 147
145 1 2 2 2 147 148
146 1 2 2 2 148 149
147 1 2 2 2 149 150
148 1 2 2 2 150 151
149 1 2 2 2 151 152
150 1 2 2 2 152 3
151 1 2 3 3 3 153
152 1 2 3 3 153 154
153 1 2 3 3 154 155
154 1 2 3 3 155 156
155 1 2 3 3 156 157
156 1 2 3 3 157 158
157 1 2 3 3 158 159
158 1 2 3 3 159 160
159 1 2 3 3 160 161
160 1 2 3 3 161 162
161 1 2 3 3 162 163
162 1 2 3 3 163 164
163 1 2 3 3 164 165
164 1 2 3 3 165 166
165 1 2 3 3 166 167
166 1 2 3 3 167 168
167 1 2 3 3 168 169
168 1 2 3 3 169 170
169 1 2 3 3 170 171
170 1 2 3 3 171 172
171 1 2 3 3 172 173
172 1 2 3 3 173 174
173 1 2 3 3 174 175
174 1 2 3 3 175 176
175 1 2 3 3 176 177
176 1 2 3 3 177 178
177 1 2 3 3 178 179
178 1 2 3 3 179 180
179 1 2 3 3 180 181
180 1 2 3 3 181 182
181 1 2 3 3 182 183
182 1 2 3 3 183 184
183 1 2 3 3 184 185
184 1 2 3 3 185 186
185 1 2 3 3 186 187
186 1 2 3 3 187 188
187 1 2 3 3 188 189
188 1 2 3 3 189 190
189 1 2 3 3 190 191
190 1 2 3 3 191 192
191 1 2 3 3 192 193
192 1 2 3 3 193 194
193 1 2 3 3 194 195
194 1 2 3 3 195 196
195 1 2 3 3 196 197
196 1 2 3 3 197 198
197 1 2 3 3 198 199
198 1 2 3 3 199 200
199 1 2 3 3 200 201
200 1 2 3 3 201 202
201 1 2 3 3 202 203
202 1 2 3 3 203 204
203 1 2 3 3 204 205
204 1 2 3 3 205 206
205 1 2 3 3 206 207
206 1 2 3 3 207 208
207 1 2 3 3 208 209
208 1 2 3 3 209 210
209 1 2 3 3 210 211
210 1 2 3 3 211 212
211 1 2 3 3 212 213
212 1 2 3 3 213 214
213 1 2 3 3 214 215
214 1 2 3 3 215 216
215 1 2 3 3 216 217
216 1 2 3 3 217 218
217 1 2 3 3 218 219
218 1 2 3 3 219 220
219 1 2 3 3 220 221
220 1 2 3 3 221 222
221 1 2 3 3 222 223
222 1 2 3 3 223 224
223 1 2 3 3 224 225
224 1 2 3 3 225 226
225 1 2 3 3 226 227
226 1 2 3 3 227 228
227 1 2 3 3 228 229
228 1 2 3 3 229 230
229 1 2 3 3 230 231
230 1 2 3 3 231 232
231 1 2 3 3 232 233
232 1 2 3 3 233 234
233 1 2 3 3 234 235
234 1 2 3 3 235 236
235 1 2 3 3 236 237
236 1 2 3 3 237 238
237 1 2 3 3 238 239
238 1 2 3 3 239 240
239 1 2 3 3 240 241
240 1 2 3 3 241 242
241 1 2 3 3 242 243
242 1 2 3 3 243 244
243 1 2 3 3 244 245
244 1 2 3 3 245 246
245 1 2 3 3 246 247
246 1 2 3 3 247 248
247 1 2 3 3 248 249
248 1 2 3 3 249 250
249 1 2 3 3 250 251
250 1 2 3 3 251 4
251 1 2 4 4 4 252
252 1 2 4 4 252 253
253 1 2 4 4 253 254
254 1 2 4 4 254 255
255 1 2 4 4 255 256
256 1 2 4 4 256 257
257 1 2 4 4 257 258
258 1 2 4 4 258 259
259 1 2 4 4 259 260
260 1 2 4 4 260 261
261 1 2 4 4 261 262
262 1 2 4 4 262 263
263 1 2 4 4 263 264
264 1 2 4 4 264 265
265 1 2 4 4 265 266
266 1 2 4 4 266 267
267 1 2 4 4 267 268
268 1 2 4 4 268 269
269 1 2 4 4 269 270
270 1 2 4 4 270 271
271 1 2 4 4 271 272
272 1 2 4 4 272 273
273 1 2 4 4 273 274
274 1 2 4 4 274 275
275 1 2 4 4 275 276
276 1 2 4 4 276 277
277 1 2 4 4 277 278
278 1 2 4 4 278 279
279 1 2 4 4 279 280
280 1 2 4 4 280 281
281 1 2 4 4 281 282
282 1 2 4 4 282 283
283 1 2 4 4 283 284
284 1 2 4 4 284 285
285 1 2 4 4 285 286
286 1 2 4 4 286 287
287 1 2 4 4 287 288
288 1 2 4 4 288 289
289 1 2 4 4 289 290
290 1 2 4 4 290 291
291 1 2 4 4 291 292
292 1 2 4 4 292 293
293 1 2 4 4 293 294
294 1 2 4 4 294 295
295 1 2 4 4 295 296
296 1 2 4 4 296 297
297 1 2 4 4 297 298
298 1 2 4 4 298 299
299 1 2 4 4 299 300
300 1 2 4 4 300 1
301 3 2 1 1 4158 4333 4269 4177
302 3 2 1 1 4826 4704 4675 4524
303 3 2 1 1 3548 3442 3388 3289
304 3 2 1 1 4862 4932 4849 4881
305 3 2 1 1 4775 4881 4849 4765
306 3 2 1 1 5025 5093 5131 5058
307 3 2 1 1 5058 5061 5096 5025
308 3 2 1 1 4981 5076 5140 5059
309 3 2 1 1 5059 5131 5093 4981
310 3 2 1 1 5060 5064 5041 5003
311 3 2 1 1 5087 5089 5139 5088
312 3 2 1 1 5061 5116 5062 5096
313 3 2 1 1 5047 5125 5124 5063
314 3 2 1 1 5076 4996 5087 5140
315 3 2 1 1 5088 5099 5140 5087
316 3 2 1 1 5048 5114 5145 5117
317 3 2 1 1 5063 5103 5139 5047
318 3 2 1 1 5117 5124 5125 5048
319 3 2 1 1 5116 5119 5080 5062
320 3 2 1 1 5144 5121 5146 5109
321 3 2 1 1 5108 5145 5114 5118
322 3 2 1 1 5109 5151 5142 5144
323 3 2 1 1 5095 4992 5133 5120
324 3 2 1 1 5121 5143 5110 5146
325 3 2 1 1 4992 5064 5060 5133
326 3 2 1 1 5119 5122 5009 5080
327 3 2 1 1 4481 4255 4414 4363
328 3 2 1 1 5057 5066 4993 5065
329 3 2 1 1 4178 4305 4256 4058
330 3 2 1 1 5066 5067 5050 4993
331 3 2 1 1 4615 4626 4436 4543
332 3 2 1 1 5067 5068 5075 5050
333 3 2 1 1 2104 2248 1936 2179
334 3 2 1 1 5068 5069 4994 5075
335 3 2 1 1 5069 5123 5011 4994
336 3 2 1 1 5056 5071 5023 5070
337 3 2 1 1 2618 2753 2541 2441
338 3 2 1 1 5000 4924 5005 5072
339 3 2 1 1 4924 5015 5004 5005
340 3 2 1 1 5015 4925 5006 5004
341 3 2 1 1 4847 4935 5004 5006
342 3 2 1 1 5006 5007 4921 4847
343 3 2 1 1 2670 2643 2764 2943
344 3 2 1 1 1671 1484 1587 1515
345 3 2 1 1 3070 3039 3169 3316
346 3 2 1 1 5007 5073 5013 4921
347 3 2 1 1 3432 3412 3522 3660
348 3 2 1 1 3038 3069 2774 2944
349 3 2 1 1 5073 5074 5051 5013
350 3 2 1 1 970 1114 1295 1020
351 3 2 1 1 3189 3173 3337 3313
352 3 2 1 1 4706 4605 4545 4527
353 3 2 1 1 4527 4545 4459 4350
354 3 2 1 1 3548 3289 3490 3726
355 3 2 1 1 2917 2816 2650 2945
356 3 2 1 1 1020 889 717 970
357 3 2 1 1 4178 4058 3983 3848
358 3 2 1 1 1969 2257 2076 1783
359 3 2 1 1 3848 3983 3772 3631
360 3 2 1 1 3631 3772 3558 3559
361 3 2 1 1 3637 3771 3560 3405
362 3 2 1 1 1970 1823 1824 2109
363 3 2 1 1 2944 2774 2672 2642
364 3 2 1 1 3405 3560 3321 3292
365 3 2 1 1 3185 3141 3254 3388
366 3 2 1 1 864 849 701 706
367 3 2 1 1 2227 2110 1931 2256
368 3 2 1 1 2671 2786 2818 2673
369 3 2 1 1 3561 3530 3626 3773
370 3 2 1 1 2255 2211 2111 1917
371 3 2 1 1 1816 1817 1917 2111
372 3 2 1 1 4149 4275 4079 3947
373 3 2 1 1 5077 5134 5113 5127
374 3 2 1 1 2920 3196 3076 2947
375 3 2 1 1 1968 1937 1792 1819
376 3 2 1 1 2355 2546 2260 2072
377 3 2 1 1 3868 3869 3776 3664
378 3 2 1 1 4632 4612 4689 4782
379 3 2 1 1 5122 5065 4936 5009
380 3 2 1 1 4044 4188 3842 3987
381 3 2 1 1 4864 4845 5009 4936
382 3 2 1 1 1813 1669 1483 1653
383 3 2 1 1 4780 4767 4939 4845
384 3 2 1 1 2812 2782 2647 2676
385 3 2 1 1 3035 3195 2948 2777
386 3 2 1 1 986 1197 869 644
387 3 2 1 1 4710 4697 4868 4767
388 3 2 1 1 2607 2508 2391 2270
389 3 2 1 1 1974 1942 2261 2081
390 3 2 1 1 2367 2389 2081 2261
391 3 2 1 1 4629 4516 4784 4697
392 3 2 1 1 3880 3858 3959 4085
393 3 2 1 1 2647 2548 2368 2676
394 3 2 1 1 4837 4940 5010 4984
395 3 2 1 1 4084 4187 4008 4009
396 3 2 1 1 3069 3038 3219 3173
397 3 2 1 1 3649 3778 3858 3880
398 3 2 1 1 3738 3950 4086 3881
399 3 2 1 1 2548 2071 2264 2368
400 3 2 1 1 3068 2932 3133 3263
401 3 2 1 1 694 868 1118 1025
402 3 2 1 1 3564 3666 3439 3415
403 3 2 1 1 3378 3290 3209 3212
404 3 2 1 1 4634 4613 4685 4785
405 3 2 1 1 1518 1331 1359 1676
406 3 2 1 1 5127 5052 5141 5077
407 3 2 1 1 4183 4086 3950 4180
408 3 2 1 1 1774 1679 1466 1975
409 3 2 1 1 1331 1201 1011 1359
410 3 2 1 1 3745 3662 3523 3768
411 3 2 1 1 2777 2948 2680 2502
412 3 2 1 1 485 394 641 393
413 3 2 1 1 2546 2355 2678 2642
414 3 2 1 1 2697 2678 2355 2552
415 3 2 1 1 2072 2260 1976 1780
416 3 2 1 1 4687 4786 4635 4614
417 3 2 1 1 3400 3158 3324 3562
418 3 2 1 1 1940 2107 1825 1641
419 3 2 1 1 2512 2540 2730 2886
420 3 2 1 1 3423 3527 3669 3433
421 3 2 1 1 1826 1827 1977 2115
422 3 2 1 1 3642 3747 3882 3661
423 3 2 1 1 3988 3882 3747 3965
424 3 2 1 1 1820 1641 1525 1485
425 3 2 1 1 3639 3765 3898 3871
426 3 2 1 1 1780 1976 1681 1652
427 3 2 1 1 1942 1974 1683 1828
428 3 2 1 1 1024 879 650 987
429 3 2 1 1 2255 2399 2516 2555
430 3 2 1 1 1917 2108 2399 2255
431 3 2 1 1 1329 1004 1206 1358
432 3 2 1 1 1828 1683 1362 1526
433 3 2 1 1 1814 1619 2117 1939
434 3 2 1 1 872 655 532 319
435 3 2 1 1 3850 3991 3781 3636
436 3 2 1 1 2825 2625 2909 3085
437 3 2 1 1 992 1203 1526 1362
438 3 2 1 1 368 395 203 204
439 3 2 1 1 3176 3240 2989 2908
440 3 2 1 1 2118 2267 1979 1946
441 3 2 1 1 2816 2351 2556 2650
442 3 2 1 1 527 367 484 396
443 3 2 1 1 3327 3444 3234 3235
444 3 2 1 1 1333 1205 989 1361
445 3 2 1 1 2045 2105 1980 1864
446 3 2 1 1 3207 3326 3087 2954
447 3 2 1 1 1669 1474 1162 1357
448 3 2 1 1 5052 4997 5081 5141
449 3 2 1 1 5142 5044 5126 5144
450 3 2 1 1 1174 1364 1029 999
451 3 2 1 1 3328 3297 3395 3569
452 3 2 1 1 3636 3781 3570 3408
453 3 2 1 1 2953 3208 3034 2772
454 3 2 1 1 1587 1484 1367 1387
455 3 2 1 1 5132 5053 5141 5081
456 3 2 1 1 1410 1352 1208 1026
457 3 2 1 1 4433 4552 4376 4242
458 3 2 1 1 2110 1635 1831 1931
459 3 2 1 1 2954 3087 2835 2791
460 3 2 1 1 4617 4638 4450 4553
461 3 2 1 1 3044 3211 3298 3329
462 3 2 1 1 3952 4074 4192 4179
463 3 2 1 1 3853 3873 3993 3977
464 3 2 1 1 2823 2775 2690 2484
465 3 2 1 1 3073 2997 2831 2956
466 3 2 1 1 655 872 1028 1021
467 3 2 1 1 2328 2409 2271 2105
468 3 2 1 1 706 701 530 354
469 3 2 1 1 1323 1528 1207 991
470 3 2 1 1 3408 3570 3330 3167
471 3 2 1 1 1357 987 1208 1352
472 3 2 1 1 3646 3783 3859 3884
473 3 2 1 1 2202 2404 2484 2690
474 3 2 1 1 5137 5136 5055 5115
475 3 2 1 1 1980 2105 2271 1782
476 3 2 1 1 1635 1489 1532 1831
477 3 2 1 1 3873 3853 3786 3633
478 3 2 1 1 529 255 256 335
479 3 2 1 1 2886 2813 2691 2512
480 3 2 1 1 4060 4090 3856 3995
481 3 2 1 1 2232 2269 1945 2128
482 3 2 1 1 2075 2265 2417 2365
483 3 2 1 1 4765 4706 4625 4775
484 3 2 1 1 3976 3955 3888 3887
485 3 2 1 1 2358 2236 2273 2562
486 3 2 1 1 3869 3868 4041 4140
487 3 2 1 1 3167 3330 3089 2910
488 3 2 1 1 202 203 395 411
489 3 2 1 1 3924 4041 3868 3763
490 3 2 1 1 2113 1985 1804 2123
491 3 2 1 1 3771 3637 3995 3856
492 3 2 1 1 4626 4615 4791 4693
493 3 2 1 1 1830 1628 2128 1945
494 3 2 1 1 1476 1529 1835 1643
495 3 2 1 1 3834 4023 3847 3762
496 3 2 1 1 2791 2835 2553 2692
497 3 2 1 1 4860 4826 4693 4974
498 3 2 1 1 2086 2127 1808 1986
499 3 2 1 1 257 398 335 256
500 3 2 1 1 1365 1334 1686 1529
501 3 2 1 1 2837 2621 2564 2519
502 3 2 1 1 2757 3011 2769 2493
503 3 2 1 1 2393 2198 2692 2553
504 3 2 1 1 2517 2559 2226 2407
505 3 2 1 1 1797 1837 1497 1689
506 3 2 1 1 1211 990 1534 1334
507 3 2 1 1 2820 2655 3090 2906
508 3 2 1 1 2107 1940 2407 2226
509 3 2 1 1 867 664 928 1023
510 3 2 1 1 1311 1530 1202 1214
511 3 2 1 1 2945 3071 3091 2917
512 3 2 1 1 3211 3044 2957 2790
513 3 2 1 1 1364 1174 1537 1485
514 3 2 1 1 3034 3168 3190 3071
515 3 2 1 1 1975 2071 2276 1774
516 3 2 1 1 4269 4333 4175 4425
517 3 2 1 1 2693 2504 2790 2957
518 3 2 1 1 1538 1537 1174 1369
519 3 2 1 1 1132 1383 1143 1018
520 3 2 1 1 1147 1033 876 1360
521 3 2 1 1 1989 1951 1841 1658
522 3 2 1 1 1650 1952 1992 1836
523 3 2 1 1 3086 2924 2838 2621
524 3 2 1 1 3318 3433 3446 3291
525 3 2 1 1 1637 1840 1545 1493
526 3 2 1 1 999 1029 667 880
527 3 2 1 1 2910 3089 2839 2636
528 3 2 1 1 2540 2512 2410 2409
529 3 2 1 1 1313 1535 1216 1178
530 3 2 1 1 1821 1627 1539 1541
531 3 2 1 1 4440 4542 4642 4625
532 3 2 1 1 1466 1372 1155 1690
533 3 2 1 1 3153 3332 3574 3394
534 3 2 1 1 3778 3649 3573 3407
535 3 2 1 1 2197 2455 2208 2175
536 3 2 1 1 3141 3185 3100 2939
537 3 2 1 1 1946 1979 1686 1844
538 3 2 1 1 1932 2008 1845 1802
539 3 2 1 1 3965 4080 4093 3988
540 3 2 1 1 2318 2478 2477 2064
541 3 2 1 1 4163 4094 3955 4198
542 3 2 1 1 4350 4459 4405 4290
543 3 2 1 1 1208 987 650 881
544 3 2 1 1 3334 3152 3407 3573
545 3 2 1 1 3209 3095 2915 3212
546 3 2 1 1 5113 4986 5086 5127
547 3 2 1 1 4158 4177 4108 4107
548 3 2 1 1 2411 2133 1928 2214
549 3 2 1 1 4054 4140 4041 3847
550 3 2 1 1 2272 2233 2566 2372
551 3 2 1 1 2940 2941 2809 2635
552 3 2 1 1 1027 824 1214 1202
553 3 2 1 1 319 532 279 280
554 3 2 1 1 1135 1193 1046 847
555 3 2 1 1 3081 3158 3335 3048
556 3 2 1 1 1641 1820 2132 1940
557 3 2 1 1 2280 2408 2141 2142
558 3 2 1 1 1782 1472 1698 1980
559 3 2 1 1 4679 4788 4644 4513
560 3 2 1 1 5149 5115 5079 5112
561 3 2 1 1 1524 1677 1732 1503
562 3 2 1 1 5081 5084 5054 5132
563 3 2 1 1 498 708 539 370
564 3 2 1 1 3633 3766 3901 3873
565 3 2 1 1 1334 1534 1844 1686
566 3 2 1 1 3157 3051 3096 3333
567 3 2 1 1 2125 2085 2413 2233
568 3 2 1 1 3394 3574 3646 3709
569 3 2 1 1 2048 2318 2064 1771
570 3 2 1 1 2248 2104 2139 2464
571 3 2 1 1 2951 3048 3214 2778
572 3 2 1 1 354 530 130 131
573 3 2 1 1 2510 2589 2364 2475
574 3 2 1 1 3664 3829 3763 3868
575 3 2 1 1 3729 3551 3762 3924
576 3 2 1 1 3254 3033 3289 3388
577 3 2 1 1 3633 3786 3575 3403
578 3 2 1 1 1150 1417 1019 1133
579 3 2 1 1 4279 4371 4380 4283
580 3 2 1 1 3659 3640 3404 3553
581 3 2 1 1 2134 1847 1632 1953
582 3 2 1 1 3726 3829 3690 3548
583 3 2 1 1 1987 1950 2282 2085
584 3 2 1 1 3619 3414 3551 3729
585 3 2 1 1 1372 1035 1042 1155
586 3 2 1 1 1360 1487 1697 1147
587 3 2 1 1 1477 1338 1375 1696
588 3 2 1 1 2219 2130 2136 2400
589 3 2 1 1 651 877 1038 1026
590 3 2 1 1 3829 3664 3549 3690
591 3 2 1 1 407 313 128 129
592 3 2 1 1 2356 2543 2567 2390
593 3 2 1 1 3313 3337 3317 3424
594 3 2 1 1 641 717 540 393
595 3 2 1 1 3168 3317 3337 3190
596 3 2 1 1 3310 3198 3414 3619
597 3 2 1 1 1000 883 703 1030
598 3 2 1 1 2087 2129 1832 1995
599 3 2 1 1 3252 3045 3198 3310
600 3 2 1 1 1988 1700 1472 1782
601 3 2 1 1 958 847 719 524
602 3 2 1 1 4371 4555 4471 4380
603 3 2 1 1 1840 1637 2135 1950
604 3 2 1 1 664 702 368 528
605 3 2 1 1 2614 2603 2811 2749
606 3 2 1 1 3388 3442 3349 3185
607 3 2 1 1 367 102 103 484
608 3 2 1 1 2475 2364 2334 2166
609 3 2 1 1 2773 2961 2695 2657
610 3 2 1 1 3410 3554 3683 3651
611 3 2 1 1 3490 3487 3521 3726
612 3 2 1 1 2458 2330 2603 2614
613 3 2 1 1 703 335 398 516
614 3 2 1 1 1472 1377 1158 1698
615 3 2 1 1 1350 1747 1613 1456
616 3 2 1 1 3269 3067 2940 3121
617 3 2 1 1 4643 4513 4337 4472
618 3 2 1 1 2179 1936 1852 1639
619 3 2 1 1 1849 1536 1548 1654
620 3 2 1 1 2130 1996 1799 2136
621 3 2 1 1 4037 4038 3919 3746
622 3 2 1 1 3148 3137 3391 3271
623 3 2 1 1 1192 1295 1114 848
624 3 2 1 1 3621 3787 3579 3393
625 3 2 1 1 3505 3309 3269 3268
626 3 2 1 1 2384 2224 2138 2088
627 3 2 1 1 1245 1166 1003 1043
628 3 2 1 1 4421 4363 4267 4220
629 3 2 1 1 1027 537 724 824
630 3 2 1 1 1338 1220 1008 1375
631 3 2 1 1 5113 5074 5019 4986
632 3 2 1 1 3746 3919 3727 3519
633 3 2 1 1 2189 2188 2330 2458
634 3 2 1 1 4705 4752 4623 4574
635 3 2 1 1 3268 3269 3121 2912
636 3 2 1 1 879 334 543 650
637 3 2 1 1 3173 3219 3190 3337
638 3 2 1 1 2184 2045 1899 1898
639 3 2 1 1 405 533 277 278
640 3 2 1 1 507 371 544 711
641 3 2 1 1 4531 4554 4373 4475
642 3 2 1 1 4575 4576 4646 4645
643 3 2 1 1 2618 2441 2336 2102
644 3 2 1 1 1696 1799 1996 1477
645 3 2 1 1 2678 2697 2679 2785
646 3 2 1 1 2440 2618 2102 2252
647 3 2 1 1 4055 4136 3962 4039
648 3 2 1 1 3071 3190 3219 3091
649 3 2 1 1 2792 2698 2515 2842
650 3 2 1 1 4986 5019 4841 4949
651 3 2 1 1 4904 4829 4905 5037
652 3 2 1 1 276 277 533 389
653 3 2 1 1 335 703 883 529
654 3 2 1 1 1033 1147 1219 818
655 3 2 1 1 3616 3529 3634 3678
656 3 2 1 1 1672 1748 1612 1513
657 3 2 1 1 2912 3121 2888 2808
658 3 2 1 1 2479 2477 2493 2738
659 3 2 1 1 2098 2051 1964 2274
660 3 2 1 1 4248 4315 4157 4235
661 3 2 1 1 1211 674 891 990
662 3 2 1 1 1351 1327 1227 997
663 3 2 1 1 869 399 541 644
664 3 2 1 1 1692 1152 1381 1495
665 3 2 1 1 402 403 536 517
666 3 2 1 1 1040 824 724 505
667 3 2 1 1 3283 3502 3529 3616
668 3 2 1 1 2784 2886 2730 2537
669 3 2 1 1 2098 2406 2251 2193
670 3 2 1 1 164 542 330 163
671 3 2 1 1 3393 3579 3150 3342
672 3 2 1 1 5100 4984 5063 5124
673 3 2 1 1 2809 2889 2669 2589
674 3 2 1 1 1625 1884 1611 1512
675 3 2 1 1 3240 3176 3339 3286
676 3 2 1 1 1644 1713 1556 1501
677 3 2 1 1 4165 4285 4475 4373
678 3 2 1 1 4949 4841 4796 4681
679 3 2 1 1 2543 2679 2697 2567
680 3 2 1 1 2039 1812 2188 2189
681 3 2 1 1 3764 3659 3546 3723
682 3 2 1 1 1453 1454 1294 1002
683 3 2 1 1 3766 3633 3403 3580
684 3 2 1 1 2752 2510 2475 2213
685 3 2 1 1 3336 3163 3580 3403
686 3 2 1 1 3387 3188 3143 3266
687 3 2 1 1 2400 2515 2698 2219
688 3 2 1 1 2365 2417 2390 2567
689 3 2 1 1 723 818 1049 722
690 3 2 1 1 644 892 1044 986
691 3 2 1 1 4672 4510 4751 4821
692 3 2 1 1 2102 2336 1793 2024
693 3 2 1 1 3846 3992 3921 3782
694 3 2 1 1 1291 662 969 1091
695 3 2 1 1 701 705 407 530
696 3 2 1 1 2574 2415 2568 2694
697 3 2 1 1 3554 3410 3341 3312
698 3 2 1 1 4797 4681 4514 4648
699 3 2 1 1 4039 3962 3939 3761
700 3 2 1 1 3053 2968 2782 3100
701 3 2 1 1 4541 4590 4509 4443
702 3 2 1 1 3266 3143 2990 2967
703 3 2 1 1 3191 3072 2896 3156
704 3 2 1 1 1755 1902 2009 2037
705 3 2 1 1 1671 1515 1514 1899
706 3 2 1 1 4897 4757 4934 5042
707 3 2 1 1 3723 3546 3501 3429
708 3 2 1 1 2339 2064 2477 2479
709 3 2 1 1 1748 1649 1557 1327
710 3 2 1 1 4557 4533 4601 4717
711 3 2 1 1 880 667 545 320
712 3 2 1 1 2051 1729 1908 1964
713 3 2 1 1 4504 4412 4510 4672
714 3 2 1 1 1837 1797 2140 1918
715 3 2 1 1 2721 2627 2523 2569
716 3 2 1 1 2364 2440 2252 2334
717 3 2 1 1 5107 5145 5108 5082
718 3 2 1 1 3312 3341 3052 3221
719 3 2 1 1 4235 4157 4137 4016
720 3 2 1 1 1910 1811 1924 2176
721 3 2 1 1 1846 1657 1703 1838
722 3 2 1 1 4645 4646 4718 4716
723 3 2 1 1 4590 4439 4385 4250
724 3 2 1 1 2088 2138 2001 1855
725 3 2 1 1 4746 4595 4778 4863
726 3 2 1 1 2142 2141 1786 1998
727 3 2 1 1 1316 1608 1764 1514
728 3 2 1 1 2961 2773 3221 3052
729 3 2 1 1 1380 1140 1055 1058
730 3 2 1 1 1456 1613 1593 1285
731 3 2 1 1 527 524 410 367
732 3 2 1 1 1763 1510 1812 2039
733 3 2 1 1 1497 1551 1161 1384
734 3 2 1 1 3319 3506 3371 3192
735 3 2 1 1 4422 4423 4295 4253
736 3 2 1 1 4476 4469 4649 4534
737 3 2 1 1 2193 1874 2051 2098
738 3 2 1 1 2497 2752 2213 2363
739 3 2 1 1 866 958 805 700
740 3 2 1 1 2256 2390 2417 2227
741 3 2 1 1 1382 1536 1553 1339
742 3 2 1 1 1964 1908 1808 2127
743 3 2 1 1 368 204 205 528
744 3 2 1 1 1288 1191 1608 1316
745 3 2 1 1 3279 3441 3369 3155
746 3 2 1 1 2194 2024 1810 1909
747 3 2 1 1 3429 3501 3366 3270
748 3 2 1 1 1152 1061 827 1381
749 3 2 1 1 1140 1380 1552 1540
750 3 2 1 1 803 798 848 1114
751 3 2 1 1 2508 2607 2536 2665
752 3 2 1 1 2748 2592 2382 2471
753 3 2 1 1 4673 4658 4438 4559
754 3 2 1 1 1035 893 669 1042
755 3 2 1 1 3311 3378 3263 3165
756 3 2 1 1 1034 857 890 1001
757 3 2 1 1 4236 4053 4253 4295
758 3 2 1 1 4755 4897 4829 4751
759 3 2 1 1 1309 1595 1150 1293
760 3 2 1 1 997 1295 1192 1351
761 3 2 1 1 1985 1533 1706 1804
762 3 2 1 1 1938 2184 1898 1784
763 3 2 1 1 1090 968 662 1291
764 3 2 1 1 4931 4975 4901 4777
765 3 2 1 1 877 651 547 345
766 3 2 1 1 2541 2384 2225 2441
767 3 2 1 1 4782 4689 4953 4846
768 3 2 1 1 3054 3102 2789 2970
769 3 2 1 1 4254 4425 4175 4089
770 3 2 1 1 873 330 542 692
771 3 2 1 1 2055 1967 2337 2196
772 3 2 1 1 4469 4476 4287 4388
773 3 2 1 1 5072 5071 5022 5000
774 3 2 1 1 4756 4880 4720 4598
775 3 2 1 1 1235 1376 817 1066
776 3 2 1 1 4594 4746 4676 4588
777 3 2 1 1 1758 1463 1771 2054
778 3 2 1 1 4846 4953 5000 5022
779 3 2 1 1 3827 3759 3934 3935
780 3 2 1 1 4667 4755 4751 4510
781 3 2 1 1 3936 3929 3942 4128
782 3 2 1 1 3014 2934 3104 3134
783 3 2 1 1 5103 4983 5088 5139
784 3 2 1 1 1301 1168 1388 1549
785 3 2 1 1 2685 2682 2970 2789
786 3 2 1 1 1513 1612 1419 1292
787 3 2 1 1 3270 3366 3147 3066
788 3 2 1 1 4581 4458 4650 4708
789 3 2 1 1 4824 4695 4851 4940
790 3 2 1 1 4607 4586 4711 4783
791 3 2 1 1 1002 1294 865 846
792 3 2 1 1 1745 1603 1811 1910
793 3 2 1 1 1786 1709 1708 1998
794 3 2 1 1 1132 816 1182 1383
795 3 2 1 1 4107 4140 4054 4158
796 3 2 1 1 4140 4107 4000 3869
797 3 2 1 1 1904 1629 1467 1757
798 3 2 1 1 5037 5083 4978 4944
799 3 2 1 1 719 718 551 416
800 3 2 1 1 4470 4355 4297 4261
801 3 2 1 1 3001 2767 2898 3077
802 3 2 1 1 3515 3277 3452 3681
803 3 2 1 1 4237 4071 4176 4334
804 3 2 1 1 3979 3916 3769 3854
805 3 2 1 1 1429 1283 1512 1611
806 3 2 1 1 5035 4969 5051 5134
807 3 2 1 1 3951 3862 3897 4109
808 3 2 1 1 4932 4862 4930 4985
809 3 2 1 1 4135 4134 4141 4321
810 3 2 1 1 1349 1290 1510 1763
811 3 2 1 1 4553 4450 4389 4239
812 3 2 1 1 4365 4272 4468 4544
813 3 2 1 1 4132 4320 4176 4071
814 3 2 1 1 662 392 639 969
815 3 2 1 1 4066 4196 4388 4287
816 3 2 1 1 2963 2777 2502 2704
817 3 2 1 1 3823 3710 3929 3936
818 3 2 1 1 3066 3147 2994 2868
819 3 2 1 1 4347 4478 4149 4299
820 3 2 1 1 1202 979 850 1027
821 3 2 1 1 4089 4175 4068 3958
822 3 2 1 1 4334 4508 4335 4141
823 3 2 1 1 1374 1160 1705 1492
824 3 2 1 1 3527 3775 3792 3669
825 3 2 1 1 1294 1135 866 865
826 3 2 1 1 1900 1623 1770 1999
827 3 2 1 1 2659 2571 2374 2700
828 3 2 1 1 1657 1228 1141 1703
829 3 2 1 1 1127 966 1191 1288
830 3 2 1 1 1293 1150 1133 845
831 3 2 1 1 4651 4470 4561 4620
832 3 2 1 1 3165 3263 3133 2914
833 3 2 1 1 4328 4182 4272 4365
834 3 2 1 1 1949 1984 1642 1854
835 3 2 1 1 2523 2420 2241 2569
836 3 2 1 1 3500 3280 3525 3722
837 3 2 1 1 4040 3867 4071 4237
838 3 2 1 1 2877 2640 2934 3014
839 3 2 1 1 528 205 206 348
840 3 2 1 1 2593 2453 2486 2677
841 3 2 1 1 531 348 206 207
842 3 2 1 1 1764 1738 1784 1898
843 3 2 1 1 1167 1542 1558 1378
844 3 2 1 1 1514 1515 1453 1316
845 3 2 1 1 4821 4904 4766 4694
846 3 2 1 1 4239 4389 4044 4204
847 3 2 1 1 4025 4132 4071 3867
848 3 2 1 1 5148 5150 5138 5046
849 3 2 1 1 407 129 130 530
850 3 2 1 1 4029 3837 4134 4135
851 3 2 1 1 878 725 737 829
852 3 2 1 1 1904 1875 2186 2046
853 3 2 1 1 3776 3869 4000 3630
854 3 2 1 1 3288 3030 3222 3451
855 3 2 1 1 2480 2383 2756 2539
856 3 2 1 1 3552 3416 3566 3644
857 3 2 1 1 3073 2956 3126 3193
858 3 2 1 1 5084 5090 5129 5054
859 3 2 1 1 2029 1791 2169 2329
860 3 2 1 1 3779 3668 3532 3730
861 3 2 1 1 3826 4033 4032 3933
862 3 2 1 1 2220 2397 2704 2502
863 3 2 1 1 4772 4854 4758 4677
864 3 2 1 1 1762 1610 1437 1348
865 3 2 1 1 1023 928 707 1022
866 3 2 1 1 3151 3274 3427 3381
867 3 2 1 1 2270 2248 2464 2607
868 3 2 1 1 4330 4265 4507 4362
869 3 2 1 1 515 720 556 338
870 3 2 1 1 1908 1511 1760 1808
871 3 2 1 1 3405 3581 3793 3637
872 3 2 1 1 3277 3178 3223 3452
873 3 2 1 1 1883 1636 1967 2055
874 3 2 1 1 412 433 356 546
875 3 2 1 1 4226 4129 4265 4330
876 3 2 1 1 3273 3025 3226 3440
877 3 2 1 1 667 713 404 545
878 3 2 1 1 399 869 707 531
879 3 2 1 1 886 647 555 337
880 3 2 1 1 1041 521 672 809
881 3 2 1 1 3714 3526 3830 3835
882 3 2 1 1 5043 4908 5046 5138
883 3 2 1 1 939 655 1021 1203
884 3 2 1 1 2914 3133 2890 2810
885 3 2 1 1 2620 2845 2573 2340
886 3 2 1 1 3199 3043 3197 3294
887 3 2 1 1 524 527 805 958
888 3 2 1 1 3780 3622 4001 3836
889 3 2 1 1 3390 3377 3392 3606
890 3 2 1 1 4199 4205 4309 4268
891 3 2 1 1 3609 3715 3691 3543
892 3 2 1 1 1361 1503 1601 1333
893 3 2 1 1 548 351 889 663
894 3 2 1 1 2552 2355 2072 2292
895 3 2 1 1 2275 2374 2571 2060
896 3 2 1 1 1225 842 1063 1217
897 3 2 1 1 4438 4357 4391 4559
898 3 2 1 1 1059 827 740 503
899 3 2 1 1 4692 4822 4859 4794
900 3 2 1 1 3413 3557 3478 3362
901 3 2 1 1 3712 3826 3933 3702
902 3 2 1 1 1128 1017 1455 1289
903 3 2 1 1 2341 2565 2291 2240
904 3 2 1 1 3725 3680 3941 3833
905 3 2 1 1 3728 3831 3830 3526
906 3 2 1 1 5028 5104 4985 4930
907 3 2 1 1 3618 3605 3620 3821
908 3 2 1 1 4379 4261 4206 4167
909 3 2 1 1 1178 1216 829 1075
910 3 2 1 1 3835 4040 3837 3620
911 3 2 1 1 3651 3683 3678 3791
912 3 2 1 1 3941 3785 4138 4021
913 3 2 1 1 2023 2194 1909 1739
914 3 2 1 1 3916 3979 3849 3768
915 3 2 1 1 4582 4616 4522 4447
916 3 2 1 1 4507 4348 4526 4669
917 3 2 1 1 4317 4162 4252 4377
918 3 2 1 1 723 722 559 425
919 3 2 1 1 4539 4610 4511 4426
920 3 2 1 1 1292 1419 1134 836
921 3 2 1 1 2016 2143 1621 1857
922 3 2 1 1 1295 997 841 1020
923 3 2 1 1 2130 2219 2421 2131
924 3 2 1 1 3272 3453 3024 3225
925 3 2 1 1 4921 5013 4970 4873
926 3 2 1 1 2100 2316 2383 2480
927 3 2 1 1 670 721 307 554
928 3 2 1 1 2801 2648 2821 2922
929 3 2 1 1 103 2 104 484
930 3 2 1 1 3290 3378 3311 3409
931 3 2 1 1 2813 2886 2784 2942
932 3 2 1 1 4587 4429 4512 4631
933 3 2 1 1 3558 3582 3339 3454
934 3 2 1 1 3614 3503 3680 3725
935 3 2 1 1 3677 3675 3419 3584
936 3 2 1 1 1206 1004 897 657
937 3 2 1 1 1032 980 906 878
938 3 2 1 1 3680 3658 3785 3941
939 3 2 1 1 3486 3609 3543 3305
940 3 2 1 1 852 874 536 713
941 3 2 1 1 4828 4741 4834 4976
942 3 2 1 1 3176 3220 3454 3339
943 3 2 1 1 1328 1355 1022 1197
944 3 2 1 1 3255 3059 3377 3390
945 3 2 1 1 505 724 415 419
946 3 2 1 1 3489 3302 3605 3618
947 3 2 1 1 3376 3498 3550 3358
948 3 2 1 1 669 550 413 716
949 3 2 1 1 320 545 135 136
950 3 2 1 1 2338 2253 2476 2599
951 3 2 1 1 319 280 281 539
952 3 2 1 1 985 1052 858 645
953 3 2 1 1 972 806 965 1200
954 3 2 1 1 4180 3950 4126 4282
955 3 2 1 1 4324 4144 4241 4378
956 3 2 1 1 1044 892 674 1211
957 3 2 1 1 1157 853 1037 1385
958 3 2 1 1 2114 1920 1858 1691
959 3 2 1 1 399 531 207 208
960 3 2 1 1 529 883 704 437
961 3 2 1 1 4261 4379 4561 4470
962 3 2 1 1 4282 4349 4247 4180
963 3 2 1 1 4179 4192 4300 4284
964 3 2 1 1 3262 3181 3382 3485
965 3 2 1 1 2699 2525 2231 2424
966 3 2 1 1 535 162 163 330
967 3 2 1 1 4250 4390 4509 4590
968 3 2 1 1 4785 4685 4955 4839
969 3 2 1 1 1334 1365 1044 1211
970 3 2 1 1 2611 2489 2629 2880
971 3 2 1 1 3977 3993 4099 4087
972 3 2 1 1 413 371 507 716
973 3 2 1 1 2455 2456 2535 2742
974 3 2 1 1 4265 4142 4348 4507
975 3 2 1 1 4827 4742 4902 4903
976 3 2 1 1 1875 1904 1757 1578
977 3 2 1 1 4285 4165 3973 4100
978 3 2 1 1 2671 2673 2601 2359
979 3 2 1 1 4034 3840 3944 4075
980 3 2 1 1 4030 3895 3999 4095
981 3 2 1 1 4769 4800 4640 4723
982 3 2 1 1 4205 4199 4087 4099
983 3 2 1 1 394 352 640 641
984 3 2 1 1 1002 1288 1316 1453
985 3 2 1 1 3345 3343 3584 3419
986 3 2 1 1 3131 2998 3181 3262
987 3 2 1 1 405 278 279 532
988 3 2 1 1 3529 3725 3833 3634
989 3 2 1 1 1608 1315 1738 1764
990 3 2 1 1 912 742 676 834
991 3 2 1 1 830 716 507 1031
992 3 2 1 1 5138 5150 5112 5092
993 3 2 1 1 3062 3140 3383 3246
994 3 2 1 1 4124 4131 4156 4229
995 3 2 1 1 2336 2103 2053 1793
996 3 2 1 1 4625 4706 4527 4440
997 3 2 1 1 3502 3614 3725 3529
998 3 2 1 1 4826 4860 4802 4704
999 3 2 1 1 4671 4622 4742 4827
1000 3 2 1 1 832 693 873 1012
1001 3 2 1 1 4173 4236 4295 4309
1002 3 2 1 1 1327 1351 1612 1748
1003 3 2 1 1 2053 1911 1672 1670
1004 3 2 1 1 1668 1761 2052 1897
1005 3 2 1 1 4874 4956 4896 4789
1006 3 2 1 1 663 715 418 548
1007 3 2 1 1 3260 3376 3358 3065
1008 3 2 1 1 3610 3544 3721 3819
1009 3 2 1 1 4042 4202 4301 4294
1010 3 2 1 1 728 317 559 722
1011 3 2 1 1 2165 1965 2253 2338
1012 3 2 1 1 4123 3956 4061 4195
1013 3 2 1 1 2591 2509 3015 2883
1014 3 2 1 1 4976 5043 4909 4902
1015 3 2 1 1 1205 656 907 989
1016 3 2 1 1 1992 2179 1639 1813
1017 3 2 1 1 437 254 255 529
1018 3 2 1 1 3267 3507 3284 3022
1019 3 2 1 1 1678 1792 1855 1471
1020 3 2 1 1 1537 1538 1707 1680
1021 3 2 1 1 989 907 732 1054
1022 3 2 1 1 3102 3054 3227 3220
1023 3 2 1 1 1264 1115 1076 1447
1024 3 2 1 1 4424 4329 4442 4593
1025 3 2 1 1 3491 3373 3544 3610
1026 3 2 1 1 4839 4955 5001 5026
1027 3 2 1 1 4499 4487 4674 4592
1028 3 2 1 1 4391 4357 4302 4169
1029 3 2 1 1 1560 1151 1399 1681
1030 3 2 1 1 1780 1994 2292 2072
1031 3 2 1 1 2687 2832 2726 2558
1032 3 2 1 1 1918 2140 2424 2231
1033 3 2 1 1 1522 1308 1235 1237
1034 3 2 1 1 3428 3500 3722 3545
1035 3 2 1 1 726 727 372 552
1036 3 2 1 1 550 669 893 328
1037 3 2 1 1 1627 1821 2003 1973
1038 3 2 1 1 330 873 693 535
1039 3 2 1 1 2665 2812 2676 2508
1040 3 2 1 1 857 422 373 890
1041 3 2 1 1 3785 3935 4020 4138
1042 3 2 1 1 1224 990 891 675
1043 3 2 1 1 503 325 563 730
1044 3 2 1 1 804 480 638 699
1045 3 2 1 1 737 725 557 326
1046 3 2 1 1 2203 2459 2530 2739
1047 3 2 1 1 354 131 132 402
1048 3 2 1 1 4402 4401 4444 4542
1049 3 2 1 1 4289 4248 4235 4050
1050 3 2 1 1 1649 1748 1672 1911
1051 3 2 1 1 1269 1349 1455 1017
1052 3 2 1 1 1577 1762 1348 1187
1053 3 2 1 1 541 310 892 644
1054 3 2 1 1 743 813 1069 491
1055 3 2 1 1 4293 4167 4102 3968
1056 3 2 1 1 846 1127 1288 1002
1057 3 2 1 1 4593 4754 4622 4455
1058 3 2 1 1 3817 3709 3748 3896
1059 3 2 1 1 3019 3267 3022 2758
1060 3 2 1 1 2509 2591 2223 2463
1061 3 2 1 1 4554 4531 4723 4640
1062 3 2 1 1 3266 3144 3386 3387
1063 3 2 1 1 4234 4331 4198 4073
1064 3 2 1 1 985 645 902 1246
1065 3 2 1 1 4493 4485 4304 4395
1066 3 2 1 1 3775 3877 3898 3792
1067 3 2 1 1 2383 2335 2538 2756
1068 3 2 1 1 1143 1383 1714 1480
1069 3 2 1 1 1562 1502 1854 1642
1070 3 2 1 1 3721 3632 3731 3925
1071 3 2 1 1 865 866 700 523
1072 3 2 1 1 5142 5118 5091 5044
1073 3 2 1 1 2754 2750 2758 3007
1074 3 2 1 1 692 1201 1012 873
1075 3 2 1 1 1160 1374 888 1060
1076 3 2 1 1 4420 4419 4455 4579
1077 3 2 1 1 354 402 517 706
1078 3 2 1 1 880 668 825 999
1079 3 2 1 1 2416 2568 2294 2278
1080 3 2 1 1 881 650 543 409
1081 3 2 1 1 1491 1222 1403 1544
1082 3 2 1 1 4299 4149 3947 4103
1083 3 2 1 1 666 712 408 549
1084 3 2 1 1 2001 1712 1471 1855
1085 3 2 1 1 1004 1050 735 897
1086 3 2 1 1 4666 4719 4619 4555
1087 3 2 1 1 3000 3260 3065 2836
1088 3 2 1 1 1709 1402 1564 1708
1089 3 2 1 1 5020 4913 4855 4883
1090 3 2 1 1 1083 678 905 1230
1091 3 2 1 1 4425 4509 4390 4269
1092 3 2 1 1 2739 2799 3008 2485
1093 3 2 1 1 3544 3425 3632 3721
1094 3 2 1 1 4332 4424 4419 4174
1095 3 2 1 1 634 341 700 805
1096 3 2 1 1 799 513 836 1134
1097 3 2 1 1 4516 4629 4488 4338
1098 3 2 1 1 1903 1743 1965 2165
1099 3 2 1 1 4624 4608 4566 4439
1100 3 2 1 1 4623 4673 4591 4482
1101 3 2 1 1 3871 3898 3877 3963
1102 3 2 1 1 872 708 817 1028
1103 3 2 1 1 4231 4410 4329 4171
1104 3 2 1 1 323 549 284 285
1105 3 2 1 1 850 666 537 1027
1106 3 2 1 1 898 741 746 842
1107 3 2 1 1 528 348 928 664
1108 3 2 1 1 1030 1196 1239 1000
1109 3 2 1 1 2872 2653 2836 3019
1110 3 2 1 1 666 850 900 712
1111 3 2 1 1 2619 2533 2755 2873
1112 3 2 1 1 4139 3975 4171 4332
1113 3 2 1 1 708 498 1066 817
1114 3 2 1 1 5039 5132 5054 4988
1115 3 2 1 1 535 693 510 369
1116 3 2 1 1 4630 4548 4427 4596
1117 3 2 1 1 4813 4881 4775 4715
1118 3 2 1 1 391 637 401 482
1119 3 2 1 1 4160 4249 4194 4080
1120 3 2 1 1 4319 4174 4419 4420
1121 3 2 1 1 1037 510 693 832
1122 3 2 1 1 4534 4649 4804 4699
1123 3 2 1 1 657 561 417 887
1124 3 2 1 1 2509 2743 2798 3015
1125 3 2 1 1 3528 3723 3429 3282
1126 3 2 1 1 4133 4072 4232 4233
1127 3 2 1 1 4082 4160 4080 3965
1128 3 2 1 1 4472 4337 4303 4146
1129 3 2 1 1 2882 3012 3139 2802
1130 3 2 1 1 3940 4139 3961 3825
1131 3 2 1 1 2452 2311 2533 2619
1132 3 2 1 1 3562 3630 3799 3400
1133 3 2 1 1 4816 4740 4768 4876
1134 3 2 1 1 561 657 897 327
1135 3 2 1 1 539 708 872 319
1136 3 2 1 1 3938 4120 3975 3937
1137 3 2 1 1 732 553 406 733
1138 3 2 1 1 814 1065 1232 1183
1139 3 2 1 1 1064 825 668 504
1140 3 2 1 1 2283 2240 2148 2084
1141 3 2 1 1 1226 1073 908 1227
1142 3 2 1 1 1368 1001 1240 1367
1143 3 2 1 1 1385 1489 1321 1157
1144 3 2 1 1 372 727 518 414
1145 3 2 1 1 2312 2076 2386 2545
1146 3 2 1 1 4246 4350 4290 4152
1147 3 2 1 1 637 391 565 738
1148 3 2 1 1 4578 4497 4530 4639
1149 3 2 1 1 356 437 704 546
1150 3 2 1 1 2133 1861 1839 1928
1151 3 2 1 1 912 834 1233 982
1152 3 2 1 1 3878 3735 4103 3947
1153 3 2 1 1 824 1040 1234 1214
1154 3 2 1 1 1953 2278 2294 2134
1155 3 2 1 1 3813 3938 3937 3657
1156 3 2 1 1 3409 3553 3460 3290
1157 3 2 1 1 1503 1361 1221 1524
1158 3 2 1 1 2105 2045 2184 2328
1159 3 2 1 1 3675 3677 3900 3734
1160 3 2 1 1 415 724 537 323
1161 3 2 1 1 2420 2091 2149 2241
1162 3 2 1 1 409 547 651 881
1163 3 2 1 1 3382 3374 3426 3608
1164 3 2 1 1 1131 1431 1290 1126
1165 3 2 1 1 2930 2851 2627 2974
1166 3 2 1 1 2199 2423 1944 2150
1167 3 2 1 1 3140 3009 3245 3383
1168 3 2 1 1 3784 3883 3901 3791
1169 3 2 1 1 4798 4680 4883 4855
1170 3 2 1 1 881 651 1026 1208
1171 3 2 1 1 2502 2680 2427 2220
1172 3 2 1 1 402 132 133 403
1173 3 2 1 1 812 884 1071 975
1174 3 2 1 1 903 1055 1224 675
1175 3 2 1 1 3010 3255 3023 2759
1176 3 2 1 1 3224 3105 3348 3343
1177 3 2 1 1 1397 1164 1322 1502
1178 3 2 1 1 540 717 889 351
1179 3 2 1 1 735 736 421 560
1180 3 2 1 1 1045 886 718 1046
1181 3 2 1 1 1197 1022 707 869
1182 3 2 1 1 2598 2371 2520 2688
1183 3 2 1 1 3615 3832 3656 3504
1184 3 2 1 1 1196 1353 1410 1239
1185 3 2 1 1 4415 4467 4371 4279
1186 3 2 1 1 2616 2872 2750 2615
1187 3 2 1 1 389 534 275 276
1188 3 2 1 1 3612 3813 3657 3611
1189 3 2 1 1 1021 1028 1236 1363
1190 3 2 1 1 725 878 906 729
1191 3 2 1 1 1203 1021 1363 1526
1192 3 2 1 1 2034 1783 2076 2312
1193 3 2 1 1 1642 1702 1389 1562
1194 3 2 1 1 4027 3852 4072 4133
1195 3 2 1 1 3757 3855 3747 3642
1196 3 2 1 1 976 1195 1107 849
1197 3 2 1 1 3020 2938 3145 3250
1198 3 2 1 1 369 161 162 535
1199 3 2 1 1 3145 3023 3149 3373
1200 3 2 1 1 3931 4122 4035 3865
1201 3 2 1 1 1489 1385 1212 1532
1202 3 2 1 1 2702 2660 2848 2760
1203 3 2 1 1 1501 1556 1234 1398
1204 3 2 1 1 1652 1681 1399 1535
1205 3 2 1 1 1116 1086 1445 1281
1206 3 2 1 1 3370 3493 3322 3196
1207 3 2 1 1 1793 2053 1670 1648
1208 3 2 1 1 3263 3378 3212 3068
1209 3 2 1 1 1366 871 1024 1162
1210 3 2 1 1 3873 3901 3883 3993
1211 3 2 1 1 1447 1076 1088 1284
1212 3 2 1 1 4322 4225 4262 4393
1213 3 2 1 1 756 755 567 431
1214 3 2 1 1 3481 3612 3611 3308
1215 3 2 1 1 1433 1187 862 1113
1216 3 2 1 1 4884 4883 4680 4805
1217 3 2 1 1 351 548 296 297
1218 3 2 1 1 1072 679 757 859
1219 3 2 1 1 2485 3008 2761 2664
1220 3 2 1 1 806 487 800 965
1221 3 2 1 1 2372 2566 2849 2636
1222 3 2 1 1 1060 860 911 1006
1223 3 2 1 1 1540 1552 1857 1621
1224 3 2 1 1 3832 3657 3937 3940
1225 3 2 1 1 673 734 378 575
1226 3 2 1 1 1209 1531 1353 1196
1227 3 2 1 1 665 546 704 851
1228 3 2 1 1 959 653 1126 1269
1229 3 2 1 1 2748 2591 2883 2884
1230 3 2 1 1 5111 5128 4979 5094
1231 3 2 1 1 4604 4718 4646 4521
1232 3 2 1 1 3181 3146 3374 3382
1233 3 2 1 1 1369 1174 999 825
1234 3 2 1 1 3261 3488 3307 3037
1235 3 2 1 1 622 469 776 960
1236 3 2 1 1 1521 1394 1226 1557
1237 3 2 1 1 2942 2915 2720 2813
1238 3 2 1 1 2287 2284 1954 2151
1239 3 2 1 1 2461 2740 2500 2247
1240 3 2 1 1 337 98 99 551
1241 3 2 1 1 3613 3814 3724 3547
1242 3 2 1 1 720 515 1073 835
1243 3 2 1 1 3282 3429 3270 3164
1244 3 2 1 1 1198 1138 867 1023
1245 3 2 1 1 1230 1340 1564 1083
1246 3 2 1 1 1502 1562 1233 1397
1247 3 2 1 1 3540 3757 3642 3402
1248 3 2 1 1 4363 4414 4331 4267
1249 3 2 1 1 853 733 510 1037
1250 3 2 1 1 3740 3854 3769 3628
1251 3 2 1 1 663 841 908 715
1252 3 2 1 1 1670 1672 1513 1326
1253 3 2 1 1 1212 832 1012 1156
1254 3 2 1 1 554 307 56 57
1255 3 2 1 1 859 1168 1238 1072
1256 3 2 1 1 2463 2323 2743 2509
1257 3 2 1 1 4086 4183 4081 3980
1258 3 2 1 1 1542 1626 1860 1558
1259 3 2 1 1 2798 2880 3009 3140
1260 3 2 1 1 4998 5016 4868 4957
1261 3 2 1 1 4395 4304 4111 4210
1262 3 2 1 1 2938 2759 3023 3145
1263 3 2 1 1 725 729 423 557
1264 3 2 1 1 4903 5014 4927 4774
1265 3 2 1 1 1628 1830 1356 1530
1266 3 2 1 1 3780 3672 3534 3622
1267 3 2 1 1 2451 2616 2615 2217
1268 3 2 1 1 1001 890 647 1240
1269 3 2 1 1 3013 3261 3037 2803
1270 3 2 1 1 491 376 569 743
1271 3 2 1 1 1533 1396 1210 1706
1272 3 2 1 1 1162 1474 1563 1366
1273 3 2 1 1 5044 5091 4906 5027
1274 3 2 1 1 731 377 568 671
1275 3 2 1 1 3482 3613 3547 3384
1276 3 2 1 1 1813 1653 1836 1992
1277 3 2 1 1 980 1032 1399 1151
1278 3 2 1 1 1036 726 893 1035
1279 3 2 1 1 2874 2732 2938 3020
1280 3 2 1 1 1064 906 980 1176
1281 3 2 1 1 1367 1240 1045 1387
1282 3 2 1 1 818 723 518 1033
1283 3 2 1 1 1471 1358 1159 1678
1284 3 2 1 1 2332 2598 2472 2309
1285 3 2 1 1 2313 2465 2608 2277
1286 3 2 1 1 546 665 558 412
1287 3 2 1 1 987 1357 1162 1024
1288 3 2 1 1 744 564 427 745
1289 3 2 1 1 1495 1839 1861 1692
1290 3 2 1 1 1398 1153 1565 1501
1291 3 2 1 1 1393 1006 1244 1391
1292 3 2 1 1 1676 1823 1634 1518
1293 3 2 1 1 498 712 900 1066
1294 3 2 1 1 5120 5143 5085 5095
1295 3 2 1 1 1270 996 1450 1604
1296 3 2 1 1 4187 4084 4303 4277
1297 3 2 1 1 3716 3881 3749 3539
1298 3 2 1 1 2065 2415 2425 2286
1299 3 2 1 1 1804 1706 1563 1852
1300 3 2 1 1 3264 3482 3384 3182
1301 3 2 1 1 1658 1568 1405 1710
1302 3 2 1 1 1191 981 1315 1608
1303 3 2 1 1 1220 658 913 1008
1304 3 2 1 1 2847 2795 2578 2715
1305 3 2 1 1 166 594 397 165
1306 3 2 1 1 1358 1471 1712 1329
1307 3 2 1 1 1435 1735 1464 1344
1308 3 2 1 1 1428 1146 1581 1741
1309 3 2 1 1 3720 3656 3825 3923
1310 3 2 1 1 1184 1231 917 1079
1311 3 2 1 1 2572 2527 2707 2660
1312 3 2 1 1 1937 1968 2103 2225
1313 3 2 1 1 544 334 879 711
1314 3 2 1 1 3685 3753 3902 3520
1315 3 2 1 1 674 892 310 584
1316 3 2 1 1 4405 4459 4345 4289
1317 3 2 1 1 1535 1313 1473 1652
1318 3 2 1 1 879 1024 871 711
1319 3 2 1 1 1221 1054 853 1157
1320 3 2 1 1 2050 2038 2333 2192
1321 3 2 1 1 2172 1930 2217 2473
1322 3 2 1 1 4981 5093 4843 4961
1323 3 2 1 1 3136 3264 3182 2911
1324 3 2 1 1 1391 1244 1082 1392
1325 3 2 1 1 4651 4620 4805 4680
1326 3 2 1 1 1025 1118 1432 1173
1327 3 2 1 1 899 350 571 656
1328 3 2 1 1 1727 1475 1815 1969
1329 3 2 1 1 3398 3531 3475 3286
1330 3 2 1 1 552 328 893 726
1331 3 2 1 1 320 562 668 880
1332 3 2 1 1 4356 4387 4159 4306
1333 3 2 1 1 2788 2824 2514 2710
1334 3 2 1 1 1151 1330 1176 980
1335 3 2 1 1 1281 1584 1315 981
1336 3 2 1 1 403 133 134 404
1337 3 2 1 1 411 395 514 695
1338 3 2 1 1 485 393 299 300
1339 3 2 1 1 2310 2115 2277 2401
1340 3 2 1 1 4521 4646 4576 4473
1341 3 2 1 1 851 704 883 1000
1342 3 2 1 1 2180 2451 2217 1930
1343 3 2 1 1 2743 2611 2880 2798
1344 3 2 1 1 2501 2706 2238 2302
1345 3 2 1 1 1492 1543 1232 1374
1346 3 2 1 1 3179 3323 3458 3437
1347 3 2 1 1 2389 2367 2710 2514
1348 3 2 1 1 506 778 1113 862
1349 3 2 1 1 1339 915 821 1382
1350 3 2 1 1 2198 2393 2154 1920
1351 3 2 1 1 2591 2748 2471 2223
1352 3 2 1 1 549 323 537 666
1353 3 2 1 1 2147 1913 1866 1699
1354 3 2 1 1 1243 1165 1305 1554
1355 3 2 1 1 2049 2310 2191 2028
1356 3 2 1 1 2466 2746 2506 2249
1357 3 2 1 1 3488 3308 3611 3615
1358 3 2 1 1 3049 3094 2823 2977
1359 3 2 1 1 2286 2013 1993 2065
1360 3 2 1 1 2482 2201 2474 2597
1361 3 2 1 1 1066 900 1237 1235
1362 3 2 1 1 1635 2110 1941 1822
1363 3 2 1 1 2559 2517 2711 2682
1364 3 2 1 1 4338 4488 4147 4308
1365 3 2 1 1 871 1366 1210 1031
1366 3 2 1 1 4394 4392 4143 4307
1367 3 2 1 1 1183 1380 1058 814
1368 3 2 1 1 4556 4422 4454 4647
1369 3 2 1 1 1376 1235 1308 1541
1370 3 2 1 1 1899 2045 1864 1671
1371 3 2 1 1 1156 1012 1201 1331
1372 3 2 1 1 4946 4929 5094 4979
1373 3 2 1 1 901 673 575 358
1374 3 2 1 1 2167 2332 2309 1960
1375 3 2 1 1 3887 3802 3640 3932
1376 3 2 1 1 1792 1678 1521 1819
1377 3 2 1 1 2550 2392 2244 2551
1378 3 2 1 1 721 670 910 884
1379 3 2 1 1 1193 1135 1294 1454
1380 3 2 1 1 976 1144 1354 1195
1381 3 2 1 1 2224 2281 2011 2138
1382 3 2 1 1 906 1064 504 729
1383 3 2 1 1 991 1207 643 874
1384 3 2 1 1 2997 3073 2902 2786
1385 3 2 1 1 403 404 713 536
1386 3 2 1 1 3601 3504 3656 3720
1387 3 2 1 1 839 1051 520 734
1388 3 2 1 1 427 426 499 745
1389 3 2 1 1 370 539 281 282
1390 3 2 1 1 338 418 715 515
1391 3 2 1 1 1669 1813 1639 1474
1392 3 2 1 1 889 1020 841 663
1393 3 2 1 1 4157 4220 4055 4137
1394 3 2 1 1 4256 4305 4270 4401
1395 3 2 1 1 4548 4547 4336 4490
1396 3 2 1 1 2071 1975 1818 2264
1397 3 2 1 1 1224 1055 1140 1336
1398 3 2 1 1 3124 3371 3164 2992
1399 3 2 1 1 884 812 492 721
1400 3 2 1 1 1356 1522 1237 979
1401 3 2 1 1 1060 1006 1393 1160
1402 3 2 1 1 1530 1311 1862 1628
1403 3 2 1 1 3164 3270 3066 2992
1404 3 2 1 1 1519 1520 1673 1817
1405 3 2 1 1 2233 2413 2712 2566
1406 3 2 1 1 1417 1504 1325 1186
1407 3 2 1 1 3380 3304 3499 3602
1408 3 2 1 1 711 871 1031 507
1409 3 2 1 1 2260 2153 1863 1976
1410 3 2 1 1 2052 1896 2099 2316
1411 3 2 1 1 1286 1047 1215 1435
1412 3 2 1 1 643 864 706 517
1413 3 2 1 1 1615 1853 2151 1954
1414 3 2 1 1 1055 903 753 1058
1415 3 2 1 1 2190 2452 2253 1965
1416 3 2 1 1 1945 1978 1715 1830
1417 3 2 1 1 2203 2739 2485 2465
1418 3 2 1 1 4085 3959 4306 4159
1419 3 2 1 1 2148 1843 2015 2084
1420 3 2 1 1 2349 2426 2713 2494
1421 3 2 1 1 1469 1560 1863 1630
1422 3 2 1 1 2755 2747 2781 2998
1423 3 2 1 1 1164 1397 1077 861
1424 3 2 1 1 847 958 866 1135
1425 3 2 1 1 3520 3694 3456 3466
1426 3 2 1 1 337 555 97 98
1427 3 2 1 1 2398 2395 2063 2296
1428 3 2 1 1 3209 3290 3460 3210
1429 3 2 1 1 2612 2874 2747 2362
1430 3 2 1 1 2091 1721 1659 2149
1431 3 2 1 1 326 557 140 141
1432 3 2 1 1 2193 2251 2474 1919
1433 3 2 1 1 2709 2708 2852 2783
1434 3 2 1 1 3524 3687 3275 3463
1435 3 2 1 1 4647 4686 4604 4556
1436 3 2 1 1 2435 2576 2057 2301
1437 3 2 1 1 1677 1524 1321 1822
1438 3 2 1 1 874 852 1242 991
1439 3 2 1 1 4697 4784 4957 4868
1440 3 2 1 1 858 1052 1241 896
1441 3 2 1 1 623 964 781 475
1442 3 2 1 1 1389 1313 1178 982
1443 3 2 1 1 2735 2997 2786 2671
1444 3 2 1 1 1308 1522 1715 1651
1445 3 2 1 1 4163 4198 4331 4414
1446 3 2 1 1 740 428 325 503
1447 3 2 1 1 1218 839 1081 1161
1448 3 2 1 1 1560 1469 1330 1151
1449 3 2 1 1 1396 1155 1042 830
1450 3 2 1 1 713 667 1029 852
1451 3 2 1 1 1803 1994 1473 1702
1452 3 2 1 1 1923 2120 2031 1870
1453 3 2 1 1 3286 3475 3361 3240
1454 3 2 1 1 3887 3932 3872 3976
1455 3 2 1 1 907 656 571 336
1456 3 2 1 1 1485 1525 1242 1364
1457 3 2 1 1 1541 1539 1236 1376
1458 3 2 1 1 327 290 291 561
1459 3 2 1 1 4392 4394 4567 4428
1460 3 2 1 1 4497 4354 4431 4530
1461 3 2 1 1 1994 1780 1652 1473
1462 3 2 1 1 3157 3356 3118 3051
1463 3 2 1 1 327 560 289 290
1464 3 2 1 1 839 1218 1401 1051
1465 3 2 1 1 3389 3307 3504 3601
1466 3 2 1 1 2336 2441 2225 2103
1467 3 2 1 1 1398 854 1050 1153
1468 3 2 1 1 2289 2157 2122 2419
1469 3 2 1 1 1062 1007 916 677
1470 3 2 1 1 560 327 897 735
1471 3 2 1 1 3509 3686 3467 3468
1472 3 2 1 1 1878 2180 1930 1736
1473 3 2 1 1 792 791 820 1100
1474 3 2 1 1 1394 1159 1005 835
1475 3 2 1 1 1620 1850 1720 1500
1476 3 2 1 1 393 540 298 299
1477 3 2 1 1 3535 3464 3335 3587
1478 3 2 1 1 517 536 874 643
1479 3 2 1 1 2628 2815 2727 2529
1480 3 2 1 1 2447 2726 2600 2386
1481 3 2 1 1 2979 2705 2857 2978
1482 3 2 1 1 4102 3911 3755 3968
1483 3 2 1 1 903 675 586 359
1484 3 2 1 1 1197 986 1199 1328
1485 3 2 1 1 4776 4890 4609 4730
1486 3 2 1 1 4779 4761 4958 4848
1487 3 2 1 1 2265 2075 1803 1984
1488 3 2 1 1 982 1178 1075 912
1489 3 2 1 1 751 581 439 752
1490 3 2 1 1 4878 4923 4861 4795
1491 3 2 1 1 153 482 152 3
1492 3 2 1 1 320 136 137 562
1493 3 2 1 1 410 524 719 416
1494 3 2 1 1 4752 4776 4730 4658
1495 3 2 1 1 4513 4644 4491 4337
1496 3 2 1 1 3796 3754 4008 3863
1497 3 2 1 1 1082 1072 1238 1392
1498 3 2 1 1 2327 2612 2362 2080
1499 3 2 1 1 1798 1677 1822 1941
1500 3 2 1 1 1062 1165 1243 1007
1501 3 2 1 1 1589 1415 1743 1903
1502 3 2 1 1 4709 4696 4887 4761
1503 3 2 1 1 716 830 1042 669
1504 3 2 1 1 3553 3409 3546 3659
1505 3 2 1 1 479 55 56 307
1506 3 2 1 1 754 753 587 446
1507 3 2 1 1 4972 4900 4910 4983
1508 3 2 1 1 979 1202 1530 1356
1509 3 2 1 1 4923 5040 4974 4861
1510 3 2 1 1 556 720 887 417
1511 3 2 1 1 2109 2228 2068 1970
1512 3 2 1 1 2075 2292 1994 1803
1513 3 2 1 1 3247 3064 3304 3380
1514 3 2 1 1 4344 4310 4311 4492
1515 3 2 1 1 1405 1317 1460 1710
1516 3 2 1 1 1890 2167 1960 1633
1517 3 2 1 1 4805 4620 4520 4721
1518 3 2 1 1 1822 1321 1489 1635
1519 3 2 1 1 1485 1537 1680 1820
1520 3 2 1 1 4473 4576 4361 4284
1521 3 2 1 1 1232 1065 888 1374
1522 3 2 1 1 1147 1697 1494 1219
1523 3 2 1 1 399 208 209 541
1524 3 2 1 1 2365 2552 2292 2075
1525 3 2 1 1 562 374 504 668
1526 3 2 1 1 736 735 1050 854
1527 3 2 1 1 1799 1696 1571 1842
1528 3 2 1 1 1624 1901 1605 1306
1529 3 2 1 1 3889 4006 3653 3693
1530 3 2 1 1 4302 4153 3951 4109
1531 3 2 1 1 1469 1707 1538 1330
1532 3 2 1 1 3683 3617 3616 3678
1533 3 2 1 1 956 661 996 1270
1534 3 2 1 1 505 736 854 1040
1535 3 2 1 1 1320 1836 1653 1531
1536 3 2 1 1 3537 3663 3903 3735
1537 3 2 1 1 1165 1062 815 1222
1538 3 2 1 1 1216 1535 1399 1032
1539 3 2 1 1 2368 2264 2113 2391
1540 3 2 1 1 4414 4255 4051 4163
1541 3 2 1 1 4802 4860 4960 4764
1542 3 2 1 1 1067 901 751 1068
1543 3 2 1 1 1641 1825 1323 1525
1544 3 2 1 1 3421 3445 3589 3534
1545 3 2 1 1 1693 1854 1502 1322
1546 3 2 1 1 566 346 913 658
1547 3 2 1 1 990 1224 1336 1534
1548 3 2 1 1 2044 2327 2080 1790
1549 3 2 1 1 3448 3449 3689 3511
1550 3 2 1 1 425 414 518 723
1551 3 2 1 1 1889 2164 1962 1645
1552 3 2 1 1 4630 4596 4807 4678
1553 3 2 1 1 1367 1484 1566 1368
1554 3 2 1 1 1661 1857 1552 1304
1555 3 2 1 1 2423 2199 2578 2527
1556 3 2 1 1 3100 3185 3349 3053
1557 3 2 1 1 749 316 572 741
1558 3 2 1 1 894 1091 969 796
1559 3 2 1 1 1395 1138 1303 1520
1560 3 2 1 1 369 406 160 161
1561 3 2 1 1 520 442 378 734
1562 3 2 1 1 4628 4611 4808 4696
1563 3 2 1 1 1664 2026 1773 1753
1564 3 2 1 1 2126 1922 2234 2404
1565 3 2 1 1 854 1398 1234 1040
1566 3 2 1 1 1499 1392 1238 1555
1567 3 2 1 1 4872 4853 5027 4906
1568 3 2 1 1 4740 4618 4748 4768
1569 3 2 1 1 1721 2091 1955 1865
1570 3 2 1 1 1973 2003 2296 2063
1571 3 2 1 1 2235 2414 2588 2499
1572 3 2 1 1 3779 3730 3905 3838
1573 3 2 1 1 877 665 851 1038
1574 3 2 1 1 733 853 1054 732
1575 3 2 1 1 543 334 244 245
1576 3 2 1 1 2642 2672 2429 2546
1577 3 2 1 1 1654 1993 2013 1849
1578 3 2 1 1 1606 1506 1647 1871
1579 3 2 1 1 4167 4293 4397 4379
1580 3 2 1 1 840 745 499 1053
1581 3 2 1 1 2974 3030 3231 2930
1582 3 2 1 1 4865 4866 4959 4937
1583 3 2 1 1 2392 2243 2155 1913
1584 3 2 1 1 551 718 886 337
1585 3 2 1 1 1643 1835 2159 1922
1586 3 2 1 1 544 243 244 334
1587 3 2 1 1 905 678 573 379
1588 3 2 1 1 2141 2084 2015 1786
1589 3 2 1 1 1893 2182 1934 1663
1590 3 2 1 1 3253 3037 3307 3389
1591 3 2 1 1 1687 1540 1621 1796
1592 3 2 1 1 1931 1831 1718 1981
1593 3 2 1 1 1073 1226 1394 835
1594 3 2 1 1 1175 1370 1490 1688
1595 3 2 1 1 2636 2849 3108 2910
1596 3 2 1 1 345 558 665 877
1597 3 2 1 1 664 867 1087 702
1598 3 2 1 1 3943 4097 4307 4143
1599 3 2 1 1 4913 5020 5095 5085
1600 3 2 1 1 317 728 499 426
1601 3 2 1 1 4232 4416 4325 4233
1602 3 2 1 1 358 581 751 901
1603 3 2 1 1 2975 2853 3106 3105
1604 3 2 1 1 772 506 862 1110
1605 3 2 1 1 3445 3421 3355 3170
1606 3 2 1 1 4294 4301 4490 4336
1607 3 2 1 1 3333 3397 3462 3157
1608 3 2 1 1 4501 4537 4662 4584
1609 3 2 1 1 1705 1834 1691 1492
1610 3 2 1 1 1384 1161 1081 1067
1611 3 2 1 1 891 674 584 445
1612 3 2 1 1 2068 2351 2582 2268
1613 3 2 1 1 409 543 245 246
1614 3 2 1 1 2245 2279 2431 2342
1615 3 2 1 1 371 242 243 544
1616 3 2 1 1 419 421 736 505
1617 3 2 1 1 1862 1713 1777 1947
1618 3 2 1 1 1168 859 1069 1388
1619 3 2 1 1 370 282 283 408
1620 3 2 1 1 2370 2394 2159 2267
1621 3 2 1 1 747 489 380 579
1622 3 2 1 1 2267 2118 2235 2370
1623 3 2 1 1 2599 2877 2724 2449
1624 3 2 1 1 1588 1509 1665 1872
1625 3 2 1 1 2012 1644 1856 2011
1626 3 2 1 1 2895 3079 3228 3202
1627 3 2 1 1 2715 2578 2199 2434
1628 3 2 1 1 1599 1885 1640 1319
1629 3 2 1 1 4338 4461 4654 4516
1630 3 2 1 1 785 784 819 1111
1631 3 2 1 1 1031 1210 1396 830
1632 3 2 1 1 5150 5148 5111 5135
1633 3 2 1 1 2746 2532 2779 3013
1634 3 2 1 1 4004 4002 3908 3797
1635 3 2 1 1 2224 2354 2432 2281
1636 3 2 1 1 1982 1494 1697 1800
1637 3 2 1 1 4009 4008 3754 3909
1638 3 2 1 1 858 896 434 308
1639 3 2 1 1 1003 914 755 1043
1640 3 2 1 1 4225 4063 4201 4262
1641 3 2 1 1 493 344 583 758
1642 3 2 1 1 3017 2935 3064 3247
1643 3 2 1 1 1949 1798 1941 2082
1644 3 2 1 1 4792 4793 4961 4843
1645 3 2 1 1 1920 2114 2430 2198
1646 3 2 1 1 1540 1687 1336 1140
1647 3 2 1 1 857 1034 882 730
1648 3 2 1 1 2533 2362 2747 2755
1649 3 2 1 1 3008 2799 2893 3138
1650 3 2 1 1 837 1119 695 514
1651 3 2 1 1 347 916 759 574
1652 3 2 1 1 1854 1693 1798 1949
1653 3 2 1 1 904 747 579 357
1654 3 2 1 1 2484 2681 2977 2823
1655 3 2 1 1 1201 692 929 1011
1656 3 2 1 1 1001 1368 1158 1034
1657 3 2 1 1 2971 2929 3109 3056
1658 3 2 1 1 2288 2069 1947 1777
1659 3 2 1 1 1074 812 975 1177
1660 3 2 1 1 2516 2718 2830 2855
1661 3 2 1 1 1329 1712 1565 1153
1662 3 2 1 1 1322 1547 1732 1693
1663 3 2 1 1 540 351 297 298
1664 3 2 1 1 1492 1691 1858 1543
1665 3 2 1 1 404 134 135 545
1666 3 2 1 1 1302 1523 1742 1618
1667 3 2 1 1 2927 2861 2659 2962
1668 3 2 1 1 1423 1412 1667 1598
1669 3 2 1 1 1630 1848 1707 1469
1670 3 2 1 1 520 670 554 442
1671 3 2 1 1 1915 2239 2297 2146
1672 3 2 1 1 4717 4601 4684 4771
1673 3 2 1 1 1311 1556 1713 1862
1674 3 2 1 1 1509 1605 1901 1665
1675 3 2 1 1 1125 1429 1293 845
1676 3 2 1 1 2341 2838 2655 2565
1677 3 2 1 1 1488 1688 1809 1986
1678 3 2 1 1 4546 4528 4727 4611
1679 3 2 1 1 1579 1906 1749 1342
1680 3 2 1 1 1717 1476 1643 1795
1681 3 2 1 1 2017 2143 2238 2414
1682 3 2 1 1 1206 1005 1159 1358
1683 3 2 1 1 726 1036 876 727
1684 3 2 1 1 1646 1882 1971 2173
1685 3 2 1 1 3946 4098 4308 4147
1686 3 2 1 1 431 430 525 756
1687 3 2 1 1 3978 3848 3631 3803
1688 3 2 1 1 3791 3678 3634 3784
1689 3 2 1 1 1028 817 1376 1236
1690 3 2 1 1 1451 1609 1759 1439
1691 3 2 1 1 5016 4998 5096 5062
1692 3 2 1 1 850 979 1237 900
1693 3 2 1 1 814 754 493 1065
1694 3 2 1 1 413 241 242 371
1695 3 2 1 1 1609 1302 1618 1827
1696 3 2 1 1 1774 2276 2083 1991
1697 3 2 1 1 2119 2315 2018 1768
1698 3 2 1 1 2143 2016 2302 2238
1699 3 2 1 1 909 311 582 679
1700 3 2 1 1 3568 3567 3804 3645
1701 3 2 1 1 1679 1204 1372 1466
1702 3 2 1 1 1377 882 1034 1158
1703 3 2 1 1 832 1212 1385 1037
1704 3 2 1 1 1484 1671 1864 1566
1705 3 2 1 1 553 732 907 336
1706 3 2 1 1 1214 1234 1556 1311
1707 3 2 1 1 1929 2005 2298 2067
1708 3 2 1 1 919 898 977 1223
1709 3 2 1 1 878 829 1216 1032
1710 3 2 1 1 1858 1920 2154 1661
1711 3 2 1 1 1008 913 744 1070
1712 3 2 1 1 715 908 1073 515
1713 3 2 1 1 1582 1438 1737 1886
1714 3 2 1 1 1152 1404 856 1061
1715 3 2 1 1 887 720 835 1005
1716 3 2 1 1 825 1064 1176 1369
1717 3 2 1 1 555 647 890 373
1718 3 2 1 1 2515 2400 2303 2554
1719 3 2 1 1 2085 2125 1868 1987
1720 3 2 1 1 1403 1222 815 1084
1721 3 2 1 1 1400 1695 1542 1167
1722 3 2 1 1 3170 3090 2924 3331
1723 3 2 1 1 1536 1382 1166 1548
1724 3 2 1 1 2388 2211 2353 2513
1725 3 2 1 1 3350 3113 2930 3231
1726 3 2 1 1 630 477 696 949
1727 3 2 1 1 2069 2288 2433 2352
1728 3 2 1 1 658 895 375 566
1729 3 2 1 1 2082 1941 2110 2227
1730 3 2 1 1 2706 2501 2637 2787
1731 3 2 1 1 3670 3645 3906 3739
1732 3 2 1 1 1844 1687 1796 1946
1733 3 2 1 1 4111 4012 3851 4210
1734 3 2 1 1 2311 2080 2362 2533
1735 3 2 1 1 1213 1059 882 1377
1736 3 2 1 1 410 101 102 367
1737 3 2 1 1 4722 4721 4520 4657
1738 3 2 1 1 2910 3108 3351 3167
1739 3 2 1 1 2708 2709 2433 2581
1740 3 2 1 1 5050 5075 4915 5031
1741 3 2 1 1 675 891 445 586
1742 3 2 1 1 842 746 496 1063
1743 3 2 1 1 3442 3548 3690 3443
1744 3 2 1 1 4422 4556 4474 4423
1745 3 2 1 1 4003 3843 4212 4065
1746 3 2 1 1 3404 3640 3802 3576
1747 3 2 1 1 4745 4789 4686 4647
1748 3 2 1 1 1716 1408 1545 1840
1749 3 2 1 1 2352 2570 2232 2069
1750 3 2 1 1 4886 4917 5033 4968
1751 3 2 1 1 1791 2040 2095 2169
1752 3 2 1 1 4731 4872 4807 4596
1753 3 2 1 1 1984 1949 2082 2265
1754 3 2 1 1 2878 2947 2771 2644
1755 3 2 1 1 4284 4361 4271 4179
1756 3 2 1 1 2384 2541 2354 2224
1757 3 2 1 1 1004 1329 1153 1050
1758 3 2 1 1 1687 1844 1534 1336
1759 3 2 1 1 4501 4358 4448 4537
1760 3 2 1 1 954 1286 994 688
1761 3 2 1 1 1675 1682 1411 1528
1762 3 2 1 1 409 246 247 547
1763 3 2 1 1 719 847 1046 718
1764 3 2 1 1 5104 5133 5060 4985
1765 3 2 1 1 2756 2890 2668 2539
1766 3 2 1 1 4809 4933 4850 4763
1767 3 2 1 1 4344 4492 4568 4657
1768 3 2 1 1 849 864 1078 976
1769 3 2 1 1 1638 1859 1296 1570
1770 3 2 1 1 631 799 798 339
1771 3 2 1 1 1085 1007 1243 1386
1772 3 2 1 1 1721 1865 1305 1491
1773 3 2 1 1 841 997 1227 908
1774 3 2 1 1 1138 1395 1087 867
1775 3 2 1 1 418 295 296 548
1776 3 2 1 1 422 857 730 563
1777 3 2 1 1 1519 1728 1189 1248
1778 3 2 1 1 2340 2573 2056 2295
1779 3 2 1 1 4825 4965 4831 4773
1780 3 2 1 1 2128 1947 2069 2232
1781 3 2 1 1 3616 3617 3505 3283
1782 3 2 1 1 1160 1393 1561 1705
1783 3 2 1 1 587 753 903 359
1784 3 2 1 1 2774 2817 2583 2672
1785 3 2 1 1 3588 3299 3469 3536
1786 3 2 1 1 1167 885 1049 1400
1787 3 2 1 1 3202 3228 3463 3275
1788 3 2 1 1 2220 2427 2135 1983
1789 3 2 1 1 1495 1381 1213 1700
1790 3 2 1 1 3782 3739 4010 3846
1791 3 2 1 1 558 345 248 249
1792 3 2 1 1 4267 4331 4234 4136
1793 3 2 1 1 2270 2123 1936 2248
1794 3 2 1 1 812 1074 797 492
1795 3 2 1 1 982 1233 1562 1389
1796 3 2 1 1 2768 2686 2490 2952
1797 3 2 1 1 2265 2082 2227 2417
1798 3 2 1 1 1313 1389 1702 1473
1799 3 2 1 1 3805 3536 3695 3904
1800 3 2 1 1 2881 2641 2935 3017
1801 3 2 1 1 3587 3654 3692 3535
1802 3 2 1 1 3048 3335 3464 3214
1803 3 2 1 1 1700 1213 1377 1472
1804 3 2 1 1 1454 1587 1387 1193
1805 3 2 1 1 1312 1156 1331 1518
1806 3 2 1 1 911 860 444 381
1807 3 2 1 1 547 247 248 345
1808 3 2 1 1 370 408 712 498
1809 3 2 1 1 1054 1221 1361 989
1810 3 2 1 1 3607 3816 3717 3538
1811 3 2 1 1 1424 1448 1509 1588
1812 3 2 1 1 408 283 284 549
1813 3 2 1 1 2053 2103 1968 1911
1814 3 2 1 1 2853 2975 2699 2526
1815 3 2 1 1 1164 861 1115 1264
1816 3 2 1 1 2948 2858 2585 2680
1817 3 2 1 1 3492 3665 3540 3493
1818 3 2 1 1 1440 1169 1506 1606
1819 3 2 1 1 1124 1282 1424 1425
1820 3 2 1 1 1792 1937 2088 1855
1821 3 2 1 1 2414 2235 2118 2017
1822 3 2 1 1 1777 2012 2090 2288
1823 3 2 1 1 4433 4477 4655 4517
1824 3 2 1 1 741 572 438 746
1825 3 2 1 1 1991 1487 1679 1774
1826 3 2 1 1 3465 3399 3159 3353
1827 3 2 1 1 1296 1559 973 1231
1828 3 2 1 1 2499 2696 2370 2235
1829 3 2 1 1 568 343 914 671
1830 3 2 1 1 1401 1247 910 1051
1831 3 2 1 1 2889 2984 2717 2511
1832 3 2 1 1 1337 1373 1056 1241
1833 3 2 1 1 1695 1400 1219 1494
1834 3 2 1 1 1326 1513 1292 1172
1835 3 2 1 1 3083 3325 3203 3084
1836 3 2 1 1 2636 2839 2561 2372
1837 3 2 1 1 1818 1690 1533 1985
1838 3 2 1 1 1904 2046 1778 1629
1839 3 2 1 1 413 550 240 241
1840 3 2 1 1 1036 1035 1372 1204
1841 3 2 1 1 4724 4764 4888 4703
1842 3 2 1 1 2243 2295 2004 2155
1843 3 2 1 1 628 321 653 959
1844 3 2 1 1 1501 1565 1856 1644
1845 3 2 1 1 1075 829 737 509
1846 3 2 1 1 1487 1360 1204 1679
1847 3 2 1 1 4460 4445 4656 4528
1848 3 2 1 1 4764 4960 5029 4888
1849 3 2 1 1 2696 2499 2624 2841
1850 3 2 1 1 2071 2548 2369 2276
1851 3 2 1 1 2240 2291 1932 2148
1852 3 2 1 1 1487 1991 1800 1697
1853 3 2 1 1 2429 2153 2260 2546
1854 3 2 1 1 1918 2124 1656 1837
1855 3 2 1 1 794 1120 961 793
1856 3 2 1 1 3456 3457 3232 3350
1857 3 2 1 1 4756 4806 4962 4833
1858 3 2 1 1 1333 1601 1447 1284
1859 3 2 1 1 677 577 440 750
1860 3 2 1 1 1217 1317 1405 1225
1861 3 2 1 1 3200 3201 2949 3078
1862 3 2 1 1 1713 1644 2012 1777
1863 3 2 1 1 439 309 521 752
1864 3 2 1 1 1046 1193 1387 1045
1865 3 2 1 1 2519 2564 2283 2408
1866 3 2 1 1 538 313 494 710
1867 3 2 1 1 1539 1711 1363 1236
1868 3 2 1 1 2195 2457 2335 2099
1869 3 2 1 1 333 570 144 145
1870 3 2 1 1 614 763 952 342
1871 3 2 1 1 532 655 939 405
1872 3 2 1 1 4950 4989 4923 4878
1873 3 2 1 1 1944 2087 1995 1833
1874 3 2 1 1 2522 2968 2794 2701
1875 3 2 1 1 438 432 496 746
1876 3 2 1 1 1911 1968 1819 1649
1877 3 2 1 1 1526 1363 1711 1828
1878 3 2 1 1 3480 3607 3538 3385
1879 3 2 1 1 1273 1272 1436 1574
1880 3 2 1 1 1340 1230 1085 1386
1881 3 2 1 1 1858 1661 1304 1543
1882 3 2 1 1 1204 1360 876 1036
1883 3 2 1 1 1867 2010 2150 1617
1884 3 2 1 1 3229 3230 2986 3110
1885 3 2 1 1 5139 5089 5024 5047
1886 3 2 1 1 1955 2006 1722 1865
1887 3 2 1 1 3508 3688 3436 3293
1888 3 2 1 1 1718 1312 1518 1634
1889 3 2 1 1 4250 4214 4052 4390
1890 3 2 1 1 1267 1599 1319 1117
1891 3 2 1 1 1280 1117 1319 1607
1892 3 2 1 1 672 580 441 739
1893 3 2 1 1 2415 2065 2294 2568
1894 3 2 1 1 2182 1962 2221 2466
1895 3 2 1 1 1796 1621 2143 2017
1896 3 2 1 1 671 821 915 731
1897 3 2 1 1 1205 1333 1284 998
1898 3 2 1 1 374 423 729 504
1899 3 2 1 1 2067 2298 2583 2426
1900 3 2 1 1 2351 2816 2651 2582
1901 3 2 1 1 2906 3078 2656 2820
1902 3 2 1 1 886 1045 1240 647
1903 3 2 1 1 3520 3466 3288 3685
1904 3 2 1 1 1394 1521 1678 1159
1905 3 2 1 1 676 742 424 570
1906 3 2 1 1 1142 1408 1716 1569
1907 3 2 1 1 2396 2402 2116 2269
1908 3 2 1 1 1651 1821 1541 1308
1909 3 2 1 1 3265 3480 3385 3184
1910 3 2 1 1 152 482 401 151
1911 3 2 1 1 1570 1550 1866 1638
1912 3 2 1 1 2085 2282 2585 2413
1913 3 2 1 1 2581 2432 2717 2708
1914 3 2 1 1 2005 1929 1848 1630
1915 3 2 1 1 410 416 100 101
1916 3 2 1 1 1256 1589 1414 1121
1917 3 2 1 1 2822 2787 2921 3079
1918 3 2 1 1 2290 2083 2276 2369
1919 3 2 1 1 3755 3911 3585 3694
1920 3 2 1 1 550 328 239 240
1921 3 2 1 1 965 800 694 1025
1922 3 2 1 1 672 739 917 809
1923 3 2 1 1 1500 1386 1243 1554
1924 3 2 1 1 656 1205 998 899
1925 3 2 1 1 1995 1832 1561 1723
1926 3 2 1 1 2060 1989 1805 2275
1927 3 2 1 1 2760 2969 2483 2702
1928 3 2 1 1 912 1075 509 742
1929 3 2 1 1 815 750 519 1084
1930 3 2 1 1 1038 851 1000 1239
1931 3 2 1 1 2150 1944 1833 1617
1932 3 2 1 1 3018 3243 3142 2936
1933 3 2 1 1 1261 1580 1421 971
1934 3 2 1 1 2390 2256 2074 2356
1935 3 2 1 1 3105 3224 2854 2975
1936 3 2 1 1 3421 3455 3200 3355
1937 3 2 1 1 4439 4590 4541 4624
1938 3 2 1 1 4989 5106 5040 4923
1939 3 2 1 1 2824 2788 3114 2919
1940 3 2 1 1 2162 2470 2250 1959
1941 3 2 1 1 3577 3451 3356 3578
1942 3 2 1 1 3173 3189 2918 3069
1943 3 2 1 1 695 868 625 411
1944 3 2 1 1 2074 1981 1779 2268
1945 3 2 1 1 1189 1432 1118 1119
1946 3 2 1 1 1845 1719 1546 1802
1947 3 2 1 1 2581 2090 2281 2432
1948 3 2 1 1 3292 3321 3117 3195
1949 3 2 1 1 2127 2086 2304 2262
1950 3 2 1 1 3206 3086 2925 3025
1951 3 2 1 1 2949 2976 2714 2856
1952 3 2 1 1 4261 4297 4110 4206
1953 3 2 1 1 552 238 239 328
1954 3 2 1 1 1278 1579 1342 1103
1955 3 2 1 1 2826 2827 3112 2901
1956 3 2 1 1 3754 3796 3589 3686
1957 3 2 1 1 1560 1681 1976 1863
1958 3 2 1 1 4277 4278 4105 4187
1959 3 2 1 1 806 972 1190 1080
1960 3 2 1 1 1550 1379 1185 1478
1961 3 2 1 1 1952 2104 2179 1992
1962 3 2 1 1 1263 1451 1439 995
1963 3 2 1 1 1061 525 740 827
1964 3 2 1 1 1278 995 1439 1579
1965 3 2 1 1 5041 5064 4850 4933
1966 3 2 1 1 3202 3323 3119 2895
1967 3 2 1 1 1929 2144 2002 1848
1968 3 2 1 1 1277 988 1412 1423
1969 3 2 1 1 962 998 1284 1088
1970 3 2 1 1 3343 3345 3115 3224
1971 3 2 1 1 4397 4293 4168 4310
1972 3 2 1 1 4871 4852 5031 4915
1973 3 2 1 1 1474 1639 1852 1563
1974 3 2 1 1 2827 2826 2491 2719
1975 3 2 1 1 1476 1717 1328 1199
1976 3 2 1 1 401 637 636 353
1977 3 2 1 1 2017 2118 1946 1796
1978 3 2 1 1 3440 3226 3058 3296
1979 3 2 1 1 4167 4206 3971 4102
1980 3 2 1 1 5003 5041 4931 4893
1981 3 2 1 1 1847 1310 1496 1632
1982 3 2 1 1 3195 3117 2858 2948
1983 3 2 1 1 1950 1987 1716 1840
1984 3 2 1 1 1800 2122 2157 1982
1985 3 2 1 1 2129 2087 2300 2279
1986 3 2 1 1 3753 3685 3577 3794
1987 3 2 1 1 4855 4877 4732 4798
1988 3 2 1 1 5118 5114 4977 5091
1989 3 2 1 1 2661 2857 2435 2587
1990 3 2 1 1 2274 2262 2584 2373
1991 3 2 1 1 4568 4492 4399 4569
1992 3 2 1 1 1933 1660 1860 2152
1993 3 2 1 1 3586 3450 3693 3653
1994 3 2 1 1 3666 3564 3635 3750
1995 3 2 1 1 4851 4783 4900 4972
1996 3 2 1 1 2285 2363 2213 2070
1997 3 2 1 1 372 237 238 552
1998 3 2 1 1 1369 1176 1330 1538
1999 3 2 1 1 2058 2203 2465 2313
2000 3 2 1 1 3862 3794 3652 3897
2001 3 2 1 1 2001 2138 2011 1856
2002 3 2 1 1 1700 1988 1839 1495
2003 3 2 1 1 1866 1913 2155 1638
2004 3 2 1 1 2457 2734 2538 2335
2005 3 2 1 1 3090 3170 3355 2906
2006 3 2 1 1 3741 3679 3517 3893
2007 3 2 1 1 1702 1642 1984 1803
2008 3 2 1 1 2859 2980 3110 2622
2009 3 2 1 1 2419 2524 2347 2289
2010 3 2 1 1 3350 3231 3466 3456
2011 3 2 1 1 2867 3018 2936 2667
2012 3 2 1 1 3123 3265 3184 3016
2013 3 2 1 1 3735 3878 3689 3537
2014 3 2 1 1 3075 3042 3242 3172
2015 3 2 1 1 3846 4049 4213 3992
2016 3 2 1 1 901 1067 1081 673
2017 3 2 1 1 3194 3172 3363 3276
2018 3 2 1 1 3450 3586 3216 3354
2019 3 2 1 1 679 1072 1082 909
2020 3 2 1 1 1691 1834 1943 2114
2021 3 2 1 1 976 1078 1411 1144
2022 3 2 1 1 754 814 1058 753
2023 3 2 1 1 2694 2568 2416 2860
2024 3 2 1 1 730 882 1059 503
2025 3 2 1 1 1769 2089 2156 2000
2026 3 2 1 1 5097 4964 4888 5029
2027 3 2 1 1 4853 4872 4731 4788
2028 3 2 1 1 416 551 99 100
2029 3 2 1 1 1380 1183 1304 1552
2030 3 2 1 1 4650 4544 4607 4695
2031 3 2 1 1 4680 4798 4532 4651
2032 3 2 1 1 2918 2946 2713 2817
2033 3 2 1 1 3652 3578 3462 3679
2034 3 2 1 1 564 744 913 346
2035 3 2 1 1 4977 5012 4885 4943
2036 3 2 1 1 2787 2822 2588 2706
2037 3 2 1 1 3084 2952 2829 3083
2038 3 2 1 1 1246 1402 1407 985
2039 3 2 1 1 2887 3123 3016 2805
2040 3 2 1 1 2652 2562 2438 2686
2041 3 2 1 1 2775 2955 2560 2690
2042 3 2 1 1 2649 2554 2428 2683
2043 3 2 1 1 3158 3081 2900 3324
2044 3 2 1 1 1448 1249 1605 1509
2045 3 2 1 1 1823 1676 1573 1824
2046 3 2 1 1 2241 2149 1951 2293
2047 3 2 1 1 5095 5020 4951 4992
2048 3 2 1 1 1544 1659 1721 1491
2049 3 2 1 1 2551 2656 2856 2550
2050 3 2 1 1 4906 4943 4807 4872
2051 3 2 1 1 2955 2775 2894 3042
2052 3 2 1 1 2941 3111 2852 2984
2053 3 2 1 1 479 307 721 492
2054 3 2 1 1 577 677 916 347
2055 3 2 1 1 741 898 919 749
2056 3 2 1 1 1179 1307 1571 1229
2057 3 2 1 1 2613 2867 2667 2606
2058 3 2 1 1 2488 2205 2425 2716
2059 3 2 1 1 2116 2092 1772 1978
2060 3 2 1 1 2692 2575 2638 2791
2061 3 2 1 1 4975 4933 4809 4890
2062 3 2 1 1 406 553 159 160
2063 3 2 1 1 3170 3331 3467 3445
2064 3 2 1 1 2566 2712 2983 2849
2065 3 2 1 1 3030 2974 2766 3222
2066 3 2 1 1 1692 1861 1632 1496
2067 3 2 1 1 2392 2550 2586 2243
2068 3 2 1 1 414 236 237 372
2069 3 2 1 1 4891 5030 4962 4806
2070 3 2 1 1 1177 1370 894 1074
2071 3 2 1 1 3899 3732 3621 3697
2072 3 2 1 1 2150 2010 2434 2199
2073 3 2 1 1 2897 2843 2632 3101
2074 3 2 1 1 4774 4927 4874 4744
2075 3 2 1 1 2233 2272 2014 2125
2076 3 2 1 1 1227 1327 1557 1226
2077 3 2 1 1 4599 4726 4550 4432
2078 3 2 1 1 3397 3333 3213 3572
2079 3 2 1 1 580 672 521 309
2080 3 2 1 1 1493 1545 1247 1401
2081 3 2 1 1 3686 3509 3909 3754
2082 3 2 1 1 2395 2398 2719 2491
2083 3 2 1 1 521 1041 855 752
2084 3 2 1 1 657 887 1005 1206
2085 3 2 1 1 3687 3524 3625 3798
2086 3 2 1 1 2907 2722 2792 3107
2087 3 2 1 1 1564 1340 1720 1708
2088 3 2 1 1 679 582 443 757
2089 3 2 1 1 1404 1496 1310 1245
2090 3 2 1 1 3477 3708 3519 3319
2091 3 2 1 1 3788 3751 4015 3861
2092 3 2 1 1 3407 3565 3650 3778
2093 3 2 1 1 1011 929 654 1089
2094 3 2 1 1 2374 2275 2156 2405
2095 3 2 1 1 4761 4887 5023 4958
2096 3 2 1 1 2124 1918 2231 2397
2097 3 2 1 1 3178 3107 2959 3223
2098 3 2 1 1 1772 2003 1821 1651
2099 3 2 1 1 3235 3234 2919 3114
2100 3 2 1 1 4303 4337 4491 4277
2101 3 2 1 1 4268 4309 4295 4423
2102 3 2 1 1 2950 2919 3234 3046
2103 3 2 1 1 2793 2700 2563 2843
2104 3 2 1 1 4427 4570 4731 4596
2105 3 2 1 1 3015 3062 2937 2883
2106 3 2 1 1 1366 1563 1706 1210
2107 3 2 1 1 2921 2985 3238 3027
2108 3 2 1 1 1529 1476 1199 1365
2109 3 2 1 1 3437 3458 3596 3512
2110 3 2 1 1 415 323 285 286
2111 3 2 1 1 3672 3780 3910 3508
2112 3 2 1 1 1059 1213 1381 827
2113 3 2 1 1 3797 3798 3842 4004
2114 3 2 1 1 1703 1141 1338 1477
2115 3 2 1 1 2542 2513 2731 2643
2116 3 2 1 1 3051 2962 2793 3096
2117 3 2 1 1 1257 1592 1345 993
2118 3 2 1 1 1477 1996 1838 1703
2119 3 2 1 1 1379 1550 1570 1184
2120 3 2 1 1 1660 1307 1558 1860
2121 3 2 1 1 1779 1634 1823 1970
2122 3 2 1 1 2012 2011 2281 2090
2123 3 2 1 1 2741 2887 2805 2498
2124 3 2 1 1 556 293 294 338
2125 3 2 1 1 1079 917 739 489
2126 3 2 1 1 2777 2963 3115 3035
2127 3 2 1 1 1841 1406 1568 1658
2128 3 2 1 1 2122 1800 1991 2083
2129 3 2 1 1 834 1077 1397 1233
2130 3 2 1 1 4568 4569 4730 4609
2131 3 2 1 1 813 1228 1388 1069
2132 3 2 1 1 1500 1554 1722 1620
2133 3 2 1 1 3893 3967 4011 3741
2134 3 2 1 1 4423 4474 4382 4268
2135 3 2 1 1 4366 4351 4571 4445
2136 3 2 1 1 2511 2354 2541 2753
2137 3 2 1 1 446 344 493 754
2138 3 2 1 1 1157 1321 1524 1221
2139 3 2 1 1 2553 2501 2302 2393
2140 3 2 1 1 3094 3049 3360 3152
2141 3 2 1 1 369 510 733 406
2142 3 2 1 1 2962 3051 3118 2927
2143 3 2 1 1 4049 4245 4398 4213
2144 3 2 1 1 2657 2695 2396 2570
2145 3 2 1 1 3099 3098 2844 2969
2146 3 2 1 1 418 338 294 295
2147 3 2 1 1 3889 3890 3943 4067
2148 3 2 1 1 1990 1842 1660 1933
2149 3 2 1 1 2552 2365 2567 2697
2150 3 2 1 1 2067 2210 2144 1929
2151 3 2 1 1 3838 3905 4110 3945
2152 3 2 1 1 1480 1714 1900 1888
2153 3 2 1 1 3947 4079 3774 3878
2154 3 2 1 1 4002 4004 4083 4208
2155 3 2 1 1 3885 3733 3841 3966
2156 3 2 1 1 1557 1649 1819 1521
2157 3 2 1 1 2010 1867 1701 2146
2158 3 2 1 1 1096 944 1272 1273
2159 3 2 1 1 1266 1597 1324 1013
2160 3 2 1 1 3532 3684 3806 3730
2161 3 2 1 1 1654 1548 1310 1847
2162 3 2 1 1 4179 4271 4118 3952
2163 3 2 1 1 4359 4370 4570 4427
2164 3 2 1 1 1690 1818 1975 1466
2165 3 2 1 1 3843 3913 4066 4212
2166 3 2 1 1 3415 3439 3238 3326
2167 3 2 1 1 5071 5072 4958 5023
2168 3 2 1 1 1053 1378 1179 840
2169 3 2 1 1 3161 3320 3590 3401
2170 3 2 1 1 425 235 236 414
2171 3 2 1 1 2844 2954 2791 2638
2172 3 2 1 1 802 826 1089 654
2173 3 2 1 1 3085 2909 3026 3174
2174 3 2 1 1 525 1061 856 756
2175 3 2 1 1 4513 4643 4732 4679
2176 3 2 1 1 2004 1956 1704 1859
2177 3 2 1 1 1379 1184 1079 918
2178 3 2 1 1 1307 1179 1378 1558
2179 3 2 1 1 2549 2681 2234 2394
2180 3 2 1 1 1368 1566 1698 1158
2181 3 2 1 1 2284 2287 2422 2526
2182 3 2 1 1 3635 3795 3913 3843
2183 3 2 1 1 1122 945 1169 1440
2184 3 2 1 1 1966 1790 2080 2311
2185 3 2 1 1 1077 834 676 512
2186 3 2 1 1 4721 4722 4809 4763
2187 3 2 1 1 428 740 525 430
2188 3 2 1 1 2410 2106 2271 2409
2189 3 2 1 1 4562 4563 4400 4485
2190 3 2 1 1 415 286 287 419
2191 3 2 1 1 3283 3505 3268 3188
2192 3 2 1 1 4147 4298 4060 3946
2193 3 2 1 1 2397 2231 2525 2704
2194 3 2 1 1 4658 4673 4623 4752
2195 3 2 1 1 3434 3276 3406 3530
2196 3 2 1 1 914 1003 821 671
2197 3 2 1 1 1259 1089 826 1186
2198 3 2 1 1 2279 2245 1943 2129
2199 3 2 1 1 4481 4559 4391 4255
2200 3 2 1 1 2849 2983 3233 3108
2201 3 2 1 1 2527 2572 2300 2423
2202 3 2 1 1 2929 2971 2707 2795
2203 3 2 1 1 943 863 1282 1124
2204 3 2 1 1 2373 2584 2662 2723
2205 3 2 1 1 4598 4720 4452 4563
2206 3 2 1 1 722 1049 885 728
2207 3 2 1 1 4696 4808 4963 4887
2208 3 2 1 1 417 292 293 556
2209 3 2 1 1 975 1071 1408 1142
2210 3 2 1 1 1522 1356 1830 1715
2211 3 2 1 1 2725 2991 2870 2687
2212 3 2 1 1 1459 1569 1868 1622
2213 3 2 1 1 1657 1846 1701 1549
2214 3 2 1 1 4302 4357 4399 4153
2215 3 2 1 1 1307 1660 1842 1571
2216 3 2 1 1 3752 3681 3593 3790
2217 3 2 1 1 2131 1838 1996 2130
2218 3 2 1 1 1761 1468 1896 2052
2219 3 2 1 1 1494 1982 1801 1695
2220 3 2 1 1 3653 3795 3459 3586
2221 3 2 1 1 1928 1839 1988 2106
2222 3 2 1 1 3856 3875 3696 3771
2223 3 2 1 1 1142 1335 1177 975
2224 3 2 1 1 1651 1715 1978 1772
2225 3 2 1 1 1104 1413 1262 844
2226 3 2 1 1 1857 1661 2154 2016
2227 3 2 1 1 3330 3237 2988 3089
2228 3 2 1 1 2005 2153 2429 2298
2229 3 2 1 1 313 538 127 128
2230 3 2 1 1 316 82 83 572
2231 3 2 1 1 1922 2126 1795 1643
2232 3 2 1 1 357 69 70 576
2233 3 2 1 1 2268 1779 1970 2068
2234 3 2 1 1 1248 1189 1119 837
2235 3 2 1 1 423 139 140 557
2236 3 2 1 1 747 918 1079 489
2237 3 2 1 1 899 998 962 738
2238 3 2 1 1 2236 2152 2007 2273
2239 3 2 1 1 2140 1954 2284 2424
2240 3 2 1 1 1695 1801 1626 1542
2241 3 2 1 1 2226 2254 2020 2107
2242 3 2 1 1 4191 4193 3964 4090
2243 3 2 1 1 2198 2430 2575 2692
2244 3 2 1 1 2841 2840 2549 2696
2245 3 2 1 1 2959 2842 2649 2960
2246 3 2 1 1 3326 3207 3295 3415
2247 3 2 1 1 1390 1559 1704 1853
2248 3 2 1 1 2397 2220 1983 2124
2249 3 2 1 1 3797 3908 3512 3596
2250 3 2 1 1 617 465 791 792
2251 3 2 1 1 1622 1868 2125 2014
2252 3 2 1 1 2660 2702 2431 2572
2253 3 2 1 1 727 876 1033 518
2254 3 2 1 1 1656 1851 1318 1551
2255 3 2 1 1 1953 1632 1861 2133
2256 3 2 1 1 3150 3354 3099 2892
2257 3 2 1 1 4383 4386 4191 4298
2258 3 2 1 1 1568 977 1225 1405
2259 3 2 1 1 3951 4062 3970 3862
2260 3 2 1 1 4697 4710 4572 4629
2261 3 2 1 1 756 856 1043 755
2262 3 2 1 1 978 1249 940 843
2263 3 2 1 1 1637 1851 1983 2135
2264 3 2 1 1 3082 3046 3357 3204
2265 3 2 1 1 2795 2847 2986 2929
2266 3 2 1 1 412 558 249 250
2267 3 2 1 1 3959 4106 4207 4306
2268 3 2 1 1 308 72 73 578
2269 3 2 1 1 4728 4729 4562 4659
2270 3 2 1 1 1406 1223 977 1568
2271 3 2 1 1 1546 1337 1139 1694
2272 3 2 1 1 3750 3777 3592 3666
2273 3 2 1 1 1026 1038 1239 1410
2274 3 2 1 1 1901 2185 1963 1665
2275 3 2 1 1 1795 1829 1516 1717
2276 3 2 1 1 2214 1928 2106 2410
2277 3 2 1 1 5062 5080 4939 5016
2278 3 2 1 1 555 373 96 97
2279 3 2 1 1 1954 2140 1797 1615
2280 3 2 1 1 4065 4212 4263 4396
2281 3 2 1 1 2239 1915 2131 2421
2282 3 2 1 1 4929 4946 4811 4880
2283 3 2 1 1 2416 2278 2411 2518
2284 3 2 1 1 2833 3088 2964 2834
2285 3 2 1 1 4612 4632 4449 4573
2286 3 2 1 1 5079 5115 5055 5021
2287 3 2 1 1 3056 3103 2848 2971
2288 3 2 1 1 374 138 139 423
2289 3 2 1 1 1870 1785 2160 1923
2290 3 2 1 1 4493 4395 4312 4494
2291 3 2 1 1 419 287 288 421
2292 3 2 1 1 379 573 75 76
2293 3 2 1 1 1317 1217 1339 1553
2294 3 2 1 1 1388 1228 1657 1549
2295 3 2 1 1 2146 1701 1846 1915
2296 3 2 1 1 2278 1953 2133 2411
2297 3 2 1 1 425 559 234 235
2298 3 2 1 1 1378 1053 885 1167
2299 3 2 1 1 3299 3347 3109 3230
2300 3 2 1 1 2790 2987 3093 3211
2301 3 2 1 1 3313 3315 3041 3189
2302 3 2 1 1 1390 1498 1371 1181
2303 3 2 1 1 2704 2525 2854 2963
2304 3 2 1 1 4048 4151 4312 4113
2305 3 2 1 1 422 95 96 373
2306 3 2 1 1 758 888 1065 493
2307 3 2 1 1 2778 2683 2503 2951
2308 3 2 1 1 1852 1936 2123 1804
2309 3 2 1 1 3892 3790 3692 3894
2310 3 2 1 1 492 797 635 479
2311 3 2 1 1 3845 3627 3752 4007
2312 3 2 1 1 1401 1218 1318 1493
2313 3 2 1 1 4343 4151 4260 4489
2314 3 2 1 1 1853 1615 1498 1390
2315 3 2 1 1 2522 2369 2548 2647
2316 3 2 1 1 565 350 899 738
2317 3 2 1 1 1547 1322 1164 1264
2318 3 2 1 1 3663 3537 3346 3453
2319 3 2 1 1 1619 1814 1303 1517
2320 3 2 1 1 1853 1704 1956 2151
2321 3 2 1 1 2526 2422 2703 2853
2322 3 2 1 1 2691 2214 2410 2512
2323 3 2 1 1 309 64 65 580
2324 3 2 1 1 2202 2437 2117 1972
2325 3 2 1 1 2694 2926 2833 2574
2326 3 2 1 1 1172 1292 836 1102
2327 3 2 1 1 856 1404 1245 1043
2328 3 2 1 1 2701 2290 2369 2522
2329 3 2 1 1 2840 2977 2681 2549
2330 3 2 1 1 915 1063 496 731
2331 3 2 1 1 1851 1637 1493 1318
2332 3 2 1 1 2356 2074 2268 2582
2333 3 2 1 1 2077 2428 2554 2303
2334 3 2 1 1 3972 3904 3808 4005
2335 3 2 1 1 347 78 79 577
2336 3 2 1 1 1403 1223 1406 1544
2337 3 2 1 1 2065 1993 2134 2294
2338 3 2 1 1 3560 3470 3233 3321
2339 3 2 1 1 3771 3696 3470 3560
2340 3 2 1 1 955 709 921 1048
2341 3 2 1 1 2575 2342 2483 2638
2342 3 2 1 1 4260 4209 4096 4296
2343 3 2 1 1 1847 2134 1993 1654
2344 3 2 1 1 3217 3218 3346 3449
2345 3 2 1 1 374 562 137 138
2346 3 2 1 1 1371 1180 1068 855
2347 3 2 1 1 3041 3074 2850 2946
2348 3 2 1 1 904 1057 918 747
2349 3 2 1 1 1057 904 748 1056
2350 3 2 1 1 1229 1571 1696 1375
2351 3 2 1 1 1810 2024 1793 1648
2352 3 2 1 1 4048 4005 3845 4209
2353 3 2 1 1 570 333 512 676
2354 3 2 1 1 1985 2113 2264 1818
2355 3 2 1 1 4661 4741 4828 4754
2356 3 2 1 1 326 420 509 737
2357 3 2 1 1 5115 5149 5098 5137
2358 3 2 1 1 619 388 652 954
2359 3 2 1 1 4515 4494 4343 4653
2360 3 2 1 1 1597 1345 1645 1893
2361 3 2 1 1 951 1280 988 775
2362 3 2 1 1 1067 1068 1180 1384
2363 3 2 1 1 3436 3272 3225 3057
2364 3 2 1 1 2570 2352 2496 2657
2365 3 2 1 1 3891 3861 4116 3997
2366 3 2 1 1 4436 4495 4245 4407
2367 3 2 1 1 567 755 914 343
2368 3 2 1 1 2952 3084 2900 2768
2369 3 2 1 1 4384 4296 4215 4385
2370 3 2 1 1 417 561 291 292
2371 3 2 1 1 1689 1498 1615 1797
2372 3 2 1 1 1843 1802 1546 1694
2373 3 2 1 1 3098 3207 2954 2844
2374 3 2 1 1 4703 4653 4564 4724
2375 3 2 1 1 5136 5137 5030 5097
2376 3 2 1 1 936 1267 1117 642
2377 3 2 1 1 2965 2966 3024 3218
2378 3 2 1 1 3990 3989 3801 3910
2379 3 2 1 1 421 288 289 560
2380 3 2 1 1 3083 2829 2928 3186
2381 3 2 1 1 618 390 661 956
2382 3 2 1 1 2705 2654 2436 2576
2383 3 2 1 1 3843 4003 3750 3635
2384 3 2 1 1 4731 4570 4644 4788
2385 3 2 1 1 2354 2511 2717 2432
2386 3 2 1 1 3801 3756 3563 3688
2387 3 2 1 1 895 1009 813 743
2388 3 2 1 1 3048 2951 2863 3081
2389 3 2 1 1 2958 3049 2977 2840
2390 3 2 1 1 1229 1070 840 1179
2391 3 2 1 1 1370 1175 1091 894
2392 3 2 1 1 1834 1705 1561 1832
2393 3 2 1 1 2789 2828 2544 2685
2394 3 2 1 1 4564 4489 4384 4566
2395 3 2 1 1 1528 1323 1825 1675
2396 3 2 1 1 1689 1497 1384 1180
2397 3 2 1 1 4619 4719 4813 4715
2398 3 2 1 1 3218 3217 3106 2965
2399 3 2 1 1 3105 3106 3217 3348
2400 3 2 1 1 3468 3467 3331 3206
2401 3 2 1 1 1719 1478 1185 1373
2402 3 2 1 1 3948 3997 4219 4047
2403 3 2 1 1 888 758 860 1060
2404 3 2 1 1 559 317 233 234
2405 3 2 1 1 2146 2297 2434 2010
2406 3 2 1 1 3225 3024 2966 2762
2407 3 2 1 1 3449 3448 3348 3217
2408 3 2 1 1 1244 1006 911 680
2409 3 2 1 1 1276 1097 1438 1582
2410 3 2 1 1 3684 3532 3440 3296
2411 3 2 1 1 697 468 629 801
2412 3 2 1 1 3205 3174 3367 3297
2413 3 2 1 1 4105 4064 4001 3863
2414 3 2 1 1 4386 4383 4572 4477
2415 3 2 1 1 918 1057 1185 1379
2416 3 2 1 1 941 1261 971 682
2417 3 2 1 1 2965 3106 2853 2703
2418 3 2 1 1 1392 1499 1723 1391
2419 3 2 1 1 3343 3348 3448 3584
2420 3 2 1 1 3964 3982 3809 3875
2421 3 2 1 1 4979 5018 4889 4946
2422 3 2 1 1 1628 1862 1947 2128
2423 3 2 1 1 1919 2474 2201 2187
2424 3 2 1 1 973 1559 1390 1181
2425 3 2 1 1 326 141 142 420
2426 3 2 1 1 1499 1555 1617 1833
2427 3 2 1 1 3453 3272 3563 3663
2428 3 2 1 1 4096 4007 3892 4104
2429 3 2 1 1 4387 4356 4573 4449
2430 3 2 1 1 3795 3635 3564 3459
2431 3 2 1 1 4101 3968 3755 3902
2432 3 2 1 1 2288 2090 2581 2433
2433 3 2 1 1 2720 2518 2691 2813
2434 3 2 1 1 3110 2980 3236 3229
2435 3 2 1 1 896 1241 1056 748
2436 3 2 1 1 1933 2077 2303 1990
2437 3 2 1 1 2966 2965 2703 2845
2438 3 2 1 1 4137 4055 4039 3918
2439 3 2 1 1 4703 4888 4964 4810
2440 3 2 1 1 1245 1310 1548 1166
2441 3 2 1 1 4764 4724 4608 4802
2442 3 2 1 1 953 687 995 1278
2443 3 2 1 1 2829 2658 2794 2928
2444 3 2 1 1 2762 2976 3057 3225
2445 3 2 1 1 1406 1841 1659 1544
2446 3 2 1 1 4311 4310 4168 4062
2447 3 2 1 1 680 909 1082 1244
2448 3 2 1 1 2147 2008 2073 2244
2449 3 2 1 1 2571 2659 2861 2375
2450 3 2 1 1 4494 4515 4659 4493
2451 3 2 1 1 4771 4684 4838 4971
2452 3 2 1 1 3515 3627 3808 3591
2453 3 2 1 1 2151 1956 2056 2287
2454 3 2 1 1 2714 2620 2340 2586
2455 3 2 1 1 2980 2859 2722 2907
2456 3 2 1 1 3195 3035 3166 3292
2457 3 2 1 1 931 1253 1010 769
2458 3 2 1 1 2656 2551 2412 2820
2459 3 2 1 1 3546 3409 3311 3501
2460 3 2 1 1 3338 3101 2964 3160
2461 3 2 1 1 902 645 578 436
2462 3 2 1 1 2301 2057 1948 1766
2463 3 2 1 1 2428 2077 2236 2358
2464 3 2 1 1 4706 4765 4691 4605
2465 3 2 1 1 16 366 454 15
2466 3 2 1 1 3773 3626 3736 3857
2467 3 2 1 1 3672 3508 3293 3455
2468 3 2 1 1 426 232 233 317
2469 3 2 1 1 689 1108 807 486
2470 3 2 1 1 1559 1296 1859 1704
2471 3 2 1 1 2969 2760 2892 3099
2472 3 2 1 1 1694 1139 1407 1457
2473 3 2 1 1 3277 3515 3591 3461
2474 3 2 1 1 4242 4376 4045 4193
2475 3 2 1 1 357 579 68 69
2476 3 2 1 1 4202 4042 3990 3836
2477 3 2 1 1 4005 4048 4113 3972
2478 3 2 1 1 4464 4463 4244 4403
2479 3 2 1 1 4170 4211 4400 4240
2480 3 2 1 1 4605 4627 4437 4545
2481 3 2 1 1 3155 3204 3471 3279
2482 3 2 1 1 3459 3564 3415 3295
2483 3 2 1 1 4289 4345 4406 4248
2484 3 2 1 1 1554 1305 1865 1722
2485 3 2 1 1 2015 1457 1709 1786
2486 3 2 1 1 3113 2661 2851 2930
2487 3 2 1 1 4767 4780 4655 4710
2488 3 2 1 1 1478 1699 1866 1550
2489 3 2 1 1 4207 4208 4403 4244
2490 3 2 1 1 4463 4464 4663 4519
2491 3 2 1 1 427 231 232 426
2492 3 2 1 1 2838 2341 2564 2621
2493 3 2 1 1 2845 2620 2762 2966
2494 3 2 1 1 4006 3889 4067 4196
2495 3 2 1 1 930 775 988 1277
2496 3 2 1 1 358 61 62 581
2497 3 2 1 1 491 1069 859 757
2498 3 2 1 1 2089 1769 2013 2286
2499 3 2 1 1 3668 3509 3468 3273
2500 3 2 1 1 3732 3899 3969 4097
2501 3 2 1 1 4486 4392 4428 4535
2502 3 2 1 1 4653 4703 4810 4515
2503 3 2 1 1 4729 4728 4891 4806
2504 3 2 1 1 1549 1701 1867 1301
2505 3 2 1 1 3226 3025 2925 2763
2506 3 2 1 1 1762 1810 1648 1610
2507 3 2 1 1 1630 1863 2153 2005
2508 3 2 1 1 1041 809 973 1181
2509 3 2 1 1 3230 3229 3469 3299
2510 3 2 1 1 2820 2412 2565 2655
2511 3 2 1 1 3537 3689 3449 3346
2512 3 2 1 1 5017 4912 4759 4877
2513 3 2 1 1 797 796 355 635
2514 3 2 1 1 2408 2280 2436 2519
2515 3 2 1 1 4550 4549 4367 4478
2516 3 2 1 1 4611 4727 4892 4808
2517 3 2 1 1 4833 4962 5098 4980
2518 3 2 1 1 2426 2349 2210 2067
2519 3 2 1 1 4211 4170 3969 4112
2520 3 2 1 1 4657 4520 4484 4344
2521 3 2 1 1 4185 4152 3949 4077
2522 3 2 1 1 5089 5087 4996 4937
2523 3 2 1 1 1782 2271 2106 1988
2524 3 2 1 1 852 1029 1364 1242
2525 3 2 1 1 1834 1832 2129 1943
2526 3 2 1 1 2524 2419 2290 2701
2527 3 2 1 1 2716 2834 2632 2488
2528 3 2 1 1 4885 4830 4781 4678
2529 3 2 1 1 1335 1490 1370 1177
2530 3 2 1 1 4392 4486 4288 4143
2531 3 2 1 1 3768 3849 4016 3745
2532 3 2 1 1 5085 5045 5017 4913
2533 3 2 1 1 1085 759 916 1007
2534 3 2 1 1 4370 4359 4145 4278
2535 3 2 1 1 5125 5047 5024 4911
2536 3 2 1 1 17 592 366 16
2537 3 2 1 1 2976 2949 3201 3057
2538 3 2 1 1 3584 3448 3511 3677
2539 3 2 1 1 3697 3800 3912 3899
2540 3 2 1 1 380 489 739 441
2541 3 2 1 1 4461 4338 4308 4186
2542 3 2 1 1 5126 5044 5027 4912
2543 3 2 1 1 4373 4347 4299 4165
2544 3 2 1 1 2562 2273 2062 2438
2545 3 2 1 1 3663 3563 3756 3903
2546 3 2 1 1 2287 2056 2573 2422
2547 3 2 1 1 2796 2987 2723 2662
2548 3 2 1 1 2496 2709 2783 2972
2549 3 2 1 1 4955 4840 4919 5001
2550 3 2 1 1 1939 2108 1673 1814
2551 3 2 1 1 3030 3288 3466 3231
2552 3 2 1 1 2000 1460 1655 1769
2553 3 2 1 1 1849 2013 1769 1655
2554 3 2 1 1 4186 4275 4367 4461
2555 3 2 1 1 422 563 94 95
2556 3 2 1 1 915 1339 1217 1063
2557 3 2 1 1 569 375 895 743
2558 3 2 1 1 4734 4733 4641 4547
2559 3 2 1 1 2834 2716 2574 2833
2560 3 2 1 1 3101 3338 3213 2897
2561 3 2 1 1 4045 4184 3850 3982
2562 3 2 1 1 2587 2158 2242 2346
2563 3 2 1 1 3208 3291 3168 3034
2564 3 2 1 1 4793 4792 4633 4726
2565 3 2 1 1 482 153 154 391
2566 3 2 1 1 531 707 928 348
2567 3 2 1 1 1859 1638 2155 2004
2568 3 2 1 1 1194 1434 1109 920
2569 3 2 1 1 4985 5060 5003 4932
2570 3 2 1 1 2698 2792 2722 2521
2571 3 2 1 1 2655 2838 2924 3090
2572 3 2 1 1 4591 4673 4559 4481
2573 3 2 1 1 2528 2557 2862 2630
2574 3 2 1 1 1141 1009 1220 1338
2575 3 2 1 1 2280 2057 2576 2436
2576 3 2 1 1 2543 2356 2582 2651
2577 3 2 1 1 3118 3222 2766 2927
2578 3 2 1 1 3419 3581 3166 3345
2579 3 2 1 1 1719 1845 1699 1478
2580 3 2 1 1 2985 2921 2787 2637
2581 3 2 1 1 3058 3232 3457 3296
2582 3 2 1 1 4428 4567 4660 4597
2583 3 2 1 1 3393 3583 3697 3621
2584 3 2 1 1 4681 4797 4857 4949
2585 3 2 1 1 2060 2571 2375 2293
2586 3 2 1 1 377 731 496 432
2587 3 2 1 1 1950 2135 2427 2282
2588 3 2 1 1 3910 3780 3836 3990
2589 3 2 1 1 3756 3801 3989 4100
2590 3 2 1 1 4181 4050 3849 3979
2591 3 2 1 1 4273 4274 4076 4184
2592 3 2 1 1 379 574 759 905
2593 3 2 1 1 4100 3973 3903 3756
2594 3 2 1 1 818 1219 1400 1049
2595 3 2 1 1 1723 1499 1833 1995
2596 3 2 1 1 1720 1850 1998 1708
2597 3 2 1 1 2158 2587 2435 2301
2598 3 2 1 1 3581 3405 3292 3166
2599 3 2 1 1 1955 2242 2158 2006
2600 3 2 1 1 2244 2073 2412 2551
2601 3 2 1 1 4952 4844 4688 4800
2602 3 2 1 1 3673 3888 3789 3674
2603 3 2 1 1 316 749 519 435
2604 3 2 1 1 1566 1864 1980 1698
2605 3 2 1 1 2008 1932 2291 2073
2606 3 2 1 1 2092 2296 2003 1772
2607 3 2 1 1 2286 2425 2205 2089
2608 3 2 1 1 3787 3621 3732 3890
2609 3 2 1 1 1108 1105 1268 1422
2610 3 2 1 1 1152 1692 1496 1404
2611 3 2 1 1 3677 3511 3774 3900
2612 3 2 1 1 3622 3796 3863 4001
2613 3 2 1 1 3735 3903 3973 4103
2614 3 2 1 1 2372 2561 2059 2272
2615 3 2 1 1 1820 1680 2002 2132
2616 3 2 1 1 3899 3912 4112 3969
2617 3 2 1 1 4098 3986 4186 4308
2618 3 2 1 1 3989 3990 4042 4166
2619 3 2 1 1 2847 2622 3110 2986
2620 3 2 1 1 3210 2926 3095 3209
2621 3 2 1 1 3167 3351 3594 3408
2622 3 2 1 1 3734 3900 3986 4098
2623 3 2 1 1 4166 4042 4294 4374
2624 3 2 1 1 4597 4660 4811 4682
2625 3 2 1 1 2851 2346 2523 2627
2626 3 2 1 1 1551 1497 1837 1656
2627 3 2 1 1 3890 3889 3693 3787
2628 3 2 1 1 3160 2964 3088 3300
2629 3 2 1 1 3888 3673 3802 3887
2630 3 2 1 1 4394 4240 4452 4567
2631 3 2 1 1 2763 2979 3058 3226
2632 3 2 1 1 2062 1925 2157 2289
2633 3 2 1 1 2563 2405 2205 2488
2634 3 2 1 1 2282 2427 2680 2585
2635 3 2 1 1 2658 2829 2952 2490
2636 3 2 1 1 4845 4864 4725 4780
2637 3 2 1 1 420 142 143 424
2638 3 2 1 1 3455 3421 3534 3672
2639 3 2 1 1 3668 3779 3909 3509
2640 3 2 1 1 3909 3779 3838 4009
2641 3 2 1 1 861 1077 512 764
2642 3 2 1 1 4640 4599 4432 4554
2643 3 2 1 1 2142 1948 2057 2280
2644 3 2 1 1 2084 2141 2408 2283
2645 3 2 1 1 1241 1052 1139 1337
2646 3 2 1 1 2837 2654 2763 2925
2647 3 2 1 1 3057 3201 3293 3436
2648 3 2 1 1 3408 3594 3809 3636
2649 3 2 1 1 3836 4001 4064 4202
2650 3 2 1 1 4374 4294 4336 4441
2651 3 2 1 1 4472 4355 4532 4643
2652 3 2 1 1 4866 4865 4769 4733
2653 3 2 1 1 752 855 1068 751
2654 3 2 1 1 2114 1943 2245 2430
2655 3 2 1 1 3592 3524 3463 3301
2656 3 2 1 1 3682 3628 3398 3582
2657 3 2 1 1 4084 3945 4146 4303
2658 3 2 1 1 4239 4396 4451 4553
2659 3 2 1 1 4805 4721 4763 4884
2660 3 2 1 1 5126 5045 5121 5144
2661 3 2 1 1 435 519 750 440
2662 3 2 1 1 2298 2429 2672 2583
2663 3 2 1 1 4094 3789 3888 3955
2664 3 2 1 1 5076 4981 4961 4844
2665 3 2 1 1 436 573 678 902
2666 3 2 1 1 4614 4635 4496 4552
2667 3 2 1 1 1694 1457 2015 1843
2668 3 2 1 1 1460 2000 1805 1710
2669 3 2 1 1 2895 3119 2841 2624
2670 3 2 1 1 3186 2928 3053 3349
2671 3 2 1 1 3674 3572 3447 3673
2672 3 2 1 1 4877 4855 4913 5017
2673 3 2 1 1 2293 2375 2569 2241
2674 3 2 1 1 4202 4064 4145 4301
2675 3 2 1 1 4884 4763 4850 4951
2676 3 2 1 1 3095 2860 2720 2915
2677 3 2 1 1 3296 3457 3585 3684
2678 3 2 1 1 4009 3838 3945 4084
2679 3 2 1 1 3953 4052 4214 3998
2680 3 2 1 1 4301 4145 4359 4490
2681 3 2 1 1 357 576 748 904
2682 3 2 1 1 1396 1533 1690 1155
2683 3 2 1 1 2519 2436 2654 2837
2684 3 2 1 1 2342 2575 2430 2245
2685 3 2 1 1 4146 4297 4355 4472
2686 3 2 1 1 4853 4759 4912 5027
2687 3 2 1 1 4912 5017 5045 5126
2688 3 2 1 1 1620 1722 2006 1766
2689 3 2 1 1 3078 2906 3355 3200
2690 3 2 1 1 3273 3440 3532 3668
2691 3 2 1 1 4490 4359 4427 4548
2692 3 2 1 1 4561 4484 4520 4620
2693 3 2 1 1 2943 2764 3132 3039
2694 3 2 1 1 310 210 211 584
2695 3 2 1 1 1057 1056 1373 1185
2696 3 2 1 1 4882 5028 4930 4859
2697 3 2 1 1 1925 1801 1982 2157
2698 3 2 1 1 3673 3447 3576 3802
2699 3 2 1 1 4103 3973 4165 4299
2700 3 2 1 1 4002 4106 3807 3908
2701 3 2 1 1 3789 4094 3967 3893
2702 3 2 1 1 4441 4336 4547 4641
2703 3 2 1 1 902 678 1083 1246
2704 3 2 1 1 905 759 1085 1230
2705 3 2 1 1 1682 1461 1144 1411
2706 3 2 1 1 3157 3462 3578 3356
2707 3 2 1 1 4098 3946 3860 3734
2708 3 2 1 1 1228 813 1009 1141
2709 3 2 1 1 4788 4679 4759 4853
2710 3 2 1 1 1956 2004 2295 2056
2711 3 2 1 1 4108 3870 4000 4107
2712 3 2 1 1 4073 3976 3872 4038
2713 3 2 1 1 4478 4347 4432 4550
2714 3 2 1 1 2686 2768 2863 2652
2715 3 2 1 1 3218 3024 3453 3346
2716 3 2 1 1 3278 3413 3362 3191
2717 3 2 1 1 4723 4641 4733 4769
2718 3 2 1 1 389 533 714 875
2719 3 2 1 1 1003 1166 1382 821
2720 3 2 1 1 2928 2794 2968 3053
2721 3 2 1 1 2621 2837 2925 3086
2722 3 2 1 1 3946 4060 3995 3860
2723 3 2 1 1 1553 1655 1460 1317
2724 3 2 1 1 1386 1500 1720 1340
2725 3 2 1 1 1337 1546 1719 1373
2726 3 2 1 1 427 564 230 231
2727 3 2 1 1 3354 3150 3579 3450
2728 3 2 1 1 3160 3576 3447 3338
2729 3 2 1 1 4911 5012 5048 5125
2730 3 2 1 1 2681 2484 2404 2234
2731 3 2 1 1 2623 2689 2988 2765
2732 3 2 1 1 3025 3273 3468 3206
2733 3 2 1 1 3734 3860 3793 3675
2734 3 2 1 1 4959 4830 4911 5024
2735 3 2 1 1 3667 3523 3278 3474
2736 3 2 1 1 3272 3436 3688 3563
2737 3 2 1 1 809 917 1231 973
2738 3 2 1 1 2972 2773 2657 2496
2739 3 2 1 1 2375 2861 2721 2569
2740 3 2 1 1 3003 2904 3032 3248
2741 3 2 1 1 3578 3652 3794 3577
2742 3 2 1 1 4397 4310 4344 4484
2743 3 2 1 1 4734 4630 4678 4781
2744 3 2 1 1 576 434 896 748
2745 3 2 1 1 3798 3797 3596 3687
2746 3 2 1 1 4866 4781 4830 4959
2747 3 2 1 1 2817 2774 3069 2918
2748 3 2 1 1 3301 3463 3228 3027
2749 3 2 1 1 4952 4865 4937 4996
2750 3 2 1 1 670 520 1051 910
2751 3 2 1 1 4153 4399 4492 4311
2752 3 2 1 1 3216 3295 3207 3098
2753 3 2 1 1 884 910 1247 1071
2754 3 2 1 1 1972 2117 1619 1829
2755 3 2 1 1 2418 2210 2349 2580
2756 3 2 1 1 3086 3206 3331 2924
2757 3 2 1 1 3679 3741 3897 3652
2758 3 2 1 1 3991 3915 3700 3781
2759 3 2 1 1 3962 4037 3746 3939
2760 3 2 1 1 4461 4367 4549 4654
2761 3 2 1 1 4689 4799 4856 4953
2762 3 2 1 1 1052 985 1407 1139
2763 3 2 1 1 2295 2243 2586 2340
2764 3 2 1 1 308 578 645 858
2765 3 2 1 1 3675 3793 3581 3419
2766 3 2 1 1 3684 3585 3911 3806
2767 3 2 1 1 1838 2131 1915 1846
2768 3 2 1 1 2856 2656 3078 2949
2769 3 2 1 1 4657 4568 4609 4722
2770 3 2 1 1 2352 2433 2709 2496
2771 3 2 1 1 2240 2283 2564 2341
2772 3 2 1 1 3662 3745 3918 3643
2773 3 2 1 1 2000 2156 2275 1805
2774 3 2 1 1 1802 1843 2148 1932
2775 3 2 1 1 4722 4609 4890 4809
2776 3 2 1 1 842 1225 977 898
2777 3 2 1 1 564 346 229 230
2778 3 2 1 1 2006 2158 2301 1766
2779 3 2 1 1 2979 2978 3232 3058
2780 3 2 1 1 3741 4011 4109 3897
2781 3 2 1 1 4058 4077 3917 3983
2782 3 2 1 1 4401 4402 4185 4256
2783 3 2 1 1 1867 1617 1555 1301
2784 3 2 1 1 1677 1798 1693 1732
2785 3 2 1 1 2620 2714 2976 2762
2786 3 2 1 1 3630 3562 3435 3776
2787 3 2 1 1 4793 4688 4844 4961
2788 3 2 1 1 863 681 1099 1282
2789 3 2 1 1 2269 2232 2570 2396
2790 3 2 1 1 4875 4762 4926 4925
2791 3 2 1 1 1850 1620 1766 1948
2792 3 2 1 1 311 909 680 585
2793 3 2 1 1 4486 4469 4388 4288
2794 3 2 1 1 4800 4769 4865 4952
2795 3 2 1 1 1083 1564 1402 1246
2796 3 2 1 1 3951 4153 4311 4062
2797 3 2 1 1 4307 4170 4240 4394
2798 3 2 1 1 4726 4599 4688 4793
2799 3 2 1 1 3534 3589 3796 3622
2800 3 2 1 1 566 228 229 346
2801 3 2 1 1 1569 1459 1335 1142
2802 3 2 1 1 3068 2942 2784 2932
2803 3 2 1 1 3520 3902 3755 3694
2804 3 2 1 1 734 673 1081 839
2805 3 2 1 1 991 1242 1525 1323
2806 3 2 1 1 2576 2435 2857 2705
2807 3 2 1 1 3688 3508 3910 3801
2808 3 2 1 1 2525 2699 2975 2854
2809 3 2 1 1 4274 4273 4496 4351
2810 3 2 1 1 585 680 911 381
2811 3 2 1 1 1841 1951 2149 1659
2812 3 2 1 1 3457 3456 3694 3585
2813 3 2 1 1 1222 1491 1305 1165
2814 3 2 1 1 3404 3300 3460 3553
2815 3 2 1 1 1402 1709 1457 1407
2816 3 2 1 1 1845 2008 2147 1699
2817 3 2 1 1 3971 4206 4110 3905
2818 3 2 1 1 4112 3912 4012 4111
2819 3 2 1 1 4064 4105 4278 4145
2820 3 2 1 1 4051 4255 4391 4169
2821 3 2 1 1 3445 3467 3686 3589
2822 3 2 1 1 1172 1437 1610 1326
2823 3 2 1 1 2404 2202 1972 2126
2824 3 2 1 1 2426 2583 2817 2713
2825 3 2 1 1 3945 4110 4297 4146
2826 3 2 1 1 3654 3587 3400 3799
2827 3 2 1 1 3730 3806 3971 3905
2828 3 2 1 1 4370 4491 4644 4570
2829 3 2 1 1 428 430 91 92
2830 3 2 1 1 749 919 1084 519
2831 3 2 1 1 2708 2717 2984 2852
2832 3 2 1 1 3435 3203 3325 3549
2833 3 2 1 1 3397 3517 3679 3462
2834 3 2 1 1 4097 3943 3890 3732
2835 3 2 1 1 4654 4549 4633 4698
2836 3 2 1 1 1231 1184 1570 1296
2837 3 2 1 1 3572 3674 3517 3397
2838 3 2 1 1 3118 3356 3451 3222
2839 3 2 1 1 2152 2236 2077 1933
2840 3 2 1 1 2586 2550 2856 2714
2841 3 2 1 1 2654 2705 2979 2763
2842 3 2 1 1 3067 3187 2913 3111
2843 3 2 1 1 4548 4630 4734 4547
2844 3 2 1 1 4943 4906 5091 4977
2845 3 2 1 1 3844 4013 4216 4114
2846 3 2 1 1 787 685 944 1096
2847 3 2 1 1 2859 2622 2579 2343
2848 3 2 1 1 2638 2483 2969 2844
2849 3 2 1 1 3674 3789 3893 3517
2850 3 2 1 1 4278 4277 4491 4370
2851 3 2 1 1 984 838 1130 1188
2852 3 2 1 1 4951 4850 5064 4992
2853 3 2 1 1 3027 3228 3079 2921
2854 3 2 1 1 3396 3472 3699 3513
2855 3 2 1 1 4643 4532 4798 4732
2856 3 2 1 1 563 325 93 94
2857 3 2 1 1 2946 2918 3189 3041
2858 3 2 1 1 3576 3160 3300 3404
2859 3 2 1 1 3201 3200 3455 3293
2860 3 2 1 1 4143 4288 4067 3943
2861 3 2 1 1 2414 2238 2706 2588
2862 3 2 1 1 1851 1656 2124 1983
2863 3 2 1 1 2093 1775 2041 2307
2864 3 2 1 1 2580 2349 2494 2634
2865 3 2 1 1 3451 3577 3685 3288
2866 3 2 1 1 4869 4792 4843 4928
2867 3 2 1 1 2557 2528 2207 2402
2868 3 2 1 1 2857 2661 3113 2978
2869 3 2 1 1 3794 3862 3970 3753
2870 3 2 1 1 4560 4536 4736 4621
2871 3 2 1 1 355 796 969 639
2872 3 2 1 1 1990 2303 2400 2136
2873 3 2 1 1 2897 3213 3333 3096
2874 3 2 1 1 4357 4438 4569 4399
2875 3 2 1 1 4907 5049 5104 5028
2876 3 2 1 1 2861 2927 2766 2721
2877 3 2 1 1 3342 3150 2892 3103
2878 3 2 1 1 3072 3191 3362 3040
2879 3 2 1 1 4046 4114 4313 4150
2880 3 2 1 1 4477 4433 4242 4386
2881 3 2 1 1 5045 5085 5143 5121
2882 3 2 1 1 4196 4066 3913 4006
2883 3 2 1 1 1680 1707 1848 2002
2884 3 2 1 1 2929 2986 3230 3109
2885 3 2 1 1 2420 2523 2346 2242
2886 3 2 1 1 3986 4079 4275 4186
2887 3 2 1 1 2422 2573 2845 2703
2888 3 2 1 1 4679 4732 4877 4759
2889 3 2 1 1 2968 2522 2647 2782
2890 3 2 1 1 2778 3214 3050 2960
2891 3 2 1 1 4275 4149 4478 4367
2892 3 2 1 1 2123 2270 2391 2113
2893 3 2 1 1 4830 4885 5012 4911
2894 3 2 1 1 2073 2291 2565 2412
2895 3 2 1 1 2562 2652 2503 2358
2896 3 2 1 1 2413 2585 2858 2712
2897 3 2 1 1 4534 4648 4340 4476
2898 3 2 1 1 2438 2062 2289 2347
2899 3 2 1 1 1218 1161 1551 1318
2900 3 2 1 1 2521 2722 2859 2343
2901 3 2 1 1 3275 3458 3323 3202
2902 3 2 1 1 4698 4633 4792 4869
2903 3 2 1 1 5012 4977 5114 5048
2904 3 2 1 1 3863 4008 4187 4105
2905 3 2 1 1 4094 4163 4051 3967
2906 3 2 1 1 4597 4702 4535 4428
2907 3 2 1 1 4929 4833 4980 5094
2908 3 2 1 1 2214 2691 2518 2411
2909 3 2 1 1 2346 2851 2661 2587
2910 3 2 1 1 3879 3987 3625 3777
2911 3 2 1 1 4569 4438 4658 4730
2912 3 2 1 1 4678 4807 4943 4885
2913 3 2 1 1 2019 1726 1631 1775
2914 3 2 1 1 4928 4843 5093 5025
2915 3 2 1 1 1978 1945 2269 2116
2916 3 2 1 1 2963 2854 3224 3115
2917 3 2 1 1 3461 3029 3178 3277
2918 3 2 1 1 4806 4756 4598 4729
2919 3 2 1 1 428 92 93 325
2920 3 2 1 1 1733 2022 1789 1481
2921 3 2 1 1 4268 4382 4300 4199
2922 3 2 1 1 2939 2812 2665 2885
2923 3 2 1 1 4355 4470 4651 4532
2924 3 2 1 1 2488 2632 2843 2563
2925 3 2 1 1 391 154 155 565
2926 3 2 1 1 3042 3075 2830 2955
2927 3 2 1 1 3565 3407 3152 3360
2928 3 2 1 1 4700 4799 4519 4663
2929 3 2 1 1 1710 1805 1989 1658
2930 3 2 1 1 1626 2007 2152 1860
2931 3 2 1 1 2715 2579 2622 2847
2932 3 2 1 1 568 87 88 343
2933 3 2 1 1 3967 4051 4169 4011
2934 3 2 1 1 4288 4388 4196 4067
2935 3 2 1 1 4080 4194 4217 4093
2936 3 2 1 1 1922 2159 2394 2234
2937 3 2 1 1 2850 2770 2634 2494
2938 3 2 1 1 2529 2544 2828 2628
2939 3 2 1 1 583 444 860 758
2940 3 2 1 1 728 885 1053 499
2941 3 2 1 1 2842 2959 3107 2792
2942 3 2 1 1 3583 3393 3342 3177
2943 3 2 1 1 3737 3810 4013 3844
2944 3 2 1 1 1168 1301 1555 1238
2945 3 2 1 1 1352 1410 1353 1483
2946 3 2 1 1 2834 2964 3101 2632
2947 3 2 1 1 4495 4524 4675 4577
2948 3 2 1 1 4786 4735 4571 4635
2949 3 2 1 1 4351 4366 4161 4274
2950 3 2 1 1 2092 2116 2402 2207
2951 3 2 1 1 4699 4797 4648 4534
2952 3 2 1 1 4549 4550 4726 4633
2953 3 2 1 1 1516 1517 1198 1355
2954 3 2 1 1 3511 3689 3878 3774
2955 3 2 1 1 4681 4796 4617 4514
2956 3 2 1 1 4880 4756 4833 4929
2957 3 2 1 1 375 227 228 566
2958 3 2 1 1 5135 5111 5094 4980
2959 3 2 1 1 745 840 1070 744
2960 3 2 1 1 1573 1259 1186 1325
2961 3 2 1 1 1973 2121 1794 1627
2962 3 2 1 1 2344 2561 2839 2689
2963 3 2 1 1 3079 2895 2624 2822
2964 3 2 1 1 4012 3698 3805 3851
2965 3 2 1 1 3987 3842 3798 3625
2966 3 2 1 1 3035 3115 3345 3166
2967 3 2 1 1 4347 4373 4554 4432
2968 3 2 1 1 567 343 88 89
2969 3 2 1 1 5128 5111 5148 5147
2970 3 2 1 1 1156 1312 1532 1212
2971 3 2 1 1 3329 3298 3418 3571
2972 3 2 1 1 3972 4113 4210 3851
2973 3 2 1 1 3740 3917 4077 3949
2974 3 2 1 1 2658 2524 2701 2794
2975 3 2 1 1 2721 2766 2974 2627
2976 3 2 1 1 4097 3969 4170 4307
2977 3 2 1 1 569 226 227 375
2978 3 2 1 1 3593 3344 3464 3535
2979 3 2 1 1 1299 1458 1666 1596
2980 3 2 1 1 2132 2002 2144 2237
2981 3 2 1 1 2843 2897 3096 2793
2982 3 2 1 1 3237 3330 3570 3473
2983 3 2 1 1 3800 3697 3583 3420
2984 3 2 1 1 3695 3536 3469 3352
2985 3 2 1 1 3781 3700 3473 3570
2986 3 2 1 1 4469 4486 4535 4649
2987 3 2 1 1 1989 2060 2293 1951
2988 3 2 1 1 2983 3117 3321 3233
2989 3 2 1 1 3671 3647 3818 3733
2990 3 2 1 1 3799 3870 3743 3654
2991 3 2 1 1 1196 1030 870 1209
2992 3 2 1 1 2635 2510 2752 2888
2993 3 2 1 1 2527 2578 2795 2707
2994 3 2 1 1 3325 3083 3186 3443
2995 3 2 1 1 4287 4263 4212 4066
2996 3 2 1 1 4240 4400 4563 4452
2997 3 2 1 1 4682 4770 4702 4597
2998 3 2 1 1 3976 4073 4198 3955
2999 3 2 1 1 430 431 90 91
3000 3 2 1 1 4076 4088 3915 3991
3001 3 2 1 1 4383 4488 4629 4572
3002 3 2 1 1 2088 1937 2225 2384
3003 3 2 1 1 4704 4624 4541 4675
3004 3 2 1 1 4215 4104 3998 4214
3005 3 2 1 1 2700 2793 2962 2659
3006 3 2 1 1 2207 2398 2296 2092
3007 3 2 1 1 2560 2718 2266 2437
3008 3 2 1 1 3513 3699 3914 3810
3009 3 2 1 1 2908 2989 2628 2828
3010 3 2 1 1 5090 5084 4916 5018
3011 3 2 1 1 4304 4485 4400 4211
3012 3 2 1 1 2421 2521 2343 2239
3013 3 2 1 1 4599 4640 4800 4688
3014 3 2 1 1 376 491 757 443
3015 3 2 1 1 3387 3502 3283 3188
3016 3 2 1 1 4832 4947 4858 4770
3017 3 2 1 1 4998 4928 5025 5096
3018 3 2 1 1 565 155 156 350
3019 3 2 1 1 3084 3203 3324 2900
3020 3 2 1 1 2960 3050 3223 2959
3021 3 2 1 1 3569 3395 3707 3647
3022 3 2 1 1 3998 3894 3743 3953
3023 3 2 1 1 4065 4204 3879 4003
3024 3 2 1 1 431 567 89 90
3025 3 2 1 1 516 398 480 804
3026 3 2 1 1 2642 2678 2785 2944
3027 3 2 1 1 3154 3359 3595 3472
3028 3 2 1 1 3535 3692 3790 3593
3029 3 2 1 1 4889 4832 4770 4682
3030 3 2 1 1 1726 1325 1504 1631
3031 3 2 1 1 1767 2058 2313 1977
3032 3 2 1 1 3827 3935 3785 3658
3033 3 2 1 1 2145 1999 2320 2299
3034 3 2 1 1 2712 2858 3117 2983
3035 3 2 1 1 4151 4343 4494 4312
3036 3 2 1 1 1781 1997 1809 1685
3037 3 2 1 1 3870 4108 3953 3743
3038 3 2 1 1 1175 1347 1291 1091
3039 3 2 1 1 3681 3752 3627 3515
3040 3 2 1 1 4204 4044 3987 3879
3041 3 2 1 1 3338 3447 3572 3213
3042 3 2 1 1 4108 4177 4052 3953
3043 3 2 1 1 4649 4535 4702 4804
3044 3 2 1 1 1070 1229 1375 1008
3045 3 2 1 1 2490 2347 2524 2658
3046 3 2 1 1 1842 1990 2136 1799
3047 3 2 1 1 1923 2246 2439 2120
3048 3 2 1 1 2209 2443 2492 2604
3049 3 2 1 1 2913 3055 2972 2783
3050 3 2 1 1 3214 3464 3344 3050
3051 3 2 1 1 4113 4312 4395 4210
3052 3 2 1 1 4477 4572 4710 4655
3053 3 2 1 1 424 143 144 570
3054 3 2 1 1 2405 2563 2700 2374
3055 3 2 1 1 4652 4621 4814 4701
3056 3 2 1 1 658 1220 1009 895
3057 3 2 1 1 2718 2516 2399 2266
3058 3 2 1 1 3316 3169 3484 3412
3059 3 2 1 1 3900 3774 4079 3986
3060 3 2 1 1 4954 4857 4797 4699
3061 3 2 1 1 376 225 226 569
3062 3 2 1 1 2089 2205 2405 2156
3063 3 2 1 1 3072 3040 2870 2991
3064 3 2 1 1 4767 4868 5016 4939
3065 3 2 1 1 1817 1816 1728 1519
3066 3 2 1 1 3549 3325 3443 3690
3067 3 2 1 1 4804 4702 4770 4858
3068 3 2 1 1 1520 1519 1248 1395
3069 3 2 1 1 4528 4656 4812 4727
3070 3 2 1 1 438 84 85 432
3071 3 2 1 1 3295 3216 3586 3459
3072 3 2 1 1 4936 4918 4760 4864
3073 3 2 1 1 2239 2343 2579 2297
3074 3 2 1 1 677 750 815 1062
3075 3 2 1 1 861 764 762 1115
3076 3 2 1 1 4852 4871 4735 4786
3077 3 2 1 1 2783 2852 3111 2913
3078 3 2 1 1 3588 3536 3805 3698
3079 3 2 1 1 4916 4997 4947 4832
3080 3 2 1 1 626 794 793 476
3081 3 2 1 1 4699 4804 4858 4954
3082 3 2 1 1 3645 3670 3471 3568
3083 3 2 1 1 2682 2685 2366 2559
3084 3 2 1 1 2554 2649 2842 2515
3085 3 2 1 1 3107 3178 3029 2907
3086 3 2 1 1 3659 3764 3932 3640
3087 3 2 1 1 4485 4493 4659 4562
3088 3 2 1 1 4915 4941 4812 4871
3089 3 2 1 1 2860 3095 2926 2694
3090 3 2 1 1 4112 4111 4304 4211
3091 3 2 1 1 433 412 250 251
3092 3 2 1 1 1418 1753 1581 1146
3093 3 2 1 1 2907 3029 3236 2980
3094 3 2 1 1 4954 4858 4947 4999
3095 3 2 1 1 2734 2994 2810 2538
3096 3 2 1 1 972 1200 1332 1523
3097 3 2 1 1 2944 2785 2916 3038
3098 3 2 1 1 1622 1781 1685 1459
3099 3 2 1 1 4280 4264 4083 4188
3100 3 2 1 1 5074 5073 4948 5019
3101 3 2 1 1 432 85 86 377
3102 3 2 1 1 1712 2001 1856 1565
3103 3 2 1 1 2052 2316 2100 1897
3104 3 2 1 1 2415 2574 2716 2425
3105 3 2 1 1 2765 2988 3237 3116
3106 3 2 1 1 4298 4147 4488 4383
3107 3 2 1 1 4845 4939 5080 5009
3108 3 2 1 1 1627 1794 1711 1539
3109 3 2 1 1 4725 4687 4614 4517
3110 3 2 1 1 2494 2713 2946 2850
3111 3 2 1 1 4161 4190 4014 4088
3112 3 2 1 1 4340 4451 4396 4263
3113 3 2 1 1 4648 4514 4451 4340
3114 3 2 1 1 1362 1346 1279 992
3115 3 2 1 1 3029 3461 3352 3236
3116 3 2 1 1 4514 4617 4553 4451
3117 3 2 1 1 1921 2137 1997 1781
3118 3 2 1 1 2279 2300 2572 2431
3119 3 2 1 1 4450 4480 4280 4389
3120 3 2 1 1 5084 5081 4997 4916
3121 3 2 1 1 571 350 156 157
3122 3 2 1 1 3904 3972 3851 3805
3123 3 2 1 1 2007 1626 1801 1925
3124 3 2 1 1 4074 3952 3742 3886
3125 3 2 1 1 5086 4986 4949 4857
3126 3 2 1 1 1483 1353 1531 1653
3127 3 2 1 1 3800 3698 4012 3912
3128 3 2 1 1 4296 4384 4489 4260
3129 3 2 1 1 377 86 87 568
3130 3 2 1 1 3875 3856 4090 3964
3131 3 2 1 1 4563 4562 4729 4598
3132 3 2 1 1 3567 3568 3357 3444
3133 3 2 1 1 4555 4619 4525 4471
3134 3 2 1 1 575 378 59 60
3135 3 2 1 1 3420 3588 3698 3800
3136 3 2 1 1 2679 2543 2651 2776
3137 3 2 1 1 2660 2707 2971 2848
3138 3 2 1 1 2926 3210 3088 2833
3139 3 2 1 1 2760 2848 3103 2892
3140 3 2 1 1 3594 3696 3875 3809
3141 3 2 1 1 3627 3845 4005 3808
3142 3 2 1 1 3968 4101 4168 4293
3143 3 2 1 1 4841 4879 4712 4796
3144 3 2 1 1 2254 2160 1785 2020
3145 3 2 1 1 3103 3056 3177 3342
3146 3 2 1 1 3461 3591 3695 3352
3147 3 2 1 1 3472 3595 3811 3699
3148 3 2 1 1 3523 3667 3916 3768
3149 3 2 1 1 4209 4260 4151 4048
3150 3 2 1 1 4090 4060 4298 4191
3151 3 2 1 1 4489 4564 4653 4343
3152 3 2 1 1 4682 4811 4946 4889
3153 3 2 1 1 1459 1685 1490 1335
3154 3 2 1 1 3433 3669 3533 3446
3155 3 2 1 1 4396 4239 4204 4065
3156 3 2 1 1 616 364 688 935
3157 3 2 1 1 2014 1921 1781 1622
3158 3 2 1 1 2683 2778 2960 2649
3159 3 2 1 1 3810 3914 4115 4013
3160 3 2 1 1 435 440 80 81
3161 3 2 1 1 2424 2284 2526 2699
3162 3 2 1 1 2770 2850 3074 2903
3163 3 2 1 1 3074 3041 3315 3171
3164 3 2 1 1 3236 3352 3469 3229
3165 3 2 1 1 3347 3299 3588 3420
3166 3 2 1 1 3428 3545 3503 3306
3167 3 2 1 1 5007 5006 4925 4926
3168 3 2 1 1 4659 4515 4810 4728
3169 3 2 1 1 379 76 77 574
3170 3 2 1 1 2518 2720 2860 2416
3171 3 2 1 1 4007 4096 4209 3845
3172 3 2 1 1 3512 3650 3565 3437
3173 3 2 1 1 3323 3179 2958 3119
3174 3 2 1 1 2083 2290 2419 2122
3175 3 2 1 1 3056 3109 3347 3177
3176 3 2 1 1 4104 4215 4296 4096
3177 3 2 1 1 4566 4608 4724 4564
3178 3 2 1 1 1357 1352 1483 1669
3179 3 2 1 1 2482 2626 2807 2751
3180 3 2 1 1 4728 4810 4964 4891
3181 3 2 1 1 2102 2024 2194 2252
3182 3 2 1 1 1071 1247 1545 1408
3183 3 2 1 1 2366 2385 2160 2254
3184 3 2 1 1 3052 3097 2862 2961
3185 3 2 1 1 3555 3422 3171 3315
3186 3 2 1 1 3591 3808 3904 3695
3187 3 2 1 1 4193 4191 4386 4242
3188 3 2 1 1 4445 4460 4259 4366
3189 3 2 1 1 2890 3133 2932 2668
3190 3 2 1 1 3344 3593 3681 3452
3191 3 2 1 1 571 157 158 336
3192 3 2 1 1 2266 2399 2108 1939
3193 3 2 1 1 1536 1849 1655 1553
3194 3 2 1 1 1835 1979 2267 2159
3195 3 2 1 1 2228 2109 2019 2258
3196 3 2 1 1 2557 2695 2961 2862
3197 3 2 1 1 4893 4931 4777 4691
3198 3 2 1 1 2108 1917 1817 1673
3199 3 2 1 1 3210 3460 3300 3088
3200 3 2 1 1 4980 5098 5149 5135
3201 3 2 1 1 4385 4439 4566 4384
3202 3 2 1 1 4214 4250 4385 4215
3203 3 2 1 1 1180 1371 1498 1689
3204 3 2 1 1 3177 3347 3420 3583
3205 3 2 1 1 3604 3661 3527 3423
3206 3 2 1 1 4624 4704 4802 4608
3207 3 2 1 1 596 942 648 304
3208 3 2 1 1 1586 1324 1663 1873
3209 3 2 1 1 2434 2297 2579 2715
3210 3 2 1 1 3982 3964 4193 4045
3211 3 2 1 1 4761 4779 4636 4709
3212 3 2 1 1 573 436 74 75
3213 3 2 1 1 2786 2902 3124 2818
3214 3 2 1 1 3790 3892 4007 3752
3215 3 2 1 1 4106 3959 3858 3807
3216 3 2 1 1 442 58 59 378
3217 3 2 1 1 436 578 73 74
3218 3 2 1 1 3443 3186 3349 3442
3219 3 2 1 1 4567 4452 4720 4660
3220 3 2 1 1 4857 4954 4999 5086
3221 3 2 1 1 5052 5127 5086 4999
3222 3 2 1 1 1785 1870 1461 1682
3223 3 2 1 1 3450 3579 3787 3693
3224 3 2 1 1 855 1041 1181 1371
3225 3 2 1 1 2652 2863 2951 2503
3226 3 2 1 1 463 315 495 789
3227 3 2 1 1 497 314 588 760
3228 3 2 1 1 2785 2679 2776 2916
3229 3 2 1 1 2358 2503 2683 2428
3230 3 2 1 1 3158 3400 3587 3335
3231 3 2 1 1 1794 1942 1828 1711
3232 3 2 1 1 3062 3246 3144 2937
3233 3 2 1 1 4552 4433 4517 4614
3234 3 2 1 1 4962 5030 5137 5098
3235 3 2 1 1 443 224 225 376
3236 3 2 1 1 2501 2553 2835 2637
3237 3 2 1 1 3050 3344 3452 3223
3238 3 2 1 1 4918 4936 5065 4993
3239 3 2 1 1 580 65 66 441
3240 3 2 1 1 3739 3782 3514 3670
3241 3 2 1 1 4999 4947 4997 5052
3242 3 2 1 1 1393 1391 1723 1561
3243 3 2 1 1 3046 3082 2819 2950
3244 3 2 1 1 2768 2900 3081 2863
3245 3 2 1 1 3279 3514 3701 3441
3246 3 2 1 1 3654 3743 3894 3692
3247 3 2 1 1 2402 2396 2695 2557
3248 3 2 1 1 420 424 742 509
3249 3 2 1 1 1725 1354 1144 1461
3250 3 2 1 1 4184 4045 4376 4273
3251 3 2 1 1 870 516 804 838
3252 3 2 1 1 438 572 83 84
3253 3 2 1 1 2942 3068 3212 2915
3254 3 2 1 1 4712 4714 4558 4638
3255 3 2 1 1 4273 4376 4552 4496
3256 3 2 1 1 3894 3998 4104 3892
3257 3 2 1 1 4050 4181 4405 4289
3258 3 2 1 1 2342 2431 2702 2483
3259 3 2 1 1 3430 3384 3547 3705
3260 3 2 1 1 1255 1430 1343 1095
3261 3 2 1 1 2347 2490 2686 2438
3262 3 2 1 1 3332 3175 3417 3574
3263 3 2 1 1 3636 3809 3982 3850
3264 3 2 1 1 4687 4725 4864 4760
3265 3 2 1 1 598 923 683 450
3266 3 2 1 1 3807 3858 3778 3650
3267 3 2 1 1 433 252 253 356
3268 3 2 1 1 437 356 253 254
3269 3 2 1 1 4380 4471 4346 4249
3270 3 2 1 1 4660 4720 4880 4811
3271 3 2 1 1 2608 2465 2485 2664
3272 3 2 1 1 3028 3116 3359 3154
3273 3 2 1 1 3853 3886 3703 3786
3274 3 2 1 1 4088 4076 4274 4161
3275 3 2 1 1 553 336 158 159
3276 3 2 1 1 942 683 993 1266
3277 3 2 1 1 434 576 70 71
3278 3 2 1 1 2385 2366 2685 2544
3279 3 2 1 1 612 459 686 948
3280 3 2 1 1 3649 3676 3476 3573
3281 3 2 1 1 4208 4207 4106 4002
3282 3 2 1 1 3286 3339 3582 3398
3283 3 2 1 1 440 577 79 80
3284 3 2 1 1 1268 1136 1298 1508
3285 3 2 1 1 4994 5011 4892 4941
3286 3 2 1 1 2637 2835 3087 2985
3287 3 2 1 1 4692 4794 4813 4719
3288 3 2 1 1 3437 3565 3360 3179
3289 3 2 1 1 4887 4963 5070 5023
3290 3 2 1 1 2186 2285 2070 2046
3291 3 2 1 1 1183 1232 1543 1304
3292 3 2 1 1 1925 2062 2273 2007
3293 3 2 1 1 2644 2771 2865 2674
3294 3 2 1 1 435 81 82 316
3295 3 2 1 1 3351 3470 3696 3594
3296 3 2 1 1 3027 3238 3439 3301
3297 3 2 1 1 4177 4269 4390 4052
3298 3 2 1 1 449 360 863 943
3299 3 2 1 1 380 67 68 579
3300 3 2 1 1 574 77 78 347
3301 3 2 1 1 608 363 659 932
3302 3 2 1 1 4507 4669 4539 4362
3303 3 2 1 1 2087 1944 2423 2300
3304 3 2 1 1 380 441 66 67
3305 3 2 1 1 3630 4000 3870 3799
3306 3 2 1 1 443 582 223 224
3307 3 2 1 1 4558 4538 4342 4480
3308 3 2 1 1 4517 4655 4780 4725
3309 3 2 1 1 5018 4979 5128 5090
3310 3 2 1 1 2561 2344 2215 2059
3311 3 2 1 1 2119 2120 2439 2204
3312 3 2 1 1 4945 5101 5002 4854
3313 3 2 1 1 575 60 61 358
3314 3 2 1 1 439 581 62 63
3315 3 2 1 1 309 439 63 64
3316 3 2 1 1 434 71 72 308
3317 3 2 1 1 1088 1076 952 763
3318 3 2 1 1 4832 4889 5018 4916
3319 3 2 1 1 1905 2047 2027 1647
3320 3 2 1 1 605 941 682 464
3321 3 2 1 1 2650 2556 2387 2684
3322 3 2 1 1 2689 2623 2505 2344
3323 3 2 1 1 1084 919 1223 1403
3324 3 2 1 1 2916 2776 2917 3091
3325 3 2 1 1 2505 2662 2584 2376
3326 3 2 1 1 5101 5146 5110 5002
3327 3 2 1 1 837 1087 1395 1248
3328 3 2 1 1 1940 2132 2237 2407
3329 3 2 1 1 2919 2950 2645 2824
3330 3 2 1 1 609 303 649 931
3331 3 2 1 1 4159 4189 4015 4085
3332 3 2 1 1 4264 4403 4208 4083
3333 3 2 1 1 4941 4915 5075 4994
3334 3 2 1 1 442 554 57 58
3335 3 2 1 1 3320 3161 3036 2903
3336 3 2 1 1 604 953 649 303
3337 3 2 1 1 3991 3850 4184 4076
3338 3 2 1 1 3699 3811 4014 3914
3339 3 2 1 1 3628 3682 3917 3740
3340 3 2 1 1 610 466 770 933
3341 3 2 1 1 2398 2207 2528 2719
3342 3 2 1 1 2219 2698 2521 2421
3343 3 2 1 1 4528 4546 4353 4460
3344 3 2 1 1 4707 4898 4772 4610
3345 3 2 1 1 615 691 957 470
3346 3 2 1 1 2394 2370 2696 2549
3347 3 2 1 1 3108 3233 3470 3351
3348 3 2 1 1 3301 3439 3666 3592
3349 3 2 1 1 4351 4496 4635 4571
3350 3 2 1 1 4445 4571 4735 4656
3351 3 2 1 1 2748 2884 2666 2592
3352 3 2 1 1 4696 4709 4529 4628
3353 3 2 1 1 2351 2068 2228 2556
3354 3 2 1 1 2387 2258 2093 2350
3355 3 2 1 1 3824 4036 3927 3718
3356 3 2 1 1 1986 1808 1760 1488
3357 3 2 1 1 2263 2230 2547 2357
3358 3 2 1 1 4538 4663 4464 4342
3359 3 2 1 1 948 686 1097 1276
3360 3 2 1 1 2376 2584 2262 2304
3361 3 2 1 1 2846 2634 2770 2973
3362 3 2 1 1 3992 3958 3744 3921
3363 3 2 1 1 1343 1750 1506 1169
3364 3 2 1 1 2765 2923 2796 2623
3365 3 2 1 1 3314 3312 3221 3055
3366 3 2 1 1 3911 4102 3971 3806
3367 3 2 1 1 4727 4812 4941 4892
3368 3 2 1 1 2403 2558 2314 2315
3369 3 2 1 1 606 460 784 785
3370 3 2 1 1 3038 2916 3091 3219
3371 3 2 1 1 3637 3793 3860 3995
3372 3 2 1 1 4259 4286 4115 4190
3373 3 2 1 1 587 215 216 446
3374 3 2 1 1 583 344 217 218
3375 3 2 1 1 585 381 220 221
3376 3 2 1 1 582 311 222 223
3377 3 2 1 1 783 684 946 1104
3378 3 2 1 1 445 212 213 586
3379 3 2 1 1 587 359 214 215
3380 3 2 1 1 2630 2827 2719 2528
3381 3 2 1 1 1195 1194 920 1107
3382 3 2 1 1 4948 4926 4762 4879
3383 3 2 1 1 4342 4464 4403 4264
3384 3 2 1 1 2063 2229 2121 1973
3385 3 2 1 1 3417 3571 3648 3783
3386 3 2 1 1 2215 2376 2304 2137
3387 3 2 1 1 3765 3639 3590 3422
3388 3 2 1 1 1729 1458 1299 1420
3389 3 2 1 1 3179 3360 3049 2958
3390 3 2 1 1 1428 1741 1468 1427
3391 3 2 1 1 1913 2147 2244 2392
3392 3 2 1 1 1688 1488 1347 1175
3393 3 2 1 1 1981 2074 2256 1931
3394 3 2 1 1 3116 3028 2923 2765
3395 3 2 1 1 3582 3558 3772 3682
3396 3 2 1 1 4223 4069 4203 4323
3397 3 2 1 1 3595 3700 3915 3811
3398 3 2 1 1 4925 5015 4790 4875
3399 3 2 1 1 595 924 779 361
3400 3 2 1 1 603 462 950 689
3401 3 2 1 1 2059 2215 2137 1921
3402 3 2 1 1 4611 4628 4446 4546
3403 3 2 1 1 444 583 218 219
3404 3 2 1 1 444 219 220 381
3405 3 2 1 1 2923 3093 2987 2796
3406 3 2 1 1 4656 4735 4871 4812
3407 3 2 1 1 445 584 211 212
3408 3 2 1 1 4190 4161 4366 4259
3409 3 2 1 1 2981 2909 2625 2855
3410 3 2 1 1 599 457 767 925
3411 3 2 1 1 3196 3322 3368 3076
3412 3 2 1 1 4519 4612 4573 4463
3413 3 2 1 1 802 960 1019 826
3414 3 2 1 1 3203 3435 3562 3324
3415 3 2 1 1 4285 4166 4374 4475
3416 3 2 1 1 1420 1299 1137 1251
3417 3 2 1 1 2344 2505 2376 2215
3418 3 2 1 1 1685 1809 1688 1490
3419 3 2 1 1 3165 3366 3501 3311
3420 3 2 1 1 4463 4573 4356 4244
3421 3 2 1 1 4762 4875 4603 4714
3422 3 2 1 1 472 324 501 788
3423 3 2 1 1 3403 3575 3215 3336
3424 3 2 1 1 4475 4374 4441 4531
3425 3 2 1 1 600 456 684 783
3426 3 2 1 1 541 209 210 310
3427 3 2 1 1 586 213 214 359
3428 3 2 1 1 446 216 217 344
3429 3 2 1 1 585 221 222 311
3430 3 2 1 1 2137 2304 2086 1997
3431 3 2 1 1 4100 3989 4166 4285
3432 3 2 1 1 2016 2154 2393 2302
3433 3 2 1 1 3191 3156 3474 3278
3434 3 2 1 1 4077 4058 4256 4185
3435 3 2 1 1 4603 4700 4663 4538
3436 3 2 1 1 2689 2839 3089 2988
3437 3 2 1 1 3097 3052 3341 3163
3438 3 2 1 1 4685 4801 4840 4955
3439 3 2 1 1 4292 4291 4498 4381
3440 3 2 1 1 599 925 685 452
3441 3 2 1 1 1355 1328 1717 1516
3442 3 2 1 1 3914 4014 4190 4115
3443 3 2 1 1 4893 4691 4765 4849
3444 3 2 1 1 2984 2889 2809 2941
3445 3 2 1 1 2973 2770 2903 3036
3446 3 2 1 1 4379 4397 4484 4561
3447 3 2 1 1 4883 4884 4951 5020
3448 3 2 1 1 3650 3512 3908 3807
3449 3 2 1 1 4286 4259 4460 4353
3450 3 2 1 1 4529 4551 4404 4466
3451 3 2 1 1 3028 3239 3093 2923
3452 3 2 1 1 4 252 433 251
3453 3 2 1 1 3396 3599 3418 3287
3454 3 2 1 1 689 950 1105 1108
3455 3 2 1 1 1725 1724 1486 1354
3456 3 2 1 1 3599 3648 3571 3418
3457 3 2 1 1 4786 4687 4760 4852
3458 3 2 1 1 4446 4466 4313 4375
3459 3 2 1 1 1163 1475 1727 1409
3460 3 2 1 1 4808 4892 5011 4963
3461 3 2 1 1 1569 1716 1987 1868
3462 3 2 1 1 1921 2014 2272 2059
3463 3 2 1 1 2407 2237 2418 2517
3464 3 2 1 1 2645 2675 2357 2547
3465 3 2 1 1 3098 3099 3354 3216
3466 3 2 1 1 4152 4185 4402 4246
3467 3 2 1 1 4244 4356 4306 4207
3468 3 2 1 1 4531 4441 4641 4723
3469 3 2 1 1 3902 3753 3970 4101
3470 3 2 1 1 1634 1779 1981 1718
3471 3 2 1 1 4101 3970 4062 4168
3472 3 2 1 1 4353 4375 4216 4286
3473 3 2 1 1 4787 4873 4737 4738
3474 3 2 1 1 2987 2790 2504 2723
3475 3 2 1 1 4733 4734 4781 4866
3476 3 2 1 1 1998 1850 1948 2142
3477 3 2 1 1 333 453 764 512
3478 3 2 1 1 826 1019 1417 1186
3479 3 2 1 1 2776 2651 2816 2917
3480 3 2 1 1 1078 1207 1528 1411
3481 3 2 1 1 4844 4952 4996 5076
3482 3 2 1 1 1409 1048 921 1163
3483 3 2 1 1 3981 4228 4082 3855
3484 3 2 1 1 4449 4479 4258 4387
3485 3 2 1 1 1997 2086 1986 1809
3486 3 2 1 1 3795 3653 4006 3913
3487 3 2 1 1 3811 3915 4088 4014
3488 3 2 1 1 4937 4959 5024 5089
3489 3 2 1 1 2663 2498 2805 2933
3490 3 2 1 1 3113 3350 3232 2978
3491 3 2 1 1 4852 4760 4918 5031
3492 3 2 1 1 2173 1961 1892 1646
3493 3 2 1 1 2121 2261 1942 1794
3494 3 2 1 1 3777 3750 4003 3879
3495 3 2 1 1 3859 3812 3920 4022
3496 3 2 1 1 1148 1425 1744 1465
3497 3 2 1 1 2828 2789 3102 2908
3498 3 2 1 1 2091 2420 2242 1955
3499 3 2 1 1 3359 3473 3700 3595
3500 3 2 1 1 3598 3406 3276 3363
3501 3 2 1 1 314 26 27 588
3502 3 2 1 1 3163 3336 2931 3097
3503 3 2 1 1 4375 4353 4546 4446
3504 3 2 1 1 448 25 26 314
3505 3 2 1 1 2577 2395 2491 2646
3506 3 2 1 1 2623 2796 2662 2505
3507 3 2 1 1 4503 4413 4483 4565
3508 3 2 1 1 4345 4459 4545 4437
3509 3 2 1 1 3665 3928 3757 3540
3510 3 2 1 1 468 697 523 429
3511 3 2 1 1 3071 2945 2772 3034
3512 3 2 1 1 4109 4011 4169 4302
3513 3 2 1 1 3979 3854 4057 4181
3514 3 2 1 1 4263 4287 4476 4340
3515 3 2 1 1 2711 2580 2634 2846
3516 3 2 1 1 3317 3168 3291 3446
3517 3 2 1 1 3737 3920 3812 3629
3518 3 2 1 1 4574 4406 4345 4437
3519 3 2 1 1 15 454 455 14
3520 3 2 1 1 3287 3418 3298 3239
3521 3 2 1 1 3424 3317 3446 3533
3522 3 2 1 1 3629 3812 3648 3599
3523 3 2 1 1 1430 1596 1750 1343
3524 3 2 1 1 1475 1674 1869 1815
3525 3 2 1 1 3704 3626 3530 3406
3526 3 2 1 1 1969 1783 1572 1727
3527 3 2 1 1 2237 2144 2210 2418
3528 3 2 1 1 4551 4529 4709 4636
3529 3 2 1 1 1252 1013 1324 1586
3530 3 2 1 1 3080 2922 3199 3372
3531 3 2 1 1 3399 3465 3703 3518
3532 3 2 1 1 1203 992 714 939
3533 3 2 1 1 1829 1795 2126 1972
3534 3 2 1 1 3963 4059 3978 3871
3535 3 2 1 1 2682 2711 2846 2970
3536 3 2 1 1 3661 3882 3775 3527
3537 3 2 1 1 4625 4642 4715 4775
3538 3 2 1 1 2185 2469 2323 1963
3539 3 2 1 1 3641 3533 3669 3792
3540 3 2 1 1 4950 4956 5034 5021
3541 3 2 1 1 1014 810 1171 1441
3542 3 2 1 1 2230 2263 2030 2112
3543 3 2 1 1 3220 3176 2908 3102
3544 3 2 1 1 4716 4718 4823 4795
3545 3 2 1 1 2993 2764 2643 2731
3546 3 2 1 1 4047 4164 4121 3948
3547 3 2 1 1 2742 2535 2801 3004
3548 3 2 1 1 2511 2753 2669 2889
3549 3 2 1 1 3472 3396 3287 3154
3550 3 2 1 1 4270 4346 4444 4401
3551 3 2 1 1 4701 4801 4518 4652
3552 3 2 1 1 2181 2058 1767 2042
3553 3 2 1 1 3848 3978 4059 4178
3554 3 2 1 1 4516 4654 4698 4784
3555 3 2 1 1 3524 3592 3777 3625
3556 3 2 1 1 4799 4689 4612 4519
3557 3 2 1 1 4848 4958 5072 5005
3558 3 2 1 1 2625 2825 2353 2555
3559 3 2 1 1 3152 3334 2894 3094
3560 3 2 1 1 3988 4093 3963 3877
3561 3 2 1 1 4790 4856 4799 4700
3562 3 2 1 1 3803 3631 3559 3401
3563 3 2 1 1 4518 4613 4585 4434
3564 3 2 1 1 2814 2815 3120 2896
3565 3 2 1 1 3383 3428 3306 3246
3566 3 2 1 1 5031 4918 4993 5050
3567 3 2 1 1 3401 3559 3340 3161
3568 3 2 1 1 3555 3424 3533 3641
3569 3 2 1 1 4069 3960 4046 4203
3570 3 2 1 1 3315 3313 3424 3555
3571 3 2 1 1 366 778 506 454
3572 3 2 1 1 5123 5070 4963 5011
3573 3 2 1 1 3054 2973 3036 3227
3574 3 2 1 1 4258 4281 4116 4189
3575 3 2 1 1 5065 5122 4991 5057
3576 3 2 1 1 4933 4975 4931 5041
3577 3 2 1 1 149 614 342 148
3578 3 2 1 1 2631 2804 2904 3003
3579 3 2 1 1 3751 3788 3598 3676
3580 3 2 1 1 3765 3641 3792 3898
3581 3 2 1 1 2437 2202 2690 2560
3582 3 2 1 1 2517 2418 2580 2711
3583 3 2 1 1 4339 4381 4580 4430
3584 3 2 1 1 333 145 146 453
3585 3 2 1 1 4227 4043 4148 4257
3586 3 2 1 1 4964 5097 5030 4891
3587 3 2 1 1 2808 2990 3143 2912
3588 3 2 1 1 4924 5000 4953 4856
3589 3 2 1 1 3320 3171 3422 3590
3590 3 2 1 1 4495 4436 4626 4524
3591 3 2 1 1 447 588 27 28
3592 3 2 1 1 2395 2577 2229 2063
3593 3 2 1 1 3444 3327 3597 3567
3594 3 2 1 1 4784 4698 4869 4957
3595 3 2 1 1 3111 2941 2940 3067
3596 3 2 1 1 3997 3948 3736 3891
3597 3 2 1 1 4093 4217 4059 3963
3598 3 2 1 1 3828 3919 4038 3872
3599 3 2 1 1 4188 4044 4389 4280
3600 3 2 1 1 3422 3555 3641 3765
3601 3 2 1 1 4957 4869 4928 4998
3602 3 2 1 1 2985 3087 3326 3238
3603 3 2 1 1 3539 3749 3928 3665
3604 3 2 1 1 108 109 468 429
3605 3 2 1 1 2940 2635 2888 3121
3606 3 2 1 1 1739 1576 1467 1629
3607 3 2 1 1 2903 3074 3171 3320
3608 3 2 1 1 5015 4924 4856 4790
3609 3 2 1 1 1312 1718 1831 1532
3610 3 2 1 1 2305 2078 2360 2590
3611 3 2 1 1 3932 3764 3828 3872
3612 3 2 1 1 4615 4645 4716 4791
3613 3 2 1 1 2391 2508 2676 2368
3614 3 2 1 1 3477 3193 3126 3285
3615 3 2 1 1 4305 4217 4194 4270
3616 3 2 1 1 4150 4313 4466 4404
3617 3 2 1 1 1192 1419 1612 1351
3618 3 2 1 1 4873 4787 4847 4921
3619 3 2 1 1 1531 1209 984 1320
3620 3 2 1 1 3154 3287 3239 3028
3621 3 2 1 1 3871 3978 3803 3639
3622 3 2 1 1 4879 4841 5019 4948
3623 3 2 1 1 1194 1195 1354 1486
3624 3 2 1 1 2970 2846 2973 3054
3625 3 2 1 1 3192 3193 3477 3319
3626 3 2 1 1 4352 4372 4219 4281
3627 3 2 1 1 4466 4446 4628 4529
3628 3 2 1 1 2630 2862 3097 2931
3629 3 2 1 1 5118 5142 5151 5108
3630 3 2 1 1 2495 2350 2602 2674
3631 3 2 1 1 3227 3036 3161 3340
3632 3 2 1 1 3518 3655 3597 3399
3633 3 2 1 1 3187 3067 3269 3309
3634 3 2 1 1 3861 3891 3704 3788
3635 3 2 1 1 4360 4456 4575 4543
3636 3 2 1 1 4890 4776 4901 4975
3637 3 2 1 1 1047 1048 1409 1215
3638 3 2 1 1 3055 2913 3187 3314
3639 3 2 1 1 3766 3651 3791 3901
3640 3 2 1 1 4154 4271 4361 4456
3641 3 2 1 1 2891 3092 3175 3332
3642 3 2 1 1 4480 4450 4638 4558
3643 3 2 1 1 2514 2547 2230 2389
3644 3 2 1 1 3314 3187 3309 3411
3645 3 2 1 1 3554 3411 3617 3683
3646 3 2 1 1 3279 3471 3670 3514
3647 3 2 1 1 3282 3506 3727 3528
3648 3 2 1 1 2827 2630 2931 3112
3649 3 2 1 1 3241 2996 2870 3040
3650 3 2 1 1 4693 4791 4861 4974
3651 3 2 1 1 3411 3309 3505 3617
3652 3 2 1 1 3312 3314 3411 3554
3653 3 2 1 1 3204 3357 3568 3471
3654 3 2 1 1 4089 4213 4398 4254
3655 3 2 1 1 4284 4300 4382 4473
3656 3 2 1 1 4068 4221 4023 3864
3657 3 2 1 1 4602 4636 4779 4690
3658 3 2 1 1 3739 3906 4119 4010
3659 3 2 1 1 3474 3475 3531 3667
3660 3 2 1 1 3886 3853 3977 4074
3661 3 2 1 1 3220 3227 3340 3454
3662 3 2 1 1 3864 4023 3834 3644
3663 3 2 1 1 3928 3981 3855 3757
3664 3 2 1 1 4013 4115 4286 4216
3665 3 2 1 1 2544 2529 2246 2385
3666 3 2 1 1 2595 2324 2322 2348
3667 3 2 1 1 3401 3590 3639 3803
3668 3 2 1 1 2513 2542 2259 2388
3669 3 2 1 1 3580 3410 3651 3766
3670 3 2 1 1 3172 3194 2981 3075
3671 3 2 1 1 3559 3558 3454 3340
3672 3 2 1 1 4803 4771 4971 4835
3673 3 2 1 1 3046 3234 3444 3357
3674 3 2 1 1 1434 1163 921 1109
3675 3 2 1 1 4114 4216 4375 4313
3676 3 2 1 1 864 643 1207 1078
3677 3 2 1 1 2254 2226 2559 2366
3678 3 2 1 1 2864 2626 2482 2597
3679 3 2 1 1 2211 2388 1971 2111
3680 3 2 1 1 2033 2170 2324 2066
3681 3 2 1 1 2201 2482 2751 2381
3682 3 2 1 1 3164 3371 3506 3282
3683 3 2 1 1 4926 4948 5073 5007
3684 3 2 1 1 3722 3827 3658 3545
3685 3 2 1 1 4228 4283 4160 4082
3686 3 2 1 1 3810 3737 3629 3513
3687 3 2 1 1 3958 3992 4213 4089
3688 3 2 1 1 4217 4305 4178 4059
3689 3 2 1 1 4638 4617 4796 4712
3690 3 2 1 1 2718 2560 2955 2830
3691 3 2 1 1 3116 3237 3473 3359
3692 3 2 1 1 3239 3298 3211 3093
3693 3 2 1 1 691 1016 1287 957
3694 3 2 1 1 4859 4822 4713 4882
3695 3 2 1 1 5090 5128 5147 5129
3696 3 2 1 1 1775 1631 1891 2041
3697 3 2 1 1 3336 3215 3112 2931
3698 3 2 1 1 4536 4560 4352 4479
3699 3 2 1 1 2047 2187 2331 2027
3700 3 2 1 1 3549 3664 3776 3435
3701 3 2 1 1 3475 3474 3156 3361
3702 3 2 1 1 4199 4300 4192 4087
3703 3 2 1 1 4413 4251 4341 4483
3704 3 2 1 1 2307 2041 2033 2066
3705 3 2 1 1 3983 3917 3682 3772
3706 3 2 1 1 1728 1505 1432 1189
3707 3 2 1 1 1102 1258 1437 1172
3708 3 2 1 1 3645 3804 4017 3906
3709 3 2 1 1 4218 4314 4360 4407
3710 3 2 1 1 3846 4010 4218 4049
3711 3 2 1 1 1087 837 514 702
3712 3 2 1 1 2023 1739 1629 1778
3713 3 2 1 1 2593 2320 2061 2453
3714 3 2 1 1 2727 2487 2204 2439
3715 3 2 1 1 3458 3275 3687 3596
3716 3 2 1 1 3786 3703 3465 3575
3717 3 2 1 1 3941 4021 3866 3833
3718 3 2 1 1 3980 4081 4228 3981
3719 3 2 1 1 3163 3341 3410 3580
3720 3 2 1 1 3416 3441 3701 3566
3721 3 2 1 1 1724 1725 2031 1768
3722 3 2 1 1 3438 3294 3552 3713
3723 3 2 1 1 4054 4221 4333 4158
3724 3 2 1 1 4616 4582 4457 4637
3725 3 2 1 1 2445 2539 2668 2537
3726 3 2 1 1 2377 2163 1914 2212
3727 3 2 1 1 2531 2724 2804 2631
3728 3 2 1 1 3441 3416 3197 3369
3729 3 2 1 1 3812 3859 3783 3648
3730 3 2 1 1 3884 3859 4022 3994
3731 3 2 1 1 4846 4867 4736 4782
3732 3 2 1 1 1674 1486 1724 1869
3733 3 2 1 1 2186 2329 2382 2285
3734 3 2 1 1 2901 3112 3215 3353
3735 3 2 1 1 4022 3920 3960 4069
3736 3 2 1 1 4714 4712 4879 4762
3737 3 2 1 1 3513 3629 3599 3396
3738 3 2 1 1 4246 4440 4527 4350
3739 3 2 1 1 2145 2299 2456 2317
3740 3 2 1 1 4349 4282 4229 4364
3741 3 2 1 1 3571 3417 3175 3329
3742 3 2 1 1 2675 2645 2950 2819
3743 3 2 1 1 3886 3742 3518 3703
3744 3 2 1 1 4502 4339 4430 4533
3745 3 2 1 1 3643 3557 3413 3662
3746 3 2 1 1 3044 3092 2864 2957
3747 3 2 1 1 1765 1919 2187 2047
3748 3 2 1 1 2285 2382 2592 2363
3749 3 2 1 1 4341 4404 4551 4435
3750 3 2 1 1 1670 1326 1610 1648
3751 3 2 1 1 2767 2819 3082 2898
3752 3 2 1 1 2810 2994 3147 2914
3753 3 2 1 1 2492 2673 2818 2633
3754 3 2 1 1 4114 4046 3960 3844
3755 3 2 1 1 2646 2491 2826 2982
3756 3 2 1 1 2443 2601 2673 2492
3757 3 2 1 1 2499 2588 2822 2624
3758 3 2 1 1 4465 4434 4243 4372
3759 3 2 1 1 2725 2487 2814 2991
3760 3 2 1 1 2547 2514 2824 2645
3761 3 2 1 1 4602 4738 4523 4435
3762 3 2 1 1 2773 2972 3055 3221
3763 3 2 1 1 1576 1433 1154 1467
3764 3 2 1 1 2363 2592 2666 2497
3765 3 2 1 1 2726 2447 2314 2558
3766 3 2 1 1 2337 2480 2539 2445
3767 3 2 1 1 382 765 761 589
3768 3 2 1 1 3125 2865 2771 2905
3769 3 2 1 1 3608 3824 3718 3541
3770 3 2 1 1 3353 3159 3047 2901
3771 3 2 1 1 4323 4203 4251 4413
3772 3 2 1 1 5026 5001 5067 5066
3773 3 2 1 1 2989 3240 3361 3120
3774 3 2 1 1 511 790 833 947
3775 3 2 1 1 3751 3880 4085 4015
3776 3 2 1 1 3994 4022 4069 4223
3777 3 2 1 1 3956 3994 4223 4061
3778 3 2 1 1 3882 3988 3877 3775
3779 3 2 1 1 3906 4017 4117 4119
3780 3 2 1 1 2166 1778 2046 2070
3781 3 2 1 1 4627 4777 4901 4705
3782 3 2 1 1 4004 3842 4188 4083
3783 3 2 1 1 1434 1194 1486 1674
3784 3 2 1 1 2866 2639 2911 3122
3785 3 2 1 1 3575 3465 3353 3215
3786 3 2 1 1 3957 4099 3993 3883
3787 3 2 1 1 1875 2029 2329 2186
3788 3 2 1 1 4283 4380 4249 4160
3789 3 2 1 1 1577 1187 1433 1576
3790 3 2 1 1 2891 3128 2807 2626
3791 3 2 1 1 2771 2947 3076 2905
3792 3 2 1 1 2577 2710 2367 2229
3793 3 2 1 1 4021 4056 3957 3866
3794 3 2 1 1 3382 3608 3541 3485
3795 3 2 1 1 3844 3960 3920 3737
3796 3 2 1 1 4471 4525 4444 4346
3797 3 2 1 1 1756 2021 1811 1603
3798 3 2 1 1 3398 3628 3769 3531
3799 3 2 1 1 1682 1675 2020 1785
3800 3 2 1 1 4078 4043 3841 3985
3801 3 2 1 1 4180 4247 4415 4183
3802 3 2 1 1 4894 4840 4801 4701
3803 3 2 1 1 2163 2377 2605 2321
3804 3 2 1 1 3045 3080 3372 3198
3805 3 2 1 1 3162 3368 3604 3423
3806 3 2 1 1 1587 1454 1453 1515
3807 3 2 1 1 1869 1724 1768 2018
3808 3 2 1 1 2812 2939 3100 2782
3809 3 2 1 1 3043 3077 3369 3197
3810 3 2 1 1 4744 4874 4789 4745
3811 3 2 1 1 1503 1732 1547 1601
3812 3 2 1 1 4542 4440 4246 4402
3813 3 2 1 1 4801 4685 4613 4518
3814 3 2 1 1 2025 1788 2078 2305
3815 3 2 1 1 1464 1735 2034 1879
3816 3 2 1 1 2815 2814 2487 2727
3817 3 2 1 1 4909 5092 5105 5014
3818 3 2 1 1 2710 2577 2646 2788
3819 3 2 1 1 4056 4205 4099 3957
3820 3 2 1 1 5013 5051 4969 4970
3821 3 2 1 1 447 28 29 589
3822 3 2 1 1 2990 2666 2884 2967
3823 3 2 1 1 3276 3434 3026 3194
3824 3 2 1 1 4404 4341 4251 4150
3825 3 2 1 1 1879 2034 2312 2094
3826 3 2 1 1 3004 2801 2922 3080
3827 3 2 1 1 5021 5055 4989 4950
3828 3 2 1 1 1675 1825 2107 2020
3829 3 2 1 1 3518 3742 3907 3655
3830 3 2 1 1 4447 4522 4666 4467
3831 3 2 1 1 4138 4173 4056 4021
3832 3 2 1 1 1602 1623 1900 1714
3833 3 2 1 1 453 146 147 590
3834 3 2 1 1 4203 4046 4150 4251
3835 3 2 1 1 1506 1750 1905 1647
3836 3 2 1 1 4377 4354 4201 4317
3837 3 2 1 1 4525 4642 4542 4444
3838 3 2 1 1 926 760 588 447
3839 3 2 1 1 1674 1475 1163 1434
3840 3 2 1 1 1815 1869 2018 2161
3841 3 2 1 1 3322 3493 3540 3402
3842 3 2 1 1 4538 4558 4714 4603
3843 3 2 1 1 448 591 24 25
3844 3 2 1 1 353 636 763 614
3845 3 2 1 1 796 797 1074 894
3846 3 2 1 1 1727 1572 1215 1409
3847 3 2 1 1 2772 2684 2495 2953
3848 3 2 1 1 3268 2912 3143 3188
3849 3 2 1 1 4264 4280 4480 4342
3850 3 2 1 1 4020 4236 4173 4138
3851 3 2 1 1 2982 3114 2788 2646
3852 3 2 1 1 4435 4523 4483 4341
3853 3 2 1 1 4316 4323 4413 4503
3854 3 2 1 1 4920 4938 4814 4867
3855 3 2 1 1 5055 5136 5106 4989
3856 3 2 1 1 2453 2357 2675 2486
3857 3 2 1 1 4315 4482 4591 4421
3858 3 2 1 1 5069 5068 4919 5008
3859 3 2 1 1 632 483 968 698
3860 3 2 1 1 2261 2121 2229 2367
3861 3 2 1 1 3159 3399 3597 3327
3862 3 2 1 1 4565 4483 4523 4606
3863 3 2 1 1 4690 4787 4738 4602
3864 3 2 1 1 4290 4405 4181 4057
3865 3 2 1 1 593 304 648 922
3866 3 2 1 1 1119 1118 868 695
3867 3 2 1 1 1293 1429 1611 1309
3868 3 2 1 1 2204 2403 2315 2119
3869 3 2 1 1 3740 3949 4057 3854
3870 3 2 1 1 4619 4715 4642 4525
3871 3 2 1 1 5071 5056 4920 5022
3872 3 2 1 1 1625 1910 2176 1958
3873 3 2 1 1 1923 2160 2385 2246
3874 3 2 1 1 4063 4095 4317 4201
3875 3 2 1 1 820 1124 1425 1148
3876 3 2 1 1 2967 2884 2883 2937
3877 3 2 1 1 1753 1773 1895 1581
3878 3 2 1 1 2727 2439 2246 2529
3879 3 2 1 1 2120 2119 1768 2031
3880 3 2 1 1 2901 3047 2982 2826
3881 3 2 1 1 3433 3318 3162 3423
3882 3 2 1 1 4173 4309 4205 4056
3883 3 2 1 1 4636 4602 4435 4551
3884 3 2 1 1 2034 1735 1572 1783
3885 3 2 1 1 1784 2055 2196 1938
3886 3 2 1 1 2663 2933 3136 2879
3887 3 2 1 1 4087 4192 4074 3977
3888 3 2 1 1 4618 4639 4815 4748
3889 3 2 1 1 2933 3063 3264 3136
3890 3 2 1 1 3386 3144 3246 3306
3891 3 2 1 1 2663 2377 2212 2498
3892 3 2 1 1 5105 5079 5021 5034
3893 3 2 1 1 3655 3804 3567 3597
3894 3 2 1 1 4700 4603 4875 4790
3895 3 2 1 1 4661 4662 4816 4741
3896 3 2 1 1 2377 2663 2879 2605
3897 3 2 1 1 3769 3916 3667 3531
3898 3 2 1 1 4487 4540 4753 4674
3899 3 2 1 1 1967 2100 2480 2337
3900 3 2 1 1 1137 1299 1596 1430
3901 3 2 1 1 2741 2462 2250 2606
3902 3 2 1 1 2221 2532 2746 2466
3903 3 2 1 1 3600 3375 3153 3394
3904 3 2 1 1 4119 4117 4154 4314
3905 3 2 1 1 4409 4499 4592 4454
3906 3 2 1 1 2831 2832 2996 2956
3907 3 2 1 1 3361 3156 2896 3120
3908 3 2 1 1 4795 4861 4791 4716
3909 3 2 1 1 5147 5130 5102 5129
3910 3 2 1 1 843 1112 1275 978
3911 3 2 1 1 4639 4618 4448 4578
3912 3 2 1 1 922 648 1013 1252
3913 3 2 1 1 2112 2081 2389 2230
3914 3 2 1 1 2867 2613 2381 2751
3915 3 2 1 1 4316 4503 4589 4408
3916 3 2 1 1 4848 4935 4690 4779
3917 3 2 1 1 4505 4579 4671 4540
3918 3 2 1 1 4753 4827 4903 4774
3919 3 2 1 1 465 449 943 791
3920 3 2 1 1 1512 1745 1910 1625
3921 3 2 1 1 3922 4027 4133 4026
3922 3 2 1 1 4935 4847 4787 4690
3923 3 2 1 1 5005 5004 4935 4848
3924 3 2 1 1 589 761 926 447
3925 3 2 1 1 4026 4133 4233 4127
3926 3 2 1 1 3130 3253 3389 3183
3927 3 2 1 1 3197 3416 3552 3294
3928 3 2 1 1 4222 4319 4420 4266
3929 3 2 1 1 4956 4950 4878 4896
3930 3 2 1 1 3716 3539 3281 3497
3931 3 2 1 1 4540 4671 4827 4753
3932 3 2 1 1 5068 5067 5001 4919
3933 3 2 1 1 2613 2470 2331 2381
3934 3 2 1 1 3479 3601 3720 3542
3935 3 2 1 1 922 765 382 593
3936 3 2 1 1 313 407 705 494
3937 3 2 1 1 2868 2604 2492 2633
3938 3 2 1 1 4195 4162 3999 4123
3939 3 2 1 1 589 29 30 382
3940 3 2 1 1 781 1129 822 500
3941 3 2 1 1 2081 2112 1876 1974
3942 3 2 1 1 4896 4878 4795 4823
3943 3 2 1 1 1914 2178 2462 2212
3944 3 2 1 1 4381 4339 4148 4292
3945 3 2 1 1 4669 4707 4610 4539
3946 3 2 1 1 4645 4615 4543 4575
3947 3 2 1 1 4944 4978 5101 4945
3948 3 2 1 1 765 1094 810 761
3949 3 2 1 1 3135 3247 3380 3180
3950 3 2 1 1 2899 3135 3180 3031
3951 3 2 1 1 4686 4789 4896 4823
3952 3 2 1 1 710 709 400 538
3953 3 2 1 1 779 1095 945 767
3954 3 2 1 1 844 1262 1426 1093
3955 3 2 1 1 1529 1686 1979 1835
3956 3 2 1 1 1770 2061 2320 1999
3957 3 2 1 1 2751 2807 3018 2867
3958 3 2 1 1 5082 5108 5151 5083
3959 3 2 1 1 1738 1883 2055 1784
3960 3 2 1 1 2322 2460 2610 2348
3961 3 2 1 1 3364 3431 3613 3482
3962 3 2 1 1 3833 3866 3784 3634
3963 3 2 1 1 3126 3241 3478 3285
3964 3 2 1 1 3744 3958 4068 3864
3965 3 2 1 1 4248 4406 4482 4315
3966 3 2 1 1 684 490 811 946
3967 3 2 1 1 1606 1436 1272 1440
3968 3 2 1 1 2934 3131 3262 3104
3969 3 2 1 1 3530 3561 3367 3434
3970 3 2 1 1 3365 3430 3612 3481
3971 3 2 1 1 3713 3552 3644 3834
3972 3 2 1 1 3907 4017 3804 3655
3973 3 2 1 1 4556 4604 4521 4474
3974 3 2 1 1 4406 4574 4623 4482
3975 3 2 1 1 4437 4627 4705 4574
3976 3 2 1 1 4737 4873 4970 4819
3977 3 2 1 1 1507 1752 2043 1806
3978 3 2 1 1 4127 4233 4325 4172
3979 3 2 1 1 4474 4521 4473 4382
3980 3 2 1 1 4927 5014 5105 5034
3981 3 2 1 1 3159 3327 3235 3047
3982 3 2 1 1 3624 3840 4034 3822
3983 3 2 1 1 4019 4070 4231 4120
3984 3 2 1 1 3705 3760 3938 3813
3985 3 2 1 1 4346 4270 4194 4249
3986 3 2 1 1 3040 3362 3478 3241
3987 3 2 1 1 3849 4050 4235 4016
3988 3 2 1 1 4605 4691 4777 4627
3989 3 2 1 1 4604 4686 4823 4718
3990 3 2 1 1 4874 4927 5034 4956
3991 3 2 1 1 4245 4495 4577 4398
3992 3 2 1 1 2461 2247 1957 2174
3993 3 2 1 1 2737 2881 3017 2806
3994 3 2 1 1 3306 3503 3614 3386
3995 3 2 1 1 3243 3018 2807 3128
3996 3 2 1 1 3895 3896 4123 3999
3997 3 2 1 1 1426 1662 1889 1592
3998 3 2 1 1 3047 3235 3114 2982
3999 3 2 1 1 3742 3952 4118 3907
4000 3 2 1 1 118 119 318 615
4001 3 2 1 1 2446 2196 2337 2445
4002 3 2 1 1 2730 2446 2445 2537
4003 3 2 1 1 2489 2737 2806 2629
4004 3 2 1 1 3174 3205 2993 3085
4005 3 2 1 1 4157 4315 4421 4220
4006 3 2 1 1 1734 1416 1148 1465
4007 3 2 1 1 4118 4117 4017 3907
4008 3 2 1 1 4182 4075 4324 4272
4009 3 2 1 1 2653 2688 3000 2836
4010 3 2 1 1 3566 3744 3864 3644
4011 3 2 1 1 4456 4360 4314 4154
4012 3 2 1 1 396 634 805 527
4013 3 2 1 1 2728 2454 2305 2590
4014 3 2 1 1 3123 2887 2667 2936
4015 3 2 1 1 3706 3758 3931 3814
4016 3 2 1 1 4408 4195 4061 4316
4017 3 2 1 1 4323 4316 4061 4223
4018 3 2 1 1 4393 4358 4155 4322
4019 3 2 1 1 400 709 955 624
4020 3 2 1 1 1961 2042 1742 1892
4021 3 2 1 1 2736 2444 2249 2506
4022 3 2 1 1 2904 3134 3259 3032
4023 3 2 1 1 4576 4575 4456 4361
4024 3 2 1 1 2379 2609 2881 2737
4025 3 2 1 1 3749 3881 4086 3980
4026 3 2 1 1 4271 4154 4117 4118
4027 3 2 1 1 4577 4443 4254 4398
4028 3 2 1 1 4621 4652 4465 4560
4029 3 2 1 1 2804 3014 3134 2904
4030 3 2 1 1 3940 3825 3656 3832
4031 3 2 1 1 4593 4455 4419 4424
4032 3 2 1 1 4849 4932 5003 4893
4033 3 2 1 1 3709 3646 3884 3748
4034 3 2 1 1 4026 3934 3759 3922
4035 3 2 1 1 4738 4737 4606 4523
4036 3 2 1 1 1750 1596 1666 1905
4037 3 2 1 1 1583 1668 1897 1636
4038 3 2 1 1 3949 4152 4290 4057
4039 3 2 1 1 4543 4436 4407 4360
4040 3 2 1 1 4670 4589 4503 4565
4041 3 2 1 1 4453 4664 4739 4583
4042 3 2 1 1 4876 4834 4741 4816
4043 3 2 1 1 1647 2027 2162 1871
4044 3 2 1 1 2470 2162 2027 2331
4045 3 2 1 1 2096 2325 2609 2379
4046 3 2 1 1 2253 2452 2619 2476
4047 3 2 1 1 2648 2677 3001 2821
4048 3 2 1 1 2724 2877 3014 2804
4049 3 2 1 1 4332 4174 3961 4139
4050 3 2 1 1 5008 4995 5123 5069
4051 3 2 1 1 324 617 792 501
4052 3 2 1 1 2728 2532 2221 2454
4053 3 2 1 1 2628 2989 3120 2815
4054 3 2 1 1 3615 3504 3307 3488
4055 3 2 1 1 3514 3782 3921 3701
4056 3 2 1 1 176 608 385 175
4057 3 2 1 1 4976 4902 4742 4828
4058 3 2 1 1 1251 1137 1106 808
4059 3 2 1 1 3020 2781 2747 2874
4060 3 2 1 1 4694 4766 4898 4707
4061 3 2 1 1 2558 2403 2725 2687
4062 3 2 1 1 3680 3503 3545 3658
4063 3 2 1 1 4314 4218 4010 4119
4064 3 2 1 1 1093 1426 1592 1257
4065 3 2 1 1 3146 3250 3491 3374
4066 3 2 1 1 5092 5112 5079 5105
4067 3 2 1 1 791 943 1124 820
4068 3 2 1 1 3962 4136 4234 4037
4069 3 2 1 1 4749 4895 4965 4825
4070 3 2 1 1 2999 2728 2590 2866
4071 3 2 1 1 4407 4245 4049 4218
4072 3 2 1 1 4540 4487 4416 4505
4073 3 2 1 1 4774 4744 4674 4753
4074 3 2 1 1 4898 4945 4854 4772
4075 3 2 1 1 1806 2043 2325 2096
4076 3 2 1 1 2360 2605 2879 2639
4077 3 2 1 1 3557 3643 3761 3556
4078 3 2 1 1 3643 3918 4039 3761
4079 3 2 1 1 4578 4393 4262 4497
4080 3 2 1 1 147 148 342 590
4081 3 2 1 1 2487 2725 2403 2204
4082 3 2 1 1 4458 4365 4544 4650
4083 3 2 1 1 1815 2161 2257 1969
4084 3 2 1 1 3604 3368 3322 3402
4085 3 2 1 1 5138 5092 4909 5043
4086 3 2 1 1 2896 3072 2991 2814
4087 3 2 1 1 3481 3244 3122 3365
4088 3 2 1 1 3137 3252 3310 3391
4089 3 2 1 1 30 31 593 382
4090 3 2 1 1 38 600 362 37
4091 3 2 1 1 1343 1169 945 1095
4092 3 2 1 1 1275 1441 1752 1507
4093 3 2 1 1 2937 3144 3266 2967
4094 3 2 1 1 3866 3957 3883 3784
4095 3 2 1 1 4317 4095 3999 4162
4096 3 2 1 1 4055 4220 4267 4136
4097 3 2 1 1 4266 4232 4072 4222
4098 3 2 1 1 3944 4144 4324 4075
4099 3 2 1 1 940 1249 1448 1099
4100 3 2 1 1 3242 3334 3573 3476
4101 3 2 1 1 3278 3523 3662 3413
4102 3 2 1 1 3948 4121 3857 3736
4103 3 2 1 1 3745 4016 4137 3918
4104 3 2 1 1 4750 4670 4565 4606
4105 3 2 1 1 4747 4899 4967 4815
4106 3 2 1 1 2605 2360 2078 2321
4107 3 2 1 1 3381 3427 3609 3486
4108 3 2 1 1 4127 3954 3934 4026
4109 3 2 1 1 4241 4429 4587 4378
4110 3 2 1 1 3480 3265 3142 3303
4111 3 2 1 1 1874 1765 1666 1458
4112 3 2 1 1 5070 5123 4995 5056
4113 3 2 1 1 1806 1624 1306 1507
4114 3 2 1 1 1618 1767 1977 1827
4115 3 2 1 1 3482 3264 3063 3364
4116 3 2 1 1 3813 3612 3430 3705
4117 3 2 1 1 4668 4601 4533 4430
4118 3 2 1 1 4600 4773 4899 4747
4119 3 2 1 1 942 596 450 683
4120 3 2 1 1 3493 3370 3248 3492
4121 3 2 1 1 1439 1759 1906 1579
4122 3 2 1 1 1811 2021 2101 1924
4123 3 2 1 1 3245 3009 2899 3031
4124 3 2 1 1 3241 3126 2956 2996
4125 3 2 1 1 4815 4639 4530 4747
4126 3 2 1 1 4938 4920 5056 4995
4127 3 2 1 1 2021 2165 2338 2101
4128 3 2 1 1 2212 2462 2741 2498
4129 3 2 1 1 2510 2635 2809 2589
4130 3 2 1 1 2639 2879 3136 2911
4131 3 2 1 1 4621 4736 4867 4814
4132 3 2 1 1 3379 3485 3541 3496
4133 3 2 1 1 4831 4987 5053 4922
4134 3 2 1 1 1094 1252 1586 1341
4135 3 2 1 1 2182 1893 1645 1962
4136 3 2 1 1 3542 3499 3304 3479
4137 3 2 1 1 4536 4632 4782 4736
4138 3 2 1 1 4771 4803 4665 4717
4139 3 2 1 1 5039 4967 4899 4922
4140 3 2 1 1 3510 3624 3822 3715
4141 3 2 1 1 462 386 660 950
4142 3 2 1 1 779 924 1255 1095
4143 3 2 1 1 1112 1014 1441 1275
4144 3 2 1 1 1412 1607 1907 1667
4145 3 2 1 1 3717 3816 4030 3839
4146 3 2 1 1 4172 4053 3954 4127
4147 3 2 1 1 4272 4324 4378 4468
4148 3 2 1 1 4120 3938 3760 4019
4149 3 2 1 1 4381 4498 4634 4580
4150 3 2 1 1 4970 4969 4895 4819
4151 3 2 1 1 2250 2470 2613 2606
4152 3 2 1 1 3724 3814 3931 3865
4153 3 2 1 1 1520 1303 1814 1673
4154 3 2 1 1 4695 4607 4783 4851
4155 3 2 1 1 2609 2325 2079 2361
4156 3 2 1 1 3244 2999 2866 3122
4157 3 2 1 1 1134 848 798 799
4158 3 2 1 1 4221 4054 3847 4023
4159 3 2 1 1 1105 1015 1136 1268
4160 3 2 1 1 3610 3426 3374 3491
4161 3 2 1 1 4886 4835 5036 4917
4162 3 2 1 1 3814 3613 3431 3706
4163 3 2 1 1 3718 3516 3496 3541
4164 3 2 1 1 4479 4449 4632 4536
4165 3 2 1 1 1014 926 761 810
4166 3 2 1 1 1080 1190 1451 1263
4167 3 2 1 1 1215 1572 1735 1435
4168 3 2 1 1 2875 2610 2531 2631
4169 3 2 1 1 4122 3931 3758 4018
4170 3 2 1 1 4415 4279 4081 4183
4171 3 2 1 1 4189 4159 4387 4258
4172 3 2 1 1 4701 4814 4938 4894
4173 3 2 1 1 950 660 1015 1105
4174 3 2 1 1 1462 1527 1876 1684
4175 3 2 1 1 1726 2019 2109 1824
4176 3 2 1 1 186 187 340 601
4177 3 2 1 1 1430 1255 1106 1137
4178 3 2 1 1 1481 1789 2043 1752
4179 3 2 1 1 2378 2459 2181 2319
4180 3 2 1 1 3372 3199 3294 3438
4181 3 2 1 1 4164 4200 3984 4121
4182 3 2 1 1 2095 2223 2471 2169
4183 3 2 1 1 4867 4846 5022 4920
4184 3 2 1 1 5130 5032 4966 5102
4185 3 2 1 1 4972 4983 5103 5010
4186 3 2 1 1 188 613 340 187
4187 3 2 1 1 808 1106 766 488
4188 3 2 1 1 2469 2611 2743 2323
4189 3 2 1 1 3204 3155 2898 3082
4190 3 2 1 1 3857 3876 3707 3773
4191 3 2 1 1 2608 2664 2882 2745
4192 3 2 1 1 4364 4457 4582 4349
4193 3 2 1 1 4840 4894 5008 4919
4194 3 2 1 1 4838 4942 4991 5078
4195 3 2 1 1 1440 1272 944 1122
4196 3 2 1 1 1325 1726 1824 1573
4197 3 2 1 1 2038 2172 2473 2333
4198 3 2 1 1 3481 3308 3061 3244
4199 3 2 1 1 3676 3649 3880 3751
4200 3 2 1 1 4454 4422 4253 4409
4201 3 2 1 1 3708 3477 3285 3556
4202 3 2 1 1 3715 3609 3427 3510
4203 3 2 1 1 3874 3840 3624 3770
4204 3 2 1 1 4095 4063 3839 4030
4205 3 2 1 1 4358 4393 4578 4448
4206 3 2 1 1 4291 4411 4585 4498
4207 3 2 1 1 4817 4684 4601 4668
4208 3 2 1 1 4942 4914 5057 4991
4209 3 2 1 1 3428 3383 3245 3500
4210 3 2 1 1 3783 3646 3574 3417
4211 3 2 1 1 3556 3761 3939 3708
4212 3 2 1 1 4429 4462 4665 4512
4213 3 2 1 1 3600 3495 3303 3375
4214 3 2 1 1 4816 4662 4537 4740
4215 3 2 1 1 4664 4670 4750 4749
4216 3 2 1 1 1663 1934 2171 1873
4217 3 2 1 1 2996 2832 2687 2870
4218 3 2 1 1 2802 3139 3260 3000
4219 3 2 1 1 2999 2779 2532 2728
4220 3 2 1 1 4162 4195 4408 4252
4221 3 2 1 1 4586 4587 4631 4711
4222 3 2 1 1 5032 4876 4768 4966
4223 3 2 1 1 3817 3623 3495 3600
4224 3 2 1 1 3244 3061 2779 2999
4225 3 2 1 1 4281 4258 4479 4352
4226 3 2 1 1 4329 4410 4584 4442
4227 3 2 1 1 4637 4713 4822 4616
4228 3 2 1 1 2171 2022 1733 1873
4229 3 2 1 1 202 411 625 201
4230 3 2 1 1 1668 1604 1450 1761
4231 3 2 1 1 1963 2323 2463 2177
4232 3 2 1 1 4995 5008 4894 4938
4233 3 2 1 1 1268 1508 1754 1422
4234 3 2 1 1 2990 2808 2497 2666
4235 3 2 1 1 3997 4116 4281 4219
4236 3 2 1 1 4870 4839 5026 4914
4237 3 2 1 1 4851 4972 5010 4940
4238 3 2 1 1 595 361 45 46
4239 3 2 1 1 181 182 462 603
4240 3 2 1 1 2115 1977 2313 2277
4241 3 2 1 1 4499 4325 4416 4487
4242 3 2 1 1 1899 1514 1764 1898
4243 3 2 1 1 2995 2736 2506 2803
4244 3 2 1 1 4028 3926 3719 3819
4245 3 2 1 1 1464 1879 2026 1664
4246 3 2 1 1 2277 2608 2745 2401
4247 3 2 1 1 785 495 315 606
4248 3 2 1 1 2308 2026 1879 2094
4249 3 2 1 1 3332 3153 3128 2891
4250 3 2 1 1 4243 4411 4164 4047
4251 3 2 1 1 4200 4164 4411 4291
4252 3 2 1 1 4584 4410 4318 4501
4253 3 2 1 1 4942 4838 4684 4817
4254 3 2 1 1 1113 778 777 828
4255 3 2 1 1 4276 4257 4502 4368
4256 3 2 1 1 3557 3556 3285 3478
4257 3 2 1 1 4144 4197 4369 4241
4258 3 2 1 1 5132 5039 4922 5053
4259 3 2 1 1 1255 924 766 1106
4260 3 2 1 1 1789 2079 2325 2043
4261 3 2 1 1 3183 3064 2935 3130
4262 3 2 1 1 123 619 364 122
4263 3 2 1 1 2736 2594 2306 2444
4264 3 2 1 1 4717 4665 4462 4557
4265 3 2 1 1 924 595 458 766
4266 3 2 1 1 1433 1113 828 1154
4267 3 2 1 1 2258 2387 2556 2228
4268 3 2 1 1 3261 3013 2779 3061
4269 3 2 1 1 3502 3387 3386 3614
4270 3 2 1 1 4319 4125 3961 4174
4271 3 2 1 1 4677 4758 4882 4713
4272 3 2 1 1 4622 4754 4828 4742
4273 3 2 1 1 5078 4982 4971 4838
4274 3 2 1 1 764 453 590 762
4275 3 2 1 1 1752 1441 1171 1481
4276 3 2 1 1 4125 4024 3815 3923
4277 3 2 1 1 4745 4592 4674 4744
4278 3 2 1 1 4650 4695 4824 4708
4279 3 2 1 1 24 591 360 23
4280 3 2 1 1 3601 3479 3183 3389
4281 3 2 1 1 4662 4661 4442 4584
4282 3 2 1 1 2262 2274 1964 2127
4283 3 2 1 1 3013 2803 2506 2746
4284 3 2 1 1 3253 3130 2869 2995
4285 3 2 1 1 2381 2331 2187 2201
4286 3 2 1 1 2840 2841 3119 2958
4287 3 2 1 1 4197 4144 3944 4092
4288 3 2 1 1 2299 2345 2535 2456
4289 3 2 1 1 3023 3255 3390 3149
4290 3 2 1 1 125 624 388 124
4291 3 2 1 1 1597 1266 993 1345
4292 3 2 1 1 3488 3261 3061 3308
4293 3 2 1 1 4047 4219 4372 4243
4294 3 2 1 1 4984 5010 5103 5063
4295 3 2 1 1 2626 2864 3092 2891
4296 3 2 1 1 4668 4743 4870 4817
4297 3 2 1 1 2371 2401 2745 2520
4298 3 2 1 1 3919 3828 3528 3727
4299 3 2 1 1 4236 4020 3954 4053
4300 3 2 1 1 4410 4231 4070 4318
4301 3 2 1 1 4426 4511 4637 4457
4302 3 2 1 1 3253 2995 2803 3037
4303 3 2 1 1 4123 3896 3748 3956
4304 3 2 1 1 4035 4122 4322 4155
4305 3 2 1 1 596 304 32 33
4306 3 2 1 1 597 305 40 41
4307 3 2 1 1 686 486 807 1097
4308 3 2 1 1 1257 923 768 1093
4309 3 2 1 1 2321 2035 1887 2163
4310 3 2 1 1 2534 2800 3011 2757
4311 3 2 1 1 3172 3242 3476 3363
4312 3 2 1 1 4319 4222 4024 4125
4313 3 2 1 1 4434 4465 4652 4518
4314 3 2 1 1 4201 4354 4497 4262
4315 3 2 1 1 4369 4368 4557 4462
4316 3 2 1 1 772 455 454 506
4317 3 2 1 1 2315 2314 2161 2018
4318 3 2 1 1 4252 4408 4589 4453
4319 3 2 1 1 4757 4863 4973 4934
4320 3 2 1 1 3975 4120 4231 4171
4321 3 2 1 1 3861 4015 4189 4116
4322 3 2 1 1 4372 4352 4560 4465
4323 3 2 1 1 113 114 365 621
4324 3 2 1 1 1250 974 1300 1585
4325 3 2 1 1 2364 2589 2669 2440
4326 3 2 1 1 2209 2604 2734 2457
4327 3 2 1 1 3996 3966 4227 4091
4328 3 2 1 1 4430 4580 4743 4668
4329 3 2 1 1 946 811 974 1250
4330 3 2 1 1 3602 3483 3180 3380
4331 3 2 1 1 4027 3922 3711 3820
4332 3 2 1 1 4595 4708 4824 4778
4333 3 2 1 1 598 35 36 451
4334 3 2 1 1 778 366 592 777
4335 3 2 1 1 1887 1616 1914 2163
4336 3 2 1 1 3127 2875 2631 3003
4337 3 2 1 1 3820 3711 3483 3602
4338 3 2 1 1 5074 5113 5134 5051
4339 3 2 1 1 1122 944 685 925
4340 3 2 1 1 1575 1265 994 1344
4341 3 2 1 1 3498 3376 3256 3305
4342 3 2 1 1 1871 1730 1436 1606
4343 3 2 1 1 2881 2609 2361 2641
4344 3 2 1 1 2887 2741 2606 2667
4345 3 2 1 1 2597 2693 2957 2864
4346 3 2 1 1 3876 3857 4121 3984
4347 3 2 1 1 4499 4409 4172 4325
4348 3 2 1 1 2454 2164 2025 2305
4349 3 2 1 1 3358 3550 3728 3507
4350 3 2 1 1 3985 3984 4200 4078
4351 3 2 1 1 1416 1100 820 1148
4352 3 2 1 1 1507 1306 978 1275
4353 3 2 1 1 1259 1573 1676 1359
4354 3 2 1 1 2819 2767 2486 2675
4355 3 2 1 1 2995 2869 2594 2736
4356 3 2 1 1 3193 3192 2902 3073
4357 3 2 1 1 3923 3815 3542 3720
4358 3 2 1 1 4579 4505 4266 4420
4359 3 2 1 1 5014 4903 4902 4909
4360 3 2 1 1 773 497 843 940
4361 3 2 1 1 3291 3208 3125 3318
4362 3 2 1 1 1424 1588 1744 1425
4363 3 2 1 1 2604 2868 2994 2734
4364 3 2 1 1 3770 3767 3996 3874
4365 3 2 1 1 2444 2306 2022 2171
4366 3 2 1 1 2801 2535 2345 2648
4367 3 2 1 1 1097 807 1170 1438
4368 3 2 1 1 2865 3125 3208 2953
4369 3 2 1 1 4322 4122 4018 4225
4370 3 2 1 1 4043 4078 4292 4148
4371 3 2 1 1 4930 4862 4794 4859
4372 3 2 1 1 5134 5077 4987 5035
4373 3 2 1 1 923 598 451 768
4374 3 2 1 1 4362 4238 4156 4330
4375 3 2 1 1 314 497 773 448
4376 3 2 1 1 2031 1725 1461 1870
4377 3 2 1 1 3247 3135 2806 3017
4378 3 2 1 1 3430 3365 3182 3384
4379 3 2 1 1 5122 5119 5078 4991
4380 3 2 1 1 986 1044 1365 1199
4381 3 2 1 1 3936 3731 3632 3823
4382 3 2 1 1 2097 2380 2612 2327
4383 3 2 1 1 4583 4377 4252 4453
4384 3 2 1 1 2737 2489 2206 2379
4385 3 2 1 1 4462 4429 4241 4369
4386 3 2 1 1 2070 2213 2475 2166
4387 3 2 1 1 5066 5057 4914 5026
4388 3 2 1 1 1104 844 522 783
4389 3 2 1 1 1252 1094 765 922
4390 3 2 1 1 3826 3712 3543 3691
4391 3 2 1 1 596 33 34 450
4392 3 2 1 1 598 450 34 35
4393 3 2 1 1 600 38 39 456
4394 3 2 1 1 599 452 42 43
4395 3 2 1 1 2029 1734 1465 1791
4396 3 2 1 1 2164 1889 1662 2025
4397 3 2 1 1 1665 1963 2177 1872
4398 3 2 1 1 2076 2257 2447 2386
4399 3 2 1 1 3984 3985 3818 3876
4400 3 2 1 1 612 178 179 459
4401 3 2 1 1 2911 3182 3365 3122
4402 3 2 1 1 1740 1413 1250 1585
4403 3 2 1 1 2444 2171 1934 2249
4404 3 2 1 1 4326 4142 3974 4128
4405 3 2 1 1 4092 4091 4276 4197
4406 3 2 1 1 4819 4750 4606 4737
4407 3 2 1 1 4842 4988 5102 4966
4408 3 2 1 1 1873 1733 1341 1586
4409 3 2 1 1 1668 1583 1445 1604
4410 3 2 1 1 2035 1740 1585 1887
4411 3 2 1 1 4745 4647 4454 4592
4412 3 2 1 1 2474 2251 2693 2597
4413 3 2 1 1 3092 3044 3329 3175
4414 3 2 1 1 3497 3259 3379 3496
4415 3 2 1 1 3760 3705 3547 3724
4416 3 2 1 1 974 1273 1574 1300
4417 3 2 1 1 3003 3248 3370 3127
4418 3 2 1 1 3896 3895 3623 3817
4419 3 2 1 1 3626 3704 3891 3736
4420 3 2 1 1 4130 4033 3930 4031
4421 3 2 1 1 4330 4156 4131 4226
4422 3 2 1 1 3142 3243 3375 3303
4423 3 2 1 1 4881 4813 4794 4862
4424 3 2 1 1 4914 4942 4817 4870
4425 3 2 1 1 2832 2831 2600 2726
4426 3 2 1 1 3363 3476 3676 3598
4427 3 2 1 1 5151 5109 4978 5083
4428 3 2 1 1 787 597 452 685
4429 3 2 1 1 3016 3184 3364 3063
4430 3 2 1 1 760 926 1014 1112
4431 3 2 1 1 831 1116 1281 981
4432 3 2 1 1 2545 2359 2094 2312
4433 3 2 1 1 3981 3928 3749 3980
4434 3 2 1 1 1122 925 767 945
4435 3 2 1 1 863 360 591 681
4436 3 2 1 1 3366 3165 2914 3147
4437 3 2 1 1 3733 3818 3985 3841
4438 3 2 1 1 4453 4589 4670 4664
4439 3 2 1 1 1096 811 490 787
4440 3 2 1 1 1662 1426 1262 1479
4441 3 2 1 1 2096 1926 1624 1806
4442 3 2 1 1 5116 5061 5036 4982
4443 3 2 1 1 1016 1428 1427 1287
4444 3 2 1 1 3063 2933 2805 3016
4445 3 2 1 1 3510 3603 3770 3624
4446 3 2 1 1 2359 2545 2735 2671
4447 3 2 1 1 3249 3151 3138 2893
4448 3 2 1 1 4354 4377 4583 4431
4449 3 2 1 1 1807 2097 2327 2044
4450 3 2 1 1 4135 3942 3929 4029
4451 3 2 1 1 1424 1282 1099 1448
4452 3 2 1 1 3395 3561 3773 3707
4453 3 2 1 1 4027 3820 3638 3852
4454 3 2 1 1 1438 1170 1482 1737
4455 3 2 1 1 2360 2639 2866 2590
4456 3 2 1 1 3368 3162 2905 3076
4457 3 2 1 1 3414 3438 3713 3551
4458 3 2 1 1 3832 3615 3611 3657
4459 3 2 1 1 3717 3839 4018 3758
4460 3 2 1 1 2684 2772 2945 2650
4461 3 2 1 1 3724 3865 4019 3760
4462 3 2 1 1 3840 3874 4092 3944
4463 3 2 1 1 2321 2078 1788 2035
4464 3 2 1 1 2380 2097 1957 2247
4465 3 2 1 1 3001 2677 2486 2767
4466 3 2 1 1 1112 843 497 760
4467 3 2 1 1 2379 2206 1926 2096
4468 3 2 1 1 1730 1871 2162 1959
4469 3 2 1 1 3297 3367 3561 3395
4470 3 2 1 1 3425 3606 3823 3632
4471 3 2 1 1 4030 3816 3623 3895
4472 3 2 1 1 4754 4593 4442 4661
4473 3 2 1 1 4834 4876 5032 4908
4474 3 2 1 1 1588 1872 2040 1744
4475 3 2 1 1 684 456 305 490
4476 3 2 1 1 787 490 305 597
4477 3 2 1 1 783 522 362 600
4478 3 2 1 1 2462 2178 1959 2250
4479 3 2 1 1 2555 2516 2855 2625
4480 3 2 1 1 3131 2873 2755 2998
4481 3 2 1 1 273 274 312 620
4482 3 2 1 1 597 41 42 452
4483 3 2 1 1 599 43 44 457
4484 3 2 1 1 595 46 47 458
4485 3 2 1 1 632 306 48 49
4486 3 2 1 1 3716 3497 3496 3516
4487 3 2 1 1 3431 3364 3184 3385
4488 3 2 1 1 4125 3923 3825 3961
4489 3 2 1 1 5107 5082 4905 5042
4490 3 2 1 1 5143 5120 5049 5110
4491 3 2 1 1 2208 2534 2757 2478
4492 3 2 1 1 2500 2740 3010 2759
4493 3 2 1 1 3169 3328 3569 3484
4494 3 2 1 1 3831 3728 3550 3702
4495 3 2 1 1 4034 4031 3930 3822
4496 3 2 1 1 4672 4526 4348 4504
4497 3 2 1 1 1341 1171 810 1094
4498 3 2 1 1 3062 3015 2798 3140
4499 3 2 1 1 3647 3707 3876 3818
4500 3 2 1 1 1413 1104 946 1250
4501 3 2 1 1 3385 3538 3706 3431
4502 3 2 1 1 3199 2922 2821 3043
4503 3 2 1 1 4139 3940 3937 3975
4504 3 2 1 1 2357 2453 2061 2263
4505 3 2 1 1 2775 2823 3094 2894
4506 3 2 1 1 3603 3510 3427 3274
4507 3 2 1 1 2373 2406 2098 2274
4508 3 2 1 1 2406 2373 2723 2504
4509 3 2 1 1 3265 3123 2936 3142
4510 3 2 1 1 3406 3598 3788 3704
4511 3 2 1 1 4533 4557 4368 4502
4512 3 2 1 1 4431 4583 4739 4600
4513 3 2 1 1 795 816 1132 967
4514 3 2 1 1 1816 1882 1505 1728
4515 3 2 1 1 4070 4019 3865 4035
4516 3 2 1 1 4448 4618 4740 4537
4517 3 2 1 1 4748 4842 4966 4768
4518 3 2 1 1 3660 3522 3885 3767
4519 3 2 1 1 5099 5088 4983 4910
4520 3 2 1 1 4132 4025 3933 4032
4521 3 2 1 1 1883 1584 1583 1636
4522 3 2 1 1 3124 2992 2633 2818
4523 3 2 1 1 3820 3602 3499 3638
4524 3 2 1 1 3827 3722 3525 3759
4525 3 2 1 1 4671 4579 4455 4622
4526 3 2 1 1 5037 4944 4766 4904
4527 3 2 1 1 5042 4905 4829 4897
4528 3 2 1 1 5099 4910 4836 4990
4529 3 2 1 1 5035 4965 4895 4969
4530 3 2 1 1 789 526 467 463
4531 3 2 1 1 2047 1905 1666 1765
4532 3 2 1 1 4587 4586 4468 4378
4533 3 2 1 1 601 383 185 186
4534 3 2 1 1 1138 1198 1517 1303
4535 3 2 1 1 1300 1574 1880 1616
4536 3 2 1 1 4908 5032 5130 5046
4537 3 2 1 1 32 304 593 31
4538 3 2 1 1 1737 1966 2190 1886
4539 3 2 1 1 448 773 681 591
4540 3 2 1 1 1878 1736 1421 1580
4541 3 2 1 1 1273 974 811 1096
4542 3 2 1 1 2350 2495 2684 2387
4543 3 2 1 1 3607 3480 3303 3495
4544 3 2 1 1 4128 3974 3731 3936
4545 3 2 1 1 4500 4321 4141 4335
4546 3 2 1 1 4126 3927 4036 4124
4547 3 2 1 1 4825 4739 4664 4749
4548 3 2 1 1 5131 5033 4917 5058
4549 3 2 1 1 613 188 189 464
4550 3 2 1 1 605 464 189 190
4551 3 2 1 1 2997 2735 2600 2831
4552 3 2 1 1 5140 5099 4990 5059
4553 3 2 1 1 3042 2894 3334 3242
4554 3 2 1 1 4265 4129 3974 4142
4555 3 2 1 1 2035 1788 1479 1740
4556 3 2 1 1 4036 3824 3719 3926
4557 3 2 1 1 5033 4990 4836 4968
4558 3 2 1 1 5131 5059 4990 5033
4559 3 2 1 1 2174 1881 1877 1916
4560 3 2 1 1 4424 4332 4171 4329
4561 3 2 1 1 2401 2371 2191 2310
4562 3 2 1 1 3994 3956 3748 3884
4563 3 2 1 1 4320 4132 4032 4230
4564 3 2 1 1 609 192 193 303
4565 3 2 1 1 604 303 193 194
4566 3 2 1 1 604 194 195 461
4567 3 2 1 1 610 461 195 196
4568 3 2 1 1 611 384 198 199
4569 3 2 1 1 2454 2221 1962 2164
4570 3 2 1 1 4291 4292 4078 4200
4571 3 2 1 1 1791 1465 1744 2040
4572 3 2 1 1 2674 2865 2953 2495
4573 3 2 1 1 2938 2732 2500 2759
4574 3 2 1 1 4040 3835 3830 3867
4575 3 2 1 1 5146 5101 4978 5109
4576 3 2 1 1 1263 933 770 1080
4577 3 2 1 1 3004 2800 2534 2742
4578 3 2 1 1 4607 4544 4468 4586
4579 3 2 1 1 5133 5104 5049 5120
4580 3 2 1 1 4418 4417 4176 4320
4581 3 2 1 1 4820 4631 4512 4683
4582 3 2 1 1 1740 1479 1262 1413
4583 3 2 1 1 4328 4130 4031 4182
4584 3 2 1 1 4283 4228 4081 4279
4585 3 2 1 1 2601 2443 2168 2308
4586 3 2 1 1 4945 4898 4766 4944
4587 3 2 1 1 4968 4836 4818 4820
4588 3 2 1 1 1257 993 683 923
4589 3 2 1 1 1778 2166 2334 2023
4590 3 2 1 1 2688 2653 2472 2598
4591 3 2 1 1 3491 3250 3145 3373
4592 3 2 1 1 4033 3826 3691 3930
4593 3 2 1 1 2932 2784 2537 2668
4594 3 2 1 1 3665 3492 3281 3539
4595 3 2 1 1 3758 3706 3538 3717
4596 3 2 1 1 4282 4126 4124 4229
4597 3 2 1 1 4581 4418 4327 4458
4598 3 2 1 1 4747 4530 4431 4600
4599 3 2 1 1 2165 2021 1756 1903
4600 3 2 1 1 2466 2249 1934 2182
4601 3 2 1 1 4708 4595 4506 4581
4602 3 2 1 1 4748 4815 4967 4842
4603 3 2 1 1 1754 1482 1170 1422
4604 3 2 1 1 3375 3243 3128 3153
4605 3 2 1 1 3606 3425 3149 3390
4606 3 2 1 1 3712 3702 3550 3498
4607 3 2 1 1 1889 1645 1345 1592
4608 3 2 1 1 2222 2468 2744 2536
4609 3 2 1 1 2598 2332 2191 2371
4610 3 2 1 1 4749 4750 4819 4895
4611 3 2 1 1 3174 3026 3434 3367
4612 3 2 1 1 1893 1663 1324 1597
4613 3 2 1 1 5083 5037 4905 5082
4614 3 2 1 1 1765 1874 2193 1919
4615 3 2 1 1 4600 4739 4825 4773
4616 3 2 1 1 1827 1826 1759 1609
4617 3 2 1 1 1616 1880 2178 1914
4618 3 2 1 1 3019 2758 2750 2872
4619 3 2 1 1 3816 3607 3495 3623
4620 3 2 1 1 4028 3819 3721 3925
4621 3 2 1 1 4368 4369 4197 4276
4622 3 2 1 1 4594 4588 4335 4508
4623 3 2 1 1 4666 4555 4371 4467
4624 3 2 1 1 271 272 473 623
4625 3 2 1 1 2112 2030 1684 1876
4626 3 2 1 1 3729 3521 3487 3619
4627 3 2 1 1 4364 4229 4156 4238
4628 3 2 1 1 4155 4358 4501 4318
4629 3 2 1 1 603 301 180 181
4630 3 2 1 1 1885 1599 1421 1736
4631 3 2 1 1 4334 4141 4134 4237
4632 3 2 1 1 1575 1418 1101 1265
4633 3 2 1 1 3924 3763 3521 3729
4634 3 2 1 1 4365 4458 4327 4328
4635 3 2 1 1 4746 4594 4506 4595
4636 3 2 1 1 4863 4757 4676 4746
4637 3 2 1 1 608 176 177 363
4638 3 2 1 1 2450 2192 2333 2448
4639 3 2 1 1 3007 2797 2481 2754
4640 3 2 1 1 1590 1297 1010 1253
4641 3 2 1 1 1890 1590 1342 1749
4642 3 2 1 1 2876 2799 2739 2530
4643 3 2 1 1 4418 4320 4230 4327
4644 3 2 1 1 1346 1362 1683 1527
4645 3 2 1 1 4508 4334 4176 4417
4646 3 2 1 1 3077 3043 2821 3001
4647 3 2 1 1 4594 4508 4417 4506
4648 3 2 1 1 4821 4694 4526 4672
4649 3 2 1 1 5002 4907 4758 4854
4650 3 2 1 1 1580 1261 1010 1297
4651 3 2 1 1 2310 2049 1826 2115
4652 3 2 1 1 2872 2616 2472 2653
4653 3 2 1 1 4082 3965 3747 3855
4654 3 2 1 1 5100 4973 4837 4984
4655 3 2 1 1 4842 4967 5039 4988
4656 3 2 1 1 4982 5078 5119 5116
4657 3 2 1 1 2735 2545 2386 2600
4658 3 2 1 1 4820 4818 4711 4631
4659 3 2 1 1 1266 1013 648 942
4660 3 2 1 1 3412 3484 3671 3522
4661 3 2 1 1 930 660 386 607
4662 3 2 1 1 4581 4506 4417 4418
4663 3 2 1 1 952 762 590 342
4664 3 2 1 1 1598 1298 1136 1423
4665 3 2 1 1 2882 2802 2520 2745
4666 3 2 1 1 3251 3007 2758 3022
4667 3 2 1 1 3934 3954 4020 3935
4668 3 2 1 1 4940 4837 4778 4824
4669 3 2 1 1 612 363 177 178
4670 3 2 1 1 865 523 697 846
4671 3 2 1 1 1263 995 687 933
4672 3 2 1 1 2616 2451 2309 2472
4673 3 2 1 1 2754 2481 2448 2617
4674 3 2 1 1 2855 2830 3075 2981
4675 3 2 1 1 4839 4870 4743 4785
4676 3 2 1 1 2593 2345 2299 2320
4677 3 2 1 1 1508 1807 2044 1754
4678 3 2 1 1 2731 2825 3085 2993
4679 3 2 1 1 4328 4327 4230 4130
4680 3 2 1 1 5043 4976 4834 4908
4681 3 2 1 1 930 607 383 775
4682 3 2 1 1 1890 1633 1297 1590
4683 3 2 1 1 1517 1516 1829 1619
4684 3 2 1 1 2308 2168 1773 2026
4685 3 2 1 1 2451 2180 1960 2309
4686 3 2 1 1 2874 2612 2380 2732
4687 3 2 1 1 1880 1574 1436 1730
4688 3 2 1 1 2049 2028 1749 1906
4689 3 2 1 1 2909 2981 3194 3026
4690 3 2 1 1 3151 3249 3432 3274
4691 3 2 1 1 5124 5117 5038 5100
4692 3 2 1 1 4025 3831 3702 3933
4693 3 2 1 1 494 705 1107 920
4694 3 2 1 1 2263 2061 1770 2030
4695 3 2 1 1 3274 3432 3660 3603
4696 3 2 1 1 4075 4182 4031 4034
4697 3 2 1 1 1523 1302 1190 972
4698 3 2 1 1 1590 1253 1103 1342
4699 3 2 1 1 1878 1580 1297 1633
4700 3 2 1 1 1881 1614 1298 1598
4701 3 2 1 1 2729 2875 3127 2920
4702 3 2 1 1 4029 3821 3620 3837
4703 3 2 1 1 4613 4634 4498 4585
4704 3 2 1 1 2178 1880 1730 1959
4705 3 2 1 1 3369 3077 2898 3155
4706 3 2 1 1 606 173 174 460
4707 3 2 1 1 948 659 363 612
4708 3 2 1 1 932 771 385 608
4709 3 2 1 1 2167 1890 1749 2028
4710 3 2 1 1 2617 2448 2333 2473
4711 3 2 1 1 3500 3245 3031 3280
4712 3 2 1 1 4025 3867 3830 3831
4713 3 2 1 1 4582 4447 4247 4349
4714 3 2 1 1 4667 4500 4335 4588
4715 3 2 1 1 5110 5049 4907 5002
4716 3 2 1 1 607 386 183 184
4717 3 2 1 1 606 315 172 173
4718 3 2 1 1 1173 1200 965 1025
4719 3 2 1 1 1609 1451 1190 1302
4720 3 2 1 1 2172 2038 1640 1885
4721 3 2 1 1 3618 3392 3377 3489
4722 3 2 1 1 4822 4692 4522 4616
4723 3 2 1 1 4900 4783 4711 4818
4724 3 2 1 1 686 459 301 486
4725 3 2 1 1 692 542 397 929
4726 3 2 1 1 3064 3183 3479 3304
4727 3 2 1 1 607 184 185 383
4728 3 2 1 1 689 486 301 603
4729 3 2 1 1 936 642 340 613
4730 3 2 1 1 2733 2450 2448 2481
4731 3 2 1 1 4910 4900 4818 4836
4732 3 2 1 1 3551 3713 3834 3762
4733 3 2 1 1 1418 1575 1664 1753
4734 3 2 1 1 2450 2200 1916 2192
4735 3 2 1 1 3486 3305 3256 3257
4736 3 2 1 1 4785 4743 4580 4634
4737 3 2 1 1 2050 1907 1640 2038
4738 3 2 1 1 1939 2117 2437 2266
4739 3 2 1 1 3000 2688 2520 2802
4740 3 2 1 1 1423 1136 1015 1277
4741 3 2 1 1 2192 1916 1877 2050
4742 3 2 1 1 2049 1906 1759 1826
4743 3 2 1 1 2536 2744 2885 2665
4744 3 2 1 1 4029 3929 3710 3821
4745 3 2 1 1 4126 3950 3738 3927
4746 3 2 1 1 4035 4155 4318 4070
4747 3 2 1 1 4539 4426 4238 4362
4748 3 2 1 1 937 602 455 772
4749 3 2 1 1 1280 951 642 1117
4750 3 2 1 1 4226 4028 3925 4129
4751 3 2 1 1 4226 4131 3926 4028
4752 3 2 1 1 1607 1412 988 1280
4753 3 2 1 1 605 190 191 387
4754 3 2 1 1 609 387 191 192
4755 3 2 1 1 2350 2093 2307 2602
4756 3 2 1 1 3002 2733 2481 2797
4757 3 2 1 1 2754 2617 2615 2750
4758 3 2 1 1 3927 3738 3516 3718
4759 3 2 1 1 701 849 1107 705
4760 3 2 1 1 2050 1877 1667 1907
4761 3 2 1 1 4339 4502 4257 4148
4762 3 2 1 1 2446 2218 1938 2196
4763 3 2 1 1 3039 3132 3328 3169
4764 3 2 1 1 4500 4412 4224 4321
4765 3 2 1 1 1907 1607 1319 1640
4766 3 2 1 1 2172 1885 1736 1930
4767 3 2 1 1 2332 2167 2028 2191
4768 3 2 1 1 4897 4755 4676 4757
4769 3 2 1 1 610 196 197 466
4770 3 2 1 1 611 199 200 302
4771 3 2 1 1 625 302 200 201
4772 3 2 1 1 1807 1508 1298 1614
4773 3 2 1 1 2032 1741 1581 1895
4774 3 2 1 1 1881 1598 1667 1877
4775 3 2 1 1 3638 3815 4024 3852
4776 3 2 1 1 5141 5053 4987 5077
4777 3 2 1 1 264 265 321 628
4778 3 2 1 1 941 605 387 769
4779 3 2 1 1 1253 931 649 1103
4780 3 2 1 1 1267 936 682 971
4781 3 2 1 1 1261 941 769 1010
4782 3 2 1 1 1599 1267 971 1421
4783 3 2 1 1 3497 3281 3032 3259
4784 3 2 1 1 1278 1103 649 953
4785 3 2 1 1 931 769 387 609
4786 3 2 1 1 1605 1249 978 1306
4787 3 2 1 1 2180 1878 1633 1960
4788 3 2 1 1 2079 2306 2594 2361
4789 3 2 1 1 3544 3373 3149 3425
4790 3 2 1 1 268 269 349 626
4791 3 2 1 1 1576 1739 1909 1577
4792 3 2 1 1 3714 3605 3302 3494
4793 3 2 1 1 2174 1957 1614 1881
4794 3 2 1 1 3131 2934 2640 2873
4795 3 2 1 1 3819 3719 3426 3610
4796 3 2 1 1 3647 3671 3484 3569
4797 3 2 1 1 4667 4510 4412 4500
4798 3 2 1 1 4922 4899 4773 4831
4799 3 2 1 1 951 775 383 601
4800 3 2 1 1 3712 3498 3305 3543
4801 3 2 1 1 3251 3129 2797 3007
4802 3 2 1 1 3258 3059 2871 3002
4803 3 2 1 1 5100 5038 4934 4973
4804 3 2 1 1 4835 4971 4982 5036
4805 3 2 1 1 953 604 461 687
4806 3 2 1 1 933 687 461 610
4807 3 2 1 1 4755 4667 4588 4676
4808 3 2 1 1 4831 4965 5035 4987
4809 3 2 1 1 1277 1015 660 930
4810 3 2 1 1 1435 1344 994 1286
4811 3 2 1 1 458 306 488 766
4812 3 2 1 1 1260 1251 808 1092
4813 3 2 1 1 951 601 340 642
4814 3 2 1 1 1270 1086 690 956
4815 3 2 1 1 5145 5107 5038 5117
4816 3 2 1 1 3566 3701 3921 3744
4817 3 2 1 1 4968 4820 4683 4886
4818 3 2 1 1 3486 3257 3060 3381
4819 3 2 1 1 3485 3379 3104 3262
4820 3 2 1 1 768 522 844 1093
4821 3 2 1 1 2095 2040 1872 2177
4822 3 2 1 1 3009 2880 2629 2899
4823 3 2 1 1 4053 4172 4409 4253
4824 3 2 1 1 2617 2473 2217 2615
4825 3 2 1 1 3250 3146 2781 3020
4826 3 2 1 1 4973 4863 4778 4837
4827 3 2 1 1 936 613 464 682
4828 3 2 1 1 2799 2876 3070 2893
4829 3 2 1 1 2764 2993 3205 3132
4830 3 2 1 1 3852 4024 4222 4072
4831 3 2 1 1 4772 4677 4511 4610
4832 3 2 1 1 2664 2761 3012 2882
4833 3 2 1 1 2603 2738 3021 2811
4834 3 2 1 1 4257 4276 4091 4227
4835 3 2 1 1 4904 4821 4751 4829
4836 3 2 1 1 2460 2322 1958 2176
4837 3 2 1 1 3817 3600 3394 3709
4838 3 2 1 1 2223 2095 2177 2463
4839 3 2 1 1 2211 2255 2555 2353
4840 3 2 1 1 4237 4134 3837 4040
4841 3 2 1 1 1088 763 636 962
4842 3 2 1 1 4130 4230 4032 4033
4843 3 2 1 1 1836 1320 1594 1650
4844 3 2 1 1 2101 2338 2599 2449
4845 3 2 1 1 2513 2353 2825 2731
4846 3 2 1 1 5028 4882 4758 4907
4847 3 2 1 1 3822 3930 3691 3715
4848 3 2 1 1 1422 1170 807 1108
4849 3 2 1 1 2447 2257 2161 2314
4850 3 2 1 1 816 1039 1442 1182
4851 3 2 1 1 2674 2602 2442 2644
4852 3 2 1 1 5129 5102 4988 5054
4853 3 2 1 1 4041 3924 3762 3847
4854 3 2 1 1 3839 4063 4225 4018
4855 3 2 1 1 2452 2190 1966 2311
4856 3 2 1 1 3002 2871 2596 2733
4857 3 2 1 1 3280 3483 3711 3525
4858 3 2 1 1 2730 2540 2218 2446
4859 3 2 1 1 2029 1875 1578 1734
4860 3 2 1 1 1775 2093 2258 2019
4861 3 2 1 1 2641 2869 3130 2935
4862 3 2 1 1 4504 4326 4224 4412
4863 3 2 1 1 3031 3180 3483 3280
4864 3 2 1 1 3835 3620 3605 3714
4865 3 2 1 1 2530 2670 2943 2876
4866 3 2 1 1 3499 3542 3815 3638
4867 3 2 1 1 1256 932 659 1098
4868 3 2 1 1 5107 5042 4934 5038
4869 3 2 1 1 1414 1589 1903 1756
4870 3 2 1 1 1276 1098 659 948
4871 3 2 1 1 2611 2469 2206 2489
4872 3 2 1 1 4504 4348 4142 4326
4873 3 2 1 1 1582 1415 1098 1276
4874 3 2 1 1 1734 1578 1254 1416
4875 3 2 1 1 3297 3328 3132 3205
4876 3 2 1 1 3494 3302 3129 3251
4877 3 2 1 1 4321 4224 3942 4135
4878 3 2 1 1 3525 3711 3922 3759
4879 3 2 1 1 115 618 365 114
4880 3 2 1 1 1023 1022 1355 1198
4881 3 2 1 1 1420 1511 1908 1729
4882 3 2 1 1 1974 1876 1527 1683
4883 3 2 1 1 2893 3070 3316 3249
4884 3 2 1 1 1789 2022 2306 2079
4885 3 2 1 1 955 652 388 624
4886 3 2 1 1 1428 1016 823 1146
4887 3 2 1 1 2677 2648 2345 2593
4888 3 2 1 1 361 779 767 457
4889 3 2 1 1 3829 3726 3521 3763
4890 3 2 1 1 3728 3526 3284 3507
4891 3 2 1 1 4457 4364 4238 4426
4892 3 2 1 1 1684 1623 1602 1462
4893 3 2 1 1 3489 3377 3059 3258
4894 3 2 1 1 3714 3494 3284 3526
4895 3 2 1 1 508 780 831 966
4896 3 2 1 1 4091 4092 3874 3996
4897 3 2 1 1 4719 4666 4522 4692
4898 3 2 1 1 1260 1452 1760 1511
4899 3 2 1 1 2361 2594 2869 2641
4900 3 2 1 1 2629 2806 3135 2899
4901 3 2 1 1 3507 3267 3065 3358
4902 3 2 1 1 3821 3710 3392 3618
4903 3 2 1 1 1171 1341 1733 1481
4904 3 2 1 1 121 122 364 616
4905 3 2 1 1 1251 1260 1511 1420
4906 3 2 1 1 1664 1575 1344 1464
4907 3 2 1 1 862 1187 1348 1110
4908 3 2 1 1 4221 4068 4175 4333
4909 3 2 1 1 2170 1884 1625 1958
4910 3 2 1 1 1256 1121 771 932
4911 3 2 1 1 1314 1591 1755 1470
4912 3 2 1 1 2769 3137 3148 3021
4913 3 2 1 1 14 455 602 13
4914 3 2 1 1 4467 4415 4247 4447
4915 3 2 1 1 2733 2596 2200 2450
4916 3 2 1 1 4707 4669 4526 4694
4917 3 2 1 1 37 362 451 36
4918 3 2 1 1 1589 1256 1098 1415
4919 3 2 1 1 3376 3260 3139 3256
4920 3 2 1 1 2461 2174 1916 2200
4921 3 2 1 1 935 774 471 616
4922 3 2 1 1 3255 3010 2871 3059
4923 3 2 1 1 1776 2037 2183 1935
4924 3 2 1 1 3258 3002 2797 3129
4925 3 2 1 1 4326 4128 3942 4224
4926 3 2 1 1 2185 1901 1624 1926
4927 3 2 1 1 2595 2442 2066 2324
4928 3 2 1 1 3438 3414 3198 3372
4929 3 2 1 1 4713 4637 4511 4677
4930 3 2 1 1 2476 2619 2873 2640
4931 3 2 1 1 4043 4227 3966 3841
4932 3 2 1 1 2469 2185 1926 2206
4933 3 2 1 1 3252 3137 2769 3011
4934 3 2 1 1 3267 3019 2836 3065
4935 3 2 1 1 4803 4683 4512 4665
4936 3 2 1 1 1116 831 780 938
4937 3 2 1 1 2382 2329 2169 2471
4938 3 2 1 1 3489 3258 3129 3302
4939 3 2 1 1 3490 3271 3391 3487
4940 3 2 1 1 1623 1684 2030 1770
4941 3 2 1 1 3823 3606 3392 3710
4942 3 2 1 1 1479 1788 2025 1662
4943 3 2 1 1 2173 1971 2388 2259
4944 3 2 1 1 1149 1463 1758 1431
4945 3 2 1 1 1099 681 773 940
4946 3 2 1 1 4835 4886 4683 4803
4947 3 2 1 1 4917 5036 5061 5058
4948 3 2 1 1 2319 2259 2542 2378
4949 3 2 1 1 617 20 21 465
4950 3 2 1 1 1743 1886 2190 1965
4951 3 2 1 1 4232 4266 4505 4416
4952 3 2 1 1 451 362 522 768
4953 3 2 1 1 3490 3289 3033 3271
4954 3 2 1 1 3252 3011 2800 3045
4955 3 2 1 1 691 615 318 502
4956 3 2 1 1 1584 1281 1445 1583
4957 3 2 1 1 1600 1505 1882 1646
4958 3 2 1 1 2097 1807 1614 1957
4959 3 2 1 1 39 40 305 456
4960 3 2 1 1 48 306 458 47
4961 3 2 1 1 3966 3996 3767 3885
4962 3 2 1 1 2643 2670 2378 2542
4963 3 2 1 1 3619 3487 3391 3310
4964 3 2 1 1 614 149 150 353
4965 3 2 1 1 1300 1616 1887 1585
4966 3 2 1 1 3254 3006 3005 3033
4967 3 2 1 1 2058 2181 2459 2203
4968 3 2 1 1 3257 3256 3139 3012
4969 3 2 1 1 4434 4585 4411 4243
4970 3 2 1 1 2101 2449 2216 1924
4971 3 2 1 1 3010 2740 2596 2871
4972 3 2 1 1 4509 4425 4254 4443
4973 3 2 1 1 45 361 457 44
4974 3 2 1 1 3881 3716 3516 3738
4975 3 2 1 1 616 471 120 121
4976 3 2 1 1 2042 1961 2319 2181
4977 3 2 1 1 3039 3070 2876 2943
4978 3 2 1 1 1145 1414 1756 1603
4979 3 2 1 1 831 981 1191 966
4980 3 2 1 1 1773 2168 1927 1895
4981 3 2 1 1 22 23 360 449
4982 3 2 1 1 954 688 364 619
4983 3 2 1 1 1882 1816 2111 1971
4984 3 2 1 1 772 1110 1258 937
4985 3 2 1 1 2247 2500 2732 2380
4986 3 2 1 1 3733 3885 3522 3671
4987 3 2 1 1 956 690 365 618
4988 3 2 1 1 2168 2443 2209 1927
4989 3 2 1 1 3824 3608 3426 3719
4990 3 2 1 1 4443 4577 4675 4541
4991 3 2 1 1 2504 2693 2251 2406
4992 3 2 1 1 3494 3251 3022 3284
4993 3 2 1 1 2100 1967 1636 1897
4994 3 2 1 1 2601 2308 2094 2359
4995 3 2 1 1 2920 3127 3370 3196
4996 3 2 1 1 1116 938 690 1086
4997 3 2 1 1 3767 3770 3603 3660
4998 3 2 1 1 2740 2461 2200 2596
4999 3 2 1 1 4524 4626 4693 4826
5000 3 2 1 1 2036 1787 1613 1747
5001 3 2 1 1 1771 2064 2339 2054
5002 3 2 1 1 3259 3134 3104 3379
5003 3 2 1 1 1761 1450 1427 1468
5004 3 2 1 1 1523 1332 1892 1742
5005 3 2 1 1 1416 1254 927 1100
5006 3 2 1 1 2032 1896 1468 1741
5007 3 2 1 1 3181 2998 2781 3146
5008 3 2 1 1 615 470 117 118
5009 3 2 1 1 488 698 1092 808
5010 3 2 1 1 709 710 1109 921
5011 3 2 1 1 3926 4131 4124 4036
5012 3 2 1 1 1446 1283 934 1111
5013 3 2 1 1 1092 1090 1452 1260
5014 3 2 1 1 1896 2032 2195 2099
5015 3 2 1 1 1154 828 1123 1449
5016 3 2 1 1 106 107 341 634
5017 3 2 1 1 2175 2208 2478 2318
5018 3 2 1 1 3271 3033 3005 3148
5019 3 2 1 1 470 957 661 390
5020 3 2 1 1 1966 1737 1482 1790
5021 3 2 1 1 2442 2595 2878 2644
5022 3 2 1 1 661 957 1287 996
5023 3 2 1 1 2607 2464 2222 2536
5024 3 2 1 1 3151 3381 3060 3138
5025 3 2 1 1 5135 5149 5112 5150
5026 3 2 1 1 4960 4860 4974 5040
5027 3 2 1 1 180 301 459 179
5028 3 2 1 1 2493 2769 3021 2738
5029 3 2 1 1 5029 4960 5040 5106
5030 3 2 1 1 3254 3141 2780 3006
5031 3 2 1 1 618 115 116 390
5032 3 2 1 1 828 777 788 1123
5033 3 2 1 1 1458 1729 2051 1874
5034 3 2 1 1 1086 1270 1604 1445
5035 3 2 1 1 3661 3604 3402 3642
5036 3 2 1 1 5097 5029 5106 5136
5037 3 2 1 1 1016 691 502 823
5038 3 2 1 1 1265 1101 774 935
5039 3 2 1 1 1482 1754 2044 1790
5040 3 2 1 1 1618 1742 2042 1767
5041 3 2 1 1 2456 2455 2197 2317
5042 3 2 1 1 622 168 169 469
5043 3 2 1 1 174 175 385 460
5044 3 2 1 1 2875 2729 2348 2610
5045 3 2 1 1 2877 2599 2476 2640
5046 3 2 1 1 3731 3974 4129 3925
5047 3 2 1 1 3492 3248 3032 3281
5048 3 2 1 1 2457 2195 1927 2209
5049 3 2 1 1 1100 927 501 792
5050 3 2 1 1 2195 2032 1895 1927
5051 3 2 1 1 2459 2378 2670 2530
5052 3 2 1 1 3006 2749 2811 3005
5053 3 2 1 1 429 341 107 108
5054 3 2 1 1 938 621 365 690
5055 3 2 1 1 1018 1143 1350 1274
5056 3 2 1 1 198 384 466 197
5057 3 2 1 1 2170 2033 1731 1884
5058 3 2 1 1 2744 2468 2467 2507
5059 3 2 1 1 2888 2752 2497 2808
5060 3 2 1 1 3371 3124 2902 3192
5061 3 2 1 1 1467 1154 1449 1757
5062 3 2 1 1 534 312 274 275
5063 3 2 1 1 2742 2534 2208 2455
5064 3 2 1 1 770 487 806 1080
5065 3 2 1 1 12 13 602 331
5066 3 2 1 1 2738 2603 2330 2479
5067 3 2 1 1 3519 3708 3939 3746
5068 3 2 1 1 168 622 322 167
5069 3 2 1 1 4073 4038 4037 4234
5070 3 2 1 1 183 386 462 182
5071 3 2 1 1 2890 2756 2538 2810
5072 3 2 1 1 698 968 1090 1092
5073 3 2 1 1 385 771 784 460
5074 3 2 1 1 2939 2885 2780 3141
5075 3 2 1 1 1089 1259 1359 1011
5076 3 2 1 1 823 1101 1418 1146
5077 3 2 1 1 1265 935 688 994
5078 3 2 1 1 3727 3506 3319 3519
5079 3 2 1 1 2947 2878 2729 2920
5080 3 2 1 1 2317 2197 1787 2036
5081 3 2 1 1 3764 3723 3528 3828
5082 3 2 1 1 1776 1935 2139 1894
5083 3 2 1 1 617 324 19 20
5084 3 2 1 1 1127 801 508 966
5085 3 2 1 1 2383 2316 2099 2335
5086 3 2 1 1 1883 1738 1315 1584
5087 3 2 1 1 1757 1449 1254 1578
5088 3 2 1 1 3066 2868 2633 2992
5089 3 2 1 1 11 478 631 10
5090 3 2 1 1 384 487 770 466
5091 3 2 1 1 3080 3045 2800 3004
5092 3 2 1 1 2041 1891 1731 2033
5093 3 2 1 1 2885 2744 2507 2780
5094 3 2 1 1 629 468 109 110
5095 3 2 1 1 833 1128 1289 983
5096 3 2 1 1 619 123 124 388
5097 3 2 1 1 620 473 272 273
5098 3 2 1 1 2749 2507 2467 2614
5099 3 2 1 1 3006 2780 2507 2749
5100 3 2 1 1 777 592 472 788
5101 3 2 1 1 1527 1462 1442 1346
5102 3 2 1 1 1121 1414 1145 819
5103 3 2 1 1 1350 1456 1129 1274
5104 3 2 1 1 1314 1470 1751 1443
5105 3 2 1 1 938 780 474 621
5106 3 2 1 1 172 315 463 171
5107 3 2 1 1 1746 1463 1149 1444
5108 3 2 1 1 646 875 1279 1039
5109 3 2 1 1 3412 3432 3249 3316
5110 3 2 1 1 4481 4363 4421 4591
5111 3 2 1 1 621 474 112 113
5112 3 2 1 1 21 22 449 465
5113 3 2 1 1 3318 3125 2905 3162
5114 3 2 1 1 786 937 1258 1102
5115 3 2 1 1 594 166 167 322
5116 3 2 1 1 623 475 270 271
5117 3 2 1 1 1751 1894 1952 1650
5118 3 2 1 1 3257 3012 2761 3060
5119 3 2 1 1 4776 4752 4705 4901
5120 3 2 1 1 1271 1443 1594 1188
5121 3 2 1 1 1286 954 652 1047
5122 3 2 1 1 2460 2176 1924 2216
5123 3 2 1 1 18 472 592 17
5124 3 2 1 1 1048 1047 652 955
5125 3 2 1 1 3148 3005 2811 3021
5126 3 2 1 1 2189 2009 1902 2039
5127 3 2 1 1 318 471 774 502
5128 3 2 1 1 1886 1743 1415 1582
5129 3 2 1 1 629 110 111 332
5130 3 2 1 1 12 331 478 11
5131 3 2 1 1 538 400 126 127
5132 3 2 1 1 331 786 513 478
5133 3 2 1 1 1039 816 795 646
5134 3 2 1 1 624 125 126 400
5135 3 2 1 1 2037 1776 1470 1755
5136 3 2 1 1 2468 2183 2326 2467
5137 3 2 1 1 429 523 700 341
5138 3 2 1 1 771 1121 819 784
5139 3 2 1 1 2328 2184 1938 2218
5140 3 2 1 1 846 697 801 1127
5141 3 2 1 1 1891 1595 1309 1731
5142 3 2 1 1 627 266 267 476
5143 3 2 1 1 626 476 267 268
5144 3 2 1 1 2339 2188 1812 2054
5145 3 2 1 1 1346 1442 1039 1279
5146 3 2 1 1 774 1101 823 502
5147 3 2 1 1 1449 1123 927 1254
5148 3 2 1 1 120 471 318 119
5149 3 2 1 1 1128 833 790 949
5150 3 2 1 1 170 171 463 467
5151 3 2 1 1 1283 1446 1745 1512
5152 3 2 1 1 1200 1173 1600 1332
5153 3 2 1 1 2458 2326 2009 2189
5154 3 2 1 1 2449 2724 2531 2216
5155 3 2 1 1 1884 1731 1309 1611
5156 3 2 1 1 533 405 939 714
5157 3 2 1 1 838 984 1209 870
5158 3 2 1 1 2468 2222 1935 2183
5159 3 2 1 1 1437 1258 1110 1348
5160 3 2 1 1 2036 1747 1480 1888
5161 3 2 1 1 2183 2037 2009 2326
5162 3 2 1 1 2610 2460 2216 2531
5163 3 2 1 1 1123 788 501 927
5164 3 2 1 1 516 870 1030 703
5165 3 2 1 1 937 786 331 602
5166 3 2 1 1 1446 1111 819 1145
5167 3 2 1 1 794 626 349 500
5168 3 2 1 1 352 633 803 640
5169 3 2 1 1 2409 2328 2218 2540
5170 3 2 1 1 833 983 1271 947
5171 3 2 1 1 848 1134 1419 1192
5172 3 2 1 1 627 321 265 266
5173 3 2 1 1 2054 1812 1510 1758
5174 3 2 1 1 2753 2618 2440 2669
5175 3 2 1 1 2252 2194 2023 2334
5176 3 2 1 1 1758 1510 1290 1431
5177 3 2 1 1 1462 1602 1182 1442
5178 3 2 1 1 1745 1446 1145 1603
5179 3 2 1 1 1763 1567 1455 1349
5180 3 2 1 1 3138 3060 2761 3008
5181 3 2 1 1 2324 2170 1958 2322
5182 3 2 1 1 2614 2467 2326 2458
5183 3 2 1 1 1646 1892 1332 1600
5184 3 2 1 1 2039 1902 1567 1763
5185 3 2 1 1 2757 2493 2477 2478
5186 3 2 1 1 478 513 799 631
5187 3 2 1 1 117 470 390 116
5188 3 2 1 1 1591 1289 1455 1567
5189 3 2 1 1 2878 2595 2348 2729
5190 3 2 1 1 395 368 702 514
5191 3 2 1 1 963 653 321 627
5192 3 2 1 1 738 962 636 637
5193 3 2 1 1 630 262 263 477
5194 3 2 1 1 1076 1115 762 952
5195 3 2 1 1 2318 2048 1912 2175
5196 3 2 1 1 628 477 263 264
5197 3 2 1 1 2104 1952 1894 2139
5198 3 2 1 1 1810 1762 1577 1909
5199 3 2 1 1 963 627 476 793
5200 3 2 1 1 170 467 469 169
5201 3 2 1 1 2048 1746 1593 1912
5202 3 2 1 1 1755 1591 1567 1902
5203 3 2 1 1 959 696 477 628
5204 3 2 1 1 2602 2307 2066 2442
5205 3 2 1 1 631 339 9 10
5206 3 2 1 1 151 401 353 150
5207 3 2 1 1 1591 1314 983 1289
5208 3 2 1 1 786 1102 836 513
5209 3 2 1 1 710 494 920 1109
5210 3 2 1 1 996 1287 1427 1450
5211 3 2 1 1 1131 1126 653 963
5212 3 2 1 1 2479 2330 2188 2339
5213 3 2 1 1 1650 1594 1443 1751
5214 3 2 1 1 1746 1444 1285 1593
5215 3 2 1 1 1714 1383 1182 1602
5216 3 2 1 1 630 481 261 262
5217 3 2 1 1 511 947 1130 699
5218 3 2 1 1 698 488 306 632
5219 3 2 1 1 384 611 800 487
5220 3 2 1 1 611 302 694 800
5221 3 2 1 1 1888 2145 2317 2036
5222 3 2 1 1 638 259 260 329
5223 3 2 1 1 781 964 1274 1129
5224 3 2 1 1 1444 1149 961 1120
5225 3 2 1 1 1269 1017 696 959
5226 3 2 1 1 801 629 332 508
5227 3 2 1 1 633 352 7 8
5228 3 2 1 1 1431 1131 961 1149
5229 3 2 1 1 1504 1417 1150 1595
5230 3 2 1 1 474 780 508 332
5231 3 2 1 1 2464 2139 1935 2222
5232 3 2 1 1 929 397 594 654
5233 3 2 1 1 1631 1504 1595 1891
5234 3 2 1 1 19 324 472 18
5235 3 2 1 1 1349 1269 1126 1290
5236 3 2 1 1 633 8 9 339
5237 3 2 1 1 949 790 481 630
5238 3 2 1 1 1894 1751 1470 1776
5239 3 2 1 1 1320 984 1188 1594
5240 3 2 1 1 1111 934 495 785
5241 3 2 1 1 269 270 475 349
5242 3 2 1 1 1601 1547 1264 1447
5243 3 2 1 1 112 474 332 111
5244 3 2 1 1 2048 1771 1463 1746
5245 3 2 1 1 1429 1125 934 1283
5246 3 2 1 1 1128 949 696 1017
5247 3 2 1 1 868 694 302 625
5248 3 2 1 1 1488 1760 1452 1347
5249 3 2 1 1 1125 789 495 934
5250 3 2 1 1 1019 960 776 1133
5251 3 2 1 1 1143 1480 1747 1350
5252 3 2 1 1 1114 970 640 803
5253 3 2 1 1 312 534 646 795
5254 3 2 1 1 1347 1452 1090 1291
5255 3 2 1 1 2259 2319 1961 2173
5256 3 2 1 1 1120 794 500 822
5257 3 2 1 1 992 1279 875 714
5258 3 2 1 1 55 479 635 54
5259 3 2 1 1 1188 1130 947 1271
5260 3 2 1 1 2197 2175 1912 1787
5261 3 2 1 1 1999 2145 1888 1900
5262 3 2 1 1 1505 1600 1173 1432
5263 3 2 1 1 789 1125 845 526
5264 3 2 1 1 635 355 53 54
5265 3 2 1 1 1443 1271 983 1314
5266 3 2 1 1 1131 963 793 961
5267 3 2 1 1 1787 1912 1593 1613
5268 3 2 1 1 467 526 776 469
5269 3 2 1 1 803 633 339 798
5270 3 2 1 1 632 49 50 483
5271 3 2 1 1 165 397 542 164
5272 3 2 1 1 1444 1120 822 1285
5273 3 2 1 1 261 481 329 260
5274 3 2 1 1 662 968 483 392
5275 3 2 1 1 782 1018 1274 964
5276 3 2 1 1 484 104 105 396
5277 3 2 1 1 475 781 500 349
5278 3 2 1 1 485 5 6 394
5279 3 2 1 1 838 804 699 1130
5280 3 2 1 1 481 790 511 329
5281 3 2 1 1 634 396 105 106
5282 3 2 1 1 1456 1285 822 1129
5283 3 2 1 1 639 392 51 52
5284 3 2 1 1 875 646 534 389
5285 3 2 1 1 717 641 640 970
5286 3 2 1 1 1133 776 526 845
5287 3 2 1 1 699 638 329 511
5288 3 2 1 1 967 782 473 620
5289 3 2 1 1 964 623 473 782
5290 3 2 1 1 1132 1018 782 967
5291 3 2 1 1 7 352 394 6
5292 3 2 1 1 960 802 322 622
5293 3 2 1 1 52 53 355 639
5294 3 2 1 1 51 392 483 50
5295 3 2 1 1 300 1 5 485
5296 3 2 1 1 654 594 322 802
5297 3 2 1 1 967 620 312 795
5298 3 2 1 1 638 480 258 259
5299 3 2 1 1 5046 5130 5147 5148
5300 3 2 1 1 257 258 480 398
$EndElements
