# vtk DataFile Version 3.0 
Unstructured Grid 
ASCII 
DATASET UNSTRUCTURED_GRID
POINTS 10201 float 
0 0 0  
1 0 0  
1 1 0  
0 1 0  
0.01 0 0  
0.02 0 0  
0.03 0 0  
0.04 0 0  
0.05 0 0  
0.06 0 0  
0.07 0 0  
0.08 0 0  
0.09 0 0  
0.1 0 0  
0.11 0 0  
0.12 0 0  
0.13 0 0  
0.14 0 0  
0.15 0 0  
0.16 0 0  
0.17 0 0  
0.18 0 0  
0.19 0 0  
0.2 0 0  
0.21 0 0  
0.22 0 0  
0.23 0 0  
0.24 0 0  
0.25 0 0  
0.26 0 0  
0.27 0 0  
0.28 0 0  
0.29 0 0  
0.3 0 0  
0.31 0 0  
0.32 0 0  
0.33 0 0  
0.34 0 0  
0.35 0 0  
0.36 0 0  
0.37 0 0  
0.38 0 0  
0.39 0 0  
0.4 0 0  
0.41 0 0  
0.42 0 0  
0.43 0 0  
0.44 0 0  
0.45 0 0  
0.46 0 0  
0.47 0 0  
0.48 0 0  
0.49 0 0  
0.5 0 0  
0.51 0 0  
0.52 0 0  
0.53 0 0  
0.54 0 0  
0.55 0 0  
0.56 0 0  
0.57 0 0  
0.58 0 0  
0.59 0 0  
0.6 0 0  
0.61 0 0  
0.62 0 0  
0.63 0 0  
0.64 0 0  
0.65 0 0  
0.66 0 0  
0.67 0 0  
0.68 0 0  
0.69 0 0  
0.7 0 0  
0.71 0 0  
0.72 0 0  
0.73 0 0  
0.74 0 0  
0.75 0 0  
0.76 0 0  
0.77 0 0  
0.78 0 0  
0.79 0 0  
0.8 0 0  
0.81 0 0  
0.82 0 0  
0.83 0 0  
0.84 0 0  
0.85 0 0  
0.86 0 0  
0.87 0 0  
0.88 0 0  
0.89 0 0  
0.9 0 0  
0.91 0 0  
0.92 0 0  
0.93 0 0  
0.94 0 0  
0.95 0 0  
0.96 0 0  
0.97 0 0  
0.98 0 0  
0.99 0 0  
1 0.01 0  
1 0.02 0  
1 0.03 0  
1 0.04 0  
1 0.05 0  
1 0.06 0  
1 0.07 0  
1 0.08 0  
1 0.09 0  
1 0.1 0  
1 0.11 0  
1 0.12 0  
1 0.13 0  
1 0.14 0  
1 0.15 0  
1 0.16 0  
1 0.17 0  
1 0.18 0  
1 0.19 0  
1 0.2 0  
1 0.21 0  
1 0.22 0  
1 0.23 0  
1 0.24 0  
1 0.25 0  
1 0.26 0  
1 0.27 0  
1 0.28 0  
1 0.29 0  
1 0.3 0  
1 0.31 0  
1 0.32 0  
1 0.33 0  
1 0.34 0  
1 0.35 0  
1 0.36 0  
1 0.37 0  
1 0.38 0  
1 0.39 0  
1 0.4 0  
1 0.41 0  
1 0.42 0  
1 0.43 0  
1 0.44 0  
1 0.45 0  
1 0.46 0  
1 0.47 0  
1 0.48 0  
1 0.49 0  
1 0.5 0  
1 0.51 0  
1 0.52 0  
1 0.53 0  
1 0.54 0  
1 0.55 0  
1 0.56 0  
1 0.57 0  
1 0.58 0  
1 0.59 0  
1 0.6 0  
1 0.61 0  
1 0.62 0  
1 0.63 0  
1 0.64 0  
1 0.65 0  
1 0.66 0  
1 0.67 0  
1 0.68 0  
1 0.69 0  
1 0.7 0  
1 0.71 0  
1 0.72 0  
1 0.73 0  
1 0.74 0  
1 0.75 0  
1 0.76 0  
1 0.77 0  
1 0.78 0  
1 0.79 0  
1 0.8 0  
1 0.81 0  
1 0.82 0  
1 0.83 0  
1 0.84 0  
1 0.85 0  
1 0.86 0  
1 0.87 0  
1 0.88 0  
1 0.89 0  
1 0.9 0  
1 0.91 0  
1 0.92 0  
1 0.93 0  
1 0.94 0  
1 0.95 0  
1 0.96 0  
1 0.97 0  
1 0.98 0  
1 0.99 0  
0.99 1 0  
0.98 1 0  
0.97 1 0  
0.96 1 0  
0.95 1 0  
0.94 1 0  
0.93 1 0  
0.92 1 0  
0.91 1 0  
0.9 1 0  
0.89 1 0  
0.88 1 0  
0.87 1 0  
0.86 1 0  
0.85 1 0  
0.84 1 0  
0.83 1 0  
0.82 1 0  
0.81 1 0  
0.8 1 0  
0.79 1 0  
0.78 1 0  
0.77 1 0  
0.76 1 0  
0.75 1 0  
0.74 1 0  
0.73 1 0  
0.72 1 0  
0.71 1 0  
0.7 1 0  
0.69 1 0  
0.68 1 0  
0.67 1 0  
0.66 1 0  
0.65 1 0  
0.64 1 0  
0.63 1 0  
0.62 1 0  
0.61 1 0  
0.6 1 0  
0.59 1 0  
0.58 1 0  
0.57 1 0  
0.56 1 0  
0.55 1 0  
0.54 1 0  
0.53 1 0  
0.52 1 0  
0.51 1 0  
0.5 1 0  
0.49 1 0  
0.48 1 0  
0.47 1 0  
0.46 1 0  
0.45 1 0  
0.44 1 0  
0.43 1 0  
0.42 1 0  
0.41 1 0  
0.4 1 0  
0.39 1 0  
0.38 1 0  
0.37 1 0  
0.36 1 0  
0.35 1 0  
0.34 1 0  
0.33 1 0  
0.32 1 0  
0.31 1 0  
0.3 1 0  
0.29 1 0  
0.28 1 0  
0.27 1 0  
0.26 1 0  
0.25 1 0  
0.24 1 0  
0.23 1 0  
0.22 1 0  
0.21 1 0  
0.2 1 0  
0.19 1 0  
0.18 1 0  
0.17 1 0  
0.16 1 0  
0.15 1 0  
0.14 1 0  
0.13 1 0  
0.12 1 0  
0.11 1 0  
0.1 1 0  
0.09 1 0  
0.08 1 0  
0.07 1 0  
0.06 1 0  
0.05 1 0  
0.04 1 0  
0.03 1 0  
0.02 1 0  
0.01 1 0  
0 0.99 0  
0 0.98 0  
0 0.97 0  
0 0.96 0  
0 0.95 0  
0 0.94 0  
0 0.93 0  
0 0.92 0  
0 0.91 0  
0 0.9 0  
0 0.89 0  
0 0.88 0  
0 0.87 0  
0 0.86 0  
0 0.85 0  
0 0.84 0  
0 0.83 0  
0 0.82 0  
0 0.81 0  
0 0.8 0  
0 0.79 0  
0 0.78 0  
0 0.77 0  
0 0.76 0  
0 0.75 0  
0 0.74 0  
0 0.73 0  
0 0.72 0  
0 0.71 0  
0 0.7 0  
0 0.69 0  
0 0.68 0  
0 0.67 0  
0 0.66 0  
0 0.65 0  
0 0.64 0  
0 0.63 0  
0 0.62 0  
0 0.61 0  
0 0.6 0  
0 0.59 0  
0 0.58 0  
0 0.57 0  
0 0.56 0  
0 0.55 0  
0 0.54 0  
0 0.53 0  
0 0.52 0  
0 0.51 0  
0 0.5 0  
0 0.49 0  
0 0.48 0  
0 0.47 0  
0 0.46 0  
0 0.45 0  
0 0.44 0  
0 0.43 0  
0 0.42 0  
0 0.41 0  
0 0.4 0  
0 0.39 0  
0 0.38 0  
0 0.37 0  
0 0.36 0  
0 0.35 0  
0 0.34 0  
0 0.33 0  
0 0.32 0  
0 0.31 0  
0 0.3 0  
0 0.29 0  
0 0.28 0  
0 0.27 0  
0 0.26 0  
0 0.25 0  
0 0.24 0  
0 0.23 0  
0 0.22 0  
0 0.21 0  
0 0.2 0  
0 0.19 0  
0 0.18 0  
0 0.17 0  
0 0.16 0  
0 0.15 0  
0 0.14 0  
0 0.13 0  
0 0.12 0  
0 0.11 0  
0 0.1 0  
0 0.09 0  
0 0.08 0  
0 0.07 0  
0 0.06 0  
0 0.05 0  
0 0.04 0  
0 0.03 0  
0 0.02 0  
0 0.01 0  
0.49 0.99 0  
0.99 0.5 0  
0.5 0.01 0  
0.58 0.99 0  
0.01 0.5 0  
0.01 0.6 0  
0.99 0.59 0  
0.01 0.41 0  
0.6 0.01 0  
0.66 0.99 0  
0.34 0.01 0  
0.99 0.33 0  
0.38 0.99 0  
0.01 0.7 0  
0.99 0.67 0  
0.01 0.31 0  
0.73 0.99 0  
0.74 0.01 0  
0.27 0.01 0  
0.27 0.99 0  
0.01 0.79 0  
0.99 0.77 0  
0.01 0.24 0  
0.99 0.25 0  
0.81 0.01 0  
0.19 0.01 0  
0.82 0.99 0  
0.19 0.99 0  
0.01 0.86 0  
0.99 0.14 0  
0.01 0.17 0  
0.99 0.83 0  
0.14 0.01 0  
0.87 0.99 0  
0.13 0.99 0  
0.89 0.01 0  
0.01 0.12 0  
0.99 0.88 0  
0.01 0.91 0  
0.09 0.01 0  
0.91 0.99 0  
0.99 0.07 0  
0.99 0.92 0  
0.08 0.99 0  
0.009999999 0.08 0  
0.059999865 0.009999866 0  
0.01 0.95 0  
0.99 0.4 0  
0.43 0.01 0  
0.94 0.99 0  
0.68 0.01 0  
0.94 0.01 0  
0.99 0.95 0  
0.32 0.99 0  
0.43 0.99 0  
0.009997984 0.049997985 0  
0.03999079 0.009990789 0  
0.53 0.99 0  
0.01 0.37 0  
0.99 0.71 0  
0.56 0.01 0  
0.04 0.99 0  
0.01 0.56 0  
0.01 0.66 0  
0.99 0.18 0  
0.01 0.75 0  
0.99 0.44 0  
0.96 0.99 0  
0.97 0.01 0  
0.01 0.47 0  
0.99 0.97 0  
0.99 0.53 0  
0.99 0.62 0  
0.22 0.99 0  
0.86 0.01 0  
0.78 0.01 0  
0.65 0.01 0  
0.01 0.98 0  
0.99 0.28 0  
0.24 0.01 0  
0.69 0.99 0  
0.99 0.1 0  
0.99 0.21 0  
0.61 0.99 0  
0.76 0.99 0  
0.01 0.83 0  
0.4 0.01 0  
0.47 0.01 0  
0.99 0.04 0  
0.0099546 0.0299546 0  
0.01 0.45 0  
0.45 0.99 0  
0.99 0.55 0  
0.54 0.01 0  
0.15 0.99 0  
0.01 0.35 0  
0.92 0.01 0  
0.99 0.64 0  
0.24 0.99 0  
0.99 0.73 0  
0.34 0.99 0  
0.99 0.79 0  
0.01 0.22 0  
0.01 0.2 0  
0.01 0.29 0  
0.01 0.27 0  
0.72 0.01 0  
0.63 0.01 0  
0.1 0.99 0  
0.99 0.35 0  
0.32 0.01 0  
0.3 0.01 0  
0.99 0.3 0  
0.01 0.64 0  
0.22 0.01 0  
0.17 0.01 0  
0.78 0.99 0  
0.12 0.01 0  
0.01 0.73 0  
0.84 0.99 0  
0.38 0.01 0  
0.99 0.46 0  
0.01 0.54 0  
0.55 0.99 0  
0.98 0.99 0  
0.0098988945 0.019898893 0  
0.99 0.01 0  
0.029954124 0.009954124 0  
0.019903863 0.009903862 0  
0.47 0.99 0  
0.5 0.99 0  
0.01 0.52 0  
0.52 0.01 0  
0.01 0.44 0  
0.41 0.99 0  
0.01 0.43 0  
0.99 0.98 0  
0.88 0.99 0  
0.89 0.99 0  
0.99 0.48 0  
0.01 0.49 0  
0.39 0.99 0  
0.01 0.88 0  
0.99 0.56 0  
0.99 0.57 0  
0.58 0.01 0  
0.99 0.51 0  
0.99 0.11 0  
0.009999982 0.069999985 0  
0.01 0.9 0  
0.01 0.4 0  
0.16 0.99 0  
0.99 0.86 0  
0.17 0.99 0  
0.99 0.89 0  
0.01 0.39 0  
0.96 0.01 0  
0.01 0.1 0  
0.99 0.81 0  
0.99 0.9 0  
0.99 0.6 0  
0.99 0.84 0  
0.91 0.01 0  
0.2 0.99 0  
0.01 0.14 0  
0.01 0.34 0  
0.92 0.99 0  
0.25 0.99 0  
0.88 0.01 0  
0.28 0.99 0  
0.29 0.99 0  
0.99 0.75 0  
0.3 0.99 0  
0.01 0.16 0  
0.99 0.65 0  
0.85 0.01 0  
0.99 0.69 0  
0.84 0.01 0  
0.35 0.99 0  
0.11 0.99 0  
0.01 0.19 0  
0.36 0.99 0  
0.01 0.26 0  
0.83 0.01 0  
0.77 0.01 0  
0.01 0.33 0  
0.8 0.01 0  
0.67 0.01 0  
0.7 0.01 0  
0.76 0.01 0  
0.62 0.01 0  
0.99 0.12 0  
0.01 0.93 0  
0.06 0.99 0  
0.02 0.99 0  
0.01 0.97 0  
0.01 0.99 0  
0.01 0.62 0  
0.01 0.59 0  
0.11 0.01 0  
0.99 0.31 0  
0.99 0.93 0  
0.36 0.01 0  
0.99 0.26 0  
0.01 0.68 0  
0.08 0.01 0  
0.99 0.23 0  
0.29 0.01 0  
0.64 0.99 0  
0.26 0.01 0  
0.62 0.99 0  
0.99 0.19 0  
0.67 0.99 0  
0.99 0.36 0  
0.71 0.99 0  
0.59 0.99 0  
0.01 0.58 0  
0.99 0.16 0  
0.56 0.99 0  
0.21 0.01 0  
0.99 0.37 0  
0.74 0.99 0  
0.16 0.01 0  
0.01 0.72 0  
0.79 0.99 0  
0.8 0.99 0  
0.99 0.38 0  
0.01 0.77 0  
0.01 0.81 0  
0.99 0.08 0  
0.99 0.41 0  
0.42 0.01 0  
0.01 0.85 0  
0.45 0.01 0  
0.85 0.99 0  
0.99 0.42 0  
0.49 0.01 0  
0.99 0.05 0  
0.51 0.99 0  
0.99 0.99 0  
0.009919026 0.009919026 0  
0.99 0.02 0  
0.5 0.98 0  
0.02 0.59 0  
0.49 0.02 0  
0.98 0.5 0  
0.02 0.45 0  
0.98 0.59 0  
0.66 0.98 0  
0.98 0.4 0  
0.38 0.98 0  
0.68 0.02 0  
0.02 0.35 0  
0.3 0.02 0  
0.98 0.3 0  
0.29 0.98 0  
0.77 0.02 0  
0.02 0.27 0  
0.02 0.73 0  
0.73 0.98 0  
0.22 0.02 0  
0.98 0.18 0  
0.02 0.17 0  
0.79 0.98 0  
0.98 0.83 0  
0.19 0.98 0  
0.02 0.86 0  
0.86 0.02 0  
0.84 0.98 0  
0.16 0.02 0  
0.98 0.12 0  
0.1 0.98 0  
0.98 0.88 0  
0.88 0.98 0  
0.92 0.02 0  
0.02 0.9 0  
0.08 0.019999998 0  
0.98 0.07 0  
0.98 0.92 0  
0.91 0.98 0  
0.43 0.02 0  
0.019999994 0.07999999 0  
0.98 0.64 0  
0.63 0.02 0  
0.55 0.98 0  
0.02 0.39 0  
0.27 0.02 0  
0.58 0.98 0  
0.61 0.98 0  
0.98 0.04 0  
0.039987277 0.019987278 0  
0.97 0.02 0  
0.019958826 0.029958826 0  
0.48 0.99 0  
0.029958162 0.019958163 0  
0.98 0.02 0  
0.46 0.99 0  
0.01 0.48 0  
0.01 0.89 0  
0.01 0.46 0  
0.44 0.99 0  
0.51 0.01 0  
0.53 0.01 0  
0.42 0.99 0  
0.9 0.99 0  
0.99 0.52 0  
0.99 0.54 0  
0.02 0.43 0  
0.55 0.01 0  
0.01 0.51 0  
0.4 0.99 0  
0.01 0.42 0  
0.02 0.4 0  
0.57 0.01 0  
0.86 0.99 0  
0.99 0.49 0  
0.99 0.58 0  
0.0099880565 0.039988056 0  
0.27 0.98 0  
0.93 0.99 0  
0.95 0.01 0  
0.009999581 0.05999958 0  
0.14 0.99 0  
0.01 0.38 0  
0.99 0.87 0  
0.12 0.99 0  
0.98 0.89 0  
0.59 0.01 0  
0.18 0.99 0  
0.99 0.61 0  
0.99 0.85 0  
0.01 0.089999996 0  
0.93 0.01 0  
0.01 0.36 0  
0.01 0.11 0  
0.21 0.99 0  
0.99 0.63 0  
0.99 0.82 0  
0.99 0.8 0  
0.23 0.99 0  
0.01 0.13 0  
0.9 0.01 0  
0.98 0.11 0  
0.01 0.15 0  
0.02 0.34 0  
0.26 0.99 0  
0.95 0.99 0  
0.98 0.01 0  
0.97 0.99 0  
0.99 0.66 0  
0.99 0.76 0  
0.99 0.78 0  
0.84 0.02 0  
0.99 0.72 0  
0.01 0.18 0  
0.31 0.99 0  
0.99 0.68 0  
0.33 0.99 0  
0.99 0.74 0  
0.87 0.01 0  
0.99 0.7 0  
0.01 0.21 0  
0.37 0.99 0  
0.01 0.23 0  
0.01 0.32 0  
0.01 0.25 0  
0.99 0.91 0  
0.82 0.01 0  
0.01 0.28 0  
0.01 0.3 0  
0.79 0.01 0  
0.75 0.01 0  
0.99 0.09 0  
0.73 0.01 0  
0.71 0.01 0  
0.09 0.99 0  
0.69 0.01 0  
0.66 0.01 0  
0.64 0.01 0  
0.61 0.01 0  
0.13 0.01 0  
0.01 0.92 0  
0.01 0.94 0  
0.02 0.98 0  
0.07 0.99 0  
0.03 0.99 0  
0.05 0.99 0  
0.01 0.96 0  
0.01 0.61 0  
0.99 0.94 0  
0.01 0.87 0  
0.01 0.63 0  
0.99 0.32 0  
0.33 0.01 0  
0.99 0.13 0  
0.01 0.65 0  
0.99 0.29 0  
0.31 0.01 0  
0.99 0.27 0  
0.99 0.96 0  
0.1 0.01 0  
0.99 0.34 0  
0.01 0.67 0  
0.28 0.01 0  
0.99 0.24 0  
0.35 0.01 0  
0.65 0.99 0  
0.99 0.22 0  
0.63 0.99 0  
0.25 0.01 0  
0.99 0.2 0  
0.68 0.99 0  
0.7 0.99 0  
0.23 0.01 0  
0.72 0.99 0  
0.99 0.17 0  
0.01 0.69 0  
0.6 0.99 0  
0.99 0.15 0  
0.2 0.01 0  
0.75 0.99 0  
0.18 0.01 0  
0.01 0.71 0  
0.77 0.99 0  
0.15 0.01 0  
0.37 0.01 0  
0.01 0.74 0  
0.01 0.76 0  
0.01 0.78 0  
0.81 0.99 0  
0.06999998 0.00999998 0  
0.01 0.8 0  
0.39 0.01 0  
0.99 0.39 0  
0.01 0.82 0  
0.57 0.99 0  
0.01 0.84 0  
0.98 0.41 0  
0.83 0.99 0  
0.41 0.01 0  
0.99 0.06 0  
0.99 0.43 0  
0.01 0.57 0  
0.44 0.01 0  
0.99 0.45 0  
0.46 0.01 0  
0.049997777 0.009997778 0  
0.99 0.47 0  
0.48 0.01 0  
0.01 0.55 0  
0.54 0.99 0  
0.99 0.03 0  
0.52 0.99 0  
0.01 0.53 0  
0.98 0.97 0  
0.98 0.98 0  
0.019927891 0.019927891 0  
0.03 0.4 0  
0.97 0.4 0  
0.98 0.72 0  
0.02 0.79 0  
0.97 0.12 0  
0.97 0.88 0  
0.55 0.02 0  
0.36 0.02 0  
0.03 0.35 0  
0.98 0.78 0  
0.02 0.94 0  
0.98 0.23 0  
0.02 0.68 0  
0.98 0.35 0  
0.02 0.54 0  
0.46 0.98 0  
0.98 0.54 0  
0.14 0.98 0  
0.02 0.21 0  
0.02 0.13 0  
0.33 0.98 0  
0.73 0.02 0  
0.06 0.98 0  
0.98 0.44 0  
0.02 0.48 0  
0.95 0.98 0  
0.98 0.26 0  
0.69 0.98 0  
0.02 0.62 0  
0.4 0.02 0  
0.13 0.02 0  
0.02 0.83 0  
0.53 0.02 0  
0.02 0.41 0  
0.44 0.98 0  
0.9 0.98 0  
0.42 0.98 0  
0.98 0.85 0  
0.57 0.02 0  
0.98 0.48 0  
0.019999325 0.059999324 0  
0.01998522 0.03998522 0  
0.95 0.02 0  
0.98 0.74 0  
0.59 0.02 0  
0.98 0.61 0  
0.98 0.63 0  
0.21 0.98 0  
0.02 0.11 0  
0.02 0.089999996 0  
0.23 0.98 0  
0.82 0.02 0  
0.9 0.02 0  
0.98 0.66 0  
0.98 0.68 0  
0.98 0.91 0  
0.79 0.02 0  
0.02 0.23 0  
0.02 0.32 0  
0.02 0.3 0  
0.02 0.28 0  
0.71 0.02 0  
0.66 0.02 0  
0.64 0.02 0  
0.98 0.94 0  
0.98 0.14 0  
0.1 0.02 0  
0.98 0.33 0  
0.02 0.64 0  
0.32 0.02 0  
0.29 0.02 0  
0.98 0.96 0  
0.98 0.21 0  
0.64 0.98 0  
0.24 0.02 0  
0.02 0.7 0  
0.02 0.75 0  
0.42 0.02 0  
0.59 0.98 0  
0.15 0.02 0  
0.02 0.85 0  
0.98 0.42 0  
0.45 0.02 0  
0.98 0.05 0  
0.56 0.98 0  
0.82 0.98 0  
0.02 0.52 0  
0.53 0.98 0  
0.51 0.98 0  
0.02 0.56 0  
0.48 0.98 0  
0.49 0.98 0  
0.02 0.46 0  
0.02 0.88 0  
0.98 0.52 0  
0.02 0.42 0  
0.89 0.98 0  
0.86 0.98 0  
0.98 0.51 0  
0.87 0.98 0  
0.02 0.87 0  
0.5 0.02 0  
0.02 0.89 0  
0.02 0.38 0  
0.4 0.98 0  
0.39 0.98 0  
0.98 0.58 0  
0.12 0.98 0  
0.019999847 0.069999844 0  
0.98 0.49 0  
0.96 0.02 0  
0.11 0.98 0  
0.18 0.98 0  
0.37 0.98 0  
0.93 0.02 0  
0.02 0.15 0  
0.02 0.44 0  
0.98 0.82 0  
0.98 0.6 0  
0.98 0.8 0  
0.98 0.84 0  
0.02 0.51 0  
0.2 0.98 0  
0.02 0.36 0  
0.31 0.98 0  
0.97 0.98 0  
0.93 0.98 0  
0.92 0.98 0  
0.26 0.98 0  
0.83 0.02 0  
0.51 0.02 0  
0.91 0.02 0  
0.02 0.92 0  
0.02 0.91 0  
0.09 0.98 0  
0.02 0.18 0  
0.98 0.65 0  
0.3 0.98 0  
0.02 0.16 0  
0.28 0.98 0  
0.87 0.02 0  
0.02 0.33 0  
0.98 0.9 0  
0.78 0.02 0  
0.98 0.87 0  
0.61 0.02 0  
0.62 0.02 0  
0.98 0.76 0  
0.75 0.02 0  
0.98 0.7 0  
0.76 0.02 0  
0.02 0.25 0  
0.02 0.26 0  
0.69 0.02 0  
0.67 0.02 0  
0.85 0.02 0  
0.98 0.1 0  
0.98 0.08 0  
0.85 0.98 0  
0.02 0.96 0  
0.04 0.98 0  
0.03 0.98 0  
0.07 0.98 0  
0.02 0.97 0  
0.98 0.93 0  
0.98 0.31 0  
0.67 0.98 0  
0.26 0.02 0  
0.98 0.19 0  
0.71 0.98 0  
0.21 0.02 0  
0.19 0.02 0  
0.38 0.02 0  
0.74 0.98 0  
0.76 0.98 0  
0.98 0.28 0  
0.17 0.02 0  
0.02 0.72 0  
0.34 0.02 0  
0.98 0.16 0  
0.02 0.77 0  
0.8 0.98 0  
0.98 0.46 0  
0.02 0.58 0  
0.02 0.66 0  
0.02 0.81 0  
0.62 0.98 0  
0.98 0.13 0  
0.98 0.25 0  
0.02 0.6 0  
0.31 0.02 0  
0.28 0.02 0  
0.98 0.29 0  
0.089999996 0.02 0  
0.78 0.98 0  
0.98 0.17 0  
0.72 0.98 0  
0.47 0.02 0  
0.23 0.02 0  
0.65 0.98 0  
0.98 0.38 0  
0.98 0.39 0  
0.059999608 0.019999608 0  
0.069999926 0.019999929 0  
0.02 0.74 0  
0.6 0.98 0  
0.57 0.98 0  
0.98 0.06 0  
0.44 0.02 0  
0.83 0.98 0  
0.48 0.02 0  
0.049996737 0.019996736 0  
0.54 0.98 0  
0.98 0.03 0  
0.039990466 0.029990466 0  
0.02997581 0.02997581 0  
0.5 0.97 0  
0.03 0.59 0  
0.97 0.5 0  
0.5 0.03 0  
0.97 0.6 0  
0.4 0.97 0  
0.66 0.97 0  
0.61 0.03 0  
0.3 0.03 0  
0.3 0.97 0  
0.97 0.31 0  
0.69 0.03 0  
0.03 0.72 0  
0.03 0.28 0  
0.24 0.03 0  
0.73 0.97 0  
0.76 0.03 0  
0.97 0.19 0  
0.2 0.97 0  
0.79 0.97 0  
0.97 0.82 0  
0.83 0.03 0  
0.03 0.18 0  
0.17 0.03 0  
0.84 0.97 0  
0.03 0.86 0  
0.12 0.97 0  
0.88 0.97 0  
0.03 0.91 0  
0.92 0.97 0  
0.91 0.03 0  
0.43 0.03 0  
0.03 0.52 0  
0.1 0.03 0  
0.029999845 0.069999844 0  
0.97 0.07 0  
0.06 0.97 0  
0.56 0.97 0  
0.97 0.91 0  
0.97 0.65 0  
0.62 0.97 0  
0.03 0.42 0  
0.96 0.03 0  
0.03 0.88 0  
0.03 0.36 0  
0.97 0.87 0  
0.28 0.97 0  
0.38 0.97 0  
0.03 0.33 0  
0.1 0.97 0  
0.02 0.2 0  
0.25 0.98 0  
0.89 0.02 0  
0.02 0.49 0  
0.85 0.03 0  
0.81 0.02 0  
0.97 0.93 0  
0.22 0.03 0  
0.07999999 0.02999999 0  
0.58 0.97 0  
0.98 0.36 0  
0.49 0.97 0  
0.03 0.41 0  
0.97 0.04 0  
0.02 0.47 0  
0.47 0.98 0  
0.54 0.02 0  
0.45 0.98 0  
0.89 0.97 0  
0.43 0.98 0  
0.97 0.52 0  
0.49 0.03 0  
0.98 0.53 0  
0.86 0.97 0  
0.019995729 0.049995728 0  
0.18 0.97 0  
0.03 0.38 0  
0.56 0.02 0  
0.97 0.58 0  
0.98 0.86 0  
0.52 0.98 0  
0.02 0.1 0  
0.94 0.98 0  
0.03 0.34 0  
0.97 0.48 0  
0.98 0.55 0  
0.93 0.03 0  
0.58 0.02 0  
0.98 0.62 0  
0.13 0.98 0  
0.98 0.56 0  
0.97 0.63 0  
0.26 0.97 0  
0.98 0.73 0  
0.02 0.5 0  
0.02 0.12 0  
0.22 0.98 0  
0.87 0.03 0  
0.02 0.19 0  
0.98 0.81 0  
0.32 0.98 0  
0.02 0.14 0  
0.02 0.29 0  
0.02 0.37 0  
0.98 0.79 0  
0.02 0.93 0  
0.98 0.75 0  
0.24 0.98 0  
0.98 0.67 0  
0.02 0.31 0  
0.96 0.98 0  
0.98 0.69 0  
0.6 0.02 0  
0.88 0.02 0  
0.16 0.98 0  
0.15 0.98 0  
0.02 0.22 0  
0.35 0.98 0  
0.34 0.98 0  
0.36 0.98 0  
0.03 0.44 0  
0.03 0.46 0  
0.03 0.39 0  
0.41 0.98 0  
0.94 0.02 0  
0.9 0.97 0  
0.08 0.98 0  
0.65 0.02 0  
0.8 0.02 0  
0.17 0.98 0  
0.98 0.77 0  
0.74 0.02 0  
0.72 0.02 0  
0.029999997 0.089999996 0  
0.03 0.89 0  
0.98 0.57 0  
0.62 0.03 0  
0.64 0.03 0  
0.97 0.9 0  
0.97 0.89 0  
0.97 0.84 0  
0.98 0.71 0  
0.02 0.24 0  
0.03 0.26 0  
0.03 0.16 0  
0.78 0.03 0  
0.7 0.02 0  
0.67 0.03 0  
0.02 0.95 0  
0.04 0.97 0  
0.03 0.97 0  
0.52 0.02 0  
0.05 0.98 0  
0.46 0.02 0  
0.98 0.45 0  
0.97 0.41 0  
0.97 0.11 0  
0.97 0.3 0  
0.11 0.02 0  
0.98 0.27 0  
0.98 0.24 0  
0.97 0.18 0  
0.98 0.2 0  
0.25 0.02 0  
0.98 0.32 0  
0.39 0.02 0  
0.7 0.98 0  
0.33 0.02 0  
0.03 0.73 0  
0.98 0.09 0  
0.18 0.02 0  
0.02 0.71 0  
0.98 0.15 0  
0.77 0.98 0  
0.16 0.03 0  
0.61 0.97 0  
0.02 0.65 0  
0.02 0.76 0  
0.97 0.13 0  
0.63 0.98 0  
0.02 0.61 0  
0.02 0.8 0  
0.81 0.98 0  
0.02 0.57 0  
0.98 0.34 0  
0.02 0.63 0  
0.98 0.95 0  
0.12 0.02 0  
0.02 0.67 0  
0.68 0.98 0  
0.37 0.02 0  
0.29 0.03 0  
0.27 0.03 0  
0.97 0.28 0  
0.02 0.82 0  
0.98 0.22 0  
0.35 0.02 0  
0.2 0.02 0  
0.32 0.03 0  
0.75 0.98 0  
0.97 0.16 0  
0.02 0.69 0  
0.98 0.37 0  
0.98 0.47 0  
0.05999945 0.029999452 0  
0.41 0.02 0  
0.64 0.97 0  
0.02 0.78 0  
0.71 0.97 0  
0.03 0.75 0  
0.14 0.02 0  
0.97 0.39 0  
0.6 0.97 0  
0.02 0.84 0  
0.98 0.43 0  
0.97 0.97 0  
0.45 0.03 0  
0.97 0.05 0  
0.02 0.53 0  
0.55 0.97 0  
0.47 0.03 0  
0.82 0.97 0  
0.53 0.97 0  
0.02 0.55 0  
0.049996797 0.029996797 0  
0.029988984 0.039988983 0  
0.97 0.03 0  
0.49 0.04 0  
0.5 0.96 0  
0.04 0.42 0  
0.96 0.4 0  
0.62 0.96 0  
0.61 0.04 0  
0.04 0.34 0  
0.3 0.04 0  
0.96 0.3 0  
0.04 0.72 0  
0.97 0.73 0  
0.96 0.19 0  
0.17 0.04 0  
0.96 0.13 0  
0.96 0.87 0  
0.88 0.96 0  
0.04 0.88 0  
0.96 0.9 0  
0.03 0.81 0  
0.03 0.66 0  
0.55 0.96 0  
0.46 0.97 0  
0.97 0.77 0  
0.53 0.03 0  
0.94 0.97 0  
0.97 0.23 0  
0.97 0.44 0  
0.36 0.03 0  
0.059999485 0.039999485 0  
0.57 0.03 0  
0.03 0.21 0  
0.03 0.93 0  
0.04 0.39 0  
0.03 0.56 0  
0.4 0.03 0  
0.03 0.62 0  
0.03 0.48 0  
0.029996114 0.049996115 0  
0.97 0.54 0  
0.97 0.85 0  
0.42 0.97 0  
0.96 0.97 0  
0.14 0.97 0  
0.97 0.61 0  
0.03 0.19 0  
0.03 0.11 0  
0.94 0.03 0  
0.24 0.97 0  
0.03 0.13 0  
0.36 0.97 0  
0.34 0.97 0  
0.66 0.03 0  
0.03 0.15 0  
0.03 0.31 0  
0.03 0.29 0  
0.97 0.67 0  
0.97 0.69 0  
0.74 0.03 0  
0.03 0.23 0  
0.03 0.25 0  
0.97 0.33 0  
0.97 0.35 0  
0.03 0.7 0  
0.19 0.03 0  
0.26 0.03 0  
0.42 0.03 0  
0.97 0.42 0  
0.97 0.15 0  
0.69 0.97 0  
0.14 0.03 0  
0.03 0.77 0  
0.51 0.97 0  
0.8 0.97 0  
0.03 0.83 0  
0.03 0.85 0  
0.03 0.47 0  
0.02999889 0.05999889 0  
0.97 0.53 0  
0.55 0.03 0  
0.03 0.87 0  
0.03 0.37 0  
0.44 0.97 0  
0.41 0.97 0  
0.97 0.86 0  
0.03 0.92 0  
0.93 0.97 0  
0.13 0.97 0  
0.85 0.97 0  
0.97 0.62 0  
0.97 0.55 0  
0.97 0.57 0  
0.39 0.97 0  
0.03 0.1 0  
0.59 0.03 0  
0.04 0.36 0  
0.95 0.03 0  
0.25 0.97 0  
0.97 0.81 0  
0.37 0.97 0  
0.29 0.97 0  
0.97 0.75 0  
0.17 0.97 0  
0.89 0.03 0  
0.9 0.03 0  
0.03 0.45 0  
0.19 0.97 0  
0.11 0.97 0  
0.15 0.97 0  
0.65 0.03 0  
0.03 0.32 0  
0.32 0.97 0  
0.31 0.97 0  
0.97 0.64 0  
0.97 0.66 0  
0.6 0.03 0  
0.21 0.97 0  
0.82 0.03 0  
0.88 0.03 0  
0.75 0.03 0  
0.97 0.79 0  
0.79 0.03 0  
0.03 0.5 0  
0.71 0.03 0  
0.73 0.03 0  
0.09 0.97 0  
0.07 0.97 0  
0.89 0.96 0  
0.63 0.03 0  
0.84 0.03 0  
0.7 0.03 0  
0.91 0.97 0  
0.81 0.03 0  
0.03 0.9 0  
0.97 0.71 0  
0.05 0.97 0  
0.03 0.94 0  
0.27 0.97 0  
0.97 0.46 0  
0.97 0.47 0  
0.97 0.92 0  
0.22 0.97 0  
0.029999962 0.07999996 0  
0.92 0.03 0  
0.97 0.83 0  
0.97 0.59 0  
0.03 0.27 0  
0.96 0.89 0  
0.04 0.41 0  
0.86 0.03 0  
0.03 0.17 0  
0.68 0.03 0  
0.03 0.51 0  
0.03 0.43 0  
0.77 0.03 0  
0.03 0.96 0  
0.97 0.51 0  
0.97 0.49 0  
0.97 0.21 0  
0.51 0.03 0  
0.48 0.97 0  
0.54 0.97 0  
0.97 0.25 0  
0.38 0.03 0  
0.97 0.29 0  
0.59 0.97 0  
0.28 0.03 0  
0.97 0.09 0  
0.67 0.97 0  
0.97 0.08 0  
0.48 0.03 0  
0.44 0.03 0  
0.97 0.17 0  
0.03 0.64 0  
0.96 0.12 0  
0.31 0.03 0  
0.03 0.58 0  
0.03 0.74 0  
0.13 0.03 0  
0.11 0.03 0  
0.06999985 0.029999854 0  
0.97 0.2 0  
0.87 0.97 0  
0.97 0.06 0  
0.97 0.94 0  
0.23 0.03 0  
0.65 0.97 0  
0.97 0.1 0  
0.089999996 0.029999997 0  
0.97 0.32 0  
0.72 0.97 0  
0.57 0.97 0  
0.83 0.97 0  
0.03 0.79 0  
0.97 0.26 0  
0.97 0.27 0  
0.21 0.03 0  
0.03 0.68 0  
0.74 0.97 0  
0.76 0.97 0  
0.34 0.03 0  
0.33 0.03 0  
0.18 0.03 0  
0.03 0.71 0  
0.97 0.36 0  
0.03 0.6 0  
0.78 0.97 0  
0.97 0.38 0  
0.25 0.03 0  
0.61 0.96 0  
0.97 0.96 0  
0.97 0.14 0  
0.03 0.54 0  
0.03 0.53 0  
0.7 0.97 0  
0.15 0.03 0  
0.63 0.97 0  
0.03 0.76 0  
0.52 0.97 0  
0.81 0.97 0  
0.46 0.03 0  
0.039994225 0.039994225 0  
0.96 0.04 0  
0.04 0.59 0  
0.96 0.5 0  
0.05 0.42 0  
0.41 0.96 0  
0.96 0.59 0  
0.62 0.95 0  
0.31 0.96 0  
0.68 0.04 0  
0.04 0.25 0  
0.73 0.96 0  
0.25 0.96 0  
0.24 0.04 0  
0.75 0.04 0  
0.79 0.96 0  
0.96 0.82 0  
0.18 0.96 0  
0.83 0.04 0  
0.04 0.19 0  
0.95 0.13 0  
0.13 0.96 0  
0.9 0.04 0  
0.1 0.96 0  
0.88 0.95 0  
0.04 0.1 0  
0.95 0.89 0  
0.96 0.66 0  
0.1 0.04 0  
0.96 0.09 0  
0.04 0.91 0  
0.92 0.96 0  
0.43 0.04 0  
0.04 0.54 0  
0.94 0.04 0  
0.04 0.46 0  
0.96 0.93 0  
0.96 0.54 0  
0.84 0.96 0  
0.37 0.96 0  
0.96 0.26 0  
0.66 0.96 0  
0.04 0.93 0  
0.65 0.04 0  
0.07 0.96 0  
0.04 0.51 0  
0.04 0.75 0  
0.96 0.96 0  
0.69 0.96 0  
0.14 0.04 0  
0.03999929 0.05999929 0  
0.96 0.07 0  
0.04 0.37 0  
0.04 0.86 0  
0.47 0.04 0  
0.96 0.61 0  
0.88 0.04 0  
0.27 0.96 0  
0.2 0.96 0  
0.04 0.32 0  
0.7 0.04 0  
0.04 0.17 0  
0.96 0.63 0  
0.86 0.04 0  
0.96 0.48 0  
0.22 0.04 0  
0.96 0.11 0  
0.32 0.04 0  
0.53 0.96 0  
0.51 0.96 0  
0.96 0.16 0  
0.16 0.04 0  
0.04 0.48 0  
0.039997432 0.049997434 0  
0.47 0.97 0  
0.95 0.04 0  
0.56 0.03 0  
0.96 0.52 0  
0.04 0.44 0  
0.04 0.43 0  
0.86 0.96 0  
0.04 0.38 0  
0.04 0.87 0  
0.87 0.96 0  
0.96 0.86 0  
0.96 0.85 0  
0.45 0.97 0  
0.3 0.96 0  
0.93 0.96 0  
0.95 0.97 0  
0.48 0.04 0  
0.39 0.96 0  
0.039999995 0.089999996 0  
0.97 0.56 0  
0.03 0.2 0  
0.11 0.96 0  
0.16 0.97 0  
0.04 0.35 0  
0.03 0.12 0  
0.35 0.97 0  
0.04 0.33 0  
0.6 0.04 0  
0.14 0.96 0  
0.97 0.76 0  
0.74 0.04 0  
0.03 0.3 0  
0.97 0.74 0  
0.96 0.64 0  
0.03 0.14 0  
0.58 0.03 0  
0.97 0.8 0  
0.97 0.68 0  
0.03 0.24 0  
0.04 0.4 0  
0.8 0.03 0  
0.96 0.57 0  
0.63 0.04 0  
0.33 0.97 0  
0.97 0.7 0  
0.08 0.97 0  
0.82 0.04 0  
0.79 0.04 0  
0.96 0.91 0  
0.21 0.96 0  
0.04 0.96 0  
0.05 0.96 0  
0.03 0.22 0  
0.66 0.04 0  
0.04 0.89 0  
0.039999783 0.069999784 0  
0.92 0.04 0  
0.03 0.95 0  
0.28 0.96 0  
0.96 0.46 0  
0.23 0.97 0  
0.43 0.97 0  
0.96 0.88 0  
0.9 0.96 0  
0.96 0.83 0  
0.72 0.03 0  
0.64 0.96 0  
0.97 0.78 0  
0.04 0.15 0  
0.97 0.72 0  
0.62 0.04 0  
0.77 0.04 0  
0.04 0.27 0  
0.04 0.29 0  
0.85 0.04 0  
0.04 0.52 0  
0.52 0.03 0  
0.54 0.03 0  
0.5 0.04 0  
0.49 0.96 0  
0.03 0.49 0  
0.96 0.41 0  
0.97 0.45 0  
0.96 0.31 0  
0.96 0.35 0  
0.39 0.03 0  
0.97 0.24 0  
0.6 0.96 0  
0.58 0.96 0  
0.71 0.96 0  
0.2 0.03 0  
0.68 0.97 0  
0.29 0.04 0  
0.27 0.04 0  
0.96 0.38 0  
0.96 0.39 0  
0.03 0.63 0  
0.37 0.03 0  
0.77 0.97 0  
0.96 0.18 0  
0.45 0.04 0  
0.96 0.28 0  
0.04 0.73 0  
0.96 0.29 0  
0.82 0.96 0  
0.03 0.67 0  
0.03 0.8 0  
0.63 0.96 0  
0.97 0.34 0  
0.56 0.96 0  
0.96 0.33 0  
0.03 0.65 0  
0.75 0.97 0  
0.96 0.2 0  
0.07999998 0.03999998 0  
0.03 0.84 0  
0.03 0.57 0  
0.34 0.04 0  
0.03 0.61 0  
0.31 0.04 0  
0.97 0.22 0  
0.04 0.71 0  
0.97 0.37 0  
0.18 0.04 0  
0.97 0.95 0  
0.41 0.03 0  
0.35 0.03 0  
0.03 0.69 0  
0.12 0.03 0  
0.97 0.43 0  
0.96 0.14 0  
0.26 0.04 0  
0.54 0.96 0  
0.03 0.78 0  
0.04 0.77 0  
0.8 0.96 0  
0.03 0.82 0  
0.03 0.55 0  
0.06999986 0.039999858 0  
0.049997643 0.039997645 0  
0.96 0.05 0  
0.5 0.95 0  
0.05 0.52 0  
0.49 0.05 0  
0.95 0.4 0  
0.6 0.05 0  
0.95 0.63 0  
0.05 0.33 0  
0.3 0.05 0  
0.31 0.95 0  
0.05 0.72 0  
0.95 0.3 0  
0.75 0.05 0  
0.96 0.74 0  
0.95 0.19 0  
0.2 0.95 0  
0.79 0.95 0  
0.95 0.83 0  
0.83 0.05 0  
0.17 0.05 0  
0.05 0.86 0  
0.13 0.95 0  
0.04 0.66 0  
0.049999997 0.089999996 0  
0.55 0.95 0  
0.65 0.05 0  
0.07999998 0.049999982 0  
0.46 0.96 0  
0.05 0.38 0  
0.53 0.04 0  
0.38 0.04 0  
0.56 0.04 0  
0.92 0.95 0  
0.04 0.83 0  
0.27 0.05 0  
0.04 0.62 0  
0.049999587 0.05999959 0  
0.04 0.49 0  
0.11 0.95 0  
0.33 0.96 0  
0.95 0.96 0  
0.96 0.56 0  
0.95 0.87 0  
0.04 0.12 0  
0.04 0.3 0  
0.96 0.72 0  
0.04 0.14 0  
0.96 0.76 0  
0.05 0.95 0  
0.08 0.96 0  
0.96 0.8 0  
0.96 0.68 0  
0.8 0.04 0  
0.62 0.05 0  
0.05 0.36 0  
0.44 0.96 0  
0.42 0.96 0  
0.05 0.88 0  
0.96 0.95 0  
0.96 0.44 0  
0.96 0.37 0  
0.4 0.04 0  
0.04 0.85 0  
0.67 0.96 0  
0.95 0.14 0  
0.04 0.81 0  
0.76 0.96 0  
0.059999622 0.04999962 0  
0.04 0.5 0  
0.95 0.05 0  
0.05 0.43 0  
0.96 0.53 0  
0.52 0.96 0  
0.05 0.4 0  
0.87 0.95 0  
0.95 0.86 0  
0.04 0.92 0  
0.94 0.96 0  
0.12 0.96 0  
0.4 0.96 0  
0.96 0.6 0  
0.38 0.96 0  
0.89 0.04 0  
0.26 0.96 0  
0.47 0.05 0  
0.96 0.55 0  
0.19 0.96 0  
0.04 0.2 0  
0.04 0.22 0  
0.17 0.96 0  
0.95 0.88 0  
0.04 0.11 0  
0.35 0.96 0  
0.05 0.35 0  
0.04 0.31 0  
0.58 0.04 0  
0.59 0.04 0  
0.85 0.96 0  
0.04 0.94 0  
0.84 0.04 0  
0.04 0.45 0  
0.09 0.96 0  
0.96 0.81 0  
0.96 0.65 0  
0.32 0.96 0  
0.96 0.67 0  
0.04 0.24 0  
0.81 0.04 0  
0.05 0.41 0  
0.04 0.9 0  
0.64 0.04 0  
0.91 0.96 0  
0.95 0.9 0  
0.96 0.58 0  
0.96 0.7 0  
0.04 0.28 0  
0.69 0.04 0  
0.93 0.04 0  
0.96 0.62 0  
0.04 0.18 0  
0.36 0.96 0  
0.23 0.96 0  
0.22 0.96 0  
0.87 0.04 0  
0.67 0.04 0  
0.29 0.96 0  
0.04 0.95 0  
0.72 0.04 0  
0.73 0.04 0  
0.96 0.78 0  
0.15 0.96 0  
0.78 0.04 0  
0.06 0.96 0  
0.03999995 0.079999946 0  
0.89 0.95 0  
0.96 0.84 0  
0.24 0.96 0  
0.04 0.16 0  
0.91 0.04 0  
0.04 0.26 0  
0.96 0.49 0  
0.71 0.04 0  
0.96 0.51 0  
0.78 0.96 0  
0.76 0.04 0  
0.96 0.92 0  
0.04 0.47 0  
0.48 0.96 0  
0.55 0.04 0  
0.96 0.47 0  
0.04 0.53 0  
0.96 0.42 0  
0.42 0.04 0  
0.51 0.04 0  
0.96 0.25 0  
0.96 0.23 0  
0.33 0.04 0  
0.57 0.96 0  
0.96 0.32 0  
0.28 0.04 0  
0.61 0.95 0  
0.95 0.12 0  
0.21 0.04 0  
0.04 0.64 0  
0.04 0.58 0  
0.12 0.04 0  
0.11 0.04 0  
0.72 0.96 0  
0.04 0.76 0  
0.44 0.04 0  
0.96 0.17 0  
0.95 0.38 0  
0.04 0.79 0  
0.36 0.04 0  
0.7 0.96 0  
0.59 0.96 0  
0.04 0.74 0  
0.83 0.96 0  
0.81 0.96 0  
0.95 0.28 0  
0.96 0.08 0  
0.25 0.04 0  
0.96 0.21 0  
0.089999996 0.039999995 0  
0.04 0.57 0  
0.04 0.55 0  
0.96 0.94 0  
0.23 0.04 0  
0.96 0.1 0  
0.04 0.68 0  
0.96 0.45 0  
0.32 0.05 0  
0.96 0.27 0  
0.04 0.6 0  
0.96 0.36 0  
0.19 0.04 0  
0.13 0.04 0  
0.96 0.15 0  
0.74 0.96 0  
0.96 0.34 0  
0.63 0.95 0  
0.68 0.96 0  
0.15 0.04 0  
0.53 0.95 0  
0.65 0.96 0  
0.35 0.04 0  
0.04 0.7 0  
0.46 0.04 0  
0.04 0.78 0  
0.049998682 0.049998682 0  
0.96 0.06 0  
0.95 0.49 0  
0.41 0.95 0  
0.06 0.43 0  
0.62 0.94 0  
0.05 0.25 0  
0.05 0.79 0  
0.05 0.19 0  
0.05 0.14 0  
0.94 0.14 0  
0.13 0.05 0  
0.71 0.95 0  
0.89 0.05 0  
0.94 0.87 0  
0.87 0.94 0  
0.06 0.36 0  
0.95 0.09 0  
0.05 0.91 0  
0.95 0.55 0  
0.25 0.95 0  
0.37 0.95 0  
0.08 0.95 0  
0.95 0.67 0  
0.69 0.05 0  
0.43 0.05 0  
0.95 0.44 0  
0.66 0.95 0  
0.93 0.05 0  
0.05 0.46 0  
0.95 0.92 0  
0.84 0.95 0  
0.05 0.3 0  
0.8 0.05 0  
0.95 0.58 0  
0.05 0.75 0  
0.24 0.05 0  
0.95 0.35 0  
0.05 0.5 0  
0.94 0.89 0  
0.52 0.95 0  
0.91 0.95 0  
0.049999967 0.07999997 0  
0.95 0.84 0  
0.64 0.05 0  
0.05 0.11 0  
0.05 0.85 0  
0.06 0.95 0  
0.95 0.81 0  
0.06 0.41 0  
0.22 0.95 0  
0.05 0.28 0  
0.29 0.95 0  
0.87 0.05 0  
0.73 0.05 0  
0.05 0.16 0  
0.78 0.05 0  
0.76 0.05 0  
0.95 0.46 0  
0.05 0.54 0  
0.22 0.05 0  
0.69 0.95 0  
0.82 0.95 0  
0.34 0.05 0  
0.95 0.11 0  
0.29 0.05 0  
0.26 0.05 0  
0.95 0.37 0  
0.95 0.26 0  
0.95 0.33 0  
0.73 0.95 0  
0.95 0.16 0  
0.78 0.95 0  
0.1 0.05 0  
0.059999783 0.059999783 0  
0.47 0.96 0  
0.05 0.51 0  
0.95 0.53 0  
0.95 0.52 0  
0.12 0.95 0  
0.05 0.39 0  
0.51 0.95 0  
0.32 0.95 0  
0.94 0.95 0  
0.9 0.95 0  
0.43 0.96 0  
0.93 0.95 0  
0.39 0.95 0  
0.19 0.95 0  
0.91 0.05 0  
0.049999837 0.06999984 0  
0.95 0.59 0  
0.95 0.85 0  
0.95 0.65 0  
0.63 0.05 0  
0.17 0.95 0  
0.34 0.96 0  
0.05 0.1 0  
0.86 0.95 0  
0.84 0.05 0  
0.05 0.93 0  
0.95 0.62 0  
0.05 0.32 0  
0.59 0.05 0  
0.96 0.73 0  
0.05 0.94 0  
0.95 0.82 0  
0.04 0.13 0  
0.95 0.64 0  
0.96 0.75 0  
0.05 0.45 0  
0.05 0.44 0  
0.67 0.05 0  
0.95 0.94 0  
0.57 0.04 0  
0.21 0.95 0  
0.3 0.95 0  
0.96 0.71 0  
0.94 0.05 0  
0.66 0.05 0  
0.04 0.21 0  
0.36 0.95 0  
0.74 0.05 0  
0.95 0.95 0  
0.16 0.96 0  
0.95 0.91 0  
0.96 0.79 0  
0.61 0.05 0  
0.05 0.37 0  
0.23 0.95 0  
0.95 0.6 0  
0.45 0.96 0  
0.26 0.95 0  
0.1 0.95 0  
0.71 0.05 0  
0.15 0.95 0  
0.14 0.95 0  
0.96 0.69 0  
0.05 0.34 0  
0.96 0.77 0  
0.95 0.48 0  
0.05 0.18 0  
0.05 0.26 0  
0.95 0.56 0  
0.04 0.23 0  
0.05 0.87 0  
0.81 0.05 0  
0.82 0.05 0  
0.88 0.94 0  
0.95 0.5 0  
0.05 0.48 0  
0.54 0.04 0  
0.49 0.95 0  
0.96 0.43 0  
0.52 0.04 0  
0.05 0.89 0  
0.41 0.04 0  
0.95 0.41 0  
0.56 0.95 0  
0.58 0.95 0  
0.48 0.05 0  
0.96 0.22 0  
0.95 0.07 0  
0.95 0.39 0  
0.5 0.05 0  
0.19 0.05 0  
0.37 0.04 0  
0.06999987 0.049999874 0  
0.18 0.05 0  
0.04 0.65 0  
0.95 0.31 0  
0.05 0.77 0  
0.77 0.96 0  
0.8 0.95 0  
0.94 0.13 0  
0.05 0.53 0  
0.04 0.8 0  
0.12 0.05 0  
0.95 0.29 0  
0.16 0.05 0  
0.04 0.69 0  
0.04 0.63 0  
0.31 0.05 0  
0.95 0.18 0  
0.45 0.05 0  
0.6 0.95 0  
0.75 0.96 0  
0.05 0.73 0  
0.54 0.95 0  
0.46 0.05 0  
0.95 0.21 0  
0.95 0.2 0  
0.04 0.67 0  
0.33 0.05 0  
0.96 0.24 0  
0.04 0.61 0  
0.39 0.04 0  
0.2 0.04 0  
0.28 0.05 0  
0.04 0.84 0  
0.95 0.27 0  
0.64 0.95 0  
0.67 0.95 0  
0.36 0.05 0  
0.95 0.15 0  
0.05 0.7 0  
0.05 0.71 0  
0.04 0.82 0  
0.15 0.05 0  
0.04 0.56 0  
0.089999996 0.049999997 0  
0.95 0.06 0  
0.5 0.94 0  
0.06 0.54 0  
0.49 0.06 0  
0.94 0.48 0  
0.59 0.06 0  
0.37 0.94 0  
0.94 0.58 0  
0.94 0.38 0  
0.66 0.06 0  
0.3 0.06 0  
0.94 0.3 0  
0.3 0.94 0  
0.06 0.7 0  
0.73 0.06 0  
0.06 0.26 0  
0.95 0.75 0  
0.22 0.94 0  
0.78 0.94 0  
0.94 0.82 0  
0.94 0.21 0  
0.82 0.06 0  
0.06 0.18 0  
0.19 0.06 0  
0.93 0.14 0  
0.14 0.94 0  
0.06 0.86 0  
0.13 0.06 0  
0.06 0.1 0  
0.87 0.93 0  
0.94 0.64 0  
0.05 0.64 0  
0.11 0.94 0  
0.91 0.94 0  
0.1 0.06 0  
0.46 0.95 0  
0.55 0.05 0  
0.94 0.52 0  
0.66 0.94 0  
0.06 0.51 0  
0.94 0.91 0  
0.53 0.94 0  
0.25 0.94 0  
0.06 0.33 0  
0.95 0.7 0  
0.27 0.06 0  
0.06 0.39 0  
0.44 0.95 0  
0.42 0.95 0  
0.94 0.85 0  
0.06 0.37 0  
0.05 0.13 0  
0.28 0.95 0  
0.05 0.21 0  
0.95 0.79 0  
0.61 0.06 0  
0.63 0.06 0  
0.86 0.05 0  
0.32 0.06 0  
0.94 0.4 0  
0.47 0.06 0  
0.17 0.06 0  
0.06 0.88 0  
0.94 0.19 0  
0.94 0.28 0  
0.06 0.72 0  
0.95 0.23 0  
0.95 0.42 0  
0.05 0.66 0  
0.05 0.83 0  
0.05 0.62 0  
0.2 0.05 0  
0.38 0.05 0  
0.4 0.05 0  
0.76 0.95 0  
0.05 0.57 0  
0.059999913 0.06999991 0  
0.94 0.06 0  
0.56 0.05 0  
0.06 0.44 0  
0.06 0.46 0  
0.34 0.95 0  
0.94 0.88 0  
0.06 0.4 0  
0.94 0.94 0  
0.33 0.95 0  
0.85 0.95 0  
0.05 0.9 0  
0.51 0.94 0  
0.94 0.62 0  
0.16 0.95 0  
0.94 0.86 0  
0.38 0.95 0  
0.24 0.95 0  
0.35 0.95 0  
0.9 0.05 0  
0.95 0.54 0  
0.84 0.06 0  
0.06 0.94 0  
0.05 0.31 0  
0.05 0.12 0  
0.95 0.77 0  
0.21 0.94 0  
0.19 0.94 0  
0.95 0.74 0  
0.09 0.95 0  
0.07 0.95 0  
0.77 0.05 0  
0.95 0.66 0  
0.32 0.94 0  
0.05 0.24 0  
0.81 0.06 0  
0.06 0.42 0  
0.95 0.57 0  
0.68 0.05 0  
0.05 0.2 0  
0.05 0.29 0  
0.95 0.71 0  
0.27 0.95 0  
0.94 0.9 0  
0.95 0.8 0  
0.4 0.95 0  
0.12 0.94 0  
0.58 0.05 0  
0.88 0.05 0  
0.94 0.59 0  
0.05 0.15 0  
0.05 0.92 0  
0.7 0.05 0  
0.92 0.05 0  
0.79 0.05 0  
0.85 0.05 0  
0.95 0.68 0  
0.95 0.61 0  
0.18 0.95 0  
0.05 0.22 0  
0.06 0.35 0  
0.92 0.94 0  
0.05999997 0.07999997 0  
0.05 0.27 0  
0.94 0.84 0  
0.95 0.73 0  
0.72 0.05 0  
0.05 0.17 0  
0.64 0.06 0  
0.75 0.06 0  
0.94 0.49 0  
0.53 0.05 0  
0.05 0.47 0  
0.48 0.95 0  
0.05 0.49 0  
0.95 0.47 0  
0.95 0.45 0  
0.05 0.55 0  
0.51 0.05 0  
0.95 0.51 0  
0.42 0.05 0  
0.95 0.32 0  
0.35 0.05 0  
0.95 0.17 0  
0.07999998 0.059999984 0  
0.59 0.95 0  
0.94 0.12 0  
0.95 0.08 0  
0.06 0.52 0  
0.89 0.94 0  
0.11 0.05 0  
0.05 0.76 0  
0.05 0.68 0  
0.74 0.95 0  
0.68 0.95 0  
0.81 0.95 0  
0.05 0.81 0  
0.05 0.6 0  
0.57 0.95 0  
0.86 0.94 0  
0.79 0.94 0  
0.05 0.78 0  
0.23 0.05 0  
0.44 0.05 0  
0.95 0.93 0  
0.61 0.94 0  
0.55 0.94 0  
0.45 0.06 0  
0.7 0.95 0  
0.05 0.74 0  
0.83 0.95 0  
0.95 0.22 0  
0.34 0.06 0  
0.95 0.43 0  
0.95 0.25 0  
0.95 0.1 0  
0.25 0.05 0  
0.95 0.36 0  
0.14 0.05 0  
0.05 0.84 0  
0.94 0.26 0  
0.21 0.05 0  
0.95 0.34 0  
0.29 0.06 0  
0.72 0.95 0  
0.64 0.94 0  
0.63 0.94 0  
0.16 0.06 0  
0.94 0.15 0  
0.65 0.95 0  
0.05 0.69 0  
0.37 0.05 0  
0.05 0.8 0  
0.77 0.95 0  
0.06999992 0.059999917 0  
0.51 0.93 0  
0.07 0.52 0  
0.93 0.48 0  
0.93 0.58 0  
0.07 0.43 0  
0.64 0.93 0  
0.63 0.07 0  
0.3 0.07 0  
0.21 0.93 0  
0.94 0.74 0  
0.06 0.79 0  
0.78 0.93 0  
0.17 0.07 0  
0.82 0.07 0  
0.93 0.85 0  
0.89 0.06 0  
0.07 0.36 0  
0.93 0.88 0  
0.12 0.93 0  
0.06 0.91 0  
0.73 0.94 0  
0.94 0.44 0  
0.82 0.94 0  
0.86 0.93 0  
0.93 0.15 0  
0.07 0.4 0  
0.09 0.94 0  
0.94 0.67 0  
0.06 0.13 0  
0.7 0.06 0  
0.06 0.21 0  
0.94 0.33 0  
0.69 0.94 0  
0.06 0.75 0  
0.24 0.06 0  
0.94 0.51 0  
0.91 0.93 0  
0.93 0.9 0  
0.24 0.94 0  
0.16 0.94 0  
0.18 0.94 0  
0.07 0.94 0  
0.35 0.94 0  
0.33 0.94 0  
0.94 0.61 0  
0.94 0.54 0  
0.06 0.31 0  
0.58 0.06 0  
0.72 0.06 0  
0.06 0.48 0  
0.94 0.93 0  
0.27 0.94 0  
0.94 0.8 0  
0.06 0.15 0  
0.06 0.17 0  
0.92 0.06 0  
0.94 0.1 0  
0.79 0.06 0  
0.29 0.94 0  
0.87 0.06 0  
0.85 0.06 0  
0.62 0.93 0  
0.06 0.55 0  
0.43 0.06 0  
0.06 0.73 0  
0.36 0.06 0  
0.26 0.06 0  
0.15 0.06 0  
0.94 0.25 0  
0.94 0.35 0  
0.94 0.37 0  
0.12 0.06 0  
0.05 0.59 0  
0.069999956 0.069999956 0  
0.47 0.95 0  
0.06 0.45 0  
0.94 0.5 0  
0.93 0.94 0  
0.94 0.56 0  
0.45 0.95 0  
0.84 0.94 0  
0.94 0.57 0  
0.9 0.94 0  
0.39 0.94 0  
0.38 0.94 0  
0.23 0.94 0  
0.15 0.94 0  
0.93 0.87 0  
0.43 0.95 0  
0.36 0.94 0  
0.62 0.06 0  
0.06 0.38 0  
0.94 0.53 0  
0.94 0.6 0  
0.05999999 0.089999996 0  
0.06 0.32 0  
0.06 0.34 0  
0.1 0.94 0  
0.94 0.63 0  
0.57 0.05 0  
0.94 0.83 0  
0.95 0.76 0  
0.06 0.25 0  
0.78 0.06 0  
0.76 0.06 0  
0.94 0.92 0  
0.06 0.47 0  
0.31 0.94 0  
0.26 0.94 0  
0.06 0.3 0  
0.06 0.93 0  
0.94 0.81 0  
0.68 0.06 0  
0.67 0.06 0  
0.41 0.94 0  
0.65 0.06 0  
0.93 0.06 0  
0.6 0.06 0  
0.13 0.94 0  
0.8 0.06 0  
0.06 0.28 0  
0.06 0.27 0  
0.95 0.78 0  
0.95 0.69 0  
0.2 0.94 0  
0.83 0.06 0  
0.94 0.65 0  
0.95 0.72 0  
0.05 0.23 0  
0.74 0.06 0  
0.94 0.46 0  
0.91 0.06 0  
0.06 0.11 0  
0.06 0.2 0  
0.06 0.19 0  
0.94 0.47 0  
0.07 0.42 0  
0.54 0.05 0  
0.49 0.94 0  
0.94 0.41 0  
0.52 0.05 0  
0.5 0.06 0  
0.06 0.5 0  
0.33 0.06 0  
0.94 0.31 0  
0.54 0.94 0  
0.94 0.27 0  
0.46 0.06 0  
0.95 0.24 0  
0.93 0.13 0  
0.6 0.94 0  
0.58 0.94 0  
0.52 0.94 0  
0.06 0.53 0  
0.94 0.18 0  
0.41 0.05 0  
0.06 0.89 0  
0.22 0.06 0  
0.2 0.06 0  
0.089999996 0.059999995 0  
0.88 0.93 0  
0.31 0.06 0  
0.67 0.94 0  
0.06 0.77 0  
0.28 0.06 0  
0.75 0.95 0  
0.06 0.85 0  
0.8 0.94 0  
0.05 0.67 0  
0.05 0.82 0  
0.39 0.05 0  
0.94 0.09 0  
0.94 0.39 0  
0.05 0.56 0  
0.06 0.87 0  
0.48 0.06 0  
0.05 0.61 0  
0.85 0.94 0  
0.18 0.06 0  
0.94 0.2 0  
0.94 0.29 0  
0.06 0.71 0  
0.71 0.94 0  
0.56 0.94 0  
0.94 0.22 0  
0.94 0.42 0  
0.44 0.06 0  
0.35 0.06 0  
0.05 0.65 0  
0.94 0.11 0  
0.06 0.83 0  
0.05 0.63 0  
0.14 0.06 0  
0.94 0.16 0  
0.06 0.69 0  
0.38 0.06 0  
0.77 0.94 0  
0.06 0.81 0  
0.11 0.06 0  
0.65 0.94 0  
0.05 0.58 0  
0.94 0.07 0  
0.49 0.07 0  
0.08 0.43 0  
0.39 0.93 0  
0.93 0.4 0  
0.93 0.3 0  
0.32 0.93 0  
0.07 0.7 0  
0.76 0.07 0  
0.07 0.28 0  
0.93 0.21 0  
0.07 0.2 0  
0.92 0.15 0  
0.06 0.62 0  
0.07 0.86 0  
0.13 0.07 0  
0.86 0.92 0  
0.92 0.87 0  
0.93 0.64 0  
0.07 0.1 0  
0.26 0.93 0  
0.93 0.52 0  
0.93 0.81 0  
0.67 0.07 0  
0.45 0.07 0  
0.53 0.06 0  
0.34 0.07 0  
0.06 0.66 0  
0.77 0.93 0  
0.1 0.07 0  
0.46 0.94 0  
0.15 0.93 0  
0.07 0.46 0  
0.36 0.93 0  
0.07 0.33 0  
0.27 0.07 0  
0.06 0.59 0  
0.93 0.1 0  
0.92 0.07 0  
0.13 0.93 0  
0.53 0.93 0  
0.9 0.93 0  
0.94 0.76 0  
0.07 0.31 0  
0.44 0.94 0  
0.93 0.6 0  
0.07 0.93 0  
0.1 0.93 0  
0.07 0.26 0  
0.42 0.94 0  
0.8 0.07 0  
0.94 0.69 0  
0.94 0.72 0  
0.74 0.07 0  
0.07 0.72 0  
0.93 0.38 0  
0.93 0.28 0  
0.93 0.26 0  
0.93 0.19 0  
0.07 0.88 0  
0.93 0.12 0  
0.19 0.07 0  
0.4 0.06 0  
0.94 0.23 0  
0.66 0.93 0  
0.93 0.07 0  
0.07 0.54 0  
0.07 0.53 0  
0.07 0.45 0  
0.93 0.5 0  
0.93 0.49 0  
0.07 0.41 0  
0.34 0.94 0  
0.06 0.9 0  
0.93 0.57 0  
0.52 0.93 0  
0.89 0.93 0  
0.94 0.75 0  
0.17 0.94 0  
0.83 0.94 0  
0.93 0.92 0  
0.92 0.93 0  
0.93 0.86 0  
0.9 0.06 0  
0.06 0.16 0  
0.08 0.94 0  
0.61 0.07 0  
0.59 0.07 0  
0.93 0.83 0  
0.93 0.59 0  
0.07 0.39 0  
0.07 0.37 0  
0.93 0.53 0  
0.11 0.93 0  
0.86 0.06 0  
0.93 0.62 0  
0.19 0.93 0  
0.2 0.93 0  
0.65 0.07 0  
0.06 0.92 0  
0.93 0.93 0  
0.06 0.12 0  
0.94 0.66 0  
0.93 0.84 0  
0.56 0.06 0  
0.93 0.91 0  
0.07 0.18 0  
0.24 0.93 0  
0.84 0.07 0  
0.83 0.07 0  
0.31 0.93 0  
0.79 0.07 0  
0.71 0.06 0  
0.07 0.48 0  
0.07 0.44 0  
0.93 0.89 0  
0.64 0.07 0  
0.81 0.07 0  
0.06 0.14 0  
0.94 0.68 0  
0.94 0.78 0  
0.06 0.29 0  
0.28 0.94 0  
0.94 0.73 0  
0.4 0.94 0  
0.93 0.16 0  
0.94 0.55 0  
0.77 0.06 0  
0.62 0.07 0  
0.06 0.23 0  
0.06 0.22 0  
0.29 0.93 0  
0.07 0.34 0  
0.07 0.35 0  
0.88 0.06 0  
0.06 0.24 0  
0.57 0.06 0  
0.94 0.79 0  
0.23 0.93 0  
0.22 0.93 0  
0.38 0.93 0  
0.069999985 0.07999998 0  
0.93 0.47 0  
0.72 0.07 0  
0.69 0.06 0  
0.55 0.06 0  
0.51 0.06 0  
0.94 0.43 0  
0.47 0.07 0  
0.06 0.49 0  
0.55 0.93 0  
0.48 0.94 0  
0.37 0.06 0  
0.42 0.06 0  
0.29 0.07 0  
0.94 0.36 0  
0.61 0.93 0  
0.16 0.07 0  
0.94 0.45 0  
0.23 0.06 0  
0.07 0.51 0  
0.94 0.08 0  
0.79 0.93 0  
0.06 0.78 0  
0.5 0.93 0  
0.32 0.07 0  
0.92 0.14 0  
0.7 0.94 0  
0.94 0.32 0  
0.06 0.84 0  
0.87 0.92 0  
0.06 0.76 0  
0.06 0.58 0  
0.06 0.56 0  
0.59 0.94 0  
0.68 0.94 0  
0.74 0.94 0  
0.06 0.8 0  
0.85 0.93 0  
0.81 0.94 0  
0.63 0.93 0  
0.57 0.94 0  
0.93 0.41 0  
0.06 0.74 0  
0.43 0.07 0  
0.36 0.07 0  
0.06 0.64 0  
0.25 0.06 0  
0.15 0.07 0  
0.31 0.07 0  
0.21 0.06 0  
0.94 0.17 0  
0.18 0.07 0  
0.72 0.94 0  
0.06 0.68 0  
0.94 0.34 0  
0.39 0.06 0  
0.94 0.24 0  
0.76 0.94 0  
0.12 0.07 0  
0.06 0.82 0  
0.65 0.93 0  
0.06 0.6 0  
0.07999998 0.069999985 0  
0.92 0.48 0  
0.53 0.92 0  
0.08 0.54 0  
0.92 0.57 0  
0.39 0.92 0  
0.64 0.92 0  
0.61 0.08 0  
0.08 0.36 0  
0.3 0.08 0  
0.32 0.92 0  
0.93 0.72 0  
0.24 0.92 0  
0.07 0.77 0  
0.78 0.92 0  
0.8 0.08 0  
0.19 0.08 0  
0.91 0.15 0  
0.88 0.07 0  
0.85 0.92 0  
0.13 0.92 0  
0.86 0.91 0  
0.73 0.93 0  
0.13 0.08 0  
0.07 0.13 0  
0.92 0.52 0  
0.07 0.81 0  
0.07 0.9 0  
0.92 0.84 0  
0.64 0.08 0  
0.93 0.35 0  
0.69 0.93 0  
0.22 0.07 0  
0.4 0.07 0  
0.76 0.93 0  
0.92 0.86 0  
0.9 0.92 0  
0.92 0.89 0  
0.08 0.41 0  
0.42 0.93 0  
0.08 0.93 0  
0.07 0.15 0  
0.08 0.34 0  
0.92 0.59 0  
0.11 0.92 0  
0.07 0.92 0  
0.82 0.93 0  
0.93 0.66 0  
0.07 0.29 0  
0.07 0.49 0  
0.28 0.93 0  
0.93 0.68 0  
0.07 0.22 0  
0.77 0.07 0  
0.22 0.92 0  
0.07 0.17 0  
0.93 0.79 0  
0.93 0.76 0  
0.69 0.07 0  
0.71 0.07 0  
0.93 0.37 0  
0.62 0.92 0  
0.17 0.08 0  
0.08 0.52 0  
0.51 0.92 0  
0.07 0.75 0  
0.24 0.07 0  
0.93 0.17 0  
0.93 0.33 0  
0.93 0.23 0  
0.42 0.07 0  
0.07 0.83 0  
0.07 0.85 0  
0.07999999 0.07999999 0  
0.93 0.09 0  
0.47 0.94 0  
0.14 0.93 0  
0.92 0.49 0  
0.08 0.42 0  
0.35 0.93 0  
0.33 0.93 0  
0.92 0.91 0  
0.91 0.92 0  
0.09 0.93 0  
0.07 0.89 0  
0.93 0.55 0  
0.93 0.56 0  
0.16 0.93 0  
0.18 0.93 0  
0.9 0.07 0  
0.07 0.32 0  
0.91 0.07 0  
0.92 0.92 0  
0.37 0.93 0  
0.45 0.94 0  
0.08 0.4 0  
0.6 0.07 0  
0.06999999 0.089999996 0  
0.87 0.07 0  
0.85 0.07 0  
0.81 0.08 0  
0.93 0.65 0  
0.93 0.63 0  
0.07 0.27 0  
0.07 0.19 0  
0.4 0.93 0  
0.25 0.93 0  
0.08 0.44 0  
0.08 0.46 0  
0.92 0.88 0  
0.66 0.07 0  
0.07 0.3 0  
0.07 0.5 0  
0.93 0.82 0  
0.27 0.93 0  
0.43 0.94 0  
0.94 0.7 0  
0.94 0.71 0  
0.57 0.07 0  
0.55 0.07 0  
0.58 0.07 0  
0.07 0.21 0  
0.07 0.38 0  
0.94 0.77 0  
0.78 0.07 0  
0.93 0.54 0  
0.93 0.8 0  
0.93 0.61 0  
0.68 0.07 0  
0.75 0.07 0  
0.3 0.93 0  
0.07 0.24 0  
0.07 0.25 0  
0.2 0.92 0  
0.73 0.07 0  
0.93 0.75 0  
0.93 0.73 0  
0.07 0.12 0  
0.07 0.11 0  
0.83 0.08 0  
0.93 0.46 0  
0.93 0.44 0  
0.62 0.08 0  
0.07 0.47 0  
0.54 0.06 0  
0.93 0.51 0  
0.93 0.42 0  
0.44 0.07 0  
0.93 0.31 0  
0.48 0.07 0  
0.52 0.06 0  
0.38 0.07 0  
0.93 0.25 0  
0.54 0.93 0  
0.35 0.07 0  
0.41 0.06 0  
0.26 0.07 0  
0.92 0.13 0  
0.089999996 0.06999999 0  
0.49 0.93 0  
0.93 0.27 0  
0.67 0.93 0  
0.56 0.93 0  
0.58 0.93 0  
0.33 0.07 0  
0.88 0.92 0  
0.71 0.93 0  
0.8 0.93 0  
0.07 0.73 0  
0.92 0.16 0  
0.14 0.07 0  
0.46 0.07 0  
0.07 0.79 0  
0.2 0.07 0  
0.06 0.65 0  
0.11 0.07 0  
0.28 0.07 0  
0.07 0.71 0  
0.06 0.61 0  
0.93 0.39 0  
0.6 0.93 0  
0.07 0.56 0  
0.07 0.55 0  
0.5 0.07 0  
0.84 0.93 0  
0.93 0.29 0  
0.93 0.2 0  
0.07 0.68 0  
0.07 0.87 0  
0.07 0.69 0  
0.06 0.57 0  
0.37 0.07 0  
0.93 0.11 0  
0.32 0.08 0  
0.16 0.08 0  
0.93 0.18 0  
0.06 0.67 0  
0.06 0.63 0  
0.93 0.22 0  
0.75 0.94 0  
0.66 0.92 0  
0.93 0.08 0  
0.91 0.48 0  
0.49 0.08 0  
0.09 0.44 0  
0.61 0.09 0  
0.92 0.3 0  
0.08 0.7 0  
0.71 0.08 0  
0.08 0.28 0  
0.92 0.72 0  
0.92 0.23 0  
0.08 0.21 0  
0.17 0.09 0  
0.81 0.09 0  
0.92 0.4 0  
0.08 0.86 0  
0.43 0.08 0  
0.91 0.87 0  
0.76 0.08 0  
0.38 0.08 0  
0.08 0.1 0  
0.88 0.08 0  
0.92 0.11 0  
0.92 0.63 0  
0.92 0.8 0  
0.92 0.19 0  
0.07 0.64 0  
0.08 0.89 0  
0.36 0.92 0  
0.09 0.41 0  
0.57 0.08 0  
0.33 0.92 0  
0.08 0.25 0  
0.27 0.08 0  
0.85 0.91 0  
0.91 0.16 0  
0.92 0.26 0  
0.91 0.08 0  
0.11 0.08 0  
0.47 0.93 0  
0.15 0.92 0  
0.08 0.48 0  
0.4 0.92 0  
0.93 0.77 0  
0.08 0.32 0  
0.08 0.12 0  
0.08 0.19 0  
0.92 0.65 0  
0.92 0.51 0  
0.66 0.08 0  
0.3 0.92 0  
0.28 0.92 0  
0.68 0.08 0  
0.92 0.54 0  
0.92 0.56 0  
0.73 0.08 0  
0.92 0.38 0  
0.36 0.08 0  
0.52 0.07 0  
0.54 0.07 0  
0.45 0.08 0  
0.08 0.72 0  
0.92 0.17 0  
0.07 0.62 0  
0.2 0.08 0  
0.15 0.08 0  
0.67 0.92 0  
0.75 0.93 0  
0.08 0.089999996 0  
0.92 0.1 0  
0.48 0.93 0  
0.92 0.09 0  
0.14 0.92 0  
0.92 0.85 0  
0.08 0.55 0  
0.08 0.47 0  
0.9 0.91 0  
0.91 0.91 0  
0.09 0.92 0  
0.25 0.92 0  
0.1 0.92 0  
0.93 0.78 0  
0.41 0.93 0  
0.55 0.92 0  
0.54 0.92 0  
0.08 0.33 0  
0.89 0.92 0  
0.07 0.14 0  
0.59 0.08 0  
0.08 0.3 0  
0.46 0.93 0  
0.6 0.08 0  
0.08 0.35 0  
0.92 0.58 0  
0.12 0.92 0  
0.07 0.91 0  
0.81 0.93 0  
0.19 0.92 0  
0.92 0.5 0  
0.92 0.61 0  
0.08 0.92 0  
0.92 0.9 0  
0.93 0.7 0  
0.92 0.82 0  
0.7 0.07 0  
0.84 0.08 0  
0.65 0.08 0  
0.92 0.83 0  
0.08 0.45 0  
0.91 0.88 0  
0.93 0.69 0  
0.44 0.93 0  
0.84 0.92 0  
0.63 0.08 0  
0.08 0.5 0  
0.08 0.51 0  
0.78 0.08 0  
0.93 0.67 0  
0.08 0.39 0  
0.08 0.37 0  
0.79 0.08 0  
0.31 0.92 0  
0.93 0.71 0  
0.34 0.93 0  
0.17 0.93 0  
0.92 0.6 0  
0.23 0.92 0  
0.92 0.53 0  
0.07 0.16 0  
0.89 0.07 0  
0.21 0.92 0  
0.56 0.07 0  
0.43 0.93 0  
0.86 0.07 0  
0.07 0.23 0  
0.27 0.92 0  
0.93 0.74 0  
0.08 0.27 0  
0.38 0.92 0  
0.08 0.17 0  
0.75 0.08 0  
0.82 0.08 0  
0.09 0.43 0  
0.92 0.46 0  
0.47 0.08 0  
0.93 0.32 0  
0.31 0.08 0  
0.92 0.47 0  
0.39 0.07 0  
0.93 0.43 0  
0.59 0.93 0  
0.91 0.14 0  
0.92 0.21 0  
0.93 0.24 0  
0.51 0.07 0  
0.34 0.08 0  
0.25 0.07 0  
0.87 0.91 0  
0.76 0.92 0  
0.7 0.93 0  
0.07 0.74 0  
0.77 0.92 0  
0.07 0.78 0  
0.92 0.28 0  
0.93 0.45 0  
0.93 0.36 0  
0.29 0.08 0  
0.5 0.92 0  
0.63 0.92 0  
0.07 0.6 0  
0.08 0.53 0  
0.18 0.08 0  
0.72 0.93 0  
0.52 0.92 0  
0.12 0.08 0  
0.61 0.92 0  
0.79 0.92 0  
0.07 0.84 0  
0.07 0.66 0  
0.92 0.08 0  
0.68 0.93 0  
0.65 0.92 0  
0.83 0.93 0  
0.07 0.8 0  
0.08 0.68 0  
0.57 0.93 0  
0.08 0.87 0  
0.07 0.58 0  
0.07 0.57 0  
0.92 0.41 0  
0.07 0.76 0  
0.23 0.07 0  
0.92 0.12 0  
0.33 0.08 0  
0.21 0.07 0  
0.93 0.34 0  
0.07 0.67 0  
0.41 0.07 0  
0.07 0.82 0  
0.14 0.08 0  
0.1 0.08 0  
0.089999996 0.08 0  
0.74 0.93 0  
0.55 0.91 0  
0.09 0.55 0  
0.91 0.56 0  
0.4 0.91 0  
0.1 0.44 0  
0.64 0.91 0  
0.09 0.34 0  
0.3 0.09 0  
0.33 0.91 0  
0.09 0.28 0  
0.24 0.91 0  
0.08 0.77 0  
0.76 0.91 0  
0.9 0.16 0  
0.91 0.83 0  
0.14 0.91 0  
0.08 0.81 0  
0.09 0.86 0  
0.85 0.9 0  
0.9 0.87 0  
0.12 0.91 0  
0.76 0.09 0  
0.14 0.09 0  
0.91 0.6 0  
0.65 0.09 0  
0.09 0.51 0  
0.51 0.91 0  
0.47 0.92 0  
0.91 0.11 0  
0.09 0.48 0  
0.44 0.92 0  
0.92 0.77 0  
0.91 0.51 0  
0.92 0.33 0  
0.73 0.92 0  
0.9 0.9 0  
0.08 0.58 0  
0.1 0.91 0  
0.89 0.91 0  
0.08 0.91 0  
0.89 0.08 0  
0.58 0.92 0  
0.7 0.08 0  
0.82 0.92 0  
0.92 0.67 0  
0.92 0.69 0  
0.31 0.91 0  
0.28 0.91 0  
0.79 0.09 0  
0.91 0.53 0  
0.32 0.09 0  
0.51 0.08 0  
0.71 0.92 0  
0.92 0.44 0  
0.62 0.91 0  
0.12 0.09 0  
0.78 0.91 0  
0.66 0.91 0  
0.08 0.83 0  
0.08 0.75 0  
0.91 0.13 0  
0.19 0.09 0  
0.92 0.35 0  
0.92 0.37 0  
0.92 0.25 0  
0.16 0.09 0  
0.22 0.08 0  
0.24 0.08 0  
0.75 0.92 0  
0.089999996 0.089999996 0  
0.91 0.85 0  
0.91 0.86 0  
0.91 0.89 0  
0.53 0.07 0  
0.37 0.92 0  
0.09 0.42 0  
0.91 0.47 0  
0.23 0.91 0  
0.42 0.92 0  
0.92 0.55 0  
0.08 0.88 0  
0.09 0.33 0  
0.88 0.91 0  
0.09 0.46 0  
0.08 0.13 0  
0.6 0.09 0  
0.08 0.9 0  
0.09 0.36 0  
0.08 0.11 0  
0.9 0.08 0  
0.63 0.09 0  
0.91 0.57 0  
0.08 0.2 0  
0.17 0.92 0  
0.18 0.92 0  
0.83 0.09 0  
0.82 0.09 0  
0.92 0.64 0  
0.92 0.62 0  
0.69 0.08 0  
0.08 0.29 0  
0.86 0.08 0  
0.85 0.08 0  
0.09 0.45 0  
0.08 0.31 0  
0.29 0.92 0  
0.62 0.09 0  
0.84 0.91 0  
0.08 0.56 0  
0.83 0.92 0  
0.92 0.66 0  
0.45 0.93 0  
0.55 0.08 0  
0.56 0.08 0  
0.09 0.52 0  
0.92 0.71 0  
0.16 0.92 0  
0.8 0.09 0  
0.08 0.26 0  
0.09 0.4 0  
0.35 0.92 0  
0.34 0.92 0  
0.92 0.81 0  
0.08 0.15 0  
0.91 0.9 0  
0.67 0.08 0  
0.77 0.08 0  
0.41 0.92 0  
0.21 0.91 0  
0.19 0.91 0  
0.87 0.08 0  
0.08 0.38 0  
0.72 0.08 0  
0.08 0.23 0  
0.08 0.24 0  
0.08 0.16 0  
0.39 0.91 0  
0.26 0.92 0  
0.08 0.18 0  
0.74 0.08 0  
0.08 0.22 0  
0.58 0.08 0  
0.92 0.79 0  
0.92 0.74 0  
0.92 0.73 0  
0.91 0.58 0  
0.46 0.08 0  
0.92 0.31 0  
0.08 0.49 0  
0.92 0.42 0  
0.91 0.49 0  
0.35 0.08 0  
0.53 0.91 0  
0.91 0.17 0  
0.92 0.27 0  
0.6 0.92 0  
0.92 0.39 0  
0.26 0.08 0  
0.5 0.08 0  
0.37 0.08 0  
0.92 0.22 0  
0.08 0.79 0  
0.08 0.73 0  
0.8 0.92 0  
0.49 0.92 0  
0.9 0.15 0  
0.08 0.69 0  
0.07 0.61 0  
0.86 0.9 0  
0.69 0.92 0  
0.92 0.45 0  
0.09 0.54 0  
0.08 0.84 0  
0.08 0.85 0  
0.44 0.08 0  
0.07 0.65 0  
0.28 0.08 0  
0.48 0.08 0  
0.08 0.71 0  
0.92 0.2 0  
0.92 0.29 0  
0.56 0.92 0  
0.4 0.08 0  
0.39 0.08 0  
0.34 0.09 0  
0.18 0.09 0  
0.92 0.18 0  
0.92 0.24 0  
0.07 0.63 0  
0.08 0.66 0  
0.08 0.67 0  
0.42 0.08 0  
0.21 0.08 0  
0.68 0.92 0  
0.11 0.09 0  
0.07 0.59 0  
0.91 0.09 0  
0.1 0.55 0  
0.5 0.09 0  
0.9 0.48 0  
0.6 0.1 0  
0.9 0.56 0  
0.4 0.9 0  
0.91 0.38 0  
0.91 0.3 0  
0.09 0.66 0  
0.1 0.34 0  
0.09 0.72 0  
0.91 0.71 0  
0.24 0.9 0  
0.91 0.23 0  
0.09 0.23 0  
0.19 0.1 0  
0.8 0.1 0  
0.09 0.16 0  
0.43 0.09 0  
0.89 0.16 0  
0.84 0.9 0  
0.87 0.09 0  
0.91 0.66 0  
0.85 0.89 0  
0.69 0.09 0  
0.38 0.09 0  
0.08 0.62 0  
0.09 0.12 0  
0.1 0.41 0  
0.56 0.09 0  
0.91 0.8 0  
0.1 0.52 0  
0.72 0.09 0  
0.09 0.19 0  
0.47 0.09 0  
0.27 0.09 0  
0.91 0.41 0  
0.91 0.26 0  
0.12 0.1 0  
0.9 0.89 0  
0.37 0.91 0  
0.09 0.88 0  
0.09 0.49 0  
0.91 0.55 0  
0.91 0.62 0  
0.56 0.91 0  
0.29 0.91 0  
0.09 0.31 0  
0.09 0.29 0  
0.62 0.1 0  
0.45 0.92 0  
0.16 0.91 0  
0.09 0.26 0  
0.77 0.09 0  
0.92 0.75 0  
0.91 0.73 0  
0.17 0.1 0  
0.09 0.68 0  
0.91 0.21 0  
0.75 0.91 0  
0.22 0.09 0  
0.48 0.92 0  
0.9 0.09 0  
0.13 0.91 0  
0.9 0.86 0  
0.9 0.88 0  
0.88 0.9 0  
0.52 0.08 0  
0.54 0.08 0  
0.08 0.57 0  
0.38 0.91 0  
0.09 0.9 0  
0.09 0.5 0  
0.91 0.46 0  
0.89 0.9 0  
0.11 0.91 0  
0.92 0.78 0  
0.91 0.54 0  
0.43 0.92 0  
0.09 0.87 0  
0.87 0.9 0  
0.58 0.09 0  
0.59 0.09 0  
0.089999996 0.1 0  
0.09 0.38 0  
0.09 0.37 0  
0.17 0.91 0  
0.42 0.91 0  
0.09 0.2 0  
0.91 0.63 0  
0.91 0.61 0  
0.91 0.5 0  
0.34 0.91 0  
0.67 0.09 0  
0.3 0.91 0  
0.86 0.09 0  
0.84 0.09 0  
0.09 0.32 0  
0.91 0.84 0  
0.64 0.09 0  
0.1 0.45 0  
0.92 0.68 0  
0.46 0.92 0  
0.82 0.91 0  
0.15 0.91 0  
0.92 0.7 0  
0.09 0.27 0  
0.82 0.1 0  
0.32 0.91 0  
0.78 0.09 0  
0.36 0.91 0  
0.66 0.09 0  
0.91 0.59 0  
0.92 0.76 0  
0.2 0.91 0  
0.08 0.14 0  
0.09 0.91 0  
0.09 0.39 0  
0.91 0.52 0  
0.18 0.91 0  
0.26 0.91 0  
0.27 0.91 0  
0.09 0.35 0  
0.73 0.09 0  
0.21 0.09 0  
0.22 0.91 0  
0.25 0.91 0  
0.41 0.91 0  
0.91 0.82 0  
0.91 0.64 0  
0.09 0.24 0  
0.09 0.22 0  
0.9 0.57 0  
0.09 0.17 0  
0.74 0.09 0  
0.75 0.09 0  
0.7 0.09 0  
0.89 0.09 0  
0.09 0.47 0  
0.1 0.43 0  
0.45 0.09 0  
0.33 0.09 0  
0.9 0.17 0  
0.09 0.53 0  
0.2 0.09 0  
0.91 0.28 0  
0.57 0.92 0  
0.61 0.91 0  
0.92 0.36 0  
0.25 0.08 0  
0.92 0.43 0  
0.31 0.09 0  
0.9 0.14 0  
0.67 0.91 0  
0.92 0.32 0  
0.41 0.08 0  
0.7 0.92 0  
0.5 0.91 0  
0.08 0.78 0  
0.36 0.09 0  
0.08 0.74 0  
0.08 0.6 0  
0.09 0.56 0  
0.54 0.91 0  
0.79 0.91 0  
0.23 0.08 0  
0.59 0.92 0  
0.72 0.92 0  
0.81 0.92 0  
0.09 0.7 0  
0.91 0.44 0  
0.29 0.09 0  
0.63 0.91 0  
0.13 0.09 0  
0.83 0.91 0  
0.49 0.09 0  
0.77 0.91 0  
0.08 0.82 0  
0.52 0.91 0  
0.91 0.19 0  
0.65 0.91 0  
0.4 0.09 0  
0.09 0.85 0  
0.91 0.4 0  
0.09 0.83 0  
0.08 0.76 0  
0.35 0.09 0  
0.91 0.12 0  
0.92 0.34 0  
0.91 0.25 0  
0.91 0.18 0  
0.08 0.64 0  
0.08 0.65 0  
0.15 0.09 0  
0.08 0.8 0  
0.69 0.91 0  
0.1 0.089999996 0  
0.74 0.92 0  
0.91 0.1 0  
0.08 0.59 0  
0.51 0.9 0  
0.49 0.1 0  
0.11 0.45 0  
0.89 0.56 0  
0.64 0.9 0  
0.36 0.1 0  
0.3 0.1 0  
0.33 0.9 0  
0.69 0.1 0  
0.1 0.28 0  
0.76 0.9 0  
0.09 0.77 0  
0.9 0.26 0  
0.1 0.23 0  
0.18 0.9 0  
0.9 0.63 0  
0.1 0.16 0  
0.9 0.83 0  
0.14 0.9 0  
0.74 0.1 0  
0.84 0.89 0  
0.1 0.86 0  
0.47 0.91 0  
0.89 0.86 0  
0.29 0.9 0  
0.89 0.17 0  
0.87 0.1 0  
0.9 0.12 0  
0.87 0.89 0  
0.1 0.56 0  
0.9 0.52 0  
0.1 0.38 0  
0.1 0.48 0  
0.65 0.1 0  
0.91 0.35 0  
0.09 0.6 0  
0.12 0.9 0  
0.38 0.9 0  
0.1 0.9 0  
0.89 0.88 0  
0.91 0.78 0  
0.58 0.91 0  
0.1 0.32 0  
0.45 0.91 0  
0.43 0.91 0  
0.1 0.53 0  
0.2 0.9 0  
0.91 0.76 0  
0.9 0.59 0  
0.27 0.9 0  
0.25 0.9 0  
0.81 0.91 0  
0.34 0.1 0  
0.91 0.37 0  
0.62 0.9 0  
0.09 0.79 0  
0.91 0.43 0  
0.78 0.9 0  
0.53 0.9 0  
0.42 0.09 0  
0.66 0.9 0  
0.09 0.75 0  
0.91 0.33 0  
0.24 0.09 0  
0.71 0.91 0  
0.11 0.1 0  
0.9 0.1 0  
0.51 0.09 0  
0.1 0.42 0  
0.39 0.9 0  
0.09 0.58 0  
0.9 0.54 0  
0.1 0.5 0  
0.1 0.51 0  
0.9 0.46 0  
0.88 0.89 0  
0.9 0.61 0  
0.91 0.79 0  
0.1 0.36 0  
0.1 0.35 0  
0.1 0.87 0  
0.089999996 0.11 0  
0.16 0.9 0  
0.59 0.1 0  
0.86 0.89 0  
0.09 0.89 0  
0.91 0.67 0  
0.9 0.5 0  
0.9 0.55 0  
0.83 0.1 0  
0.09 0.3 0  
0.35 0.91 0  
0.31 0.9 0  
0.9 0.49 0  
0.68 0.09 0  
0.57 0.91 0  
0.9 0.85 0  
0.1 0.33 0  
0.1 0.46 0  
0.82 0.9 0  
0.61 0.1 0  
0.91 0.69 0  
0.54 0.09 0  
0.55 0.09 0  
0.1 0.27 0  
0.81 0.1 0  
0.91 0.81 0  
0.37 0.9 0  
0.1 0.54 0  
0.89 0.89 0  
0.9 0.58 0  
0.66 0.1 0  
0.09 0.14 0  
0.09 0.15 0  
0.8 0.91 0  
0.41 0.9 0  
0.72 0.1 0  
0.88 0.09 0  
0.71 0.09 0  
0.09 0.18 0  
0.91 0.72 0  
0.23 0.9 0  
0.85 0.09 0  
0.91 0.7 0  
0.57 0.09 0  
0.09 0.21 0  
0.21 0.9 0  
0.09 0.25 0  
0.91 0.74 0  
0.09 0.13 0  
0.91 0.65 0  
0.53 0.08 0  
0.76 0.1 0  
0.77 0.1 0  
0.79 0.1 0  
0.63 0.1 0  
0.1 0.4 0  
0.11 0.44 0  
0.39 0.09 0  
0.46 0.09 0  
0.9 0.47 0  
0.91 0.31 0  
0.91 0.45 0  
0.48 0.09 0  
0.26 0.09 0  
0.91 0.27 0  
0.91 0.24 0  
0.32 0.1 0  
0.91 0.39 0  
0.6 0.91 0  
0.89 0.15 0  
0.91 0.2 0  
0.16 0.1 0  
0.49 0.91 0  
0.68 0.91 0  
0.09 0.73 0  
0.08 0.61 0  
0.18 0.1 0  
0.37 0.09 0  
0.09 0.69 0  
0.09 0.57 0  
0.09 0.67 0  
0.55 0.9 0  
0.91 0.22 0  
0.73 0.91 0  
0.83 0.9 0  
0.91 0.42 0  
0.28 0.09 0  
0.14 0.1 0  
0.13 0.1 0  
0.09 0.81 0  
0.09 0.82 0  
0.91 0.29 0  
0.09 0.71 0  
0.41 0.09 0  
0.09 0.84 0  
0.2 0.1 0  
0.9 0.13 0  
0.22 0.1 0  
0.9 0.18 0  
0.08 0.63 0  
0.09 0.65 0  
0.44 0.09 0  
0.23 0.09 0  
0.7 0.91 0  
0.1 0.1 0  
0.74 0.91 0  
0.89 0.46 0  
0.12 0.45 0  
0.59 0.11 0  
0.41 0.89 0  
0.11 0.35 0  
0.1 0.66 0  
0.9 0.69 0  
0.11 0.28 0  
0.1 0.72 0  
0.25 0.89 0  
0.77 0.11 0  
0.19 0.11 0  
0.1 0.81 0  
0.9 0.38 0  
0.82 0.11 0  
0.11 0.52 0  
0.88 0.16 0  
0.65 0.11 0  
0.43 0.1 0  
0.14 0.11 0  
0.84 0.88 0  
0.9 0.79 0  
0.11 0.41 0  
0.9 0.21 0  
0.9 0.3 0  
0.1 0.13 0  
0.11 0.86 0  
0.38 0.89 0  
0.9 0.42 0  
0.55 0.1 0  
0.89 0.49 0  
0.9 0.72 0  
0.69 0.9 0  
0.27 0.1 0  
0.4 0.1 0  
0.89 0.18 0  
0.12 0.11 0  
0.86 0.88 0  
0.89 0.13 0  
0.89 0.85 0  
0.88 0.88 0  
0.1 0.89 0  
0.68 0.1 0  
0.88 0.1 0  
0.1 0.83 0  
0.11 0.33 0  
0.61 0.11 0  
0.1 0.15 0  
0.8 0.11 0  
0.71 0.1 0  
0.89 0.58 0  
0.1 0.18 0  
0.9 0.65 0  
0.53 0.09 0  
0.9 0.23 0  
0.1 0.68 0  
0.47 0.1 0  
0.1 0.85 0  
0.1 0.11 0  
0.09 0.62 0  
0.13 0.9 0  
0.48 0.91 0  
0.89 0.87 0  
0.5 0.1 0  
0.09 0.59 0  
0.11 0.9 0  
0.11 0.51 0  
0.26 0.9 0  
0.9 0.44 0  
0.9 0.45 0  
0.9 0.81 0  
0.44 0.91 0  
0.9 0.53 0  
0.15 0.9 0  
0.1 0.88 0  
0.1 0.39 0  
0.35 0.9 0  
0.57 0.1 0  
0.58 0.1 0  
0.89 0.55 0  
0.9 0.66 0  
0.9 0.62 0  
0.85 0.1 0  
0.84 0.1 0  
0.9 0.6 0  
0.36 0.9 0  
0.89 0.1 0  
0.67 0.1 0  
0.11 0.46 0  
0.1 0.31 0  
0.1 0.29 0  
0.3 0.9 0  
0.9 0.84 0  
0.64 0.1 0  
0.82 0.89 0  
0.46 0.91 0  
0.91 0.68 0  
0.34 0.9 0  
0.9 0.82 0  
0.1 0.25 0  
0.1 0.24 0  
0.7 0.1 0  
0.11 0.54 0  
0.19 0.9 0  
0.91 0.77 0  
0.89 0.57 0  
0.11 0.56 0  
0.8 0.9 0  
0.28 0.9 0  
0.17 0.9 0  
0.42 0.9 0  
0.1 0.17 0  
0.9 0.51 0  
0.79 0.9 0  
0.24 0.89 0  
0.86 0.1 0  
0.73 0.1 0  
0.1 0.26 0  
0.32 0.9 0  
0.91 0.75 0  
0.9 0.64 0  
0.1 0.37 0  
0.52 0.09 0  
0.22 0.9 0  
0.9 0.74 0  
0.75 0.1 0  
0.1 0.21 0  
0.1 0.22 0  
0.62 0.11 0  
0.78 0.1 0  
0.9 0.7 0  
0.4 0.89 0  
0.1 0.47 0  
0.11 0.43 0  
0.1 0.49 0  
0.45 0.1 0  
0.89 0.48 0  
0.9 0.25 0  
0.29 0.1 0  
0.91 0.32 0  
0.33 0.1 0  
0.38 0.1 0  
0.25 0.09 0  
0.35 0.1 0  
0.59 0.91 0  
0.74 0.9 0  
0.9 0.4 0  
0.5 0.9 0  
0.75 0.9 0  
0.72 0.91 0  
0.09 0.74 0  
0.1 0.7 0  
0.61 0.9 0  
0.91 0.36 0  
0.67 0.9 0  
0.17 0.11 0  
0.09 0.78 0  
0.63 0.9 0  
0.54 0.9 0  
0.56 0.9 0  
0.58 0.9 0  
0.83 0.89 0  
0.31 0.1 0  
0.1 0.57 0  
0.48 0.1 0  
0.81 0.9 0  
0.77 0.9 0  
0.9 0.28 0  
0.52 0.9 0  
0.42 0.1 0  
0.65 0.9 0  
0.09 0.76 0  
0.37 0.1 0  
0.21 0.1 0  
0.89 0.14 0  
0.91 0.34 0  
0.9 0.27 0  
0.9 0.19 0  
0.09 0.64 0  
0.15 0.1 0  
0.24 0.1 0  
0.23 0.1 0  
0.71 0.9 0  
0.09 0.8 0  
0.9 0.11 0  
0.09 0.61 0  
0.51 0.89 0  
0.49 0.11 0  
0.88 0.48 0  
0.88 0.56 0  
0.61 0.12 0  
0.64 0.89 0  
0.41 0.88 0  
0.38 0.11 0  
0.89 0.69 0  
0.32 0.11 0  
0.25 0.88 0  
0.89 0.28 0  
0.74 0.89 0  
0.11 0.22 0  
0.18 0.89 0  
0.89 0.63 0  
0.89 0.82 0  
0.11 0.17 0  
0.7 0.11 0  
0.12 0.46 0  
0.86 0.11 0  
0.47 0.9 0  
0.1 0.6 0  
0.34 0.89 0  
0.55 0.89 0  
0.1 0.77 0  
0.14 0.89 0  
0.29 0.89 0  
0.11 0.57 0  
0.73 0.11 0  
0.9 0.33 0  
0.22 0.11 0  
0.88 0.86 0  
0.88 0.14 0  
0.89 0.84 0  
0.11 0.39 0  
0.89 0.65 0  
0.1 0.2 0  
0.64 0.11 0  
0.67 0.11 0  
0.11 0.85 0  
0.9 0.67 0  
0.11 0.48 0  
0.11 0.29 0  
0.59 0.9 0  
0.78 0.11 0  
0.11 0.24 0  
0.9 0.77 0  
0.9 0.75 0  
0.89 0.51 0  
0.32 0.89 0  
0.22 0.89 0  
0.52 0.1 0  
0.54 0.1 0  
0.36 0.11 0  
0.89 0.26 0  
0.66 0.89 0  
0.1 0.75 0  
0.3 0.11 0  
0.76 0.89 0  
0.78 0.89 0  
0.62 0.89 0  
0.2 0.11 0  
0.9 0.35 0  
0.9 0.37 0  
0.89 0.19 0  
0.15 0.11 0  
0.26 0.1 0  
0.89 0.12 0  
0.72 0.9 0  
0.13 0.89 0  
0.11 0.88 0  
0.88 0.87 0  
0.39 0.89 0  
0.47 0.11 0  
0.43 0.11 0  
0.11 0.42 0  
0.27 0.89 0  
0.87 0.88 0  
0.89 0.45 0  
0.9 0.8 0  
0.89 0.52 0  
0.89 0.54 0  
0.11 0.37 0  
0.11 0.36 0  
0.36 0.89 0  
0.11 0.4 0  
0.11 0.87 0  
0.58 0.11 0  
0.1 0.19 0  
0.85 0.88 0  
0.89 0.61 0  
0.37 0.89 0  
0.85 0.11 0  
0.83 0.11 0  
0.63 0.11 0  
0.89 0.59 0  
0.66 0.11 0  
0.11 0.32 0  
0.42 0.89 0  
0.45 0.9 0  
0.43 0.9 0  
0.11 0.34 0  
0.16 0.89 0  
0.9 0.68 0  
0.6 0.9 0  
0.11 0.47 0  
0.6 0.11 0  
0.1 0.14 0  
0.79 0.11 0  
0.81 0.11 0  
0.9 0.78 0  
0.88 0.57 0  
0.11 0.55 0  
0.11 0.15 0  
0.12 0.89 0  
0.9 0.71 0  
0.11 0.89 0  
0.89 0.5 0  
0.88 0.11 0  
0.23 0.89 0  
0.11 0.26 0  
0.11 0.27 0  
0.79 0.89 0  
0.81 0.89 0  
0.1 0.3 0  
0.1 0.12 0  
0.56 0.1 0  
0.26 0.89 0  
0.75 0.11 0  
0.76 0.11 0  
0.51 0.1 0  
0.9 0.73 0  
0.31 0.89 0  
0.19 0.89 0  
0.71 0.11 0  
0.68 0.11 0  
0.12 0.44 0  
0.11 0.5 0  
0.89 0.47 0  
0.46 0.1 0  
0.34 0.11 0  
0.11 0.53 0  
0.9 0.24 0  
0.39 0.1 0  
0.9 0.43 0  
0.88 0.18 0  
0.88 0.17 0  
0.41 0.1 0  
0.9 0.31 0  
0.49 0.9 0  
0.7 0.9 0  
0.9 0.39 0  
0.1 0.64 0  
0.1 0.65 0  
0.13 0.11 0  
0.1 0.73 0  
0.1 0.69 0  
0.68 0.9 0  
0.24 0.11 0  
0.1 0.82 0  
0.18 0.11 0  
0.9 0.22 0  
0.83 0.88 0  
0.53 0.89 0  
0.57 0.9 0  
0.1 0.67 0  
0.1 0.58 0  
0.28 0.1 0  
0.9 0.29 0  
0.1 0.71 0  
0.1 0.84 0  
0.9 0.41 0  
0.1 0.79 0  
0.88 0.15 0  
0.9 0.2 0  
0.44 0.1 0  
0.09 0.63 0  
0.16 0.11 0  
0.25 0.1 0  
0.1 0.8 0  
0.11 0.11 0  
0.89 0.11 0  
0.1 0.62 0  
0.73 0.9 0  
0.13 0.46 0  
0.87 0.56 0  
0.11 0.64 0  
0.89 0.38 0  
0.12 0.36 0  
0.32 0.88 0  
0.7 0.12 0  
0.12 0.29 0  
0.11 0.7 0  
0.89 0.75 0  
0.75 0.12 0  
0.19 0.12 0  
0.11 0.79 0  
0.18 0.88 0  
0.8 0.12 0  
0.87 0.18 0  
0.12 0.52 0  
0.83 0.87 0  
0.65 0.12 0  
0.89 0.23 0  
0.16 0.12 0  
0.14 0.12 0  
0.38 0.88 0  
0.12 0.41 0  
0.12 0.33 0  
0.12 0.86 0  
0.89 0.78 0  
0.42 0.88 0  
0.69 0.89 0  
0.58 0.89 0  
0.89 0.41 0  
0.87 0.15 0  
0.86 0.12 0  
0.11 0.58 0  
0.85 0.87 0  
0.87 0.87 0  
0.13 0.88 0  
0.11 0.19 0  
0.88 0.46 0  
0.11 0.83 0  
0.89 0.71 0  
0.12 0.27 0  
0.88 0.5 0  
0.21 0.89 0  
0.11 0.21 0  
0.51 0.11 0  
0.11 0.68 0  
0.11 0.72 0  
0.4 0.11 0  
0.89 0.3 0  
0.88 0.13 0  
0.11 0.12 0  
0.48 0.9 0  
0.89 0.83 0  
0.12 0.87 0  
0.48 0.11 0  
0.1 0.59 0  
0.12 0.51 0  
0.28 0.89 0  
0.89 0.44 0  
0.89 0.8 0  
0.89 0.81 0  
0.46 0.9 0  
0.88 0.51 0  
0.12 0.4 0  
0.56 0.11 0  
0.57 0.11 0  
0.11 0.18 0  
0.89 0.64 0  
0.12 0.48 0  
0.3 0.89 0  
0.89 0.53 0  
0.89 0.62 0  
0.37 0.88 0  
0.63 0.12 0  
0.62 0.12 0  
0.66 0.12 0  
0.88 0.58 0  
0.88 0.47 0  
0.11 0.84 0  
0.12 0.35 0  
0.89 0.68 0  
0.17 0.89 0  
0.59 0.12 0  
0.6 0.89 0  
0.11 0.13 0  
0.61 0.89 0  
0.35 0.89 0  
0.79 0.12 0  
0.82 0.12 0  
0.11 0.23 0  
0.43 0.89 0  
0.53 0.1 0  
0.69 0.11 0  
0.26 0.88 0  
0.89 0.7 0  
0.11 0.16 0  
0.9 0.76 0  
0.12 0.88 0  
0.44 0.9 0  
0.33 0.89 0  
0.88 0.49 0  
0.87 0.11 0  
0.72 0.11 0  
0.11 0.3 0  
0.11 0.31 0  
0.2 0.89 0  
0.88 0.19 0  
0.54 0.11 0  
0.11 0.38 0  
0.15 0.89 0  
0.89 0.73 0  
0.84 0.11 0  
0.6 0.12 0  
0.11 0.14 0  
0.5 0.11 0  
0.11 0.25 0  
0.23 0.88 0  
0.67 0.12 0  
0.24 0.88 0  
0.89 0.6 0  
0.88 0.85 0  
0.74 0.11 0  
0.78 0.12 0  
0.77 0.12 0  
0.89 0.66 0  
0.12 0.47 0  
0.4 0.88 0  
0.88 0.54 0  
0.88 0.55 0  
0.12 0.43 0  
0.13 0.45 0  
0.11 0.49 0  
0.35 0.11 0  
0.42 0.11 0  
0.12 0.54 0  
0.12 0.56 0  
0.23 0.11 0  
0.89 0.42 0  
0.89 0.25 0  
0.67 0.89 0  
0.9 0.36 0  
0.11 0.66 0  
0.71 0.89 0  
0.11 0.81 0  
0.29 0.11 0  
0.5 0.89 0  
0.37 0.11 0  
0.1 0.61 0  
0.33 0.11 0  
0.89 0.27 0  
0.9 0.32 0  
0.1 0.74 0  
0.77 0.89 0  
0.65 0.89 0  
0.54 0.89 0  
0.1 0.76 0  
0.89 0.21 0  
0.31 0.11 0  
0.82 0.88 0  
0.56 0.89 0  
0.45 0.11 0  
0.27 0.11 0  
0.25 0.11 0  
0.46 0.11 0  
0.75 0.89 0  
0.8 0.89 0  
0.52 0.89 0  
0.89 0.4 0  
0.63 0.89 0  
0.39 0.11 0  
0.21 0.11 0  
0.1 0.78 0  
0.87 0.16 0  
0.9 0.34 0  
0.89 0.2 0  
0.89 0.29 0  
0.44 0.11 0  
0.17 0.12 0  
0.13 0.12 0  
0.88 0.12 0  
0.73 0.89 0  
0.1 0.63 0  
0.49 0.12 0  
0.87 0.46 0  
0.14 0.46 0  
0.52 0.88 0  
0.38 0.12 0  
0.59 0.13 0  
0.64 0.88 0  
0.42 0.87 0  
0.13 0.36 0  
0.66 0.13 0  
0.32 0.12 0  
0.88 0.65 0  
0.88 0.3 0  
0.73 0.88 0  
0.24 0.12 0  
0.26 0.87 0  
0.12 0.21 0  
0.78 0.13 0  
0.88 0.81 0  
0.12 0.17 0  
0.13 0.41 0  
0.88 0.7 0  
0.78 0.88 0  
0.43 0.12 0  
0.17 0.13 0  
0.86 0.16 0  
0.38 0.87 0  
0.47 0.89 0  
0.87 0.5 0  
0.88 0.26 0  
0.82 0.87 0  
0.87 0.19 0  
0.88 0.61 0  
0.62 0.13 0  
0.61 0.88 0  
0.55 0.88 0  
0.89 0.33 0  
0.12 0.14 0  
0.47 0.12 0  
0.29 0.88 0  
0.11 0.6 0  
0.56 0.12 0  
0.88 0.53 0  
0.88 0.59 0  
0.89 0.77 0  
0.12 0.49 0  
0.35 0.88 0  
0.69 0.12 0  
0.53 0.11 0  
0.33 0.88 0  
0.72 0.12 0  
0.2 0.88 0  
0.22 0.88 0  
0.74 0.12 0  
0.24 0.87 0  
0.12 0.25 0  
0.36 0.12 0  
0.89 0.35 0  
0.89 0.37 0  
0.3 0.12 0  
0.66 0.88 0  
0.76 0.88 0  
0.22 0.12 0  
0.2 0.12 0  
0.11 0.77 0  
0.11 0.75 0  
0.14 0.88 0  
0.14 0.13 0  
0.87 0.13 0  
0.87 0.86 0  
0.88 0.83 0  
0.88 0.84 0  
0.39 0.88 0  
0.12 0.42 0  
0.88 0.44 0  
0.11 0.59 0  
0.86 0.87 0  
0.12 0.38 0  
0.87 0.48 0  
0.12 0.37 0  
0.13 0.86 0  
0.12 0.83 0  
0.12 0.85 0  
0.88 0.63 0  
0.12 0.18 0  
0.13 0.48 0  
0.88 0.52 0  
0.84 0.87 0  
0.12 0.34 0  
0.89 0.76 0  
0.89 0.67 0  
0.16 0.88 0  
0.17 0.88 0  
0.12 0.3 0  
0.8 0.13 0  
0.12 0.5 0  
0.36 0.88 0  
0.68 0.12 0  
0.84 0.12 0  
0.83 0.12 0  
0.12 0.23 0  
0.43 0.88 0  
0.52 0.11 0  
0.88 0.68 0  
0.87 0.55 0  
0.8 0.88 0  
0.58 0.12 0  
0.12 0.28 0  
0.12 0.55 0  
0.45 0.89 0  
0.13 0.87 0  
0.19 0.88 0  
0.71 0.12 0  
0.11 0.2 0  
0.12 0.39 0  
0.89 0.74 0  
0.12 0.26 0  
0.85 0.12 0  
0.55 0.11 0  
0.27 0.88 0  
0.81 0.12 0  
0.5 0.12 0  
0.89 0.79 0  
0.64 0.12 0  
0.44 0.89 0  
0.89 0.72 0  
0.31 0.88 0  
0.12 0.15 0  
0.41 0.87 0  
0.12 0.32 0  
0.76 0.12 0  
0.6 0.13 0  
0.87 0.57 0  
0.13 0.44 0  
0.41 0.11 0  
0.34 0.12 0  
0.13 0.47 0  
0.88 0.45 0  
0.89 0.43 0  
0.88 0.28 0  
0.87 0.17 0  
0.89 0.31 0  
0.49 0.89 0  
0.12 0.53 0  
0.89 0.22 0  
0.7 0.89 0  
0.11 0.62 0  
0.59 0.89 0  
0.11 0.8 0  
0.11 0.65 0  
0.28 0.11 0  
0.12 0.57 0  
0.51 0.88 0  
0.89 0.39 0  
0.89 0.24 0  
0.15 0.12 0  
0.11 0.73 0  
0.18 0.12 0  
0.57 0.89 0  
0.68 0.89 0  
0.11 0.82 0  
0.87 0.12 0  
0.11 0.69 0  
0.81 0.88 0  
0.45 0.12 0  
0.11 0.67 0  
0.74 0.88 0  
0.11 0.71 0  
0.53 0.88 0  
0.62 0.88 0  
0.4 0.12 0  
0.88 0.2 0  
0.26 0.11 0  
0.12 0.12 0  
0.87 0.14 0  
0.11 0.78 0  
0.72 0.89 0  
0.11 0.63 0  
0.52 0.87 0  
0.49 0.13 0  
0.86 0.55 0  
0.62 0.87 0  
0.59 0.14 0  
0.42 0.86 0  
0.12 0.66 0  
0.73 0.87 0  
0.13 0.3 0  
0.88 0.76 0  
0.12 0.72 0  
0.12 0.77 0  
0.19 0.87 0  
0.88 0.38 0  
0.87 0.2 0  
0.82 0.86 0  
0.33 0.87 0  
0.71 0.13 0  
0.13 0.17 0  
0.13 0.52 0  
0.13 0.26 0  
0.85 0.13 0  
0.69 0.88 0  
0.87 0.84 0  
0.84 0.86 0  
0.39 0.87 0  
0.13 0.42 0  
0.87 0.52 0  
0.13 0.85 0  
0.13 0.34 0  
0.88 0.67 0  
0.36 0.87 0  
0.12 0.81 0  
0.83 0.13 0  
0.81 0.13 0  
0.68 0.13 0  
0.27 0.87 0  
0.52 0.12 0  
0.12 0.19 0  
0.88 0.74 0  
0.13 0.39 0  
0.13 0.37 0  
0.88 0.79 0  
0.12 0.64 0  
0.15 0.13 0  
0.12 0.68 0  
0.42 0.12 0  
0.88 0.23 0  
0.19 0.13 0  
0.88 0.31 0  
0.86 0.15 0  
0.13 0.14 0  
0.13 0.13 0  
0.86 0.14 0  
0.48 0.89 0  
0.87 0.85 0  
0.4 0.87 0  
0.13 0.43 0  
0.3 0.88 0  
0.48 0.12 0  
0.85 0.86 0  
0.13 0.51 0  
0.13 0.49 0  
0.88 0.42 0  
0.88 0.43 0  
0.88 0.62 0  
0.88 0.82 0  
0.87 0.49 0  
0.54 0.12 0  
0.55 0.12 0  
0.87 0.51 0  
0.64 0.13 0  
0.88 0.6 0  
0.65 0.13 0  
0.61 0.13 0  
0.13 0.35 0  
0.88 0.66 0  
0.87 0.45 0  
0.12 0.31 0  
0.37 0.87 0  
0.57 0.12 0  
0.12 0.82 0  
0.12 0.24 0  
0.67 0.13 0  
0.43 0.87 0  
0.51 0.12 0  
0.28 0.88 0  
0.8 0.87 0  
0.88 0.69 0  
0.34 0.88 0  
0.87 0.54 0  
0.12 0.16 0  
0.13 0.29 0  
0.17 0.87 0  
0.21 0.88 0  
0.46 0.89 0  
0.12 0.2 0  
0.73 0.12 0  
0.13 0.4 0  
0.25 0.87 0  
0.88 0.8 0  
0.14 0.87 0  
0.44 0.88 0  
0.79 0.13 0  
0.58 0.13 0  
0.15 0.88 0  
0.88 0.64 0  
0.63 0.13 0  
0.32 0.87 0  
0.88 0.71 0  
0.13 0.33 0  
0.23 0.87 0  
0.13 0.28 0  
0.12 0.22 0  
0.88 0.78 0  
0.88 0.73 0  
0.77 0.13 0  
0.75 0.13 0  
0.69 0.13 0  
0.86 0.56 0  
0.87 0.58 0  
0.14 0.47 0  
0.35 0.12 0  
0.14 0.45 0  
0.87 0.47 0  
0.46 0.12 0  
0.37 0.12 0  
0.88 0.29 0  
0.13 0.54 0  
0.13 0.56 0  
0.26 0.12 0  
0.25 0.12 0  
0.88 0.25 0  
0.5 0.88 0  
0.89 0.36 0  
0.67 0.88 0  
0.12 0.79 0  
0.71 0.88 0  
0.21 0.12 0  
0.11 0.61 0  
0.6 0.88 0  
0.58 0.88 0  
0.56 0.88 0  
0.39 0.12 0  
0.75 0.88 0  
0.29 0.12 0  
0.89 0.34 0  
0.12 0.84 0  
0.31 0.12 0  
0.11 0.74 0  
0.81 0.87 0  
0.12 0.58 0  
0.12 0.6 0  
0.88 0.4 0  
0.65 0.88 0  
0.86 0.86 0  
0.16 0.13 0  
0.88 0.27 0  
0.77 0.88 0  
0.11 0.76 0  
0.12 0.7 0  
0.86 0.13 0  
0.33 0.12 0  
0.79 0.88 0  
0.54 0.88 0  
0.63 0.88 0  
0.41 0.12 0  
0.23 0.12 0  
0.86 0.18 0  
0.86 0.17 0  
0.89 0.32 0  
0.88 0.21 0  
0.18 0.13 0  
0.44 0.12 0  
0.27 0.12 0  
0.12 0.13 0  
0.72 0.88 0  
0.12 0.62 0  
0.15 0.47 0  
0.38 0.13 0  
0.85 0.55 0  
0.87 0.66 0  
0.14 0.37 0  
0.66 0.14 0  
0.87 0.3 0  
0.33 0.86 0  
0.32 0.13 0  
0.14 0.3 0  
0.27 0.13 0  
0.27 0.86 0  
0.87 0.74 0  
0.86 0.46 0  
0.13 0.22 0  
0.77 0.14 0  
0.87 0.79 0  
0.43 0.86 0  
0.81 0.14 0  
0.13 0.81 0  
0.43 0.13 0  
0.19 0.14 0  
0.85 0.18 0  
0.87 0.26 0  
0.66 0.87 0  
0.17 0.14 0  
0.39 0.86 0  
0.14 0.42 0  
0.87 0.61 0  
0.86 0.49 0  
0.14 0.34 0  
0.58 0.14 0  
0.54 0.13 0  
0.87 0.69 0  
0.76 0.87 0  
0.22 0.13 0  
0.15 0.87 0  
0.85 0.16 0  
0.48 0.88 0  
0.3 0.87 0  
0.47 0.13 0  
0.84 0.85 0  
0.87 0.82 0  
0.13 0.16 0  
0.86 0.51 0  
0.61 0.14 0  
0.37 0.86 0  
0.68 0.14 0  
0.34 0.87 0  
0.51 0.13 0  
0.13 0.2 0  
0.25 0.86 0  
0.14 0.4 0  
0.63 0.14 0  
0.87 0.63 0  
0.36 0.13 0  
0.86 0.85 0  
0.24 0.13 0  
0.87 0.21 0  
0.88 0.33 0  
0.88 0.35 0  
0.88 0.37 0  
0.12 0.75 0  
0.16 0.87 0  
0.49 0.88 0  
0.31 0.87 0  
0.48 0.13 0  
0.13 0.38 0  
0.87 0.83 0  
0.13 0.15 0  
0.13 0.83 0  
0.13 0.84 0  
0.83 0.86 0  
0.64 0.14 0  
0.6 0.14 0  
0.88 0.77 0  
0.87 0.44 0  
0.87 0.42 0  
0.56 0.13 0  
0.44 0.87 0  
0.46 0.88 0  
0.82 0.13 0  
0.13 0.5 0  
0.13 0.25 0  
0.84 0.13 0  
0.35 0.87 0  
0.29 0.87 0  
0.5 0.13 0  
0.87 0.53 0  
0.2 0.87 0  
0.22 0.87 0  
0.18 0.87 0  
0.13 0.31 0  
0.13 0.32 0  
0.7 0.13 0  
0.13 0.55 0  
0.72 0.13 0  
0.74 0.13 0  
0.88 0.75 0  
0.13 0.27 0  
0.86 0.19 0  
0.21 0.13 0  
0.79 0.14 0  
0.28 0.87 0  
0.57 0.13 0  
0.45 0.88 0  
0.87 0.7 0  
0.14 0.86 0  
0.87 0.64 0  
0.14 0.29 0  
0.23 0.86 0  
0.88 0.72 0  
0.13 0.24 0  
0.87 0.81 0  
0.13 0.18 0  
0.76 0.13 0  
0.87 0.67 0  
0.87 0.59 0  
0.14 0.36 0  
0.86 0.54 0  
0.41 0.86 0  
0.86 0.57 0  
0.14 0.44 0  
0.4 0.13 0  
0.34 0.13 0  
0.45 0.13 0  
0.53 0.12 0  
0.15 0.46 0  
0.3 0.13 0  
0.28 0.12 0  
0.86 0.48 0  
0.14 0.48 0  
0.26 0.13 0  
0.13 0.53 0  
0.2 0.13 0  
0.51 0.87 0  
0.87 0.28 0  
0.74 0.87 0  
0.57 0.88 0  
0.7 0.88 0  
0.13 0.58 0  
0.12 0.63 0  
0.12 0.69 0  
0.13 0.57 0  
0.12 0.78 0  
0.61 0.87 0  
0.88 0.39 0  
0.12 0.59 0  
0.12 0.8 0  
0.81 0.86 0  
0.88 0.24 0  
0.12 0.65 0  
0.16 0.14 0  
0.12 0.73 0  
0.64 0.87 0  
0.78 0.87 0  
0.59 0.88 0  
0.68 0.88 0  
0.12 0.67 0  
0.63 0.87 0  
0.88 0.41 0  
0.53 0.87 0  
0.55 0.87 0  
0.79 0.87 0  
0.12 0.71 0  
0.88 0.22 0  
0.88 0.32 0  
0.14 0.14 0  
0.42 0.13 0  
0.85 0.14 0  
0.12 0.76 0  
0.12 0.61 0  
0.72 0.87 0  
0.43 0.85 0  
0.49 0.14 0  
0.16 0.47 0  
0.64 0.86 0  
0.58 0.15 0  
0.15 0.37 0  
0.86 0.66 0  
0.13 0.68 0  
0.15 0.3 0  
0.27 0.14 0  
0.73 0.86 0  
0.13 0.75 0  
0.18 0.86 0  
0.14 0.52 0  
0.63 0.15 0  
0.14 0.25 0  
0.14 0.83 0  
0.87 0.38 0  
0.13 0.64 0  
0.86 0.82 0  
0.14 0.17 0  
0.86 0.69 0  
0.71 0.14 0  
0.85 0.54 0  
0.13 0.72 0  
0.17 0.15 0  
0.14 0.15 0  
0.49 0.87 0  
0.31 0.86 0  
0.53 0.13 0  
0.6 0.15 0  
0.87 0.77 0  
0.13 0.79 0  
0.86 0.53 0  
0.87 0.75 0  
0.22 0.86 0  
0.14 0.85 0  
0.13 0.62 0  
0.62 0.86 0  
0.85 0.19 0  
0.87 0.23 0  
0.29 0.13 0  
0.15 0.86 0  
0.84 0.14 0  
0.82 0.14 0  
0.5 0.87 0  
0.4 0.86 0  
0.14 0.43 0  
0.32 0.86 0  
0.82 0.85 0  
0.47 0.14 0  
0.87 0.6 0  
0.14 0.51 0  
0.14 0.49 0  
0.83 0.85 0  
0.14 0.39 0  
0.87 0.4 0  
0.87 0.41 0  
0.52 0.13 0  
0.14 0.32 0  
0.86 0.5 0  
0.14 0.35 0  
0.87 0.78 0  
0.14 0.33 0  
0.87 0.65 0  
0.14 0.27 0  
0.87 0.43 0  
0.44 0.86 0  
0.46 0.87 0  
0.38 0.86 0  
0.55 0.13 0  
0.56 0.14 0  
0.67 0.14 0  
0.34 0.86 0  
0.3 0.86 0  
0.87 0.68 0  
0.5 0.14 0  
0.13 0.8 0  
0.86 0.52 0  
0.14 0.31 0  
0.19 0.86 0  
0.13 0.21 0  
0.14 0.28 0  
0.47 0.88 0  
0.87 0.8 0  
0.26 0.86 0  
0.86 0.21 0  
0.28 0.86 0  
0.14 0.41 0  
0.8 0.14 0  
0.21 0.87 0  
0.13 0.23 0  
0.62 0.14 0  
0.73 0.13 0  
0.76 0.14 0  
0.87 0.71 0  
0.87 0.73 0  
0.24 0.86 0  
0.13 0.19 0  
0.87 0.62 0  
0.57 0.14 0  
0.16 0.86 0  
0.65 0.14 0  
0.86 0.84 0  
0.14 0.38 0  
0.78 0.14 0  
0.36 0.86 0  
0.74 0.14 0  
0.69 0.14 0  
0.45 0.87 0  
0.42 0.85 0  
0.86 0.58 0  
0.85 0.56 0  
0.39 0.13 0  
0.15 0.45 0  
0.31 0.13 0  
0.35 0.13 0  
0.86 0.44 0  
0.44 0.13 0  
0.41 0.13 0  
0.86 0.45 0  
0.86 0.47 0  
0.15 0.48 0  
0.87 0.31 0  
0.46 0.13 0  
0.14 0.54 0  
0.14 0.56 0  
0.25 0.13 0  
0.86 0.2 0  
0.87 0.25 0  
0.85 0.17 0  
0.18 0.14 0  
0.13 0.77 0  
0.12 0.74 0  
0.54 0.87 0  
0.77 0.87 0  
0.87 0.29 0  
0.13 0.7 0  
0.88 0.36 0  
0.88 0.34 0  
0.67 0.87 0  
0.37 0.13 0  
0.14 0.58 0  
0.13 0.6 0  
0.75 0.87 0  
0.13 0.82 0  
0.65 0.87 0  
0.79 0.86 0  
0.13 0.59 0  
0.8 0.86 0  
0.87 0.27 0  
0.13 0.66 0  
0.6 0.87 0  
0.58 0.87 0  
0.69 0.87 0  
0.33 0.13 0  
0.85 0.85 0  
0.56 0.87 0  
0.23 0.13 0  
0.87 0.22 0  
0.2 0.14 0  
0.22 0.14 0  
0.28 0.13 0  
0.87 0.33 0  
0.15 0.14 0  
0.85 0.15 0  
0.71 0.87 0  
0.84 0.54 0  
0.43 0.84 0  
0.49 0.15 0  
0.36 0.14 0  
0.34 0.85 0  
0.86 0.3 0  
0.28 0.85 0  
0.86 0.75 0  
0.53 0.86 0  
0.22 0.85 0  
0.14 0.79 0  
0.76 0.15 0  
0.85 0.46 0  
0.42 0.14 0  
0.14 0.2 0  
0.8 0.15 0  
0.68 0.15 0  
0.18 0.85 0  
0.84 0.19 0  
0.39 0.85 0  
0.5 0.86 0  
0.15 0.42 0  
0.86 0.61 0  
0.82 0.84 0  
0.86 0.79 0  
0.15 0.34 0  
0.85 0.5 0  
0.16 0.48 0  
0.15 0.52 0  
0.3 0.14 0  
0.84 0.16 0  
0.32 0.85 0  
0.79 0.85 0  
0.52 0.14 0  
0.62 0.15 0  
0.81 0.85 0  
0.86 0.68 0  
0.47 0.87 0  
0.15 0.28 0  
0.26 0.85 0  
0.73 0.14 0  
0.14 0.23 0  
0.65 0.15 0  
0.37 0.85 0  
0.34 0.14 0  
0.4 0.14 0  
0.86 0.28 0  
0.19 0.15 0  
0.86 0.26 0  
0.66 0.86 0  
0.76 0.86 0  
0.24 0.14 0  
0.28 0.14 0  
0.87 0.35 0  
0.87 0.37 0  
0.15 0.15 0  
0.13 0.73 0  
0.15 0.85 0  
0.14 0.16 0  
0.45 0.14 0  
0.46 0.14 0  
0.86 0.83 0  
0.51 0.14 0  
0.61 0.15 0  
0.14 0.81 0  
0.14 0.82 0  
0.59 0.15 0  
0.86 0.64 0  
0.86 0.65 0  
0.86 0.78 0  
0.15 0.33 0  
0.15 0.31 0  
0.86 0.42 0  
0.86 0.4 0  
0.86 0.43 0  
0.44 0.85 0  
0.46 0.86 0  
0.54 0.14 0  
0.83 0.14 0  
0.85 0.52 0  
0.14 0.26 0  
0.66 0.15 0  
0.86 0.67 0  
0.35 0.86 0  
0.7 0.14 0  
0.31 0.85 0  
0.17 0.86 0  
0.48 0.87 0  
0.14 0.22 0  
0.87 0.76 0  
0.15 0.29 0  
0.14 0.55 0  
0.29 0.86 0  
0.82 0.15 0  
0.2 0.86 0  
0.14 0.24 0  
0.72 0.14 0  
0.21 0.86 0  
0.55 0.14 0  
0.86 0.7 0  
0.25 0.85 0  
0.15 0.38 0  
0.15 0.4 0  
0.87 0.72 0  
0.64 0.15 0  
0.14 0.84 0  
0.57 0.15 0  
0.24 0.85 0  
0.45 0.86 0  
0.78 0.15 0  
0.86 0.81 0  
0.14 0.18 0  
0.86 0.74 0  
0.75 0.14 0  
0.85 0.53 0  
0.15 0.36 0  
0.86 0.62 0  
0.86 0.59 0  
0.85 0.57 0  
0.84 0.55 0  
0.41 0.85 0  
0.15 0.44 0  
0.16 0.46 0  
0.26 0.14 0  
0.48 0.14 0  
0.85 0.44 0  
0.38 0.14 0  
0.85 0.48 0  
0.14 0.53 0  
0.32 0.14 0  
0.87 0.32 0  
0.55 0.86 0  
0.83 0.84 0  
0.87 0.24 0  
0.14 0.5 0  
0.84 0.18 0  
0.13 0.71 0  
0.71 0.86 0  
0.72 0.86 0  
0.13 0.76 0  
0.14 0.57 0  
0.68 0.87 0  
0.13 0.63 0  
0.74 0.86 0  
0.59 0.87 0  
0.13 0.69 0  
0.13 0.65 0  
0.13 0.78 0  
0.63 0.86 0  
0.87 0.39 0  
0.15 0.49 0  
0.18 0.15 0  
0.14 0.59 0  
0.61 0.86 0  
0.13 0.67 0  
0.57 0.87 0  
0.84 0.84 0  
0.85 0.84 0  
0.65 0.86 0  
0.78 0.86 0  
0.23 0.14 0  
0.85 0.2 0  
0.86 0.23 0  
0.86 0.22 0  
0.21 0.14 0  
0.87 0.34 0  
0.43 0.14 0  
0.16 0.15 0  
0.84 0.15 0  
0.13 0.61 0  
0.13 0.74 0  
0.7 0.87 0  
0.83 0.54 0  
0.17 0.48 0  
0.64 0.85 0  
0.57 0.16 0  
0.64 0.16 0  
0.16 0.38 0  
0.85 0.65 0  
0.14 0.66 0  
0.32 0.84 0  
0.16 0.31 0  
0.27 0.15 0  
0.71 0.85 0  
0.85 0.75 0  
0.14 0.72 0  
0.26 0.84 0  
0.15 0.24 0  
0.85 0.79 0  
0.82 0.83 0  
0.19 0.16 0  
0.85 0.69 0  
0.15 0.81 0  
0.83 0.19 0  
0.6 0.16 0  
0.71 0.15 0  
0.86 0.33 0  
0.85 0.82 0  
0.22 0.15 0  
0.14 0.62 0  
0.14 0.75 0  
0.16 0.85 0  
0.15 0.17 0  
0.51 0.86 0  
0.86 0.38 0  
0.51 0.15 0  
0.35 0.85 0  
0.47 0.15 0  
0.16 0.29 0  
0.29 0.85 0  
0.54 0.15 0  
0.73 0.15 0  
0.75 0.15 0  
0.56 0.15 0  
0.44 0.84 0  
0.14 0.7 0  
0.15 0.5 0  
0.73 0.85 0  
0.62 0.85 0  
0.78 0.85 0  
0.86 0.25 0  
0.2 0.15 0  
0.14 0.6 0  
0.69 0.86 0  
0.17 0.85 0  
0.84 0.83 0  
0.17 0.16 0  
0.16 0.16 0  
0.83 0.16 0  
0.52 0.86 0  
0.4 0.85 0  
0.15 0.43 0  
0.33 0.85 0  
0.45 0.15 0  
0.86 0.6 0  
0.15 0.54 0  
0.15 0.53 0  
0.85 0.49 0  
0.15 0.41 0  
0.86 0.39 0  
0.5 0.15 0  
0.46 0.85 0  
0.48 0.86 0  
0.61 0.16 0  
0.15 0.35 0  
0.58 0.16 0  
0.8 0.85 0  
0.15 0.83 0  
0.15 0.26 0  
0.85 0.42 0  
0.85 0.67 0  
0.15 0.27 0  
0.84 0.52 0  
0.36 0.85 0  
0.53 0.14 0  
0.65 0.16 0  
0.15 0.32 0  
0.48 0.15 0  
0.85 0.51 0  
0.15 0.23 0  
0.86 0.77 0  
0.14 0.77 0  
0.14 0.78 0  
0.49 0.86 0  
0.3 0.85 0  
0.27 0.85 0  
0.86 0.8 0  
0.15 0.56 0  
0.19 0.85 0  
0.21 0.85 0  
0.81 0.15 0  
0.86 0.63 0  
0.14 0.19 0  
0.15 0.39 0  
0.86 0.72 0  
0.86 0.73 0  
0.81 0.84 0  
0.25 0.84 0  
0.86 0.76 0  
0.79 0.15 0  
0.67 0.15 0  
0.38 0.85 0  
0.23 0.85 0  
0.14 0.21 0  
0.16 0.37 0  
0.86 0.71 0  
0.77 0.15 0  
0.69 0.15 0  
0.85 0.58 0  
0.62 0.16 0  
0.47 0.86 0  
0.84 0.53 0  
0.84 0.56 0  
0.85 0.45 0  
0.16 0.45 0  
0.42 0.84 0  
0.25 0.14 0  
0.17 0.47 0  
0.44 0.14 0  
0.85 0.47 0  
0.84 0.17 0  
0.86 0.41 0  
0.39 0.14 0  
0.35 0.14 0  
0.85 0.43 0  
0.54 0.86 0  
0.41 0.14 0  
0.45 0.85 0  
0.86 0.31 0  
0.87 0.36 0  
0.31 0.14 0  
0.84 0.2 0  
0.85 0.23 0  
0.15 0.16 0  
0.56 0.86 0  
0.58 0.86 0  
0.15 0.51 0  
0.15 0.58 0  
0.86 0.29 0  
0.37 0.14 0  
0.67 0.86 0  
0.14 0.64 0  
0.6 0.86 0  
0.83 0.15 0  
0.16 0.49 0  
0.14 0.68 0  
0.14 0.8 0  
0.15 0.84 0  
0.75 0.86 0  
0.85 0.83 0  
0.86 0.27 0  
0.33 0.14 0  
0.66 0.85 0  
0.77 0.86 0  
0.24 0.15 0  
0.85 0.21 0  
0.86 0.24 0  
0.29 0.14 0  
0.86 0.35 0  
0.14 0.73 0  
0.7 0.86 0  
0.18 0.48 0  
0.44 0.83 0  
0.47 0.16 0  
0.17 0.38 0  
0.57 0.17 0  
0.84 0.44 0  
0.64 0.17 0  
0.34 0.15 0  
0.85 0.3 0  
0.26 0.83 0  
0.15 0.72 0  
0.53 0.85 0  
0.16 0.24 0  
0.75 0.16 0  
0.4 0.15 0  
0.16 0.54 0  
0.5 0.85 0  
0.79 0.16 0  
0.38 0.84 0  
0.68 0.16 0  
0.18 0.84 0  
0.81 0.83 0  
0.16 0.42 0  
0.5 0.16 0  
0.6 0.17 0  
0.83 0.2 0  
0.85 0.26 0  
0.3 0.15 0  
0.78 0.84 0  
0.85 0.6 0  
0.85 0.8 0  
0.16 0.35 0  
0.15 0.79 0  
0.16 0.27 0  
0.85 0.4 0  
0.53 0.15 0  
0.36 0.84 0  
0.29 0.84 0  
0.15 0.19 0  
0.85 0.71 0  
0.85 0.62 0  
0.85 0.64 0  
0.84 0.46 0  
0.84 0.48 0  
0.38 0.15 0  
0.16 0.52 0  
0.16 0.5 0  
0.84 0.82 0  
0.67 0.85 0  
0.26 0.15 0  
0.76 0.85 0  
0.85 0.24 0  
0.2 0.16 0  
0.28 0.15 0  
0.86 0.37 0  
0.83 0.18 0  
0.16 0.84 0  
0.82 0.16 0  
0.52 0.85 0  
0.4 0.84 0  
0.41 0.84 0  
0.34 0.84 0  
0.43 0.15 0  
0.44 0.15 0  
0.85 0.59 0  
0.84 0.49 0  
0.84 0.51 0  
0.85 0.38 0  
0.46 0.84 0  
0.48 0.85 0  
0.85 0.81 0  
0.16 0.36 0  
0.15 0.8 0  
0.79 0.84 0  
0.8 0.84 0  
0.16 0.28 0  
0.85 0.41 0  
0.52 0.15 0  
0.85 0.66 0  
0.16 0.33 0  
0.7 0.15 0  
0.33 0.84 0  
0.85 0.78 0  
0.85 0.76 0  
0.16 0.3 0  
0.56 0.16 0  
0.28 0.84 0  
0.15 0.77 0  
0.84 0.21 0  
0.2 0.85 0  
0.15 0.55 0  
0.15 0.25 0  
0.81 0.16 0  
0.72 0.15 0  
0.74 0.15 0  
0.27 0.84 0  
0.15 0.18 0  
0.85 0.72 0  
0.85 0.74 0  
0.85 0.68 0  
0.16 0.4 0  
0.16 0.39 0  
0.63 0.16 0  
0.85 0.7 0  
0.55 0.15 0  
0.15 0.2 0  
0.15 0.22 0  
0.16 0.32 0  
0.76 0.16 0  
0.23 0.84 0  
0.21 0.84 0  
0.24 0.84 0  
0.47 0.85 0  
0.31 0.84 0  
0.15 0.82 0  
0.78 0.16 0  
0.61 0.17 0  
0.59 0.16 0  
0.66 0.16 0  
0.83 0.53 0  
0.84 0.57 0  
0.16 0.44 0  
0.49 0.16 0  
0.45 0.84 0  
0.17 0.46 0  
0.23 0.15 0  
0.83 0.55 0  
0.46 0.15 0  
0.18 0.16 0  
0.43 0.83 0  
0.85 0.22 0  
0.32 0.15 0  
0.86 0.34 0  
0.36 0.15 0  
0.55 0.85 0  
0.84 0.42 0  
0.68 0.86 0  
0.86 0.32 0  
0.65 0.85 0  
0.61 0.85 0  
0.14 0.63 0  
0.15 0.59 0  
0.74 0.85 0  
0.14 0.71 0  
0.14 0.69 0  
0.15 0.57 0  
0.14 0.76 0  
0.14 0.74 0  
0.85 0.28 0  
0.17 0.49 0  
0.72 0.85 0  
0.59 0.86 0  
0.14 0.65 0  
0.63 0.85 0  
0.57 0.86 0  
0.83 0.83 0  
0.14 0.67 0  
0.77 0.85 0  
0.25 0.15 0  
0.21 0.15 0  
0.86 0.36 0  
0.42 0.15 0  
0.16 0.17 0  
0.83 0.17 0  
0.14 0.61 0  
0.7 0.85 0  
0.82 0.53 0  
0.44 0.82 0  
0.62 0.84 0  
0.6 0.18 0  
0.34 0.83 0  
0.84 0.64 0  
0.15 0.66 0  
0.17 0.32 0  
0.84 0.7 0  
0.71 0.84 0  
0.27 0.16 0  
0.84 0.75 0  
0.75 0.17 0  
0.56 0.17 0  
0.16 0.79 0  
0.84 0.79 0  
0.79 0.17 0  
0.17 0.28 0  
0.19 0.17 0  
0.81 0.82 0  
0.82 0.19 0  
0.71 0.16 0  
0.85 0.33 0  
0.18 0.49 0  
0.83 0.21 0  
0.16 0.19 0  
0.15 0.62 0  
0.16 0.81 0  
0.84 0.81 0  
0.41 0.83 0  
0.78 0.83 0  
0.84 0.59 0  
0.17 0.36 0  
0.53 0.16 0  
0.63 0.17 0  
0.84 0.66 0  
0.16 0.25 0  
0.45 0.16 0  
0.2 0.84 0  
0.15 0.75 0  
0.24 0.83 0  
0.32 0.83 0  
0.73 0.84 0  
0.64 0.84 0  
0.66 0.84 0  
0.15 0.68 0  
0.83 0.82 0  
0.84 0.23 0  
0.22 0.16 0  
0.82 0.17 0  
0.15 0.6 0  
0.68 0.85 0  
0.16 0.18 0  
0.16 0.43 0  
0.42 0.83 0  
0.35 0.84 0  
0.43 0.16 0  
0.84 0.58 0  
0.16 0.56 0  
0.16 0.55 0  
0.79 0.83 0  
0.16 0.34 0  
0.46 0.83 0  
0.48 0.84 0  
0.17 0.37 0  
0.17 0.5 0  
0.85 0.63 0  
0.17 0.3 0  
0.84 0.4 0  
0.62 0.17 0  
0.37 0.84 0  
0.16 0.26 0  
0.46 0.16 0  
0.84 0.5 0  
0.3 0.84 0  
0.19 0.84 0  
0.49 0.85 0  
0.27 0.83 0  
0.29 0.83 0  
0.17 0.84 0  
0.59 0.17 0  
0.58 0.17 0  
0.84 0.68 0  
0.73 0.16 0  
0.84 0.71 0  
0.85 0.77 0  
0.17 0.39 0  
0.15 0.76 0  
0.22 0.84 0  
0.8 0.16 0  
0.67 0.16 0  
0.25 0.83 0  
0.54 0.16 0  
0.15 0.21 0  
0.39 0.84 0  
0.85 0.73 0  
0.85 0.61 0  
0.74 0.16 0  
0.16 0.23 0  
0.65 0.17 0  
0.77 0.16 0  
0.16 0.41 0  
0.55 0.16 0  
0.69 0.16 0  
0.83 0.52 0  
0.51 0.16 0  
0.83 0.56 0  
0.48 0.16 0  
0.31 0.15 0  
0.82 0.54 0  
0.17 0.45 0  
0.84 0.47 0  
0.84 0.43 0  
0.24 0.16 0  
0.18 0.47 0  
0.85 0.39 0  
0.35 0.15 0  
0.85 0.31 0  
0.85 0.35 0  
0.85 0.37 0  
0.45 0.83 0  
0.84 0.45 0  
0.54 0.85 0  
0.51 0.85 0  
0.84 0.41 0  
0.39 0.15 0  
0.15 0.64 0  
0.16 0.53 0  
0.15 0.73 0  
0.41 0.15 0  
0.6 0.85 0  
0.58 0.85 0  
0.15 0.78 0  
0.47 0.84 0  
0.75 0.85 0  
0.8 0.83 0  
0.15 0.7 0  
0.16 0.51 0  
0.16 0.58 0  
0.85 0.29 0  
0.37 0.15 0  
0.85 0.27 0  
0.33 0.15 0  
0.16 0.83 0  
0.56 0.85 0  
0.26 0.16 0  
0.77 0.84 0  
0.84 0.22 0  
0.85 0.25 0  
0.21 0.16 0  
0.29 0.15 0  
0.17 0.17 0  
0.15 0.71 0  
0.69 0.85 0  
0.19 0.48 0  
0.81 0.53 0  
0.45 0.17 0  
0.18 0.39 0  
0.36 0.16 0  
0.83 0.4 0  
0.83 0.7 0  
0.84 0.3 0  
0.16 0.7 0  
0.27 0.82 0  
0.27 0.17 0  
0.17 0.24 0  
0.53 0.84 0  
0.83 0.46 0  
0.5 0.17 0  
0.2 0.83 0  
0.64 0.18 0  
0.68 0.17 0  
0.77 0.83 0  
0.38 0.83 0  
0.83 0.49 0  
0.18 0.5 0  
0.17 0.54 0  
0.4 0.16 0  
0.84 0.26 0  
0.3 0.16 0  
0.17 0.43 0  
0.42 0.82 0  
0.83 0.58 0  
0.18 0.37 0  
0.16 0.77 0  
0.84 0.38 0  
0.3 0.83 0  
0.8 0.17 0  
0.25 0.82 0  
0.84 0.61 0  
0.84 0.63 0  
0.83 0.51 0  
0.47 0.17 0  
0.32 0.16 0  
0.83 0.42 0  
0.16 0.72 0  
0.83 0.81 0  
0.84 0.24 0  
0.69 0.84 0  
0.17 0.83 0  
0.84 0.8 0  
0.17 0.18 0  
0.52 0.84 0  
0.17 0.44 0  
0.43 0.82 0  
0.36 0.83 0  
0.83 0.57 0  
0.17 0.56 0  
0.17 0.35 0  
0.17 0.33 0  
0.59 0.18 0  
0.57 0.18 0  
0.55 0.17 0  
0.53 0.17 0  
0.16 0.78 0  
0.17 0.41 0  
0.17 0.29 0  
0.62 0.18 0  
0.52 0.16 0  
0.84 0.39 0  
0.7 0.16 0  
0.61 0.18 0  
0.31 0.83 0  
0.17 0.26 0  
0.84 0.65 0  
0.17 0.27 0  
0.35 0.83 0  
0.17 0.31 0  
0.5 0.84 0  
0.28 0.83 0  
0.72 0.16 0  
0.84 0.67 0  
0.84 0.78 0  
0.84 0.76 0  
0.17 0.4 0  
0.81 0.17 0  
0.16 0.75 0  
0.22 0.83 0  
0.84 0.69 0  
0.74 0.17 0  
0.16 0.21 0  
0.16 0.22 0  
0.84 0.73 0  
0.84 0.74 0  
0.84 0.6 0  
0.33 0.83 0  
0.23 0.83 0  
0.77 0.17 0  
0.78 0.17 0  
0.18 0.83 0  
0.16 0.2 0  
0.84 0.72 0  
0.49 0.84 0  
0.76 0.17 0  
0.66 0.17 0  
0.4 0.83 0  
0.28 0.16 0  
0.82 0.52 0  
0.82 0.55 0  
0.49 0.17 0  
0.18 0.46 0  
0.16 0.8 0  
0.83 0.48 0  
0.21 0.17 0  
0.2 0.17 0  
0.44 0.16 0  
0.83 0.44 0  
0.23 0.16 0  
0.85 0.34 0  
0.84 0.28 0  
0.25 0.16 0  
0.82 0.21 0  
0.82 0.2 0  
0.38 0.16 0  
0.34 0.16 0  
0.17 0.52 0  
0.55 0.84 0  
0.57 0.85 0  
0.16 0.82 0  
0.15 0.63 0  
0.45 0.82 0  
0.15 0.69 0  
0.15 0.74 0  
0.74 0.84 0  
0.67 0.84 0  
0.47 0.83 0  
0.16 0.59 0  
0.85 0.32 0  
0.15 0.65 0  
0.65 0.84 0  
0.61 0.84 0  
0.16 0.57 0  
0.8 0.82 0  
0.78 0.82 0  
0.17 0.51 0  
0.59 0.85 0  
0.72 0.84 0  
0.63 0.84 0  
0.42 0.16 0  
0.15 0.67 0  
0.82 0.82 0  
0.76 0.84 0  
0.83 0.22 0  
0.85 0.36 0  
0.18 0.17 0  
0.82 0.18 0  
0.15 0.61 0  
0.7 0.84 0  
0.45 0.81 0  
0.62 0.83 0  
0.36 0.82 0  
0.59 0.19 0  
0.69 0.83 0  
0.18 0.31 0  
0.18 0.27 0  
0.83 0.75 0  
0.74 0.18 0  
0.21 0.18 0  
0.17 0.77 0  
0.83 0.63 0  
0.16 0.64 0  
0.77 0.18 0  
0.81 0.21 0  
0.32 0.82 0  
0.17 0.21 0  
0.83 0.79 0  
0.77 0.82 0  
0.73 0.83 0  
0.83 0.66 0  
0.81 0.52 0  
0.82 0.48 0  
0.84 0.33 0  
0.8 0.18 0  
0.66 0.83 0  
0.8 0.81 0  
0.18 0.44 0  
0.43 0.81 0  
0.82 0.57 0  
0.52 0.17 0  
0.7 0.17 0  
0.61 0.19 0  
0.3 0.82 0  
0.28 0.82 0  
0.83 0.6 0  
0.83 0.72 0  
0.16 0.74 0  
0.25 0.17 0  
0.17 0.79 0  
0.16 0.66 0  
0.84 0.35 0  
0.84 0.37 0  
0.28 0.17 0  
0.16 0.62 0  
0.17 0.82 0  
0.83 0.8 0  
0.81 0.19 0  
0.18 0.45 0  
0.37 0.83 0  
0.82 0.56 0  
0.17 0.58 0  
0.17 0.57 0  
0.18 0.29 0  
0.18 0.36 0  
0.58 0.18 0  
0.18 0.38 0  
0.84 0.62 0  
0.54 0.17 0  
0.51 0.17 0  
0.69 0.17 0  
0.83 0.39 0  
0.39 0.83 0  
0.83 0.64 0  
0.76 0.83 0  
0.43 0.17 0  
0.44 0.17 0  
0.18 0.33 0  
0.19 0.83 0  
0.83 0.68 0  
0.83 0.69 0  
0.51 0.84 0  
0.71 0.17 0  
0.18 0.4 0  
0.21 0.83 0  
0.67 0.17 0  
0.26 0.82 0  
0.83 0.74 0  
0.82 0.51 0  
0.17 0.34 0  
0.84 0.77 0  
0.34 0.82 0  
0.16 0.73 0  
0.17 0.25 0  
0.83 0.71 0  
0.83 0.59 0  
0.73 0.17 0  
0.63 0.18 0  
0.23 0.82 0  
0.24 0.82 0  
0.17 0.42 0  
0.17 0.19 0  
0.17 0.23 0  
0.75 0.18 0  
0.65 0.18 0  
0.79 0.18 0  
0.55 0.18 0  
0.56 0.18 0  
0.83 0.5 0  
0.46 0.17 0  
0.41 0.82 0  
0.19 0.18 0  
0.19 0.5 0  
0.48 0.17 0  
0.83 0.43 0  
0.24 0.17 0  
0.83 0.47 0  
0.19 0.49 0  
0.81 0.54 0  
0.39 0.16 0  
0.19 0.47 0  
0.83 0.41 0  
0.84 0.31 0  
0.84 0.27 0  
0.26 0.17 0  
0.31 0.16 0  
0.17 0.53 0  
0.35 0.16 0  
0.54 0.84 0  
0.83 0.45 0  
0.16 0.76 0  
0.64 0.83 0  
0.71 0.83 0  
0.47 0.82 0  
0.5 0.83 0  
0.48 0.83 0  
0.46 0.82 0  
0.16 0.68 0  
0.68 0.84 0  
0.17 0.55 0  
0.16 0.6 0  
0.41 0.16 0  
0.82 0.22 0  
0.16 0.71 0  
0.79 0.82 0  
0.18 0.51 0  
0.37 0.16 0  
0.84 0.29 0  
0.6 0.84 0  
0.58 0.84 0  
0.33 0.16 0  
0.17 0.81 0  
0.56 0.84 0  
0.81 0.81 0  
0.82 0.81 0  
0.75 0.84 0  
0.83 0.23 0  
0.84 0.25 0  
0.22 0.17 0  
0.29 0.16 0  
0.18 0.18 0  
0.81 0.18 0  
0.16 0.69 0  
0.2 0.5 0  
0.8 0.52 0  
0.43 0.18 0  
0.19 0.4 0  
0.82 0.4 0  
0.82 0.63 0  
0.34 0.17 0  
0.82 0.68 0  
0.17 0.68 0  
0.28 0.81 0  
0.83 0.3 0  
0.17 0.72 0  
0.28 0.18 0  
0.81 0.22 0  
0.82 0.75 0  
0.24 0.81 0  
0.74 0.19 0  
0.18 0.24 0  
0.18 0.56 0  
0.47 0.18 0  
0.83 0.26 0  
0.53 0.83 0  
0.19 0.37 0  
0.76 0.82 0  
0.5 0.18 0  
0.7 0.18 0  
0.64 0.19 0  
0.4 0.17 0  
0.19 0.82 0  
0.19 0.45 0  
0.81 0.56 0  
0.82 0.46 0  
0.83 0.62 0  
0.17 0.75 0  
0.52 0.18 0  
0.54 0.18 0  
0.39 0.82 0  
0.37 0.82 0  
0.67 0.18 0  
0.18 0.34 0  
0.82 0.59 0  
0.82 0.7 0  
0.82 0.5 0  
0.38 0.17 0  
0.82 0.42 0  
0.2 0.48 0  
0.26 0.18 0  
0.18 0.54 0  
0.48 0.82 0  
0.78 0.81 0  
0.75 0.83 0  
0.32 0.17 0  
0.8 0.8 0  
0.82 0.8 0  
0.22 0.18 0  
0.83 0.24 0  
0.67 0.83 0  
0.18 0.81 0  
0.8 0.19 0  
0.19 0.46 0  
0.44 0.81 0  
0.81 0.55 0  
0.82 0.47 0  
0.18 0.58 0  
0.18 0.42 0  
0.57 0.19 0  
0.58 0.19 0  
0.19 0.39 0  
0.19 0.51 0  
0.83 0.61 0  
0.17 0.76 0  
0.18 0.3 0  
0.6 0.19 0  
0.31 0.82 0  
0.83 0.38 0  
0.4 0.82 0  
0.18 0.28 0  
0.18 0.32 0  
0.29 0.82 0  
0.52 0.83 0  
0.83 0.65 0  
0.18 0.41 0  
0.2 0.82 0  
0.22 0.82 0  
0.17 0.22 0  
0.66 0.18 0  
0.27 0.81 0  
0.18 0.35 0  
0.72 0.17 0  
0.81 0.51 0  
0.83 0.78 0  
0.83 0.76 0  
0.76 0.18 0  
0.82 0.71 0  
0.82 0.58 0  
0.35 0.82 0  
0.17 0.73 0  
0.83 0.67 0  
0.18 0.43 0  
0.73 0.18 0  
0.17 0.2 0  
0.83 0.73 0  
0.33 0.82 0  
0.18 0.26 0  
0.26 0.81 0  
0.55 0.19 0  
0.78 0.18 0  
0.68 0.18 0  
0.82 0.49 0  
0.45 0.18 0  
0.62 0.19 0  
0.2 0.18 0  
0.51 0.83 0  
0.49 0.18 0  
0.23 0.17 0  
0.42 0.81 0  
0.8 0.53 0  
0.82 0.44 0  
0.25 0.18 0  
0.81 0.2 0  
0.83 0.28 0  
0.84 0.36 0  
0.3 0.17 0  
0.82 0.23 0  
0.36 0.17 0  
0.55 0.83 0  
0.17 0.8 0  
0.57 0.84 0  
0.63 0.83 0  
0.16 0.61 0  
0.17 0.7 0  
0.17 0.78 0  
0.7 0.83 0  
0.16 0.67 0  
0.46 0.81 0  
0.59 0.84 0  
0.49 0.83 0  
0.84 0.32 0  
0.17 0.6 0  
0.17 0.59 0  
0.65 0.83 0  
0.18 0.52 0  
0.79 0.81 0  
0.18 0.82 0  
0.72 0.83 0  
0.74 0.83 0  
0.42 0.17 0  
0.61 0.83 0  
0.16 0.65 0  
0.84 0.34 0  
0.18 0.19 0  
0.29 0.17 0  
0.16 0.63 0  
0.68 0.83 0  
0.79 0.52 0  
0.57 0.2 0  
0.62 0.82 0  
0.46 0.8 0  
0.2 0.4 0  
0.36 0.81 0  
0.67 0.82 0  
0.81 0.7 0  
0.19 0.32 0  
0.71 0.82 0  
0.28 0.8 0  
0.18 0.72 0  
0.19 0.28 0  
0.26 0.19 0  
0.18 0.75 0  
0.22 0.19 0  
0.81 0.46 0  
0.61 0.2 0  
0.18 0.22 0  
0.43 0.8 0  
0.32 0.81 0  
0.83 0.35 0  
0.73 0.19 0  
0.67 0.19 0  
0.2 0.51 0  
0.18 0.79 0  
0.81 0.23 0  
0.18 0.2 0  
0.2 0.46 0  
0.8 0.55 0  
0.19 0.43 0  
0.54 0.19 0  
0.4 0.81 0  
0.83 0.37 0  
0.82 0.76 0  
0.82 0.65 0  
0.82 0.67 0  
0.19 0.41 0  
0.72 0.18 0  
0.19 0.35 0  
0.76 0.19 0  
0.8 0.21 0  
0.81 0.58 0  
0.17 0.62 0  
0.42 0.18 0  
0.73 0.82 0  
0.75 0.82 0  
0.83 0.33 0  
0.24 0.18 0  
0.17 0.66 0  
0.19 0.81 0  
0.2 0.47 0  
0.45 0.8 0  
0.38 0.82 0  
0.8 0.54 0  
0.18 0.59 0  
0.82 0.62 0  
0.48 0.81 0  
0.52 0.82 0  
0.5 0.82 0  
0.19 0.38 0  
0.53 0.18 0  
0.69 0.18 0  
0.19 0.31 0  
0.51 0.18 0  
0.34 0.81 0  
0.59 0.2 0  
0.41 0.81 0  
0.19 0.52 0  
0.3 0.81 0  
0.82 0.64 0  
0.18 0.23 0  
0.71 0.18 0  
0.19 0.36 0  
0.18 0.25 0  
0.75 0.19 0  
0.82 0.79 0  
0.21 0.82 0  
0.8 0.51 0  
0.81 0.48 0  
0.81 0.5 0  
0.81 0.57 0  
0.83 0.77 0  
0.63 0.19 0  
0.25 0.81 0  
0.82 0.73 0  
0.82 0.74 0  
0.82 0.69 0  
0.19 0.44 0  
0.19 0.27 0  
0.27 0.8 0  
0.29 0.81 0  
0.78 0.19 0  
0.79 0.19 0  
0.82 0.72 0  
0.22 0.81 0  
0.23 0.81 0  
0.19 0.3 0  
0.19 0.34 0  
0.65 0.19 0  
0.82 0.6 0  
0.56 0.19 0  
0.44 0.18 0  
0.46 0.18 0  
0.21 0.19 0  
0.48 0.18 0  
0.82 0.45 0  
0.82 0.41 0  
0.82 0.43 0  
0.31 0.17 0  
0.39 0.17 0  
0.83 0.27 0  
0.2 0.49 0  
0.35 0.17 0  
0.83 0.31 0  
0.82 0.38 0  
0.82 0.39 0  
0.18 0.77 0  
0.17 0.74 0  
0.27 0.18 0  
0.77 0.81 0  
0.54 0.83 0  
0.69 0.82 0  
0.18 0.57 0  
0.49 0.82 0  
0.82 0.24 0  
0.17 0.69 0  
0.47 0.81 0  
0.41 0.17 0  
0.18 0.55 0  
0.6 0.83 0  
0.58 0.83 0  
0.17 0.61 0  
0.18 0.53 0  
0.37 0.17 0  
0.17 0.71 0  
0.83 0.29 0  
0.81 0.8 0  
0.33 0.17 0  
0.18 0.8 0  
0.56 0.83 0  
0.64 0.82 0  
0.17 0.64 0  
0.78 0.8 0  
0.79 0.8 0  
0.23 0.18 0  
0.83 0.25 0  
0.19 0.19 0  
0.29 0.18 0  
0.8 0.2 0  
0.17 0.67 0  
0.66 0.82 0  
0.21 0.51 0  
0.45 0.19 0  
0.46 0.79 0  
0.81 0.4 0  
0.36 0.18 0  
0.2 0.32 0  
0.66 0.81 0  
0.18 0.66 0  
0.82 0.3 0  
0.73 0.2 0  
0.28 0.79 0  
0.2 0.28 0  
0.81 0.24 0  
0.24 0.8 0  
0.81 0.75 0  
0.81 0.63 0  
0.19 0.57 0  
0.78 0.79 0  
0.19 0.24 0  
0.22 0.2 0  
0.21 0.47 0  
0.2 0.37 0  
0.64 0.2 0  
0.79 0.51 0  
0.32 0.18 0  
0.79 0.54 0  
0.81 0.44 0  
0.2 0.41 0  
0.69 0.19 0  
0.18 0.74 0  
0.41 0.8 0  
0.82 0.37 0  
0.82 0.77 0  
0.2 0.35 0  
0.21 0.81 0  
0.75 0.2 0  
0.81 0.73 0  
0.8 0.57 0  
0.2 0.44 0  
0.47 0.19 0  
0.5 0.19 0  
0.18 0.68 0  
0.38 0.18 0  
0.82 0.28 0  
0.19 0.2 0  
0.18 0.21 0  
0.79 0.2 0  
0.53 0.82 0  
0.21 0.48 0  
0.39 0.81 0  
0.37 0.81 0  
0.79 0.53 0  
0.81 0.45 0  
0.18 0.6 0  
0.74 0.82 0  
0.82 0.61 0  
0.55 0.2 0  
0.56 0.2 0  
0.52 0.19 0  
0.68 0.19 0  
0.18 0.73 0  
0.33 0.81 0  
0.58 0.2 0  
0.19 0.29 0  
0.42 0.8 0  
0.83 0.36 0  
0.2 0.52 0  
0.19 0.55 0  
0.8 0.5 0  
0.19 0.33 0  
0.82 0.66 0  
0.31 0.81 0  
0.3 0.8 0  
0.82 0.78 0  
0.81 0.64 0  
0.19 0.23 0  
0.71 0.19 0  
0.19 0.42 0  
0.66 0.19 0  
0.2 0.81 0  
0.29 0.8 0  
0.81 0.68 0  
0.81 0.69 0  
0.8 0.56 0  
0.72 0.19 0  
0.2 0.45 0  
0.22 0.8 0  
0.2 0.31 0  
0.6 0.2 0  
0.53 0.19 0  
0.19 0.26 0  
0.81 0.49 0  
0.81 0.59 0  
0.81 0.72 0  
0.35 0.81 0  
0.81 0.71 0  
0.26 0.8 0  
0.77 0.19 0  
0.43 0.19 0  
0.2 0.39 0  
0.62 0.2 0  
0.49 0.19 0  
0.44 0.8 0  
0.25 0.19 0  
0.23 0.19 0  
0.81 0.47 0  
0.8 0.22 0  
0.81 0.42 0  
0.4 0.18 0  
0.21 0.5 0  
0.82 0.26 0  
0.34 0.18 0  
0.83 0.32 0  
0.79 0.79 0  
0.81 0.38 0  
0.55 0.82 0  
0.19 0.53 0  
0.57 0.83 0  
0.18 0.76 0  
0.61 0.82 0  
0.28 0.19 0  
0.27 0.19 0  
0.17 0.65 0  
0.18 0.7 0  
0.68 0.82 0  
0.76 0.81 0  
0.65 0.82 0  
0.49 0.81 0  
0.19 0.59 0  
0.18 0.78 0  
0.47 0.8 0  
0.51 0.82 0  
0.7 0.82 0  
0.18 0.71 0  
0.77 0.8 0  
0.59 0.83 0  
0.18 0.62 0  
0.41 0.18 0  
0.72 0.82 0  
0.8 0.79 0  
0.81 0.79 0  
0.63 0.82 0  
0.19 0.79 0  
0.19 0.8 0  
0.83 0.34 0  
0.82 0.25 0  
0.2 0.19 0  
0.3 0.18 0  
0.17 0.63 0  
0.22 0.48 0  
0.78 0.51 0  
0.55 0.21 0  
0.61 0.21 0  
0.8 0.63 0  
0.8 0.68 0  
0.71 0.81 0  
0.21 0.32 0  
0.19 0.7 0  
0.28 0.2 0  
0.21 0.4 0  
0.8 0.73 0  
0.77 0.79 0  
0.19 0.75 0  
0.8 0.46 0  
0.37 0.8 0  
0.68 0.2 0  
0.42 0.79 0  
0.62 0.81 0  
0.78 0.78 0  
0.2 0.24 0  
0.34 0.8 0  
0.21 0.52 0  
0.81 0.37 0  
0.82 0.33 0  
0.19 0.21 0  
0.47 0.79 0  
0.78 0.53 0  
0.19 0.6 0  
0.73 0.81 0  
0.2 0.42 0  
0.52 0.2 0  
0.2 0.29 0  
0.57 0.21 0  
0.79 0.56 0  
0.21 0.45 0  
0.54 0.2 0  
0.26 0.2 0  
0.23 0.2 0  
0.19 0.72 0  
0.69 0.81 0  
0.75 0.81 0  
0.2 0.2 0  
0.81 0.78 0  
0.81 0.76 0  
0.19 0.22 0  
0.4 0.8 0  
0.8 0.44 0  
0.81 0.61 0  
0.81 0.6 0  
0.2 0.38 0  
0.2 0.43 0  
0.66 0.2 0  
0.51 0.19 0  
0.19 0.73 0  
0.2 0.3 0  
0.33 0.8 0  
0.31 0.8 0  
0.44 0.79 0  
0.82 0.35 0  
0.76 0.8 0  
0.79 0.5 0  
0.81 0.65 0  
0.2 0.33 0  
0.2 0.34 0  
0.29 0.79 0  
0.21 0.8 0  
0.2 0.79 0  
0.19 0.77 0  
0.65 0.2 0  
0.19 0.25 0  
0.7 0.19 0  
0.2 0.36 0  
0.74 0.2 0  
0.81 0.74 0  
0.79 0.55 0  
0.25 0.8 0  
0.63 0.2 0  
0.38 0.81 0  
0.72 0.2 0  
0.81 0.67 0  
0.21 0.46 0  
0.59 0.21 0  
0.8 0.71 0  
0.76 0.2 0  
0.78 0.2 0  
0.36 0.8 0  
0.81 0.62 0  
0.8 0.58 0  
0.8 0.48 0  
0.2 0.27 0  
0.23 0.8 0  
0.46 0.19 0  
0.8 0.69 0  
0.27 0.79 0  
0.42 0.19 0  
0.48 0.19 0  
0.8 0.49 0  
0.44 0.19 0  
0.81 0.43 0  
0.45 0.79 0  
0.81 0.39 0  
0.21 0.49 0  
0.39 0.18 0  
0.8 0.23 0  
0.82 0.27 0  
0.82 0.31 0  
0.2 0.53 0  
0.35 0.18 0  
0.81 0.41 0  
0.82 0.36 0  
0.54 0.82 0  
0.18 0.61 0  
0.3 0.19 0  
0.29 0.19 0  
0.18 0.69 0  
0.67 0.81 0  
0.19 0.58 0  
0.51 0.81 0  
0.53 0.81 0  
0.5 0.81 0  
0.48 0.8 0  
0.18 0.67 0  
0.19 0.56 0  
0.2 0.8 0  
0.6 0.82 0  
0.58 0.82 0  
0.37 0.18 0  
0.19 0.54 0  
0.82 0.29 0  
0.4 0.19 0  
0.33 0.18 0  
0.79 0.78 0  
0.19 0.78 0  
0.56 0.82 0  
0.64 0.81 0  
0.24 0.19 0  
0.81 0.25 0  
0.21 0.2 0  
0.31 0.18 0  
0.79 0.21 0  
0.18 0.64 0  
0.18 0.65 0  
0.18 0.63 0  
0.65 0.81 0  
0.47 0.78 0  
0.43 0.2 0  
0.8 0.38 0  
0.64 0.8 0  
0.79 0.68 0  
0.81 0.3 0  
0.29 0.78 0  
0.2 0.72 0  
0.72 0.21 0  
0.21 0.28 0  
0.77 0.78 0  
0.23 0.79 0  
0.75 0.21 0  
0.65 0.21 0  
0.78 0.5 0  
0.47 0.2 0  
0.19 0.66 0  
0.36 0.19 0  
0.23 0.21 0  
0.78 0.21 0  
0.21 0.37 0  
0.21 0.53 0  
0.2 0.57 0  
0.21 0.79 0  
0.8 0.76 0  
0.19 0.62 0  
0.8 0.6 0  
0.54 0.21 0  
0.2 0.25 0  
0.8 0.62 0  
0.8 0.74 0  
0.78 0.55 0  
0.38 0.8 0  
0.22 0.46 0  
0.21 0.35 0  
0.21 0.33 0  
0.45 0.78 0  
0.8 0.4 0  
0.34 0.19 0  
0.66 0.8 0  
0.75 0.8 0  
0.25 0.2 0  
0.78 0.77 0  
0.2 0.22 0  
0.2 0.23 0  
0.55 0.81 0  
0.54 0.81 0  
0.22 0.5 0  
0.22 0.49 0  
0.41 0.79 0  
0.37 0.79 0  
0.78 0.52 0  
0.8 0.42 0  
0.8 0.43 0  
0.19 0.61 0  
0.8 0.59 0  
0.72 0.81 0  
0.5 0.2 0  
0.48 0.79 0  
0.51 0.8 0  
0.49 0.8 0  
0.67 0.2 0  
0.21 0.3 0  
0.21 0.31 0  
0.56 0.21 0  
0.43 0.79 0  
0.22 0.21 0  
0.2 0.77 0  
0.81 0.66 0  
0.2 0.26 0  
0.32 0.8 0  
0.21 0.21 0  
0.31 0.79 0  
0.63 0.21 0  
0.79 0.23 0  
0.3 0.79 0  
0.8 0.25 0  
0.81 0.28 0  
0.69 0.2 0  
0.73 0.21 0  
0.78 0.54 0  
0.25 0.79 0  
0.26 0.79 0  
0.62 0.21 0  
0.39 0.8 0  
0.71 0.2 0  
0.8 0.67 0  
0.81 0.77 0  
0.22 0.47 0  
0.6 0.21 0  
0.8 0.7 0  
0.51 0.2 0  
0.79 0.57 0  
0.77 0.2 0  
0.45 0.2 0  
0.8 0.47 0  
0.35 0.8 0  
0.28 0.78 0  
0.8 0.72 0  
0.21 0.42 0  
0.21 0.41 0  
0.8 0.64 0  
0.53 0.2 0  
0.58 0.21 0  
0.79 0.49 0  
0.21 0.39 0  
0.27 0.2 0  
0.49 0.2 0  
0.21 0.44 0  
0.8 0.45 0  
0.79 0.22 0  
0.41 0.19 0  
0.8 0.24 0  
0.2 0.56 0  
0.22 0.52 0  
0.19 0.74 0  
0.57 0.82 0  
0.82 0.32 0  
0.2 0.21 0  
0.68 0.81 0  
0.81 0.36 0  
0.29 0.2 0  
0.19 0.71 0  
0.7 0.81 0  
0.59 0.82 0  
0.19 0.76 0  
0.74 0.81 0  
0.52 0.81 0  
0.19 0.68 0  
0.2 0.59 0  
0.61 0.81 0  
0.38 0.19 0  
0.19 0.69 0  
0.2 0.55 0  
0.2 0.54 0  
0.39 0.19 0  
0.8 0.78 0  
0.2 0.78 0  
0.32 0.19 0  
0.63 0.81 0  
0.76 0.79 0  
0.82 0.34 0  
0.24 0.2 0  
0.81 0.26 0  
0.31 0.19 0  
0.19 0.64 0  
0.23 0.5 0  
0.77 0.5 0  
0.54 0.22 0  
0.6 0.22 0  
0.22 0.4 0  
0.22 0.33 0  
0.77 0.77 0  
0.29 0.77 0  
0.72 0.22 0  
0.29 0.21 0  
0.79 0.62 0  
0.71 0.8 0  
0.79 0.44 0  
0.79 0.73 0  
0.77 0.54 0  
0.75 0.79 0  
0.21 0.25 0  
0.23 0.22 0  
0.48 0.78 0  
0.42 0.78 0  
0.5 0.21 0  
0.79 0.67 0  
0.68 0.21 0  
0.23 0.47 0  
0.4 0.2 0  
0.22 0.53 0  
0.21 0.57 0  
0.77 0.21 0  
0.2 0.7 0  
0.22 0.31 0  
0.56 0.22 0  
0.8 0.65 0  
0.26 0.78 0  
0.62 0.22 0  
0.35 0.79 0  
0.79 0.46 0  
0.27 0.21 0  
0.69 0.8 0  
0.53 0.8 0  
0.2 0.75 0  
0.8 0.26 0  
0.21 0.23 0  
0.32 0.2 0  
0.62 0.8 0  
0.22 0.79 0  
0.79 0.77 0  
0.76 0.21 0  
0.55 0.8 0  
0.58 0.81 0  
0.77 0.51 0  
0.79 0.42 0  
0.73 0.8 0  
0.21 0.38 0  
0.21 0.43 0  
0.21 0.34 0  
0.52 0.21 0  
0.53 0.21 0  
0.2 0.71 0  
0.49 0.79 0  
0.22 0.22 0  
0.8 0.66 0  
0.21 0.77 0  
0.78 0.49 0  
0.33 0.79 0  
0.8 0.61 0  
0.3 0.78 0  
0.64 0.21 0  
0.8 0.75 0  
0.27 0.78 0  
0.39 0.79 0  
0.4 0.79 0  
0.7 0.2 0  
0.21 0.22 0  
0.58 0.22 0  
0.74 0.21 0  
0.21 0.29 0  
0.23 0.48 0  
0.78 0.56 0  
0.38 0.79 0  
0.36 0.79 0  
0.22 0.42 0  
0.71 0.21 0  
0.44 0.2 0  
0.79 0.63 0  
0.24 0.79 0  
0.21 0.27 0  
0.21 0.36 0  
0.32 0.79 0  
0.79 0.72 0  
0.79 0.7 0  
0.79 0.69 0  
0.66 0.21 0  
0.42 0.2 0  
0.79 0.48 0  
0.46 0.2 0  
0.79 0.58 0  
0.79 0.59 0  
0.48 0.2 0  
0.77 0.52 0  
0.22 0.45 0  
0.44 0.78 0  
0.8 0.41 0  
0.8 0.36 0  
0.81 0.33 0  
0.81 0.31 0  
0.26 0.21 0  
0.8 0.37 0  
0.79 0.24 0  
0.46 0.78 0  
0.33 0.19 0  
0.2 0.73 0  
0.8 0.39 0  
0.22 0.51 0  
0.67 0.8 0  
0.19 0.65 0  
0.35 0.19 0  
0.2 0.6 0  
0.2 0.62 0  
0.81 0.35 0  
0.3 0.2 0  
0.76 0.78 0  
0.21 0.54 0  
0.6 0.81 0  
0.65 0.8 0  
0.5 0.8 0  
0.19 0.67 0  
0.2 0.58 0  
0.21 0.78 0  
0.52 0.8 0  
0.37 0.19 0  
0.21 0.56 0  
0.2 0.68 0  
0.81 0.29 0  
0.38 0.2 0  
0.74 0.8 0  
0.8 0.77 0  
0.56 0.81 0  
0.2 0.76 0  
0.24 0.21 0  
0.81 0.27 0  
0.78 0.22 0  
0.63 0.8 0  
0.19 0.63 0  
0.76 0.5 0  
0.24 0.48 0  
0.48 0.77 0  
0.42 0.21 0  
0.78 0.62 0  
0.64 0.79 0  
0.79 0.36 0  
0.78 0.67 0  
0.21 0.7 0  
0.8 0.3 0  
0.27 0.22 0  
0.22 0.28 0  
0.76 0.77 0  
0.78 0.73 0  
0.53 0.79 0  
0.38 0.78 0  
0.78 0.76 0  
0.75 0.22 0  
0.47 0.21 0  
0.22 0.37 0  
0.71 0.22 0  
0.3 0.77 0  
0.65 0.22 0  
0.45 0.77 0  
0.24 0.22 0  
0.23 0.78 0  
0.56 0.8 0  
0.23 0.52 0  
0.79 0.4 0  
0.49 0.21 0  
0.78 0.58 0  
0.22 0.43 0  
0.79 0.61 0  
0.33 0.78 0  
0.27 0.77 0  
0.7 0.21 0  
0.78 0.69 0  
0.36 0.78 0  
0.78 0.48 0  
0.45 0.21 0  
0.3 0.21 0  
0.21 0.72 0  
0.66 0.79 0  
0.22 0.54 0  
0.2 0.66 0  
0.36 0.2 0  
0.22 0.77 0  
0.21 0.24 0  
0.77 0.22 0  
0.23 0.51 0  
0.51 0.79 0  
0.5 0.79 0  
0.43 0.78 0  
0.79 0.41 0  
0.78 0.57 0  
0.72 0.8 0  
0.22 0.44 0  
0.22 0.35 0  
0.53 0.22 0  
0.34 0.79 0  
0.67 0.21 0  
0.49 0.78 0  
0.22 0.32 0  
0.55 0.22 0  
0.79 0.65 0  
0.79 0.64 0  
0.21 0.75 0  
0.21 0.26 0  
0.79 0.6 0  
0.28 0.77 0  
0.4 0.78 0  
0.77 0.53 0  
0.69 0.21 0  
0.61 0.22 0  
0.41 0.78 0  
0.31 0.78 0  
0.79 0.75 0  
0.8 0.35 0  
0.59 0.22 0  
0.79 0.66 0  
0.79 0.74 0  
0.77 0.55 0  
0.43 0.21 0  
0.79 0.45 0  
0.57 0.22 0  
0.51 0.21 0  
0.22 0.34 0  
0.79 0.71 0  
0.22 0.41 0  
0.22 0.3 0  
0.79 0.47 0  
0.25 0.78 0  
0.73 0.22 0  
0.63 0.22 0  
0.28 0.21 0  
0.22 0.39 0  
0.76 0.51 0  
0.77 0.49 0  
0.79 0.43 0  
0.39 0.2 0  
0.79 0.38 0  
0.23 0.46 0  
0.75 0.78 0  
0.31 0.2 0  
0.41 0.2 0  
0.81 0.34 0  
0.23 0.49 0  
0.34 0.2 0  
0.79 0.25 0  
0.47 0.77 0  
0.2 0.74 0  
0.2 0.69 0  
0.2 0.64 0  
0.54 0.8 0  
0.57 0.81 0  
0.68 0.8 0  
0.61 0.8 0  
0.2 0.61 0  
0.22 0.78 0  
0.7 0.8 0  
0.21 0.55 0  
0.59 0.81 0  
0.21 0.59 0  
0.21 0.58 0  
0.8 0.28 0  
0.2 0.67 0  
0.21 0.76 0  
0.37 0.2 0  
0.79 0.76 0  
0.74 0.79 0  
0.81 0.32 0  
0.25 0.21 0  
0.8 0.27 0  
0.23 0.23 0  
0.22 0.23 0  
0.78 0.23 0  
0.33 0.2 0  
0.2 0.63 0  
0.62 0.79 0  
0.75 0.5 0  
0.48 0.76 0  
0.53 0.23 0  
0.59 0.23 0  
0.42 0.22 0  
0.23 0.4 0  
0.23 0.35 0  
0.23 0.31 0  
0.75 0.77 0  
0.3 0.76 0  
0.71 0.23 0  
0.78 0.42 0  
0.79 0.35 0  
0.61 0.79 0  
0.41 0.77 0  
0.76 0.54 0  
0.71 0.79 0  
0.38 0.21 0  
0.49 0.22 0  
0.62 0.23 0  
0.77 0.48 0  
0.21 0.62 0  
0.24 0.23 0  
0.23 0.77 0  
0.78 0.75 0  
0.22 0.26 0  
0.77 0.23 0  
0.77 0.57 0  
0.23 0.44 0  
0.34 0.78 0  
0.67 0.22 0  
0.21 0.68 0  
0.55 0.23 0  
0.28 0.76 0  
0.78 0.44 0  
0.32 0.21 0  
0.69 0.79 0  
0.21 0.74 0  
0.8 0.33 0  
0.26 0.22 0  
0.58 0.8 0  
0.78 0.74 0  
0.22 0.25 0  
0.76 0.22 0  
0.57 0.8 0  
0.51 0.78 0  
0.43 0.77 0  
0.44 0.77 0  
0.78 0.4 0  
0.48 0.21 0  
0.77 0.56 0  
0.22 0.38 0  
0.23 0.45 0  
0.22 0.36 0  
0.51 0.22 0  
0.52 0.22 0  
0.35 0.78 0  
0.66 0.22 0  
0.23 0.33 0  
0.49 0.77 0  
0.21 0.69 0  
0.23 0.24 0  
0.22 0.75 0  
0.22 0.27 0  
0.76 0.49 0  
0.76 0.76 0  
0.74 0.78 0  
0.78 0.61 0  
0.69 0.22 0  
0.64 0.22 0  
0.32 0.78 0  
0.4 0.21 0  
0.7 0.22 0  
0.6 0.23 0  
0.31 0.77 0  
0.22 0.24 0  
0.78 0.68 0  
0.22 0.29 0  
0.74 0.22 0  
0.57 0.23 0  
0.78 0.66 0  
0.78 0.64 0  
0.78 0.63 0  
0.39 0.78 0  
0.37 0.78 0  
0.24 0.5 0  
0.24 0.52 0  
0.24 0.49 0  
0.23 0.42 0  
0.78 0.72 0  
0.78 0.46 0  
0.41 0.21 0  
0.26 0.77 0  
0.72 0.23 0  
0.78 0.71 0  
0.78 0.7 0  
0.24 0.78 0  
0.29 0.22 0  
0.78 0.59 0  
0.46 0.21 0  
0.78 0.47 0  
0.44 0.21 0  
0.28 0.22 0  
0.76 0.52 0  
0.35 0.2 0  
0.79 0.37 0  
0.46 0.77 0  
0.24 0.47 0  
0.8 0.31 0  
0.23 0.54 0  
0.22 0.58 0  
0.22 0.56 0  
0.23 0.53 0  
0.79 0.26 0  
0.77 0.76 0  
0.79 0.39 0  
0.2 0.65 0  
0.67 0.79 0  
0.31 0.21 0  
0.5 0.78 0  
0.21 0.71 0  
0.21 0.6 0  
0.65 0.79 0  
0.22 0.55 0  
0.63 0.79 0  
0.52 0.79 0  
0.22 0.76 0  
0.55 0.79 0  
0.8 0.29 0  
0.54 0.79 0  
0.6 0.8 0  
0.21 0.66 0  
0.36 0.21 0  
0.21 0.73 0  
0.73 0.79 0  
0.8 0.34 0  
0.25 0.22 0  
0.79 0.28 0  
0.78 0.24 0  
0.34 0.21 0  
0.21 0.64 0  
0.25 0.5 0  
0.59 0.24 0  
0.62 0.78 0  
0.77 0.63 0  
0.77 0.68 0  
0.75 0.76 0  
0.29 0.23 0  
0.71 0.24 0  
0.22 0.68 0  
0.22 0.72 0  
0.77 0.24 0  
0.23 0.28 0  
0.75 0.49 0  
0.77 0.72 0  
0.24 0.24 0  
0.44 0.76 0  
0.37 0.77 0  
0.31 0.76 0  
0.66 0.78 0  
0.65 0.23 0  
0.45 0.22 0  
0.24 0.77 0  
0.74 0.23 0  
0.53 0.78 0  
0.49 0.76 0  
0.78 0.38 0  
0.76 0.56 0  
0.23 0.38 0  
0.24 0.45 0  
0.23 0.36 0  
0.35 0.77 0  
0.73 0.78 0  
0.32 0.22 0  
0.25 0.48 0  
0.22 0.74 0  
0.27 0.23 0  
0.6 0.79 0  
0.58 0.79 0  
0.25 0.77 0  
0.77 0.75 0  
0.23 0.26 0  
0.75 0.23 0  
0.24 0.53 0  
0.52 0.78 0  
0.46 0.76 0  
0.47 0.22 0  
0.78 0.39 0  
0.76 0.55 0  
0.23 0.39 0  
0.24 0.46 0  
0.52 0.23 0  
0.66 0.23 0  
0.23 0.34 0  
0.23 0.25 0  
0.54 0.23 0  
0.77 0.61 0  
0.33 0.77 0  
0.23 0.75 0  
0.72 0.79 0  
0.78 0.6 0  
0.76 0.23 0  
0.7 0.23 0  
0.76 0.53 0  
0.29 0.76 0  
0.68 0.22 0  
0.76 0.48 0  
0.42 0.77 0  
0.77 0.66 0  
0.73 0.23 0  
0.39 0.77 0  
0.78 0.65 0  
0.58 0.23 0  
0.41 0.22 0  
0.4 0.77 0  
0.32 0.77 0  
0.56 0.23 0  
0.23 0.32 0  
0.78 0.43 0  
0.23 0.41 0  
0.5 0.22 0  
0.27 0.76 0  
0.77 0.71 0  
0.61 0.23 0  
0.77 0.58 0  
0.77 0.74 0  
0.23 0.3 0  
0.78 0.45 0  
0.3 0.22 0  
0.77 0.47 0  
0.77 0.69 0  
0.63 0.23 0  
0.48 0.22 0  
0.23 0.43 0  
0.43 0.22 0  
0.37 0.21 0  
0.33 0.21 0  
0.39 0.21 0  
0.75 0.51 0  
0.78 0.36 0  
0.78 0.41 0  
0.79 0.27 0  
0.8 0.32 0  
0.47 0.76 0  
0.24 0.51 0  
0.22 0.7 0  
0.21 0.63 0  
0.21 0.67 0  
0.68 0.79 0  
0.59 0.8 0  
0.56 0.79 0  
0.51 0.77 0  
0.5 0.77 0  
0.7 0.79 0  
0.21 0.61 0  
0.23 0.55 0  
0.64 0.78 0  
0.23 0.76 0  
0.22 0.6 0  
0.22 0.59 0  
0.22 0.57 0  
0.55 0.78 0  
0.74 0.77 0  
0.79 0.34 0  
0.79 0.3 0  
0.79 0.29 0  
0.78 0.25 0  
0.35 0.21 0  
0.25 0.23 0  
0.21 0.65 0  
0.74 0.49 0  
0.42 0.23 0  
0.49 0.75 0  
0.77 0.38 0  
0.24 0.39 0  
0.65 0.24 0  
0.24 0.34 0  
0.76 0.68 0  
0.31 0.75 0  
0.74 0.76 0  
0.78 0.3 0  
0.77 0.42 0  
0.28 0.75 0  
0.76 0.47 0  
0.7 0.24 0  
0.77 0.25 0  
0.76 0.72 0  
0.75 0.55 0  
0.4 0.76 0  
0.38 0.22 0  
0.69 0.78 0  
0.49 0.23 0  
0.24 0.31 0  
0.74 0.24 0  
0.77 0.44 0  
0.25 0.46 0  
0.51 0.23 0  
0.76 0.24 0  
0.77 0.6 0  
0.77 0.65 0  
0.61 0.24 0  
0.25 0.52 0  
0.3 0.23 0  
0.24 0.43 0  
0.47 0.75 0  
0.34 0.22 0  
0.22 0.62 0  
0.22 0.64 0  
0.56 0.78 0  
0.23 0.74 0  
0.78 0.28 0  
0.25 0.24 0  
0.25 0.76 0  
0.26 0.76 0  
0.76 0.75 0  
0.23 0.27 0  
0.24 0.55 0  
0.23 0.59 0  
0.24 0.54 0  
0.53 0.77 0  
0.45 0.76 0  
0.46 0.22 0  
0.75 0.53 0  
0.24 0.41 0  
0.25 0.47 0  
0.23 0.37 0  
0.24 0.26 0  
0.36 0.77 0  
0.24 0.36 0  
0.22 0.66 0  
0.22 0.67 0  
0.77 0.62 0  
0.33 0.76 0  
0.24 0.75 0  
0.24 0.25 0  
0.77 0.59 0  
0.71 0.78 0  
0.73 0.77 0  
0.64 0.23 0  
0.34 0.77 0  
0.68 0.23 0  
0.69 0.23 0  
0.57 0.24 0  
0.58 0.24 0  
0.75 0.52 0  
0.3 0.75 0  
0.67 0.23 0  
0.42 0.76 0  
0.43 0.76 0  
0.23 0.29 0  
0.77 0.67 0  
0.77 0.64 0  
0.77 0.73 0  
0.4 0.22 0  
0.38 0.77 0  
0.55 0.24 0  
0.53 0.24 0  
0.6 0.24 0  
0.77 0.4 0  
0.79 0.31 0  
0.76 0.57 0  
0.25 0.51 0  
0.62 0.24 0  
0.75 0.48 0  
0.77 0.46 0  
0.47 0.23 0  
0.77 0.7 0  
0.72 0.24 0  
0.32 0.76 0  
0.24 0.33 0  
0.44 0.22 0  
0.24 0.44 0  
0.28 0.23 0  
0.36 0.22 0  
0.74 0.5 0  
0.31 0.22 0  
0.78 0.37 0  
0.78 0.35 0  
0.25 0.49 0  
0.24 0.76 0  
0.54 0.78 0  
0.22 0.69 0  
0.61 0.78 0  
0.33 0.22 0  
0.67 0.78 0  
0.57 0.79 0  
0.52 0.77 0  
0.5 0.76 0  
0.22 0.71 0  
0.65 0.78 0  
0.72 0.78 0  
0.23 0.57 0  
0.23 0.56 0  
0.22 0.61 0  
0.63 0.78 0  
0.22 0.73 0  
0.79 0.33 0  
0.59 0.79 0  
0.78 0.26 0  
0.26 0.23 0  
0.26 0.5 0  
0.73 0.49 0  
0.57 0.25 0  
0.62 0.77 0  
0.76 0.62 0  
0.25 0.34 0  
0.66 0.77 0  
0.31 0.74 0  
0.23 0.68 0  
0.3 0.24 0  
0.7 0.25 0  
0.24 0.74 0  
0.43 0.75 0  
0.61 0.25 0  
0.73 0.76 0  
0.75 0.47 0  
0.26 0.47 0  
0.37 0.76 0  
0.34 0.23 0  
0.5 0.75 0  
0.64 0.24 0  
0.24 0.37 0  
0.76 0.25 0  
0.67 0.24 0  
0.76 0.59 0  
0.74 0.52 0  
0.24 0.29 0  
0.24 0.27 0  
0.76 0.64 0  
0.76 0.73 0  
0.25 0.44 0  
0.23 0.7 0  
0.53 0.76 0  
0.56 0.77 0  
0.58 0.78 0  
0.78 0.31 0  
0.26 0.75 0  
0.27 0.75 0  
0.73 0.24 0  
0.45 0.75 0  
0.46 0.75 0  
0.45 0.23 0  
0.77 0.36 0  
0.77 0.37 0  
0.75 0.54 0  
0.24 0.4 0  
0.63 0.24 0  
0.24 0.38 0  
0.5 0.23 0  
0.24 0.35 0  
0.23 0.66 0  
0.52 0.24 0  
0.33 0.75 0  
0.35 0.76 0  
0.25 0.75 0  
0.25 0.25 0  
0.28 0.24 0  
0.26 0.24 0  
0.76 0.58 0  
0.75 0.24 0  
0.7 0.78 0  
0.71 0.77 0  
0.77 0.26 0  
0.68 0.24 0  
0.74 0.51 0  
0.66 0.24 0  
0.76 0.66 0  
0.76 0.67 0  
0.24 0.3 0  
0.76 0.74 0  
0.76 0.46 0  
0.4 0.23 0  
0.32 0.23 0  
0.59 0.25 0  
0.24 0.32 0  
0.54 0.24 0  
0.41 0.76 0  
0.69 0.24 0  
0.34 0.76 0  
0.29 0.75 0  
0.24 0.42 0  
0.77 0.41 0  
0.31 0.23 0  
0.75 0.56 0  
0.71 0.25 0  
0.76 0.71 0  
0.46 0.23 0  
0.77 0.43 0  
0.56 0.24 0  
0.41 0.23 0  
0.39 0.22 0  
0.77 0.45 0  
0.76 0.69 0  
0.26 0.52 0  
0.25 0.55 0  
0.25 0.45 0  
0.76 0.6 0  
0.48 0.23 0  
0.43 0.23 0  
0.74 0.48 0  
0.37 0.22 0  
0.32 0.75 0  
0.77 0.39 0  
0.39 0.76 0  
0.25 0.53 0  
0.26 0.48 0  
0.78 0.33 0  
0.78 0.34 0  
0.78 0.29 0  
0.55 0.77 0  
0.54 0.77 0  
0.48 0.75 0  
0.6 0.78 0  
0.22 0.63 0  
0.68 0.78 0  
0.51 0.76 0  
0.23 0.72 0  
0.24 0.56 0  
0.64 0.77 0  
0.23 0.58 0  
0.23 0.6 0  
0.23 0.62 0  
0.72 0.77 0  
0.75 0.75 0  
0.23 0.73 0  
0.79 0.32 0  
0.57 0.78 0  
0.78 0.27 0  
0.35 0.22 0  
0.22 0.65 0  
0.27 0.48 0  
0.5 0.74 0  
0.4 0.24 0  
0.76 0.38 0  
0.75 0.66 0  
0.73 0.48 0  
0.7 0.26 0  
0.77 0.31 0  
0.25 0.3 0  
0.76 0.42 0  
0.45 0.24 0  
0.76 0.26 0  
0.28 0.74 0  
0.75 0.72 0  
0.46 0.74 0  
0.75 0.46 0  
0.25 0.4 0  
0.25 0.56 0  
0.24 0.6 0  
0.74 0.55 0  
0.75 0.59 0  
0.64 0.25 0  
0.4 0.75 0  
0.75 0.74 0  
0.73 0.25 0  
0.25 0.38 0  
0.67 0.25 0  
0.69 0.77 0  
0.73 0.51 0  
0.38 0.23 0  
0.69 0.25 0  
0.75 0.68 0  
0.42 0.24 0  
0.47 0.24 0  
0.49 0.24 0  
0.51 0.24 0  
0.26 0.45 0  
0.26 0.53 0  
0.77 0.28 0  
0.77 0.33 0  
0.26 0.25 0  
0.27 0.74 0  
0.25 0.74 0  
0.24 0.28 0  
0.72 0.25 0  
0.54 0.76 0  
0.48 0.74 0  
0.56 0.76 0  
0.76 0.44 0  
0.76 0.45 0  
0.44 0.23 0  
0.76 0.36 0  
0.25 0.42 0  
0.38 0.76 0  
0.25 0.36 0  
0.25 0.35 0  
0.25 0.27 0  
0.51 0.75 0  
0.76 0.61 0  
0.25 0.26 0  
0.74 0.25 0  
0.36 0.76 0  
0.75 0.25 0  
0.7 0.77 0  
0.55 0.25 0  
0.56 0.25 0  
0.73 0.5 0  
0.25 0.32 0  
0.32 0.74 0  
0.44 0.75 0  
0.76 0.63 0  
0.39 0.23 0  
0.25 0.33 0  
0.6 0.25 0  
0.53 0.25 0  
0.34 0.75 0  
0.76 0.4 0  
0.31 0.24 0  
0.25 0.43 0  
0.76 0.65 0  
0.29 0.24 0  
0.58 0.25 0  
0.76 0.7 0  
0.62 0.25 0  
0.33 0.23 0  
0.65 0.25 0  
0.75 0.57 0  
0.26 0.46 0  
0.36 0.23 0  
0.3 0.74 0  
0.74 0.53 0  
0.26 0.49 0  
0.42 0.75 0  
0.77 0.3 0  
0.25 0.54 0  
0.23 0.61 0  
0.77 0.35 0  
0.26 0.51 0  
0.23 0.71 0  
0.67 0.77 0  
0.59 0.78 0  
0.23 0.69 0  
0.23 0.67 0  
0.61 0.77 0  
0.52 0.76 0  
0.65 0.77 0  
0.24 0.58 0  
0.24 0.57 0  
0.74 0.47 0  
0.23 0.64 0  
0.23 0.63 0  
0.63 0.77 0  
0.72 0.76 0  
0.74 0.75 0  
0.24 0.73 0  
0.57 0.77 0  
0.77 0.27 0  
0.35 0.23 0  
0.78 0.32 0  
0.27 0.24 0  
0.23 0.65 0  
0.72 0.49 0  
0.55 0.26 0  
0.6 0.26 0  
0.26 0.36 0  
0.62 0.76 0  
0.36 0.24 0  
0.24 0.64 0  
0.32 0.73 0  
0.24 0.68 0  
0.66 0.76 0  
0.76 0.31 0  
0.3 0.25 0  
0.73 0.47 0  
0.28 0.73 0  
0.57 0.76 0  
0.73 0.26 0  
0.64 0.26 0  
0.24 0.7 0  
0.25 0.73 0  
0.75 0.62 0  
0.43 0.74 0  
0.26 0.33 0  
0.51 0.74 0  
0.74 0.74 0  
0.25 0.28 0  
0.44 0.24 0  
0.76 0.35 0  
0.38 0.75 0  
0.75 0.26 0  
0.69 0.26 0  
0.26 0.43 0  
0.57 0.26 0  
0.34 0.24 0  
0.27 0.46 0  
0.53 0.75 0  
0.75 0.73 0  
0.25 0.29 0  
0.25 0.57 0  
0.47 0.74 0  
0.55 0.76 0  
0.75 0.45 0  
0.43 0.24 0  
0.74 0.54 0  
0.25 0.41 0  
0.63 0.25 0  
0.25 0.39 0  
0.27 0.5 0  
0.27 0.49 0  
0.48 0.24 0  
0.39 0.75 0  
0.26 0.26 0  
0.5 0.24 0  
0.34 0.74 0  
0.26 0.74 0  
0.75 0.58 0  
0.66 0.25 0  
0.37 0.75 0  
0.35 0.75 0  
0.72 0.5 0  
0.33 0.74 0  
0.75 0.64 0  
0.75 0.65 0  
0.25 0.31 0  
0.39 0.24 0  
0.68 0.25 0  
0.54 0.25 0  
0.41 0.75 0  
0.29 0.74 0  
0.76 0.41 0  
0.32 0.24 0  
0.26 0.44 0  
0.75 0.67 0  
0.29 0.25 0  
0.27 0.25 0  
0.75 0.71 0  
0.61 0.26 0  
0.76 0.43 0  
0.71 0.26 0  
0.75 0.69 0  
0.52 0.25 0  
0.41 0.24 0  
0.74 0.46 0  
0.25 0.37 0  
0.73 0.52 0  
0.37 0.23 0  
0.58 0.26 0  
0.74 0.56 0  
0.46 0.24 0  
0.31 0.73 0  
0.26 0.35 0  
0.76 0.37 0  
0.75 0.6 0  
0.27 0.47 0  
0.26 0.55 0  
0.26 0.54 0  
0.76 0.39 0  
0.77 0.34 0  
0.77 0.29 0  
0.45 0.74 0  
0.24 0.66 0  
0.6 0.77 0  
0.27 0.52 0  
0.68 0.77 0  
0.49 0.74 0  
0.52 0.75 0  
0.64 0.76 0  
0.24 0.59 0  
0.24 0.62 0  
0.24 0.61 0  
0.71 0.76 0  
0.69 0.76 0  
0.73 0.75 0  
0.24 0.72 0  
0.58 0.77 0  
0.76 0.27 0  
0.77 0.32 0  
0.28 0.5 0  
0.71 0.49 0  
0.51 0.73 0  
0.57 0.27 0  
0.42 0.25 0  
0.27 0.36 0  
0.75 0.38 0  
0.74 0.64 0  
0.73 0.46 0  
0.74 0.68 0  
0.32 0.72 0  
0.69 0.27 0  
0.46 0.73 0  
0.56 0.75 0  
0.26 0.3 0  
0.3 0.26 0  
0.75 0.42 0  
0.73 0.74 0  
0.25 0.6 0  
0.45 0.25 0  
0.26 0.4 0  
0.73 0.55 0  
0.74 0.59 0  
0.6 0.27 0  
0.4 0.74 0  
0.28 0.47 0  
0.27 0.26 0  
0.29 0.73 0  
0.74 0.72 0  
0.25 0.58 0  
0.54 0.75 0  
0.75 0.44 0  
0.63 0.26 0  
0.38 0.74 0  
0.35 0.74 0  
0.47 0.25 0  
0.26 0.73 0  
0.49 0.25 0  
0.75 0.27 0  
0.66 0.26 0  
0.68 0.76 0  
0.68 0.26 0  
0.27 0.44 0  
0.51 0.25 0  
0.4 0.25 0  
0.49 0.73 0  
0.58 0.76 0  
0.38 0.24 0  
0.3 0.73 0  
0.74 0.73 0  
0.26 0.29 0  
0.72 0.26 0  
0.43 0.25 0  
0.76 0.33 0  
0.76 0.34 0  
0.62 0.26 0  
0.26 0.38 0  
0.26 0.37 0  
0.27 0.73 0  
0.75 0.61 0  
0.53 0.74 0  
0.74 0.26 0  
0.65 0.26 0  
0.25 0.72 0  
0.53 0.26 0  
0.54 0.26 0  
0.26 0.27 0  
0.33 0.73 0  
0.67 0.76 0  
0.44 0.74 0  
0.32 0.25 0  
0.26 0.34 0  
0.59 0.26 0  
0.36 0.75 0  
0.74 0.66 0  
0.27 0.45 0  
0.75 0.63 0  
0.56 0.26 0  
0.7 0.27 0  
0.35 0.24 0  
0.75 0.7 0  
0.72 0.51 0  
0.33 0.24 0  
0.26 0.32 0  
0.31 0.25 0  
0.74 0.57 0  
0.75 0.36 0  
0.72 0.48 0  
0.73 0.53 0  
0.75 0.4 0  
0.26 0.42 0  
0.76 0.3 0  
0.42 0.74 0  
0.28 0.48 0  
0.27 0.53 0  
0.27 0.55 0  
0.48 0.73 0  
0.24 0.67 0  
0.26 0.56 0  
0.24 0.65 0  
0.61 0.76 0  
0.27 0.51 0  
0.52 0.74 0  
0.24 0.69 0  
0.74 0.45 0  
0.65 0.76 0  
0.25 0.62 0  
0.63 0.76 0  
0.7 0.76 0  
0.72 0.75 0  
0.24 0.71 0  
0.59 0.77 0  
0.76 0.28 0  
0.37 0.24 0  
0.76 0.32 0  
0.28 0.25 0  
0.24 0.63 0  
0.29 0.48 0  
0.49 0.72 0  
0.42 0.26 0  
0.62 0.75 0  
0.69 0.28 0  
0.25 0.68 0  
0.66 0.75 0  
0.75 0.33 0  
0.72 0.74 0  
0.33 0.72 0  
0.27 0.56 0  
0.29 0.72 0  
0.27 0.3 0  
0.72 0.27 0  
0.73 0.45 0  
0.63 0.27 0  
0.27 0.27 0  
0.75 0.31 0  
0.71 0.48 0  
0.43 0.73 0  
0.75 0.28 0  
0.54 0.74 0  
0.74 0.61 0  
0.74 0.27 0  
0.65 0.27 0  
0.74 0.63 0  
0.59 0.27 0  
0.27 0.34 0  
0.34 0.25 0  
0.36 0.74 0  
0.36 0.25 0  
0.28 0.45 0  
0.25 0.66 0  
0.69 0.75 0  
0.75 0.35 0  
0.59 0.76 0  
0.28 0.26 0  
0.73 0.73 0  
0.71 0.27 0  
0.25 0.59 0  
0.47 0.73 0  
0.55 0.75 0  
0.75 0.43 0  
0.26 0.41 0  
0.73 0.54 0  
0.39 0.74 0  
0.28 0.52 0  
0.28 0.51 0  
0.46 0.25 0  
0.26 0.72 0  
0.27 0.37 0  
0.26 0.28 0  
0.48 0.25 0  
0.26 0.58 0  
0.74 0.6 0  
0.35 0.73 0  
0.74 0.58 0  
0.34 0.73 0  
0.67 0.75 0  
0.68 0.27 0  
0.26 0.31 0  
0.58 0.27 0  
0.67 0.26 0  
0.27 0.35 0  
0.33 0.25 0  
0.37 0.74 0  
0.41 0.74 0  
0.55 0.27 0  
0.53 0.27 0  
0.51 0.26 0  
0.31 0.26 0  
0.74 0.65 0  
0.28 0.46 0  
0.74 0.67 0  
0.5 0.25 0  
0.74 0.71 0  
0.41 0.25 0  
0.56 0.27 0  
0.52 0.26 0  
0.27 0.33 0  
0.26 0.39 0  
0.44 0.25 0  
0.61 0.27 0  
0.71 0.5 0  
0.74 0.69 0  
0.74 0.44 0  
0.75 0.37 0  
0.72 0.52 0  
0.38 0.25 0  
0.28 0.72 0  
0.72 0.47 0  
0.73 0.56 0  
0.75 0.41 0  
0.75 0.39 0  
0.39 0.25 0  
0.31 0.72 0  
0.27 0.43 0  
0.28 0.49 0  
0.45 0.73 0  
0.25 0.61 0  
0.27 0.54 0  
0.58 0.75 0  
0.26 0.57 0  
0.57 0.75 0  
0.25 0.64 0  
0.5 0.73 0  
0.52 0.73 0  
0.25 0.7 0  
0.64 0.75 0  
0.71 0.75 0  
0.25 0.71 0  
0.6 0.76 0  
0.76 0.29 0  
0.29 0.26 0  
0.25 0.63 0  
0.7 0.49 0  
0.55 0.28 0  
0.6 0.28 0  
0.74 0.38 0  
0.28 0.37 0  
0.73 0.63 0  
0.26 0.62 0  
0.33 0.71 0  
0.73 0.67 0  
0.66 0.74 0  
0.39 0.73 0  
0.47 0.26 0  
0.71 0.28 0  
0.46 0.72 0  
0.73 0.44 0  
0.72 0.55 0  
0.73 0.59 0  
0.3 0.27 0  
0.29 0.71 0  
0.74 0.28 0  
0.71 0.47 0  
0.68 0.28 0  
0.28 0.34 0  
0.72 0.73 0  
0.27 0.31 0  
0.56 0.74 0  
0.74 0.42 0  
0.4 0.26 0  
0.27 0.41 0  
0.27 0.28 0  
0.67 0.27 0  
0.29 0.46 0  
0.57 0.28 0  
0.75 0.29 0  
0.28 0.27 0  
0.3 0.72 0  
0.27 0.32 0  
0.7 0.28 0  
0.26 0.6 0  
0.55 0.74 0  
0.74 0.43 0  
0.41 0.26 0  
0.27 0.42 0  
0.41 0.73 0  
0.62 0.27 0  
0.45 0.26 0  
0.27 0.72 0  
0.27 0.29 0  
0.27 0.39 0  
0.27 0.38 0  
0.48 0.26 0  
0.5 0.26 0  
0.73 0.6 0  
0.35 0.72 0  
0.73 0.27 0  
0.71 0.74 0  
0.64 0.27 0  
0.52 0.27 0  
0.74 0.62 0  
0.66 0.27 0  
0.44 0.73 0  
0.58 0.28 0  
0.37 0.73 0  
0.32 0.26 0  
0.34 0.26 0  
0.73 0.64 0  
0.54 0.27 0  
0.42 0.73 0  
0.29 0.47 0  
0.35 0.25 0  
0.73 0.72 0  
0.73 0.68 0  
0.74 0.7 0  
0.71 0.51 0  
0.74 0.36 0  
0.73 0.65 0  
0.43 0.26 0  
0.34 0.72 0  
0.72 0.46 0  
0.38 0.26 0  
0.28 0.36 0  
0.73 0.57 0  
0.74 0.4 0  
0.72 0.53 0  
0.75 0.32 0  
0.32 0.71 0  
0.28 0.44 0  
0.36 0.73 0  
0.48 0.72 0  
0.25 0.65 0  
0.29 0.5 0  
0.29 0.52 0  
0.28 0.56 0  
0.27 0.58 0  
0.28 0.55 0  
0.28 0.53 0  
0.27 0.57 0  
0.29 0.49 0  
0.26 0.59 0  
0.25 0.67 0  
0.61 0.75 0  
0.59 0.75 0  
0.68 0.75 0  
0.58 0.74 0  
0.53 0.73 0  
0.51 0.72 0  
0.5 0.72 0  
0.25 0.69 0  
0.65 0.75 0  
0.63 0.75 0  
0.7 0.75 0  
0.26 0.71 0  
0.75 0.34 0  
0.75 0.3 0  
0.37 0.25 0  
0.26 0.64 0  
0.3 0.5 0  
0.51 0.71 0  
0.57 0.29 0  
0.42 0.27 0  
0.72 0.63 0  
0.29 0.37 0  
0.68 0.29 0  
0.33 0.7 0  
0.72 0.67 0  
0.74 0.33 0  
0.72 0.72 0  
0.42 0.72 0  
0.28 0.31 0  
0.26 0.68 0  
0.74 0.31 0  
0.7 0.29 0  
0.64 0.28 0  
0.3 0.47 0  
0.3 0.71 0  
0.28 0.42 0  
0.29 0.53 0  
0.27 0.71 0  
0.73 0.28 0  
0.71 0.46 0  
0.73 0.62 0  
0.49 0.71 0  
0.64 0.74 0  
0.62 0.74 0  
0.59 0.74 0  
0.69 0.74 0  
0.74 0.35 0  
0.74 0.29 0  
0.31 0.71 0  
0.26 0.61 0  
0.47 0.72 0  
0.73 0.43 0  
0.4 0.27 0  
0.28 0.43 0  
0.72 0.54 0  
0.62 0.28 0  
0.61 0.28 0  
0.4 0.73 0  
0.44 0.26 0  
0.28 0.29 0  
0.28 0.39 0  
0.28 0.71 0  
0.72 0.28 0  
0.53 0.72 0  
0.56 0.73 0  
0.35 0.71 0  
0.37 0.72 0  
0.71 0.73 0  
0.73 0.58 0  
0.66 0.28 0  
0.51 0.27 0  
0.73 0.61 0  
0.36 0.72 0  
0.44 0.72 0  
0.45 0.72 0  
0.28 0.28 0  
0.28 0.35 0  
0.36 0.26 0  
0.35 0.26 0  
0.53 0.28 0  
0.54 0.28 0  
0.38 0.73 0  
0.33 0.26 0  
0.67 0.28 0  
0.49 0.26 0  
0.73 0.66 0  
0.3 0.48 0  
0.59 0.28 0  
0.73 0.71 0  
0.73 0.69 0  
0.27 0.4 0  
0.56 0.28 0  
0.7 0.48 0  
0.7 0.5 0  
0.72 0.64 0  
0.46 0.26 0  
0.74 0.37 0  
0.39 0.26 0  
0.32 0.27 0  
0.31 0.27 0  
0.72 0.45 0  
0.28 0.33 0  
0.28 0.38 0  
0.74 0.39 0  
0.71 0.52 0  
0.74 0.41 0  
0.72 0.56 0  
0.29 0.45 0  
0.29 0.51 0  
0.34 0.71 0  
0.26 0.63 0  
0.55 0.73 0  
0.28 0.57 0  
0.67 0.74 0  
0.57 0.74 0  
0.28 0.54 0  
0.27 0.6 0  
0.27 0.59 0  
0.65 0.74 0  
0.52 0.72 0  
0.54 0.73 0  
0.26 0.66 0  
0.7 0.74 0  
0.26 0.7 0  
0.6 0.75 0  
0.37 0.26 0  
0.29 0.27 0  
0.26 0.65 0  
0.69 0.49 0  
0.31 0.48 0  
0.71 0.63 0  
0.64 0.73 0  
0.73 0.38 0  
0.27 0.66 0  
0.71 0.72 0  
0.45 0.71 0  
0.61 0.29 0  
0.47 0.27 0  
0.3 0.7 0  
0.71 0.55 0  
0.32 0.28 0  
0.29 0.34 0  
0.36 0.27 0  
0.27 0.62 0  
0.58 0.73 0  
0.29 0.43 0  
0.4 0.72 0  
0.45 0.27 0  
0.28 0.4 0  
0.72 0.58 0  
0.72 0.6 0  
0.72 0.62 0  
0.71 0.45 0  
0.72 0.65 0  
0.38 0.72 0  
0.73 0.4 0  
0.73 0.42 0  
0.66 0.73 0  
0.6 0.74 0  
0.28 0.32 0  
0.69 0.29 0  
0.27 0.61 0  
0.47 0.71 0  
0.48 0.71 0  
0.57 0.73 0  
0.38 0.27 0  
0.39 0.27 0  
0.29 0.44 0  
0.59 0.29 0  
0.41 0.72 0  
0.29 0.55 0  
0.29 0.54 0  
0.27 0.7 0  
0.28 0.3 0  
0.28 0.41 0  
0.48 0.27 0  
0.5 0.27 0  
0.72 0.29 0  
0.71 0.29 0  
0.29 0.29 0  
0.3 0.28 0  
0.72 0.57 0  
0.63 0.28 0  
0.69 0.73 0  
0.36 0.71 0  
0.65 0.28 0  
0.55 0.29 0  
0.56 0.29 0  
0.53 0.29 0  
0.51 0.28 0  
0.34 0.27 0  
0.33 0.27 0  
0.72 0.66 0  
0.67 0.29 0  
0.43 0.72 0  
0.58 0.29 0  
0.41 0.27 0  
0.73 0.7 0  
0.29 0.38 0  
0.52 0.28 0  
0.73 0.36 0  
0.43 0.27 0  
0.72 0.68 0  
0.71 0.53 0  
0.72 0.44 0  
0.74 0.32 0  
0.7 0.51 0  
0.7 0.47 0  
0.29 0.36 0  
0.32 0.7 0  
0.29 0.7 0  
0.3 0.49 0  
0.3 0.46 0  
0.27 0.64 0  
0.34 0.7 0  
0.68 0.74 0  
0.3 0.52 0  
0.28 0.59 0  
0.28 0.58 0  
0.5 0.71 0  
0.3 0.51 0  
0.29 0.57 0  
0.73 0.29 0  
0.72 0.71 0  
0.52 0.71 0  
0.54 0.72 0  
0.56 0.72 0  
0.26 0.67 0  
0.7 0.73 0  
0.63 0.74 0  
0.26 0.69 0  
0.74 0.34 0  
0.61 0.74 0  
0.74 0.3 0  
0.29 0.28 0  
0.5 0.7 0  
0.55 0.3 0  
0.42 0.28 0  
0.3 0.38 0  
0.34 0.69 0  
0.67 0.3 0  
0.71 0.67 0  
0.71 0.71 0  
0.71 0.44 0  
0.29 0.32 0  
0.7 0.3 0  
0.73 0.33 0  
0.58 0.3 0  
0.42 0.71 0  
0.3 0.69 0  
0.48 0.7 0  
0.3 0.44 0  
0.29 0.3 0  
0.29 0.41 0  
0.71 0.57 0  
0.63 0.29 0  
0.5 0.28 0  
0.71 0.62 0  
0.4 0.28 0  
0.29 0.39 0  
0.62 0.73 0  
0.67 0.73 0  
0.31 0.7 0  
0.29 0.33 0  
0.68 0.3 0  
0.58 0.72 0  
0.73 0.41 0  
0.38 0.28 0  
0.3 0.45 0  
0.71 0.54 0  
0.6 0.29 0  
0.41 0.71 0  
0.46 0.27 0  
0.28 0.7 0  
0.29 0.42 0  
0.72 0.59 0  
0.71 0.3 0  
0.3 0.29 0  
0.62 0.29 0  
0.71 0.56 0  
0.72 0.3 0  
0.73 0.31 0  
0.49 0.27 0  
0.69 0.72 0  
0.72 0.61 0  
0.37 0.71 0  
0.64 0.29 0  
0.66 0.29 0  
0.29 0.35 0  
0.46 0.71 0  
0.73 0.3 0  
0.33 0.28 0  
0.52 0.29 0  
0.71 0.66 0  
0.71 0.64 0  
0.39 0.72 0  
0.69 0.48 0  
0.54 0.29 0  
0.31 0.5 0  
0.31 0.49 0  
0.37 0.27 0  
0.73 0.37 0  
0.31 0.28 0  
0.56 0.3 0  
0.44 0.27 0  
0.72 0.43 0  
0.69 0.5 0  
0.72 0.69 0  
0.72 0.7 0  
0.3 0.37 0  
0.7 0.46 0  
0.7 0.52 0  
0.73 0.35 0  
0.73 0.39 0  
0.27 0.63 0  
0.33 0.69 0  
0.44 0.71 0  
0.3 0.53 0  
0.3 0.55 0  
0.31 0.47 0  
0.35 0.7 0  
0.27 0.65 0  
0.6 0.73 0  
0.59 0.73 0  
0.29 0.59 0  
0.28 0.62 0  
0.29 0.58 0  
0.31 0.52 0  
0.28 0.6 0  
0.57 0.72 0  
0.29 0.56 0  
0.52 0.7 0  
0.65 0.73 0  
0.53 0.71 0  
0.55 0.72 0  
0.7 0.72 0  
0.63 0.73 0  
0.68 0.73 0  
0.27 0.68 0  
0.27 0.69 0  
0.35 0.27 0  
0.27 0.67 0  
0.32 0.5 0  
0.68 0.49 0  
0.55 0.31 0  
0.42 0.7 0  
0.62 0.3 0  
0.7 0.62 0  
0.64 0.72 0  
0.31 0.38 0  
0.35 0.69 0  
0.72 0.38 0  
0.67 0.31 0  
0.7 0.66 0  
0.34 0.68 0  
0.3 0.34 0  
0.71 0.43 0  
0.7 0.56 0  
0.56 0.71 0  
0.47 0.28 0  
0.53 0.7 0  
0.28 0.66 0  
0.31 0.69 0  
0.72 0.4 0  
0.31 0.45 0  
0.3 0.3 0  
0.7 0.31 0  
0.3 0.42 0  
0.72 0.31 0  
0.71 0.59 0  
0.71 0.61 0  
0.52 0.3 0  
0.46 0.7 0  
0.45 0.28 0  
0.32 0.48 0  
0.31 0.53 0  
0.29 0.6 0  
0.32 0.29 0  
0.71 0.7 0  
0.32 0.69 0  
0.3 0.33 0  
0.28 0.64 0  
0.28 0.63 0  
0.49 0.7 0  
0.59 0.72 0  
0.36 0.28 0  
0.34 0.28 0  
0.37 0.28 0  
0.31 0.46 0  
0.7 0.54 0  
0.7 0.53 0  
0.6 0.3 0  
0.59 0.3 0  
0.3 0.57 0  
0.3 0.56 0  
0.29 0.31 0  
0.5 0.29 0  
0.3 0.43 0  
0.71 0.58 0  
0.37 0.7 0  
0.39 0.71 0  
0.3 0.39 0  
0.48 0.28 0  
0.69 0.71 0  
0.66 0.72 0  
0.68 0.72 0  
0.28 0.69 0  
0.29 0.69 0  
0.66 0.3 0  
0.38 0.71 0  
0.54 0.3 0  
0.63 0.3 0  
0.47 0.7 0  
0.51 0.29 0  
0.65 0.29 0  
0.57 0.3 0  
0.4 0.71 0  
0.41 0.28 0  
0.43 0.71 0  
0.49 0.28 0  
0.69 0.3 0  
0.29 0.4 0  
0.72 0.42 0  
0.39 0.28 0  
0.43 0.28 0  
0.71 0.65 0  
0.69 0.51 0  
0.7 0.45 0  
0.69 0.46 0  
0.69 0.47 0  
0.71 0.68 0  
0.72 0.36 0  
0.7 0.63 0  
0.3 0.36 0  
0.73 0.34 0  
0.31 0.51 0  
0.3 0.54 0  
0.45 0.7 0  
0.36 0.7 0  
0.3 0.59 0  
0.28 0.61 0  
0.51 0.7 0  
0.58 0.71 0  
0.7 0.71 0  
0.55 0.71 0  
0.54 0.71 0  
0.62 0.72 0  
0.61 0.73 0  
0.31 0.29 0  
0.73 0.32 0  
0.28 0.68 0  
0.53 0.69 0  
0.47 0.69 0  
0.62 0.31 0  
0.69 0.62 0  
0.42 0.29 0  
0.38 0.29 0  
0.31 0.34 0  
0.29 0.64 0  
0.66 0.31 0  
0.3 0.6 0  
0.32 0.68 0  
0.59 0.71 0  
0.58 0.31 0  
0.31 0.39 0  
0.32 0.46 0  
0.69 0.53 0  
0.3 0.31 0  
0.43 0.7 0  
0.31 0.43 0  
0.69 0.31 0  
0.7 0.58 0  
0.72 0.33 0  
0.71 0.42 0  
0.69 0.45 0  
0.54 0.31 0  
0.65 0.3 0  
0.7 0.65 0  
0.4 0.7 0  
0.38 0.7 0  
0.35 0.68 0  
0.3 0.4 0  
0.51 0.69 0  
0.56 0.7 0  
0.68 0.71 0  
0.71 0.69 0  
0.33 0.68 0  
0.5 0.69 0  
0.72 0.39 0  
0.36 0.29 0  
0.32 0.47 0  
0.69 0.52 0  
0.3 0.32 0  
0.59 0.31 0  
0.44 0.7 0  
0.3 0.68 0  
0.29 0.68 0  
0.31 0.44 0  
0.68 0.31 0  
0.7 0.57 0  
0.37 0.69 0  
0.61 0.3 0  
0.7 0.55 0  
0.71 0.31 0  
0.29 0.62 0  
0.6 0.72 0  
0.61 0.72 0  
0.71 0.6 0  
0.53 0.3 0  
0.3 0.35 0  
0.7 0.61 0  
0.51 0.3 0  
0.64 0.3 0  
0.7 0.64 0  
0.4 0.29 0  
0.68 0.48 0  
0.41 0.7 0  
0.49 0.29 0  
0.47 0.29 0  
0.46 0.28 0  
0.3 0.41 0  
0.32 0.52 0  
0.32 0.51 0  
0.72 0.41 0  
0.44 0.28 0  
0.34 0.29 0  
0.33 0.29 0  
0.68 0.5 0  
0.68 0.46 0  
0.56 0.31 0  
0.7 0.44 0  
0.7 0.67 0  
0.72 0.35 0  
0.72 0.37 0  
0.31 0.37 0  
0.49 0.69 0  
0.3 0.58 0  
0.28 0.65 0  
0.36 0.69 0  
0.32 0.49 0  
0.57 0.71 0  
0.46 0.69 0  
0.63 0.72 0  
0.55 0.7 0  
0.28 0.67 0  
0.29 0.61 0  
0.31 0.55 0  
0.31 0.57 0  
0.31 0.54 0  
0.65 0.72 0  
0.54 0.7 0  
0.7 0.7 0  
0.67 0.72 0  
0.35 0.28 0  
0.31 0.3 0  
0.72 0.32 0  
0.33 0.51 0  
0.67 0.49 0  
0.51 0.68 0  
0.54 0.32 0  
0.68 0.45 0  
0.58 0.32 0  
0.32 0.39 0  
0.35 0.67 0  
0.64 0.71 0  
0.71 0.38 0  
0.66 0.32 0  
0.69 0.66 0  
0.33 0.47 0  
0.34 0.3 0  
0.47 0.68 0  
0.42 0.69 0  
0.33 0.67 0  
0.68 0.32 0  
0.71 0.35 0  
0.69 0.56 0  
0.69 0.61 0  
0.7 0.69 0  
0.31 0.35 0  
0.68 0.52 0  
0.32 0.44 0  
0.61 0.31 0  
0.7 0.59 0  
0.51 0.31 0  
0.53 0.31 0  
0.38 0.69 0  
0.62 0.71 0  
0.6 0.71 0  
0.58 0.7 0  
0.7 0.68 0  
0.31 0.36 0  
0.64 0.31 0  
0.65 0.31 0  
0.29 0.66 0  
0.29 0.65 0  
0.71 0.4 0  
0.33 0.48 0  
0.45 0.29 0  
0.46 0.29 0  
0.68 0.51 0  
0.31 0.31 0  
0.44 0.69 0  
0.45 0.69 0  
0.31 0.59 0  
0.31 0.58 0  
0.31 0.41 0  
0.32 0.45 0  
0.69 0.57 0  
0.37 0.68 0  
0.6 0.31 0  
0.7 0.32 0  
0.7 0.6 0  
0.71 0.41 0  
0.39 0.7 0  
0.71 0.33 0  
0.63 0.31 0  
0.49 0.3 0  
0.5 0.3 0  
0.48 0.69 0  
0.69 0.64 0  
0.69 0.63 0  
0.69 0.44 0  
0.57 0.31 0  
0.41 0.29 0  
0.48 0.29 0  
0.41 0.69 0  
0.39 0.29 0  
0.31 0.42 0  
0.7 0.42 0  
0.37 0.29 0  
0.55 0.32 0  
0.31 0.4 0  
0.7 0.43 0  
0.43 0.29 0  
0.68 0.47 0  
0.69 0.54 0  
0.32 0.38 0  
0.31 0.33 0  
0.71 0.36 0  
0.72 0.34 0  
0.31 0.68 0  
0.31 0.56 0  
0.32 0.54 0  
0.32 0.53 0  
0.36 0.68 0  
0.5 0.68 0  
0.33 0.5 0  
0.29 0.63 0  
0.3 0.61 0  
0.52 0.69 0  
0.71 0.32 0  
0.66 0.71 0  
0.54 0.69 0  
0.57 0.7 0  
0.56 0.69 0  
0.69 0.7 0  
0.67 0.71 0  
0.35 0.29 0  
0.32 0.3 0  
0.3 0.67 0  
0.29 0.67 0  
0.34 0.51 0  
0.51 0.67 0  
0.54 0.33 0  
0.68 0.61 0  
0.42 0.3 0  
0.32 0.59 0  
0.42 0.68 0  
0.33 0.39 0  
0.38 0.3 0  
0.66 0.7 0  
0.32 0.35 0  
0.38 0.68 0  
0.34 0.48 0  
0.45 0.3 0  
0.3 0.64 0  
0.61 0.32 0  
0.67 0.46 0  
0.7 0.35 0  
0.53 0.68 0  
0.67 0.51 0  
0.68 0.56 0  
0.57 0.32 0  
0.31 0.67 0  
0.33 0.45 0  
0.39 0.69 0  
0.63 0.32 0  
0.65 0.32 0  
0.68 0.63 0  
0.48 0.68 0  
0.32 0.42 0  
0.68 0.44 0  
0.32 0.4 0  
0.32 0.57 0  
0.33 0.54 0  
0.32 0.55 0  
0.68 0.7 0  
0.32 0.31 0  
0.7 0.33 0  
0.69 0.68 0  
0.69 0.67 0  
0.34 0.67 0  
0.52 0.68 0  
0.71 0.39 0  
0.67 0.5 0  
0.56 0.32 0  
0.31 0.32 0  
0.61 0.71 0  
0.32 0.67 0  
0.33 0.46 0  
0.67 0.32 0  
0.53 0.32 0  
0.69 0.69 0  
0.69 0.55 0  
0.69 0.32 0  
0.69 0.6 0  
0.7 0.4 0  
0.52 0.31 0  
0.4 0.69 0  
0.5 0.31 0  
0.49 0.68 0  
0.4 0.3 0  
0.67 0.48 0  
0.47 0.3 0  
0.48 0.3 0  
0.69 0.42 0  
0.44 0.29 0  
0.32 0.43 0  
0.33 0.53 0  
0.33 0.52 0  
0.36 0.3 0  
0.69 0.43 0  
0.68 0.53 0  
0.59 0.32 0  
0.69 0.65 0  
0.7 0.41 0  
0.69 0.58 0  
0.32 0.34 0  
0.71 0.37 0  
0.32 0.37 0  
0.33 0.49 0  
0.46 0.68 0  
0.45 0.68 0  
0.31 0.6 0  
0.43 0.69 0  
0.59 0.7 0  
0.36 0.67 0  
0.63 0.71 0  
0.3 0.62 0  
0.65 0.71 0  
0.55 0.69 0  
0.58 0.69 0  
0.57 0.69 0  
0.35 0.3 0  
0.3 0.66 0  
0.33 0.3 0  
0.71 0.34 0  
0.66 0.5 0  
0.46 0.67 0  
0.58 0.33 0  
0.62 0.7 0  
0.36 0.66 0  
0.32 0.6 0  
0.33 0.35 0  
0.34 0.31 0  
0.65 0.33 0  
0.68 0.66 0  
0.59 0.69 0  
0.34 0.66 0  
0.53 0.33 0  
0.56 0.68 0  
0.34 0.49 0  
0.44 0.3 0  
0.32 0.32 0  
0.68 0.55 0  
0.34 0.46 0  
0.67 0.33 0  
0.69 0.33 0  
0.68 0.6 0  
0.5 0.32 0  
0.52 0.32 0  
0.47 0.31 0  
0.49 0.67 0  
0.33 0.43 0  
0.33 0.4 0  
0.43 0.68 0  
0.33 0.55 0  
0.54 0.68 0  
0.68 0.68 0  
0.68 0.69 0  
0.32 0.36 0  
0.64 0.32 0  
0.52 0.67 0  
0.7 0.38 0  
0.34 0.5 0  
0.43 0.3 0  
0.66 0.48 0  
0.32 0.33 0  
0.56 0.33 0  
0.55 0.33 0  
0.68 0.54 0  
0.31 0.66 0  
0.34 0.47 0  
0.6 0.32 0  
0.61 0.7 0  
0.69 0.59 0  
0.7 0.39 0  
0.39 0.68 0  
0.48 0.31 0  
0.49 0.31 0  
0.62 0.32 0  
0.68 0.62 0  
0.41 0.3 0  
0.5 0.67 0  
0.39 0.3 0  
0.68 0.43 0  
0.46 0.3 0  
0.33 0.44 0  
0.69 0.4 0  
0.67 0.52 0  
0.37 0.3 0  
0.69 0.41 0  
0.32 0.41 0  
0.44 0.68 0  
0.67 0.47 0  
0.68 0.64 0  
0.67 0.44 0  
0.67 0.45 0  
0.7 0.36 0  
0.68 0.57 0  
0.33 0.38 0  
0.32 0.58 0  
0.31 0.62 0  
0.33 0.66 0  
0.31 0.61 0  
0.41 0.68 0  
0.48 0.67 0  
0.34 0.52 0  
0.34 0.54 0  
0.37 0.67 0  
0.6 0.7 0  
0.64 0.7 0  
0.58 0.68 0  
0.32 0.56 0  
0.3 0.63 0  
0.67 0.7 0  
0.65 0.7 0  
0.36 0.31 0  
0.3 0.65 0  
0.33 0.31 0  
0.7 0.34 0  
0.35 0.51 0  
0.52 0.66 0  
0.53 0.34 0  
0.34 0.4 0  
0.4 0.31 0  
0.67 0.6 0  
0.67 0.63 0  
0.33 0.6 0  
0.34 0.55 0  
0.35 0.47 0  
0.37 0.66 0  
0.64 0.69 0  
0.59 0.68 0  
0.43 0.31 0  
0.67 0.55 0  
0.61 0.33 0  
0.67 0.43 0  
0.49 0.66 0  
0.43 0.67 0  
0.34 0.65 0  
0.33 0.36 0  
0.55 0.34 0  
0.62 0.69 0  
0.69 0.35 0  
0.66 0.46 0  
0.68 0.4 0  
0.34 0.44 0  
0.33 0.41 0  
0.33 0.58 0  
0.33 0.56 0  
0.6 0.69 0  
0.67 0.68 0  
0.35 0.66 0  
0.33 0.37 0  
0.63 0.33 0  
0.53 0.67 0  
0.7 0.37 0  
0.35 0.5 0  
0.66 0.49 0  
0.33 0.33 0  
0.33 0.34 0  
0.47 0.67 0  
0.32 0.62 0  
0.32 0.61 0  
0.32 0.66 0  
0.35 0.48 0  
0.66 0.33 0  
0.39 0.67 0  
0.68 0.33 0  
0.66 0.69 0  
0.31 0.64 0  
0.52 0.33 0  
0.69 0.38 0  
0.51 0.32 0  
0.4 0.68 0  
0.49 0.32 0  
0.47 0.32 0  
0.45 0.31 0  
0.67 0.61 0  
0.42 0.31 0  
0.46 0.31 0  
0.66 0.47 0  
0.38 0.31 0  
0.68 0.59 0  
0.68 0.58 0  
0.34 0.32 0  
0.57 0.33 0  
0.68 0.42 0  
0.64 0.33 0  
0.66 0.51 0  
0.35 0.31 0  
0.33 0.42 0  
0.34 0.45 0  
0.59 0.33 0  
0.68 0.65 0  
0.66 0.44 0  
0.69 0.39 0  
0.67 0.56 0  
0.68 0.67 0  
0.67 0.53 0  
0.34 0.39 0  
0.31 0.63 0  
0.45 0.67 0  
0.51 0.66 0  
0.34 0.53 0  
0.57 0.68 0  
0.42 0.67 0  
0.63 0.7 0  
0.38 0.67 0  
0.33 0.32 0  
0.55 0.68 0  
0.67 0.69 0  
0.37 0.31 0  
0.31 0.65 0  
0.69 0.34 0  
0.65 0.49 0  
0.36 0.51 0  
0.52 0.65 0  
0.43 0.66 0  
0.35 0.4 0  
0.42 0.32 0  
0.58 0.67 0  
0.66 0.6 0  
0.63 0.34 0  
0.34 0.36 0  
0.36 0.32 0  
0.66 0.55 0  
0.35 0.55 0  
0.36 0.48 0  
0.52 0.34 0  
0.58 0.34 0  
0.66 0.43 0  
0.69 0.37 0  
0.65 0.34 0  
0.47 0.66 0  
0.49 0.33 0  
0.51 0.33 0  
0.4 0.67 0  
0.35 0.45 0  
0.56 0.67 0  
0.54 0.67 0  
0.66 0.68 0  
0.67 0.66 0  
0.6 0.68 0  
0.67 0.67 0  
0.36 0.65 0  
0.62 0.33 0  
0.69 0.36 0  
0.65 0.48 0  
0.34 0.33 0  
0.34 0.42 0  
0.54 0.34 0  
0.48 0.66 0  
0.33 0.61 0  
0.67 0.54 0  
0.6 0.33 0  
0.53 0.66 0  
0.67 0.34 0  
0.34 0.56 0  
0.67 0.58 0  
0.67 0.57 0  
0.68 0.35 0  
0.41 0.67 0  
0.48 0.32 0  
0.46 0.32 0  
0.65 0.46 0  
0.5 0.66 0  
0.44 0.31 0  
0.67 0.42 0  
0.68 0.39 0  
0.65 0.5 0  
0.67 0.62 0  
0.39 0.31 0  
0.56 0.34 0  
0.34 0.43 0  
0.41 0.31 0  
0.35 0.46 0  
0.66 0.45 0  
0.68 0.41 0  
0.67 0.64 0  
0.66 0.52 0  
0.34 0.38 0  
0.34 0.35 0  
0.44 0.67 0  
0.35 0.49 0  
0.35 0.54 0  
0.67 0.59 0  
0.34 0.41 0  
0.33 0.59 0  
0.33 0.65 0  
0.32 0.63 0  
0.32 0.64 0  
0.32 0.65 0  
0.35 0.65 0  
0.65 0.69 0  
0.35 0.53 0  
0.35 0.52 0  
0.46 0.66 0  
0.38 0.66 0  
0.33 0.57 0  
0.68 0.34 0  
0.61 0.69 0  
0.63 0.69 0  
0.38 0.32 0  
0.35 0.32 0  
0.64 0.49 0  
0.47 0.65 0  
0.52 0.35 0  
0.66 0.42 0  
0.66 0.63 0  
0.34 0.6 0  
0.35 0.56 0  
0.36 0.64 0  
0.53 0.65 0  
0.55 0.35 0  
0.35 0.36 0  
0.64 0.68 0  
0.66 0.54 0  
0.36 0.49 0  
0.6 0.34 0  
0.62 0.34 0  
0.67 0.35 0  
0.47 0.33 0  
0.65 0.44 0  
0.67 0.4 0  
0.5 0.65 0  
0.36 0.46 0  
0.44 0.66 0  
0.66 0.67 0  
0.38 0.65 0  
0.41 0.66 0  
0.39 0.66 0  
0.37 0.65 0  
0.34 0.37 0  
0.36 0.52 0  
0.36 0.54 0  
0.4 0.32 0  
0.41 0.32 0  
0.34 0.34 0  
0.53 0.35 0  
0.33 0.62 0  
0.34 0.64 0  
0.66 0.53 0  
0.36 0.5 0  
0.34 0.58 0  
0.64 0.34 0  
0.33 0.64 0  
0.59 0.34 0  
0.51 0.34 0  
0.66 0.34 0  
0.5 0.33 0  
0.48 0.33 0  
0.42 0.66 0  
0.66 0.59 0  
0.66 0.57 0  
0.66 0.56 0  
0.45 0.32 0  
0.65 0.45 0  
0.57 0.34 0  
0.67 0.41 0  
0.43 0.32 0  
0.51 0.65 0  
0.68 0.38 0  
0.37 0.32 0  
0.65 0.47 0  
0.66 0.61 0  
0.36 0.47 0  
0.65 0.51 0  
0.67 0.65 0  
0.35 0.44 0  
0.35 0.43 0  
0.35 0.41 0  
0.35 0.39 0  
0.49 0.65 0  
0.6 0.67 0  
0.34 0.57 0  
0.59 0.67 0  
0.55 0.67 0  
0.45 0.66 0  
0.54 0.66 0  
0.57 0.67 0  
0.62 0.68 0  
0.61 0.68 0  
0.65 0.68 0  
0.39 0.32 0  
0.68 0.36 0  
0.36 0.33 0  
0.35 0.33 0  
0.37 0.51 0  
0.53 0.64 0  
0.52 0.36 0  
0.64 0.44 0  
0.65 0.55 0  
0.65 0.59 0  
0.43 0.65 0  
0.36 0.41 0  
0.59 0.35 0  
0.4 0.33 0  
0.6 0.66 0  
0.62 0.35 0  
0.64 0.35 0  
0.47 0.34 0  
0.37 0.47 0  
0.56 0.66 0  
0.5 0.64 0  
0.35 0.37 0  
0.66 0.35 0  
0.42 0.33 0  
0.64 0.46 0  
0.64 0.48 0  
0.36 0.44 0  
0.39 0.65 0  
0.66 0.66 0  
0.66 0.64 0  
0.37 0.64 0  
0.35 0.38 0  
0.61 0.34 0  
0.55 0.66 0  
0.36 0.53 0  
0.48 0.65 0  
0.34 0.62 0  
0.35 0.34 0  
0.35 0.35 0  
0.65 0.53 0  
0.65 0.52 0  
0.37 0.5 0  
0.38 0.33 0  
0.57 0.35 0  
0.51 0.35 0  
0.65 0.56 0  
0.49 0.34 0  
0.45 0.33 0  
0.42 0.65 0  
0.66 0.58 0  
0.65 0.42 0  
0.56 0.35 0  
0.66 0.41 0  
0.5 0.34 0  
0.54 0.35 0  
0.68 0.37 0  
0.66 0.62 0  
0.44 0.32 0  
0.46 0.33 0  
0.52 0.64 0  
0.64 0.5 0  
0.65 0.6 0  
0.36 0.45 0  
0.65 0.43 0  
0.67 0.38 0  
0.67 0.39 0  
0.37 0.48 0  
0.34 0.61 0  
0.36 0.4 0  
0.46 0.65 0  
0.58 0.66 0  
0.35 0.42 0  
0.35 0.57 0  
0.36 0.55 0  
0.35 0.64 0  
0.45 0.65 0  
0.4 0.66 0  
0.34 0.59 0  
0.61 0.67 0  
0.54 0.65 0  
0.64 0.67 0  
0.65 0.67 0  
0.63 0.68 0  
0.34 0.63 0  
0.33 0.63 0  
0.67 0.36 0  
0.37 0.33 0  
0.63 0.49 0  
0.38 0.51 0  
0.53 0.63 0  
0.46 0.64 0  
0.64 0.55 0  
0.64 0.59 0  
0.37 0.41 0  
0.56 0.36 0  
0.65 0.41 0  
0.65 0.63 0  
0.51 0.36 0  
0.37 0.55 0  
0.36 0.37 0  
0.38 0.34 0  
0.43 0.64 0  
0.38 0.48 0  
0.35 0.6 0  
0.37 0.63 0  
0.61 0.66 0  
0.61 0.35 0  
0.36 0.35 0  
0.64 0.52 0  
0.65 0.58 0  
0.44 0.33 0  
0.66 0.38 0  
0.37 0.45 0  
0.36 0.42 0  
0.4 0.65 0  
0.35 0.58 0  
0.63 0.67 0  
0.66 0.36 0  
0.39 0.64 0  
0.38 0.64 0  
0.6 0.35 0  
0.56 0.65 0  
0.37 0.53 0  
0.64 0.47 0  
0.48 0.64 0  
0.49 0.64 0  
0.64 0.51 0  
0.39 0.33 0  
0.63 0.35 0  
0.58 0.35 0  
0.65 0.35 0  
0.48 0.34 0  
0.46 0.34 0  
0.36 0.34 0  
0.65 0.57 0  
0.43 0.33 0  
0.54 0.36 0  
0.64 0.43 0  
0.5 0.35 0  
0.41 0.33 0  
0.53 0.36 0  
0.51 0.64 0  
0.64 0.45 0  
0.65 0.54 0  
0.66 0.4 0  
0.65 0.61 0  
0.36 0.39 0  
0.37 0.46 0  
0.66 0.65 0  
0.37 0.49 0  
0.35 0.62 0  
0.37 0.52 0  
0.59 0.66 0  
0.36 0.43 0  
0.44 0.65 0  
0.36 0.56 0  
0.55 0.65 0  
0.41 0.65 0  
0.65 0.66 0  
0.54 0.64 0  
0.57 0.66 0  
0.62 0.67 0  
0.36 0.63 0  
0.35 0.63 0  
0.67 0.37 0  
0.51 0.37 0  
0.63 0.44 0  
0.59 0.36 0  
0.42 0.34 0  
0.37 0.56 0  
0.61 0.65 0  
0.62 0.36 0  
0.47 0.35 0  
0.49 0.63 0  
0.65 0.65 0  
0.63 0.46 0  
0.63 0.51 0  
0.64 0.54 0  
0.44 0.64 0  
0.65 0.4 0  
0.53 0.37 0  
0.38 0.46 0  
0.38 0.49 0  
0.54 0.63 0  
0.65 0.64 0  
0.38 0.63 0  
0.36 0.38 0  
0.6 0.36 0  
0.58 0.65 0  
0.57 0.65 0  
0.37 0.54 0  
0.37 0.35 0  
0.36 0.36 0  
0.51 0.63 0  
0.63 0.5 0  
0.38 0.52 0  
0.36 0.58 0  
0.5 0.36 0  
0.64 0.36 0  
0.37 0.62 0  
0.36 0.62 0  
0.64 0.53 0  
0.45 0.34 0  
0.45 0.64 0  
0.64 0.58 0  
0.43 0.34 0  
0.64 0.42 0  
0.55 0.36 0  
0.49 0.35 0  
0.4 0.34 0  
0.65 0.62 0  
0.63 0.48 0  
0.57 0.36 0  
0.66 0.39 0  
0.64 0.56 0  
0.64 0.6 0  
0.35 0.61 0  
0.37 0.4 0  
0.37 0.44 0  
0.37 0.42 0  
0.38 0.47 0  
0.65 0.36 0  
0.42 0.64 0  
0.4 0.64 0  
0.52 0.63 0  
0.38 0.5 0  
0.6 0.65 0  
0.36 0.57 0  
0.47 0.64 0  
0.56 0.64 0  
0.55 0.64 0  
0.35 0.59 0  
0.64 0.66 0  
0.37 0.34 0  
0.62 0.66 0  
0.66 0.37 0  
0.39 0.34 0  
0.39 0.5 0  
0.62 0.49 0  
0.53 0.62 0  
0.63 0.55 0  
0.38 0.42 0  
0.45 0.63 0  
0.42 0.35 0  
0.63 0.58 0  
0.38 0.62 0  
0.37 0.38 0  
0.59 0.37 0  
0.61 0.64 0  
0.5 0.37 0  
0.4 0.35 0  
0.39 0.47 0  
0.64 0.62 0  
0.38 0.35 0  
0.55 0.37 0  
0.43 0.63 0  
0.64 0.65 0  
0.62 0.65 0  
0.4 0.63 0  
0.39 0.63 0  
0.37 0.39 0  
0.58 0.64 0  
0.63 0.45 0  
0.37 0.37 0  
0.5 0.63 0  
0.62 0.5 0  
0.38 0.53 0  
0.38 0.55 0  
0.61 0.36 0  
0.58 0.36 0  
0.63 0.36 0  
0.49 0.36 0  
0.63 0.53 0  
0.63 0.52 0  
0.48 0.35 0  
0.64 0.37 0  
0.65 0.39 0  
0.65 0.38 0  
0.44 0.34 0  
0.64 0.57 0  
0.37 0.36 0  
0.54 0.37 0  
0.64 0.41 0  
0.47 0.63 0  
0.52 0.37 0  
0.37 0.61 0  
0.36 0.59 0  
0.64 0.61 0  
0.63 0.42 0  
0.56 0.37 0  
0.63 0.43 0  
0.41 0.34 0  
0.45 0.35 0  
0.46 0.35 0  
0.63 0.47 0  
0.64 0.63 0  
0.63 0.59 0  
0.38 0.41 0  
0.38 0.45 0  
0.39 0.48 0  
0.52 0.62 0  
0.39 0.52 0  
0.37 0.57 0  
0.37 0.43 0  
0.59 0.65 0  
0.57 0.64 0  
0.55 0.63 0  
0.48 0.63 0  
0.41 0.64 0  
0.36 0.6 0  
0.63 0.66 0  
0.36 0.61 0  
0.65 0.37 0  
0.61 0.49 0  
0.53 0.61 0  
0.5 0.38 0  
0.39 0.42 0  
0.54 0.38 0  
0.4 0.48 0  
0.62 0.44 0  
0.62 0.58 0  
0.48 0.62 0  
0.45 0.36 0  
0.63 0.41 0  
0.38 0.61 0  
0.61 0.37 0  
0.38 0.39 0  
0.63 0.61 0  
0.58 0.37 0  
0.59 0.64 0  
0.62 0.46 0  
0.39 0.53 0  
0.63 0.37 0  
0.62 0.52 0  
0.38 0.43 0  
0.41 0.63 0  
0.62 0.64 0  
0.64 0.64 0  
0.4 0.62 0  
0.38 0.4 0  
0.57 0.37 0  
0.6 0.64 0  
0.38 0.57 0  
0.38 0.56 0  
0.47 0.36 0  
0.39 0.35 0  
0.48 0.36 0  
0.38 0.38 0  
0.38 0.36 0  
0.5 0.62 0  
0.51 0.62 0  
0.38 0.54 0  
0.6 0.37 0  
0.55 0.62 0  
0.58 0.63 0  
0.62 0.51 0  
0.63 0.57 0  
0.63 0.56 0  
0.46 0.63 0  
0.52 0.38 0  
0.64 0.4 0  
0.63 0.6 0  
0.49 0.37 0  
0.55 0.38 0  
0.62 0.48 0  
0.62 0.43 0  
0.43 0.35 0  
0.44 0.35 0  
0.63 0.62 0  
0.63 0.54 0  
0.39 0.49 0  
0.39 0.46 0  
0.39 0.51 0  
0.37 0.58 0  
0.54 0.62 0  
0.44 0.63 0  
0.38 0.44 0  
0.39 0.62 0  
0.56 0.63 0  
0.42 0.63 0  
0.37 0.6 0  
0.63 0.65 0  
0.64 0.38 0  
0.41 0.35 0  
0.54 0.39 0  
0.4 0.53 0  
0.45 0.62 0  
0.61 0.44 0  
0.58 0.38 0  
0.62 0.6 0  
0.49 0.38 0  
0.61 0.63 0  
0.39 0.57 0  
0.38 0.6 0  
0.39 0.39 0  
0.4 0.36 0  
0.42 0.36 0  
0.6 0.38 0  
0.63 0.38 0  
0.59 0.63 0  
0.51 0.61 0  
0.61 0.48 0  
0.61 0.51 0  
0.44 0.36 0  
0.62 0.54 0  
0.43 0.62 0  
0.41 0.62 0  
0.4 0.51 0  
0.4 0.49 0  
0.56 0.62 0  
0.38 0.58 0  
0.63 0.4 0  
0.63 0.63 0  
0.62 0.45 0  
0.47 0.37 0  
0.52 0.61 0  
0.4 0.61 0  
0.39 0.55 0  
0.39 0.54 0  
0.62 0.37 0  
0.39 0.61 0  
0.61 0.5 0  
0.46 0.36 0  
0.62 0.57 0  
0.53 0.38 0  
0.51 0.38 0  
0.48 0.37 0  
0.62 0.59 0  
0.62 0.61 0  
0.56 0.38 0  
0.62 0.53 0  
0.62 0.42 0  
0.62 0.47 0  
0.62 0.55 0  
0.39 0.41 0  
0.39 0.45 0  
0.39 0.43 0  
0.47 0.62 0  
0.4 0.47 0  
0.38 0.37 0  
0.54 0.61 0  
0.57 0.63 0  
0.49 0.62 0  
0.37 0.59 0  
0.63 0.64 0  
0.39 0.36 0  
0.64 0.39 0  
0.6 0.5 0  
0.41 0.48 0  
0.53 0.6 0  
0.49 0.39 0  
0.4 0.43 0  
0.61 0.57 0  
0.39 0.58 0  
0.48 0.61 0  
0.61 0.6 0  
0.58 0.62 0  
0.41 0.61 0  
0.62 0.38 0  
0.51 0.39 0  
0.53 0.39 0  
0.61 0.53 0  
0.62 0.62 0  
0.42 0.62 0  
0.39 0.4 0  
0.57 0.38 0  
0.6 0.63 0  
0.61 0.46 0  
0.61 0.45 0  
0.45 0.37 0  
0.46 0.37 0  
0.52 0.6 0  
0.61 0.47 0  
0.4 0.54 0  
0.59 0.38 0  
0.61 0.38 0  
0.47 0.38 0  
0.6 0.48 0  
0.43 0.36 0  
0.62 0.56 0  
0.46 0.62 0  
0.48 0.38 0  
0.41 0.36 0  
0.61 0.52 0  
0.55 0.39 0  
0.61 0.43 0  
0.61 0.54 0  
0.62 0.41 0  
0.61 0.58 0  
0.39 0.56 0  
0.4 0.46 0  
0.39 0.6 0  
0.4 0.42 0  
0.5 0.61 0  
0.4 0.5 0  
0.44 0.62 0  
0.4 0.52 0  
0.39 0.38 0  
0.39 0.44 0  
0.55 0.61 0  
0.57 0.62 0  
0.4 0.37 0  
0.39 0.37 0  
0.38 0.59 0  
0.62 0.63 0  
0.63 0.39 0  
0.41 0.53 0  
0.53 0.59 0  
0.45 0.61 0  
0.53 0.4 0  
0.6 0.44 0  
0.6 0.53 0  
0.41 0.43 0  
0.6 0.57 0  
0.4 0.4 0  
0.57 0.39 0  
0.58 0.61 0  
0.4 0.58 0  
0.42 0.37 0  
0.59 0.39 0  
0.44 0.37 0  
0.61 0.56 0  
0.6 0.51 0  
0.41 0.51 0  
0.41 0.49 0  
0.4 0.44 0  
0.4 0.38 0  
0.61 0.39 0  
0.43 0.61 0  
0.4 0.41 0  
0.56 0.39 0  
0.61 0.62 0  
0.61 0.61 0  
0.39 0.59 0  
0.6 0.46 0  
0.6 0.47 0  
0.45 0.38 0  
0.4 0.56 0  
0.4 0.55 0  
0.6 0.49 0  
0.62 0.4 0  
0.61 0.55 0  
0.52 0.39 0  
0.5 0.39 0  
0.61 0.59 0  
0.46 0.38 0  
0.48 0.39 0  
0.54 0.4 0  
0.61 0.42 0  
0.47 0.61 0  
0.6 0.62 0  
0.4 0.6 0  
0.55 0.6 0  
0.41 0.47 0  
0.59 0.62 0  
0.51 0.6 0  
0.54 0.6 0  
0.4 0.45 0  
0.42 0.61 0  
0.56 0.61 0  
0.49 0.61 0  
0.41 0.37 0  
0.62 0.39 0  
0.59 0.49 0  
0.42 0.48 0  
0.48 0.4 0  
0.53 0.41 0  
0.41 0.41 0  
0.48 0.6 0  
0.56 0.4 0  
0.43 0.6 0  
0.6 0.6 0  
0.44 0.38 0  
0.5 0.4 0  
0.52 0.4 0  
0.45 0.39 0  
0.41 0.6 0  
0.56 0.6 0  
0.61 0.41 0  
0.6 0.61 0  
0.44 0.61 0  
0.41 0.42 0  
0.55 0.4 0  
0.4 0.59 0  
0.54 0.59 0  
0.58 0.39 0  
0.6 0.39 0  
0.59 0.48 0  
0.59 0.46 0  
0.43 0.37 0  
0.6 0.56 0  
0.46 0.61 0  
0.47 0.39 0  
0.6 0.52 0  
0.6 0.43 0  
0.59 0.5 0  
0.6 0.45 0  
0.6 0.58 0  
0.6 0.54 0  
0.41 0.46 0  
0.41 0.44 0  
0.4 0.57 0  
0.41 0.5 0  
0.57 0.61 0  
0.5 0.6 0  
0.41 0.52 0  
0.41 0.55 0  
0.41 0.54 0  
0.52 0.59 0  
0.59 0.61 0  
0.4 0.39 0  
0.42 0.38 0  
0.41 0.38 0  
0.61 0.4 0  
0.58 0.49 0  
0.42 0.53 0  
0.53 0.58 0  
0.59 0.53 0  
0.42 0.44 0  
0.59 0.56 0  
0.42 0.42 0  
0.59 0.44 0  
0.55 0.41 0  
0.58 0.4 0  
0.41 0.58 0  
0.41 0.56 0  
0.52 0.41 0  
0.47 0.4 0  
0.46 0.6 0  
0.44 0.6 0  
0.59 0.51 0  
0.42 0.51 0  
0.42 0.49 0  
0.42 0.39 0  
0.44 0.39 0  
0.54 0.41 0  
0.41 0.59 0  
0.58 0.6 0  
0.59 0.6 0  
0.59 0.45 0  
0.55 0.59 0  
0.41 0.4 0  
0.57 0.4 0  
0.59 0.4 0  
0.6 0.42 0  
0.6 0.41 0  
0.6 0.4 0  
0.6 0.55 0  
0.51 0.4 0  
0.49 0.4 0  
0.47 0.6 0  
0.46 0.39 0  
0.6 0.59 0  
0.59 0.57 0  
0.59 0.47 0  
0.51 0.59 0  
0.42 0.47 0  
0.42 0.6 0  
0.42 0.55 0  
0.41 0.45 0  
0.57 0.6 0  
0.49 0.6 0  
0.41 0.39 0  
0.43 0.38 0  
0.43 0.48 0  
0.47 0.41 0  
0.52 0.42 0  
0.58 0.46 0  
0.48 0.59 0  
0.58 0.56 0  
0.57 0.41 0  
0.58 0.59 0  
0.54 0.42 0  
0.56 0.59 0  
0.42 0.56 0  
0.44 0.59 0  
0.49 0.41 0  
0.51 0.41 0  
0.59 0.55 0  
0.44 0.4 0  
0.42 0.45 0  
0.42 0.4 0  
0.42 0.59 0  
0.59 0.58 0  
0.45 0.6 0  
0.42 0.43 0  
0.59 0.59 0  
0.58 0.44 0  
0.43 0.39 0  
0.41 0.57 0  
0.56 0.41 0  
0.58 0.41 0  
0.59 0.43 0  
0.59 0.42 0  
0.58 0.48 0  
0.59 0.41 0  
0.59 0.54 0  
0.45 0.4 0  
0.47 0.59 0  
0.46 0.4 0  
0.59 0.52 0  
0.58 0.5 0  
0.42 0.5 0  
0.42 0.52 0  
0.52 0.58 0  
0.42 0.54 0  
0.5 0.59 0  
0.55 0.58 0  
0.54 0.58 0  
0.42 0.46 0  
0.42 0.41 0  
0.57 0.49 0  
0.53 0.57 0  
0.43 0.53 0  
0.48 0.58 0  
0.43 0.45 0  
0.58 0.58 0  
0.45 0.59 0  
0.42 0.58 0  
0.56 0.58 0  
0.44 0.41 0  
0.56 0.42 0  
0.58 0.43 0  
0.51 0.42 0  
0.46 0.41 0  
0.58 0.52 0  
0.43 0.51 0  
0.43 0.49 0  
0.43 0.47 0  
0.58 0.57 0  
0.46 0.59 0  
0.43 0.44 0  
0.53 0.42 0  
0.42 0.57 0  
0.43 0.42 0  
0.43 0.41 0  
0.57 0.42 0  
0.57 0.59 0  
0.55 0.42 0  
0.58 0.42 0  
0.5 0.41 0  
0.58 0.55 0  
0.48 0.41 0  
0.58 0.51 0  
0.58 0.47 0  
0.58 0.53 0  
0.58 0.45 0  
0.51 0.58 0  
0.43 0.55 0  
0.55 0.57 0  
0.43 0.4 0  
0.49 0.59 0  
0.43 0.59 0  
0.44 0.48 0  
0.47 0.42 0  
0.51 0.43 0  
0.57 0.52 0  
0.46 0.58 0  
0.44 0.45 0  
0.57 0.46 0  
0.53 0.43 0  
0.55 0.43 0  
0.57 0.55 0  
0.56 0.57 0  
0.57 0.44 0  
0.49 0.58 0  
0.44 0.42 0  
0.47 0.58 0  
0.43 0.58 0  
0.43 0.56 0  
0.57 0.56 0  
0.57 0.57 0  
0.56 0.43 0  
0.57 0.43 0  
0.57 0.48 0  
0.49 0.42 0  
0.58 0.54 0  
0.45 0.41 0  
0.5 0.42 0  
0.57 0.5 0  
0.43 0.5 0  
0.43 0.43 0  
0.43 0.52 0  
0.54 0.57 0  
0.43 0.54 0  
0.52 0.57 0  
0.43 0.46 0  
0.5 0.58 0  
0.57 0.58 0  
0.45 0.58 0  
0.44 0.52 0  
0.56 0.49 0  
0.49 0.57 0  
0.47 0.57 0  
0.53 0.56 0  
0.44 0.56 0  
0.44 0.46 0  
0.45 0.42 0  
0.57 0.54 0  
0.44 0.43 0  
0.56 0.55 0  
0.56 0.56 0  
0.44 0.47 0  
0.52 0.43 0  
0.46 0.42 0  
0.55 0.44 0  
0.54 0.43 0  
0.56 0.44 0  
0.48 0.42 0  
0.57 0.53 0  
0.5 0.43 0  
0.57 0.51 0  
0.57 0.47 0  
0.57 0.45 0  
0.44 0.5 0  
0.44 0.49 0  
0.44 0.55 0  
0.43 0.57 0  
0.51 0.57 0  
0.55 0.56 0  
0.46 0.57 0  
0.44 0.54 0  
0.44 0.44 0  
0.44 0.58 0  
0.45 0.5 0  
0.5 0.44 0  
0.45 0.47 0  
0.45 0.55 0  
0.55 0.55 0  
0.56 0.52 0  
0.46 0.43 0  
0.56 0.47 0  
0.52 0.44 0  
0.54 0.44 0  
0.56 0.54 0  
0.48 0.57 0  
0.47 0.56 0  
0.45 0.57 0  
0.45 0.45 0  
0.45 0.44 0  
0.55 0.45 0  
0.56 0.48 0  
0.56 0.46 0  
0.47 0.43 0  
0.49 0.43 0  
0.56 0.45 0  
0.56 0.5 0  
0.45 0.48 0  
0.44 0.51 0  
0.44 0.53 0  
0.52 0.56 0  
0.45 0.43 0  
0.54 0.56 0  
0.5 0.57 0  
0.44 0.57 0  
0.55 0.49 0  
0.46 0.48 0  
0.53 0.55 0  
0.55 0.54 0  
0.54 0.45 0  
0.49 0.44 0  
0.5 0.56 0  
0.48 0.56 0  
0.51 0.44 0  
0.46 0.56 0  
0.54 0.55 0  
0.46 0.44 0  
0.55 0.47 0  
0.55 0.46 0  
0.53 0.44 0  
0.56 0.53 0  
0.48 0.43 0  
0.56 0.51 0  
0.45 0.49 0  
0.45 0.54 0  
0.45 0.46 0  
0.45 0.53 0  
0.45 0.51 0  
0.51 0.56 0  
0.45 0.56 0  
0.5 0.45 0  
0.46 0.54 0  
0.48 0.44 0  
0.55 0.51 0  
0.55 0.53 0  
0.51 0.55 0  
0.49 0.56 0  
0.46 0.5 0  
0.46 0.49 0  
0.48 0.55 0  
0.47 0.55 0  
0.53 0.54 0  
0.54 0.46 0  
0.52 0.45 0  
0.53 0.45 0  
0.55 0.48 0  
0.54 0.54 0  
0.47 0.44 0  
0.55 0.5 0  
0.46 0.47 0  
0.46 0.45 0  
0.45 0.52 0  
0.52 0.55 0  
0.46 0.55 0  
0.47 0.5 0  
0.54 0.49 0  
0.47 0.48 0  
0.49 0.55 0  
0.54 0.47 0  
0.5 0.55 0  
0.55 0.52 0  
0.48 0.45 0  
0.49 0.45 0  
0.52 0.54 0  
0.47 0.45 0  
0.51 0.45 0  
0.52 0.46 0  
0.53 0.53 0  
0.53 0.46 0  
0.54 0.53 0  
0.54 0.5 0  
0.46 0.52 0  
0.46 0.51 0  
0.46 0.53 0  
0.46 0.46 0  
0.47 0.54 0  
0.53 0.49 0  
0.52 0.53 0  
0.5 0.54 0  
0.54 0.51 0  
0.49 0.46 0  
0.51 0.46 0  
0.47 0.47 0  
0.51 0.54 0  
0.53 0.52 0  
0.47 0.51 0  
0.47 0.53 0  
0.54 0.48 0  
0.54 0.52 0  
0.53 0.47 0  
0.47 0.49 0  
0.47 0.46 0  
0.48 0.54 0  
0.48 0.5 0  
0.52 0.52 0  
0.48 0.53 0  
0.51 0.53 0  
0.48 0.48 0  
0.48 0.47 0  
0.47 0.52 0  
0.53 0.48 0  
0.5 0.46 0  
0.53 0.51 0  
0.53 0.5 0  
0.52 0.47 0  
0.48 0.46 0  
0.49 0.54 0  
0.52 0.49 0  
0.51 0.52 0  
0.48 0.52 0  
0.49 0.53 0  
0.48 0.51 0  
0.49 0.47 0  
0.51 0.47 0  
0.52 0.5 0  
0.52 0.48 0  
0.48 0.49 0  
0.52 0.51 0  
0.5 0.53 0  
0.49 0.5 0  
0.5 0.52 0  
0.51 0.49 0  
0.51 0.48 0  
0.49 0.52 0  
0.51 0.51 0  
0.5 0.47 0  
0.49 0.48 0  
0.5 0.51 0  
0.5 0.49 0  
0.5 0.48 0  
0.49 0.49 0  
0.51 0.5 0  
0.49 0.51 0  
0.5 0.5 0  
CELLS 10000 50000 
4 10195 10188 10198 10200 
4 10200 10186 10197 10195 
4 10194 10200 10198 10191 
4 9473 9554 9401 9391 
4 9161 9245 9075 9077 
4 8240 8364 8150 8136 
4 7898 8037 7818 7797 
4 10188 10195 10196 10189 
4 8480 8587 8409 8410 
4 9845 9901 9934 9947 
4 10078 10103 10124 10126 
4 6765 6982 6889 6586 
4 7819 7798 7546 7689 
4 10127 10155 10146 10100 
4 7317 7183 7117 7068 
4 5657 5792 5867 5713 
4 10179 10165 10172 10147 
4 5839 5529 5714 5868 
4 10176 10166 10152 10178 
4 8986 8973 9057 9166 
4 9248 9238 9316 9403 
4 8773 8892 8692 8680 
4 9611 9681 9556 9543 
4 8130 8261 8038 8026 
4 7678 7690 7429 7576 
4 6455 6475 6147 6326 
4 10172 10128 10129 10147 
4 9605 9682 9557 9545 
4 9323 9337 9152 9249 
4 5209 4860 5065 5320 
4 7669 7821 7577 7557 
4 6033 5846 5973 5869 
4 5563 5405 5235 5511 
4 5405 5100 5330 5235 
4 4540 4348 4664 4541 
4 4164 4377 3969 4013 
4 3969 3588 3817 4013 
4 5996 6054 6187 6328 
4 5359 5406 5716 5680 
4 6054 5996 5680 5716 
4 4338 4543 4180 3964 
4 8008 8151 8263 8245 
4 4163 4380 3975 4015 
4 3431 3200 3592 3818 
4 3964 4180 3818 3592 
4 3568 3636 3432 3369 
4 3817 3588 3188 3433 
4 4644 4723 4544 4380 
4 10163 10144 10130 10150 
4 3200 3431 3040 3009 
4 9987 9988 9980 10018 
4 9946 9933 10005 9988 
4 7512 7513 7578 7693 
4 7692 7547 7782 7927 
4 7927 7782 8015 8152 
4 7783 7928 8041 8027 
4 2017 2364 2438 2230 
4 8781 8804 8894 8988 
4 10188 10189 10182 10174 
4 6033 5869 6094 6278 
4 5370 5567 5238 5028 
4 5026 5237 4886 4693 
4 4693 4886 4545 4514 
4 5028 5238 4887 4694 
4 4546 4515 4694 4887 
4 2596 2844 2439 2189 
4 3434 3666 3243 3244 
4 2189 2439 2018 1761 
4 4015 3975 3593 3819 
4 10056 10068 10047 10083 
4 3010 2597 2845 3042 
4 4540 4541 4378 4834 
4 9854 9888 9903 9855 
4 9708 9750 9800 9768 
4 9900 9903 9888 9933 
4 9679 9721 9608 9748 
4 10068 10014 10021 10047 
4 1770 1570 1593 1943 
4 4150 4383 4016 3784 
4 8805 8667 8453 8590 
4 8042 8028 7786 7929 
4 3944 4311 4548 4183 
4 5029 5241 4891 4695 
4 4151 4384 4019 3779 
4 3605 3821 4184 3965 
4 3779 4019 3638 3398 
4 1761 2018 1594 1321 
4 3784 4016 3639 3607 
4 1593 1570 1376 1337 
4 4013 4058 4226 4164 
4 3965 4184 4386 4351 
4 5688 5776 5391 5413 
4 2670 2711 2190 2232 
4 3398 3638 3248 2999 
4 2232 2190 1882 1765 
4 3772 3823 4185 4144 
4 2233 2440 2053 2054 
4 4144 4185 4550 4508 
4 4892 4853 4508 4550 
4 3825 3826 4022 4187 
4 2382 2452 1957 2236 
4 5336 5204 4859 5068 
4 6632 6682 6382 6321 
4 2186 2276 2022 1772 
4 947 948 400 693 
4 4859 4709 4735 5068 
4 9630 9536 9383 9479 
4 9952 9967 9896 9937 
4 2999 3248 2847 2807 
4 8241 8371 8156 8017 
4 8017 8156 7931 7791 
4 7791 7931 7696 7552 
4 3822 3606 3193 3445 
4 7552 7696 7447 7290 
4 4882 4703 4590 4774 
4 1557 1805 1377 1338 
4 1321 1594 1138 872 
4 1375 1336 881 1137 
4 697 469 1137 881 
4 1135 1114 952 890 
4 10042 10080 10132 10097 
4 6436 6732 6919 6631 
4 7790 7930 7697 7549 
4 3204 3013 3051 3446 
4 856 694 1072 692 
4 9082 9171 8993 8992 
4 6883 7054 6773 6595 
4 3413 3447 3023 3252 
4 8594 8569 8702 8808 
4 9403 9316 9480 9463 
4 9477 9463 9564 9543 
4 2384 1961 2241 2639 
4 646 949 699 490 
4 7902 8046 7825 7802 
4 7794 7932 8012 8159 
4 6595 6773 6480 6302 
4 6302 6480 6189 5997 
4 7554 7698 7449 7423 
4 1572 1601 1149 1380 
4 9085 9067 9139 9252 
4 7448 7277 7699 7549 
4 695 1070 1299 691 
4 7424 7450 7171 7328 
4 6321 6382 6088 5999 
4 7054 6883 7328 7171 
4 5999 6088 5773 5682 
4 6481 6460 6674 6774 
4 696 491 1140 872 
4 5682 5773 5470 5371 
4 9933 9888 9954 10005 
4 1602 1379 1098 1573 
4 2238 2026 2029 2442 
4 8995 8996 9086 9173 
4 3755 3815 3651 3453 
4 2704 2673 2403 2450 
4 10186 10200 10194 10199 
4 10199 10178 10160 10186 
4 3014 3055 2600 2859 
4 640 528 856 525 
4 2642 3056 2805 2607 
4 3444 3211 3255 3436 
4 2027 2447 2187 1984 
4 2845 2597 2451 2179 
4 8688 8809 8906 8862 
4 3645 3436 3450 3598 
4 3149 3007 2860 2604 
4 5724 5877 5595 5594 
4 1337 1376 897 1147 
4 8508 8552 8598 8509 
4 2856 2404 2451 2597 
4 8810 8785 8903 8997 
4 4350 4547 4198 3970 
4 9751 9684 9689 9752 
4 7032 7059 6755 6923 
4 4472 4160 3963 4230 
4 5876 5697 5578 5546 
4 2998 3247 2862 2599 
4 4021 3598 3654 3794 
4 2851 3047 2850 2861 
4 2809 2852 2391 2651 
4 5722 5546 5419 5379 
4 6185 6336 6044 6007 
4 3486 3212 3259 3441 
4 8967 9087 8902 8876 
4 890 952 711 407 
4 8569 8594 8346 8497 
4 5575 5379 5251 5032 
4 8261 8130 8497 8346 
4 10187 10185 10177 10190 
4 6007 6044 5703 5879 
4 10107 10142 10159 10106 
4 3798 3655 3411 3831 
4 5244 4696 4900 5033 
4 5032 5251 4901 4697 
4 4556 4339 4900 4696 
4 3253 3411 3655 2997 
4 3038 3242 3453 2990 
4 2404 2244 2078 2451 
4 2844 2596 3060 3009 
4 4353 4397 4024 4199 
4 2189 2444 2863 2596 
4 3600 3829 4199 4024 
4 8461 8239 8277 8504 
4 3369 3432 3262 3007 
4 3435 3409 3679 3609 
4 4695 4891 4561 4343 
4 4894 4739 4504 4889 
4 1604 1605 1339 1383 
4 3188 3042 2789 3433 
4 2848 2599 2454 2407 
4 872 1140 1606 1321 
4 2379 2203 2245 2648 
4 4697 4901 4564 4518 
4 1789 2028 2453 2201 
4 3980 3458 3403 4032 
4 3447 3413 3658 3641 
4 5422 5253 5039 5421 
4 3958 4200 3838 3585 
4 3257 2793 2906 3015 
4 5574 5421 5376 5544 
4 700 454 1142 891 
4 1957 1776 1824 2236 
4 6743 6924 6636 6446 
4 693 400 252 253 
4 9629 9661 9553 9721 
4 2017 2230 2033 1770 
4 1774 1609 1324 1811 
4 3212 3065 2796 3259 
4 3038 2990 2585 2866 
4 9967 9905 9851 9896 
4 2637 2390 2864 2807 
4 2638 2407 2248 2235 
4 4125 4062 3800 3843 
4 3585 3838 3414 3459 
4 2380 1956 2249 2649 
4 2639 2796 3065 2384 
4 2237 2200 2656 2390 
4 1964 2246 1815 1559 
4 8274 8375 8163 8139 
4 3606 3822 4060 4058 
4 3970 4198 3848 3594 
4 2023 1762 2456 2200 
4 3459 3414 3271 2993 
4 1956 1816 1542 2249 
4 2585 2182 2459 2866 
4 9935 9841 9906 9950 
4 7936 8048 7828 7806 
4 10153 10162 10159 10142 
4 3068 3018 3205 3461 
4 7279 7452 7009 7196 
4 1377 1145 873 1338 
4 10142 10098 10140 10153 
4 9840 9859 9732 9802 
4 3212 3486 3048 3070 
4 4498 4400 4355 4742 
4 9682 9605 9802 9732 
4 10092 10055 10117 10141 
4 2600 2698 2461 2197 
4 10106 10159 10173 10124 
4 10159 10162 10177 10173 
4 491 696 255 256 
4 6483 6321 5999 6193 
4 698 311 312 542 
4 4703 4730 4402 4594 
4 9955 9938 9989 9978 
4 7028 7045 7197 7184 
4 9907 9887 9953 9938 
4 8031 8049 7820 7938 
4 9859 9840 9908 9887 
4 7690 7678 7938 7820 
4 8277 8239 8013 8052 
4 251 252 400 530 
4 2239 2235 2039 1773 
4 3848 3464 3416 3594 
4 8052 8013 7805 7939 
4 7566 7702 7939 7805 
4 3270 2993 2871 2584 
4 7294 7451 7705 7567 
4 1145 471 706 873 
4 3297 3245 2806 3071 
4 1380 1149 960 1176 
4 6000 6191 5882 5853 
4 3462 3661 3293 3294 
4 6337 6338 6639 6432 
4 8471 8500 8251 8377 
4 6040 6041 6343 6130 
4 2647 2861 2646 2666 
4 2852 2809 3070 3048 
4 6737 6911 7078 7045 
4 1076 1144 644 958 
4 469 697 352 353 
4 5547 5732 5425 5383 
4 5208 5231 5093 4941 
4 2793 2393 2667 2906 
4 10178 10199 10190 10176 
4 3043 2797 2669 2379 
4 6624 6447 6345 6311 
4 6740 6916 6640 6447 
4 6476 6311 6196 6161 
4 6330 6161 6050 6011 
4 4404 4567 4233 4232 
4 6182 6011 5884 5687 
4 4041 3802 3667 3612 
4 6028 5868 5710 5966 
4 1775 1819 1389 1613 
4 2022 1812 1615 1772 
4 3215 3272 2827 3074 
4 1339 894 1152 1383 
4 7317 7068 7149 7526 
4 2393 2205 2254 2667 
4 4209 4401 3984 4047 
4 1139 493 708 863 
4 10185 10187 10175 10163 
4 9384 9486 9346 9229 
4 10196 10192 10180 10189 
4 5871 5687 5366 5584 
4 2584 2871 2463 2184 
4 2861 2850 2671 2646 
4 7673 7829 7591 7407 
4 3587 3187 3468 3849 
4 454 700 257 258 
4 9675 9692 9542 9636 
4 3846 3612 3467 3417 
4 9485 9388 9636 9542 
4 9249 9152 9088 8968 
4 540 404 350 351 
4 5569 5384 5260 5213 
4 10130 10144 10134 10108 
4 10044 10120 10081 10096 
4 10108 10074 10119 10130 
4 2781 3049 2875 2673 
4 9232 9345 9487 9388 
4 3603 3850 3469 3197 
4 10096 10012 10033 10044 
4 1613 1389 1158 1163 
4 5383 5425 5040 5261 
4 4898 4869 5261 5040 
4 4855 5087 4509 4750 
4 4557 4558 4910 4699 
4 1595 1554 1346 1395 
4 2643 2170 2466 2608 
4 6032 6179 6003 6118 
4 4193 4194 4569 4352 
4 1975 2253 1828 1778 
4 2651 2391 2259 1965 
4 3417 3467 3014 3277 
4 962 961 710 541 
4 9985 9969 9899 9935 
4 3416 3464 3020 3278 
4 4836 4883 4751 4510 
4 1777 1618 1345 1825 
4 961 962 1391 1078 
4 542 950 959 698 
4 6276 6125 5972 5923 
4 538 212 213 537 
4 3470 3668 3256 3276 
4 8968 9088 8905 8778 
4 9787 9874 9899 9969 
4 1806 1983 1937 1588 
4 10081 10120 10107 10053 
4 9874 9793 9853 9899 
4 8778 8905 8711 8683 
4 5535 5734 5428 5202 
4 9800 9853 9793 9768 
4 5384 5569 5740 5719 
4 7316 7315 7457 7439 
4 10167 10156 10125 10154 
4 2205 2050 1777 2254 
4 2666 2646 2470 2415 
4 2392 2668 2262 1966 
4 1097 1558 1831 1387 
4 440 210 211 704 
4 5011 5239 5429 5409 
4 9828 9850 9879 9829 
4 2045 1741 1620 1579 
4 5202 5428 5091 4862 
4 695 691 468 747 
4 7806 7828 7574 7707 
4 7440 7439 7707 7574 
4 1324 1155 983 1385 
4 4047 3984 3656 3853 
4 4190 3964 3592 3852 
4 1816 1402 1403 1542 
4 2258 1747 2052 2170 
4 8867 8999 9182 9066 
4 7529 7648 7767 7437 
4 4903 4899 5263 5077 
4 5532 5818 5476 5197 
4 3966 4215 3833 3854 
4 6715 6442 6415 6490 
4 4888 4868 5092 5038 
4 4181 3959 3855 3587 
4 10040 9985 10034 10071 
4 708 460 1150 863 
4 10069 10082 10045 10036 
4 7045 7028 6931 6737 
4 8140 8164 7900 8056 
4 1752 1538 1833 2042 
4 872 1138 529 696 
4 7821 7669 8056 7900 
4 6919 6732 7019 7202 
4 10049 10086 10111 10110 
4 3656 3392 3283 3217 
4 9554 9473 9598 9661 
4 4913 5090 4752 4715 
4 1965 2259 1835 1783 
4 3217 3471 3853 3656 
4 6781 6752 6492 6643 
4 9750 9708 9610 9720 
4 4732 4706 4914 4868 
4 2053 1972 1555 1834 
4 6737 6931 6644 6603 
4 9978 9989 10024 10022 
4 8001 8212 8117 7991 
4 4486 4375 4500 4811 
4 3170 3171 2927 2595 
4 6027 6266 5965 5848 
4 4123 4116 4140 4459 
4 7645 7763 7996 7879 
4 3661 3462 3854 3833 
4 2876 3078 2634 2680 
4 10193 10179 10192 10196 
4 1607 1528 1411 1082 
4 8379 8281 8336 8282 
4 3995 4220 4359 4413 
4 1392 1345 905 1154 
4 540 351 352 697 
4 2240 1831 1558 1974 
4 8997 8903 9046 9125 
4 2806 2878 2382 2681 
4 537 213 214 433 
4 4547 4350 4753 4706 
4 5505 5398 5815 5660 
4 8890 8801 8814 8891 
4 8691 8679 8814 8801 
4 5234 5320 5062 5174 
4 1609 882 1155 1324 
4 5848 5965 5533 5806 
4 1778 1828 1353 1625 
4 6192 6137 6052 5827 
4 7001 7249 7143 6976 
4 8235 8223 8229 8423 
4 2440 2233 2680 2634 
4 4688 4971 4661 4537 
4 7184 7197 7337 7329 
4 8224 8147 8285 8330 
4 6863 7001 6976 6720 
4 4837 4729 4851 5146 
4 3420 3472 3060 3284 
4 8091 8229 8223 7919 
4 4300 3968 4375 4486 
4 1674 1336 1592 1771 
4 10012 10096 10054 10071 
4 6342 6149 6645 6486 
4 5244 5033 5587 5413 
4 1386 1541 1622 1342 
4 10071 10034 9986 10012 
4 8677 8815 8604 8459 
4 5820 6104 5866 5540 
4 7878 7764 7920 8112 
4 7997 7994 8225 8113 
4 2596 2863 3284 3060 
4 10016 9998 9951 9983 
4 7631 7434 7671 7880 
4 5827 6052 5521 5741 
4 1647 1563 1408 1351 
4 3970 4186 4575 4350 
4 7532 7653 7453 7332 
4 1343 902 1161 1388 
4 701 402 53 54 
4 2171 1993 2058 2256 
4 1299 1115 967 691 
4 6429 6573 6571 6271 
4 2047 1310 1626 1747 
4 3080 3072 3475 3218 
4 7025 6997 6738 6888 
4 3793 4124 3635 3408 
4 8377 8251 8170 8018 
4 491 700 891 1140 
4 4039 4354 4205 3807 
4 4715 4752 4357 4578 
4 8134 8284 7902 8058 
4 471 705 154 155 
4 8018 8170 7943 7792 
4 529 693 253 254 
4 9380 9367 9417 9379 
4 6643 6492 6164 6351 
4 7119 7272 7134 6908 
4 4648 4376 4729 4837 
4 5714 5529 5195 5378 
4 4537 4661 4468 4139 
4 3217 3283 2816 3087 
4 8443 8646 8552 8440 
4 1949 1530 1840 2264 
4 7792 7943 7708 7553 
4 4054 3990 3861 3610 
4 8329 8443 8440 8131 
4 9633 9637 9708 9768 
4 9637 9541 9610 9708 
4 1596 1150 895 1329 
4 6619 6618 6793 6762 
4 4819 5004 4533 4645 
4 2464 2232 1765 2057 
4 4873 4918 4516 4755 
4 6646 6693 6472 6568 
4 7149 7282 7646 7526 
4 4397 4353 4755 4516 
4 7831 7669 7557 7593 
4 10040 10071 10054 10006 
4 7553 7708 7461 7427 
4 7441 7296 7593 7557 
4 2188 2524 2153 2016 
4 2201 2453 2884 2610 
4 4760 4759 4919 4899 
4 3456 3266 3289 3421 
4 5793 6127 5834 5640 
4 6780 6793 6646 6641 
4 5196 5814 5560 5503 
4 2089 1976 1786 1841 
4 6273 6027 5848 6117 
4 5031 5195 5430 5076 
4 2253 1975 2474 2411 
4 7166 7185 7462 7296 
4 5837 6048 6352 6149 
4 2885 2198 2271 2886 
4 3564 3334 3625 3940 
4 1386 1342 874 1162 
4 3216 3282 3152 2815 
4 4215 3966 4578 4357 
4 1770 1943 1801 2017 
4 2395 2207 2269 2498 
4 454 258 259 703 
4 3440 3410 3677 3607 
4 4541 4664 4484 4307 
4 5666 5650 5676 5955 
4 6641 6646 6568 6300 
4 1596 1329 2057 1765 
4 1961 1550 1843 2241 
4 7250 7333 7152 7034 
4 5683 5552 5589 5890 
4 6566 6385 6274 6177 
4 4838 5176 4877 4666 
4 2242 2024 1735 2155 
4 1163 1158 492 543 
4 6272 6273 6117 6024 
4 1836 1784 1630 1397 
4 675 549 698 959 
4 8948 8943 8964 9127 
4 892 704 538 953 
4 7040 7136 7398 7178 
4 6615 6855 6993 6736 
4 8600 8572 8816 8675 
4 4902 5076 5267 4871 
4 8851 8666 8943 8948 
4 4355 4400 4225 3990 
4 5491 5222 5650 5666 
4 8375 8274 8441 8508 
4 647 963 716 406 
4 964 968 1406 1099 
4 6881 7046 7204 7185 
4 3609 3679 3645 3797 
4 8347 8378 8605 8468 
4 9841 9935 9899 9853 
4 6974 6831 7136 7040 
4 3436 3645 3679 3444 
4 1 103 526 102 
4 1520 1298 1072 1071 
4 3446 3610 3861 3204 
4 9853 9800 9734 9841 
4 5385 5588 5271 5216 
4 546 401 152 153 
4 5715 5566 5510 5665 
4 6177 6274 6089 5927 
4 6233 6427 6086 5831 
4 2668 2392 3087 2816 
4 6029 5831 5777 5970 
4 2883 2819 2688 2416 
4 1785 1839 1355 1631 
4 3597 3941 3201 3557 
4 9502 9597 9610 9541 
4 6179 6032 6268 6424 
4 9597 9660 9720 9610 
4 5235 5330 5175 5037 
4 9981 10024 9989 9990 
4 529 254 255 696 
4 5821 5712 5826 6107 
4 3247 2998 3480 3410 
4 6170 6278 6094 5836 
4 6975 7063 6872 6749 
4 9938 9953 9990 9989 
4 4920 4501 4758 4852 
4 7070 7203 6932 6896 
4 6999 6861 6685 6649 
4 8335 8149 8035 8115 
4 3168 2795 3189 3547 
4 4330 3960 4224 4580 
4 1070 689 1136 1299 
4 4742 4871 5096 4498 
4 2314 2364 2110 1760 
4 5665 5510 5234 5233 
4 471 155 156 706 
4 1398 970 1192 1349 
4 10101 10136 10155 10127 
4 4148 4466 4009 4121 
4 2631 2604 2420 2481 
4 4039 3807 3680 3618 
4 404 540 1126 1167 
4 2807 2864 3292 2999 
4 9937 9983 9951 9952 
4 3041 3149 2970 2843 
4 699 469 353 354 
4 5404 5208 5064 5334 
4 7293 7560 7596 7463 
4 10146 10155 10151 10169 
4 5341 5473 5167 5058 
4 2154 2231 2061 1803 
4 3265 2981 2890 2577 
4 7924 7819 7677 7787 
4 5347 5230 5667 5513 
4 7861 7999 7751 7626 
4 2784 2616 2683 2869 
4 6896 6932 6601 6785 
4 9939 9990 9953 9956 
4 2152 1333 1731 1919 
4 3957 3584 3866 4210 
4 9749 9748 9767 9796 
4 3922 3864 4294 4067 
4 3400 2994 3295 3676 
4 3942 4276 4126 3816 
4 9887 9908 9956 9953 
4 895 1160 1629 1329 
4 4723 4644 4549 4996 
4 1402 1125 909 1403 
4 1193 1404 646 973 
4 8260 8424 8549 8334 
4 7283 7511 7268 7267 
4 4542 4650 4379 4485 
4 6479 6478 6785 6601 
4 4056 3859 4263 4419 
4 4186 3970 3594 3865 
4 8890 8891 9044 8984 
4 5233 5234 5174 4865 
4 1137 949 1194 1375 
4 4862 5091 4761 4506 
4 10151 10161 10184 10169 
4 2715 2414 2679 2818 
4 5058 5167 4998 4724 
4 7282 7417 7765 7646 
4 989 990 1101 1384 
4 7998 8226 8102 7870 
4 6421 6473 6354 6205 
4 7267 7268 7131 6873 
4 3923 3580 4002 4281 
4 6574 6565 6578 6844 
4 1917 1548 2016 2153 
4 5657 5713 5593 5404 
4 10154 10112 10072 10122 
4 9245 9161 9298 9375 
4 951 955 546 705 
4 10194 10191 10175 10187 
4 5436 5318 5168 5342 
4 493 1139 889 702 
4 1297 1277 1328 1733 
4 8439 8363 8654 8507 
4 3385 3727 3358 3234 
4 9788 9796 9826 9855 
4 1384 1331 1178 989 
4 1140 891 1381 1606 
4 2390 2656 3088 2864 
4 8317 8215 8363 8439 
4 5648 5490 5797 5967 
4 3266 3094 2856 3289 
4 2599 2848 3293 2998 
4 5968 5816 5661 5561 
4 6407 6270 6565 6574 
4 3568 3369 3041 3039 
4 1415 904 979 1091 
4 1143 951 1145 1377 
4 2207 2063 1821 2269 
4 856 692 489 525 
4 10098 10142 10107 10120 
4 8332 8131 8440 8441 
4 8109 7892 8131 8332 
4 2563 2436 2765 2944 
4 2792 3144 2765 2581 
4 3294 3293 2848 3093 
4 5507 5228 5000 5171 
4 3683 3296 3485 3682 
4 3726 3942 3816 3396 
4 4704 5005 4539 4336 
4 3057 2684 2393 2793 
4 4113 3908 4136 4478 
4 4419 4263 4617 4762 
4 10048 10029 9991 10058 
4 3201 3568 3039 2992 
4 10120 10044 10091 10098 
4 4665 4626 5006 4839 
4 6855 6772 7137 6993 
4 1093 1397 1172 974 
4 3841 3618 3482 3196 
4 5403 5511 5307 5142 
4 3666 3434 3593 3796 
4 4153 4391 4421 4182 
4 5177 5063 5346 5495 
4 5552 5437 5275 5589 
4 1967 2268 1529 1850 
4 7175 7340 7265 7069 
4 1783 1835 1424 1639 
4 5342 5168 4968 4926 
4 5004 4834 4378 4533 
4 1353 1409 915 1182 
4 4830 4822 5166 4987 
4 9928 9991 9911 9831 
4 704 892 679 440 
4 490 699 354 355 
4 7527 7519 7766 7647 
4 2766 2562 2795 3168 
4 2034 1977 1847 1526 
4 4973 4820 5063 5177 
4 685 555 723 960 
4 5561 5661 5478 5319 
4 7402 7271 7139 7042 
4 2436 2181 2581 2765 
4 4485 4379 4178 3976 
4 967 899 720 556 
4 9831 9911 9804 9780 
4 7922 8103 8226 7998 
4 4806 4511 4994 5178 
4 1624 1357 1418 1534 
4 7069 7265 7011 6966 
4 1619 1349 1192 1190 
4 1760 2110 1732 1708 
4 4336 4539 4159 4301 
4 4756 4362 4422 4501 
4 5216 5271 4914 5099 
4 532 701 54 55 
4 2961 2626 3162 2992 
4 7882 7768 7649 7571 
4 10165 10149 10158 10172 
4 4325 4656 4265 4102 
4 4689 4970 4658 4657 
4 7136 6905 7153 7398 
4 7633 7881 7754 7515 
4 2843 2970 2727 2536 
4 1396 1124 1180 1347 
4 7160 7330 7594 7420 
4 5031 4683 4924 5273 
4 7163 7341 7072 6886 
4 549 310 311 698 
4 1550 1101 1432 1843 
4 5974 5949 5983 6255 
4 491 256 257 700 
4 7586 7420 7710 7681 
4 7652 7460 7402 7179 
4 7059 7032 7342 7174 
4 4762 4617 4965 5098 
4 7296 7462 7595 7593 
4 10128 10172 10158 10131 
4 9687 9686 9539 9639 
4 4164 4226 4182 4421 
4 3183 2781 3096 3250 
4 1399 1082 994 655 
4 10131 10114 10099 10128 
4 1416 908 986 1094 
4 3964 4190 4584 4338 
4 5205 5507 5171 5001 
4 5171 5000 4801 4768 
4 4335 4645 4148 4306 
4 2885 2886 3092 3072 
4 3234 3358 3141 2785 
4 7179 7402 7042 6874 
4 3601 3832 3487 3454 
4 1740 2044 1852 1582 
4 2200 2456 2891 2656 
4 2436 2563 2320 2120 
4 4030 4182 4226 4014 
4 3039 3041 2843 2603 
4 4543 4338 4923 4705 
4 3613 3828 4227 4043 
4 5795 5559 5949 5974 
4 6841 6876 6727 6585 
4 5044 5094 4705 4923 
4 9563 9561 9389 9491 
4 3976 4178 3795 3931 
4 10116 10043 10092 10141 
4 953 1141 1198 892 
4 989 781 438 990 
4 9527 9451 9474 9598 
4 3321 3011 3202 3412 
4 1532 1817 1165 1396 
4 407 550 712 890 
4 10083 10117 10055 10056 
4 5169 5170 4999 4880 
4 2026 2238 2056 2066 
4 1628 1174 876 1348 
4 4303 4285 4660 4482 
4 3563 3238 3722 3936 
4 1333 946 1296 1731 
4 5563 5511 5403 5819 
4 6826 6995 6616 6467 
4 9299 9214 9378 9333 
4 2959 3158 3157 2738 
4 2817 2880 2474 2687 
4 5566 5539 5386 5444 
4 2992 3039 2603 2961 
4 2581 2939 3169 2792 
4 546 153 154 705 
4 1446 1317 1846 1546 
4 4301 4159 4117 3773 
4 4379 4472 4308 4178 
4 3463 3481 3019 3298 
4 8228 8036 7923 8000 
4 7313 7530 7244 7140 
4 4416 4652 4830 4576 
4 5098 4965 5242 5438 
4 9905 9880 9789 9851 
4 10045 10082 10113 10075 
4 1355 1413 910 1181 
4 4657 4658 4451 4143 
4 1971 1851 1554 2061 
4 1150 1596 1378 863 
4 950 1116 1207 959 
4 9040 8862 8975 9135 
4 6886 7072 6787 6588 
4 10074 10108 10113 10082 
4 2677 2422 2484 2616 
4 1995 2059 1607 1859 
4 1559 1815 1120 1398 
4 3384 3500 3307 3306 
4 8817 8907 8684 8713 
4 6266 6421 6205 6028 
4 7140 7244 6996 6988 
4 10147 10168 10192 10179 
4 3753 3633 3937 3938 
4 4012 3939 4271 4487 
4 2793 3257 3485 3057 
4 2407 2638 3093 2848 
4 4687 4334 4662 4958 
4 4294 4066 4652 4416 
4 1614 1821 2063 1330 
4 1615 1406 1122 1543 
4 6128 6031 6135 6405 
4 8646 8463 8695 8762 
4 2039 1350 1637 1773 
4 1414 1393 901 1185 
4 3931 3795 3747 3522 
4 7726 7885 7459 7613 
4 2208 2069 1784 2274 
4 538 704 211 212 
4 7269 7141 6828 6972 
4 4293 3955 4477 4633 
4 533 490 355 356 
4 4706 4753 5099 4914 
4 6351 6164 6055 5842 
4 4306 4148 4121 3912 
4 874 722 434 1162 
4 4334 4018 4305 4662 
4 2031 1749 1578 1820 
4 6554 6496 6315 6360 
4 8438 8362 8548 8644 
4 7256 7463 7339 7019 
4 1951 1539 1853 2084 
4 3245 3297 3208 3409 
4 1860 1651 1435 1832 
4 5560 5395 5232 5503 
4 8713 8684 8471 8609 
4 4423 4361 4763 4506 
4 5950 5798 6031 6128 
4 8048 7936 8113 8139 
4 9910 9956 9908 9912 
4 1899 1930 1954 2120 
4 8019 8228 8000 7785 
4 8716 8752 8657 8574 
4 4058 4060 4014 4226 
4 2328 2747 2516 2102 
4 4628 4351 4641 4838 
4 9612 9467 9600 9699 
4 9840 9860 9912 9908 
4 970 650 412 762 
4 2678 2394 2282 2077 
4 3453 3242 3566 3755 
4 6652 6860 6535 6324 
4 2758 2627 2785 3141 
4 1430 1845 1551 1102 
4 9827 9743 9829 9879 
4 490 533 973 646 
4 8249 8047 8197 8374 
4 9743 9718 9778 9829 
4 2538 2739 2959 2229 
4 6279 6178 6288 6552 
4 6108 5862 6178 6279 
4 3584 3489 3456 3866 
4 6542 6334 6458 6629 
4 1147 897 721 455 
4 3640 4110 4184 3821 
4 10014 9994 9941 10021 
4 2206 1652 1577 2272 
4 2404 2856 3094 2644 
4 8587 8480 8653 8679 
4 8667 8805 8908 8895 
4 5165 5486 5339 5056 
4 3831 4014 4060 3798 
4 6697 6778 6582 6469 
4 9491 9389 9234 9348 
4 4024 3992 3869 3600 
4 4852 5024 5275 4920 
4 3046 3208 3297 3047 
4 2665 2281 1961 2384 
4 3824 3619 3491 3490 
4 4191 4170 4061 3992 
4 1525 1813 2275 1946 
4 900 1179 1400 1626 
4 7401 7269 6972 7116 
4 1211 999 912 1111 
4 4373 4627 4299 3974 
4 2879 2589 3298 3019 
4 8334 8549 8362 8145 
4 4339 4556 4229 4170 
4 3600 3869 3205 3488 
4 712 550 555 685 
4 5064 5208 4941 4882 
4 4299 4005 3746 3930 
4 2893 2822 2693 2468 
4 2420 2283 1971 2481 
4 5534 5819 5403 5200 
4 4231 3972 4586 4361 
4 5678 5936 5659 5524 
4 8348 8551 8307 8127 
4 5813 5520 5862 6108 
4 1351 1408 1200 919 
4 6460 6481 6159 6358 
4 9122 9125 9124 9179 
4 7986 7788 8040 8151 
4 1382 1340 893 1196 
4 1811 2026 2066 1774 
4 6992 6940 6788 6599 
4 5245 5028 4694 4928 
4 6340 6309 6653 6446 
4 1954 2348 2557 2181 
4 4178 4308 4011 3795 
4 4455 4147 4536 4832 
4 3535 3240 3633 3753 
4 5346 5192 5358 5642 
4 5503 5232 5163 5139 
4 5734 5535 5894 5853 
4 402 701 987 958 
4 3195 3563 3936 3738 
4 2602 3368 3139 2768 
4 3157 3209 3569 3368 
4 957 1379 1116 950 
4 1960 2345 2421 2536 
4 7272 7143 7310 7532 
4 665 427 728 969 
4 7756 7810 7764 7560 
4 3020 3091 2676 2899 
4 956 433 714 954 
4 5437 5101 4920 5275 
4 5161 4991 5186 5504 
4 7653 7642 7660 7869 
4 3454 3487 3088 3304 
4 7894 8086 7884 7823 
4 8639 8483 8560 8696 
4 4059 3381 3690 3788 
4 4066 4003 4333 4652 
4 2604 2631 2970 3149 
4 2738 3157 3368 2602 
4 652 980 733 495 
4 10110 10111 10135 10133 
4 8936 8845 8864 8996 
4 5524 5659 5397 5189 
4 1346 1197 899 1395 
4 6191 6000 6501 6309 
4 8696 8560 8777 8950 
4 2872 2575 2485 2486 
4 2422 2284 1976 2484 
4 3721 3428 3780 4118 
4 6862 6764 7002 7127 
4 674 496 732 971 
4 5202 5441 5744 5535 
4 433 956 673 537 
4 454 703 893 1142 
4 5204 5336 5232 5395 
4 694 690 1071 1072 
4 1571 1944 1482 1108 
4 2966 3361 2996 2752 
4 4585 4424 4165 4527 
4 6126 5865 5770 5971 
4 2754 2723 2963 3035 
4 3814 3983 3783 3591 
4 5266 5194 5102 5048 
4 6275 6030 5711 5969 
4 6326 6147 6059 5838 
4 3402 3688 2977 3305 
4 4583 4171 4234 4362 
4 6572 6571 6720 6835 
4 5591 5743 5434 5443 
4 4895 4719 4587 4529 
4 1832 2048 1782 1860 
4 9124 9125 9046 9003 
4 2673 2704 3096 2781 
4 2685 2286 2488 2617 
4 7559 7709 7468 7426 
4 3252 3023 2894 2854 
4 1614 1330 875 1123 
4 1977 2034 2279 2161 
4 6299 6500 6203 5992 
4 5890 6003 6057 5683 
4 6126 6097 6428 6277 
4 6714 6448 6764 6862 
4 5195 5529 5746 5430 
4 1401 1202 1187 1616 
4 4260 3985 4197 4356 
4 5063 4864 5192 5346 
4 4232 4233 3846 4068 
4 9433 9320 9526 9528 
4 3465 3274 3303 3391 
4 3514 3494 3930 3746 
4 1417 1186 1125 1402 
4 6403 6271 6571 6572 
4 5659 5784 5506 5397 
4 5490 5224 5556 5797 
4 1648 1207 1116 1316 
4 535 707 973 533 
4 7270 7531 7308 7142 
4 6718 6567 6426 6391 
4 4213 4179 4484 4664 
4 534 703 259 260 
4 1401 1616 2067 1823 
4 534 260 261 710 
4 7135 6909 6991 7238 
4 1934 2356 2355 2144 
4 4831 5143 4864 4499 
4 8758 8753 8772 8947 
4 4879 4689 4657 4767 
4 6123 5834 6271 6403 
4 3974 4299 3930 3748 
4 5973 5846 5701 5749 
4 1141 1426 1657 1198 
4 2546 2167 2573 2946 
4 6097 6126 5971 5693 
4 2551 2916 2750 2428 
4 5022 4929 4685 5277 
4 2543 2177 2627 2758 
4 859 753 499 1166 
4 4501 4920 5101 4756 
4 723 458 1176 960 
4 4478 4831 4499 4175 
4 1796 1989 1754 1573 
4 6152 6359 6060 6013 
4 1538 1094 1428 1833 
4 9094 9133 9047 8976 
4 5344 5059 5002 4881 
4 3597 3747 3795 4011 
4 9862 9912 9860 9863 
4 5662 5399 5343 5227 
4 1644 1645 1434 1222 
4 2432 2357 2723 2754 
4 10075 10113 10136 10101 
4 4304 4177 4323 4616 
4 2152 2538 2229 1918 
4 2379 2648 2804 3043 
4 3037 3172 3567 3241 
4 406 716 160 161 
4 4393 4517 4391 4153 
4 1317 1446 1212 1211 
4 10108 10134 10136 10113 
4 7466 7426 7349 7343 
4 2272 2416 2688 2206 
4 8363 8259 8506 8654 
4 7883 8116 7917 7659 
4 8479 8550 8404 8242 
4 3927 3574 3948 4282 
4 9736 9803 9863 9860 
4 8760 8656 8550 8479 
4 1975 2270 2687 2474 
4 5004 5062 4866 4834 
4 2764 2803 2594 2561 
4 4683 4531 4589 4924 
4 7509 7651 7528 7399 
4 10155 10136 10134 10151 
4 2767 3151 2969 2630 
4 3069 3095 2611 2896 
4 4734 4529 4425 4388 
4 2363 2228 2764 2561 
4 8142 8173 7909 8060 
4 5154 5269 5017 4872 
4 853 1291 871 522 
4 2345 2007 2554 2421 
4 5164 5336 5068 4943 
4 985 718 419 745 
4 6701 6855 6615 6471 
4 7829 7673 8060 7909 
4 650 970 1398 1120 
4 532 55 56 702 
4 9830 9744 9779 9757 
4 1094 1538 1640 1416 
4 4036 3839 3872 3963 
4 5397 5506 5303 5130 
4 664 974 737 431 
4 10134 10144 10161 10151 
4 3032 3359 3560 3326 
4 4834 4866 4736 4540 
4 2808 3052 3300 3251 
4 8244 8179 8227 8402 
4 9805 9856 9813 9751 
4 8976 9047 8952 8780 
4 3587 3849 3977 4181 
4 1930 1569 2348 1954 
4 2229 2959 2738 2565 
4 1100 1315 1426 1141 
4 5076 5430 5599 5267 
4 5209 5320 5234 5510 
4 3754 4094 3939 3634 
4 7343 7349 7033 7208 
4 6419 6631 6459 6174 
4 6122 6400 6131 5823 
4 5802 5640 5834 6123 
4 6763 6967 6719 6713 
4 2854 2894 2410 2692 
4 4377 4164 4421 4590 
4 9599 9492 9529 9494 
4 3941 4125 3843 3636 
4 8580 8715 8787 8820 
4 1898 2565 2437 1522 
4 9806 9735 9613 9695 
4 8627 8488 8655 8759 
4 5013 5272 5443 5434 
4 4561 4248 4034 4343 
4 1306 1617 865 1156 
4 5507 5663 5400 5228 
4 1479 1131 1708 1732 
4 4114 3814 3552 3745 
4 4677 4799 4619 4663 
4 1160 895 713 545 
4 3936 4009 3776 3738 
4 4750 4509 4427 4366 
4 7041 7245 6994 6824 
4 5227 5343 5140 4969 
4 2197 2461 2081 1741 
4 4696 5244 5134 4797 
4 4881 5002 4796 4634 
4 2147 2014 2558 2358 
4 1187 551 494 1188 
4 2836 2964 3359 3032 
4 4650 4510 4428 4160 
4 9577 9663 9493 9396 
4 3557 3233 3747 3597 
4 4032 4165 4424 3980 
4 5565 5950 5712 5667 
4 1121 1156 744 998 
4 1211 1111 1642 1317 
4 2564 2767 2630 2192 
4 3266 3456 3489 3267 
4 1091 1578 1643 1415 
4 4391 4774 4590 4421 
4 5005 4836 4542 4539 
4 9392 9479 9359 9241 
4 3562 3561 3935 3751 
4 2286 2685 2392 1966 
4 5646 5728 5528 5380 
4 1343 1388 1852 1575 
4 1161 902 729 472 
4 1152 894 730 552 
4 3526 3754 3634 3225 
4 2963 2831 2982 3238 
4 1666 1849 1086 1445 
4 2939 2754 3035 3169 
4 5501 5225 5516 5811 
4 2656 2891 3304 3088 
4 2792 3543 3228 3144 
4 9904 9939 9909 9838 
4 4112 3781 4177 4304 
4 2444 2189 1761 2074 
4 549 675 990 438 
4 6924 6743 7208 7033 
4 3365 3239 3430 3494 
4 8416 8245 8427 8484 
4 524 639 202 203 
4 6503 6795 6654 6290 
4 4062 4125 4011 4308 
4 2151 2122 2357 2432 
4 1623 1004 1203 1322 
4 10017 10018 10036 10045 
4 1231 1260 1722 1478 
4 9521 9405 9478 9546 
4 1824 1776 1314 1656 
4 1701 1934 2144 1660 
4 1260 887 1477 1722 
4 1918 2229 2565 1898 
4 2942 3164 3365 3034 
4 1120 1391 962 650 
4 9350 9219 9303 9450 
4 1536 1093 1443 1658 
4 492 706 156 157 
4 727 408 1185 901 
4 3363 3362 3378 3731 
4 1856 1993 2072 1855 
4 6940 6992 6880 7027 
4 6406 6490 6415 6249 
4 1619 1826 1854 1349 
4 1639 1424 991 1199 
4 9082 9018 9137 9220 
4 3640 3730 3920 4110 
4 9171 9082 9220 9254 
4 1384 1810 1562 1331 
4 1520 1593 1337 1298 
4 964 725 579 968 
4 1550 1961 2281 1810 
4 3933 3924 3954 4278 
4 4751 4409 4428 4510 
4 7612 7715 7714 7431 
4 2418 2810 3098 2650 
4 3348 2996 3561 3562 
4 877 757 453 1173 
4 7398 7527 7312 7178 
4 3336 3146 3534 3684 
4 5995 6275 5969 5692 
4 671 991 1424 1122 
4 1601 1572 2071 1762 
4 6238 6026 6305 6569 
4 440 679 984 566 
4 9773 9666 9724 9801 
4 1845 1984 1766 1551 
4 3361 3033 3396 3750 
4 6561 6830 6713 6305 
4 3636 3568 3201 3941 
4 875 1330 1646 1189 
4 4388 4425 3978 4237 
4 9565 9470 9562 9662 
4 9656 9565 9662 9719 
4 6573 6417 6600 6863 
4 9494 9529 9452 9328 
4 9470 9317 9453 9562 
4 702 56 57 493 
4 8820 8787 8909 9007 
4 6425 6716 6454 6176 
4 7075 7071 6936 6899 
4 5782 6124 5845 5536 
4 997 667 474 759 
4 7018 7206 6935 6735 
4 1773 1637 1410 1838 
4 4124 4179 4069 3815 
4 5656 5962 5707 5479 
4 1357 1204 1005 1418 
4 8818 8908 8805 8697 
4 6267 6561 6305 6026 
4 1169 473 735 904 
4 2565 2738 2602 2437 
4 7680 7824 7750 7629 
4 5065 4860 4507 4710 
4 2534 2766 2555 2223 
4 533 356 357 535 
4 2302 1972 2234 2471 
4 6716 6969 6824 6454 
4 4635 4979 4726 4347 
4 2250 1962 2692 2410 
4 2518 2318 2366 2633 
4 1183 467 746 882 
4 2149 2148 2167 2546 
4 6127 5866 6172 6429 
4 4654 4480 4492 4826 
4 897 965 548 721 
4 1178 1331 1435 867 
4 4362 4756 4930 4583 
4 4122 4010 4483 4291 
4 2530 2323 2742 2968 
4 7924 7787 7895 8025 
4 2723 2377 2831 2963 
4 8380 8357 8513 8448 
4 1191 1190 578 500 
4 3366 3724 3565 3342 
4 8465 8590 8415 8257 
4 8906 8942 8983 9134 
4 6315 6206 6057 6360 
4 7142 7239 7000 6971 
4 8671 8857 8628 8627 
4 9123 8995 9173 9301 
4 4756 5101 5104 4930 
4 4302 4635 4347 3973 
4 3303 3274 3103 2867 
4 2150 2534 2223 1767 
4 4881 4795 5036 5344 
4 3417 3660 4068 3846 
4 8141 8254 8202 8080 
4 5838 6059 5755 5754 
4 9018 9042 8951 8866 
4 6167 6201 5894 6063 
4 7784 7947 7716 7541 
4 6971 7000 6830 6613 
4 1340 1382 1525 1790 
4 9073 8988 9089 9212 
4 8284 8134 8388 8357 
4 993 574 749 910 
4 4699 4910 5105 5084 
4 1986 1869 1605 2035 
4 3750 3396 3816 4120 
4 5095 5048 4931 4681 
4 3560 3549 3934 3749 
4 9281 9381 9272 9195 
4 5965 5966 5814 5533 
4 1936 1591 2122 2151 
4 996 655 570 569 
4 855 524 748 982 
4 1814 1526 1444 1077 
4 2235 2248 1826 2039 
4 3082 3280 3004 2788 
4 2115 1800 2228 2363 
4 4213 3782 4069 4179 
4 4882 4774 4876 5064 
4 8942 8847 8869 8983 
4 6599 6856 6766 6992 
4 5166 5226 5039 4987 
4 8758 8947 8798 8586 
4 2689 2618 2492 2295 
4 1803 1734 1944 2154 
4 3932 4302 3973 3632 
4 7138 7266 7399 7041 
4 3166 3148 3362 3363 
4 3183 3250 3691 3382 
4 2166 2472 1743 2059 
4 3839 3692 3465 3872 
4 4477 4324 4496 4804 
4 3351 3743 3380 3031 
4 3994 4063 3691 3880 
4 1898 1475 1710 1918 
4 3491 3105 3310 3490 
4 1999 2468 2693 2261 
4 3715 3515 3924 3933 
4 1190 1191 1350 1619 
4 5047 5103 4763 4933 
4 3150 3366 3342 2800 
4 990 675 1432 1101 
4 2458 2409 2896 2611 
4 455 717 898 1147 
4 6028 5966 5965 6266 
4 1315 1544 1868 1426 
4 1168 876 740 436 
4 1541 1386 1099 1812 
4 524 855 536 639 
4 1313 1724 1798 1540 
4 2936 2728 3146 3336 
4 4253 3837 3984 4401 
4 2967 2838 2980 3333 
4 8654 8758 8586 8507 
4 2026 1811 1608 2029 
4 404 709 349 350 
4 3448 3203 3081 3102 
4 5041 5070 4712 4932 
4 1078 1391 1611 1813 
4 1082 1399 1859 1607 
4 3424 2904 2826 3483 
4 980 652 865 1117 
4 662 992 754 430 
4 7383 7167 7322 7513 
4 493 57 58 708 
4 6541 6328 6549 6621 
4 2209 2455 2694 2652 
4 6135 6280 6287 6546 
4 991 671 508 775 
4 1440 1415 1643 1856 
4 2225 2351 2756 2523 
4 6124 5863 6150 6425 
4 7609 7749 7505 7361 
4 1941 2132 2127 1694 
4 5868 6028 6205 5839 
4 1839 1785 2286 1966 
4 2787 2700 2380 3099 
4 4350 4575 4770 4753 
4 852 638 945 1153 
4 3730 3532 3599 3920 
4 2338 2004 2397 2733 
4 1180 1124 567 498 
4 5535 5744 6063 5894 
4 449 719 983 1155 
4 3164 2801 3239 3365 
4 1515 1701 1660 1279 
4 4171 3696 3616 4234 
4 4488 4457 4666 4808 
4 451 97 98 720 
4 7130 7264 7311 7253 
4 983 984 1102 1385 
4 3635 3755 3566 3367 
4 4539 4542 4485 4159 
4 744 1156 865 652 
4 460 713 895 1150 
4 5494 5601 5435 5268 
4 960 1149 1195 685 
4 1066 942 1294 1491 
4 1526 1814 2073 2034 
4 3165 3558 3206 2837 
4 2357 2215 2377 2723 
4 5660 5686 5544 5376 
4 9348 9234 9155 9184 
4 2759 3142 2791 2385 
4 3181 3478 3875 3577 
4 2737 3160 2782 2528 
4 6856 6599 6474 6662 
4 9618 9689 9649 9581 
4 8425 8246 8367 8486 
4 9242 9340 9197 9081 
4 5074 5278 4721 4775 
4 4352 4569 4771 4745 
4 2557 2432 2754 2939 
4 7473 7582 7494 7367 
4 2958 2956 3154 3339 
4 8989 8895 9005 9065 
4 3786 4070 4193 4429 
4 6031 5847 6280 6135 
4 2362 2743 2562 2326 
4 5685 5897 5604 5367 
4 2067 1616 1407 1864 
4 8799 8760 8857 8951 
4 8875 8799 8951 9042 
4 2391 2462 2076 2259 
4 1452 1114 1302 1599 
4 7470 7353 7148 7280 
4 5981 6267 5962 5788 
4 7245 7528 7362 7111 
4 3899 3714 4010 4122 
4 7252 7043 7181 7400 
4 2437 2602 2768 2327 
4 3832 3601 4237 3978 
4 3146 2783 3229 3534 
4 5756 5757 5899 6076 
4 4633 4984 4701 4372 
4 2411 2460 2045 2253 
4 640 525 398 399 
4 7400 7181 7437 7633 
4 4577 4332 4773 4700 
4 4160 4472 4379 4650 
4 2613 2659 2186 2462 
4 3243 3043 2804 3244 
4 5686 5840 5807 5544 
4 7051 7190 7118 6892 
4 1918 1710 1333 2152 
4 2553 2185 2752 2943 
4 984 983 719 566 
4 5942 6045 5832 5698 
4 3735 3918 3590 3390 
4 2558 2691 2389 2358 
4 2556 2224 2579 2966 
4 4409 4240 4036 4428 
4 6444 6684 6333 6145 
4 3483 3617 3876 3424 
4 2313 2126 2519 2757 
4 3007 3149 3041 3369 
4 5618 5771 5900 5705 
4 8895 8989 8840 8667 
4 437 554 726 672 
4 7527 7647 7414 7312 
4 1637 1350 1191 877 
4 1532 1963 2075 1817 
4 1645 1644 1860 1782 
4 8345 8458 8407 8306 
4 9958 9993 9913 9895 
4 528 527 694 856 
4 1963 1532 1870 2247 
4 5112 5334 5064 4876 
4 2743 3153 2795 2562 
4 4308 4472 4230 4062 
4 1332 1633 857 1195 
4 1468 1466 1549 1914 
4 3360 3237 3559 3716 
4 4510 4650 4542 4836 
4 2472 2166 2899 2676 
4 5172 5060 5345 5480 
4 2538 2307 2427 2739 
4 8761 8856 8903 8785 
4 2416 2272 2075 2473 
4 2244 2067 1864 2078 
4 4664 4348 4242 4213 
4 6014 6062 5722 5901 
4 2577 2498 2499 2873 
4 5683 6057 6206 5896 
4 1430 1102 984 679 
4 7905 8022 7977 7857 
4 8856 8950 9046 8903 
4 4563 4344 4932 4712 
4 7602 7415 7674 7839 
4 7576 7429 7352 7155 
4 2533 2222 2593 2965 
4 6504 6317 6214 6215 
4 7045 7078 7064 7197 
4 9611 9714 9743 9827 
4 1719 2099 1795 1334 
4 2119 2362 2326 1799 
4 1181 910 749 414 
4 890 712 857 1135 
4 3403 3016 3311 3689 
4 4471 4570 4392 4167 
4 9480 9497 9565 9656 
4 2448 2690 2275 2030 
4 6313 6211 6065 6354 
4 1186 568 435 1125 
4 3756 3734 4127 3902 
4 5085 4883 5175 5330 
4 6899 6936 6653 6792 
4 4812 5160 4878 4492 
4 6662 6474 6163 6313 
4 408 727 62 63 
4 9497 9408 9470 9565 
4 5330 5100 4884 5085 
4 2823 2705 2373 3100 
4 1715 1940 2148 2149 
4 10163 10175 10161 10144 
4 6145 6333 6235 6006 
4 904 735 563 979 
4 3815 3755 3635 4124 
4 1973 2068 1642 1879 
4 3902 4127 4309 3955 
4 2810 3296 3308 3098 
4 5533 5814 5196 5369 
4 4833 4726 5003 5137 
4 2729 3132 2941 2375 
4 5374 5662 5227 5055 
4 8057 8169 8025 7895 
4 4883 4836 5005 5175 
4 4321 4637 4286 3952 
4 9807 9864 9758 9738 
4 1091 979 665 1405 
4 4010 3790 4290 4483 
4 1410 1173 981 1411 
4 10175 10191 10184 10161 
4 1730 2150 1767 1373 
4 541 412 650 962 
4 2360 2322 2760 2559 
4 1394 1572 1380 1117 
4 4979 4727 5060 5172 
4 1526 1847 1151 1444 
4 5529 5839 6065 5746 
4 2403 2247 2072 2450 
4 3856 3874 3422 3697 
4 7839 7674 7906 8062 
4 1579 1620 1121 1409 
4 5992 6203 5905 5679 
4 1813 1525 1382 1078 
4 544 543 158 159 
4 3301 3100 2902 3484 
4 1155 882 746 449 
4 5673 5883 5733 5582 
4 114 591 547 113 
4 703 534 1196 893 
4 1810 1384 1101 1550 
4 1316 1791 2098 1648 
4 7334 7147 7603 7407 
4 4700 4773 5106 4861 
4 902 975 560 729 
4 5508 5817 5632 5345 
4 7296 7441 7212 7166 
4 3955 4309 4324 4477 
4 7928 7800 7908 8041 
4 10191 10198 10181 10184 
4 492 157 158 543 
4 2566 2631 2481 2231 
4 3123 2921 3237 3360 
4 3619 3824 4071 4020 
4 1298 1337 1147 898 
4 1321 1606 2074 1761 
4 1423 878 1204 1357 
4 8253 8359 8472 8386 
4 3588 3969 4238 3830 
4 8032 8061 7809 7949 
4 4361 4586 4933 4763 
4 2352 2761 2396 2012 
4 3532 3174 3370 3599 
4 2348 2151 2432 2557 
4 2900 2901 2467 2701 
4 1604 1383 1118 1314 
4 5817 6096 5863 5632 
4 1879 1439 1129 1556 
4 6997 7064 7078 6998 
4 1078 1382 1196 961 
4 708 58 59 460 
4 3048 3050 2613 2852 
4 1823 1537 1148 1401 
4 5281 5292 4935 5110 
4 4448 4166 4312 4566 
4 2646 2671 2194 2470 
4 7996 8057 7895 7879 
4 1436 1577 1652 1119 
4 541 710 261 262 
4 1182 915 764 415 
4 2043 1562 1810 2281 
4 4659 4347 4726 4833 
4 720 899 1197 451 
4 4159 4485 3976 4117 
4 2424 2867 3103 2660 
4 7659 7849 7650 7621 
4 9008 9096 8910 8911 
4 3543 3739 3408 3228 
4 713 460 59 60 
4 2341 2220 2629 2549 
4 453 755 981 1173 
4 901 1160 545 727 
4 2610 2884 3102 3081 
4 887 1283 1369 1477 
4 5629 5382 5582 5733 
4 3567 3756 3429 3241 
4 2134 2133 2174 2544 
4 3733 4105 3780 3428 
4 7209 7286 7232 7023 
4 8390 8243 8457 8611 
4 8591 8759 8655 8487 
4 1437 1653 1924 1676 
4 3346 3345 3745 3552 
4 7621 7650 7531 7376 
4 1977 2267 1635 1847 
4 1615 1543 2076 1772 
4 10177 10162 10176 10190 
4 1700 2119 1799 1318 
4 2354 2759 2385 2013 
4 6607 6659 6330 6508 
4 3934 4008 3792 3749 
4 7155 7352 7080 6875 
4 1205 878 1423 1659 
4 1067 1469 1293 1054 
4 3690 2979 3317 3425 
4 1545 1392 1206 1612 
4 1921 1533 1979 2332 
4 2586 2473 2196 2875 
4 2179 2079 1755 2483 
4 6309 6501 6792 6653 
4 9640 9696 9574 9573 
4 8832 8855 8759 8591 
4 1501 1363 1929 1717 
4 4876 4774 4391 4517 
4 894 977 561 730 
4 7135 7270 7107 6909 
4 2409 2458 2073 2287 
4 2545 2165 2571 2954 
4 8752 8605 8470 8657 
4 1855 1654 1440 1856 
4 2887 3101 2670 2702 
4 2447 2607 2401 2187 
4 1108 1482 1064 677 
4 2486 2485 1994 2293 
4 2184 2463 1740 2051 
4 7801 7929 7730 7581 
4 2043 2475 2252 2048 
4 8949 9023 8855 8832 
4 563 427 665 979 
4 1211 1212 726 999 
4 2123 1923 2322 2360 
4 434 722 287 288 
4 1153 945 1371 1517 
4 3555 3928 3581 3184 
4 455 721 394 395 
4 711 952 707 535 
4 948 947 1459 1134 
4 3712 3443 3644 3826 
4 4740 4720 4596 4560 
4 10162 10153 10166 10176 
4 2064 1964 1559 1854 
4 2559 2760 2956 2958 
4 2788 3004 2790 2582 
4 7271 7025 6888 7139 
4 3274 3465 3692 3275 
4 7709 7559 7949 7809 
4 3901 3611 3917 3987 
4 1002 1003 1209 1080 
4 5379 5575 5901 5722 
4 8467 8379 8550 8656 
4 9058 9137 9023 8949 
4 7148 7353 6871 7079 
4 4269 4623 4368 4006 
4 3969 4377 4594 4238 
4 4996 5164 4943 4723 
4 4284 4648 4375 3968 
4 2074 1606 1381 1789 
4 1883 2305 2001 1653 
4 1852 2044 2287 1575 
4 4103 4471 4167 3801 
4 8333 8536 8348 8127 
4 535 357 358 711 
4 9079 8968 8778 8912 
4 1901 1683 1955 2354 
4 8169 8236 8128 8025 
4 2135 1756 2222 2533 
4 2080 2488 2286 1785 
4 458 723 362 363 
4 9219 9220 9137 9058 
4 8243 8390 8178 8024 
4 8569 8467 8656 8702 
4 2467 2169 2085 1949 
4 2407 2454 2064 2248 
4 733 980 1176 458 
4 6762 6793 6780 6998 
4 3513 3287 3401 3615 
4 8336 8281 8161 8177 
4 9316 9409 9497 9480 
4 2122 1753 2215 2357 
4 2334 1556 1920 2056 
4 9255 9254 9350 9324 
4 986 908 767 583 
4 3421 3289 3010 3474 
4 7749 7980 7776 7536 
4 2599 2862 2160 2454 
4 1547 1837 1112 1413 
4 1192 581 578 1190 
4 710 961 1196 534 
4 7833 7997 8113 7936 
4 1123 503 580 1171 
4 3536 3214 3611 3901 
4 6011 6182 6508 6330 
4 2260 1965 1783 1564 
4 7286 7418 7548 7473 
4 551 1187 1202 553 
4 1002 1185 408 779 
4 5598 5522 5451 5387 
4 1189 502 761 875 
4 1285 1681 1508 1248 
4 1985 1867 1649 2033 
4 1173 1410 1637 877 
4 4119 3892 4289 4305 
4 2384 3065 2814 2665 
4 3352 3721 3549 2995 
4 5365 5286 5022 5603 
4 5156 4896 5080 5246 
4 9910 9912 9862 9861 
4 1391 1120 1815 1611 
4 8551 8657 8470 8383 
4 904 1415 1440 1169 
4 1993 1856 1643 2058 
4 1924 2306 1969 1793 
4 3759 4050 4241 4211 
4 8049 8031 8177 8161 
4 3589 3873 3493 3504 
4 3218 3475 3693 3671 
4 4995 4791 5051 5338 
4 7027 7044 6944 6940 
4 1114 1135 1447 1302 
4 3839 4036 4240 3840 
4 6506 6213 5990 6294 
4 508 671 968 579 
4 909 741 562 988 
4 6208 6386 6037 5844 
4 3919 3717 3952 4286 
4 1367 1273 1590 1931 
4 3161 3535 3239 2801 
4 2211 2285 1668 1583 
4 8025 8128 8072 7924 
4 866 751 501 1177 
4 8893 8788 8717 8693 
4 7765 7787 7677 7646 
4 1476 1241 1696 1910 
4 1850 1529 1450 1084 
4 1813 1611 2030 2275 
4 2816 2870 2491 2668 
4 2106 2537 2162 1905 
4 4964 4707 4890 5067 
4 6823 6870 7015 6941 
4 9421 9496 9351 9326 
4 4598 4168 4436 4778 
4 1469 1144 1300 1610 
4 1788 1827 2290 1959 
4 6559 6853 6652 6324 
4 876 1174 564 740 
4 5844 6037 5928 5776 
4 1632 1215 914 1358 
4 437 724 189 190 
4 6849 6634 6914 7128 
4 2194 2273 1846 2068 
4 4220 3995 3879 3810 
4 4985 5072 4856 4737 
4 1115 1299 1136 1521 
4 2263 2408 2239 2025 
4 1706 1497 1932 2129 
4 6303 6507 6212 6001 
4 1820 1537 2288 2031 
4 2819 2883 3105 3021 
4 744 652 495 565 
4 1781 2082 2255 2466 
4 5430 5746 5902 5599 
4 574 993 682 497 
4 9877 9794 9890 9954 
4 2143 1913 2218 2511 
4 7185 7166 7081 6881 
4 1141 953 673 1100 
4 3002 3291 2614 2901 
4 4780 4924 4589 4329 
4 1827 1788 1394 1617 
4 5134 5306 4961 4797 
4 5378 5418 5542 5714 
4 1727 1942 1906 1492 
4 1226 1519 1289 939 
4 1151 1390 1208 963 
4 1073 1134 1673 1301 
4 4497 4581 4776 4676 
4 2139 2535 2226 1764 
4 1199 991 775 443 
4 4223 4168 4598 4332 
4 2696 2821 3104 2695 
4 5746 6065 6211 5902 
4 4117 3976 3931 3720 
4 1185 1002 1080 1414 
4 742 547 591 670 
4 2769 2842 2707 2438 
4 1966 2262 1547 1839 
4 6532 6329 6430 6623 
4 1517 1371 1589 1806 
4 2048 1832 1562 2043 
4 3390 3590 3393 3191 
4 1838 1528 1743 2025 
4 5710 5868 5714 5542 
4 1988 1825 1545 2040 
4 2676 2572 2263 2472 
4 5046 5107 5284 5193 
4 2725 3161 2801 2522 
4 3990 4054 4154 4355 
4 2359 2144 2355 2564 
4 5021 4717 4938 5279 
4 8024 8178 7950 7914 
4 2442 2666 2415 2238 
4 4354 4039 4248 4561 
4 1112 1412 682 993 
4 9861 9862 9795 9765 
4 4934 4782 4605 4682 
4 2124 2556 2185 1897 
4 1398 1349 1854 1559 
4 8694 8693 8614 8578 
4 5305 5066 5240 5411 
4 2112 1897 2185 2553 
4 5457 5289 5016 5602 
4 3749 3792 3595 3512 
4 427 282 283 728 
4 2173 2049 1751 2465 
4 1707 1916 2133 2134 
4 9575 9459 9603 9697 
4 1608 1385 1102 1551 
4 4082 3893 3945 4206 
4 1946 2202 1790 1525 
4 5475 5214 5350 5586 
4 2198 2488 2080 1848 
4 2203 2035 1809 2245 
4 1518 1372 1729 1912 
4 1000 475 770 913 
4 4571 4366 4244 3989 
4 981 755 572 994 
4 1956 2380 2700 2278 
4 751 866 1203 421 
4 6477 6628 6529 6307 
4 7646 7677 7556 7526 
4 2104 1889 2220 2341 
4 2448 2449 2706 2569 
4 1782 1990 1866 1645 
4 974 664 1443 1093 
4 2287 2044 2243 2409 
4 2654 2465 2294 2669 
4 4267 3998 4340 4621 
4 7776 7973 7744 7536 
4 1942 2331 1950 1906 
4 545 713 60 61 
4 2859 2600 2197 2460 
4 3278 3020 2899 2697 
4 5719 5740 6070 5824 
4 8382 8392 8383 8470 
4 1455 1143 1597 1876 
4 912 999 559 766 
4 2051 2036 2491 2184 
4 4332 4598 4935 4773 
4 1655 1340 1790 2028 
4 1542 1403 1103 1872 
4 8225 8332 8441 8274 
4 3013 2892 2686 3051 
4 1991 1836 1536 2049 
4 5335 5648 5398 5057 
4 5779 5551 5670 5888 
4 4380 4163 4387 4644 
4 5967 6025 5886 5815 
4 2182 2040 1757 2459 
4 1652 2206 1995 1859 
4 1427 1209 1003 683 
4 1819 1775 2086 1962 
4 2588 2476 2173 2882 
4 6995 6859 6717 6616 
4 3306 3307 2900 3104 
4 1129 1021 921 1483 
4 6711 6856 6662 6473 
4 1684 1495 1896 2140 
4 5262 5183 5111 5049 
4 1866 1564 1425 1109 
4 8655 8488 8292 8442 
4 2076 1543 1835 2259 
4 7677 7819 7689 7556 
4 2666 2442 2291 2647 
4 965 1107 1441 681 
4 1654 1855 1870 1347 
4 9850 9828 9880 9905 
4 2036 2051 1627 1837 
4 2201 2444 2074 1789 
4 3626 4088 3785 3736 
4 9377 9236 9338 9406 
4 3163 3125 3357 3511 
4 8180 8066 7915 8071 
4 3110 2988 3194 3505 
4 2272 1577 1817 2075 
4 1625 1353 1182 916 
4 1176 980 1117 1380 
4 3117 2770 2971 3249 
4 3782 4213 4242 4051 
4 972 995 573 743 
4 2028 1789 1381 1655 
4 2662 3067 2902 2663 
4 1941 1574 1818 2132 
4 1762 2023 1332 1601 
4 1160 901 1393 1629 
4 8858 8952 8800 8716 
4 6424 6554 6360 6179 
4 1062 1285 1248 688 
4 2825 2703 2417 2895 
4 844 1227 880 466 
4 1519 1293 1574 1941 
4 3454 3455 3878 3601 
4 2938 3005 2786 2578 
4 8149 8021 7907 8035 
4 2964 2624 2995 3359 
4 2179 2483 2605 2845 
4 9898 9850 9905 9967 
4 434 288 289 725 
4 1485 1938 1561 1079 
4 3073 2882 2654 3077 
4 5353 5626 5311 5132 
4 1516 1902 1728 1370 
4 3410 3440 3108 3247 
4 1788 2071 1572 1394 
4 2690 2448 2569 2874 
4 1990 1782 2048 2252 
4 9449 9473 9391 9375 
4 1484 1087 1533 1921 
4 1255 1038 1372 1518 
4 1564 1783 1639 1425 
4 1987 2037 1636 1844 
4 4815 4917 4686 4521 
4 202 639 201 2 
4 2138 2541 2224 1769 
4 3558 3235 3604 3932 
4 312 313 790 542 
4 5835 5761 5762 6081 
4 2978 3273 2817 2575 
4 451 732 96 97 
4 444 731 391 392 
4 1157 1438 1276 896 
4 1310 1166 900 1626 
4 8163 8375 8312 8020 
4 1122 1424 1835 1543 
4 2933 2592 3125 3163 
4 3520 3626 3736 3322 
4 1197 1346 1159 971 
4 1718 1259 928 1509 
4 7432 7472 7556 7689 
4 915 998 585 764 
4 1741 2045 2460 2197 
4 2572 2849 2408 2263 
4 2721 3135 2799 2434 
4 897 1376 1107 965 
4 2955 3352 2995 2624 
4 4743 4906 4553 4385 
4 1399 1119 1652 1859 
4 1280 1037 1370 1727 
4 1010 651 450 776 
4 1074 643 1040 1475 
4 7910 7831 7682 7808 
4 3928 4284 3968 3581 
4 4087 3791 4176 4298 
4 444 548 965 681 
4 2821 2696 2395 2890 
4 7526 7556 7472 7317 
4 1411 1528 1838 1410 
4 2695 2493 2289 2696 
4 10025 9971 9882 9959 
4 970 762 581 1192 
4 3072 3080 2617 2885 
4 3833 3842 3480 3661 
4 1286 888 1373 1709 
4 2608 2826 2904 2643 
4 2994 2895 2588 3295 
4 5367 5604 5287 5023 
4 2288 2405 2257 2031 
4 2096 2343 2221 1885 
4 2875 3049 3310 2586 
4 2200 2237 1807 2023 
4 1679 2139 1764 1462 
4 2232 2464 2702 2670 
4 7885 7727 7652 7459 
4 4051 3682 3699 3782 
4 2390 2637 1992 2237 
4 4278 4646 4340 3998 
4 747 468 100 101 
4 2166 2423 2697 2899 
4 1840 1530 1359 1632 
4 5796 5859 5750 5553 
4 1984 1845 1657 2027 
4 2417 2274 1991 2476 
4 4298 4176 4481 4632 
4 1404 1193 1598 1834 
4 4906 4743 4957 5081 
4 2493 2695 2701 2264 
4 5084 5105 5452 5217 
4 3074 2827 2710 2394 
4 5114 5459 5284 5107 
4 2343 2713 2550 2221 
4 2055 2062 1647 1858 
4 4400 4137 3991 4225 
4 846 445 1059 1068 
4 1407 1188 874 1342 
4 847 539 896 1276 
4 3778 3647 3400 4023 
4 525 489 397 398 
4 3187 3077 2797 3468 
4 2079 2078 1864 1622 
4 4328 4251 4216 4592 
4 2449 2448 2030 2246 
4 2755 2731 2962 3116 
4 440 566 209 210 
4 1651 1221 867 1435 
4 6550 6408 6635 6845 
4 2993 3271 2661 2871 
4 5279 5386 5453 5021 
4 6881 7081 6795 6587 
4 3172 2791 3207 3567 
4 3356 3355 3551 3708 
4 2479 2615 2202 1946 
4 5110 4935 4598 4778 
4 2644 2038 2244 2404 
4 2137 1888 2344 2513 
4 473 279 280 735 
4 2246 1964 2160 2449 
4 2575 2872 3107 2978 
4 1723 2096 1885 1366 
4 458 363 364 733 
4 878 773 417 1204 
4 5814 5966 5710 5560 
4 753 859 1214 459 
4 3484 3616 3696 3301 
4 8154 8268 8199 8029 
4 1350 2039 1826 1619 
4 2663 2489 2257 2662 
4 1803 1595 1521 1734 
4 2924 2719 2839 3167 
4 2163 2480 1759 2062 
4 1154 905 734 557 
4 2141 2008 2353 2529 
4 2699 2290 2461 2698 
4 862 1118 1001 672 
4 1513 1368 1568 1908 
4 2611 2655 2279 2458 
4 4449 4187 4385 4553 
4 4245 4600 4365 4247 
4 1569 1936 2151 2348 
4 1203 866 1661 1322 
4 1528 1607 2059 1743 
4 2827 2897 2477 2710 
4 1892 2311 2113 1677 
4 2028 1790 2202 2453 
4 2513 2763 2629 2220 
4 2589 2879 2163 2478 
4 2708 2367 2770 3117 
4 5687 5884 5608 5366 
4 2477 2478 2055 2268 
4 3179 3492 3062 2811 
4 3837 3809 3700 3392 
4 7459 7652 7179 7375 
4 9047 9133 9001 8879 
4 4871 5267 5285 5096 
4 1489 1281 1683 1901 
4 1406 1615 1812 1099 
4 1855 2072 2247 1870 
4 4656 4998 4702 4373 
4 1529 1858 1220 1450 
4 4921 4681 4602 4327 
4 9375 9391 9365 9245 
4 2475 2043 2281 2665 
4 2060 1779 2492 2271 
4 6354 6473 6662 6313 
4 3610 3446 3315 3647 
4 877 1191 500 757 
4 3409 3435 3079 3245 
4 3422 3476 3107 3291 
4 7624 7508 7533 7701 
4 1099 1386 1162 964 
4 401 715 151 152 
4 3441 3608 3210 3486 
4 845 487 1054 1226 
4 1821 1614 1344 1539 
4 2170 2052 1781 2466 
4 2487 2208 2703 2686 
4 732 451 1197 971 
4 3250 3495 3880 3691 
4 6025 6175 5998 5886 
4 1128 1201 586 424 
4 2569 2706 3108 2774 
4 3008 3170 2595 2944 
4 3265 3458 3695 2981 
4 543 544 1208 1163 
4 1575 1814 1077 1343 
4 2340 2645 2445 1974 
4 1820 1405 1148 1537 
4 2136 2006 2342 2508 
4 1747 2258 2295 2047 
4 4445 4262 4535 4655 
4 3118 2802 3355 3356 
4 724 437 672 1001 
4 6247 6310 6143 6008 
4 6875 7080 6796 6584 
4 1656 1314 1118 862 
4 1117 865 1617 1394 
4 1844 1210 1408 1563 
4 3167 2839 3364 3525 
4 2489 2256 2058 1749 
4 998 915 1409 1121 
4 4249 4382 3977 3796 
4 8578 8614 8388 8516 
4 2912 2598 2877 3045 
4 2265 2089 2090 2175 
4 3525 3364 3629 3744 
4 1530 1949 2085 1873 
4 1154 906 1206 1392 
4 3052 2808 2615 2479 
4 1012 667 1448 1127 
4 1118 1383 1152 1001 
4 1774 2066 1792 1567 
4 2849 2572 2779 3001 
4 4328 4605 4252 4251 
4 2540 2157 2567 2918 
4 4184 4110 4161 4386 
4 2033 2230 2292 1985 
4 3019 3076 2664 2879 
4 3582 3894 3559 3407 
4 2347 2721 2434 1980 
4 4154 4054 3778 4433 
4 1649 1107 1376 1570 
4 1667 1778 1625 1354 
4 2460 2411 2609 2859 
4 3827 3676 3498 3855 
4 968 671 1122 1406 
4 1166 1310 1663 859 
4 2270 1975 1778 1667 
4 1618 1168 905 1345 
4 2494 2619 2903 2168 
4 2761 2434 2799 3165 
4 4399 4152 4599 4518 
4 1654 1347 1180 907 
4 2291 1766 1984 2187 
4 4188 4023 3827 4189 
4 2035 2203 2294 1986 
4 7276 7446 7379 7169 
4 415 769 916 1182 
4 5409 5429 5759 5518 
4 2688 2819 2697 2423 
4 5495 5796 5553 5207 
4 7076 7006 6942 6724 
4 472 164 165 736 
4 2922 2606 2771 3054 
4 3310 3049 3496 3490 
4 552 724 1001 1152 
4 526 747 101 102 
4 3064 2789 2605 2383 
4 1188 1407 1616 1187 
4 3316 3317 2905 3106 
4 3612 3667 3254 3467 
4 6408 6186 6551 6635 
4 1893 1686 2008 2141 
4 2240 2542 2329 2041 
4 2381 2657 2204 1959 
4 2267 1977 2161 2446 
4 1623 1322 2082 1781 
4 2067 2244 2038 1823 
4 1651 1860 1644 1454 
4 1427 1636 1664 1209 
4 2031 2257 2489 1749 
4 2473 2586 2883 2416 
4 1869 1213 1339 1605 
4 3810 3879 3437 3701 
4 1172 558 737 974 
4 3251 3300 3497 3457 
4 2290 1827 2081 2461 
4 8369 8489 8402 8267 
4 1512 1291 943 1105 
4 473 739 278 279 
4 1867 1612 1206 1441 
4 2517 2242 2365 2641 
4 5451 5106 5292 5387 
4 4737 4856 5112 4738 
4 4366 4427 4064 4244 
4 1342 1622 1864 1407 
4 5991 5830 5915 6204 
4 412 541 262 263 
4 1058 1284 1506 1057 
4 1165 1817 1577 1436 
4 1573 1754 2088 1602 
4 2526 2212 2731 2755 
4 2169 2467 2901 2614 
4 1609 1774 1567 1341 
4 3397 3015 3261 3651 
4 3894 3582 3998 4267 
4 1567 1509 1288 1341 
4 1483 921 1259 1718 
4 3720 3931 3522 3338 
4 2025 1743 2472 2263 
4 3267 2857 3094 3266 
4 7999 8035 7907 7882 
4 2661 2243 2463 2871 
4 436 740 387 388 
4 2763 3123 2838 2629 
4 4064 4065 3674 3874 
4 1714 1325 1889 2104 
4 489 717 396 397 
4 2330 2172 2376 2728 
4 4509 4766 4169 4427 
4 7604 7493 7356 7474 
4 7426 7466 7718 7559 
4 7817 7883 7738 7562 
4 2704 2705 2823 3096 
4 5906 5598 5765 5858 
4 2453 2202 2615 2884 
4 4562 4560 4434 4146 
4 4362 4234 4077 4422 
4 544 159 160 716 
4 1947 2266 2501 2369 
4 4531 4433 4188 4589 
4 3607 3639 3309 3440 
4 4168 4223 3887 4059 
4 4655 4535 4835 4959 
4 6278 6327 6222 6033 
4 1163 1208 1390 1613 
4 1659 1861 1875 1422 
4 2083 2158 2500 2305 
4 2895 2994 3315 2825 
4 1202 1401 1148 969 
4 2216 1791 2088 2539 
4 2334 2056 2238 2415 
4 2813 3050 3210 3445 
4 3744 3629 3926 4091 
4 6889 6982 6910 7026 
4 5607 5290 5021 5453 
4 3100 2373 2663 2902 
4 1582 1852 1388 1164 
4 2705 2704 2450 2171 
4 2762 2628 2802 3118 
4 992 662 1449 1095 
4 5703 5758 5377 5610 
4 1473 1313 1540 1895 
4 2315 2740 2515 2128 
4 2850 3071 2402 2671 
4 5366 5608 5026 5288 
4 4706 4732 4437 4547 
4 3703 3702 3194 3423 
4 7083 7214 6928 6943 
4 6387 6685 6570 6170 
4 1254 860 1492 1700 
4 7044 6877 6734 6944 
4 9697 9603 9725 9808 
4 1272 1030 1497 1706 
4 1862 1997 2296 1861 
4 843 633 939 1065 
4 2813 3064 2383 2659 
4 2789 3042 2845 2605 
4 4332 4577 3951 4223 
4 557 731 906 1154 
4 1635 1775 1613 1390 
4 2822 2574 2469 2693 
4 2687 2485 2575 2817 
4 4381 4181 3977 4382 
4 1010 1084 1450 651 
4 1772 2076 2462 2186 
4 4465 4817 4536 4147 
4 1627 1582 1164 1412 
4 1159 1851 1650 1442 
4 1721 2123 1940 1362 
4 8343 8395 8294 8126 
4 4329 4189 3959 4555 
4 3077 3187 3498 3073 
4 6978 6857 6890 7047 
4 1436 1119 996 718 
4 8736 8926 8779 8630 
4 1111 1439 1879 1642 
4 9169 9217 9105 8957 
4 935 687 1132 1464 
4 1705 2112 1756 1319 
4 3478 3181 3001 2779 
4 4983 4988 5159 5229 
4 2953 3082 2788 2744 
4 2779 3091 3219 3478 
4 2535 2227 2628 2762 
4 2445 2953 2744 2542 
4 8236 8344 8325 8128 
4 1329 1629 1829 2057 
4 2050 1348 1618 1777 
4 5560 5710 5542 5395 
4 6964 7108 6827 6577 
4 2483 2276 2383 2605 
4 3693 3475 3288 3381 
4 1267 1042 1318 1730 
4 1263 1691 1327 864 
4 1630 976 1172 1397 
4 3056 3211 3046 2805 
4 436 734 905 1168 
4 2446 2443 2086 2267 
4 1244 932 1362 1502 
4 1124 1396 1165 985 
4 1812 2022 1755 1541 
4 2614 2872 2486 2169 
4 8216 8027 8166 8266 
4 2699 2698 2811 3062 
4 2618 2689 2905 2780 
4 2903 2619 3312 3025 
4 468 556 99 100 
4 790 313 314 428 
4 1912 2325 2005 1698 
4 8134 8287 8516 8388 
4 3324 3027 3529 3556 
4 894 1339 1213 977 
4 9015 9045 8922 8771 
4 1008 1009 582 765 
4 473 1169 907 739 
4 1564 1866 1990 2260 
4 2664 2682 2298 2480 
4 1871 1998 2297 1581 
4 1849 1666 2293 1994 
4 882 1609 1341 1183 
4 1879 1556 2334 1973 
4 4501 4422 4141 4758 
4 3306 3313 3501 3384 
4 728 553 1202 969 
4 6201 6167 6365 6357 
4 2282 1967 1850 1580 
4 1890 1711 2006 2136 
4 419 274 275 745 
4 1935 1797 2145 2324 
4 7689 7546 7289 7432 
4 994 1082 1411 981 
4 1667 1354 1086 1849 
4 1807 1842 1447 1633 
4 3062 2777 2381 2699 
4 5281 5282 5609 5445 
4 6001 6212 5909 5684 
4 2137 2513 2220 1889 
4 3414 3460 3069 3271 
4 1851 1159 1346 1554 
4 3808 3689 3503 3868 
4 3181 3462 3294 3001 
4 3584 3957 4077 3860 
4 1409 1353 1828 1579 
4 9230 9344 9217 9169 
4 1405 1820 1578 1091 
4 1065 939 1289 1470 
4 1489 1901 1531 1088 
4 1814 1575 2287 2073 
4 414 749 168 169 
4 1867 1985 1757 1612 
4 9267 9423 9499 9312 
4 716 963 1208 544 
4 2230 2438 2707 2292 
4 2887 2889 3314 3000 
4 907 1169 1440 1654 
4 2409 2243 2661 2896 
4 3104 2821 3313 3306 
4 2777 3089 2657 2381 
4 1631 1355 1181 911 
4 2403 2673 2875 2196 
4 3278 3021 3220 3416 
4 2697 2819 3021 3278 
4 3495 3250 3096 2823 
4 6937 6724 6664 6433 
4 1628 1780 1662 1352 
4 8966 9012 8767 8897 
4 2276 2186 2659 2383 
4 9136 9196 9045 9015 
4 2402 2681 1982 2273 
4 2037 1987 2298 2210 
4 1997 2065 2494 2168 
4 2406 2252 2475 2612 
4 6363 6362 5982 6216 
4 2815 2387 2745 3066 
4 2081 1306 1620 1741 
4 3050 3048 3486 3210 
4 2260 1990 2252 2406 
4 1210 1427 683 920 
4 3291 3002 3697 3422 
4 2993 3270 3499 3459 
4 4028 4035 3677 3842 
4 2040 2182 2497 1988 
4 1659 1422 918 1205 
4 1156 1121 1620 1306 
4 2574 2988 3110 2898 
4 1809 1604 1314 1776 
4 5343 5399 5319 5169 
4 969 1148 1405 665 
4 2798 3083 2371 2682 
4 3106 2374 2643 2904 
4 4357 4407 4028 4215 
4 725 964 1162 434 
4 906 681 1441 1206 
4 3350 2972 3545 3713 
4 4040 3982 4246 4204 
4 2143 2511 2350 2011 
4 2808 3102 2884 2615 
4 989 1178 592 781 
4 1854 1826 2248 2064 
4 2044 1740 2463 2243 
4 3865 3594 3416 3220 
4 4085 3772 4144 4454 
4 3504 3505 3882 3589 
4 3944 4183 3921 3571 
4 1107 1649 1867 1441 
4 1541 1755 2079 1622 
4 3857 3989 4244 3856 
4 1638 1356 1184 1006 
4 1959 2204 2071 1788 
4 2069 1419 1630 1784 
4 3830 3474 3188 3588 
4 8255 8077 8187 8294 
4 2652 2865 2482 2209 
4 4075 3788 3690 3425 
4 763 914 1215 422 
4 2807 2847 2501 2637 
4 3267 3489 3302 3067 
4 3556 3529 3575 3900 
4 4604 4528 4679 4936 
4 467 748 204 205 
4 2059 1995 2423 2166 
4 421 179 180 751 
4 985 1165 1436 718 
4 2479 2690 2874 3052 
4 6997 6998 6780 6738 
4 468 691 967 556 
4 3960 3868 3586 4224 
4 4681 4931 4411 4602 
4 5216 5099 4927 5013 
4 2485 2687 2270 1994 
4 3423 3299 3086 3479 
4 731 444 681 906 
4 1680 1461 1888 2137 
4 9344 9230 9426 9453 
4 421 750 178 179 
4 3277 3014 2859 2609 
4 7929 7786 7542 7730 
4 2584 2870 3017 3270 
4 3071 2806 2681 2402 
4 952 1114 1452 707 
4 3577 3875 3993 4228 
4 4512 4382 4249 4544 
4 4135 4418 4601 4581 
4 1685 1467 1797 1935 
4 3445 3193 3064 2813 
4 3860 3302 3489 3584 
4 8128 8325 8190 8072 
4 9156 9224 9354 9280 
4 3929 3898 3950 4275 
4 3492 3179 3379 3649 
4 7889 8043 7963 7774 
4 9259 9303 9196 9136 
4 1168 1618 1348 876 
4 2510 2195 2606 2922 
4 4852 4758 4582 5093 
4 1019 879 1109 1425 
4 1305 1621 1414 1080 
4 8293 8200 8065 8184 
4 3213 3099 2858 3262 
4 664 977 1213 1443 
4 6214 6223 5858 6076 
4 1773 1838 2025 2239 
4 4253 4565 4322 3979 
4 1389 1338 873 1158 
4 1844 1563 1759 1987 
4 739 907 1180 498 
4 1212 1446 1656 862 
4 1546 1824 1656 1446 
4 4709 4555 4381 4735 
4 5108 5280 4895 4944 
4 8149 8324 8140 8021 
4 8076 8302 8414 8148 
4 1412 1112 1837 1627 
4 8010 8126 8294 8187 
4 2960 2920 2989 3332 
4 3988 3886 3704 4052 
4 6752 6781 6943 6928 
4 1635 1390 1151 1847 
4 4718 4937 5114 5107 
4 2701 2695 3104 2900 
4 655 996 1119 1399 
4 4594 4377 4590 4703 
4 3059 3277 2609 2880 
4 3145 3517 3227 2830 
4 3236 3623 3910 3518 
4 1786 1634 1431 1841 
4 1962 2086 2443 2692 
4 3175 3264 3502 3374 
4 1962 2250 1557 1819 
4 5333 5420 5199 5071 
4 1184 911 756 576 
4 9862 9863 9830 9795 
4 2681 2382 2236 1982 
4 5088 5049 4942 4672 
4 2271 2198 1848 2060 
4 4165 4032 3808 4195 
4 1963 2196 2473 2075 
4 7564 7280 7495 7732 
4 4816 4504 4341 4639 
4 474 667 1012 575 
4 2280 1662 1780 1952 
4 2829 3236 3518 3135 
4 2079 2179 2451 2078 
4 3394 3664 3022 3272 
4 717 455 395 396 
4 4660 4725 4503 4482 
4 5395 5542 5418 5204 
4 2858 2649 2496 2860 
4 2718 2560 2920 2960 
4 9097 9189 9010 9013 
4 558 1172 976 738 
4 2988 2574 2822 3299 
4 2539 2957 2625 2216 
4 3577 3854 3462 3181 
4 9317 9450 9303 9259 
4 459 173 174 753 
4 1444 647 975 1077 
4 712 685 1195 857 
4 1824 1546 1982 2236 
4 1385 1608 1811 1324 
4 1946 2275 2690 2479 
4 6221 6222 6327 6515 
4 8977 9098 9190 9110 
4 1175 917 1086 1354 
4 3391 3303 2991 3687 
4 1445 1086 917 657 
4 2659 2613 3050 2813 
4 4905 4922 4601 4766 
4 1052 661 1234 1471 
4 1257 1702 1360 924 
4 7189 7324 7102 6882 
4 1420 913 1201 1634 
4 2577 2873 3016 3265 
4 2089 1841 1640 2090 
4 406 560 975 647 
4 1823 2038 2288 1537 
4 3220 3491 3619 3865 
4 3782 3699 3397 4069 
4 7444 7583 7373 7164 
4 745 567 1124 985 
4 5864 5699 6049 6162 
4 1439 1111 912 678 
4 2010 2435 2721 2347 
4 5445 5387 5292 5281 
4 7668 7580 7783 7990 
4 1179 900 758 571 
4 1069 944 1295 1460 
4 1866 1109 1434 1645 
4 2060 1433 1663 1779 
4 2036 2262 2668 2491 
4 3530 3907 3631 3232 
4 3728 3395 3898 3929 
4 7137 7175 7069 6993 
4 7597 7719 7478 7358 
4 453 269 270 755 
4 2080 1785 1631 1356 
4 582 1009 657 505 
4 3036 2969 3230 3523 
4 3423 3479 3886 3703 
4 5241 5029 5610 5377 
4 1442 1103 988 674 
4 1500 1499 1711 1890 
4 711 358 359 407 
4 2032 1872 1650 2283 
4 3485 3257 3699 3682 
4 3671 3693 3887 3763 
4 7916 7952 7710 7843 
4 414 169 170 756 
4 2713 2386 2910 3119 
4 414 756 911 1181 
4 919 1011 1220 1351 
4 1965 2260 2406 2651 
4 1787 2070 1305 1664 
4 9467 9562 9453 9426 
4 1195 1149 1601 1332 
4 1794 2010 2347 1928 
4 7420 7594 7843 7710 
4 1667 1849 1994 2270 
4 1200 476 777 919 
4 1207 1648 1843 1432 
4 1331 1562 1832 1435 
4 2462 2391 2852 2613 
4 4868 4888 4597 4732 
4 9121 8981 9177 9294 
4 550 407 359 360 
4 4693 4909 5288 5026 
4 2455 2209 2070 1787 
4 3796 3977 3849 3666 
4 5135 4853 5035 5243 
4 736 497 682 903 
4 2597 3010 3289 2856 
4 431 561 977 664 
4 1448 1583 1668 1127 
4 892 1198 1430 679 
4 1443 1213 1869 1658 
4 1928 2347 1980 1678 
4 750 421 1203 1004 
4 1598 1599 1804 2054 
4 4076 3993 3875 3662 
4 6087 5946 6188 6412 
4 459 760 172 173 
4 4225 3617 3861 3990 
4 4142 3805 4053 4431 
4 4228 3966 3854 3577 
4 7529 7311 7436 7648 
4 499 175 176 758 
4 1714 2104 1916 1457 
4 1993 2171 2450 2072 
4 3871 3766 3620 3382 
4 5048 5102 4779 4931 
4 8914 8725 8557 8767 
4 9558 9546 9616 9683 
4 672 726 1212 862 
4 1210 1844 1636 1427 
4 453 757 268 269 
4 1611 1815 2246 2030 
4 7389 7254 7518 7637 
4 1762 2071 2204 2456 
4 1524 1804 1599 1302 
4 3458 3265 3016 3403 
4 7439 7457 7575 7707 
4 3478 3219 3662 3875 
4 566 719 208 209 
4 201 639 536 200 
4 1871 1581 1449 1217 
4 2616 2484 2265 2683 
4 2175 2090 1752 2490 
4 3471 3217 3087 2820 
4 3025 3312 3504 3493 
4 3993 4076 4437 4133 
4 5638 5933 5673 5582 
4 472 736 903 1161 
4 1175 916 769 504 
4 8842 8698 8775 8873 
4 1858 1529 2268 2055 
4 2169 2486 2293 2085 
4 1713 1587 1925 2125 
4 4343 4554 4939 4695 
4 449 746 206 207 
4 5326 5133 5392 5654 
4 963 647 1444 1151 
4 1869 1986 1751 1658 
4 2892 3013 2826 2608 
4 4369 4728 4978 4623 
4 1002 779 590 1003 
4 1055 931 1087 1484 
4 2405 2857 2662 2257 
4 7564 7779 7960 7725 
4 3806 3858 3506 3688 
4 9134 8983 9076 9215 
4 4366 4571 4779 4750 
4 5168 5318 5025 4879 
4 2651 2406 2612 2809 
4 5549 5745 6072 5842 
4 738 976 1177 501 
4 3196 3482 2812 3095 
4 3495 3301 3696 3880 
4 1073 1371 945 642 
4 971 1159 1442 674 
4 4247 3871 4063 4245 
4 972 1352 1217 995 
4 2068 1973 2470 2194 
4 4058 4013 3817 3606 
4 1494 1266 1695 1926 
4 1861 1659 1423 1862 
4 1755 2022 2276 2483 
4 3273 2978 3182 3418 
4 2552 2430 2751 2923 
4 2612 2475 2665 2814 
4 3382 3691 4063 3871 
4 3660 3417 3277 3059 
4 6496 6554 6497 6598 
4 3280 3544 3735 3390 
4 4937 4718 4588 4365 
4 1787 2037 2210 2455 
4 4700 4915 4414 4577 
4 5368 5024 5231 5593 
4 1933 1678 1980 2352 
4 3824 3620 3766 4071 
4 4059 3788 4436 4168 
4 4759 4760 4440 4567 
4 6384 6566 6177 6093 
4 8608 8607 8689 8809 
4 2487 1863 2069 2208 
4 6702 6548 6634 6849 
4 1739 2070 2209 2482 
4 1460 1295 1588 1726 
4 1997 1862 1624 2065 
4 9901 9845 9808 9725 
4 2351 2003 2522 2756 
4 5077 5263 5455 5427 
4 1396 1347 1870 1532 
4 1729 1535 1750 2116 
4 5891 5892 6216 5982 
4 442 766 193 194 
4 2572 2676 3091 2779 
4 2610 2863 2444 2201 
4 3865 3619 4020 4186 
4 5337 5655 5374 5055 
4 571 750 1004 1179 
4 1008 1359 1216 1009 
4 3799 3844 3463 3664 
4 5281 5110 4936 5282 
4 555 550 360 361 
4 3100 3301 3495 2823 
4 3972 4231 3686 3873 
4 556 720 98 99 
4 840 1064 940 637 
4 6051 5828 6218 6141 
4 3028 3246 3701 3437 
4 419 718 996 569 
4 2247 2403 2196 1963 
4 4585 4527 4938 4717 
4 799 928 1259 452 
4 1216 1445 657 1009 
4 548 393 394 721 
4 722 874 1188 494 
4 4800 4508 4853 5135 
4 5457 5459 5114 5289 
4 502 378 379 761 
4 4871 4742 4603 4902 
4 7583 7444 7543 7679 
4 8565 8724 8517 8349 
4 4043 4227 4435 4420 
4 3418 3182 3579 3847 
4 2283 1650 1851 1971 
4 1776 1957 2245 1809 
4 3221 3090 2784 3290 
4 3884 3501 3695 3883 
4 976 1630 1419 1177 
4 9725 9797 9846 9901 
4 3098 3308 3109 2824 
4 6514 6169 6378 6668 
4 1199 1019 1425 1639 
4 1791 1316 1602 2088 
4 3067 3302 3484 2902 
4 3237 3006 3407 3559 
4 5402 5211 5415 5633 
4 1270 1027 1495 1684 
4 1578 1749 2058 1643 
4 3311 3016 2873 2672 
4 2686 2892 2255 2487 
4 7416 7606 7360 7303 
4 3174 3044 2772 3344 
4 6748 6767 6514 6668 
4 7420 7586 7357 7160 
4 3474 3830 3652 3421 
4 2273 2194 2671 2402 
4 1857 1170 1417 1576 
4 4072 3882 3702 4073 
4 570 655 994 572 
4 3887 3693 3381 4059 
4 3876 3991 3881 3698 
4 4745 4771 4940 4911 
4 1837 1547 2262 2036 
4 967 1115 1395 899 
4 3091 3020 3464 3219 
4 6361 6353 6198 6220 
4 1556 1129 1483 1920 
4 2070 1739 1621 1305 
4 2361 2226 2560 2718 
4 2789 3064 3193 3433 
4 3254 3179 2811 3055 
4 6398 6269 6564 6691 
4 6598 6765 6367 6496 
4 2499 2498 2269 1951 
4 3305 2977 2828 2709 
4 2496 2032 2283 2420 
4 2841 3147 3345 3346 
4 4009 4466 4149 3776 
4 920 683 507 778 
4 1210 920 1200 1408 
4 1580 1875 2077 2282 
4 4519 4565 4253 4401 
4 6765 6586 6521 6367 
4 1061 1476 1282 933 
4 2456 2204 2657 2891 
4 5361 5219 5018 5456 
4 743 564 1174 972 
4 1075 1455 1876 1523 
4 1959 2290 2699 2381 
4 2774 3012 2874 2569 
4 1352 1662 1871 1217 
4 1317 1642 2068 1846 
4 2684 3057 2810 2418 
4 1186 1417 1170 997 
4 6738 6780 6641 6593 
4 9117 8998 9061 9151 
4 833 1058 1057 626 
4 576 760 1006 1184 
4 4710 4580 4438 4736 
4 715 401 645 966 
4 3517 3909 3624 3227 
4 2289 1822 2063 2207 
4 3042 3188 3474 3010 
4 1873 1216 1359 1530 
4 3052 2874 3012 3300 
4 4426 3881 3991 4137 
4 3802 4041 4440 4152 
4 8184 8065 7840 7951 
4 2087 1358 1646 1822 
4 2753 3126 2835 2399 
4 3218 3471 2820 3080 
4 3272 3215 3506 3394 
4 3302 3860 3616 3484 
4 1567 1792 1718 1509 
4 2684 1952 2205 2393 
4 412 263 264 762 
4 3079 2987 2583 2878 
4 3263 3279 2911 3083 
4 3800 3687 3507 3843 
4 5255 5258 4905 5087 
4 1161 903 1164 1388 
4 9718 9719 9662 9612 
4 4520 4568 4201 4407 
4 1830 1829 1629 1393 
4 2672 2176 2419 2824 
4 3386 3290 2983 3675 
4 4567 4404 4497 4759 
4 5762 5761 5614 5463 
4 8505 8757 8653 8545 
4 3764 3986 3847 3579 
4 494 286 287 722 
4 5107 5046 4925 4718 
4 7464 7763 7645 7525 
4 499 758 900 1166 
4 3296 2810 3057 3485 
4 3809 3877 3499 3700 
4 4947 4764 4606 5120 
4 1853 1539 1344 1095 
4 1216 1873 1666 1445 
4 2392 2685 2820 3087 
4 1726 1588 1937 2131 
4 1949 2264 2701 2467 
4 3425 3698 3881 4075 
4 496 674 988 562 
4 1429 1219 918 1422 
4 2374 3106 2905 2689 
4 3197 3469 2798 3076 
4 3617 3483 3204 3861 
4 536 855 854 470 
4 2449 2160 2862 2706 
4 3260 3455 3089 2777 
4 6358 6159 6073 6039 
4 3317 3316 3698 3425 
4 5194 5439 4855 5102 
4 2335 2722 2426 1948 
4 7958 8077 8067 7777 
4 1392 1545 1825 1345 
4 1419 2069 1863 1661 
4 9795 9830 9757 9704 
4 2052 1747 1626 1400 
4 2488 2198 2885 2617 
4 6655 6606 6945 6735 
4 7479 7291 7555 7720 
4 1534 1418 1089 1878 
4 3648 3649 3761 4027 
4 7090 6970 6797 6865 
4 7160 7357 6879 7087 
4 1662 2280 1998 1871 
4 1005 771 589 1007 
4 3674 3579 3182 3476 
4 3961 4221 3578 3858 
4 5045 5097 4776 4922 
4 7951 7840 7723 7852 
4 2892 2608 2466 2255 
4 1952 2684 2418 2280 
4 2050 2205 1952 1780 
4 4433 4531 4603 4154 
4 2034 2073 2458 2279 
4 760 459 1214 1006 
4 2907 3261 3015 2906 
4 3830 4238 4046 3652 
4 3785 4266 4158 4115 
4 2312 2146 2430 2552 
4 4238 4594 4402 4046 
4 2650 1998 2280 2418 
4 2638 2408 2849 3093 
4 1655 1142 893 1340 
4 5462 5254 4856 5072 
4 8074 8299 8191 7971 
4 3963 3872 3596 4230 
4 4703 4882 4941 4730 
4 3764 4065 4169 4418 
4 565 585 998 744 
4 1235 929 1457 1480 
4 1261 1699 1496 869 
4 3086 2893 2677 3090 
4 3700 3017 3283 3392 
4 4152 4399 4045 3802 
4 1638 1848 2080 1356 
4 4507 4860 5118 4781 
4 5554 5605 5284 5459 
4 2465 2654 2882 2173 
4 958 987 1458 1076 
4 6879 7086 6790 6799 
4 9797 9745 9787 9846 
4 1739 2046 1830 1621 
4 2870 2816 3283 3017 
4 3857 3856 3697 3500 
4 7295 7477 7220 7010 
4 1006 1214 1433 1638 
4 1393 1414 1621 1830 
4 6441 6673 6374 6317 
4 1986 2294 2465 1751 
4 8159 8012 8397 8248 
4 2152 1919 2307 2538 
4 8824 8898 9014 8926 
4 911 1184 1356 1631 
4 4403 4210 4046 4402 
4 2781 3183 3496 3049 
4 6149 6342 6077 5837 
4 2235 2239 2408 2638 
4 1775 1635 2267 2086 
4 2489 2663 2373 2256 
4 2495 2500 2708 2909 
4 3322 3736 3406 3159 
4 2282 2394 2710 1967 
4 5984 6061 6219 6139 
4 7284 7542 7722 7484 
4 1089 1007 656 1453 
4 2184 2491 2870 2584 
4 6505 6464 6798 6606 
4 1189 1646 1358 914 
4 1723 1326 1793 2096 
4 3649 3648 3260 3492 
4 2709 2828 2678 2413 
4 3496 3183 3382 3620 
4 8191 8409 8304 8073 
4 2883 2586 3310 3105 
4 6767 6748 6912 7046 
4 568 1186 997 759 
4 4717 4921 4327 4585 
4 4709 4859 5117 4780 
4 5378 5273 5117 5418 
4 7720 7555 7794 7953 
4 3455 3454 3304 3089 
4 1258 885 1335 1690 
4 2353 2164 2372 2720 
4 3295 3073 3498 3676 
4 1214 859 1663 1433 
4 3021 3105 3491 3220 
4 1004 1623 1400 1179 
4 8669 8836 8579 8455 
4 2478 2477 2897 2589 
4 4228 3993 4133 4360 
4 554 559 999 726 
4 4326 4525 4430 4222 
4 4402 4730 4582 4403 
4 5381 5423 5045 5258 
4 1884 1553 1511 1512 
4 1413 1355 1839 1547 
4 5655 5935 5692 5374 
4 982 1288 854 855 
4 741 909 1125 435 
4 4287 4474 4639 4341 
4 1689 1303 1738 2106 
4 1093 1536 1836 1397 
4 4988 4807 4982 5159 
4 5402 5633 5817 5508 
4 3471 3218 3671 3853 
4 2492 2618 2886 2271 
4 1599 1598 1193 1452 
4 1779 2047 2295 2492 
4 5550 5585 5255 5439 
4 2413 2168 2903 2709 
4 3433 3193 3606 3817 
4 2278 1576 1816 1956 
4 2493 2264 1840 2087 
4 6993 7069 6966 6736 
4 1863 2487 2255 2082 
4 7343 7344 7480 7466 
4 4418 4135 3986 3764 
4 1474 1271 1587 1713 
4 1874 1523 2092 1945 
4 3618 3680 3318 3482 
4 2130 1744 2219 2429 
4 4110 3920 3971 4161 
4 5910 5911 5554 5760 
4 8983 8869 8965 9076 
4 1507 1364 1725 1915 
4 6321 6483 6666 6632 
4 2203 2379 2669 2294 
4 3261 2907 2585 2990 
4 4555 4709 4780 4329 
4 4899 4903 4599 4760 
4 2258 2374 2689 2295 
4 4330 4507 4781 4395 
4 1268 868 1325 1714 
4 4678 4927 4770 4525 
4 5754 5755 5454 5607 
4 3262 3432 3507 3213 
4 1551 1766 2029 1608 
4 1873 2085 2293 1666 
4 3242 3038 2842 3171 
4 4925 4678 4525 4326 
4 7714 7715 7958 7777 
4 9053 9170 9108 9012 
4 1177 1419 1661 866 
4 3503 3109 3308 3387 
4 2703 2825 3051 2686 
4 2999 3292 3706 3398 
4 7289 7488 7225 7157 
4 7805 7935 7741 7566 
4 5386 5279 5118 5444 
4 903 682 1412 1164 
4 3690 3381 3288 2979 
4 6003 5890 5763 6118 
4 494 551 285 286 
4 1250 1516 1370 1037 
4 3309 3176 3012 2774 
4 4588 4326 4222 3953 
4 2176 2672 2873 2499 
4 4052 4216 4251 3988 
4 1570 1770 2033 1649 
4 1310 2047 1779 1663 
4 2242 2155 2730 2365 
4 3290 3386 3704 3221 
4 5835 6067 5767 5761 
4 2371 2694 2455 2210 
4 3601 3878 4026 4237 
4 4358 4408 4079 4221 
4 6433 6664 6369 6146 
4 443 775 292 293 
4 5737 5739 5381 5585 
4 2959 2739 2950 3158 
4 3078 2876 2973 3276 
4 889 1323 1670 1224 
4 2480 2163 2879 2664 
4 3313 2981 3695 3501 
4 8607 8486 8564 8689 
4 1836 1991 2274 1784 
4 3802 4045 3379 3667 
4 4135 4404 4232 3986 
4 4548 4311 4490 4733 
4 2207 2395 2696 2289 
4 2809 2612 2814 3070 
4 6659 6607 6799 6790 
4 8575 8714 8625 8524 
4 993 910 1413 1112 
4 1274 1721 1362 932 
4 3648 3878 3455 3260 
4 4670 4904 4322 4565 
4 10099 10114 10060 10088 
4 1135 857 1633 1447 
4 1612 1757 2040 1545 
4 2891 2657 3089 3304 
4 1402 1816 1576 1417 
4 8409 8587 8532 8304 
4 9587 9516 9535 9625 
4 5218 5442 5611 5597 
4 8248 8397 8502 8518 
4 2452 2382 2878 2583 
4 2652 2694 2911 2776 
4 555 361 362 723 
4 2368 2640 2446 2161 
4 8383 8392 8335 8132 
4 4026 4027 4132 4390 
4 3099 3213 2991 2787 
4 6240 6535 6391 5995 
4 2297 2419 2176 2084 
4 2476 2588 2895 2417 
4 4710 4736 4866 5065 
4 997 1170 1448 667 
4 1429 1422 1875 1580 
4 3989 3857 3583 4218 
4 4544 4723 4943 4512 
4 560 406 161 162 
4 1053 1489 1088 659 
4 5043 5089 4783 4915 
4 766 442 678 912 
4 748 467 1183 982 
4 2498 2577 2890 2395 
4 5593 5713 5763 5368 
4 3093 2849 3001 3294 
4 7545 7721 7482 7285 
4 2878 2806 3245 3079 
4 5531 5730 5215 5423 
4 8384 8277 8052 8186 
4 1853 1581 2297 2084 
4 1875 1861 2296 2077 
4 1658 1751 2049 1536 
4 517 15 16 780 
4 7993 7772 8107 8221 
4 1433 2060 1848 1638 
4 1957 2452 2648 2245 
4 8725 8519 8339 8557 
4 3312 3110 3505 3504 
4 7174 7342 7481 7456 
4 2066 2056 1920 1792 
4 9361 9396 9493 9430 
4 430 573 995 662 
4 1661 1863 2082 1322 
4 2411 2474 2880 2609 
4 4249 3796 3593 3975 
4 5609 5282 5119 5446 
4 10090 10064 10073 10105 
4 504 768 917 1175 
4 3696 4171 3994 3880 
4 6315 6224 6058 6206 
4 579 725 289 290 
4 2000 2469 2299 1746 
4 4322 4595 4196 3979 
4 6514 6767 6587 6316 
4 8915 8884 8970 9099 
4 1442 1650 1872 1103 
4 1095 1449 1581 1853 
4 1236 1024 1364 1507 
4 2709 2903 3025 3305 
4 3953 4247 4365 4588 
4 5756 5609 5446 5757 
4 1170 1857 1583 1448 
4 6147 6200 5914 6059 
4 2274 2417 2703 2208 
4 2898 2299 2469 2574 
4 4518 4564 4208 4399 
4 4401 4209 4414 4519 
4 1766 2291 2442 2029 
4 2907 2906 2667 2497 
4 6665 6136 6376 6513 
4 1249 1705 1319 1041 
4 2861 2647 2401 2851 
4 2824 3109 3311 2672 
4 5679 5905 5550 5360 
4 1664 1636 2037 1787 
4 4210 4403 4141 3957 
4 3981 4038 3705 3850 
4 1992 2266 1524 1842 
4 1802 1771 2304 1981 
4 3516 3354 3415 3665 
4 551 553 284 285 
4 1825 1988 2254 1777 
4 552 188 189 724 
4 589 584 656 1007 
4 2054 2053 1834 1598 
4 1822 2289 2493 2087 
4 1539 1951 2269 1821 
4 2249 2032 2496 2649 
4 2256 2373 2705 2171 
4 4326 4588 4718 4925 
4 3982 4040 3681 3844 
4 5694 5912 6039 6073 
4 7157 7092 6877 7355 
4 3853 3671 3763 4047 
4 5289 4777 4875 5016 
4 5602 5751 5760 5457 
4 1563 1647 2062 1759 
4 1014 1468 1108 677 
4 3143 2833 3199 3548 
4 995 1217 1449 662 
4 1617 1306 2081 1827 
4 1576 2278 1996 1857 
4 3858 3806 4078 3961 
4 250 251 530 638 
4 1238 886 1334 1679 
4 1428 1094 986 752 
4 1431 1128 908 1416 
4 2904 3424 3316 3106 
4 8061 8032 8185 8171 
4 503 1123 875 761 
4 3760 3888 4255 3949 
4 5766 5577 5947 6111 
4 2170 2643 2374 2258 
4 3989 4218 4411 4571 
4 5855 6053 6220 6198 
4 1580 1850 1084 1429 
4 3819 3593 3434 3192 
4 6335 6701 6471 6175 
4 4218 3583 3884 3956 
4 4581 4497 4404 4135 
4 6222 6221 6081 5917 
4 2994 3400 3647 3315 
4 502 1189 914 763 
4 3045 2877 3256 3508 
4 3421 3652 3866 3456 
4 4597 4505 4360 4133 
4 6734 6809 6673 6441 
4 9630 9685 9604 9536 
4 1233 1045 1461 1680 
4 2065 1746 2299 2494 
4 3809 3837 4253 3979 
4 2865 2652 2776 3061 
4 4045 3761 3649 3379 
4 5198 5447 5043 4861 
4 6364 6318 6667 6464 
4 548 444 392 393 
4 1129 1439 678 1021 
4 2049 2173 2476 1991 
4 2278 2700 2424 1996 
4 2882 3073 3295 2588 
4 2872 2614 3291 3107 
4 8047 8160 7968 7789 
4 3493 3402 3305 3025 
4 1985 2292 2459 1757 
4 730 187 188 552 
4 1463 1697 1695 1266 
4 2482 2159 2046 1739 
4 2660 2211 1996 2424 
4 2890 2981 3313 2821 
4 3662 3848 4198 4076 
4 5272 5013 4927 4678 
4 6137 6192 6368 6286 
4 1240 1035 1499 1500 
4 8715 8580 8518 8502 
4 1829 1830 2046 2277 
4 3873 3589 4250 3972 
4 553 728 283 284 
4 4072 4073 4441 4138 
4 3560 3749 3512 3326 
4 3500 3384 3583 3857 
4 4505 4715 4578 4360 
4 5290 4921 4717 5021 
4 699 949 1137 469 
4 3851 4287 4106 3918 
4 4600 4777 4937 4365 
4 2285 2425 2251 2042 
4 2589 2897 3022 3298 
4 3059 3273 3418 3660 
4 768 505 657 917 
4 2126 1748 2217 2519 
4 3047 2851 2805 3046 
4 2886 2618 2780 3092 
4 545 61 62 727 
4 2749 3130 2834 2398 
4 2773 3063 3318 3264 
4 2987 3079 3435 3192 
4 4757 4875 4777 4600 
4 6897 7073 7218 7200 
4 1911 2340 1974 1558 
4 4361 4423 4078 4231 
4 2669 2797 3077 2654 
4 3676 3827 4023 3400 
4 1400 1623 1781 2052 
4 2109 1764 2226 2361 
4 2674 3075 2908 2675 
4 4678 4925 5046 5272 
4 918 1219 588 774 
4 1523 1874 1456 1075 
4 3176 3497 3300 3012 
4 2685 2617 3080 2820 
4 4161 3971 4462 4640 
4 730 561 186 187 
4 6214 6076 5899 6215 
4 557 390 391 731 
4 754 992 1171 580 
4 1183 1341 1288 982 
4 1872 2032 2249 1542 
4 3994 4363 4245 4063 
4 9680 9623 9674 9775 
4 2901 2900 3307 3002 
4 2774 3108 3440 3309 
4 1052 1471 1273 1036 
4 560 162 163 729 
4 2786 3121 2732 2578 
4 4383 4150 4337 4514 
4 8659 8824 8617 8445 
4 3081 3284 2863 2610 
4 3279 3263 3705 3419 
4 8258 8368 8207 8028 
4 1330 2063 1822 1646 
4 7216 7094 6867 7007 
4 2619 2898 3110 3312 
4 3647 3778 4054 3610 
4 1842 1807 2237 1992 
4 3043 3243 3468 2797 
4 2825 3315 3446 3051 
4 3002 3307 3500 3697 
4 4577 4414 4209 3951 
4 4529 4734 4944 4895 
4 1939 1907 2146 2312 
4 717 489 692 898 
4 919 777 587 1011 
4 909 988 1103 1403 
4 3660 3418 3847 4068 
4 433 214 215 714 
4 3860 4077 4234 3616 
4 1080 1209 1664 1305 
4 5377 5412 5124 5241 
4 1865 1218 1420 1641 
4 1947 2233 2054 1804 
4 1222 1223 1454 1644 
4 561 431 185 186 
4 2296 1997 2168 2413 
4 3844 3799 4079 3982 
4 4023 4188 4433 3778 
4 3219 3464 3848 3662 
4 3275 2868 3103 3274 
4 3688 3402 3686 3806 
4 765 422 1215 1008 
4 4201 4150 3784 4035 
4 4506 4761 4134 4423 
4 2978 3107 3476 3182 
4 3268 3659 3477 3269 
4 4053 3675 3477 3771 
4 3687 3800 3596 3391 
4 4057 3804 4051 4242 
4 7187 7048 7254 7389 
4 1351 1220 1858 1647 
4 4438 4057 4242 4348 
4 2284 1641 1786 1976 
4 5458 5602 5016 5276 
4 5422 5649 5369 5283 
4 3505 3194 3702 3882 
4 5791 5658 5964 6102 
4 2020 2021 1597 1805 
4 3101 2887 3000 3286 
4 4565 4519 4783 4670 
4 5609 5756 5765 5445 
4 2812 3063 2368 2655 
4 577 575 1012 752 
4 3476 3422 3874 3674 
4 4071 3766 3953 4222 
4 4115 4158 4296 3903 
4 9971 10025 10088 10060 
4 5093 5231 5024 4852 
4 5194 5266 5612 5360 
4 9141 9267 9312 9269 
4 2675 2490 2251 2674 
4 4934 5120 4606 4782 
4 437 190 191 554 
4 2369 2680 2233 1947 
4 3092 2780 2979 3288 
4 5463 5365 5530 5762 
4 8633 8802 8669 8455 
4 15 517 599 14 
4 5700 5736 5461 5588 
4 8433 8543 8584 8751 
4 2299 2898 2619 2494 
4 3074 2828 2977 3215 
4 4514 4545 4255 4383 
4 4674 4913 4715 4505 
4 3652 4046 4210 3866 
4 4065 4064 4427 4169 
4 9896 9914 9994 9937 
4 1604 1809 2035 1605 
4 2468 1999 2284 2422 
4 2893 3086 3299 2822 
4 5828 6051 5531 5739 
4 6500 6371 6078 6203 
4 737 184 185 431 
4 951 1143 1455 955 
4 1428 1127 1668 1833 
4 3251 3448 3102 2808 
4 5566 5715 5913 5539 
4 7484 7722 7609 7361 
4 2539 2088 1754 2180 
4 2998 3293 3661 3480 
4 5607 5453 5764 5754 
4 7451 7294 7021 7223 
4 732 496 95 96 
4 1503 1928 1678 1361 
4 2674 2251 2425 2868 
4 5062 5320 5065 4866 
4 5076 4902 4683 5031 
4 2266 1947 1804 1524 
4 1582 1627 2051 1740 
4 729 163 164 472 
4 3375 3685 3497 3176 
4 4034 4248 3841 3646 
4 4395 4195 3960 4330 
4 5436 5538 5373 5318 
4 475 81 82 770 
4 2867 2424 2700 2787 
4 4765 4137 4400 4498 
4 1003 590 507 683 
4 1671 1323 889 1139 
4 3384 3501 3884 3583 
4 9855 9903 9869 9788 
4 2490 2675 2378 2175 
4 2880 2817 3273 3059 
4 3598 4021 3797 3645 
4 4604 4239 4426 4528 
4 3410 3480 3842 3677 
4 1634 1786 1641 1420 
4 495 733 364 365 
4 8743 8648 8797 8945 
4 2261 1665 1865 1999 
4 2008 1742 2164 2353 
4 6860 6996 6761 6718 
4 3061 3058 2653 2865 
4 427 563 281 282 
4 562 94 95 496 
4 3013 3204 3483 2826 
4 3269 3111 2908 3268 
4 6618 6619 6356 6475 
4 9868 9792 9753 9762 
4 3668 3470 3572 3845 
4 1763 2097 1670 1323 
4 1535 1877 2015 1750 
4 5567 5370 5912 5694 
4 2648 2452 2583 2804 
4 3579 3674 4065 3764 
4 1218 1865 1665 1453 
4 2973 3112 3509 3177 
4 4068 3847 3986 4232 
4 4369 4131 4502 4728 
4 2568 2876 2680 2369 
4 3681 3603 3197 3481 
4 8916 8771 8558 8728 
4 752 1012 1127 1428 
4 3111 2869 2683 2378 
4 9070 9000 9164 9293 
4 4560 4596 4202 4434 
4 6009 6190 6370 6339 
4 9936 9924 9966 9980 
4 9869 9761 9672 9788 
4 2550 2915 2748 2504 
4 4146 4434 3981 3774 
4 3985 4049 4254 4197 
4 5273 5378 5195 5031 
4 4676 4919 4759 4497 
4 9460 9600 9508 9385 
4 772 111 112 481 
4 563 735 280 281 
4 1988 2497 2667 2254 
4 3683 3804 3586 3387 
4 5119 4679 4874 5014 
4 1233 1680 1325 868 
4 3296 3683 3387 3308 
4 3458 3980 3883 3695 
4 3874 3856 4244 4064 
4 5434 5385 5216 5013 
4 5715 5665 5818 5972 
4 5522 5752 5198 5451 
4 1964 2064 2454 2160 
4 3155 2931 3354 3516 
4 3457 3497 3685 3867 
4 629 772 1242 1014 
4 557 734 389 390 
4 2084 2176 2499 1951 
4 3000 3314 3451 3694 
4 5071 5199 5462 5072 
4 1595 1803 2061 1554 
4 5765 5756 6076 5858 
4 6204 6169 6514 6316 
4 3187 3587 3855 3498 
4 6141 6344 5875 6051 
4 7957 7785 7665 7854 
4 8132 8335 8115 7904 
4 1546 1846 2273 1982 
4 5038 5092 5461 5187 
4 3070 2814 3065 3212 
4 2990 3453 3651 3261 
4 4216 4052 3805 4142 
4 4671 4785 5122 4845 
4 8226 8103 8146 8260 
4 4602 3956 4172 4327 
4 4181 4381 4555 3959 
4 558 183 184 737 
4 1894 2335 1948 1527 
4 2653 2889 2412 2159 
4 2780 2905 3317 2979 
4 6603 6644 6371 6500 
4 8740 8930 8780 8676 
4 9169 9170 9356 9230 
4 7306 7483 7585 7611 
4 2159 2412 2277 2046 
4 9297 9449 9375 9298 
4 4027 4026 3878 3648 
4 3978 4029 3706 3832 
4 1171 992 1095 1344 
4 3689 3808 4032 3403 
4 5896 5458 5552 5683 
4 1047 926 1271 1474 
4 4568 4520 4946 4713 
4 4576 4989 4816 4639 
4 497 736 165 166 
4 1579 1828 2253 2045 
4 3766 3871 4247 3953 
4 4049 3985 3602 3889 
4 5360 5612 5914 5679 
4 5990 6213 5702 5911 
4 7610 7485 7475 7723 
4 2292 2707 2866 2459 
4 2698 2600 3055 2811 
4 2706 2862 3247 3108 
4 3215 2977 3688 3506 
4 3386 3805 4052 3704 
4 3109 3503 3689 3311 
4 1464 1909 1681 1285 
4 3058 3314 2889 2653 
4 574 497 166 167 
4 4848 5078 4919 4676 
4 3840 3466 3692 3839 
4 4418 4169 4766 4601 
4 3855 3959 4189 3827 
4 1765 1882 1378 1596 
4 2061 2231 2481 1971 
4 3957 4141 4422 4077 
4 4524 4572 4246 4408 
4 5754 5764 6075 5838 
4 9623 9555 9633 9674 
4 508 579 290 291 
4 2277 2464 2057 1829 
4 1641 2284 1999 1865 
4 2855 2854 2692 2443 
4 6733 7037 7221 6962 
4 670 1044 1251 861 
4 4133 4437 4732 4597 
4 3075 3466 3268 2908 
4 6336 6185 6517 6478 
4 734 436 388 389 
4 767 908 1128 424 
4 4891 4784 4354 4561 
4 1632 1358 2087 1840 
4 2896 2661 3271 3069 
4 3664 3394 3578 3799 
4 417 773 76 77 
4 4918 4873 5121 5086 
4 5511 5235 5037 5307 
4 3015 3397 3699 3257 
4 3243 3666 3849 3468 
4 7407 7603 7846 7673 
4 2804 2583 2987 3244 
4 417 77 78 771 
4 3439 3281 3532 3730 
4 583 577 752 986 
4 2777 3062 3492 3260 
4 5183 5262 5613 5354 
4 5437 5552 5458 5276 
4 498 277 278 739 
4 5188 5432 5581 5741 
4 9663 9722 9615 9599 
4 562 741 93 94 
4 558 738 182 183 
4 3063 2773 2640 2368 
4 2182 2585 2907 2497 
4 3203 3448 3614 3828 
4 959 1207 1432 675 
4 4408 4358 4607 4524 
4 3472 3420 3613 3852 
4 3387 3586 3868 3503 
4 10157 10123 10164 10183 
4 913 1420 1218 1000 
4 891 1142 1655 1381 
4 916 1175 1354 1625 
4 3221 3704 3886 3479 
4 5439 5194 5360 5550 
4 8344 8480 8410 8325 
4 9606 9672 9761 9644 
4 5899 5757 5525 5829 
4 586 1201 913 770 
4 3881 4426 4239 4075 
4 7014 7284 7484 7243 
4 1720 1327 1907 1939 
4 1857 1996 2211 1583 
4 3804 4057 4224 3586 
4 6210 6171 6518 6318 
4 4513 4708 4996 4549 
4 2221 2550 2504 2100 
4 4252 3767 3988 4251 
4 1833 1668 2285 2042 
4 4208 4132 4027 3761 
4 3794 4387 4163 4021 
4 4403 4582 4758 4141 
4 4239 4604 4778 4436 
4 3877 3809 3979 4196 
4 5739 5737 6078 5828 
4 7597 7598 7847 7655 
4 2606 2641 3143 2771 
4 5032 5077 5427 5575 
4 9686 9687 9762 9753 
4 4605 4328 4945 4682 
4 547 481 112 113 
4 5215 5432 4848 5097 
4 921 789 452 1259 
4 719 449 207 208 
4 4200 3958 4394 4554 
4 4037 4410 4217 3771 
4 5427 5455 5521 5723 
4 450 71 72 776 
4 8947 9044 8891 8798 
4 1987 1759 2480 2298 
4 4189 4329 4589 4188 
4 898 692 1072 1298 
4 4937 4777 5289 5114 
4 4344 4563 3947 4203 
4 3285 3286 3399 3673 
4 4748 4217 4410 4522 
4 5677 5898 6079 6061 
4 506 774 74 75 
4 4075 4239 4436 3788 
4 4395 4781 4938 4527 
4 6444 6756 6947 6684 
4 3055 3014 3467 3254 
4 4015 3797 4021 4163 
4 743 385 386 564 
4 6923 6755 6671 6451 
4 564 386 387 740 
4 1357 1624 1862 1423 
4 3402 3493 3873 3686 
4 738 501 181 182 
4 1220 1011 651 1450 
4 3675 4053 3805 3386 
4 3659 4037 3771 3477 
4 821 425 1028 1243 
4 4218 3956 4602 4411 
4 5726 5880 5606 5616 
4 3111 3269 2983 2869 
4 5038 5239 4674 4888 
4 481 1013 1242 772 
4 7469 7470 7725 7537 
4 3868 3960 4195 3808 
4 4410 4037 4240 4409 
4 6293 6687 6534 6155 
4 1600 2041 1808 1603 
4 4571 4411 4931 4779 
4 825 1263 864 602 
4 3885 3803 3670 3419 
4 6137 6350 5889 6052 
4 3807 3862 3502 3680 
4 554 191 192 559 
4 2410 2457 2020 2250 
4 2857 3267 3067 2662 
4 476 68 69 777 
4 7904 8115 7861 7664 
4 2038 2644 2405 2288 
4 3842 3833 4215 4028 
4 1109 879 1225 1434 
4 2675 2908 3111 2378 
4 4162 4549 4644 4387 
4 7196 7009 6921 6950 
4 7767 7648 7668 7816 
4 498 567 276 277 
4 2682 2664 3076 2798 
4 3419 3670 2974 3279 
4 6312 6453 6695 6540 
4 6933 6898 7224 7036 
4 8190 8299 8074 7962 
4 8620 8700 8621 8461 
4 702 889 1224 532 
4 3179 3254 3667 3379 
4 8296 8129 8350 8520 
4 2089 2265 2484 1976 
4 4672 4942 4562 4320 
4 573 384 385 743 
4 4681 4921 5290 5095 
4 5502 5321 5658 5791 
4 3298 3022 3664 3463 
4 3883 4172 3956 3884 
4 5431 5747 5525 5191 
4 5842 6055 5738 5549 
4 4047 3763 3951 4209 
4 10127 10100 10089 10046 
4 1416 1640 1841 1431 
4 1538 1752 2090 1640 
4 2773 3024 2855 2640 
4 9356 9170 9053 9240 
4 495 365 366 565 
4 4252 4441 4073 3767 
4 4137 4765 4528 4426 
4 5272 5046 5193 5443 
4 5024 5368 5589 5275 
4 1262 1685 1368 884 
4 2649 2858 3099 2380 
4 2889 2887 2702 2412 
4 2412 2702 2464 2277 
4 3011 3045 3508 3202 
4 5023 5287 4912 4714 
4 6734 6877 7092 6809 
4 1885 2221 2100 1675 
4 3399 3694 3834 4070 
4 5432 5188 5078 4848 
4 567 745 275 276 
4 4765 4874 4679 4528 
4 3373 3670 3803 4050 
4 1205 506 773 878 
4 3196 3460 3646 3841 
4 1136 1290 1734 1521 
4 2083 1945 2300 2158 
4 7056 6883 6595 6807 
4 741 435 92 93 
4 3572 3707 4080 3758 
4 3771 4217 4431 4053 
4 4714 4948 5294 5023 
4 1128 1431 1634 1201 
4 3090 3221 3479 3086 
4 7216 7356 7074 7094 
4 4580 4710 4507 4330 
4 8445 8617 8398 8230 
4 574 167 168 749 
4 4934 4682 5293 5018 
4 2422 2677 2893 2468 
4 3763 3887 4223 3951 
4 1534 1746 2065 1624 
4 4551 4356 4197 4396 
4 2210 2298 2682 2371 
4 4929 4405 4523 4685 
4 4196 3958 3585 3877 
4 5213 5260 4946 5090 
4 3270 3017 3700 3499 
4 4202 4203 3885 4038 
4 4076 4198 4547 4437 
4 5096 5285 5014 4874 
4 6462 6485 6226 6344 
4 8455 8579 8527 8395 
4 568 759 90 91 
4 4775 4721 4394 4595 
4 2694 2371 3083 2911 
4 2787 2991 3303 2867 
4 4713 4909 4337 4568 
4 5588 5385 5592 5700 
4 4390 4388 4237 4026 
4 6214 6317 6374 6223 
4 2644 3094 2857 2405 
4 5104 5276 5016 4875 
4 569 570 272 273 
4 1725 1687 1768 2009 
4 5077 5032 4697 4903 
4 5379 5419 5122 5251 
4 3112 2973 2876 2568 
4 9722 9779 9675 9615 
4 501 751 180 181 
4 5188 5455 5263 5078 
4 1056 930 1279 1485 
4 4167 4392 4636 4207 
4 4782 4441 4252 4605 
4 4575 4430 4525 4770 
4 4512 4943 5068 4735 
4 5443 5193 5357 5591 
4 5827 6046 6226 6192 
4 2974 3258 3061 2776 
4 4319 4530 4390 4132 
4 10046 10089 10028 9973 
4 467 205 206 746 
4 5444 5209 5510 5566 
4 3850 3603 3774 3981 
4 5131 4841 5009 5264 
4 4781 5118 5279 4938 
4 499 753 174 175 
4 4531 4683 4902 4603 
4 3244 2987 3192 3434 
4 3966 4228 4360 4578 
4 4195 4395 4527 4165 
4 5090 4913 5011 5213 
4 2175 2378 2683 2265 
4 1455 1075 645 955 
4 568 91 92 435 
4 2866 2707 2842 3038 
4 3286 3285 2888 3101 
4 1247 1096 1312 1591 
4 6208 6519 6670 6386 
4 750 571 177 178 
4 475 1000 656 584 
4 1453 1665 1878 1089 
4 4524 4607 4948 4714 
4 4221 3961 4134 4358 
4 6500 6299 6450 6603 
4 1232 1494 1493 883 
4 1237 924 1360 1488 
4 1834 1555 1194 1404 
4 2525 2091 1958 2183 
4 2616 2784 3090 2677 
4 4364 4138 4606 4764 
4 4409 4751 4522 4410 
4 4712 4741 4442 4563 
4 4856 5254 5334 5112 
4 6374 6376 6068 6223 
4 408 63 64 779 
4 2062 2055 2478 2163 
4 1348 2050 1780 1628 
4 3095 3069 3460 3196 
4 4235 4342 4143 4089 
4 4057 4438 4580 4224 
4 6164 6199 5885 6055 
4 419 569 273 274 
4 754 382 383 430 
4 5049 5111 4740 4942 
4 5018 5293 5614 5456 
4 6506 6377 6079 6213 
4 6803 6528 6282 6669 
4 3975 4380 4544 4249 
4 5239 5011 4913 4674 
4 1049 1463 1266 1032 
4 5285 5431 5191 5014 
4 9735 9778 9699 9613 
4 3452 3451 3314 3058 
4 2077 2296 2413 2678 
4 5364 5590 5766 5742 
4 3490 3496 3620 3824 
4 6587 6795 6503 6316 
4 576 171 172 760 
4 2266 1992 2637 2501 
4 2897 2827 3272 3022 
4 524 203 204 748 
4 4020 4071 4222 4430 
4 4186 4020 4430 4575 
4 5875 6046 5581 5730 
4 6356 6299 5992 6200 
4 7092 7157 7225 7097 
4 9068 9183 9270 9263 
4 4554 4343 4034 4200 
4 5412 5295 4951 5124 
4 570 572 271 272 
4 1048 927 1264 1465 
4 902 1343 1077 975 
4 5280 5108 5184 5449 
4 5747 6066 5829 5525 
4 2042 2251 2490 1752 
4 1555 1972 2302 1880 
4 4250 4072 4138 4364 
4 5701 5603 5440 5749 
4 5913 5715 5972 6125 
4 1592 2093 2304 1771 
4 2632 2633 3140 2772 
4 5699 5733 5883 6049 
4 7726 7613 7412 7665 
4 2443 2446 2640 2855 
4 3889 3602 3202 3508 
4 4393 3983 4207 4636 
4 5898 5677 5591 5357 
4 580 381 382 754 
4 2019 1981 2507 2193 
4 6344 6141 6292 6462 
4 6141 6218 6520 6292 
4 5075 5074 4775 4904 
4 3269 3477 3675 2983 
4 6169 6204 5915 6067 
4 758 176 177 571 
4 819 619 1027 1270 
4 1878 2000 1746 1534 
4 4384 4151 4331 4515 
4 6309 6340 6082 6191 
4 8325 8410 8299 8190 
4 5368 5763 5890 5589 
4 7254 7255 7390 7518 
4 1174 1628 1352 972 
4 7191 7170 7486 7290 
4 1000 1218 1453 656 
4 4382 4512 4735 4381 
4 4730 4941 5093 4582 
4 9499 9577 9396 9312 
4 3053 3054 3533 3173 
4 6069 6015 6373 6171 
4 8880 8958 9119 9016 
4 573 430 383 384 
4 2159 2482 2865 2653 
4 3264 3175 3024 2773 
4 4204 4146 3774 4040 
4 6584 6796 6462 6292 
4 476 778 67 68 
4 3670 3373 3258 2974 
4 3192 3435 3609 3819 
4 3391 3596 3872 3465 
4 2268 1967 2710 2477 
4 6068 6016 5674 5906 
4 3888 3760 3685 3375 
4 3882 4072 4250 3589 
4 6062 6014 6227 6168 
4 4780 5117 5273 4924 
4 5459 5457 5760 5554 
4 9994 10014 9983 9937 
4 3263 3469 3850 3705 
4 5191 5525 5757 5446 
4 6066 6163 5989 5829 
4 6225 5910 6058 6224 
4 3058 3061 3258 3452 
4 8519 8298 8121 8339 
4 822 413 932 1244 
4 1144 1076 1672 1300 
4 2527 2192 2630 2930 
4 4899 4919 5078 5263 
4 7659 7917 8071 7849 
4 3612 3846 4233 4041 
4 6715 6841 6585 6442 
4 3082 3282 3544 3280 
4 5458 5896 5751 5602 
4 8538 8419 8477 8650 
4 9476 9402 9462 9594 
4 10016 9983 10014 10068 
4 1508 1894 1527 1304 
4 3481 3463 3844 3681 
4 4154 4603 4742 4355 
4 6493 6494 6227 6350 
4 3072 3092 3288 3475 
4 4211 4241 4442 4316 
4 6504 6215 5989 6295 
4 1219 1429 1084 1010 
4 4750 4779 5102 4855 
4 7028 7066 6806 6931 
4 576 756 170 171 
4 3672 3673 3786 3996 
4 3509 3638 4019 3890 
4 4348 4540 4736 4438 
4 5199 5541 5792 5462 
4 6013 6060 5768 5897 
4 5614 5761 5767 5456 
4 2394 2678 2828 3074 
4 3213 3507 3687 2991 
4 5442 5218 5047 4947 
4 5187 5429 5239 5038 
4 7819 7924 8072 7798 
4 5741 5521 5455 5188 
4 565 366 367 585 
4 1199 443 784 1019 
4 1974 2445 2542 2240 
4 3176 3309 3639 3375 
4 3651 3815 4069 3397 
4 4035 4028 4407 4201 
4 4915 4700 4861 5043 
4 4695 4939 5123 5029 
4 9942 9973 10028 9960 
4 7766 7833 7672 7647 
4 572 755 270 271 
4 1275 1716 1503 1133 
4 4388 4390 4530 4734 
4 4936 4679 5119 5282 
4 832 486 886 1238 
4 3392 3656 3984 3837 
4 5085 4522 4751 4883 
4 4860 5209 5444 5118 
4 5745 5549 5426 5257 
4 5755 6059 5914 5612 
4 5775 6101 5963 5541 
4 9446 9447 9523 9595 
4 4407 4357 4752 4520 
4 5426 5185 5075 4846 
4 7567 7705 7961 7807 
4 5241 5124 4784 4891 
4 7073 6897 6784 6808 
4 500 267 268 757 
4 4431 4523 4405 4142 
4 2420 2604 2860 2496 
4 2869 2983 3290 2784 
4 5824 6070 6375 6134 
4 6693 6455 6325 6472 
4 8619 8726 8504 8521 
4 9312 9396 9361 9269 
4 6046 5827 5741 5581 
4 583 86 87 577 
4 4424 4585 4327 4172 
4 4138 4441 4782 4606 
4 4766 4509 5087 4905 
4 5441 5202 4862 5103 
4 9012 8966 9193 9053 
4 9378 9295 9322 9451 
4 759 474 89 90 
4 500 578 266 267 
4 4318 4439 4787 4494 
4 5386 5539 5764 5453 
4 4933 4764 4947 5047 
4 506 1205 918 774 
4 3373 3653 3452 3258 
4 771 1005 1204 417 
4 3063 2812 3482 3318 
4 3703 3767 4073 3702 
4 5193 5284 5605 5357 
4 10141 10117 10131 10158 
4 2655 2611 3095 2812 
4 4521 4686 4985 4570 
4 4581 4601 4922 4776 
4 5286 4769 4929 5022 
4 5115 5083 4908 4949 
4 6453 6827 6823 6695 
4 7008 7222 6952 6725 
4 2542 2744 2388 2329 
4 4420 4435 4591 4772 
4 7340 7417 7282 7265 
4 9063 9191 9019 8861 
4 2634 2598 2234 2440 
4 2161 2279 2655 2368 
4 3457 3614 3448 3251 
4 5208 5404 5593 5231 
4 5892 5891 5596 5752 
4 4519 4414 4915 4783 
4 503 761 379 380 
4 1510 1724 1313 1251 
4 4773 4935 5292 5106 
4 6168 6202 5876 6062 
4 8401 8313 8188 8231 
4 575 577 87 88 
4 1338 1389 1819 1557 
4 5229 5159 5489 5564 
4 5357 5605 5702 5898 
4 4529 4587 4192 4425 
4 4142 4405 4592 4216 
4 6163 6474 6295 5989 
4 4785 4671 4530 4319 
4 5201 5250 5464 5372 
4 2860 3007 3262 2858 
4 578 581 265 266 
4 1998 2650 2419 2297 
4 5743 5591 5677 5856 
4 9570 9591 9657 9716 
4 941 684 1292 1110 
4 4721 4939 4554 4394 
4 5183 5450 4854 5111 
4 581 762 264 265 
4 2851 2401 2607 2805 
4 2650 3098 2824 2419 
4 3394 3506 3858 3578 
4 3947 4241 4050 3803 
4 4146 4204 4320 4562 
4 4872 5017 5333 4917 
4 5028 5245 5615 5370 
4 5217 5452 5616 5606 
4 5539 5913 6075 5764 
4 8221 8107 8119 8326 
4 580 503 380 381 
4 5014 5191 5446 5119 
4 5853 5882 5617 5734 
4 1134 1073 642 948 
4 3851 4067 4474 4287 
4 4572 4524 4714 4912 
4 5266 5454 5755 5612 
4 6637 6638 6368 6485 
4 6656 6657 6377 6506 
4 6789 6753 7095 6898 
4 5023 5294 5617 5367 
4 5605 5554 5911 5702 
4 1146 954 1015 1387 
4 4753 4770 4927 5099 
4 5092 5271 5588 5461 
4 5387 5445 5765 5598 
4 474 575 88 89 
4 4429 4193 4352 4558 
4 6632 6666 6949 6741 
4 5087 4855 5439 5255 
4 854 1288 1509 928 
4 4041 4233 4567 4440 
4 6292 6520 6806 6584 
4 7300 7204 7029 7154 
4 3299 3423 3194 2988 
4 3949 4155 4042 3760 
4 4909 4693 4514 4337 
4 4676 4776 5097 4848 
4 5283 5369 5196 5030 
4 1686 1307 1742 2008 
4 4050 3759 3653 3373 
4 7485 7305 7231 7378 
4 9939 9956 9910 9909 
4 3285 3438 3029 2888 
4 3799 3578 4221 4079 
4 2387 2815 3152 2645 
4 6915 6779 6925 7122 
4 7438 7283 7267 7362 
4 7728 7850 7615 7488 
4 4505 4597 4888 4674 
4 2142 2349 1989 1796 
4 4405 4929 4769 4592 
4 5049 5088 5466 5262 
4 5713 5867 6118 5763 
4 4192 4151 3779 4029 
4 3216 3473 3544 3282 
4 7717 7604 7474 7535 
4 6350 6137 6286 6493 
4 6911 6737 6603 6450 
4 1005 1007 1089 1418 
4 4904 4670 4846 5075 
4 5380 5528 5775 5420 
4 6609 6775 6950 6921 
4 2318 2193 2726 2366 
4 9561 9563 9643 9631 
4 5751 6058 5910 5760 
4 7432 7355 7228 7472 
4 10117 10083 10114 10131 
4 1665 2261 2000 1878 
4 3538 3621 3473 3216 
4 5048 5095 5454 5266 
4 5889 6014 5901 5723 
4 5679 5914 6200 5992 
4 4845 5108 4944 4671 
4 5463 5116 5286 5365 
4 7053 7030 7363 7170 
4 6053 5855 5700 5592 
4 3835 3834 3694 3451 
4 4912 4672 4320 4572 
4 5897 5685 6082 6013 
4 4747 4772 4949 4908 
4 5097 5045 5423 5215 
4 5555 5759 5429 5187 
4 6482 6499 6228 6359 
4 6362 6363 6523 6435 
4 6762 6911 6450 6619 
4 7052 6882 6590 6818 
4 3800 4062 4230 3596 
4 6521 6586 6805 6294 
4 8883 9013 8918 8825 
4 706 492 1158 873 
4 4466 4533 4378 4149 
4 4592 4769 4945 4328 
4 4922 4905 5258 5045 
4 5837 6077 5759 5555 
4 10009 10052 10079 10103 
4 5440 5277 5100 5405 
4 9828 9829 9778 9735 
4 559 192 193 766 
4 3076 3019 3481 3197 
4 4748 4884 4685 4523 
4 5522 5598 5906 5674 
4 3374 3658 3413 3175 
4 3867 4044 3614 3457 
4 3607 3677 4035 3784 
4 3982 4079 4408 4246 
4 5258 5255 5585 5381 
4 6777 6776 6461 6677 
4 6003 6179 6360 6057 
4 7094 6968 6813 6867 
4 3760 4042 3867 3685 
4 244 835 403 243 
4 4670 4783 5089 4846 
4 5736 5700 5855 6048 
4 476 1200 920 778 
4 7354 7302 7612 7431 
4 502 763 377 378 
4 3432 3636 3843 3507 
4 5089 5043 5447 5257 
4 8304 8532 8343 8126 
4 3694 3399 3286 3000 
4 6061 5984 5856 5677 
4 6202 6168 6314 6502 
4 7637 7518 7590 7758 
4 9792 9868 9916 9914 
4 4152 4440 4760 4599 
4 5546 5578 5291 5419 
4 763 422 376 377 
4 3451 3452 3653 3835 
4 3958 4196 4595 4394 
4 4671 4944 4734 4530 
4 5580 5388 5123 5278 
4 7097 7098 6810 6951 
4 3175 3413 3252 3024 
4 3806 3686 4231 4078 
4 585 367 368 764 
4 3961 4078 4423 4134 
4 2504 2748 2570 2213 
4 3673 3672 3438 3285 
4 7960 7779 8073 8010 
4 8776 8874 8828 8699 
4 8897 8874 9100 8966 
4 9402 9321 9416 9462 
4 2211 2660 2425 2285 
4 4868 4914 5271 5092 
4 6302 6502 6807 6595 
4 7604 7562 7292 7493 
4 9447 9376 9400 9523 
4 765 375 376 422 
4 5829 5989 6215 5899 
4 4595 4322 4904 4775 
4 5370 5615 5729 5912 
4 6996 7244 7116 6761 
4 7289 7546 7728 7488 
4 9250 9212 9296 9373 
4 582 374 375 765 
4 4720 4932 4344 4596 
4 5074 5075 5185 5389 
4 5737 5905 6203 6078 
4 8430 8319 8426 8478 
4 2502 2190 2711 2913 
4 9020 9101 9192 9111 
4 4859 5204 5418 5117 
4 2868 3275 3075 2674 
4 6521 6294 5990 6225 
4 4506 4763 5103 4862 
4 2864 3088 3487 3292 
4 4150 4201 4568 4337 
4 5684 5909 5548 5354 
4 5575 5427 5723 5901 
4 767 424 84 85 
4 1064 1482 1290 940 
4 3424 3876 3698 3316 
4 547 742 1013 481 
4 3888 4016 4383 4255 
4 6810 6811 6523 6665 
4 2747 2548 2931 3155 
4 5103 5047 5218 5441 
4 6296 6355 6676 6434 
4 2041 1600 1831 2240 
4 3946 4055 4443 4129 
4 4846 5089 5257 5426 
4 6788 6295 6474 6599 
4 6486 6645 6808 6784 
4 3886 3988 3767 3703 
4 6472 6325 6276 6427 
4 6638 6637 6953 6750 
4 6809 7092 7097 6951 
4 1434 1225 1017 1222 
4 4607 4761 5091 4948 
4 5548 5583 5296 5450 
4 5120 4934 5018 5219 
4 5731 5735 5464 5583 
4 8774 8710 8941 9041 
4 5409 5569 5213 5011 
4 7606 7416 7729 7656 
4 803 607 927 1048 
4 4197 4254 4447 4396 
4 5354 5613 5916 5684 
4 6504 6605 6441 6317 
4 861 1251 1313 1473 
4 3438 3701 3246 3029 
4 3759 4031 3835 3653 
4 5906 5858 6223 6068 
4 3083 2798 3469 3263 
4 4538 4963 4673 4323 
4 6478 6479 6229 6336 
4 9631 9643 9698 9693 
4 2660 3103 2868 2425 
4 3684 3864 3922 3621 
4 3646 3838 4200 4034 
4 1651 1454 1016 1221 
4 5385 5434 5743 5592 
4 6048 5837 5555 5736 
4 6946 6867 6813 6576 
4 2756 3164 2942 2523 
4 3459 3499 3877 3585 
4 7546 7798 7962 7728 
4 3618 3841 4248 4039 
4 4784 4609 4205 4354 
4 586 83 84 424 
4 5915 5830 5753 5526 
4 5745 5596 5891 6072 
4 582 505 373 374 
4 776 588 1219 1010 
4 6067 5835 6378 6169 
4 5978 6042 6380 6133 
4 7066 7028 7184 7318 
4 7164 7324 7489 7444 
4 5460 5248 5416 5647 
4 5839 6205 6354 6065 
4 7108 7379 7242 6870 
4 6918 6894 7227 7030 
4 8477 8419 8318 8429 
4 8715 8581 8687 8787 
4 5442 5219 5361 5611 
4 2776 2911 3279 2974 
4 3643 3642 4081 3823 
4 5423 5381 5739 5531 
4 5698 5832 6106 5728 
4 7014 7221 7490 7284 
4 7647 7672 7575 7414 
4 816 604 869 1274 
4 4884 5100 5277 4685 
4 5432 5215 5730 5581 
4 8289 8288 8003 8193 
4 3466 3840 3659 3268 
4 2369 2501 2847 2568 
4 9313 9427 9273 9142 
4 450 651 1011 587 
4 2206 2688 2423 1995 
4 3682 4051 3804 3683 
4 5447 5198 5752 5596 
4 6139 6219 6524 6291 
4 7166 7212 6956 7081 
4 4769 5286 5116 4945 
4 5441 5218 5597 5744 
4 8532 8691 8633 8343 
4 7473 7548 7694 7582 
4 1123 1171 1344 1614 
4 3275 3692 3466 3075 
4 4861 5106 5451 5198 
4 7226 7022 7365 7303 
4 9302 9334 9239 9154 
4 4346 4829 4997 4631 
4 6558 6397 6537 6709 
4 9893 9957 9995 9992 
4 9906 9842 9891 9950 
4 9941 9916 9844 9882 
4 8239 8461 8621 8374 
4 9005 9195 9272 9065 
4 2145 1970 2192 2527 
4 5291 5184 5108 4845 
4 5738 5519 5389 5185 
4 6750 6953 7229 7010 
4 7830 7872 7993 8106 
4 6847 6597 6747 6987 
4 8720 8554 8672 8791 
4 5907 5857 6229 6015 
4 8250 8276 8030 8192 
4 768 504 371 372 
4 3963 4160 4428 4036 
4 584 589 79 80 
4 6200 6147 6475 6356 
4 1675 2100 1738 1303 
4 863 1378 1671 1139 
4 5897 5768 5466 5604 
4 9834 9917 9810 9728 
4 3777 4398 4162 4033 
4 4945 5116 5293 4682 
4 6944 6605 6788 6940 
4 7027 7183 7228 7044 
4 7255 7062 7168 7390 
4 5185 5426 5549 5738 
4 5752 5522 5674 5892 
4 5585 5550 5905 5737 
4 5519 5738 6055 5885 
4 5789 5808 5957 6116 
4 7730 7542 7284 7490 
4 5424 5256 5483 5638 
4 3617 4225 3991 3876 
4 3761 4045 4399 4208 
4 6734 6441 6605 6944 
4 1222 1017 1018 1223 
4 4316 4593 4417 4211 
4 5323 5223 5394 5651 
4 6277 6544 6401 5987 
4 583 767 85 86 
4 4042 4219 4044 3867 
4 5267 5599 5431 5285 
4 9842 9823 9875 9891 
4 504 769 370 371 
4 7037 7297 7490 7221 
4 5413 5587 5920 5688 
4 8230 8398 8194 8002 
4 3276 3256 2877 3078 
4 6171 6210 5851 6069 
4 9690 9602 9723 9824 
4 1395 1115 1521 1595 
4 5599 5902 5747 5431 
4 6522 6232 5994 6320 
4 9474 9387 9465 9553 
4 1735 2024 1589 1301 
4 4090 4451 4301 3773 
4 4854 5041 4932 4720 
4 3573 3836 3658 3374 
4 4515 4546 4258 4384 
4 4145 4739 4513 4398 
4 505 768 372 373 
4 3071 2850 3047 3297 
4 7535 7734 7963 7814 
4 6733 6947 7230 7037 
4 9178 9056 8987 9021 
4 764 368 369 415 
4 5070 5041 5296 5250 
4 1387 1831 1600 1146 
4 3739 4098 3793 3408 
4 3672 3810 3701 3438 
4 3419 3705 4038 3885 
4 5116 5463 5614 5293 
4 1511 1553 1919 1731 
4 4338 4584 4747 4923 
4 5518 5740 5569 5409 
4 5885 5833 5704 5519 
4 6017 6083 5688 5920 
4 8277 8384 8521 8504 
4 773 506 75 76 
4 3641 3829 3222 3447 
4 4498 5096 4874 4765 
4 5277 5440 5603 5022 
4 5257 5447 5596 5745 
4 6753 6789 6524 6657 
4 6928 6929 6676 6752 
4 9010 9100 8874 8776 
4 5448 5449 5600 5748 
4 6444 6670 6954 6756 
4 3203 3420 3284 3081 
4 4520 4752 5090 4946 
4 5917 5530 5701 5846 
4 4155 4412 4219 4042 
4 6499 6482 6812 6588 
4 4211 4417 4031 3759 
4 4171 4583 4363 3994 
4 6130 6343 6678 6463 
4 6339 6370 6677 6461 
4 3177 3470 3276 2973 
4 3840 4240 4037 3659 
4 4518 4599 4903 4697 
4 5830 6074 5908 5753 
4 3044 3281 2950 2951 
4 3834 3835 4031 4194 
4 5162 4997 5321 5502 
4 5735 5731 6085 5854 
4 115 794 591 114 
4 7033 7060 6812 6924 
4 2854 2855 3024 3252 
4 4870 5073 4493 4741 
4 5684 5916 6228 6001 
4 8489 8487 8244 8402 
4 4358 4134 4761 4607 
4 6446 6636 6152 6340 
4 6451 6671 6375 6194 
4 6218 6371 6644 6520 
4 6657 6656 6955 6753 
4 9194 9158 9237 9358 
4 4070 3786 3673 3399 
4 4963 5315 5012 4673 
4 6053 5856 5984 6220 
4 7413 7487 7731 7539 
4 1133 1503 1361 870 
4 3264 3318 3680 3502 
4 2261 2693 2469 2000 
4 6673 6809 6951 6513 
4 586 770 82 83 
4 4412 4591 4435 4219 
4 5997 6189 5878 5697 
4 1228 1675 1303 858 
4 3603 3681 4040 3774 
4 4719 4928 4331 4587 
4 5449 5448 5109 5280 
4 6315 6496 6367 6224 
4 8991 8859 9103 9048 
4 9009 9097 9013 8883 
4 9529 9438 9334 9452 
4 2888 3029 2913 2711 
4 4406 4356 4551 4749 
4 5911 5910 6225 5990 
4 6022 6262 6397 6558 
4 6588 6787 6303 6499 
4 6299 6356 6619 6450 
4 6709 6537 6596 6842 
4 7489 7324 7189 7368 
4 7297 7581 7730 7490 
4 8419 8138 8093 8318 
4 8355 8523 8583 8622 
4 7612 7302 7211 7469 
4 1021 601 789 921 
4 4672 4912 5287 5088 
4 7798 8072 8190 7962 
4 8393 8242 8200 8293 
4 8804 8660 8764 8894 
4 8969 9064 9141 9101 
4 4055 3946 3573 3862 
4 7010 7220 6926 6750 
4 5611 5361 5526 5753 
4 7355 7432 7289 7157 
4 9856 9838 9727 9813 
4 4550 4749 5141 4892 
4 5729 5748 5895 6056 
4 774 588 73 74 
4 4203 4202 4596 4344 
4 5109 5245 4928 4719 
4 6525 6379 6576 6813 
4 6133 6380 6680 6440 
4 7356 7216 7492 7474 
4 8100 7940 8095 8219 
4 9498 9471 9580 9534 
4 2744 2788 2582 2388 
4 5050 5288 4909 4713 
4 5730 5531 6051 5875 
4 6000 6201 6357 6501 
4 6440 6680 6959 6725 
4 6984 6842 6907 7126 
4 4749 4551 4893 5141 
4 5199 5420 5775 5541 
4 6586 6889 7099 6805 
4 2913 2591 2301 2502 
4 3045 3011 2679 2912 
4 5808 5579 5689 5957 
4 6601 6630 6373 6479 
4 7037 7230 7494 7297 
4 588 776 72 73 
4 769 415 369 370 
4 7429 7471 7229 7352 
4 7655 7847 7964 7954 
4 2095 1735 1301 1673 
4 7183 7027 6880 7117 
4 6756 7093 7230 6947 
4 4493 4698 4593 4316 
4 6502 6302 5997 6202 
4 3460 3414 3838 3646 
4 6376 6374 6673 6513 
4 9963 10030 9981 9904 
4 5898 5702 6213 6079 
4 6290 6509 6365 6151 
4 9013 9010 8776 8918 
4 6750 6926 6437 6638 
4 4038 3981 4434 4202 
4 5384 5584 5050 5260 
4 5603 5701 5530 5365 
4 6224 6367 6521 6225 
4 7148 7233 7495 7280 
4 7930 7790 8192 8030 
4 8581 8501 8602 8687 
4 6648 6658 6381 6507 
4 6426 6567 6293 6254 
4 7209 7366 7418 7286 
4 1075 1456 966 645 
4 4204 4246 4572 4320 
4 6211 6313 6163 6066 
4 5828 6078 6371 6218 
4 7315 7316 7095 7182 
4 584 80 81 475 
4 4439 4318 4155 3949 
4 5545 5571 5295 5412 
4 6039 6056 6166 6358 
4 9295 9207 9231 9322 
4 10052 10010 10053 10079 
4 3281 3044 3174 3532 
4 5223 5157 5331 5394 
4 3707 3572 3470 3177 
4 4092 4452 4177 3781 
4 4948 5091 5428 5294 
4 6074 5830 5991 6151 
4 4318 4573 4412 4155 
4 5465 5201 5372 5594 
4 6519 6814 6954 6670 
4 1215 1632 1359 1008 
4 5417 5460 5647 5577 
4 6048 5855 6198 6352 
4 4889 5030 5139 4894 
4 5902 6211 6066 5747 
4 589 771 78 79 
4 6046 5875 6344 6226 
4 7582 7581 7297 7494 
4 9518 9589 9624 9713 
4 5526 5767 6067 5915 
4 3822 3608 3798 4060 
4 7557 7577 7370 7441 
4 4132 4208 4564 4319 
4 4363 4757 4600 4245 
4 5450 5183 5354 5548 
4 6475 6455 6693 6618 
4 7022 7226 6937 6754 
4 2658 2587 2191 2457 
4 4491 4608 4952 4669 
4 5029 5123 5388 5610 
4 8276 8250 8523 8355 
4 1891 1703 2101 2328 
4 2041 2329 1958 1808 
4 6015 6069 5696 5907 
4 7046 6881 6587 6767 
4 7165 7182 6955 7099 
4 7345 7346 7614 7405 
4 7849 7686 7421 7650 
4 8014 8039 7848 7925 
4 8787 8687 8774 8909 
4 508 291 292 775 
4 3445 3210 3608 3822 
4 4417 4569 4194 4031 
4 7951 7852 7686 7915 
4 10154 10122 10143 10167 
4 1983 1806 1589 2024 
4 6355 6296 5980 6199 
4 7954 7964 8193 8003 
4 9116 8971 9051 9160 
4 809 1236 931 479 
4 4241 3947 4563 4442 
4 5295 5125 4788 4951 
4 5594 5595 5252 5465 
4 5421 5574 5649 5422 
4 5708 6019 6236 5933 
4 8621 8475 8249 8374 
4 779 64 65 590 
4 793 1240 926 510 
4 1633 1332 2023 1807 
4 3608 3441 3655 3798 
4 3375 3639 4016 3888 
4 7318 7155 6875 7066 
4 3409 3208 3444 3679 
4 5697 5878 5351 5578 
4 6061 6079 6377 6219 
4 442 601 1021 678 
4 3870 4066 4294 3864 
4 5991 6204 6316 6503 
4 7900 7925 7731 7821 
4 5846 6033 6222 5917 
4 7093 7367 7494 7230 
4 9289 9144 9372 9444 
4 9909 9910 9861 9811 
4 6016 6068 6376 6136 
4 6220 5984 6139 6361 
4 6363 6136 6665 6523 
4 946 1333 1710 1256 
4 3819 3609 3797 4015 
4 5073 4844 4698 4493 
4 4609 4784 5124 4951 
4 6544 6696 6439 6401 
4 6893 7052 6818 6682 
4 7913 7948 7739 7842 
4 9144 9060 9290 9372 
4 5201 5465 5073 4870 
4 2188 2563 2944 2595 
4 7358 7478 7198 7035 
4 7809 7832 7618 7709 
4 2691 2938 2578 2389 
4 4299 4627 4374 4005 
4 5580 5389 5519 5704 
4 5187 5461 5736 5555 
4 6146 6369 6047 5854 
4 6503 6290 6151 5991 
4 6926 6726 6610 6437 
4 6755 6800 6516 6671 
4 9699 9600 9460 9613 
4 3794 3654 3393 4033 
4 5083 5115 5314 5248 
4 5361 5456 5767 5526 
4 4219 4435 4227 4044 
4 10152 10121 10160 10178 
4 5351 5600 5449 5184 
4 5833 6007 5879 5704 
4 6437 6610 6493 6286 
4 6494 6493 6610 6775 
4 7426 7468 7195 7349 
4 7474 7492 7734 7535 
4 1454 1223 1020 1016 
4 4029 3978 4425 4192 
4 6072 5891 5982 6165 
4 6537 6347 6452 6596 
4 6817 6816 6518 6630 
4 8840 8989 8930 8740 
4 8806 8782 9022 8859 
4 9775 9674 9793 9874 
4 2503 2155 1735 2095 
4 6660 6509 6583 6802 
4 7329 7430 7318 7184 
4 3023 3097 2658 2894 
4 4044 4227 3828 3614 
4 4569 4417 4593 4771 
4 8828 8626 8475 8699 
4 9162 9165 9247 9336 
4 587 777 69 70 
4 643 598 616 1040 
4 3208 3046 3211 3444 
4 5405 5563 5749 5440 
4 6774 6674 6801 6895 
4 7423 7449 7234 7341 
4 5887 5888 6231 5977 
4 7013 7096 7370 7151 
4 4939 4721 5278 5123 
4 5141 4893 5157 5223 
4 4720 4740 5111 4854 
4 5719 5871 5584 5384 
4 5530 5917 6081 5762 
4 5998 6406 6249 5840 
4 6275 6426 6254 6030 
4 8349 8517 8120 8297 
4 5879 5703 5610 5388 
4 6775 6609 6314 6494 
4 6511 6465 6820 6608 
4 6811 6810 7098 6900 
4 8210 8092 8118 8322 
4 6506 6294 6805 6656 
4 6019 6388 6539 6236 
4 6654 6583 6509 6290 
4 8831 8658 8763 8939 
4 4876 4517 4738 5112 
4 6199 6164 6492 6355 
4 6779 6633 6739 6925 
4 6816 6817 7101 6894 
4 7302 7354 7084 7214 
4 7530 7649 7465 7401 
4 8007 8067 8196 8122 
4 6098 6155 5988 5954 
4 7541 7716 7295 7471 
4 6159 6217 5849 6073 
4 7827 7826 7558 7736 
4 8298 8043 7889 8121 
4 8701 8681 8921 8782 
4 9260 9268 9106 9191 
4 4844 5113 4940 4698 
4 7802 7825 7616 7698 
4 8687 8602 8710 8774 
4 4560 4562 4942 4740 
4 6355 6492 6752 6676 
4 7841 7675 7966 7914 
4 7947 7784 7899 8026 
4 9142 9273 9104 8959 
4 9455 9581 9428 9304 
4 2607 2447 2319 2642 
4 3292 3487 3832 3706 
4 7605 7600 7853 7675 
4 7654 7712 7970 7771 
4 9155 9275 9097 9009 
4 9269 9192 9101 9141 
4 1881 2018 2439 2303 
4 9055 9278 9226 9186 
4 1018 783 1020 1223 
4 2711 2670 3101 2888 
4 5082 5314 5115 4907 
4 5579 5497 5537 5689 
4 6014 5889 6350 6227 
4 8347 8522 8262 8133 
4 8606 8647 8750 8850 
4 8795 8945 8982 9132 
4 3803 3885 4203 3947 
4 3972 4250 4364 4586 
4 5892 5674 6016 6216 
4 5877 5724 5825 6041 
4 5613 5768 6060 5916 
4 6754 6957 7234 7022 
4 7452 7279 7408 7588 
4 9214 9215 9295 9378 
4 1544 1315 1603 1808 
4 2796 2639 2521 2853 
4 3441 3259 2997 3655 
4 3971 3863 4264 4462 
4 5250 5201 4870 5070 
4 5833 5885 6199 5980 
4 6486 6451 6194 6342 
4 6352 6198 6353 6487 
4 8788 8893 9021 8987 
4 6326 6156 6325 6455 
4 5242 5243 5641 5363 
4 5742 5766 6111 5946 
4 5854 6085 6381 6146 
4 6726 6950 6775 6610 
4 5448 5615 5245 5109 
4 6520 6644 6931 6806 
4 7200 7218 7371 7335 
4 1797 1561 1970 2145 
4 4129 4443 4788 4608 
4 5838 6075 6156 6326 
4 1143 1377 1805 1597 
4 5094 5044 5297 5249 
4 7303 7365 7616 7416 
4 7954 8068 7835 7655 
4 8635 8840 8740 8533 
4 7084 7085 6804 6929 
4 7592 7589 7430 7329 
4 507 66 67 778 
4 587 70 71 450 
4 1459 1594 2018 1881 
4 3209 3439 3730 3640 
4 4319 4564 4901 4785 
4 4785 4901 5251 5122 
4 6366 6319 6683 6465 
4 7973 8198 8076 7856 
4 8357 8380 8157 8284 
4 5517 5724 5594 5372 
4 5854 6047 5517 5735 
4 6911 6762 6998 7078 
4 6883 7056 7173 7328 
4 8238 8372 8004 8158 
4 8572 8600 8366 8522 
4 9189 9274 9100 9010 
4 4194 4193 4070 3834 
4 6008 6143 6399 6045 
4 3029 3246 2591 2913 
4 5903 6070 5740 5518 
4 6606 6655 6306 6505 
4 6583 6654 6956 6729 
4 9578 9544 9645 9606 
4 5651 5394 5579 5808 
4 5576 5634 5794 5948 
4 6075 5913 6125 6156 
4 8728 8525 8360 8616 
4 9201 9365 9246 9112 
4 3890 4019 4384 4258 
4 3374 3502 3862 3573 
4 6219 6377 6657 6524 
4 8195 8002 7771 7970 
4 7096 7013 6884 6729 
4 7564 7732 7971 7779 
4 7972 8016 8153 8042 
4 507 590 65 66 
4 4583 4930 4757 4363 
4 5696 5720 5468 5571 
4 6722 6770 6960 6864 
4 7492 7216 7007 7274 
4 9728 9810 9700 9678 
4 6081 6221 6378 5835 
4 7079 6871 6742 6579 
4 7549 7699 7967 7790 
4 9192 9157 8978 9111 
4 6609 6807 6502 6314 
4 527 456 690 694 
4 1315 1100 1481 1603 
4 3983 3814 4114 4207 
4 6186 6256 6411 6551 
4 6658 6648 6957 6754 
4 7114 7126 7258 7395 
4 7587 7588 7743 7657 
4 3920 3599 3863 3971 
4 4840 4950 5302 5008 
4 7004 7246 7307 7514 
4 7225 7488 7615 7369 
4 3946 4257 3836 3573 
4 8699 8700 8918 8776 
4 4586 4364 4764 4933 
4 8294 8395 8527 8255 
4 9074 9161 9077 8984 
4 9695 9613 9460 9583 
4 3281 3439 3158 2950 
4 3845 4049 3889 3668 
4 5497 5579 5394 5331 
4 5723 5521 6052 5889 
4 6188 6253 6408 6550 
4 6729 6956 7212 7096 
4 7064 6997 7025 7158 
4 9639 9539 9509 9510 
4 9938 9955 9839 9907 
4 7155 7318 7430 7576 
4 8279 8280 8014 8164 
4 6650 6647 6487 6353 
4 7097 7225 7369 7098 
4 9388 9485 9323 9232 
4 4316 4442 4741 4493 
4 4771 4593 4698 4940 
4 3222 3488 2794 3097 
4 7589 7678 7576 7430 
4 2471 2414 2093 2302 
4 6040 6230 5919 5725 
4 6804 6731 6604 6434 
4 2094 1763 1323 1671 
4 5631 5934 5675 5356 
4 6042 5978 5895 5671 
4 5678 6248 6021 5936 
4 6921 7056 6807 6609 
4 6590 6882 7102 6815 
4 7197 7064 7158 7337 
4 9274 9189 9264 9327 
4 2568 2847 3248 3112 
4 3943 4463 4314 4295 
4 5101 5437 5276 5104 
4 5748 5729 5615 5448 
4 7265 7282 7149 7011 
4 7691 7550 7868 7989 
4 8403 8635 8533 8302 
4 8757 8814 8679 8653 
4 5294 5428 5734 5617 
4 5758 5703 6044 5857 
4 9887 9907 9786 9859 
4 5954 5816 5968 6098 
4 6192 6226 6485 6368 
4 6665 6513 6951 6810 
4 6743 6936 7071 7208 
4 9373 9296 9376 9447 
4 4745 4910 4558 4352 
4 5592 5743 5856 6053 
4 7061 7196 6950 6726 
4 7675 7841 7408 7605 
4 9334 9438 9347 9239 
4 3949 4255 4545 4439 
4 5671 5895 5748 5600 
4 7518 7390 7422 7590 
4 8374 8197 8013 8239 
4 8590 8453 8234 8415 
4 9234 9349 9275 9155 
4 2531 2735 3147 2841 
4 4612 4313 4128 4259 
4 4217 4748 4523 4431 
4 6047 5825 5724 5517 
4 6439 6958 6757 6681 
4 6654 6795 7081 6956 
4 7303 7360 7076 7226 
4 9152 9180 9026 9088 
4 9354 9507 9505 9423 
4 5252 5182 5113 4844 
4 5577 5647 5799 5947 
4 5853 5894 6201 6000 
4 6013 6082 6340 6152 
4 6174 6459 6701 6335 
4 7372 7279 7196 7061 
4 9077 9075 8868 9031 
4 9682 9646 9506 9557 
4 2183 1958 2329 2388 
4 7006 7215 6794 6942 
4 9170 9169 8957 9108 
4 1157 1456 1874 1584 
4 4573 4746 4591 4412 
4 4930 5104 4875 4757 
4 5978 6166 6056 5895 
4 8663 8835 9026 8861 
4 8923 9111 8978 8920 
4 9713 9624 9740 9822 
4 4928 4694 4515 4331 
4 4778 4604 4936 5110 
4 6515 6327 6570 6594 
4 6446 6653 6936 6743 
4 6756 6954 7103 7093 
4 7493 7292 7020 7240 
4 9424 9311 9506 9471 
4 6171 6373 6630 6518 
4 7021 7235 7052 6893 
4 4413 4359 4793 4526 
4 5367 5617 5882 5685 
4 6300 6144 6385 6468 
4 7062 6866 7004 7168 
4 7195 7163 6886 7060 
4 7734 7492 7274 7565 
4 7150 7613 7459 7375 
4 8984 9044 9002 9074 
4 9294 9177 9332 9448 
4 5878 5671 5600 5351 
4 5568 5543 5922 5695 
4 6516 6445 6331 6134 
4 6815 6522 6320 6590 
4 7337 7158 7314 7458 
4 8801 8802 8633 8691 
4 9545 9557 9429 9486 
4 5583 5548 5909 5731 
4 5685 5882 6191 6082 
4 6111 5947 6023 6253 
4 6647 6808 6645 6487 
4 7031 7236 7306 7374 
4 8026 8038 7853 7947 
4 8579 8615 8396 8527 
4 7728 7962 8074 7850 
4 4287 4341 4145 4106 
4 6116 5957 6043 6197 
4 6133 6308 6166 5978 
4 5857 6044 6336 6229 
4 7013 7205 7075 6884 
4 6920 6895 7236 7031 
4 4008 4235 4089 3792 
4 6194 6375 6070 5903 
4 6015 6229 6479 6373 
4 6435 6523 6811 6579 
4 7914 7966 8203 8024 
4 8784 8807 8631 8724 
4 9811 9702 9604 9727 
4 5880 5726 5918 6010 
4 8728 8558 8369 8525 
4 7341 7163 7278 7423 
4 7599 7561 7851 7712 
4 9391 9401 9246 9365 
4 10112 10058 10008 10072 
4 4608 4491 4415 4129 
4 4911 5105 4910 4745 
4 6195 6343 6041 5825 
4 6295 6788 6605 6504 
4 8683 8711 8493 8603 
4 8945 8797 8888 8982 
4 6134 6375 6671 6516 
4 7656 7729 7969 7793 
4 3246 3028 2919 2591 
4 5584 5366 5288 5050 
4 6158 6183 5930 6036 
4 7285 7482 7207 7036 
4 6882 7052 7235 7189 
4 7992 7815 7888 8108 
4 9027 8836 8669 8868 
4 10030 10062 10024 9981 
4 6485 6462 6796 6637 
4 7147 7334 6868 7085 
4 7848 7781 7683 7539 
4 8721 8722 8534 8615 
4 9000 9041 9131 9164 
4 9353 9357 9172 9271 
4 4947 5120 5219 5442 
4 6361 6139 6291 6495 
4 7480 7287 7413 7563 
4 8287 8134 8058 7911 
4 8257 8368 8625 8465 
4 8714 8697 8465 8625 
4 4129 4415 4257 3946 
4 5262 5466 5768 5613 
4 6724 6942 6512 6664 
4 6802 6583 6729 6884 
4 6900 7098 7369 7233 
4 7122 6925 7062 7255 
4 7407 7591 7199 7334 
4 7458 7314 7460 7573 
4 7935 7789 7543 7741 
4 1221 446 782 867 
4 3996 4220 3810 3672 
4 5916 6060 6359 6228 
4 6464 6505 6158 6364 
4 6894 6918 6667 6816 
4 7344 7343 7208 7071 
4 7329 7337 7458 7592 
4 7467 7428 7737 7561 
4 7592 7458 7573 7704 
4 8920 8978 9102 9029 
4 705 471 1145 951 
4 5686 5660 5815 5886 
4 7836 7938 7678 7589 
4 8010 8187 7844 7960 
4 9469 9504 9362 9427 
4 4517 4393 4636 4738 
4 6230 6040 6130 6338 
4 7158 7025 7271 7314 
4 7345 7491 7219 7082 
4 9147 9271 9084 8974 
4 9582 9648 9505 9507 
4 438 781 308 309 
4 4494 4684 4573 4318 
4 5372 5464 5735 5517 
4 9786 9799 9701 9747 
4 5881 5852 6009 6193 
4 6001 6228 6499 6303 
4 7030 7053 6798 6918 
4 7801 7972 8042 7929 
4 7790 7967 8050 8192 
4 8270 8297 8063 8189 
4 7205 7013 7151 7287 
4 9092 9093 8931 9017 
4 10029 9976 9884 9961 
4 802 1261 869 604 
4 3758 3962 3845 3572 
4 6231 5888 5670 6084 
4 6156 6125 6276 6325 
4 7338 7301 7499 7427 
4 7600 7605 7372 7477 
4 8002 8195 8408 8230 
4 9536 9604 9702 9582 
4 1805 1557 2250 2020 
4 5518 5759 6077 5903 
4 6754 6937 6433 6658 
4 7362 7267 6873 7111 
4 7820 7784 7541 7690 
4 9534 9580 9701 9601 
4 3980 4424 4172 3883 
4 6080 6160 6010 5918 
4 7233 7148 7079 6900 
4 6914 6915 7122 7048 
4 7656 7842 7476 7606 
4 9014 8977 8779 8926 
4 5250 5296 5583 5464 
4 6463 6678 6794 6948 
4 7009 7173 7056 6921 
4 8124 8295 8185 8023 
4 8366 8342 8295 8124 
4 8005 8234 8403 8198 
4 7423 7278 7618 7554 
4 7611 7585 7860 7684 
4 8286 8167 8422 8540 
4 5290 5607 5454 5095 
4 5720 5696 6069 5851 
4 6656 6805 7099 6955 
4 6584 6806 7066 6875 
4 7231 7305 7150 7100 
4 7548 7735 7874 7694 
4 8075 7970 7712 7851 
4 7735 7778 7901 7874 
4 7903 8031 7938 7836 
4 8288 8399 8182 8003 
4 9550 9572 9393 9490 
4 9732 9747 9646 9682 
4 3918 4106 3777 3590 
4 5725 5919 5527 5352 
4 6797 6744 7110 6865 
4 7698 7554 7670 7802 
4 7758 7590 7676 7872 
4 7589 7592 7704 7836 
4 8262 8124 8023 7891 
4 8959 9104 8913 8790 
4 9327 9352 9193 9274 
4 601 442 194 195 
4 9534 9641 9397 9498 
4 5088 5287 5604 5466 
4 5872 5851 6210 6005 
4 5697 5876 6202 5997 
4 6622 6623 6970 6721 
4 8980 9024 8792 8924 
4 973 707 1452 1193 
4 4522 5085 4884 4748 
4 5041 4854 5450 5296 
4 6731 6804 7085 6868 
4 7850 7732 7495 7615 
4 7974 7851 7561 7737 
4 7842 7656 7793 7913 
4 8010 8073 8304 8126 
4 8861 9019 8784 8663 
4 9229 9346 9063 9180 
4 9395 9318 9472 9592 
4 9504 9469 9585 9544 
4 7215 7006 7145 7346 
4 7060 7033 7349 7195 
4 7151 7370 7577 7487 
4 5352 5527 5433 5182 
4 6359 6152 6636 6482 
4 6929 6928 7214 7084 
4 7450 7424 7736 7558 
4 8689 8564 8847 8942 
4 837 1228 858 649 
4 3437 3224 3124 3028 
4 4699 4869 4793 4557 
4 5718 5695 6090 5850 
4 6440 6675 6308 6133 
4 6432 6639 6751 6927 
4 7835 7834 7607 7719 
4 9165 9078 9145 9247 
4 9471 9498 9353 9424 
4 4889 4504 4816 5042 
4 3828 3613 3420 3203 
4 4257 4256 4025 3836 
4 6735 6935 6457 6655 
4 6814 6902 7103 6954 
4 8200 8242 8404 8201 
4 8593 8568 8834 8681 
4 1763 2094 2502 2301 
4 3829 3600 3488 3222 
4 5247 5212 5619 5371 
4 7346 7345 7082 7215 
4 7610 7412 7305 7485 
4 9759 9676 9642 9576 
4 5042 4816 4989 5253 
4 6197 6043 6153 6347 
4 6672 6581 6495 6291 
4 6286 6368 6638 6437 
4 6842 6596 6746 6907 
4 7171 7192 6959 7054 
4 7923 8036 7903 7796 
4 7826 7827 7937 8051 
4 8402 8227 8081 8267 
4 8251 8283 8083 8170 
4 8356 8381 8208 8283 
4 8493 8494 8270 8372 
4 8130 8275 8354 8497 
4 9184 9155 9009 9096 
4 4741 4712 5070 4870 
4 6041 6040 5725 5877 
4 6029 6274 6385 6144 
4 6637 6796 7080 6953 
4 8519 8360 8154 8298 
4 9089 8954 9050 9146 
4 9060 9118 9168 9290 
4 10015 10026 9962 9993 
4 4108 3916 4288 4469 
4 5732 5547 5727 5852 
4 6063 5908 6074 6167 
4 5945 5948 6109 6256 
4 7439 7440 7224 7316 
4 8679 8691 8532 8587 
4 8868 9075 9201 9027 
4 4842 5034 4962 4667 
4 5220 5452 5105 4911 
4 6007 5833 5980 6185 
4 7058 7057 6949 6776 
4 7796 7903 7836 7704 
4 7537 7725 7960 7844 
4 8249 8475 8626 8406 
4 9048 9103 9277 9138 
4 9256 9257 9113 9175 
4 9311 9424 9147 9268 
4 4055 4205 4609 4443 
4 4708 4513 4739 4894 
4 4667 4962 4798 4610 
4 6185 5980 6296 6517 
4 6308 6460 6358 6166 
4 7615 7495 7233 7369 
4 7145 7360 7606 7476 
4 8378 8347 8133 8280 
4 8808 8702 8799 8875 
4 9738 9758 9650 9696 
4 805 602 864 1269 
4 896 966 1456 1157 
4 6004 6034 5774 5870 
4 6086 5778 5777 5831 
4 6463 6639 6338 6130 
4 6898 7095 7316 7224 
4 7914 7950 7743 7841 
4 8830 8831 8939 9037 
4 5030 4889 5042 5283 
4 5956 6117 5848 5806 
4 6751 6948 7082 7219 
4 7470 7469 7211 7353 
4 7491 7345 7405 7598 
4 8522 8347 8468 8572 
4 8611 8457 8559 8680 
4 8917 9020 8827 8833 
4 9325 9343 9200 9257 
4 5664 5971 5770 5401 
4 5551 5586 5921 5670 
4 6216 6016 6136 6363 
4 6641 6300 6468 6593 
4 6445 6607 6508 6331 
4 6318 6518 6816 6667 
4 6482 6636 6924 6812 
4 7373 7104 6903 7164 
4 8410 8409 8191 8299 
4 8812 8668 8561 8454 
4 8565 8595 8835 8663 
4 8900 8901 8732 8807 
4 9084 8955 8871 8765 
4 9568 9483 9548 9635 
4 3177 3509 3890 3707 
4 5744 5597 5908 6063 
4 6332 6306 6655 6457 
4 6630 6601 6932 6817 
4 7331 7424 7328 7173 
4 7724 7684 7983 7812 
4 8074 7971 7732 7850 
4 8457 8482 8739 8559 
4 8987 9079 8912 8788 
4 9105 8916 8823 8957 
4 549 438 309 310 
4 4911 4940 5113 5220 
4 7539 7731 7925 7848 
4 8004 8189 7913 7793 
4 8047 8249 8406 8160 
4 8478 8426 8541 8562 
4 8681 8701 8528 8593 
4 8722 8721 8927 8790 
4 9335 9336 9402 9476 
4 871 1511 1731 1296 
4 5489 5324 5652 5800 
4 5597 5611 5753 5908 
4 6168 6227 6494 6314 
4 7183 7317 7472 7228 
4 8036 8177 8031 7903 
4 9001 8878 8812 8675 
4 9224 9383 9507 9354 
4 9748 9749 9645 9679 
4 6738 6593 6859 6888 
4 7006 7076 7360 7145 
4 7598 7405 7685 7847 
4 8442 8292 8066 8180 
4 8288 8289 8405 8338 
4 9393 9411 9277 9343 
4 6723 6927 7035 7198 
4 8724 8565 8663 8784 
4 8918 8700 8620 8825 
4 5711 5399 5662 5969 
4 5524 5770 5865 5678 
4 7465 7649 7768 7544 
4 7727 7796 7704 7573 
4 7781 7946 7811 7683 
4 7885 7923 7796 7727 
4 8108 7888 8143 8321 
4 8157 8158 7969 8046 
4 8876 8902 8737 8815 
4 8901 8900 9106 8974 
4 8895 8908 9029 9005 
4 9419 9495 9327 9264 
4 9621 9647 9489 9586 
4 9661 9629 9512 9554 
4 10059 10085 10057 10062 
4 4840 5082 4907 4684 
4 6507 6303 6787 6648 
4 6468 6385 6566 6717 
4 6682 6632 6741 6893 
4 6648 6787 7072 6957 
4 6753 6955 7182 7095 
4 7909 7941 7745 7829 
4 8170 8083 7855 7943 
4 8161 8275 7899 8049 
4 9156 9190 9359 9224 
4 9605 9691 9736 9802 
4 8558 8771 8922 8731 
4 3097 3023 3447 3222 
4 4256 4353 4199 4025 
4 5182 5433 5220 5113 
4 5857 5907 5545 5758 
4 6056 6039 5912 5729 
4 6725 6952 6675 6440 
4 6588 6812 7060 6886 
4 7573 7460 7652 7727 
4 7290 7486 7740 7552 
4 7776 8005 8198 7973 
4 8399 8288 8338 8512 
4 9016 9017 8838 8907 
4 9544 9578 9432 9504 
4 9678 9700 9550 9647 
4 9721 9679 9585 9629 
4 9454 9587 9625 9711 
4 5694 5717 5469 5567 
4 6165 5982 6362 6510 
4 7277 7448 7008 7192 
4 7375 7105 7100 7150 
4 7427 7461 7227 7338 
4 7394 7395 7520 7640 
4 7968 7679 7543 7789 
4 8058 7902 7802 7670 
4 7987 7864 8097 8217 
4 8230 8408 8629 8445 
4 9293 9164 9244 9331 
4 9865 9790 9760 9676 
4 9889 9949 9783 9852 
4 10060 10047 10021 9971 
4 10080 10042 10027 9972 
4 10022 10050 10023 9978 
4 8730 8827 8923 8837 
4 5934 6243 5985 5675 
4 6337 6466 6160 6080 
4 7405 7614 7739 7685 
4 7421 7686 7852 7617 
4 7959 7918 8209 8033 
4 8782 8806 8629 8701 
4 1379 957 666 1098 
4 1771 1802 1421 1674 
4 2521 2098 1791 2216 
4 4835 4535 4334 4687 
4 5460 5417 5249 5297 
4 5408 5407 5769 5543 
4 6005 6036 5772 5872 
4 6167 6074 6151 6365 
4 6183 6158 6505 6306 
4 6663 6608 6965 6744 
4 6464 6667 6918 6798 
4 7096 7212 7441 7370 
4 7708 7619 7363 7461 
4 7719 7597 7655 7835 
4 8310 8123 8006 8082 
4 8050 8051 8204 8162 
4 8188 8135 8421 8231 
4 8258 8524 8625 8368 
4 8234 8453 8635 8403 
4 8468 8605 8752 8712 
4 8892 8773 8865 8973 
4 9499 9540 9628 9577 
4 9866 9782 9763 9667 
4 10058 10112 10084 10048 
4 5616 5433 5527 5726 
4 6384 6093 6021 6142 
4 9573 9574 9431 9496 
4 5283 5042 5253 5422 
4 5919 5918 5726 5527 
4 5546 5722 6062 5876 
4 6431 6626 6819 6770 
4 6741 6949 7057 7223 
4 8797 8744 8796 8888 
4 9326 9351 9187 9266 
4 4420 4584 4190 4043 
4 5896 6206 6058 5751 
4 5903 6077 6342 6194 
4 7088 7090 7381 7144 
4 7476 7614 7346 7145 
4 7613 7150 7305 7412 
4 7487 7413 7287 7151 
4 7845 7812 8088 7918 
4 8012 8183 8256 8397 
4 8813 8661 8765 8871 
4 9422 9385 9240 9352 
4 9614 9691 9464 9569 
4 9839 9852 9764 9799 
4 797 510 926 1047 
4 6339 6483 6193 6009 
4 6594 6861 6912 6748 
4 7911 8058 7670 7832 
4 8300 8361 8162 8204 
4 8515 8498 8358 8291 
4 9041 8941 8963 9131 
4 9394 9418 9256 9360 
4 9374 9331 9440 9525 
4 9903 9900 9814 9869 
4 10020 9972 9940 9883 
4 1248 1508 1304 1113 
4 4772 4747 4584 4420 
4 5270 5249 5417 5590 
4 6319 6366 6004 6217 
4 6501 6357 6660 6792 
4 6434 6676 6929 6804 
4 6953 7080 7352 7229 
4 7278 7468 7709 7618 
4 9304 9428 9242 9138 
4 9415 9487 9345 9233 
4 6898 6933 6672 6789 
4 7729 7825 8046 7969 
4 8164 8140 8324 8279 
4 8196 8255 8527 8396 
4 8121 8303 8526 8339 
4 8916 8728 8616 8823 
4 9487 9415 9492 9549 
4 5007 5126 5474 5179 
4 6331 6508 6182 6012 
4 6790 6791 6476 6659 
4 7587 7736 7424 7331 
4 7598 7597 7358 7491 
4 8610 8473 8394 8290 
4 8395 8343 8633 8455 
4 8595 8565 8349 8494 
4 8723 8793 8917 8833 
4 9479 9383 9224 9359 
4 9486 9384 9464 9545 
4 9852 9839 9955 9889 
4 218 219 426 838 
4 5433 5616 5452 5220 
4 5824 6012 5871 5719 
4 6233 5831 6029 6144 
4 6208 6372 6527 6519 
4 6291 6524 6789 6672 
4 6724 6937 7226 7076 
4 7654 7857 7538 7404 
4 7889 8078 8303 8121 
4 8729 8707 8924 8792 
4 9126 8972 9174 9291 
4 9385 9422 9583 9460 
4 9935 9950 10034 9985 
4 9972 10020 10049 10080 
4 4439 4545 4886 4787 
4 6817 6932 7203 7101 
4 7294 7500 7235 7021 
4 7588 7587 7331 7452 
4 8726 8619 8718 8826 
4 9667 9760 9790 9866 
4 9949 9883 9843 9783 
4 2509 2917 2571 2165 
4 6357 6365 6509 6660 
4 7102 6903 6669 6815 
4 6888 6859 6995 7139 
4 7700 7701 7984 7770 
4 8171 8287 7911 8061 
4 8095 8098 8214 8320 
4 8899 8875 9042 8992 
4 9056 9153 9079 8987 
4 9792 9851 9789 9753 
4 3398 3706 4029 3779 
4 4719 4895 5280 5109 
4 4845 5122 5419 5291 
4 5687 5871 6012 6182 
4 6149 6352 6487 6645 
4 6730 7100 7105 6958 
4 7964 7773 8034 8193 
4 7774 7822 8078 7889 
4 8133 8262 7891 8039 
4 8521 8358 8498 8619 
4 8731 8489 8369 8558 
4 8732 8661 8577 8446 
4 8555 8717 8788 8912 
4 8632 8723 8833 8734 
4 9096 9008 9068 9184 
4 9190 9156 9028 9110 
4 9107 9083 9288 9203 
4 9189 9097 9275 9264 
4 9674 9633 9768 9793 
4 9895 9913 9815 9864 
4 10029 10048 10059 9976 
4 10042 10077 10061 10027 
4 4610 4798 4396 4447 
4 6607 6445 6625 6799 
4 7301 7338 7101 7203 
4 8636 8451 8340 8411 
4 8487 8489 8731 8591 
4 8999 8867 8789 8668 
4 9166 9057 9148 9238 
4 9324 9350 9450 9408 
4 6190 6009 5852 5727 
4 6927 6723 6602 6432 
4 6867 6946 7237 7007 
4 7290 7447 7018 7191 
4 7007 7237 7501 7274 
4 7550 7497 7747 7868 
4 7943 7855 7619 7708 
4 8070 8033 8314 8135 
4 8120 8289 8193 8034 
4 7970 8075 8308 8195 
4 8958 9011 9198 9055 
4 9083 9120 9204 9288 
4 9542 9569 9404 9485 
4 9392 9547 9630 9479 
4 9532 9642 9676 9760 
4 9992 10025 9959 9893 
4 136 801 411 135 
4 4558 4557 4236 4429 
4 5649 5806 5533 5369 
4 6134 6331 6012 5824 
4 6146 6381 6658 6433 
4 7030 7227 7461 7363 
4 7292 7562 7738 7503 
4 8068 7954 8003 8182 
4 8228 8336 8177 8036 
4 8346 8365 8203 8261 
4 8573 8601 8356 8500 
4 8640 8452 8582 8746 
4 8833 8827 8730 8734 
4 8825 8826 8910 8883 
4 9021 8867 9066 9178 
4 9196 9058 8949 9045 
4 9024 8980 9120 9083 
4 9489 9490 9325 9418 
4 9691 9605 9545 9464 
4 9799 9786 9907 9839 
4 9883 9949 9977 10020 
4 4713 4946 5260 5050 
4 6512 6678 6343 6195 
4 7444 7489 7741 7543 
4 7723 7840 7854 7610 
4 9664 9756 9530 9638 
4 6451 6486 6784 6923 
4 7427 7499 7745 7553 
4 8573 8684 8907 8838 
4 8861 9026 9180 9063 
4 9192 9269 9361 9157 
4 9914 9896 9851 9792 
4 9978 10023 9889 9955 
4 10097 10129 10077 10042 
4 10132 10110 10133 10148 
4 6897 7032 6923 6784 
4 7044 7228 7355 6877 
4 6957 7072 7341 7234 
4 7182 7165 7382 7315 
4 7454 7359 7607 7733 
4 7365 7449 7698 7616 
4 8275 8130 8026 7899 
4 8342 8510 8389 8295 
4 10169 10170 10137 10146 
4 3862 3807 4205 4055 
4 5571 5468 5125 5295 
4 5349 5634 5471 5221 
4 5412 5377 5758 5545 
4 5840 5686 5886 5998 
4 6312 6540 6346 6162 
4 6085 6212 6507 6381 
4 6675 6674 6460 6308 
4 6948 6751 6639 6463 
4 6650 6495 6581 6786 
4 7219 7035 6927 6751 
4 7083 6871 7353 7211 
4 6894 7101 7338 7227 
4 8046 7902 8284 8157 
4 7942 7944 8079 8055 
4 8019 8201 8404 8282 
4 8572 8468 8712 8816 
4 9347 9233 9178 9066 
4 9382 9501 9576 9642 
4 9689 9684 9547 9649 
4 9774 9742 9817 9876 
4 9957 9893 9866 9790 
4 9972 10027 9995 9940 
4 3280 3390 3191 3004 
4 4865 5158 5476 5233 
4 7941 7909 8173 8054 
4 8622 8583 8733 8707 
4 8707 8733 8794 8924 
4 8668 8812 8878 8999 
4 9090 9182 8999 8878 
4 9584 9583 9422 9495 
4 9756 9664 9812 9780 
4 9933 9946 9870 9900 
4 10085 10059 10048 10084 
4 6232 5921 5706 5994 
4 7539 7683 7563 7413 
4 8339 8526 8735 8557 
4 9959 9882 9844 9782 
4 4579 4415 4491 4786 
4 7085 7084 7354 7147 
4 7347 7325 7623 7428 
4 7965 7956 7813 7733 
4 8291 8358 8278 8172 
4 8124 8262 8522 8366 
4 8338 8405 8631 8446 
4 8603 8448 8555 8683 
4 8867 9021 8893 8789 
4 9150 9175 9032 9087 
4 9268 9260 9429 9311 
4 9579 9466 9532 9607 
4 9619 9638 9482 9572 
4 9471 9506 9646 9580 
4 9686 9737 9620 9539 
4 9693 9762 9687 9631 
4 10168 10147 10129 10097 
4 4814 4640 4807 4988 
4 6528 6231 6084 6282 
4 6256 6109 6132 6411 
4 6947 6733 6477 6684 
4 7314 7271 7402 7460 
4 7553 7745 7941 7792 
4 7956 8053 7961 7813 
4 8459 8604 8241 8381 
4 8400 8401 8641 8444 
4 8912 8778 8683 8555 
4 9183 9068 9008 8881 
4 9132 8982 9091 9208 
4 9414 9314 9382 9466 
4 9223 9357 9397 9501 
4 9614 9692 9744 9803 
4 10086 10049 10020 9977 
4 7542 7786 7979 7722 
4 8448 8603 8238 8380 
4 9883 9940 9894 9843 
4 10007 10065 10094 10118 
4 3962 4254 4049 3845 
4 6175 6025 6120 6335 
4 6510 6362 6435 6661 
4 7198 7005 6922 6723 
4 6943 6742 6871 7083 
4 8186 8052 7939 7807 
4 8454 8561 8510 8342 
4 8982 8888 8961 9091 
4 10050 10022 10057 10076 
4 5278 5074 5389 5580 
4 5921 5586 5350 5706 
4 6193 5999 5682 5881 
4 6347 6153 6281 6452 
4 7163 7195 7468 7278 
4 7558 7699 7277 7450 
4 8280 8279 8382 8378 
4 8675 8812 8454 8600 
4 8988 8894 8954 9089 
4 9173 9086 9284 9253 
4 8974 9106 9268 9147 
4 9056 9178 9233 9345 
4 9495 9419 9509 9584 
4 9606 9644 9513 9578 
4 9641 9534 9601 9677 
4 9593 9551 9653 9715 
4 9860 9840 9802 9736 
4 8878 9001 9133 9090 
4 9263 9348 9184 9068 
4 3637 3371 3331 3224 
4 6320 6526 6818 6590 
4 7617 7475 7176 7386 
4 7281 7348 7622 7410 
4 8301 8181 8290 8394 
4 8446 8577 8512 8338 
4 8974 9084 8765 8901 
4 9187 9188 9030 9093 
4 9223 9314 9261 9140 
4 9942 9960 9847 9917 
4 5476 5158 5054 5197 
4 7061 7220 7477 7372 
4 8158 8157 8380 8238 
4 8540 8422 8452 8640 
4 9753 9789 9737 9686 
4 9783 9843 9791 9726 
4 1372 1092 1535 1729 
4 5951 5690 6022 6258 
4 6160 6370 6190 6010 
4 5994 6234 6526 6320 
4 6432 6602 6466 6337 
4 6895 6920 6683 6774 
4 7190 7169 6964 7118 
4 7741 7489 7368 7566 
4 7554 7618 7832 7670 
4 7891 8023 7946 7781 
4 8183 8064 8168 8256 
4 9048 9081 8898 8991 
4 9427 9313 9512 9469 
4 9561 9639 9510 9389 
4 9760 9667 9607 9532 
4 9782 9866 9893 9959 
4 10023 9977 9949 9889 
4 10062 10030 9976 10059 
4 4128 4447 4254 3962 
4 7170 7191 6945 7053 
4 7500 7294 7567 7702 
4 7858 7931 8156 8085 
4 8628 8393 8488 8627 
4 9172 9140 9062 8955 
4 9835 9902 9998 9948 
4 10129 10128 10099 10077 
4 620 1275 1133 613 
4 4978 4728 5061 5316 
4 8697 8714 8837 8818 
4 9186 9266 9092 9119 
4 3829 3641 4025 4199 
4 5948 5794 5822 6109 
4 6522 6282 6084 6232 
4 6042 6189 6480 6380 
4 6161 6330 6659 6476 
4 7614 7476 7842 7739 
4 7822 7774 7565 7695 
4 7797 7818 7622 7721 
4 7832 7809 8061 7911 
4 7915 8066 8184 7951 
4 8491 8492 8305 8371 
4 8719 8613 8685 8821 
4 9023 8866 8671 8855 
4 8591 8731 8922 8832 
4 8676 8780 8952 8858 
4 8881 9008 8911 8821 
4 8928 9028 9064 8969 
4 9025 8979 9202 9071 
4 8859 9022 9200 9103 
4 9508 9356 9240 9385 
4 9493 9494 9328 9430 
4 10195 10197 10193 10196 
4 3224 3331 2952 3124 
4 4043 4190 3852 3613 
4 4684 4907 4746 4573 
4 5778 5400 5663 5777 
4 5716 5893 6087 6054 
4 6728 6933 7036 7207 
4 8002 8194 7905 7771 
4 8342 8366 8600 8454 
4 8568 8593 8413 8492 
4 9251 9167 9368 9339 
4 9642 9532 9466 9382 
4 9463 9480 9656 9564 
4 9595 9523 9570 9626 
4 10084 10125 10109 10085 
4 7781 7848 8039 7891 
4 8900 9019 9191 9106 
4 9764 9726 9677 9601 
4 9803 9736 9691 9614 
4 10019 10013 10092 10043 
4 5634 5349 5515 5794 
4 5233 5476 5818 5665 
4 5350 5621 5925 5706 
4 6776 6949 6666 6461 
4 7022 7234 7449 7365 
4 7502 7538 7666 7641 
4 7779 7971 8191 8073 
4 8268 8267 8081 8199 
4 9639 9561 9631 9687 
4 9692 9675 9779 9744 
4 958 644 636 402 
4 3364 2986 3388 3629 
4 6157 6180 5932 6034 
4 6593 6468 6717 6859 
4 7344 7205 7287 7480 
4 7693 7578 7800 7928 
4 8063 8034 7773 7948 
4 7834 7835 8068 7955 
4 8242 8393 8628 8479 
4 8700 8699 8475 8621 
4 9390 9481 9237 9342 
4 9457 9586 9394 9308 
4 9260 9346 9486 9429 
4 9510 9509 9419 9349 
4 9754 9755 9823 9842 
4 9918 9831 9780 9812 
4 10022 10024 10062 10057 
4 5054 5228 5400 5197 
4 6089 5781 5627 5927 
4 6195 6369 6664 6512 
4 6456 6633 6551 6411 
4 6958 6439 6696 6730 
4 7366 7502 7641 7418 
4 7412 7610 7854 7665 
4 7475 7617 7852 7723 
4 8201 8019 7785 7957 
4 8693 8717 8513 8614 
4 9345 9232 9153 9056 
4 9140 9172 9357 9223 
4 9539 9620 9584 9509 
4 9809 9763 9782 9844 
4 10080 10049 10110 10132 
4 1018 1017 461 785 
4 5606 5547 5383 5217 
4 5438 5242 5363 5573 
4 6925 6739 6866 7062 
4 6899 6802 6884 7075 
4 7036 7224 7440 7285 
4 8293 8184 8066 8292 
4 8517 8405 8289 8120 
4 8281 8354 8275 8161 
4 8705 8706 8933 8768 
4 8874 8897 8735 8828 
4 8818 8920 9029 8908 
4 9310 9436 9330 9228 
4 9370 9330 9436 9520 
4 9726 9764 9852 9783 
4 10182 10167 10143 10174 
4 10167 10182 10171 10156 
4 4516 4559 4191 4397 
4 4336 4658 4970 4704 
4 5008 5221 5082 4840 
4 5731 5909 6212 6085 
4 6338 6337 6080 6230 
4 6643 6510 6661 6781 
4 6723 6922 6777 6602 
4 6885 7077 6939 6786 
4 6726 6926 7220 7061 
4 7325 7347 7106 7206 
4 7005 7198 7478 7359 
4 7685 7739 7948 7773 
4 9098 9241 9359 9190 
4 10104 10105 10157 10121 
4 5407 5408 5127 5237 
4 6661 6435 6579 6742 
4 6785 6604 6731 6896 
4 8414 8302 8533 8634 
4 9052 9204 9120 8956 
4 9176 9151 9366 9258 
4 2770 2846 3323 2971 
4 4557 4793 4359 4236 
4 7552 7740 7978 7791 
4 7778 8080 8202 7901 
4 8173 8142 8253 8386 
4 8016 8306 8407 8153 
4 8525 8268 8154 8360 
4 8357 8388 8614 8513 
4 8680 8692 8535 8611 
4 9225 9360 9150 9059 
4 9698 9607 9667 9763 
4 9742 9668 9729 9817 
4 9917 9834 9962 9942 
4 9971 10021 9941 9882 
4 10100 10115 10063 10089 
4 5086 5121 5298 5259 
4 7872 7676 7772 7993 
4 8195 8308 8528 8408 
4 5237 5026 5608 5407 
4 5214 5264 5621 5350 
4 5927 5627 5784 5860 
4 5975 6153 6043 5924 
4 5706 5925 6234 5994 
4 6461 6666 6483 6339 
4 7207 7012 6885 6728 
4 6948 6794 7215 7082 
4 7359 7454 7194 7005 
4 7012 7207 7482 7348 
4 7466 7480 7563 7718 
4 7487 7577 7821 7731 
4 7926 7799 7940 8100 
4 8197 7935 7805 8013 
4 8181 8301 8059 7955 
4 8182 8181 7955 8068 
4 8301 8291 8172 8059 
4 8371 8305 8085 8156 
4 8840 8635 8453 8667 
4 8668 8789 8694 8561 
4 8826 8825 8620 8726 
4 9110 8929 8779 8977 
4 9108 8957 8823 8914 
4 8896 8873 9117 8990 
4 8834 8902 9087 9032 
4 9140 9261 9181 9062 
4 8955 9084 9271 9172 
4 9188 9187 9351 9262 
4 9404 9384 9229 9337 
4 9681 9611 9827 9731 
4 10030 9963 9884 9976 
4 2772 3044 2951 2632 
4 3488 3205 3018 2794 
4 3995 4074 3637 3879 
4 4907 5115 4949 4746 
4 6681 6402 6401 6439 
4 7223 7021 6893 6741 
4 7931 7858 7623 7696 
4 7925 7900 8164 8014 
4 8283 8251 8500 8356 
4 8345 8632 8734 8458 
4 9006 8881 8821 8685 
4 9559 9560 9706 9609 
4 9619 9700 9810 9739 
4 7071 7075 7205 7344 
4 4844 5073 5465 5252 
4 6011 6050 5769 5884 
4 6318 6364 6005 6210 
4 8819 8685 8613 8473 
4 8771 8916 9105 9015 
4 9232 9323 9249 9153 
4 9343 9325 9490 9393 
4 9384 9404 9569 9464 
4 9780 9804 9694 9756 
4 9601 9701 9799 9764 
4 5084 5261 4869 4699 
4 5720 5620 5299 5468 
4 6142 6021 6248 6402 
4 5825 6047 6369 6195 
4 6370 6160 6466 6677 
4 6351 6165 6510 6643 
4 6353 6361 6495 6650 
4 7070 6868 7334 7199 
4 7702 7566 7368 7500 
4 8071 7915 7686 7849 
4 7949 7811 7946 8032 
4 8201 7957 8065 8200 
4 8181 8182 8399 8290 
4 8379 8467 8354 8281 
4 8719 8718 8619 8498 
4 8955 9062 9004 8871 
4 9411 9393 9572 9482 
4 9551 9458 9533 9653 
4 9726 9791 9759 9677 
4 9890 9857 9924 9936 
4 10065 10031 10041 10094 
4 10064 10043 10116 10073 
4 7167 7187 7389 7322 
4 7010 7229 7471 7295 
4 7718 7563 7683 7811 
4 8039 8014 8280 8133 
4 8067 8077 8255 8196 
4 4746 4949 4772 4591 
4 7100 6730 6904 7231 
4 6896 6731 6868 7070 
4 6735 6945 7191 7018 
4 8067 8007 7912 7777 
4 8267 8268 8525 8369 
4 8992 8993 8839 8899 
4 9996 9928 9831 9918 
4 1018 785 594 783 
4 5128 5238 5567 5469 
4 5182 5252 5595 5352 
4 5671 5878 6189 6042 
4 6161 6196 5922 6050 
4 6306 6332 6091 6183 
4 6670 6444 6145 6386 
4 6677 6466 6602 6777 
4 6651 6567 6718 6761 
4 6606 6798 7053 6945 
4 7091 7236 6895 6801 
4 7561 7599 7377 7467 
4 8290 8399 8512 8610 
4 8500 8471 8684 8573 
4 8911 8910 8826 8718 
4 8888 8796 8940 8961 
4 8966 9100 9274 9193 
4 9634 9635 9690 9755 
4 9951 9998 9902 9837 
4 10047 10060 10114 10083 
4 6776 6777 6922 7058 
4 7179 6874 7105 7375 
4 6902 7023 7232 7103 
4 7744 7446 7276 7536 
4 7657 7827 7736 7587 
4 8461 8504 8726 8620 
4 446 305 306 782 
4 3987 4048 3719 3901 
4 5040 5069 4716 4898 
4 4692 4971 5158 4865 
4 5924 6043 5957 5689 
4 5923 6086 6427 6276 
4 6517 6296 6434 6604 
4 6818 6526 6382 6682 
4 7214 7083 7211 7302 
4 8725 8616 8360 8519 
4 8303 8406 8626 8526 
4 8859 8991 8659 8806 
4 8923 8920 8818 8837 
4 9066 9182 9239 9347 
4 9986 10034 9950 9891 
4 7300 7154 7288 7425 
4 7591 7499 7301 7199 
4 8307 8086 7894 8127 
4 8807 8784 9019 8900 
4 9483 9412 9518 9548 
4 9985 10040 9892 9969 
4 2156 2632 2951 2427 
4 3641 3658 3836 4025 
4 7574 7545 7285 7440 
4 7319 7321 7627 7497 
4 8482 8457 8243 8365 
4 8245 8263 8542 8427 
4 8291 8301 8394 8515 
4 8623 8624 8658 8831 
4 8710 8746 8848 8941 
4 9365 9201 9075 9245 
4 9215 9076 9207 9295 
4 9647 9621 9703 9678 
4 9830 9863 9803 9744 
4 9920 9848 9943 9999 
4 9992 9995 10027 10061 
4 10097 10132 10148 10168 
4 1336 1375 1880 1592 
4 3992 4024 4397 4191 
4 6678 6512 6942 6794 
4 7324 7164 6903 7102 
4 7005 7194 7058 6922 
4 7185 7204 7300 7462 
4 7471 7429 7690 7541 
4 7807 7939 7702 7567 
4 7416 7616 7825 7729 
4 7665 7785 8000 7726 
4 8287 8171 8389 8516 
4 8297 8270 8494 8349 
4 8452 8341 8456 8582 
4 8483 8484 8749 8560 
4 9423 9505 9540 9499 
4 9765 9648 9582 9702 
4 10103 10079 10106 10124 
4 2502 2094 1882 2190 
4 4269 4007 4369 4623 
4 5058 5303 5506 5341 
4 7173 7009 7452 7331 
4 7612 7469 7537 7715 
4 7955 8059 7965 7834 
4 8595 8711 8905 8835 
4 8782 8921 9113 9022 
4 9191 9063 9346 9260 
4 9501 9397 9641 9576 
4 10094 10041 10104 10139 
4 1364 1265 1687 1725 
4 4236 4359 4220 3996 
4 5217 5383 5261 5084 
4 6010 6190 5727 5880 
4 5785 5954 5988 5836 
4 6792 6660 6802 6899 
4 6757 6874 7042 6826 
4 7789 7935 8197 8047 
4 8078 8160 8406 8303 
4 8171 8185 8295 8389 
4 8122 8196 8396 8232 
4 8364 8240 8351 8464 
4 8767 9012 9108 8914 
4 9337 9323 9485 9404 
4 9234 9389 9510 9349 
4 9617 9632 9517 9567 
4 4608 4788 5125 4952 
4 6378 6221 6515 6668 
4 6625 6800 6901 7087 
4 6579 6811 6900 7079 
4 8371 8241 8604 8491 
4 9352 9327 9495 9422 
4 5130 4799 4677 4849 
4 5248 5460 5297 5083 
4 5184 5291 5578 5351 
4 6006 6037 6386 6145 
4 5842 6072 6165 6351 
4 6685 6387 6534 6649 
4 6668 6515 6594 6748 
4 6917 6892 6612 6822 
4 7775 7937 7827 7657 
4 8467 8569 8497 8354 
4 592 307 308 781 
4 3371 3545 2972 3331 
4 5852 5881 5619 5732 
4 7113 7263 7394 7522 
4 7846 7714 7777 7912 
4 8051 8050 7967 7826 
4 7822 7968 8160 8078 
4 8610 8512 8577 8686 
4 9197 9014 8898 9081 
4 9501 9382 9314 9223 
4 9884 9805 9871 9961 
4 10063 10008 9928 9996 
4 5947 5799 5945 6023 
4 5918 5919 6230 6080 
4 5970 6089 6274 6029 
4 5963 6101 6268 6032 
4 6934 6938 6624 6791 
4 7115 6891 7089 7186 
4 7057 7058 7194 7299 
4 7705 7568 7813 7961 
4 7773 7964 7847 7685 
4 7559 7718 7811 7949 
4 7956 7965 8059 8172 
4 8516 8389 8510 8578 
4 8502 8511 8581 8715 
4 8634 8676 8858 8741 
4 8685 8819 8882 9006 
4 8883 8910 9096 9009 
4 9065 9080 8930 8989 
4 9435 9329 9279 9243 
4 9357 9353 9498 9397 
4 9543 9564 9714 9611 
4 9643 9579 9607 9698 
4 9540 9704 9757 9628 
4 2912 2471 2234 2598 
4 6445 6516 6800 6625 
4 7012 7161 7077 6885 
4 7142 7308 7386 7239 
4 7948 7913 8189 8063 
4 7788 7926 8100 8040 
4 8032 7946 8023 8185 
4 8473 8613 8515 8394 
4 9053 9193 9352 9240 
4 10026 9973 9942 9962 
4 5851 5872 5620 5720 
4 6311 6345 6090 6196 
4 7087 6879 6799 6625 
4 6779 6915 6845 6635 
4 7020 7292 7503 7238 
4 7855 7740 7486 7619 
4 8082 8006 7937 7775 
4 8790 8927 9112 8959 
4 9087 8967 9059 9150 
4 9576 9641 9677 9759 
4 9849 9919 9819 9741 
4 4259 4128 3962 3758 
4 5786 5373 5538 5785 
4 5576 5799 5647 5416 
4 5561 5711 6030 5968 
4 6828 6687 6651 6972 
4 6680 6773 7054 6959 
4 7451 7299 7568 7705 
4 7147 7354 7431 7603 
4 7410 7622 7818 7742 
4 7695 7679 7968 7822 
4 7793 7969 8158 8004 
4 8123 8300 8204 8006 
4 8448 8513 8717 8555 
4 8530 8531 8736 8630 
4 9182 9090 9154 9239 
4 9355 9261 9314 9414 
4 9225 9262 9431 9308 
4 9448 9332 9413 9503 
4 9917 9847 9739 9810 
4 10111 10076 10109 10135 
4 1178 867 782 592 
4 6647 6650 6786 6939 
4 7200 7342 7032 6897 
4 7470 7280 7564 7725 
4 7170 7363 7619 7486 
4 7904 8086 8307 8132 
4 8264 8265 8090 8152 
4 8724 8631 8405 8517 
4 8473 8610 8686 8819 
4 2191 2400 2309 2021 
4 6118 5867 5963 6032 
4 7169 7190 7505 7276 
4 7035 7219 7491 7358 
4 7682 7544 7768 7808 
4 8186 8053 8278 8384 
4 8206 8305 8492 8413 
4 8740 8676 8634 8533 
4 8601 8573 8838 8709 
4 8852 8754 8889 9043 
4 8968 9079 9153 9249 
4 9136 9217 9344 9259 
4 9241 9340 9511 9392 
4 9458 9551 9520 9436 
4 9569 9542 9692 9614 
4 9806 9737 9789 9880 
4 4111 4461 4290 3790 
4 6687 6293 6567 6651 
4 7174 7330 6901 7059 
4 9271 9147 9424 9353 
4 9103 9200 9343 9277 
4 9233 9347 9438 9415 
4 10025 9992 10061 10088 
4 2010 1905 2162 2435 
4 2721 2435 2829 3135 
4 3224 3437 3879 3637 
4 4443 4609 4951 4788 
4 4663 4796 5002 4677 
4 4686 4917 5333 5071 
4 5849 5870 5624 5717 
4 6037 6006 5681 5928 
4 6534 6687 6828 6649 
4 6837 6704 6986 7124 
4 6649 6828 7141 6999 
4 7240 7020 6854 6963 
4 7223 7057 7299 7451 
4 7326 7483 7091 7222 
4 7462 7300 7425 7595 
4 7335 7371 7504 7455 
4 7595 7425 7544 7682 
4 7851 7974 8206 8075 
4 8492 8491 8737 8568 
4 8661 8813 8686 8577 
4 8760 8799 8702 8656 
4 8985 8870 8972 9126 
4 8977 9014 9197 9098 
4 10135 10109 10125 10156 
4 2457 2410 2894 2658 
4 5221 5471 5314 5082 
4 6036 6005 6364 6158 
4 6467 6142 6402 6681 
4 6423 6563 6712 6497 
4 7238 6991 6854 7020 
4 7043 7047 7388 7181 
4 7485 7378 7176 7475 
4 8361 8523 8250 8162 
4 8252 8386 8472 8609 
4 8498 8515 8613 8719 
4 8530 8630 8662 8576 
4 8661 8732 8901 8765 
4 9093 9092 9266 9187 
4 9198 9273 9427 9362 
4 9230 9356 9508 9426 
4 9418 9394 9586 9489 
4 9491 9425 9488 9563 
4 9559 9627 9590 9519 
4 10148 10133 10171 10180 
4 642 945 638 530 
4 7428 7623 7858 7737 
4 8839 8773 8680 8559 
4 8675 8816 8879 9001 
4 9636 9549 9615 9675 
4 4908 5044 4923 4747 
4 5571 5545 5907 5696 
4 6526 6234 6088 6382 
4 6633 6456 6575 6739 
4 6935 6819 6626 6457 
4 7073 6939 7077 7218 
4 7483 7306 7236 7091 
4 7425 7288 7465 7544 
4 8054 8018 7792 7941 
4 8029 8043 8298 8154 
4 8824 8659 8991 8898 
4 8693 8694 8789 8893 
4 9183 9069 9181 9270 
4 9263 9270 9355 9425 
4 9138 9277 9411 9304 
4 9822 9740 9848 9920 
4 10145 10150 10102 10126 
4 4786 4491 4669 4863 
4 4396 4798 4893 4551 
4 4335 4661 4971 4692 
4 5142 4689 4879 5025 
4 5083 5297 5044 4908 
4 5628 5348 5180 5304 
4 5543 5568 5302 5408 
4 5514 5623 5930 5669 
4 6570 6685 6861 6594 
4 6715 6736 6966 6841 
4 7428 7467 7241 7347 
4 7568 7454 7733 7813 
4 7359 7478 7719 7607 
4 7834 7965 7733 7607 
4 8006 8204 8051 7937 
4 8179 8244 8442 8180 
4 8578 8510 8561 8694 
4 8616 8725 8914 8823 
4 9006 8882 9004 9069 
4 9043 8889 9073 9210 
4 9163 9185 9039 9095 
4 9167 9049 9221 9368 
4 9226 9278 9432 9309 
4 9334 9302 9381 9452 
4 9529 9492 9415 9438 
4 9490 9489 9647 9550 
4 9685 9630 9547 9684 
4 9747 9732 9859 9786 
4 9944 9997 9919 9849 
4 10180 10171 10182 10189 
4 5025 5318 5373 5200 
4 5577 5766 5590 5417 
4 6390 6281 6153 5975 
4 6465 6511 6157 6366 
4 8180 8071 7917 8179 
4 9762 9693 9809 9868 
4 5401 5059 5344 5664 
4 6283 6530 6611 6829 
4 6581 6672 6933 6728 
4 6819 6935 7206 7106 
4 7074 7356 7493 7240 
4 7626 7283 7438 7540 
4 7742 7661 7601 7410 
4 7963 7734 7565 7774 
4 8043 8029 7814 7963 
4 8139 8163 7976 8048 
4 8323 8428 8320 8214 
4 8563 8588 8417 8481 
4 8408 8528 8701 8629 
4 8932 8770 8664 8738 
4 8928 8929 9110 9028 
4 9264 9275 9349 9419 
4 9582 9507 9383 9536 
4 9455 9482 9638 9530 
4 4794 4667 4610 4313 
4 4301 4451 4658 4336 
4 5027 5210 4802 4885 
4 4702 4998 5167 5001 
4 5742 5893 5637 5364 
4 5749 5563 5819 5973 
4 5870 5849 6217 6004 
4 6531 6245 5979 6284 
4 6334 6184 6409 6458 
4 6803 6576 6379 6528 
4 7273 7377 7599 7404 
4 7603 7431 7714 7846 
4 7808 7768 7882 7907 
4 8207 7979 7786 8028 
4 7840 8065 7957 7854 
4 8766 8913 9104 9011 
4 9188 9059 8967 9030 
4 9451 9322 9387 9474 
4 9560 9559 9519 9386 
4 9914 9916 9941 9994 
4 10115 10100 10146 10137 
4 5129 4842 4667 4794 
4 6424 6268 6154 6423 
4 7017 7210 6740 6938 
4 7456 7481 7608 7711 
4 8819 8686 8813 8882 
4 9583 9584 9620 9695 
4 9871 9752 9694 9804 
4 296 297 461 786 
4 4559 4516 4918 4711 
4 5528 5728 6106 5861 
4 6094 5786 5785 5836 
4 5987 5865 6126 6277 
4 7784 7820 8049 7899 
4 7807 7961 8053 8186 
4 8018 8054 8252 8377 
4 8384 8278 8358 8521 
4 8615 8579 8836 8721 
4 8953 9129 8939 8763 
4 9175 9150 9360 9256 
4 9572 9550 9700 9619 
4 9814 9730 9669 9705 
4 9790 9865 9894 9957 
4 10093 10091 10038 10066 
4 10076 10057 10085 10109 
4 10170 10169 10184 10181 
4 1801 2110 2364 2017 
4 7593 7595 7682 7831 
4 7664 7884 8086 7904 
4 8494 8493 8711 8595 
4 9336 9247 9321 9402 
4 9311 9429 9557 9506 
4 9850 9898 9858 9879 
4 10055 10092 10013 9975 
4 4256 4257 4415 4579 
4 4462 4264 4618 4810 
4 5265 5033 4900 4711 
4 5136 5338 5656 5479 
4 6912 6861 6999 7029 
4 7099 6889 7026 7165 
4 7126 6907 7112 7258 
4 7046 6912 7029 7204 
4 7507 7304 7496 7570 
4 7738 7621 7376 7503 
4 8355 8376 8137 8276 
4 8324 8149 8335 8392 
4 8292 8488 8393 8293 
4 8503 8583 8523 8361 
4 8707 8729 8469 8622 
4 8860 8994 8672 8843 
4 9080 9065 9272 9218 
4 9425 9355 9414 9488 
4 9426 9508 9600 9467 
4 9638 9619 9739 9664 
4 9741 9819 9711 9625 
4 9868 9809 9844 9916 
4 9991 9928 10008 10058 
4 1264 1081 1307 1686 
4 4170 4191 4559 4339 
4 4962 5034 5331 5157 
4 6387 5988 6155 6534 
4 6627 6628 6962 6771 
4 7330 7160 7087 6901 
4 6782 6990 7129 6910 
4 7617 7386 7308 7421 
4 7826 7967 7699 7558 
4 8446 8631 8807 8732 
4 9270 9181 9261 9355 
4 9963 9856 9805 9884 
4 6129 6332 6457 6626 
4 6986 6987 7113 7262 
4 7019 7339 7393 7202 
4 7600 7716 7947 7853 
4 8189 8004 8372 8270 
4 9315 9386 9372 9290 
4 9649 9547 9392 9511 
4 9668 9742 9715 9653 
4 1301 1589 1371 1073 
4 5352 5595 5877 5725 
4 5538 5816 5954 5785 
4 5670 5921 6232 6084 
4 6458 6409 6704 6837 
4 6786 6581 6728 6885 
4 6497 6712 6848 6598 
4 8386 8252 8054 8173 
4 8340 8503 8361 8300 
4 8477 8429 8623 8745 
4 8815 8677 8783 8876 
4 8557 8735 8897 8767 
4 8835 8905 9088 9026 
4 9069 9004 9062 9181 
4 9055 9198 9362 9278 
4 9305 9412 9368 9221 
4 9670 9750 9720 9627 
4 9676 9759 9791 9865 
4 9990 9939 9904 9981 
4 9977 10023 10050 10086 
4 10133 10135 10156 10171 
4 2366 2832 3140 2633 
4 5733 5699 5415 5629 
4 5496 5653 5959 5783 
4 6379 6525 6173 5977 
4 5993 6258 6348 6553 
4 7445 7446 7744 7584 
4 7679 7695 7501 7583 
4 7669 7831 7910 8056 
4 8593 8528 8308 8413 
4 8706 8705 8541 8638 
4 8677 8709 8931 8783 
4 8816 8712 8800 8879 
4 9587 9454 9442 9399 
4 9644 9537 9461 9513 
4 9693 9698 9763 9809 
4 10125 10084 10112 10154 
4 10046 10087 10101 10127 
4 10168 10148 10180 10192 
4 4018 4334 4535 4262 
4 4950 4840 4684 4494 
4 6333 6307 6092 6235 
4 7140 7268 7511 7313 
4 7684 7724 7433 7611 
4 7791 7978 8208 8017 
4 9735 9806 9880 9828 
4 9957 9894 9940 9995 
4 1225 879 593 786 
4 5371 5470 5009 5247 
4 5034 5180 5497 5331 
4 5817 5633 5864 6096 
4 5976 6091 6332 6129 
4 6962 6628 6477 6733 
4 7454 7568 7299 7194 
4 7477 7295 7716 7600 
4 8085 7974 7737 7858 
4 8435 8326 8433 8462 
4 8464 8351 8597 8742 
4 8736 8531 8398 8617 
4 8445 8629 8806 8659 
4 9201 9112 8927 9027 
4 8881 9006 9069 9183 
4 9254 9255 9115 9171 
4 9348 9263 9425 9491 
4 9525 9440 9475 9552 
4 9549 9492 9599 9615 
4 9695 9620 9737 9806 
4 9751 9752 9871 9805 
4 10018 10017 9979 9987 
4 2769 2927 3171 2842 
4 2985 3346 3552 3190 
4 3992 4061 3657 3869 
4 5436 5661 5816 5538 
4 5783 5959 6265 6095 
4 6449 6585 6727 6617 
4 7104 6803 6669 6903 
4 7281 7504 7371 7161 
4 7433 7498 7172 7374 
4 7189 7235 7500 7368 
4 7455 7608 7481 7335 
4 8034 8063 8297 8120 
4 8411 8340 8300 8123 
4 8141 8412 8529 8254 
4 8526 8626 8828 8735 
4 8648 8650 8744 8797 
4 8882 8813 8871 9004 
4 9007 8909 9000 9070 
4 9341 9342 9206 9252 
4 9713 9602 9548 9518 
4 10086 10050 10076 10111 
4 10008 10063 10115 10072 
4 1019 784 593 879 
4 3820 3571 3545 3371 
4 4873 4786 4863 5121 
4 5860 5784 5659 5936 
4 7029 6999 7141 7154 
4 7348 7281 7161 7012 
4 7203 7070 7199 7301 
4 7550 7691 7640 7520 
4 7770 7934 7871 7700 
4 8227 8116 7975 8081 
4 8451 8566 8503 8340 
4 9180 9152 9337 9229 
4 9354 9423 9267 9280 
4 9838 9856 9963 9904 
4 1016 787 446 1221 
4 6234 5925 5773 6088 
4 6243 6536 6289 5985 
4 6608 6663 6301 6511 
4 6874 6757 6958 7105 
4 6747 6851 7114 7263 
4 7910 7808 7907 8021 
4 8199 7981 7814 8029 
4 8053 7956 8172 8278 
4 8305 8206 7974 8085 
4 8138 8273 8217 8097 
4 8973 8986 8841 8892 
4 8800 8952 9047 8879 
4 9257 9256 9418 9325 
4 9488 9414 9466 9579 
4 9974 9984 9915 9947 
4 10121 10152 10139 10104 
4 10122 10137 10170 10143 
4 443 293 294 784 
4 593 784 294 295 
4 3910 3623 4007 4269 
4 5474 5620 5872 5772 
4 7206 7018 7447 7325 
4 7260 7129 7065 7201 
4 7093 7103 7232 7367 
4 7755 7864 7570 7496 
4 8079 7896 8009 8211 
4 8056 7910 8021 8140 
4 8162 8250 8192 8050 
4 8508 8509 8312 8375 
4 9081 9048 9138 9242 
4 9592 9472 9622 9712 
4 9696 9640 9669 9738 
4 9606 9645 9749 9672 
4 9845 9867 9766 9808 
4 9865 9791 9843 9894 
4 9901 9846 9892 9934 
4 5630 5355 5051 5310 
4 4880 5140 5343 5169 
4 8187 8077 7958 7844 
4 8028 8042 8153 8258 
4 9514 9458 9436 9310 
4 9494 9493 9663 9599 
4 9505 9648 9704 9540 
4 9612 9699 9778 9718 
4 10026 10015 10051 10087 
4 10174 10181 10198 10188 
4 1438 1437 1039 1276 
4 1437 1438 1883 1653 
4 4537 4801 5000 4688 
4 5304 5180 5034 4842 
4 4798 4962 5157 4893 
4 5850 6035 5515 5718 
4 5800 5652 5873 6114 
4 5998 6175 6471 6406 
4 6554 6424 6423 6497 
4 6826 6467 6681 6757 
4 6391 6535 6860 6718 
4 6721 6913 6833 6622 
4 7239 7038 6763 7000 
4 6946 7104 7373 7237 
4 7549 7697 7326 7448 
4 7829 7745 7499 7591 
4 7861 7626 7540 7664 
4 7812 7845 7569 7724 
4 8199 8081 7975 7981 
4 8247 8269 8088 8155 
4 8566 8733 8583 8503 
4 8902 8834 8568 8737 
4 8681 8834 9032 8921 
4 9219 9350 9254 9220 
4 9408 9497 9409 9324 
4 9864 9815 9703 9758 
4 5121 4863 5007 5298 
4 7336 7457 7315 7382 
4 8381 8241 8017 8208 
4 9388 9487 9549 9636 
4 4313 4610 4447 4128 
4 4392 4570 4985 4737 
4 4767 4968 5168 4879 
4 5888 5887 5570 5779 
4 5968 6030 6254 6098 
4 6298 6442 6585 6449 
4 7186 7321 7112 7115 
4 7217 7213 7506 7291 
4 7712 7654 7404 7599 
4 7362 7528 7651 7438 
4 7799 7926 7760 7639 
4 7621 7738 7883 7659 
4 7675 7853 8038 7966 
4 8122 8253 8142 8007 
4 8218 8219 8319 8430 
4 8474 8514 8264 8391 
4 8795 8933 8706 8649 
4 8718 8719 8821 8911 
4 8956 9120 8980 8886 
4 9205 9052 8956 9033 
4 9164 9131 9162 9244 
4 9058 9196 9303 9219 
4 9412 9483 9339 9368 
4 9590 9660 9503 9413 
4 9813 9727 9604 9685 
4 9837 9902 9729 9798 
4 9993 9958 9979 10015 
4 470 854 928 799 
4 2016 2320 2563 2188 
4 6241 5975 5924 5929 
4 7279 7372 7605 7408 
4 8392 8382 8279 8324 
4 9017 8931 8709 8838 
4 8875 8899 8739 8808 
4 8934 8995 9123 9034 
4 9331 9244 9335 9440 
4 9459 9575 9307 9420 
4 9651 9533 9458 9514 
4 9618 9694 9752 9689 
4 9975 10013 10003 9932 
4 10068 10056 10039 10016 
4 7438 7651 7769 7540 
4 8627 8759 8855 8671 
4 9430 9328 9281 9282 
4 10073 10123 10157 10105 
4 7749 7536 7276 7505 
4 7657 7743 7950 7775 
4 8030 8044 7860 7930 
4 8093 8138 8097 7933 
4 8283 8208 7978 8083 
4 9218 9272 9381 9302 
4 9574 9457 9308 9431 
4 9566 9567 9410 9481 
4 9952 9951 9837 9927 
4 1020 595 787 1016 
4 2982 3358 3727 3426 
4 5627 5341 5506 5784 
4 6036 5930 5623 5772 
4 5776 5688 6083 5844 
4 6563 6410 6246 6498 
4 6307 6333 6684 6477 
4 7094 7074 6745 6968 
4 6713 6830 7000 6763 
4 6576 6803 7104 6946 
4 6840 6967 7121 6904 
4 7379 7108 6964 7169 
4 6988 7131 7268 7140 
4 7038 7239 7386 7176 
4 7135 7238 7503 7376 
4 7696 7623 7325 7447 
4 7713 7706 7608 7455 
4 7707 7575 7672 7806 
4 7691 7799 7639 7640 
4 7857 7654 7771 7905 
4 7897 7865 8096 8094 
4 7921 8148 8333 8114 
4 8282 8404 8550 8379 
4 8913 8766 8678 8556 
4 8785 8810 8563 8742 
4 8768 8864 8845 8705 
4 8793 8928 8969 8917 
4 9018 9082 8992 9042 
4 9262 9225 9059 9188 
4 9358 9237 9481 9410 
4 9754 9818 9609 9706 
4 9847 9812 9664 9739 
4 9920 9832 9723 9822 
4 9902 9835 9817 9729 
4 9842 9906 9818 9754 
4 10088 10061 10077 10099 
4 10183 10160 10121 10157 
4 636 644 1067 848 
4 6024 6249 6415 6272 
4 8479 8628 8857 8760 
4 8951 8857 8671 8866 
4 9586 9457 9650 9621 
4 9900 9870 9730 9814 
4 10056 10055 9975 10039 
4 5166 5340 5505 5226 
4 5136 5479 5622 5317 
4 6821 6611 6530 6488 
4 6598 6848 6982 6765 
4 7243 6917 6771 7014 
4 7031 7055 6820 6920 
4 7213 7217 6934 7086 
4 7342 7200 7335 7481 
4 7275 7514 7579 7757 
4 7976 7898 7797 7667 
4 8372 8238 8603 8493 
4 9158 9194 9036 9099 
4 9409 9316 9238 9148 
4 9266 9186 9226 9326 
4 9519 9590 9413 9444 
4 9715 9652 9515 9593 
4 9544 9585 9679 9645 
4 461 297 298 785 
4 922 1510 1251 1044 
4 1157 1584 1883 1438 
4 3889 3508 3256 3668 
4 4001 4286 4637 4370 
4 4819 4645 4335 4692 
4 5300 4960 4680 5019 
4 5212 5247 4916 5069 
4 5069 5040 5425 5212 
4 5634 5576 5416 5471 
4 6248 5678 5865 5987 
4 6529 6388 6019 6237 
4 6282 6522 6815 6669 
4 6808 6647 6939 7073 
4 6800 6755 7059 6901 
4 6892 6917 7243 7051 
4 6864 6960 7241 7003 
4 7298 7327 7110 7193 
4 7154 7141 7269 7288 
4 7507 7627 7321 7186 
4 7288 7269 7401 7465 
4 7588 7408 7841 7743 
4 7308 7531 7650 7421 
4 7721 7545 7667 7797 
4 7545 7574 7828 7667 
4 7916 7804 7942 8089 
4 8609 8471 8377 8252 
4 8365 8346 8594 8482 
4 8554 8720 8352 8514 
4 8381 8356 8601 8459 
4 8831 8830 8745 8623 
4 8617 8824 8926 8736 
4 8981 9121 8768 8933 
4 8979 9025 8786 8919 
4 9132 8981 8933 8795 
4 9115 9057 8973 8865 
4 9020 8917 8969 9101 
4 8832 8922 9045 8949 
4 9015 9105 9217 9136 
4 9652 9588 9398 9515 
4 9496 9421 9461 9573 
4 9428 9581 9649 9511 
4 9734 9800 9750 9670 
4 8315 8483 8639 8423 
4 8738 8664 8566 8451 
4 8612 8713 8609 8472 
4 9289 9332 9177 9208 
4 9386 9519 9444 9372 
4 9467 9612 9662 9562 
4 10033 10012 9986 9965 
4 592 782 306 307 
4 477 595 1020 783 
4 2831 3141 3358 2982 
4 4953 4668 4315 4632 
4 4955 4637 4321 4675 
4 5159 4982 5324 5489 
4 5035 5393 5641 5243 
4 6091 5976 5843 5669 
4 6253 6023 6186 6408 
4 6633 6779 6635 6551 
4 7624 7403 7144 7381 
4 7116 7244 7530 7401 
4 7348 7482 7721 7622 
4 7455 7504 7601 7713 
4 7735 7641 7666 7778 
4 7540 7769 7884 7664 
4 8444 8624 8537 8400 
4 8567 8592 8421 8490 
4 8649 8706 8638 8495 
4 8575 8730 8837 8714 
4 9121 8960 8864 8768 
4 9588 9468 9437 9398 
4 3852 3592 3200 3472 
4 4711 4900 4339 4559 
4 5336 5164 5163 5232 
4 6626 6431 6304 6129 
4 6098 6254 6293 6155 
4 6272 6415 6442 6298 
4 7237 7373 7583 7501 
4 8048 7976 7667 7828 
4 7934 7933 7755 7871 
4 8607 8608 8549 8424 
4 8412 8530 8576 8529 
4 8996 8995 8934 8936 
4 9017 9016 9119 9092 
4 9144 9289 9208 9091 
4 9563 9488 9579 9643 
4 9469 9512 9629 9585 
4 9580 9646 9747 9701 
4 9648 9765 9795 9704 
4 10137 10122 10072 10115 
4 4916 4841 4490 4754 
4 4574 4526 4898 4716 
4 5925 5621 5470 5773 
4 5771 5514 5669 5843 
4 5707 5962 6267 6026 
4 6246 6399 6700 6498 
4 6577 6832 7118 6964 
4 7378 7121 7038 7176 
4 7144 7364 7247 7088 
4 7395 7258 7319 7520 
4 8232 8359 8253 8122 
4 8464 8481 8311 8364 
4 8428 8426 8319 8320 
4 8722 8556 8449 8534 
4 8886 8980 8924 8794 
4 9060 9144 9091 8961 
4 9208 9177 8981 9132 
4 9324 9409 9148 9255 
4 9581 9455 9530 9618 
4 9709 9668 9653 9533 
4 10091 10044 10033 10038 
4 4307 4098 3776 4149 
4 5212 5425 5732 5619 
4 6770 6722 6589 6431 
4 6380 6480 6773 6680 
4 6447 6624 6938 6740 
4 7026 7260 7382 7165 
4 7192 7171 7450 7277 
4 7570 7748 7627 7507 
4 7562 7604 7717 7817 
4 8083 7978 7740 7855 
4 7868 7747 7865 7897 
4 8098 7897 8094 8214 
4 8430 8478 8647 8542 
4 8576 8723 8632 8529 
4 8830 8796 8744 8745 
4 9317 9470 9408 9450 
4 9824 9823 9755 9690 
4 9999 9930 9832 9920 
4 10139 10138 10118 10094 
4 5928 5625 5391 5776 
4 8141 8022 8309 8412 
4 9118 9060 8961 8940 
4 9578 9513 9309 9432 
4 9484 9560 9386 9315 
4 9705 9669 9640 9537 
4 9960 9918 9812 9847 
4 10181 10174 10143 10170 
4 2187 2401 2647 2291 
4 3974 4265 4656 4373 
4 5623 5514 5467 5179 
4 5211 5246 5629 5415 
4 6183 6091 5669 5930 
4 6148 6383 6035 5850 
4 5789 6116 6262 5938 
4 6083 6017 6209 6372 
4 6301 6329 6020 6180 
4 6447 6640 6148 6345 
4 6197 6347 6537 6397 
4 7221 7014 6771 6962 
4 6642 6858 6990 6782 
4 6770 6819 7106 6960 
4 7377 7273 7156 7003 
4 7681 7703 7506 7586 
4 7706 7804 7711 7608 
4 7859 8084 8205 7980 
4 8137 8155 7983 8044 
4 8273 8272 8096 8217 
4 8148 8414 8536 8333 
4 8941 8848 8863 8963 
4 8780 8930 9080 8976 
4 9340 9241 9098 9197 
4 9283 9319 9399 9366 
4 9819 9740 9624 9711 
4 9948 9932 9897 9835 
4 10032 10031 9997 9944 
4 10089 10063 9996 10028 
4 10197 10186 10160 10183 
4 4961 4613 4389 4797 
4 4755 4579 4786 4873 
4 5126 5299 5620 5474 
4 6623 6622 6390 6532 
4 6154 6410 6563 6423 
4 6961 6722 6864 7067 
4 7467 7377 7003 7241 
4 7156 7366 7209 7067 
4 7897 8098 7989 7868 
4 8655 8442 8244 8487 
4 8231 8476 8641 8401 
4 9030 8967 8876 8783 
4 9203 9202 8979 9107 
4 9474 9553 9661 9598 
4 9719 9714 9564 9656 
4 10031 10065 9943 9997 
4 594 299 300 596 
4 935 1464 1285 1062 
4 2414 2471 2912 2679 
4 2566 2727 2970 2631 
4 4725 4999 5170 4926 
4 4952 5125 5468 5299 
4 5226 5505 5660 5376 
4 7378 7231 6904 7121 
4 7218 7077 7161 7371 
4 7366 7156 7273 7502 
4 8099 8092 7770 7984 
4 9238 9248 9114 9166 
4 9898 9927 9784 9858 
4 4306 4468 4661 4335 
4 4677 5002 5059 4849 
4 5298 5007 5179 5467 
4 5398 5648 5967 5815 
4 6116 6197 6397 6262 
4 6304 6491 6349 6207 
4 6628 6627 6388 6529 
4 6890 6768 7130 7253 
4 6791 6790 7086 6934 
4 8106 8165 8327 8222 
4 8420 8496 8432 8272 
4 8682 8708 8466 8599 
4 8745 8744 8650 8477 
4 8630 8779 8929 8662 
4 9093 9030 8783 8931 
4 9634 9706 9560 9484 
4 9818 9734 9670 9609 
4 9684 9751 9813 9685 
4 9718 9743 9714 9719 
4 9946 9886 9836 9870 
4 10043 10064 9970 10019 
4 10075 10101 10087 10051 
4 461 1017 1225 786 
4 1198 1657 1845 1430 
4 4787 4886 5237 5127 
4 5477 5349 5221 5008 
4 5941 5635 5390 5681 
4 5349 5477 5718 5515 
4 5388 5580 5704 5879 
4 5946 6087 5893 5742 
4 6372 6208 5844 6083 
4 5668 6020 6241 5929 
4 6712 6563 6498 6642 
4 6963 6710 6560 6745 
4 6722 6961 6783 6589 
4 6814 6679 6783 6902 
4 6865 7177 7381 7090 
4 6971 7107 7270 7142 
4 7456 7594 7330 7174 
4 7680 7584 7856 7921 
4 7817 7717 7981 7975 
4 7864 7755 7933 8097 
4 7966 8038 8261 8203 
4 8310 8390 8611 8535 
4 8478 8562 8750 8647 
4 8664 8794 8733 8566 
4 9049 9167 9129 8953 
4 9273 9198 9011 9104 
4 9407 9315 9290 9168 
4 9520 9435 9243 9370 
4 9395 9420 9292 9371 
4 9242 9428 9511 9340 
4 9543 9556 9434 9477 
4 9727 9838 9909 9811 
4 9988 10005 9936 9980 
4 10065 10007 9999 9943 
4 6982 6848 6782 6910 
4 7932 7794 7555 7703 
4 8037 7982 7742 7818 
4 9228 9330 9288 9204 
4 9655 9535 9516 9468 
4 9755 9754 9706 9634 
4 4620 4291 4483 4619 
4 5471 5416 5248 5314 
4 5180 5348 5537 5497 
4 5514 5771 5618 5467 
4 6346 6150 5863 6096 
4 6529 6237 6092 6307 
4 6311 6476 6791 6624 
4 6519 6527 6679 6814 
4 6674 6675 6952 6801 
4 6916 6740 7210 7049 
4 7011 7149 7068 6876 
4 6745 7074 7240 6963 
4 7367 7232 7286 7473 
4 7320 7522 7639 7760 
4 7571 7751 7999 7882 
4 8037 7898 8020 8136 
4 8129 8296 7906 8069 
4 8024 8203 8365 8243 
4 8748 8658 8624 8444 
4 8770 8886 8794 8664 
4 9067 9085 8938 8994 
4 9128 9118 8940 9037 
4 9005 9029 9102 9195 
4 9258 9221 9049 9176 
4 9434 9310 9228 9285 
4 794 1044 670 591 
4 2839 2750 2986 3364 
4 3554 3741 4103 3801 
4 4289 4475 4662 4305 
4 5708 5933 5638 5483 
4 5717 5694 6073 5849 
4 5900 6017 5920 5705 
4 6207 6349 6209 6064 
4 6095 6265 6559 6324 
4 6544 6277 6428 6543 
4 6589 6783 6679 6491 
4 7107 6836 6592 6909 
4 6781 6661 6742 6943 
4 7049 7050 6821 6916 
4 7128 6914 7048 7187 
4 7067 7209 7023 6961 
4 7403 7630 7364 7144 
4 7497 7550 7520 7319 
4 7715 7537 7844 7958 
4 7581 7582 7694 7801 
4 7944 7942 7804 7706 
4 7680 7921 8114 7824 
4 8080 7977 8022 8141 
4 8136 8150 7982 8037 
4 8415 8234 8005 8205 
4 8040 8218 8263 8151 
4 8167 8211 8316 8422 
4 8571 8599 8353 8499 
4 8624 8623 8429 8537 
4 8703 8704 8539 8596 
4 8990 8953 8763 8896 
4 8665 8803 8870 8985 
4 8864 8960 9086 8996 
4 9285 9228 9204 9052 
4 9308 9394 9360 9225 
4 9609 9670 9627 9559 
4 9967 9952 9927 9898 
4 1302 1447 1842 1524 
4 2323 2013 2385 2742 
4 3545 3571 3921 3713 
4 5259 5298 5467 5618 
4 5392 5787 5958 5654 
4 6968 6686 6525 6813 
4 7172 7193 6965 7055 
4 7661 7837 7713 7601 
4 7806 7672 7833 7936 
4 8407 8524 8258 8153 
4 8929 8928 8793 8662 
4 9031 8868 8669 8802 
4 8884 8915 8747 8822 
4 9246 9142 8959 9112 
4 8866 9023 9137 9018 
4 9756 9694 9618 9530 
4 9822 9723 9602 9713 
4 9993 9962 9834 9913 
4 10090 10041 10031 10032 
4 594 596 477 783 
4 1290 1482 1944 1734 
4 4632 4315 3950 4298 
4 5424 5382 5080 5308 
4 5929 5924 5689 5537 
4 5371 5619 5881 5682 
4 6235 5941 5681 6006 
4 6238 5937 5707 6026 
4 6349 6527 6372 6209 
4 6491 6679 6527 6349 
4 7003 7156 7067 6864 
4 6910 7129 7260 7026 
4 7336 7414 7575 7457 
4 7977 8080 7778 7666 
4 8456 8588 8674 8803 
4 8945 8795 8649 8743 
4 9011 8958 8880 8766 
4 9094 9218 9302 9154 
4 9476 9475 9440 9335 
4 9696 9650 9457 9574 
4 9987 9979 9958 9886 
4 10017 10051 10015 9979 
4 5342 5478 5661 5436 
4 6412 6187 6054 6087 
4 8087 8009 7896 7780 
4 8007 8142 8060 7912 
4 8650 8648 8420 8538 
4 9179 9174 8972 9122 
4 2590 3030 3347 2916 
4 3893 3787 4229 3945 
4 4696 4797 4389 4556 
4 4312 4680 4960 4566 
4 5126 5007 4863 4669 
4 5246 5211 4857 5156 
4 5413 5391 5134 5244 
4 5900 5771 5843 6064 
4 6093 5860 5936 6021 
4 6064 6209 6017 5900 
4 6972 6651 6761 7116 
4 6725 6959 7192 7008 
4 7051 7361 7505 7190 
4 7332 7453 7635 7333 
4 7590 7422 7534 7676 
4 7804 7916 7843 7711 
4 8092 8210 7934 7770 
4 7972 7874 7901 8016 
4 7952 7916 8089 8064 
4 8248 8271 8045 8159 
4 8306 8202 8254 8345 
4 8117 8212 8416 8315 
4 8218 8430 8542 8263 
4 8496 8495 8323 8432 
4 8580 8618 8373 8518 
4 8648 8743 8496 8420 
4 8803 8665 8582 8456 
4 8427 8606 8749 8484 
4 9175 9113 8921 9032 
4 9028 9156 9280 9064 
4 9554 9512 9313 9401 
4 9515 9398 9364 9329 
4 9602 9690 9635 9548 
4 9730 9807 9738 9669 
4 9876 9816 9707 9774 
4 9804 9911 9961 9871 
4 1945 2083 1584 1874 
4 4552 4553 4906 4744 
4 4950 5127 5408 5302 
4 6121 6173 6418 6257 
4 6739 6575 6973 6866 
4 7404 7538 7502 7273 
4 8401 8400 8118 8313 
4 8505 8586 8798 8757 
4 8791 8822 8637 8720 
4 9027 8927 8721 8836 
4 8827 9020 9111 8923 
4 9816 9770 9655 9707 
4 5651 5393 5035 5323 
4 5932 5668 5348 5628 
4 7390 7168 7275 7422 
4 7703 7681 7803 7932 
4 8458 8575 8524 8407 
4 8734 8730 8575 8458 
4 8495 8496 8743 8649 
4 9129 9128 9037 8939 
4 9702 9811 9861 9765 
4 4170 4229 3787 4061 
4 4749 4550 4185 4406 
4 4353 4256 4579 4755 
4 6478 6517 6604 6785 
4 7115 7112 6907 6746 
4 6961 7023 6902 6783 
4 7569 7620 7298 7498 
4 7711 7843 7594 7456 
4 7918 7959 7687 7845 
4 7706 7713 7837 7944 
4 7933 7934 8210 8093 
4 8570 8596 8418 8520 
4 8606 8850 8946 8749 
4 9504 9432 9278 9362 
4 9412 9305 9589 9518 
4 9864 9807 9836 9895 
4 9965 9986 9891 9875 
4 10028 9996 9918 9960 
4 3030 3510 3752 3347 
4 5547 5606 5880 5727 
4 5543 5769 6050 5922 
4 6535 6240 6095 6324 
4 6887 7109 6829 6611 
4 7118 6832 6612 6892 
4 7108 6870 6823 6827 
4 7350 7479 7720 7625 
4 7748 7747 7497 7627 
4 7538 7857 7977 7666 
4 8091 7919 7753 7869 
4 7898 7976 8163 8020 
4 8313 8118 8092 8099 
4 8082 8178 8390 8310 
4 8132 8307 8551 8383 
4 8194 8398 8531 8309 
4 8531 8530 8412 8309 
4 8424 8425 8486 8607 
4 8556 8678 8612 8449 
4 9033 8956 8886 8770 
4 9339 9407 9168 9251 
4 9635 9634 9484 9568 
4 9758 9703 9621 9650 
4 9731 9746 9651 9681 
4 10013 10019 9945 10003 
4 10038 10033 9965 10001 
4 7291 7479 7017 7217 
4 8117 8315 8423 8229 
4 8792 8829 8571 8729 
4 9259 9344 9453 9317 
4 9678 9703 9815 9728 
4 477 302 303 595 
4 595 303 304 787 
4 787 304 305 446 
4 2794 3018 2914 2587 
4 3334 3528 3913 3625 
4 4796 4461 4273 4634 
4 4312 4613 4961 4680 
4 4896 4897 5308 5080 
4 6101 5775 5528 5861 
4 5628 5774 6034 5932 
4 6488 6530 6181 6383 
4 6730 6696 6840 6904 
4 7347 7241 6960 7106 
4 7055 7031 7374 7172 
4 7641 7735 7548 7418 
4 7989 7940 7799 7691 
4 8322 8318 8093 8210 
4 8271 8248 8518 8373 
4 8466 8490 8314 8370 
4 8422 8316 8341 8452 
4 8662 8793 8723 8576 
4 8978 9157 9282 9102 
4 9444 9413 9332 9289 
4 9546 9558 9443 9521 
4 9711 9624 9589 9454 
4 10118 10093 10066 10007 
4 3 301 596 300 
4 477 596 301 302 
4 1758 2336 2548 2101 
4 5478 5170 5169 5319 
4 6239 5931 5691 6002 
4 6257 5953 5812 6121 
4 6097 6238 6569 6428 
4 6491 6304 6431 6589 
4 6539 6388 6627 6822 
4 7086 6879 7357 7213 
4 6930 7040 7178 7065 
4 7186 7089 7304 7507 
4 7065 7178 7312 7201 
4 7322 7435 7578 7513 
4 7274 7501 7695 7565 
4 8205 8005 7776 7980 
4 7673 7846 7912 8060 
4 8207 8084 7859 7979 
4 8062 7906 8296 8175 
4 8069 8045 8271 8129 
4 8139 8113 8225 8274 
4 8481 8417 8125 8311 
4 8084 8257 8415 8205 
4 8353 8370 8209 8269 
4 8741 8574 8348 8536 
4 8709 8677 8459 8601 
4 8887 8925 8703 8846 
4 9280 9267 9141 9064 
4 9033 9114 9248 9205 
4 9496 9431 9262 9351 
4 9835 9897 9876 9817 
4 9997 9943 9848 9919 
4 10105 10104 10041 10090 
4 7661 7742 7982 7780 
4 7765 7879 7895 7787 
4 8045 8069 7862 7953 
4 7761 7876 8001 7886 
4 8223 8235 8443 8329 
4 8889 8754 8553 8781 
4 10087 10046 9973 10026 
4 3180 3521 3919 3576 
4 3644 3757 4022 3826 
4 4634 4273 4001 4370 
4 4869 4898 4526 4793 
4 4321 4651 4995 4675 
4 5134 5391 5625 5306 
4 6144 6300 6568 6233 
4 7309 7524 7643 7516 
4 8183 8012 7932 7803 
4 7896 8079 7944 7837 
4 8469 8499 8247 8376 
4 8265 8264 8514 8352 
4 8786 8811 8567 8708 
4 8678 8817 8713 8612 
4 8708 8682 8919 8786 
4 8873 8896 8748 8842 
4 9159 9199 8962 9109 
4 9265 9227 9051 9185 
4 298 299 594 785 
4 4446 4791 4995 4651 
4 5645 5961 6110 5809 
4 6018 6323 6557 6263 
4 7753 7919 8101 7867 
4 8221 8165 8106 7993 
4 8219 8218 8040 8100 
4 8863 8985 9126 9078 
4 9257 9200 9022 9113 
4 9468 9516 9319 9437 
4 9832 9922 9824 9723 
4 9881 9945 10019 9970 
4 795 1249 1041 463 
4 2587 2658 3097 2794 
4 4445 4176 3791 4091 
4 4315 4668 4981 4615 
4 4660 4832 4999 4725 
4 4690 4990 5337 5055 
4 5308 5079 5256 5424 
4 6035 5822 5794 5515 
4 5805 5572 5721 5874 
4 5353 5780 5926 5626 
4 6823 6941 6839 6695 
4 7129 6990 6930 7065 
4 7522 7320 7262 7113 
4 7419 7508 7177 7327 
4 7824 7823 7572 7750 
4 7519 7631 7880 7766 
4 7863 7887 8099 7984 
4 8511 8387 8501 8581 
4 8815 8737 8491 8604 
4 9070 9095 8937 9007 
4 9210 9073 9212 9250 
4 9174 9179 9301 9300 
4 9869 9814 9705 9761 
4 9746 9731 9858 9784 
4 9890 9936 10005 9954 
4 593 295 296 786 
4 1981 2019 1565 1802 
4 5067 5066 4792 4964 
4 6096 5864 6162 6346 
4 7905 8194 8309 8022 
4 9796 9788 9672 9749 
4 3633 3899 4122 3937 
4 4803 4976 5325 5053 
4 5621 5264 5009 5470 
4 5033 5265 5414 5587 
4 5328 5640 5802 5500 
4 6421 6266 6027 6420 
4 5822 6035 6383 6181 
4 6829 6575 6456 6283 
4 6428 6569 6719 6543 
4 7121 6967 6763 7038 
4 6611 6821 7050 6887 
4 7201 7312 7414 7336 
4 7351 7350 7625 7415 
4 7688 7830 7908 7800 
4 8320 8319 8219 8095 
4 8135 8314 8490 8421 
4 8877 8904 8670 8811 
4 9034 9003 8777 8946 
4 9094 9154 9090 9133 
4 9462 9416 9502 9541 
4 9968 9885 9931 9982 
4 9911 9991 10029 9961 
4 4292 4083 3813 4017 
4 4556 4389 3945 4229 
4 4385 4448 4566 4743 
4 6395 6531 6832 6577 
4 6452 6689 6746 6596 
4 6848 6712 6642 6782 
4 7446 7445 7242 7379 
4 8217 8096 7865 7987 
4 8416 8212 8008 8245 
4 7917 8116 8227 8179 
4 8400 8537 8322 8118 
4 9282 9281 9195 9102 
4 9367 9433 9528 9417 
4 9537 9640 9573 9461 
4 9906 9841 9734 9818 
4 9988 9987 9886 9946 
4 3430 3753 3938 3748 
4 4711 4918 5086 5265 
4 4680 4961 5306 5019 
4 6242 5981 5788 5939 
4 7107 6971 6613 6836 
4 7871 7755 7496 7630 
4 7681 7710 7952 7803 
4 8108 8107 7772 7992 
4 8033 8070 7795 7959 
4 8350 8373 8618 8447 
4 8435 8462 8652 8547 
4 8885 8919 8682 8829 
4 8658 8748 8896 8763 
4 9089 9146 9296 9212 
4 9784 9798 9709 9746 
4 3952 4277 4651 4321 
4 6389 6418 6686 6560 
4 6488 6640 6916 6821 
4 7830 8106 8222 7908 
4 8411 8535 8692 8636 
4 9596 9552 9623 9680 
4 9770 9816 9926 9873 
4 10045 10075 10051 10017 
4 3234 3514 3746 3385 
4 4398 3777 4106 4145 
4 4956 4791 4446 4611 
4 4822 4975 5340 5166 
4 5410 5411 5779 5570 
4 6132 6181 6530 6283 
4 5977 6231 6528 6379 
4 6406 6471 6615 6490 
4 7484 7361 7051 7243 
4 7701 7700 7403 7624 
4 7687 7746 7419 7620 
4 7953 7862 7625 7720 
4 7874 7972 7801 7694 
4 8174 8168 8064 8089 
4 8413 8308 8075 8206 
4 8638 8541 8426 8428 
4 8501 8540 8640 8602 
4 8925 8887 8971 9116 
4 8984 9077 9031 8890 
4 9055 9186 9119 8958 
4 9109 9071 9279 9159 
4 10103 10078 10070 10009 
4 2094 1671 1378 1882 
4 4432 4311 3944 4243 
4 5353 5635 5941 5780 
4 6536 6692 6994 6825 
4 7323 7188 7109 6887 
4 7291 7506 7703 7555 
4 8534 8449 8359 8232 
4 8472 8359 8449 8612 
4 8757 8798 8891 8814 
4 9083 9107 8885 9024 
4 8844 8925 9116 9035 
4 9309 9421 9326 9226 
4 9922 9875 9823 9824 
4 3642 3643 3198 3442 
4 3826 3825 3540 3712 
4 3231 3547 3741 3554 
4 4098 3739 3738 3776 
4 3945 4389 4613 4206 
4 5929 5537 5348 5668 
4 5705 5920 5587 5414 
4 6533 6323 6018 6239 
4 7803 7952 8064 8183 
4 8033 8209 8370 8314 
4 8985 8863 8848 8665 
4 9165 9162 9131 8963 
4 8865 8993 9171 9115 
4 9235 9283 9061 9199 
4 4151 4192 4587 4331 
4 5326 4981 4668 5133 
4 6283 6456 6411 6132 
4 6938 6934 7217 7017 
4 8705 8845 8562 8541 
4 8746 8582 8665 8848 
4 9433 9284 9143 9320 
4 9329 9364 9159 9279 
4 9449 9527 9598 9473 
4 3461 3205 3869 3657 
4 4956 4611 4367 4722 
4 4716 4754 4432 4574 
4 4953 4632 4481 4790 
4 4827 4552 4744 4897 
4 5622 5375 5036 5317 
4 5629 5246 5080 5382 
4 6064 5843 5976 6207 
4 6425 6176 5845 6124 
4 7090 7088 6721 6970 
4 7684 7860 8044 7983 
4 8168 8174 8286 8387 
4 8511 8502 8397 8256 
4 8696 8695 8463 8639 
4 8499 8469 8729 8571 
4 8514 8474 8643 8554 
4 8618 8580 8820 8727 
4 8846 8673 8769 8887 
4 9041 9000 8909 8774 
4 8907 8817 8880 9016 
4 8850 8934 9034 8946 
4 9157 9361 9430 9282 
4 9417 9416 9321 9379 
4 4549 4162 4398 4513 
4 5590 5364 5027 5270 
4 6129 6304 6207 5976 
4 6217 6159 6481 6319 
4 6498 6700 6858 6642 
4 6841 6966 7011 6876 
4 7766 7880 7997 7833 
4 8336 8228 8019 8282 
4 8368 8257 8084 8207 
4 8529 8632 8345 8254 
4 8559 8739 8899 8839 
4 8963 8863 9078 9165 
4 9454 9589 9305 9442 
4 9285 9363 9477 9434 
4 9632 9531 9456 9517 
4 2225 2140 1896 2351 
4 4084 4261 4611 4446 
4 5503 5139 5030 5196 
4 7531 7270 7135 7376 
4 7953 7794 8159 8045 
4 8202 8306 8016 7901 
4 8332 8225 7994 8109 
4 8256 8168 8387 8511 
4 8285 8439 8507 8385 
4 8727 8673 8447 8618 
4 8414 8634 8741 8536 
4 8465 8697 8805 8590 
4 8994 8938 8791 8672 
4 8962 8998 8775 8904 
4 9463 9477 9363 9403 
4 4187 4022 4448 4385 
4 6801 6952 7222 7091 
4 7382 7260 7201 7336 
4 7535 7814 7981 7717 
4 8055 8174 8089 7942 
4 7996 8112 8224 8057 
4 8588 8563 8810 8674 
4 1520 1733 1943 1593 
4 3950 4315 4615 4275 
4 4444 4546 4887 4789 
4 5081 5079 4744 4906 
4 6261 6104 5952 6113 
4 7323 7159 7602 7442 
4 7374 7306 7611 7433 
4 7514 7307 7692 7579 
4 7442 7602 7839 7752 
4 7979 7859 7609 7722 
4 8044 8030 8276 8137 
4 8470 8605 8378 8382 
4 8647 8606 8427 8542 
4 8482 8594 8808 8739 
4 8738 8841 8986 8932 
4 9118 9128 9251 9168 
4 9315 9407 9568 9484 
4 9798 9784 9927 9837 
4 9875 9922 10001 9965 
4 10145 10173 10177 10185 
4 4084 4446 4651 4277 
4 5229 5564 5820 5512 
4 6181 6132 6109 5822 
4 5977 6173 6121 5887 
4 6760 6974 7040 6930 
4 7514 7275 7168 7004 
4 7751 7571 7313 7511 
4 7283 7626 7751 7511 
4 7523 7551 7762 7628 
4 7918 8088 8269 8209 
4 8087 8150 8364 8311 
4 8695 8696 8950 8856 
4 9052 9205 9363 9285 
4 9741 9625 9535 9665 
4 9870 9836 9807 9730 
4 10165 10164 10123 10149 
4 1880 1375 1194 1555 
4 1108 1468 1914 1571 
4 2024 2242 2517 1983 
4 2158 2367 2708 2500 
4 5300 5132 4957 4960 
4 5850 6090 6345 6148 
4 6538 6242 6099 6285 
4 5841 6119 6419 6174 
4 6822 6612 6284 6539 
4 6562 6394 6298 6449 
4 6963 6854 6706 6710 
4 7050 7049 7351 7159 
4 7015 7380 7510 7266 
4 8211 8009 8125 8316 
4 8009 8087 8311 8125 
4 8169 8330 8437 8236 
4 8520 8350 8447 8570 
4 9054 9287 9369 9209 
4 9253 9284 9433 9367 
4 9919 9848 9740 9819 
4 9873 9926 10003 9945 
4 9932 9948 10039 9975 
4 10070 10035 9964 10004 
4 7246 7188 7443 7307 
4 7253 7311 7529 7388 
4 8237 8391 8015 8176 
4 1039 1437 1676 1227 
4 4008 4303 4482 4235 
4 7222 7008 7448 7326 
4 7213 7357 7586 7506 
4 8069 7906 7674 7862 
4 7534 7757 7815 7992 
4 8150 8087 7780 7982 
4 8152 8090 7866 7927 
4 7763 7878 8112 7996 
4 7775 7950 8178 8082 
4 8484 8483 8315 8416 
4 8474 8539 8704 8643 
4 8444 8641 8842 8748 
4 8636 8692 8892 8841 
4 9401 9313 9142 9246 
4 9205 9248 9403 9363 
4 9482 9455 9304 9411 
4 9552 9475 9555 9623 
4 9514 9556 9681 9651 
4 788 339 340 405 
4 4954 5128 5469 5301 
4 5938 5690 5363 5641 
4 5390 5625 5928 5681 
4 5673 5933 6236 5979 
4 6402 6248 5987 6401 
4 6560 6686 6968 6745 
4 6837 7124 7257 6981 
4 7620 7569 7845 7687 
4 7524 7761 7886 7643 
4 9398 9437 9235 9364 
4 9915 9885 9785 9867 
4 1057 1506 1716 1275 
4 4981 4722 4367 4615 
4 5926 5708 5483 5626 
4 6395 6577 6827 6453 
4 7210 7017 7479 7350 
4 6890 7253 7388 7047 
4 7862 7674 7415 7625 
4 7498 7433 7724 7569 
4 7380 7629 7750 7510 
4 7927 7866 7579 7692 
4 8540 8501 8387 8286 
4 8652 8645 8546 8547 
4 8451 8636 8841 8738 
4 8936 8934 8850 8750 
4 9329 9435 9593 9515 
4 10032 9944 9881 9970 
4 10001 9930 10066 10038 
4 5019 5306 5625 5390 
4 5695 5718 5477 5568 
4 6235 6092 5780 5941 
4 6256 6186 6023 5945 
4 6851 6747 6597 6688 
4 6600 6838 7001 6863 
4 7124 7261 7396 7257 
4 7504 7281 7410 7601 
4 7810 7756 7632 7838 
4 7812 7983 8155 8088 
4 8370 8353 8599 8466 
4 8773 8839 8993 8865 
4 3239 3535 3753 3430 
4 3997 4367 4611 4261 
4 4452 4659 4833 4538 
4 5635 5300 5019 5390 
4 5508 5345 5060 5316 
4 5265 5086 5259 5414 
4 5392 5639 5931 5787 
4 6533 6239 6002 6389 
4 6749 6872 7123 6778 
4 7159 7323 6887 7050 
4 7437 7767 7881 7633 
4 8062 7985 7752 7839 
4 8176 8175 8418 8237 
4 8932 8986 9166 9114 
4 9057 9115 9255 9148 
4 9252 9139 9445 9341 
4 9283 9235 9437 9319 
4 9378 9451 9527 9333 
4 9342 9341 9524 9390 
4 9594 9462 9541 9637 
4 134 135 411 792 
4 1794 1928 1503 1716 
4 2567 2952 3331 2972 
4 4235 4482 4503 4342 
4 5779 5411 5240 5551 
4 5618 5705 5414 5259 
4 8101 7892 7662 7867 
4 8076 8148 7921 7856 
4 8615 8534 8232 8396 
4 8766 8880 8817 8678 
4 9318 9395 9371 9227 
4 9338 9446 9522 9406 
4 9886 9958 9895 9836 
4 9867 9845 9947 9915 
4 635 938 837 630 
4 3189 3564 3940 3740 
4 4285 4455 4832 4660 
4 5411 5410 5173 5305 
4 6967 6840 6543 6719 
4 7109 6973 6575 6829 
4 7321 7319 7258 7112 
4 6976 7143 7272 7119 
4 7760 7551 7523 7320 
4 7443 7442 7752 7547 
4 7750 7572 7509 7510 
4 7436 7580 7668 7648 
4 7609 7859 7980 7749 
4 8135 8188 7887 8070 
4 8403 8302 8076 8198 
4 8592 8567 8811 8670 
4 8727 8820 9007 8937 
4 9399 9442 9258 9366 
4 9297 9333 9527 9449 
4 9776 9794 9877 9820 
4 9931 9984 10010 10052 
4 4387 3794 4033 4162 
4 5345 5632 5782 5480 
4 6592 6850 6991 6909 
4 8904 8877 9109 8962 
4 9071 9109 8877 9025 
4 9913 9834 9728 9815 
4 1584 2083 2305 1883 
4 3319 3030 2590 2940 
4 3112 3248 3638 3509 
4 4968 4503 4725 4926 
4 4754 4716 5069 4916 
4 5310 4956 4722 5010 
4 4841 4916 5247 5009 
4 4878 5225 5501 5155 
4 7304 7364 7630 7496 
4 7973 7856 7584 7744 
4 7837 7661 7780 7896 
4 8236 8437 8545 8344 
4 8481 8464 8742 8563 
4 8490 8466 8708 8567 
4 9291 9174 9300 9380 
4 9885 9915 9984 9931 
4 2358 1953 1798 2147 
4 4166 4206 4613 4312 
4 4959 4790 4481 4655 
4 5164 4996 4708 5163 
4 5326 5010 4722 4981 
4 5066 5067 5475 5240 
4 6237 6019 5708 5926 
4 5695 5922 6196 6090 
4 6692 6536 6243 6393 
4 7063 6975 6852 7034 
4 8155 8137 8376 8247 
4 8143 8265 8352 8485 
4 8589 8584 8543 8337 
4 8376 8355 8622 8469 
4 8716 8800 8712 8752 
4 9095 9039 8769 8937 
4 8801 8890 9031 8802 
4 9185 9051 8971 9039 
4 9446 9595 9658 9522 
4 9777 9710 9566 9659 
4 5513 5190 5144 5347 
4 5224 5498 5810 5556 
4 5986 6264 6414 6140 
4 6383 6148 6640 6488 
4 6394 6273 6272 6298 
4 6173 6525 6686 6418 
4 6825 7111 6873 6580 
4 7411 7662 7873 7634 
4 8318 8322 8537 8429 
4 8720 8637 8485 8352 
4 9626 9776 9820 9717 
4 4707 4733 5131 4890 
4 9163 9293 9331 9374 
4 9849 9741 9665 9781 
4 2021 2020 2457 2191 
4 4177 4452 4538 4323 
4 5626 5483 5256 5311 
4 6531 6395 6244 6245 
4 6465 6683 6920 6820 
4 6772 6919 7202 7137 
4 7624 7381 7177 7508 
4 7747 7748 7987 7865 
4 9151 9176 8990 9117 
4 9366 9151 9061 9283 
4 9002 9127 9216 9074 
4 9221 9258 9442 9305 
4 9481 9390 9659 9566 
4 9533 9651 9746 9709 
4 9724 9833 9925 9801 
4 10095 10067 10002 10035 
4 10096 10081 10037 10054 
4 3580 3905 4293 4002 
4 7762 7761 7524 7628 
4 7767 7816 7922 7881 
4 8316 8125 8417 8341 
4 8231 8421 8592 8476 
4 8756 8872 9038 8854 
4 8862 8906 9134 8975 
4 9095 9070 9293 9163 
4 9595 9626 9717 9658 
4 9826 9796 9767 9771 
4 2214 2714 2940 2512 
4 4082 3757 3644 3710 
4 4092 4279 4659 4452 
4 5362 5691 5931 5639 
4 7138 6969 6839 6941 
4 7640 7639 7522 7394 
4 7867 7662 7411 7635 
4 7339 7463 7596 7464 
4 7560 7764 7878 7596 
4 7417 7645 7879 7765 
4 8327 8436 8213 8222 
4 8842 8641 8476 8698 
4 8344 8545 8653 8480 
4 8602 8640 8746 8710 
4 8698 8670 8904 8775 
4 9117 8873 8775 8998 
4 8998 8962 9199 9061 
4 9525 9439 9265 9374 
4 10090 10032 9970 10064 
4 9483 9568 9407 9339 
4 9712 9622 9745 9797 
4 1512 1511 871 1291 
4 4739 4145 4341 4504 
4 5264 5214 4890 5131 
4 5415 5699 5864 5633 
4 6071 5904 5709 5986 
4 6489 6839 6969 6716 
4 6990 6858 6760 6930 
4 7245 7111 6825 6994 
4 6744 6965 7193 7110 
4 7175 7393 7525 7340 
4 7795 7863 7533 7746 
4 8109 7994 7671 7873 
4 7671 7994 7997 7880 
4 7991 8117 8229 8091 
4 8385 8507 8586 8505 
4 8704 8703 8925 8844 
4 8796 8830 9037 8940 
4 9125 9122 8935 8997 
4 9185 9163 9374 9265 
4 9405 9406 9522 9478 
4 10150 10130 10119 10102 
4 1708 1917 2153 1760 
4 3319 2940 2714 3114 
4 5401 5189 4849 5059 
4 5402 5061 4857 5211 
4 5407 5608 5884 5769 
4 6691 6556 6260 6398 
4 6150 6346 6540 6489 
4 6490 6615 6736 6715 
4 7415 7602 7159 7351 
4 7984 7701 7533 7863 
4 8588 8456 8341 8417 
4 8953 8990 9176 9049 
4 3122 3333 3733 3428 
4 3510 3892 4119 3752 
4 5780 6092 6237 5926 
4 6260 6556 6699 6416 
4 6389 6560 6710 6533 
4 7395 7394 7263 7114 
4 7442 7443 7188 7323 
4 8176 8015 7782 7985 
4 8485 8337 8321 8143 
4 8509 8351 8240 8312 
4 8269 8247 8499 8353 
4 8598 8597 8351 8509 
4 8919 8885 9107 8979 
4 9252 9206 8970 9085 
4 9380 9379 9145 9291 
4 9211 9160 9371 9292 
4 9336 9335 9244 9162 
4 9761 9705 9537 9644 
4 10073 10116 10149 10123 
4 2587 2914 2400 2191 
4 4726 4979 5172 5003 
4 7126 7114 6851 6984 
4 8645 8652 8754 8852 
4 2846 3068 3461 3323 
4 4983 5229 5512 5176 
4 5939 5630 5481 5672 
4 6557 6285 6099 6263 
4 5961 6260 6416 6110 
4 6319 6481 6774 6683 
4 7585 7697 7930 7860 
4 8313 8099 7887 8188 
4 8175 8176 7985 8062 
4 8596 8539 8237 8418 
4 8123 8310 8535 8411 
4 8755 8642 8460 8585 
4 8596 8570 8846 8703 
4 9243 9279 9071 9202 
4 3443 3249 3710 3644 
4 3133 3353 3742 3515 
4 5337 4990 4803 5053 
4 6262 6022 5690 5938 
4 6550 6548 6412 6188 
4 8136 8020 8312 8240 
4 8167 8286 8174 8055 
4 8761 8785 8742 8597 
4 8770 8932 9114 9033 
4 9521 9443 9231 9369 
4 9318 9439 9596 9472 
4 9774 9707 9588 9652 
4 339 788 597 338 
4 345 849 462 344 
4 2962 3223 3521 3116 
4 3005 3326 3512 3186 
4 3663 3657 4061 3787 
4 4464 4131 3770 4095 
4 4960 4957 4743 4566 
4 4669 4952 5299 5126 
4 5893 5716 5406 5637 
4 5953 5643 5509 5812 
4 6258 5993 5721 5951 
4 6558 6348 6258 6022 
4 7754 7881 7922 7998 
4 8997 8935 8674 8810 
4 8843 8844 9035 8860 
4 9358 9276 9050 9194 
4 9342 9237 9158 9206 
4 9074 9216 9298 9161 
4 9202 9203 9370 9243 
4 4631 4997 5162 4805 
4 8543 8433 8326 8119 
4 5311 5081 4957 5132 
4 5243 5242 4965 5135 
4 6771 6917 6822 6627 
4 7088 7247 6913 6721 
4 6891 6913 7247 7089 
4 7350 7351 7049 7210 
4 7628 7524 7309 7396 
4 7637 7435 7322 7389 
4 7746 7687 7959 7795 
4 7863 7795 8070 7887 
4 8055 8079 8211 8167 
4 8419 8538 8273 8138 
4 8102 8226 8260 8334 
4 8639 8463 8235 8423 
4 8437 8330 8285 8385 
4 9099 9036 8764 8915 
4 9513 9461 9421 9309 
4 9420 9395 9592 9459 
4 9622 9680 9775 9745 
4 9794 9769 9857 9890 
4 9944 9849 9781 9881 
4 4082 3710 3372 3893 
4 3186 3512 3595 3389 
4 4789 4887 5238 5128 
4 5008 5302 5568 5477 
4 5179 5474 5772 5623 
4 5948 5945 5799 5576 
4 6253 6188 5946 6111 
4 8564 8486 8367 8544 
4 8754 8652 8462 8553 
4 8844 8843 8643 8704 
4 9468 9588 9707 9655 
4 9668 9709 9798 9729 
4 10091 10093 10140 10098 
4 4615 4367 3997 4275 
4 4127 4012 4487 4309 
4 6398 6260 5961 6102 
4 6180 6157 6511 6301 
4 7193 7172 7498 7298 
4 7584 7680 7629 7445 
4 7761 7762 7986 7876 
4 8599 8571 8829 8682 
4 9127 9002 8772 8948 
4 8829 8792 9024 8885 
4 9199 9159 9364 9235 
4 9658 9571 9478 9522 
4 9797 9725 9603 9712 
4 9846 9787 9969 9892 
4 9923 9968 9982 10004 
4 5472 5624 5870 5774 
4 8098 8095 7940 7989 
4 8272 8273 8538 8420 
4 9310 9434 9556 9514 
4 10119 10074 10011 10067 
4 2428 2750 2839 2719 
4 2953 3152 3282 3082 
4 4083 3892 3510 3709 
4 5163 4708 4894 5139 
4 4641 4983 5176 4838 
4 5475 5067 4890 5214 
4 4972 5146 5494 5268 
4 6245 6244 6049 5883 
4 6420 6027 6273 6394 
4 6392 6538 6836 6613 
4 6987 6986 6704 6847 
4 6582 6778 7123 6905 
4 6866 6973 7246 7004 
4 7340 7525 7645 7417 
4 8116 7883 7817 7975 
4 8214 8094 8432 8323 
4 8175 8296 8520 8418 
4 8670 8698 8476 8592 
4 8762 8598 8552 8646 
4 9211 9130 8860 9035 
4 9209 8965 8944 9054 
4 9284 9086 8960 9143 
4 9575 9500 9445 9307 
4 9680 9622 9472 9596 
4 9954 9888 9854 9877 
4 2506 2157 1737 2107 
4 3353 3133 2622 2954 
4 3549 3721 4118 3934 
4 6238 6097 5693 5937 
4 6709 6708 6348 6558 
4 7115 6746 6689 6891 
4 8570 8447 8673 8846 
4 9808 9766 9654 9697 
4 10004 9964 9872 9923 
4 1669 1736 2118 1884 
4 3540 3825 4088 3626 
4 3934 4118 4303 4008 
4 4958 4662 4475 4792 
4 6263 5958 5787 6018 
4 6034 6004 6366 6157 
4 6865 7110 7327 7177 
4 7483 7326 7697 7585 
4 8673 8727 8937 8769 
4 9416 9417 9528 9502 
4 9697 9654 9500 9575 
4 4292 4289 3892 4083 
4 6553 6297 6252 5993 
4 9078 9126 9291 9145 
4 670 861 1229 742 
4 676 1050 1487 1131 
4 3127 2736 2582 2790 
4 4445 4091 3926 4262 
4 4375 4648 4837 4500 
4 5801 5631 5315 5485 
4 5304 5472 5774 5628 
4 6089 5970 5562 5781 
4 6393 6112 5845 6176 
4 5668 5932 6180 6020 
4 7137 7202 7393 7175 
4 8790 8913 8556 8722 
4 9073 8889 8781 8988 
4 9210 9072 8872 9043 
4 9160 9051 9227 9371 
4 9591 9400 9306 9456 
4 9867 9785 9671 9766 
4 3708 3395 2989 3356 
4 3891 3412 3202 3602 
4 7547 7692 7307 7443 
4 7436 7512 7693 7580 
4 8373 8350 8129 8271 
4 9877 9854 9733 9820 
4 10000 9966 9924 9925 
4 3622 4084 4277 3897 
4 4080 4258 4546 4444 
4 4897 4896 4642 4827 
4 4502 4857 5061 4728 
4 5586 5551 5240 5475 
4 5012 5315 5631 5356 
4 5322 5645 5809 5499 
4 5479 5707 5937 5622 
4 6532 6241 6020 6329 
4 6991 6850 6706 6854 
4 6608 6820 7055 6965 
4 8152 8015 8391 8264 
4 9247 9145 9379 9321 
4 9441 9306 9222 9276 
4 9688 9666 9531 9632 
4 9872 9825 9688 9772 
4 10140 10138 10166 10153 
4 9820 9733 9673 9717 
4 10197 10183 10164 10193 
4 2113 2509 2165 1745 
4 4356 4406 4081 4260 
4 4157 4630 4823 4458 
4 4858 5328 5500 5153 
4 5975 6241 6532 6390 
4 7188 7246 6973 7109 
4 7643 7642 7310 7516 
4 8328 8460 8642 8431 
4 8597 8598 8762 8761 
4 9587 9399 9319 9516 
4 3823 3772 3401 3643 
4 3531 3605 3942 3726 
4 4311 4432 4754 4490 
4 6744 6797 6430 6663 
4 7815 7866 8090 7888 
4 8329 8101 7919 8223 
4 8589 8637 8822 8747 
4 8803 8674 8935 8870 
4 8811 8786 9025 8877 
4 9194 9050 8954 9036 
4 9035 9116 9160 9211 
4 9439 9525 9552 9596 
4 1676 1326 880 1227 
4 2537 2106 1738 2213 
4 4526 4574 4173 4413 
4 4850 5145 5498 5224 
4 5382 5424 5638 5582 
4 6708 6688 6553 6348 
4 7263 7113 6987 6747 
4 8936 8750 8562 8845 
4 2550 2713 3119 2915 
4 7327 7298 7620 7419 
4 134 792 600 133 
4 3770 4131 4369 4007 
4 4289 4292 4614 4475 
4 4794 4954 5301 5129 
4 4687 4958 5305 5173 
4 5573 5572 5274 5438 
4 5129 5301 5624 5472 
4 6825 6580 6289 6536 
4 6646 6793 6618 6693 
4 7551 7788 7986 7762 
4 8872 9072 9213 9038 
4 9567 9517 9441 9410 
4 9776 9716 9769 9794 
4 9745 9775 9874 9787 
4 10052 10009 9982 9931 
4 52 53 402 636 
4 2309 1876 1597 2021 
4 6239 6018 5787 5931 
4 6469 6582 6831 6484 
4 7508 7419 7746 7533 
4 8146 8103 7988 8105 
4 9420 9307 9286 9292 
4 10150 10145 10185 10163 
4 858 1303 1689 1284 
4 2840 3168 3547 3231 
4 4340 4690 4969 4621 
4 5236 5210 5637 5406 
4 6915 6914 6634 6845 
4 6688 6708 6984 6851 
4 7644 7521 7259 7397 
4 7510 7509 7399 7266 
4 7757 7534 7422 7275 
4 7547 7752 7985 7782 
4 7662 7892 8109 7873 
4 8431 8266 8166 8328 
4 8057 8224 8330 8169 
4 8495 8638 8428 8323 
4 8847 8564 8544 8690 
4 8944 9038 9213 9054 
4 9523 9400 9591 9570 
4 4964 4614 4349 4707 
4 6452 6281 6833 6689 
4 7658 7890 8111 7877 
4 9400 9376 9222 9306 
4 3657 3663 3323 3461 
4 3473 3621 3922 3669 
4 4173 4243 3820 4074 
4 7513 7512 7264 7383 
4 7867 7635 7453 7753 
4 7872 7830 7688 7758 
4 8751 8553 8462 8433 
4 9085 8970 8884 8938 
4 9478 9571 9616 9546 
4 2915 3119 3520 3322 
4 5572 5573 5951 5721 
4 6387 6170 5836 5988 
4 7663 7875 8110 7893 
4 8942 8906 8809 8689 
4 9878 9821 9710 9777 
4 2426 2830 3138 2746 
4 3412 3442 3084 3321 
4 4007 3623 3376 3770 
4 3575 3997 4261 3900 
4 4955 4795 4370 4637 
4 6832 6531 6284 6612 
4 7364 7304 7089 7247 
4 7631 7519 7153 7391 
4 8265 8143 7888 8090 
4 8222 8213 8041 7908 
4 8545 8437 8385 8505 
4 8259 8434 8651 8506 
4 8915 8764 8660 8747 
4 3895 3541 3180 3576 
4 3996 3786 4429 4236 
4 3937 4122 4291 4102 
4 6845 6634 6548 6550 
4 6941 7015 7266 7138 
4 9294 9143 8960 9121 
4 9637 9633 9555 9594 
4 9626 9570 9716 9776 
4 9459 9592 9712 9603 
4 601 195 196 789 
4 6245 5883 5673 5979 
4 5540 5866 6127 5793 
4 6172 6417 6573 6429 
4 6600 6629 6981 6838 
4 8804 8781 8553 8751 
4 8869 8847 8690 8853 
4 9299 9135 8975 9214 
4 9250 9236 9072 9210 
4 9826 9771 9673 9733 
4 10000 9925 9833 9929 
4 10040 10006 9934 9892 
4 3728 3529 3027 3332 
4 3720 3338 3186 3389 
4 4243 4173 4574 4432 
4 6620 6621 6977 6768 
4 7391 7153 6905 7123 
4 7873 7671 7434 7634 
4 8103 7922 7816 7988 
4 8642 8544 8367 8431 
4 9855 9826 9733 9854 
4 9968 9923 9821 9878 
4 9 10 830 445 
4 2306 1924 1653 2001 
4 3740 3940 4123 3769 
4 3813 3921 4183 4017 
4 4502 4813 5156 4857 
4 5565 5484 5327 5396 
4 5186 5520 5813 5504 
4 8246 8266 8431 8367 
4 8965 8869 8853 8944 
4 599 800 13 14 
4 3407 3715 3933 3582 
4 4261 4084 3622 3900 
4 3926 3775 4018 4262 
4 3713 3404 3114 3350 
4 3404 3813 4083 3709 
4 4801 4374 4627 4768 
4 4494 4787 5127 4950 
4 4668 4953 5309 5133 
4 5887 6121 5812 5570 
4 8091 7869 7660 7991 
4 7893 8110 8220 8011 
4 8751 8584 8660 8804 
4 9376 9296 9146 9222 
4 9333 9297 9149 9299 
4 9236 9250 9373 9338 
4 3229 3546 3923 3627 
4 5778 5532 5197 5400 
4 6257 6002 5691 5953 
4 1226 939 633 845 
4 4448 4022 3757 4166 
4 5253 4989 4987 5039 
4 6086 5923 5532 5778 
4 6102 5961 5645 5791 
4 6547 6297 6597 6847 
4 7634 7384 7152 7411 
4 8107 8108 8321 8119 
4 9298 9216 9149 9297 
4 9072 9236 9377 9213 
4 9925 9924 9857 9801 
4 3623 3236 3026 3376 
4 6992 6766 6617 6880 
4 8235 8463 8646 8443 
4 10082 10069 10011 10074 
4 6184 6038 6547 6409 
4 6621 6620 6396 6541 
4 6856 6711 6562 6766 
4 7864 7987 7748 7570 
4 9377 9287 9054 9213 
4 9338 9373 9447 9446 
4 9387 9443 9558 9465 
4 4095 3718 3553 3903 
4 3371 3637 4074 3820 
4 4630 4993 5151 4823 
4 5079 5081 5311 5256 
4 6329 6301 6663 6430 
4 7638 7392 7259 7521 
4 9215 9214 8975 9134 
4 9369 9231 9207 9209 
4 9531 9666 9773 9657 
4 9769 9773 9801 9857 
4 10187 10190 10199 10194 
4 1234 1090 1311 1693 
4 1506 1688 1794 1716 
4 3669 3922 4067 3851 
4 3707 3890 4258 4080 
4 4617 4800 5135 4965 
4 5786 5534 5200 5373 
4 5496 5783 5935 5655 
4 6142 6467 6616 6384 
4 6970 6623 6430 6797 
4 6824 6969 7138 7041 
4 7262 7261 7124 6986 
4 7838 7945 8104 7810 
4 8547 8327 8165 8435 
4 8337 8485 8637 8589 
4 8948 8772 8753 8851 
4 9306 9441 9517 9456 
4 3230 3550 3927 3630 
4 337 338 597 791 
4 1924 1793 1326 1676 
4 2301 2505 2097 1763 
4 4449 4266 3785 4088 
4 5338 5136 4675 4995 
4 5654 5481 5010 5326 
4 6341 6484 6690 6310 
4 7132 7130 6768 6977 
4 7876 8008 8212 8001 
4 8391 8237 8539 8474 
4 8147 8317 8439 8285 
4 8755 8690 8544 8642 
4 8822 8791 8938 8884 
4 9099 8970 9206 9158 
4 6287 6574 6844 6614 
4 7391 7123 6872 7248 
4 7311 7264 7512 7436 
4 8854 8853 8690 8755 
4 9123 9124 9003 9034 
4 4259 4444 4789 4612 
4 5643 5313 5020 5509 
4 5132 5300 5635 5353 
4 6263 6099 5672 5958 
4 5860 6093 6177 5927 
4 6453 6312 6244 6395 
4 6688 6597 6297 6553 
4 6830 6561 6392 6613 
4 7131 6988 6652 6853 
4 7463 7256 7039 7293 
4 9038 8944 8853 8854 
4 1565 1669 1105 1451 
4 3030 3319 3709 3510 
4 5301 5469 5717 5624 
4 1334 1795 2139 1679 
4 4282 3999 3630 3927 
4 4116 4300 4486 4140 
4 4842 5129 5472 5304 
4 6240 5995 5692 5935 
4 6850 6557 6323 6706 
4 6847 6704 6409 6547 
4 8460 8546 8645 8585 
4 1723 1366 938 1287 
4 4464 4095 3903 4296 
4 5203 5480 5782 5536 
4 6094 5869 5534 5786 
4 6112 5934 5631 5801 
4 7117 6727 6876 7068 
4 7255 7254 7048 7122 
4 9503 9526 9320 9448 
4 3009 3040 2717 2844 
4 5025 5200 5403 5142 
4 6242 5939 5672 6099 
4 6312 6162 6049 6244 
4 7128 6878 6759 6849 
4 7757 7579 7866 7815 
4 9040 8849 8688 8862 
4 9130 9211 9292 9286 
4 5770 5524 5189 5401 
4 6418 6389 6002 6257 
4 5986 6140 6341 6071 
4 10126 10102 10095 10078 
4 2101 2548 2747 2328 
4 2377 2758 3141 2831 
4 2938 3032 3326 3005 
4 4095 3770 3376 3718 
4 5072 4985 4686 5071 
4 4729 4973 5177 4851 
4 4885 4867 5270 5027 
4 6980 7133 7180 7016 
4 8317 8104 7945 8215 
4 9227 9265 9439 9318 
4 9406 9405 9287 9377 
4 9771 9767 9683 9616 
4 10079 10053 10107 10106 
4 333 334 463 802 
4 2558 2757 2836 2691 
4 6124 5782 5632 5863 
4 7333 7250 7134 7332 
4 927 653 1081 1264 
4 4033 3393 3590 3777 
4 4451 4090 4089 4143 
4 5791 5645 5322 5502 
4 6297 6547 6038 6252 
4 5979 6236 6539 6284 
4 7528 7245 7041 7399 
4 7130 7132 7383 7264 
4 2445 2645 3152 2953 
4 3514 3034 3365 3494 
4 5783 6095 6240 5935 
4 6100 6250 6541 6396 
4 7002 7146 7397 7127 
4 7644 7397 7146 7406 
4 7800 7578 7435 7688 
4 2691 2836 3032 2938 
4 3714 3330 3003 3405 
4 4553 4552 4266 4449 
4 4799 5130 5303 4967 
4 4849 5189 5397 5130 
4 5711 5561 5319 5399 
4 5192 5491 5666 5358 
4 5324 5493 5805 5652 
4 5873 5874 6252 6038 
4 8331 8144 7995 8111 
4 8554 8643 8843 8672 
4 9521 9369 9287 9405 
4 10069 10036 9966 10000 
4 10035 10070 10078 10095 
4 4449 4088 3825 4187 
4 4612 4789 5128 4954 
4 6114 5873 6038 6184 
4 7409 7638 7875 7663 
4 8870 8935 9122 8972 
4 9209 9207 9076 8965 
4 9524 9500 9654 9538 
4 9538 9654 9766 9671 
4 772 629 110 111 
4 626 1057 1275 620 
4 3524 3115 2837 3206 
4 3787 3893 3372 3663 
4 4074 3995 4413 4173 
4 3999 4282 4643 4371 
4 5341 5627 5781 5473 
4 6484 6831 6974 6690 
4 7700 7871 7630 7403 
4 8434 8220 8144 8233 
4 8436 8328 8166 8213 
4 8851 8753 8506 8651 
4 9452 9381 9281 9328 
4 9683 9608 9465 9558 
4 8151 8008 7876 7986 
4 9657 9591 9456 9531 
4 1688 1905 2010 1794 
4 1953 2358 2389 2178 
4 3028 3124 2712 2919 
4 3919 3521 3223 3717 
4 3624 4004 4297 3914 
4 5630 5310 5010 5481 
4 9448 9320 9143 9294 
4 9897 9926 9816 9876 
4 2598 2634 3078 2877 
4 3626 3520 3226 3540 
4 3133 3515 3715 3327 
4 4298 3950 3898 4087 
4 5904 6071 6247 5859 
4 8329 8131 7892 8101 
4 6759 6878 7132 6977 
4 8547 8546 8436 8327 
4 8849 8644 8548 8688 
4 9475 9476 9594 9555 
4 4829 4974 5312 5138 
4 6110 5960 5644 5809 
4 8440 8552 8508 8441 
4 2217 2544 2955 2624 
4 3511 3223 2962 3163 
4 4818 4460 4130 4532 
4 4964 4792 4475 4614 
4 5958 5672 5481 5654 
4 7250 7034 6852 6989 
4 7034 7152 7384 7063 
4 9779 9722 9628 9757 
4 9878 9785 9885 9968 
4 7877 7759 7521 7644 
4 9921 9964 10035 10002 
4 649 858 1284 1058 
4 3558 3165 2799 3235 
4 3718 3376 3026 3329 
4 4538 4833 5137 4963 
4 5485 5315 4963 5137 
4 6978 6769 6556 6691 
4 7119 6908 6591 6835 
4 6975 6707 6703 6852 
4 7631 7391 7248 7434 
4 7261 7523 7628 7396 
4 7180 7400 7633 7515 
4 7387 7632 7756 7517 
4 8854 8755 8585 8756 
4 8887 8769 9039 8971 
4 9043 8872 8756 8852 
4 1806 1588 1295 1517 
4 3206 3632 3896 3524 
4 4731 4705 5094 4867 
4 5473 5205 5001 5167 
4 7384 7248 6872 7063 
4 7517 7251 7120 7387 
4 8777 9003 9046 8950 
4 9067 9130 9286 9139 
4 9608 9683 9767 9748 
4 10069 10000 9929 10011 
4 1724 1931 2147 1798 
4 3134 2724 2495 2909 
4 4835 5020 5313 4959 
4 5653 5496 5053 5325 
4 8216 8105 7988 7990 
4 9367 9380 9300 9253 
4 2551 2333 2127 2337 
4 3571 3820 4243 3944 
4 4690 5055 5227 4969 
4 5938 5641 5393 5789 
4 6449 6617 6766 6562 
4 7945 7838 7663 7893 
4 8272 8432 8094 8096 
4 2526 2125 1925 2212 
4 2761 2352 1980 2434 
4 6285 6557 6850 6592 
4 9974 10006 10054 10037 
4 1277 1479 1732 1328 
4 3018 3068 2635 2914 
4 2627 2942 3034 2785 
4 4260 3891 3602 3985 
4 4897 4744 5079 5308 
4 5052 5362 5639 5309 
4 5375 5622 5937 5693 
4 5874 5873 5652 5805 
4 6393 6243 5934 6112 
4 5790 5940 6250 6100 
4 6710 6706 6323 6533 
4 6394 6562 6711 6420 
4 6994 6692 6454 6824 
4 7992 7772 7676 7534 
4 9567 9566 9710 9617 
4 9932 10003 9926 9897 
4 10016 10039 9948 9998 
4 9980 9966 10036 10018 
4 4214 4212 4629 4345 
4 5656 5338 5051 5355 
4 6538 6392 5981 6242 
4 9660 9597 9526 9503 
4 126 127 423 804 
4 2829 2435 2162 2621 
4 3324 3125 2592 2923 
4 3322 3159 2748 2915 
4 3524 3320 2917 3115 
4 3516 3214 2932 3155 
4 4490 4841 5131 4733 
4 5003 5172 5480 5203 
4 6422 6103 5823 6131 
4 6714 6422 6131 6448 
4 8994 8860 9130 9067 
4 9135 8964 8943 9040 
4 9724 9825 9921 9833 
4 1460 1292 684 1069 
4 4853 4892 5323 5035 
4 5138 5312 5636 5482 
4 9773 9769 9716 9657 
4 10007 10066 9930 9999 
4 10010 10037 10081 10053 
4 2724 2386 1969 2306 
4 1969 2386 2713 2343 
4 3710 3249 2971 3372 
4 3442 3412 3891 3642 
4 4966 5098 5438 5274 
4 7136 6831 6582 6905 
4 6842 6984 6708 6709 
4 9947 9934 10006 9974 
4 4206 4166 3757 4082 
4 4618 4762 5098 4966 
4 5781 5562 5205 5473 
4 9984 9974 10037 10010 
4 10126 10124 10173 10145 
4 1366 1228 837 938 
4 1738 2100 2504 2213 
4 2948 2537 2213 2570 
4 3712 3540 3226 3343 
4 4090 3595 3792 4089 
4 3406 3736 3785 4115 
4 5147 4982 4807 4810 
4 5955 5709 5358 5666 
4 7250 6989 6908 7134 
4 7515 7385 7016 7180 
4 7884 7769 7572 7823 
4 8425 8146 8105 8246 
4 8657 8551 8348 8574 
4 9551 9593 9435 9520 
4 9717 9673 9571 9658 
4 2909 2708 3117 3113 
4 7162 7392 7638 7409 
4 1748 2134 2544 2217 
4 2948 2621 2162 2537 
4 2620 2946 3351 3031 
4 3287 3198 3643 3401 
4 4738 4636 4392 4737 
4 5156 4813 4642 4896 
4 6335 6120 5841 6174 
4 6489 6540 6695 6839 
4 7015 6870 7242 7380 
4 7527 7398 7153 7519 
4 7380 7242 7445 7629 
4 8111 7995 7759 7877 
4 8326 8435 8165 8221 
4 8852 8756 8585 8645 
4 9929 10002 10067 10011 
4 2954 2622 2218 2545 
4 3143 2641 2365 2833 
4 5993 6252 5874 5721 
4 6697 6414 6404 6438 
4 7525 7393 7339 7464 
4 8119 8321 8337 8543 
4 9322 9231 9443 9387 
4 934 1365 1719 1278 
4 4017 4349 4614 4292 
4 5493 5324 4982 5147 
4 6419 6119 5944 6138 
4 6328 6187 6702 6549 
4 6696 6544 6543 6840 
4 8363 8215 8011 8259 
4 7920 8104 8317 8147 
4 8438 8233 8144 8331 
4 8849 8666 8450 8644 
4 8851 8651 8450 8666 
4 447 649 1058 833 
4 4103 3741 3740 3769 
4 8651 8434 8233 8450 
4 8644 8450 8233 8438 
4 4666 4877 5149 4808 
4 5478 5342 4926 5170 
4 7133 7252 7400 7180 
4 8110 7875 7759 7995 
4 8809 8688 8548 8608 
4 8894 8764 9036 8954 
4 9044 8947 8772 9002 
4 9146 9050 9276 9222 
4 9301 9179 9124 9123 
4 4665 4324 4309 4487 
4 6913 6891 6689 6833 
4 7754 7636 7385 7515 
4 9341 9445 9500 9524 
4 2014 2313 2757 2558 
4 2441 2400 2914 2635 
4 3642 3891 4260 4081 
4 4796 4663 4290 4461 
4 4313 4612 4954 4794 
4 6716 6425 6150 6489 
4 7875 7638 7521 7759 
4 7310 7642 7653 7532 
4 8758 8654 8506 8753 
4 9632 9617 9772 9688 
4 9879 9858 9731 9827 
4 3115 2917 2509 2734 
4 3518 3235 2799 3135 
4 3896 3711 3320 3524 
4 6836 6538 6285 6592 
4 7990 7988 7816 7668 
4 9216 9127 8964 9149 
4 9299 9149 8964 9135 
4 5316 5061 5402 5508 
4 7464 7596 7878 7763 
4 2214 2540 2918 2714 
4 3353 2954 2571 2975 
4 2636 2635 3068 2846 
4 3718 3329 2984 3553 
4 2949 3120 3536 3328 
4 3932 3632 3206 3558 
4 5151 4992 4629 4823 
4 5644 5487 5160 5329 
4 6143 6310 6690 6443 
4 9139 9286 9307 9445 
4 9276 9358 9410 9441 
4 9390 9524 9538 9659 
4 9771 9616 9571 9673 
4 10158 10149 10116 10141 
4 6555 6400 6122 6259 
4 631 934 1278 839 
4 1132 1682 1909 1464 
4 3712 3343 3113 3443 
4 4733 4707 4349 4548 
4 5939 5788 5355 5630 
4 7635 7411 7152 7333 
4 9167 9251 9128 9129 
4 131 132 512 796 
4 4324 4665 4839 4496 
4 8216 7990 7783 8027 
4 9040 8943 8666 8849 
4 688 1248 1113 1043 
4 2343 2096 1793 1969 
4 2927 2524 2188 2595 
4 4087 3898 3395 3708 
4 4263 4454 4800 4617 
4 4619 4799 4967 4620 
4 5303 5058 4724 4967 
4 5801 5485 5203 5536 
4 8425 8424 8260 8146 
4 2317 1914 1549 1960 
4 9777 9671 9785 9878 
4 2215 2543 2758 2377 
4 4419 4264 3863 4056 
4 3758 4080 4444 4259 
4 4620 4325 4102 4291 
4 4828 5015 5312 4974 
4 9825 9872 9964 9921 
4 3559 3894 4086 3716 
4 6114 6113 5952 5800 
4 6979 6694 6546 6834 
4 7024 7309 7516 7249 
4 8584 8589 8747 8660 
4 129 130 478 798 
4 1510 1367 1931 1724 
4 3925 3570 3943 4295 
4 4267 4621 4817 4465 
4 4727 4978 5316 5060 
4 6697 6469 6140 6414 
4 7131 6853 6580 6873 
4 7125 6906 6614 6844 
4 7117 6880 6617 6727 
4 7893 8011 8215 7945 
4 8145 8362 8438 8331 
4 9742 9774 9652 9715 
4 5249 5270 4867 5094 
4 4689 5142 5307 4970 
4 6565 6714 6862 6578 
4 9873 9781 9665 9770 
4 3627 3923 4281 4003 
4 4621 4969 5140 4817 
4 5421 5039 5226 5376 
4 5809 5644 5329 5499 
4 5953 5691 5362 5643 
4 6694 6405 6135 6546 
4 9666 9688 9825 9724 
4 10138 10140 10093 10118 
4 2836 2757 2519 2964 
4 4275 3997 3575 3929 
4 4810 4807 4640 4462 
4 5664 5344 5036 5375 
4 7634 7434 7248 7384 
4 8946 8777 8560 8749 
4 9930 10001 9922 9832 
4 4114 3745 3554 3801 
4 4655 4481 4176 4445 
4 4968 4767 4342 4503 
4 5487 5644 5960 5804 
4 5709 5955 6264 5986 
4 6778 6697 6438 6749 
4 8334 8145 7890 8102 
4 3897 3717 3223 3511 
4 4635 4302 4006 4368 
4 6259 6122 5804 5960 
4 6699 6555 6259 6416 
4 2734 2311 2012 2396 
4 4802 4489 4314 4463 
4 5802 5520 5186 5500 
4 7877 7644 7406 7658 
4 7838 7632 7409 7663 
4 9330 9370 9203 9288 
4 944 1153 1517 1295 
4 2989 3395 3728 3332 
4 5328 5488 5793 5640 
4 6247 6008 5750 5859 
4 6975 6749 6438 6707 
4 7869 7753 7453 7653 
4 7998 7870 7636 7754 
4 1691 1263 1029 1462 
4 3116 2778 2372 2755 
4 3327 2929 2622 3133 
4 4823 4629 4212 4458 
4 5152 4977 4649 4809 
4 5364 5637 5210 5027 
4 9627 9720 9660 9590 
4 10004 9982 10009 10070 
4 1043 1113 1515 1252 
4 4455 4105 3811 4147 
4 4702 5001 5171 4768 
4 2500 2495 2001 2305 
4 3236 2829 2621 3026 
4 2506 2712 3124 2952 
4 3520 3119 2910 3226 
4 5161 4847 4534 4825 
4 4463 4622 4885 4802 
4 5307 5037 4704 4970 
4 5269 5154 4972 5268 
4 6838 7024 7249 7001 
4 7926 7788 7551 7760 
4 5570 5812 5509 5410 
4 6574 6287 6280 6407 
4 6857 6620 6768 6890 
4 7119 6835 6720 6976 
4 6591 6908 6989 6846 
4 9833 9921 10002 9929 
4 10152 10166 10138 10139 
4 3136 3541 3737 3349 
4 6103 5811 5516 5823 
4 9617 9710 9821 9772 
4 2518 2156 2002 2118 
4 4304 3954 3924 4112 
4 6846 6703 6322 6552 
4 3343 3226 2910 3134 
4 3541 3895 4111 3737 
4 5155 4843 4821 4826 
4 5572 5805 5493 5274 
4 6112 5801 5536 5845 
4 5482 5636 5940 5790 
4 6458 6837 6981 6629 
4 8266 8246 8105 8216 
4 9945 9881 9781 9873 
4 3085 3084 3442 3198 
4 5347 5144 5006 5178 
4 5553 5750 5942 5601 
4 5974 5676 5650 5795 
4 9722 9663 9577 9628 
4 1228 1366 1885 1675 
4 2164 2526 2755 2372 
4 3329 2948 2570 2984 
4 3823 4081 4406 4185 
4 5310 5051 4791 4956 
4 4790 5052 5309 4953 
4 4792 5066 5305 4958 
4 6104 5820 5564 5952 
4 244 245 618 835 
4 3114 3404 3709 3319 
4 1933 1702 1361 1678 
4 1092 1505 1877 1535 
4 3115 2734 2396 2837 
4 3330 2925 2601 3003 
4 3521 3180 2778 3116 
4 2567 2972 3350 2918 
4 3405 3790 4010 3714 
4 4825 4476 4270 4495 
4 4264 4419 4762 4618 
4 6422 6270 5943 6103 
4 6542 6417 6172 6261 
4 7886 7660 7642 7643 
4 8001 7991 7660 7886 
4 122 123 482 810 
4 635 841 1287 938 
4 2344 2433 2763 2513 
4 3678 3615 4085 3859 
4 5491 5192 4864 5143 
4 9770 9665 9535 9655 
4 4278 3998 3582 3933 
4 4305 4018 3775 4119 
4 3937 4102 4265 3938 
4 5406 5359 5015 5236 
4 6719 6569 6305 6713 
4 794 115 116 429 
4 3546 3229 2783 3131 
4 8220 8110 7995 8144 
4 1316 1116 1379 1602 
4 3722 3238 2982 3426 
4 5484 5148 4980 5327 
4 6403 6178 5862 6123 
4 4351 4386 4814 4641 
4 5228 5054 4688 5000 
4 4626 4806 5178 5006 
4 4692 4865 5174 4819 
4 7928 7783 7580 7693 
4 8574 8741 8858 8716 
4 8976 9080 9218 9094 
4 333 802 604 332 
4 2929 2623 2350 2511 
4 5485 5137 5003 5203 
4 6484 6341 6140 6469 
4 6622 6833 6281 6390 
4 7162 7409 7632 7387 
4 8434 8259 8011 8220 
4 2724 2306 2001 2495 
4 1887 2097 2505 2308 
4 3629 3388 3775 3926 
4 4989 4576 4830 4987 
4 5544 5807 5956 5574 
4 6555 6699 6985 6843 
4 7532 7332 7134 7272 
4 7320 7523 7261 7262 
4 10179 10193 10164 10165 
4 4813 4464 4296 4642 
4 5162 4993 4630 4805 
4 5498 5145 5144 5190 
4 4878 5160 5487 5225 
4 6835 6591 6288 6572 
4 8328 8436 8546 8460 
4 2720 3136 3349 2945 
4 6410 6154 5861 6106 
4 7002 7016 7385 7146 
4 9659 9538 9671 9777 
4 3054 3053 2716 2922 
4 7649 7530 7313 7571 
4 3429 3185 3128 3241 
4 3739 3543 3195 3738 
4 4616 4450 3954 4304 
4 131 796 478 130 
4 2514 2117 1953 2178 
4 3084 3085 2726 2881 
4 3354 3053 3173 3415 
4 3897 3511 3357 3622 
4 4346 4653 4974 4829 
4 7146 7385 7636 7406 
4 1090 1480 1707 1311 
4 7039 7251 7517 7293 
4 3151 2767 2370 2775 
4 3329 3026 2621 2948 
4 2751 3027 3324 2923 
4 3569 3209 3640 3821 
4 3430 3748 3930 3494 
4 3330 3714 3899 3519 
4 6398 6102 5964 6269 
4 6265 5959 5675 5985 
4 3134 2910 2386 2724 
4 4988 4983 4641 4814 
4 5962 5656 5355 5788 
4 119 120 464 815 
4 1945 2092 2441 2300 
4 1753 2111 2543 2215 
4 2734 2509 2113 2311 
4 3742 3353 2975 3377 
4 5859 5796 5642 5904 
4 2106 1905 1688 1689 
4 4115 3903 3553 3406 
4 6561 6267 5981 6392 
4 7769 7651 7509 7572 
4 10067 10095 10102 10119 
4 2508 2212 1925 2136 
4 3360 2980 2838 3123 
4 6548 6702 6187 6412 
4 6978 6691 6564 6857 
4 7923 7885 7726 8000 
4 7894 8114 8333 8127 
4 2929 2511 2218 2622 
4 4813 4502 4131 4464 
4 4978 4727 4368 4623 
4 5274 5493 5147 4966 
4 6103 5943 5557 5811 
4 7252 7133 6843 6985 
4 1227 844 521 1039 
4 3138 2775 2370 2746 
4 4992 4812 4345 4629 
4 607 511 653 927 
4 3118 2920 2560 2762 
4 3551 3791 4087 3708 
4 3904 4093 4453 4274 
4 4976 4803 4450 4616 
4 5643 5362 5052 5313 
4 6115 5847 5558 5803 
4 9553 9465 9608 9721 
4 8027 8041 8213 8166 
4 6322 6703 6707 6545 
4 1071 1297 1733 1520 
4 2740 2315 2102 2516 
4 3721 3352 3122 3428 
4 5340 4975 4701 5057 
4 6128 5826 5712 5950 
4 6549 6759 6977 6621 
4 4467 4820 4973 4638 
4 5435 5601 5942 5698 
4 6692 6393 6176 6454 
4 6878 7167 7383 7132 
4 3859 4085 4454 4263 
4 4149 4378 4541 4307 
4 6288 6591 6846 6552 
4 1592 1880 2302 2093 
4 2523 2177 2108 2225 
4 2158 2300 2636 2367 
4 3406 3553 2984 3159 
4 4805 4630 4157 4469 
4 4827 4642 4296 4158 
4 6399 6246 5832 6045 
4 6416 6259 5960 6110 
4 6707 6438 6404 6545 
4 8331 8111 7890 8145 
4 799 452 197 198 
4 1283 936 1514 1369 
4 2002 2156 2427 2307 
4 2193 2507 2881 2726 
4 4967 4724 4325 4620 
4 5410 5509 5020 5173 
4 6407 6280 5847 6115 
4 401 546 955 645 
4 2526 2164 1742 2125 
4 3550 3230 2969 3151 
4 3249 3443 3113 3117 
4 5486 5165 4843 5181 
4 8224 8112 7920 8147 
4 7516 7310 7143 7249 
4 5803 5558 5339 5486 
4 6545 6404 6105 6255 
4 7251 6979 6834 7120 
4 9772 9821 9923 9872 
4 2930 3036 3366 3150 
4 4269 4006 3604 3910 
4 1903 1470 1289 1694 
4 3347 2986 2750 2916 
4 4639 4474 4416 4576 
4 6906 7125 7392 7162 
4 5488 5328 4858 5149 
4 233 234 612 811 
4 1387 1015 668 1097 
4 2742 3172 3037 2968 
4 3904 3570 3199 3527 
4 3744 3551 3355 3525 
4 2341 2133 1916 2104 
4 2746 2356 1948 2426 
4 4643 4282 3948 4317 
4 4480 4345 4812 4492 
4 7125 6844 6578 6869 
4 124 807 482 123 
4 236 237 608 806 
4 3752 3388 2986 3347 
4 4293 3905 3902 3955 
4 7758 7688 7435 7637 
4 8608 8548 8362 8549 
4 3341 2790 3004 3191 
4 2925 3330 3519 3126 
4 4548 4349 4017 4183 
4 4126 4276 4628 4457 
4 5015 5359 5636 5312 
4 5690 5951 5573 5363 
4 7823 7824 8114 7894 
4 2109 1907 1327 1691 
4 3910 3604 3235 3518 
4 4085 3615 3401 3772 
4 4659 4279 3973 4347 
4 5268 5435 5646 5269 
4 6249 6024 5807 5840 
4 1574 1610 2103 1818 
4 2337 2590 2916 2551 
4 6310 6247 6071 6341 
4 6400 6555 6843 6705 
4 1972 2053 2440 2234 
4 1085 1502 1715 1309 
4 1363 1684 2140 1929 
4 4824 4470 4268 4624 
4 4992 5151 5499 5329 
4 5813 5559 5332 5504 
4 7396 7309 7024 7257 
4 7293 7517 7756 7560 
4 3556 3357 3125 3324 
4 5996 6328 6541 6250 
4 6714 6565 6270 6422 
4 6853 6559 6289 6580 
4 21 22 425 821 
4 4279 3896 3632 3973 
4 5317 4955 4675 5136 
4 2545 2218 1913 2121 
4 2219 2546 2946 2620 
4 2772 3140 3513 3344 
4 4101 3724 3523 3911 
4 5821 5523 5190 5513 
4 3338 2786 3005 3186 
4 3741 3547 3189 3740 
4 4975 4647 4372 4701 
4 5313 5052 4790 4959 
4 5653 5325 5012 5356 
4 4477 4804 4984 4633 
4 5346 5642 5796 5495 
4 6407 6115 5943 6270 
4 7257 7024 6838 6981 
4 1689 1688 1506 1284 
4 2549 2174 2133 2341 
4 4470 4101 3911 4268 
4 4818 4495 4270 4460 
4 5795 5492 5332 5559 
4 7529 7437 7181 7388 
4 795 335 336 513 
4 4474 4067 4294 4416 
4 6732 6983 7256 7019 
4 196 197 452 789 
4 880 1326 1723 1287 
4 2718 2430 2146 2361 
4 3921 3813 3404 3713 
4 4277 3952 3717 3897 
4 5325 4976 4673 5012 
4 6414 6264 6105 6404 
4 6251 6405 6694 6470 
4 2767 2564 2355 2370 
4 2924 2628 2227 2520 
4 2114 2321 2737 2528 
4 2571 2917 3320 2975 
4 3439 3209 3157 3158 
4 3914 3574 3178 3542 
4 3913 3528 3184 3581 
4 4800 4454 4144 4508 
4 2555 2766 3168 2840 
4 7127 6869 6578 6862 
4 5500 5186 4991 5153 
4 2099 1719 1365 1886 
4 2923 2592 2342 2552 
4 3328 3145 2722 2949 
4 4274 3943 3570 3904 
4 5795 5650 5222 5492 
4 5971 5664 5375 5693 
4 6115 5803 5557 5943 
4 3663 3372 2971 3323 
4 238 808 608 237 
4 923 1231 1478 1106 
4 2535 2139 1795 2227 
4 3525 3355 2802 3167 
4 3367 3008 3144 3228 
4 4691 4986 5165 5056 
4 229 230 614 814 
4 2881 2818 3321 3084 
4 5639 5392 5133 5309 
4 6113 6334 6542 6261 
4 630 837 649 447 
4 631 448 680 934 
4 3542 3138 2830 3227 
4 2932 3214 3536 3120 
4 5173 5020 4835 4687 
4 4804 5150 5335 4984 
4 1096 1501 1717 1312 
4 3918 3735 3669 3851 
4 3009 3060 3472 3200 
4 4456 4094 3789 4156 
4 5359 5680 5940 5636 
4 7764 7810 8104 7920 
4 2922 2716 2336 2510 
4 4374 4139 3768 4005 
4 1468 1014 1242 1466 
4 1113 1304 1701 1515 
4 3174 3344 3678 3370 
4 3762 4270 4476 4109 
4 5143 4831 4649 4977 
4 2945 2529 2353 2720 
4 4048 3987 4458 4212 
4 3136 2720 2372 2778 
4 3165 2837 2396 2761 
4 3120 2949 2515 2740 
4 3514 3234 2785 3034 
4 4091 3791 3551 3744 
4 6025 5967 5797 6120 
4 241 817 483 240 
4 329 330 413 822 
4 1491 1911 1558 1097 
4 6131 6400 6705 6448 
4 4705 4731 4453 4543 
4 6122 5823 5516 5804 
4 336 337 791 513 
4 520 1029 1263 825 
4 2356 1934 1527 1948 
4 2545 2121 1745 2165 
4 2308 2505 2919 2712 
4 5494 5146 4851 5207 
4 4691 5056 5327 4980 
4 3528 3132 2782 3184 
4 6559 6265 5985 6289 
4 3356 2989 2920 3118 
4 4094 3754 3565 3789 
4 5680 5996 6250 5940 
4 8035 7999 7861 8115 
4 2141 1768 1687 1893 
4 2512 2337 2127 2132 
4 3821 3605 3531 3569 
4 7392 7125 6869 7259 
4 236 806 409 235 
4 2732 2178 2389 2578 
4 2172 2561 2594 2376 
4 5152 4809 4534 4847 
4 1672 1887 2308 2107 
4 4286 4001 3576 3919 
4 4158 4266 4552 4827 
4 5165 4986 4821 4843 
4 6138 6413 6698 6436 
4 3343 3134 2909 3113 
4 231 232 480 812 
4 2107 2308 2712 2506 
4 2228 2530 2968 2764 
4 3350 3114 2714 2918 
4 5145 4839 5006 5144 
4 1877 2115 2363 2015 
4 4302 3932 3604 4006 
4 3943 4274 4622 4463 
4 3198 3287 2832 3085 
4 4005 3768 3385 3746 
4 1702 1257 870 1361 
4 1493 1494 1926 1560 
4 3321 2818 2679 3011 
4 3211 3056 2934 3255 
4 238 239 610 808 
4 1921 1585 1130 1484 
4 2225 2108 1929 2140 
4 4808 4532 4130 4488 
4 6919 6772 6459 6631 
4 7658 7870 8102 7890 
4 31 803 418 30 
4 2736 2183 2388 2582 
4 6545 6255 5983 6322 
4 2510 2336 1758 2131 
4 2933 2731 2212 2508 
4 793 510 35 36 
4 1603 1481 1146 1600 
4 5230 5484 5565 5667 
4 1523 1876 2309 2092 
4 3901 3719 3328 3536 
4 4455 4285 3780 4105 
4 5501 5181 4843 5155 
4 7397 7259 6869 7127 
4 1304 1527 1934 1701 
4 2332 2003 1585 1921 
4 2579 3033 3361 2966 
4 4465 4086 3894 4267 
4 3513 3140 2832 3287 
4 4460 4097 4096 4130 
4 5155 4826 4492 4878 
4 4994 5148 5484 5230 
4 2818 2881 2507 2715 
4 3599 3370 4056 3863 
4 4966 5147 4810 4618 
4 3126 2753 2431 2925 
4 44 839 486 43 
4 3900 3622 3357 3556 
4 6443 6690 6974 6760 
4 117 818 429 116 
4 3332 3027 2751 2960 
4 2732 3121 3233 2926 
4 6989 6852 6703 6846 
4 1049 1032 478 796 
4 1898 1522 1074 1475 
4 3123 2763 2433 2921 
4 2570 2748 3159 2984 
4 3748 3938 4265 3974 
4 6769 7043 7252 6985 
4 1038 663 1092 1372 
4 2009 2431 2753 2346 
4 5959 5653 5356 5675 
4 2091 1544 1808 1958 
4 3927 3550 3178 3574 
4 6436 6698 6983 6732 
4 3929 3575 3529 3728 
4 1063 941 1110 1490 
4 2366 2726 3085 2832 
4 701 532 1224 987 
4 2975 3320 3711 3377 
4 224 823 516 223 
4 231 812 614 230 
4 1462 1764 2109 1691 
4 3615 3678 3344 3513 
4 4976 4616 4323 4673 
4 6117 5956 5807 6024 
4 6979 6758 6470 6694 
4 2400 2441 2092 2309 
4 3541 3136 2778 3180 
4 4543 4453 4093 4180 
4 4806 4456 4156 4511 
4 6996 6860 6652 6988 
4 2727 2317 1960 2536 
4 3624 3909 4214 4004 
4 805 410 37 38 
4 4809 4473 4174 4534 
4 5944 6107 6413 6138 
4 6906 7162 7387 7120 
4 224 225 484 823 
4 2342 2592 2933 2508 
4 2786 3338 3522 3121 
4 6698 6413 6251 6470 
4 637 940 689 488 
4 3378 3762 4109 3731 
4 4640 4814 4386 4161 
4 4098 4307 4484 3793 
4 1560 1926 2143 2011 
4 1937 2195 2510 2131 
4 5161 4825 4495 4991 
4 5329 5160 4812 4992 
4 4090 3773 3389 3595 
4 4468 4306 3912 4104 
4 6614 6906 7120 6834 
4 3561 3750 4120 3935 
4 4212 4214 3909 4048 
4 5904 5642 5358 5709 
4 6849 6759 6549 6702 
4 3905 3429 3756 3902 
4 7251 7039 6758 6979 
4 2964 2519 2217 2624 
4 2313 1904 1693 2126 
4 2746 2370 2355 2356 
4 4112 3924 3515 3742 
4 797 34 35 510 
4 4113 3765 3380 3743 
4 4119 3775 3388 3752 
4 1890 1587 1271 1500 
4 2312 2006 1711 1939 
4 4795 4955 5317 5036 
4 233 811 480 232 
4 335 795 463 334 
4 5150 5490 5648 5335 
4 4979 4635 4368 4727 
4 1519 1226 1054 1293 
4 2940 2590 2337 2512 
4 2764 2968 3037 2803 
4 6031 5798 5558 5847 
4 3230 3630 3911 3523 
4 1679 1462 1029 1238 
4 1737 2157 2540 2103 
4 2997 2853 2625 3253 
4 4536 4817 5140 4880 
4 1451 1421 1802 1565 
4 6426 6275 5995 6391 
4 6552 6322 5983 6279 
4 1232 798 478 1032 
4 2137 1889 1325 1680 
4 4657 4143 4342 4767 
4 1458 1670 2097 1887 
4 3724 3366 3036 3523 
4 2117 1540 1798 1953 
4 3229 3627 3870 3534 
4 6405 6251 5826 6128 
4 6629 6600 6417 6542 
4 6287 6614 6834 6546 
4 2924 2520 2310 2719 
4 4867 4885 4622 4731 
4 3735 3544 3473 3669 
4 3006 3327 3715 3407 
4 3228 3408 3635 3367 
4 5490 5150 4850 5224 
4 793 36 37 410 
4 1886 1552 1968 2310 
4 2512 2132 1818 2214 
4 1725 2009 2346 1915 
4 3163 2962 2731 2933 
4 1047 653 511 797 
4 2178 2732 2926 2514 
4 6705 6843 7133 6980 
4 320 321 420 831 
4 3383 3716 4086 3811 
4 6327 6278 6170 6570 
4 6556 6769 6985 6699 
4 2125 1742 1307 1713 
4 2516 2932 3120 2740 
4 6108 5949 5559 5813 
4 5950 5565 5396 5798 
4 5206 5540 5793 5488 
4 6045 5942 5750 6008 
4 7187 7167 6878 7128 
4 3543 2792 3169 3195 
4 4014 3831 3650 4030 
4 3527 3723 4093 3904 
4 322 323 627 828 
4 4104 3912 3426 3727 
4 3630 3999 4268 3911 
4 966 896 539 715 
4 1232 883 603 798 
4 4279 4092 3711 3896 
4 2431 2009 1768 2199 
4 3546 3131 3128 3185 
4 7406 7636 7870 7658 
4 1487 1050 923 1106 
4 2623 2929 3327 3006 
4 3240 3519 3899 3633 
4 4654 4297 4004 4480 
4 4990 4646 4450 4803 
4 6255 6105 5676 5974 
4 23 819 425 22 
4 5655 5337 5053 5496 
4 2315 2128 1681 1909 
4 2520 2227 1795 2099 
4 3132 2729 2528 2782 
4 3907 3530 3335 3725 
4 4297 3948 3574 3914 
4 4975 4822 4333 4647 
4 5792 5657 5254 5462 
4 1888 1560 2011 2344 
4 4801 4537 4139 4374 
4 3999 4371 4624 4268 
4 5149 4858 4532 4808 
4 5223 5323 4892 5141 
4 1473 1895 2007 1586 
4 4456 4271 3939 4094 
4 1507 1087 931 1236 
4 3542 3178 2775 3138 
4 3726 3396 3033 3340 
4 3906 3537 3225 3634 
4 2980 3360 3716 3383 
4 6863 6720 6571 6573 
4 5347 5178 4994 5230 
4 1891 1682 1132 1490 
4 2311 1892 1704 2012 
4 3053 3354 2931 2716 
4 5145 4850 4496 4839 
4 949 646 1404 1194 
4 4646 4278 3954 4450 
4 226 227 621 820 
4 2591 2919 2505 2301 
4 6261 6172 5866 6104 
4 5210 5236 4489 4802 
4 324 827 627 323 
4 2433 2344 2011 2350 
4 2936 2532 2330 2728 
4 4097 3762 3378 3751 
4 1365 934 680 1104 
4 7139 6995 6826 7042 
4 2199 2601 2925 2431 
4 4461 4111 3895 4273 
4 4654 4317 3948 4297 
4 6429 6271 5834 6127 
4 6279 5983 5949 6108 
4 1893 1465 1264 1686 
4 3345 3147 2840 3231 
4 3565 3724 4101 3789 
4 6184 6334 6113 6114 
4 466 880 1287 841 
4 3621 3538 3336 3684 
4 797 511 33 34 
4 1463 1049 654 1230 
4 1904 1471 1234 1693 
4 2635 2636 2300 2441 
4 4881 4634 4370 4795 
4 6631 6419 6138 6436 
4 6572 6288 6178 6403 
4 2117 2514 2626 2316 
4 2730 2928 3337 3137 
4 1233 804 423 1045 
4 7016 7002 6764 6980 
4 864 1327 1720 1269 
4 1480 1090 1025 1235 
4 2121 1697 1308 1745 
4 1087 1507 1915 1533 
4 2121 1913 1695 1697 
4 3859 4056 3370 3678 
4 4182 4030 3783 4153 
4 1048 686 418 803 
4 2134 1748 1311 1707 
4 1067 1054 487 848 
4 1610 1574 1293 1469 
4 3167 2802 2628 2924 
4 4825 4534 4174 4476 
4 6983 6698 6470 6758 
4 1713 1307 1081 1474 
4 3526 3129 2800 3342 
4 4066 3870 3627 4003 
4 5153 4991 4495 4818 
4 2725 2332 1979 2399 
4 1981 2304 2715 2507 
4 3191 3393 3654 3341 
4 2426 2722 3145 2830 
4 4806 4626 4271 4456 
4 6620 6857 6564 6396 
4 1892 1677 1083 1488 
4 1241 1085 1309 1696 
4 3231 3554 3745 3345 
4 4156 4470 4824 4511 
4 6448 6705 6980 6764 
4 1892 1488 1360 1704 
4 2303 2439 2844 2717 
4 780 16 17 432 
4 3527 3199 2833 3137 
4 2951 2950 2739 2427 
4 4653 4283 4107 4479 
4 987 1224 1670 1458 
4 1134 1459 1881 1673 
4 3789 4101 4470 4156 
4 1891 1490 1110 1703 
4 4113 3743 3539 3908 
4 1488 1083 1022 1237 
4 4805 4469 4288 4631 
4 3008 3367 3566 3170 
4 1900 1478 1722 1899 
4 1049 796 512 654 
4 1279 1660 1938 1485 
4 3864 3684 3534 3870 
4 6264 5955 5676 6105 
4 2967 2576 2174 2549 
4 1954 2181 2436 2120 
4 2581 2181 2557 2939 
4 2421 2603 2843 2536 
4 6100 6269 5964 5790 
4 1076 1458 1887 1672 
4 4619 4483 4290 4663 
4 5808 5789 5393 5651 
4 6717 6566 6384 6616 
4 1495 1130 1585 1896 
4 3665 3611 3214 3516 
4 6858 6700 6443 6760 
4 331 816 413 330 
4 1932 1531 2013 2323 
4 220 221 625 829 
4 1697 1463 1230 1308 
4 2515 2335 1894 2128 
4 3137 3337 3723 3527 
4 4340 4646 4990 4690 
4 2532 2936 3066 2745 
4 1484 1130 660 1055 
4 1884 1512 1105 1669 
4 1104 1552 1886 1365 
4 1237 1022 600 792 
4 1474 1081 653 1047 
4 1300 1737 2103 1610 
4 3530 3130 2937 3335 
4 5728 5646 5435 5698 
4 7256 6983 6758 7039 
4 2333 1903 1694 2127 
4 2967 2549 2629 2838 
4 6700 6399 6143 6443 
4 5969 5662 5374 5692 
4 947 1138 1594 1459 
4 1233 868 606 804 
4 1540 2117 2316 1895 
4 4877 5206 5488 5149 
4 803 31 32 607 
4 320 831 628 319 
4 3914 3542 3227 3624 
4 1714 1457 929 1268 
4 798 603 128 129 
4 5492 5222 4977 5152 
4 316 317 485 836 
4 1268 929 482 807 
4 2561 2172 2015 2363 
4 1465 1265 686 1048 
4 5973 5819 5534 5869 
4 6396 6564 6269 6100 
4 1236 809 609 1024 
4 2960 2751 2430 2718 
4 2335 2515 2949 2722 
4 7047 7043 6769 6978 
4 4376 4638 4973 4729 
4 1903 1552 1104 1470 
4 2552 2342 2006 2312 
4 4809 4649 4136 4473 
4 2520 2099 1886 2310 
4 3526 3225 2935 3129 
4 1235 810 482 929 
4 2546 2219 1744 2149 
4 4460 4270 3762 4097 
4 1893 1687 1265 1465 
4 1941 1694 1289 1519 
4 2762 2560 2226 2535 
4 1513 1281 1026 1239 
4 2543 2111 2108 2177 
4 2846 2770 2367 2636 
4 3550 3151 2775 3178 
4 2130 2429 2749 2339 
4 1696 2130 2339 1910 
4 6107 5944 5523 5821 
4 3733 3333 2980 3383 
4 809 28 29 609 
4 814 416 228 229 
4 3905 3580 3185 3429 
4 5017 5269 5646 5380 
4 807 124 125 606 
4 804 606 125 126 
4 6473 6421 6420 6711 
4 1235 1025 611 810 
4 4473 4100 3812 4174 
4 5777 5663 5562 5970 
4 3241 3128 2803 3037 
4 4479 4828 4974 4653 
4 1257 801 509 870 
4 4112 3742 3377 3781 
4 5146 4972 4500 4837 
4 1677 2113 1745 1308 
4 2641 2606 2195 2517 
4 3906 3734 3207 3537 
4 4283 3915 3628 4107 
4 5396 5327 5056 5339 
4 11 605 830 10 
4 690 1068 1297 1071 
4 2551 2428 1968 2333 
4 1055 660 514 813 
4 2716 2931 2548 2336 
4 1707 1480 1457 1916 
4 3155 2932 2516 2747 
4 1276 1039 521 847 
4 2315 1909 1682 2102 
4 2352 2012 1704 1933 
4 3237 2921 2623 3006 
4 3591 3783 4030 3650 
4 6413 6107 5826 6251 
4 3150 2800 2397 2741 
4 4105 3733 3383 3811 
4 4100 3908 3539 3729 
4 5236 5015 4828 4489 
4 1461 1493 1560 1888 
4 3811 4086 4465 4147 
4 2715 2304 2093 2414 
4 5803 5486 5181 5557 
4 5800 5952 5564 5489 
4 3130 2749 2429 2937 
4 2136 1925 1587 1890 
4 3333 3122 2576 2967 
4 2835 3126 3519 3240 
4 4993 5322 5499 5151 
4 2322 2533 2965 2760 
4 742 1229 1486 1013 
4 3537 3207 2791 3142 
4 3436 3255 3127 3450 
4 1238 1029 520 832 
4 1518 1294 942 1255 
4 1167 1126 1674 1421 
4 2350 2623 2921 2433 
4 1494 1232 1032 1266 
4 1056 648 409 806 
4 1262 811 612 1023 
4 519 838 1066 668 
4 1673 1881 2303 2095 
4 1239 812 480 884 
4 5482 5658 5321 5138 
4 322 828 420 321 
4 2790 3341 3450 3127 
4 4100 3729 3427 3812 
4 4393 4153 3783 3983 
4 5790 5964 5658 5482 
4 2517 2195 1937 1983 
4 5821 5513 5667 5712 
4 3150 2741 2527 2930 
4 5804 5516 5225 5487 
4 1268 807 606 868 
4 1501 1096 1033 1243 
4 3145 3328 3719 3517 
4 3195 3169 3035 3563 
4 1052 815 464 661 
4 4731 4622 4274 4453 
4 801 136 137 509 
4 2321 1902 1566 1978 
4 2360 2148 1940 2123 
4 3734 3906 4012 4127 
4 18 824 432 17 
4 861 1473 1586 1229 
4 1369 1569 1930 1477 
4 2540 2214 1818 2103 
4 3339 2976 2573 2958 
4 813 26 27 479 
4 809 479 27 28 
4 2729 2331 2114 2528 
4 3747 3233 3121 3522 
4 3576 4001 4273 3895 
4 5820 5540 5206 5512 
4 1479 1060 676 1131 
4 943 978 1451 1105 
4 1899 2120 2320 1900 
4 4476 4174 3812 4109 
4 5148 4994 4511 4824 
4 5806 5649 5574 5956 
4 1669 1565 2019 1736 
4 2143 1926 1695 1913 
4 2361 2146 1907 2109 
4 940 1290 1136 689 
4 1939 1711 1499 1720 
4 2645 2340 2005 2387 
4 817 241 242 615 
4 1968 2428 2719 2310 
4 799 198 199 470 
4 1364 1024 686 1265 
4 3036 2930 2630 2969 
4 4280 3907 3725 4099 
4 1470 1104 680 1065 
4 2736 3127 3255 2934 
4 816 331 332 604 
4 2559 2167 2148 2360 
4 4999 4832 4536 4880 
4 3351 2946 2573 2976 
4 5556 5810 6119 5841 
4 347 853 522 346 
4 3431 3337 2928 3040 
4 1674 1126 881 1336 
4 3405 3737 4111 3790 
4 1768 2141 2529 2199 
4 5492 5152 4847 5332 
4 2633 2632 2156 2518 
4 2525 2934 3056 2642 
4 825 602 39 40 
4 2111 1717 1929 2108 
4 1237 792 411 924 
4 632 836 1286 937 
4 4371 4643 4986 4691 
4 3726 3340 3139 3531 
4 3003 3349 3737 3405 
4 3965 4351 4628 4276 
4 3563 3035 2963 3238 
4 1055 813 479 931 
4 2351 1896 1585 2003 
4 3129 2935 2547 2733 
4 3449 3650 3831 3411 
4 316 836 632 315 
4 1262 884 480 811 
4 3818 3723 3337 3431 
4 4180 4093 3723 3818 
4 810 611 121 122 
4 2199 2529 2945 2601 
4 1719 1334 886 1278 
4 2725 2522 2003 2332 
4 4478 4175 3765 4113 
4 3560 3359 2995 3549 
4 1508 1681 2128 1894 
4 4998 4656 4325 4724 
4 819 23 24 619 
4 1706 1498 1031 1272 
4 2115 1692 1498 1800 
4 818 117 118 617 
4 1489 1053 1026 1281 
4 2741 2324 2145 2527 
4 5504 5332 4847 5161 
4 3162 2626 2514 2926 
4 2564 2192 1970 2359 
4 3129 2733 2397 2800 
4 5810 5498 5190 5523 
4 147 844 466 146 
4 220 829 426 219 
4 3173 3732 3916 3415 
4 4303 4118 3780 4285 
4 1231 599 517 1260 
4 4831 4478 4136 4649 
4 1933 1704 1360 1702 
4 1979 2346 2753 2399 
4 813 514 25 26 
4 2131 1758 1320 1726 
4 2958 2573 2167 2559 
4 4109 3812 3427 3731 
4 5663 5507 5205 5562 
4 6855 6701 6459 6772 
4 1908 1683 1281 1513 
4 3537 3142 2935 3225 
4 2601 2945 3349 3003 
4 1153 944 457 852 
4 3131 2594 2803 3128 
4 4532 4858 5153 4818 
4 5512 5206 4877 5176 
4 6268 6101 5861 6154 
4 249 852 457 248 
4 2735 2349 2223 2555 
4 2095 2303 2717 2503 
4 2620 3031 3335 2937 
4 5138 5321 4997 4829 
4 1110 1292 1320 1703 
4 2112 1705 1472 1897 
4 1273 1471 1904 1590 
4 2534 2150 1799 2326 
4 2116 2532 2745 2325 
4 3031 3380 3725 3335 
4 1720 1499 1035 1269 
4 815 617 118 119 
4 826 326 327 518 
4 1729 2116 2325 1912 
4 1533 1915 2346 1979 
4 4665 4487 4271 4626 
4 747 526 641 695 
4 3557 3162 2926 3233 
4 4012 3906 3634 3939 
4 1500 1271 926 1240 
4 5148 4824 4624 4980 
4 4625 4811 5154 4872 
4 2518 2118 1736 2318 
4 2149 1744 1309 1715 
4 3814 3591 3190 3552 
4 3754 3526 3342 3565 
4 6123 5862 5520 5802 
4 1498 1706 2129 1800 
4 4473 4136 3908 4100 
4 4048 3909 3517 3719 
4 805 38 39 602 
4 1712 1335 885 1253 
4 2985 3190 3449 3156 
4 3650 3449 3190 3591 
4 2333 1968 1552 1903 
4 1270 1028 425 819 
4 2737 2321 1978 2398 
4 3917 4157 4458 3987 
4 5972 5818 5532 5923 
4 1239 1026 614 812 
4 2124 1897 1472 1690 
4 3538 3066 2936 3336 
4 1053 659 416 814 
4 1052 1036 617 815 
4 3142 2759 2547 2935 
4 5811 5557 5181 5501 
4 6410 6106 5832 6246 
4 1685 1262 1023 1467 
4 2942 2627 2177 2523 
4 133 600 512 132 
4 1502 1085 1034 1244 
4 4768 4627 4373 4702 
4 1065 680 448 843 
4 4638 4280 4099 4467 
4 4820 4467 4175 4499 
4 4126 4457 4488 4310 
4 5063 4820 4499 4864 
4 6472 6427 6233 6568 
4 2126 1693 1311 1748 
4 2138 1769 1335 1712 
4 2533 2322 1923 2135 
4 3201 2992 3162 3557 
4 4851 5177 5495 5207 
4 2135 1923 1496 1699 
4 3756 3567 3207 3734 
4 2354 2013 1531 1901 
4 1257 924 411 801 
4 1469 1067 644 1144 
4 4459 4272 3769 4123 
4 3605 3965 4276 3942 
4 1590 1904 2313 2014 
4 318 834 485 317 
4 1922 1486 1229 1586 
4 2359 1938 1660 2144 
4 2955 2544 2174 2576 
4 1053 814 614 1026 
4 1074 1504 1046 643 
4 3411 3253 3156 3449 
4 1522 1927 1504 1074 
4 3816 4126 4310 4120 
4 3611 3665 4108 3917 
4 4811 4625 4140 4486 
4 5150 4804 4496 4850 
4 1245 818 617 1036 
4 2345 1922 1586 2007 
4 3340 3033 2579 2947 
4 2359 1970 1561 1938 
4 4125 3941 3597 4011 
4 1549 1466 1486 1922 
4 5175 5005 4704 5037 
4 1690 1472 925 1258 
4 1936 1514 1247 1591 
4 5491 5143 4977 5222 
4 2091 2525 2642 2319 
4 2183 2736 2934 2525 
4 2124 1690 1335 1769 
4 822 623 328 329 
4 2111 1753 1312 1717 
4 5158 4971 4688 5054 
4 5339 5558 5798 5396 
4 820 484 225 226 
4 1569 1369 1514 1936 
4 2554 2007 1895 2316 
4 3598 3450 3341 3654 
4 3935 4096 4097 3751 
4 1274 932 413 816 
4 2530 2129 1932 2323 
4 2957 3156 3253 2625 
4 654 1022 1083 1230 
4 1902 1516 1282 1566 
4 1899 1722 1477 1930 
4 2138 1712 1504 1927 
4 3528 3334 2941 3132 
4 340 341 598 405 
4 1721 1274 869 1496 
4 6119 5810 5523 5944 
4 3131 2783 2376 2594 
4 2782 3160 3555 3184 
4 109 110 629 441 
4 149 847 521 148 
4 2135 1699 1319 1756 
4 2123 1721 1496 1923 
4 2115 1877 1505 1692 
4 2952 2567 2157 2506 
4 2834 3130 3530 3232 
4 4003 4281 4647 4333 
4 4701 4984 5335 5057 
4 1692 1246 1031 1498 
4 3535 3161 2835 3240 
4 3916 3732 3967 4288 
4 2603 2421 2554 2961 
4 954 1146 1481 956 
4 1699 1261 1041 1319 
4 2324 2004 1568 1935 
4 2338 1955 1683 1908 
4 2927 2769 2314 2524 
4 2853 2997 3259 2796 
4 2338 1908 1568 2004 
4 1960 1549 1922 2345 
4 4488 4130 4096 4310 
4 1703 1320 1758 2101 
4 2532 2116 1750 2330 
4 3352 2955 2576 3122 
4 1513 1239 884 1368 
4 3729 3339 3154 3427 
4 1083 1677 1308 1230 
4 2741 2397 2004 2324 
4 3147 2735 2555 2840 
4 4838 4666 4457 4628 
4 1712 1253 1046 1504 
4 5601 5494 5207 5553 
4 1684 1363 1028 1270 
4 3751 3378 3362 3562 
4 661 1025 1090 1234 
4 1133 870 509 613 
4 1040 1256 1710 1475 
4 2119 1700 1492 1906 
4 821 515 20 21 
4 2219 2620 2937 2429 
4 2530 2228 1800 2129 
4 3380 3765 4099 3725 
4 669 1033 1096 1247 
4 2961 2554 2316 2626 
4 1272 820 621 1030 
4 4489 4828 4479 4314 
4 4009 3936 3722 4121 
4 2216 2625 2853 2521 
4 1705 1249 925 1472 
4 1935 1568 1368 1685 
4 2317 2105 1571 1914 
4 4638 4376 4000 4280 
4 3199 3570 3925 3548 
4 4986 4643 4317 4821 
4 1715 1502 1362 1940 
4 824 18 19 622 
4 1476 1061 658 1241 
4 827 324 325 465 
4 2727 2566 2105 2317 
4 5062 5004 4819 5174 
4 1726 1320 1292 1460 
4 1258 925 513 791 
4 2328 2102 1682 1891 
4 3161 2725 2399 2835 
4 4117 3720 3389 3773 
4 4288 3967 4346 4631 
4 922 1245 1367 1510 
4 1374 1709 2142 1796 
4 2321 2114 1728 1902 
4 883 1493 1461 1045 
4 3377 3711 4092 3781 
4 3348 3148 2593 2943 
4 4314 4479 4107 4295 
4 1868 2319 2447 2027 
4 4468 4104 3768 4139 
4 141 142 447 833 
4 3172 2742 2385 2791 
4 668 1066 1491 1097 
4 6120 5797 5556 5841 
4 2733 2547 1955 2338 
4 1240 793 410 1035 
4 1272 1031 484 820 
4 4533 4466 4148 4645 
4 2524 2314 1760 2153 
4 4104 3727 3385 3768 
4 1244 1034 623 822 
4 1514 936 669 1247 
4 4345 4480 4004 4214 
4 4002 4293 4633 4372 
4 1485 1079 648 1056 
4 4653 4346 3967 4283 
4 1278 886 486 839 
4 1253 885 597 788 
4 1243 1033 515 821 
4 826 465 325 326 
4 5502 5322 4993 5162 
4 600 1022 654 512 
4 3008 2944 2765 3144 
4 1900 1548 1106 1478 
4 4283 3967 3732 3915 
4 603 883 1045 423 
4 2553 2222 1756 2112 
4 3137 2833 2365 2730 
4 3164 2756 2522 2801 
4 2815 3066 3538 3216 
4 2943 2593 2222 2553 
4 2098 2521 2639 2241 
4 1061 933 465 826 
4 4300 4116 3625 3913 
4 4826 4821 4317 4654 
4 4272 4459 4815 4521 
4 609 418 686 1024 
4 2015 2172 2330 1750 
4 3743 3351 2976 3539 
4 3040 2928 2503 2717 
4 3923 3546 3185 3580 
4 1252 930 608 808 
4 1466 1242 1013 1486 
4 5420 5333 5017 5380 
4 2107 1737 1300 1672 
4 1245 922 429 818 
4 832 520 41 42 
4 3340 2947 2768 3139 
4 5505 5340 5057 5398 
4 1246 823 484 1031 
4 1061 826 518 658 
4 4469 4157 3917 4108 
4 2193 2318 1736 2019 
4 3729 3539 2976 3339 
4 33 511 607 32 
4 2759 2354 1955 2547 
4 1249 795 513 925 
4 1027 660 1130 1495 
4 1250 827 465 933 
4 1014 677 441 629 
4 2593 3148 3166 2965 
4 5867 5792 5541 5963 
4 833 626 140 141 
4 1501 1243 1028 1363 
4 2147 1931 1590 2014 
4 128 603 423 127 
4 2130 1696 1309 1744 
4 2752 2996 3348 2943 
4 1253 788 405 1046 
4 1426 1868 2027 1657 
4 1692 1505 1051 1246 
4 1950 2331 2729 2375 
4 4179 4124 3793 4484 
4 825 40 41 520 
4 1490 1132 687 1063 
4 937 1286 1709 1374 
4 3346 2985 2580 2841 
4 1269 1035 410 805 
4 4295 4107 3628 3925 
4 1246 1051 516 823 
4 1258 791 597 885 
4 4310 4096 3935 4120 
4 4830 4652 4333 4822 
4 936 824 622 669 
4 1367 1245 1036 1273 
4 697 881 1126 540 
4 3928 3555 3232 3631 
4 612 409 648 1023 
4 234 235 409 612 
4 464 611 1025 661 
4 3631 3907 4280 4000 
4 608 930 1056 806 
4 3242 3171 3170 3566 
4 693 529 1138 947 
4 605 11 12 439 
4 29 30 418 609 
4 3533 3054 2771 3325 
4 1797 1467 1079 1561 
4 3555 3160 2834 3232 
4 2155 2503 2928 2730 
4 1978 2339 2749 2398 
4 1261 802 463 1041 
4 4570 4471 4272 4521 
4 2110 1801 1328 1732 
4 834 318 319 628 
4 145 146 466 841 
4 3569 3531 3139 3368 
4 1917 1708 1131 1487 
4 3415 3916 4108 3665 
4 4121 3722 3426 3912 
4 3750 3561 2996 3361 
4 5154 4811 4500 4972 
4 1280 860 420 828 
4 1250 1037 627 827 
4 1648 2098 2241 1843 
4 1282 1476 1910 1566 
4 4917 4815 4625 4872 
4 1088 1531 1932 1497 
4 1566 1910 2339 1978 
4 3166 2956 2760 2965 
4 1548 1900 2320 2016 
4 616 842 1256 1040 
4 1255 829 625 1038 
4 824 936 1283 432 
4 619 514 660 1027 
4 1023 648 1079 1467 
4 605 676 1060 830 
4 842 616 342 343 
4 1516 1250 933 1282 
4 456 846 1068 690 
4 4371 4691 4980 4624 
4 5404 5334 5254 5657 
4 1280 828 627 1037 
4 1544 2091 2319 1868 
4 121 611 464 120 
4 457 944 1069 850 
4 1254 831 420 860 
4 3765 4175 4467 4099 
4 3562 3362 3148 3348 
4 3731 3427 3154 3363 
4 4647 4281 4002 4372 
4 2947 2579 2224 2541 
4 239 240 483 610 
4 537 673 953 538 
4 1030 659 1088 1497 
4 3160 2737 2398 2834 
4 25 514 619 24 
4 3363 3154 2956 3166 
4 634 519 668 1015 
4 1515 1279 930 1252 
4 242 243 403 615 
4 138 613 509 137 
4 13 800 439 12 
4 1254 1042 628 831 
4 618 523 684 941 
4 2841 2580 2180 2531 
4 4284 3928 3631 4000 
4 832 42 43 486 
4 1267 888 485 834 
4 3146 2728 2376 2783 
4 937 666 428 632 
4 1260 517 780 887 
4 2122 1591 1312 1753 
4 4815 4459 4140 4625 
4 530 400 948 642 
4 2118 2002 1553 1884 
4 3915 3732 3173 3533 
4 1911 1491 1294 1698 
4 3915 3533 3325 3628 
4 4648 4284 4000 4376 
4 2150 1730 1318 1799 
4 2795 3153 3564 3189 
4 1267 834 628 1042 
4 2307 1919 1553 2002 
4 954 714 634 1015 
4 615 935 1062 817 
4 215 216 634 714 
4 1286 836 485 888 
4 658 1034 1085 1241 
4 2349 2735 2531 1989 
4 228 416 621 227 
4 2743 2362 1950 2375 
4 1479 1277 1059 1060 
4 1044 794 429 922 
4 1252 808 610 1043 
4 4471 4103 3769 4272 
4 2005 2325 2745 2387 
4 108 109 441 840 
4 1231 923 800 599 
4 2362 2119 1906 1950 
4 2331 1942 1728 2114 
4 1255 942 426 829 
4 839 44 45 631 
4 1051 1505 1092 663 
4 643 1046 405 598 
4 2142 1709 1373 1767 
4 139 620 613 138 
4 2766 2534 2326 2562 
4 841 635 144 145 
4 1050 676 605 439 
4 3564 3153 2941 3334 
4 327 328 623 518 
4 1294 1518 1912 1698 
4 2947 2541 2327 2768 
4 3153 2743 2375 2941 
4 1727 1492 860 1280 
4 416 659 1030 621 
4 19 20 515 622 
4 2556 2124 1769 2224 
4 1064 840 441 677 
4 618 941 1063 835 
4 1062 688 483 817 
4 2966 2752 2185 2556 
4 846 8 9 445 
4 4207 4114 3801 4167 
4 1374 1098 666 937 
4 843 448 46 47 
4 2349 2142 1767 2223 
4 221 222 624 625 
4 4300 3913 3581 3968 
4 222 223 516 624 
4 341 342 616 598 
4 3548 3325 2771 3143 
4 838 519 217 218 
4 518 623 1034 658 
4 432 1283 887 780 
4 1942 1727 1370 1728 
4 4123 3940 3625 4116 
4 199 200 536 470 
4 515 1033 669 622 
4 1754 1989 2531 2180 
4 842 462 946 1256 
4 140 626 620 139 
4 624 516 1051 663 
4 2340 1911 1698 2005 
4 1730 1373 888 1267 
4 1917 1487 1106 1548 
4 1297 1068 1059 1277 
4 1066 838 426 942 
4 845 633 48 49 
4 2437 2327 1927 1522 
4 2541 2138 1927 2327 
4 843 47 48 633 
4 844 147 148 521 
4 428 666 957 790 
4 2231 2154 2105 2566 
4 2438 2364 2314 2769 
4 624 663 1038 625 
4 1291 853 531 943 
4 1421 1451 978 1167 
4 2154 1944 1571 2105 
4 343 344 462 842 
4 3925 3628 3325 3548 
4 846 456 7 8 
4 850 523 246 247 
4 848 487 50 51 
4 840 637 107 108 
4 847 149 150 539 
4 715 539 150 151 
4 1700 1318 1042 1254 
4 2415 2470 1973 2334 
4 1792 1920 1483 1718 
4 845 49 50 487 
4 935 615 403 687 
4 851 105 106 488 
4 1060 1059 445 830 
4 1943 1733 1328 1801 
4 3156 2957 2580 2985 
4 143 630 447 142 
4 848 51 52 636 
4 709 404 1167 978 
4 314 315 632 428 
4 247 248 457 850 
4 1050 439 800 923 
4 1069 684 523 850 
4 1100 673 956 1481 
4 641 851 1070 695 
4 144 635 630 143 
4 1063 687 403 835 
4 1796 1573 1098 1374 
4 2957 2539 2180 2580 
4 483 688 1043 610 
4 1296 946 462 849 
4 978 943 531 709 
4 849 345 346 522 
4 46 448 631 45 
4 1070 851 488 689 
4 522 871 1296 849 
4 526 103 104 641 
4 216 217 519 634 
4 245 246 523 618 
4 640 4 5 528 
4 851 641 104 105 
4 852 249 250 638 
4 853 347 348 531 
4 709 531 348 349 
4 950 542 790 957 
4 106 107 637 488 
4 7 456 527 6 
4 6 527 528 5 
4 399 0 4 640 
4 8856 8761 8762 8695 
4 9597 9502 9528 9526 
4 9253 9300 9301 9173 
CELL_TYPES 10000 
9  
9  
9  
9  
9  
9  
9  
9  
9  
9  
9  
9  
9  
9  
9  
9  
9  
9  
9  
9  
9  
9  
9  
9  
9  
9  
9  
9  
9  
9  
9  
9  
9  
9  
9  
9  
9  
9  
9  
9  
9  
9  
9  
9  
9  
9  
9  
9  
9  
9  
9  
9  
9  
9  
9  
9  
9  
9  
9  
9  
9  
9  
9  
9  
9  
9  
9  
9  
9  
9  
9  
9  
9  
9  
9  
9  
9  
9  
9  
9  
9  
9  
9  
9  
9  
9  
9  
9  
9  
9  
9  
9  
9  
9  
9  
9  
9  
9  
9  
9  
9  
9  
9  
9  
9  
9  
9  
9  
9  
9  
9  
9  
9  
9  
9  
9  
9  
9  
9  
9  
9  
9  
9  
9  
9  
9  
9  
9  
9  
9  
9  
9  
9  
9  
9  
9  
9  
9  
9  
9  
9  
9  
9  
9  
9  
9  
9  
9  
9  
9  
9  
9  
9  
9  
9  
9  
9  
9  
9  
9  
9  
9  
9  
9  
9  
9  
9  
9  
9  
9  
9  
9  
9  
9  
9  
9  
9  
9  
9  
9  
9  
9  
9  
9  
9  
9  
9  
9  
9  
9  
9  
9  
9  
9  
9  
9  
9  
9  
9  
9  
9  
9  
9  
9  
9  
9  
9  
9  
9  
9  
9  
9  
9  
9  
9  
9  
9  
9  
9  
9  
9  
9  
9  
9  
9  
9  
9  
9  
9  
9  
9  
9  
9  
9  
9  
9  
9  
9  
9  
9  
9  
9  
9  
9  
9  
9  
9  
9  
9  
9  
9  
9  
9  
9  
9  
9  
9  
9  
9  
9  
9  
9  
9  
9  
9  
9  
9  
9  
9  
9  
9  
9  
9  
9  
9  
9  
9  
9  
9  
9  
9  
9  
9  
9  
9  
9  
9  
9  
9  
9  
9  
9  
9  
9  
9  
9  
9  
9  
9  
9  
9  
9  
9  
9  
9  
9  
9  
9  
9  
9  
9  
9  
9  
9  
9  
9  
9  
9  
9  
9  
9  
9  
9  
9  
9  
9  
9  
9  
9  
9  
9  
9  
9  
9  
9  
9  
9  
9  
9  
9  
9  
9  
9  
9  
9  
9  
9  
9  
9  
9  
9  
9  
9  
9  
9  
9  
9  
9  
9  
9  
9  
9  
9  
9  
9  
9  
9  
9  
9  
9  
9  
9  
9  
9  
9  
9  
9  
9  
9  
9  
9  
9  
9  
9  
9  
9  
9  
9  
9  
9  
9  
9  
9  
9  
9  
9  
9  
9  
9  
9  
9  
9  
9  
9  
9  
9  
9  
9  
9  
9  
9  
9  
9  
9  
9  
9  
9  
9  
9  
9  
9  
9  
9  
9  
9  
9  
9  
9  
9  
9  
9  
9  
9  
9  
9  
9  
9  
9  
9  
9  
9  
9  
9  
9  
9  
9  
9  
9  
9  
9  
9  
9  
9  
9  
9  
9  
9  
9  
9  
9  
9  
9  
9  
9  
9  
9  
9  
9  
9  
9  
9  
9  
9  
9  
9  
9  
9  
9  
9  
9  
9  
9  
9  
9  
9  
9  
9  
9  
9  
9  
9  
9  
9  
9  
9  
9  
9  
9  
9  
9  
9  
9  
9  
9  
9  
9  
9  
9  
9  
9  
9  
9  
9  
9  
9  
9  
9  
9  
9  
9  
9  
9  
9  
9  
9  
9  
9  
9  
9  
9  
9  
9  
9  
9  
9  
9  
9  
9  
9  
9  
9  
9  
9  
9  
9  
9  
9  
9  
9  
9  
9  
9  
9  
9  
9  
9  
9  
9  
9  
9  
9  
9  
9  
9  
9  
9  
9  
9  
9  
9  
9  
9  
9  
9  
9  
9  
9  
9  
9  
9  
9  
9  
9  
9  
9  
9  
9  
9  
9  
9  
9  
9  
9  
9  
9  
9  
9  
9  
9  
9  
9  
9  
9  
9  
9  
9  
9  
9  
9  
9  
9  
9  
9  
9  
9  
9  
9  
9  
9  
9  
9  
9  
9  
9  
9  
9  
9  
9  
9  
9  
9  
9  
9  
9  
9  
9  
9  
9  
9  
9  
9  
9  
9  
9  
9  
9  
9  
9  
9  
9  
9  
9  
9  
9  
9  
9  
9  
9  
9  
9  
9  
9  
9  
9  
9  
9  
9  
9  
9  
9  
9  
9  
9  
9  
9  
9  
9  
9  
9  
9  
9  
9  
9  
9  
9  
9  
9  
9  
9  
9  
9  
9  
9  
9  
9  
9  
9  
9  
9  
9  
9  
9  
9  
9  
9  
9  
9  
9  
9  
9  
9  
9  
9  
9  
9  
9  
9  
9  
9  
9  
9  
9  
9  
9  
9  
9  
9  
9  
9  
9  
9  
9  
9  
9  
9  
9  
9  
9  
9  
9  
9  
9  
9  
9  
9  
9  
9  
9  
9  
9  
9  
9  
9  
9  
9  
9  
9  
9  
9  
9  
9  
9  
9  
9  
9  
9  
9  
9  
9  
9  
9  
9  
9  
9  
9  
9  
9  
9  
9  
9  
9  
9  
9  
9  
9  
9  
9  
9  
9  
9  
9  
9  
9  
9  
9  
9  
9  
9  
9  
9  
9  
9  
9  
9  
9  
9  
9  
9  
9  
9  
9  
9  
9  
9  
9  
9  
9  
9  
9  
9  
9  
9  
9  
9  
9  
9  
9  
9  
9  
9  
9  
9  
9  
9  
9  
9  
9  
9  
9  
9  
9  
9  
9  
9  
9  
9  
9  
9  
9  
9  
9  
9  
9  
9  
9  
9  
9  
9  
9  
9  
9  
9  
9  
9  
9  
9  
9  
9  
9  
9  
9  
9  
9  
9  
9  
9  
9  
9  
9  
9  
9  
9  
9  
9  
9  
9  
9  
9  
9  
9  
9  
9  
9  
9  
9  
9  
9  
9  
9  
9  
9  
9  
9  
9  
9  
9  
9  
9  
9  
9  
9  
9  
9  
9  
9  
9  
9  
9  
9  
9  
9  
9  
9  
9  
9  
9  
9  
9  
9  
9  
9  
9  
9  
9  
9  
9  
9  
9  
9  
9  
9  
9  
9  
9  
9  
9  
9  
9  
9  
9  
9  
9  
9  
9  
9  
9  
9  
9  
9  
9  
9  
9  
9  
9  
9  
9  
9  
9  
9  
9  
9  
9  
9  
9  
9  
9  
9  
9  
9  
9  
9  
9  
9  
9  
9  
9  
9  
9  
9  
9  
9  
9  
9  
9  
9  
9  
9  
9  
9  
9  
9  
9  
9  
9  
9  
9  
9  
9  
9  
9  
9  
9  
9  
9  
9  
9  
9  
9  
9  
9  
9  
9  
9  
9  
9  
9  
9  
9  
9  
9  
9  
9  
9  
9  
9  
9  
9  
9  
9  
9  
9  
9  
9  
9  
9  
9  
9  
9  
9  
9  
9  
9  
9  
9  
9  
9  
9  
9  
9  
9  
9  
9  
9  
9  
9  
9  
9  
9  
9  
9  
9  
9  
9  
9  
9  
9  
9  
9  
9  
9  
9  
9  
9  
9  
9  
9  
9  
9  
9  
9  
9  
9  
9  
9  
9  
9  
9  
9  
9  
9  
9  
9  
9  
9  
9  
9  
9  
9  
9  
9  
9  
9  
9  
9  
9  
9  
9  
9  
9  
9  
9  
9  
9  
9  
9  
9  
9  
9  
9  
9  
9  
9  
9  
9  
9  
9  
9  
9  
9  
9  
9  
9  
9  
9  
9  
9  
9  
9  
9  
9  
9  
9  
9  
9  
9  
9  
9  
9  
9  
9  
9  
9  
9  
9  
9  
9  
9  
9  
9  
9  
9  
9  
9  
9  
9  
9  
9  
9  
9  
9  
9  
9  
9  
9  
9  
9  
9  
9  
9  
9  
9  
9  
9  
9  
9  
9  
9  
9  
9  
9  
9  
9  
9  
9  
9  
9  
9  
9  
9  
9  
9  
9  
9  
9  
9  
9  
9  
9  
9  
9  
9  
9  
9  
9  
9  
9  
9  
9  
9  
9  
9  
9  
9  
9  
9  
9  
9  
9  
9  
9  
9  
9  
9  
9  
9  
9  
9  
9  
9  
9  
9  
9  
9  
9  
9  
9  
9  
9  
9  
9  
9  
9  
9  
9  
9  
9  
9  
9  
9  
9  
9  
9  
9  
9  
9  
9  
9  
9  
9  
9  
9  
9  
9  
9  
9  
9  
9  
9  
9  
9  
9  
9  
9  
9  
9  
9  
9  
9  
9  
9  
9  
9  
9  
9  
9  
9  
9  
9  
9  
9  
9  
9  
9  
9  
9  
9  
9  
9  
9  
9  
9  
9  
9  
9  
9  
9  
9  
9  
9  
9  
9  
9  
9  
9  
9  
9  
9  
9  
9  
9  
9  
9  
9  
9  
9  
9  
9  
9  
9  
9  
9  
9  
9  
9  
9  
9  
9  
9  
9  
9  
9  
9  
9  
9  
9  
9  
9  
9  
9  
9  
9  
9  
9  
9  
9  
9  
9  
9  
9  
9  
9  
9  
9  
9  
9  
9  
9  
9  
9  
9  
9  
9  
9  
9  
9  
9  
9  
9  
9  
9  
9  
9  
9  
9  
9  
9  
9  
9  
9  
9  
9  
9  
9  
9  
9  
9  
9  
9  
9  
9  
9  
9  
9  
9  
9  
9  
9  
9  
9  
9  
9  
9  
9  
9  
9  
9  
9  
9  
9  
9  
9  
9  
9  
9  
9  
9  
9  
9  
9  
9  
9  
9  
9  
9  
9  
9  
9  
9  
9  
9  
9  
9  
9  
9  
9  
9  
9  
9  
9  
9  
9  
9  
9  
9  
9  
9  
9  
9  
9  
9  
9  
9  
9  
9  
9  
9  
9  
9  
9  
9  
9  
9  
9  
9  
9  
9  
9  
9  
9  
9  
9  
9  
9  
9  
9  
9  
9  
9  
9  
9  
9  
9  
9  
9  
9  
9  
9  
9  
9  
9  
9  
9  
9  
9  
9  
9  
9  
9  
9  
9  
9  
9  
9  
9  
9  
9  
9  
9  
9  
9  
9  
9  
9  
9  
9  
9  
9  
9  
9  
9  
9  
9  
9  
9  
9  
9  
9  
9  
9  
9  
9  
9  
9  
9  
9  
9  
9  
9  
9  
9  
9  
9  
9  
9  
9  
9  
9  
9  
9  
9  
9  
9  
9  
9  
9  
9  
9  
9  
9  
9  
9  
9  
9  
9  
9  
9  
9  
9  
9  
9  
9  
9  
9  
9  
9  
9  
9  
9  
9  
9  
9  
9  
9  
9  
9  
9  
9  
9  
9  
9  
9  
9  
9  
9  
9  
9  
9  
9  
9  
9  
9  
9  
9  
9  
9  
9  
9  
9  
9  
9  
9  
9  
9  
9  
9  
9  
9  
9  
9  
9  
9  
9  
9  
9  
9  
9  
9  
9  
9  
9  
9  
9  
9  
9  
9  
9  
9  
9  
9  
9  
9  
9  
9  
9  
9  
9  
9  
9  
9  
9  
9  
9  
9  
9  
9  
9  
9  
9  
9  
9  
9  
9  
9  
9  
9  
9  
9  
9  
9  
9  
9  
9  
9  
9  
9  
9  
9  
9  
9  
9  
9  
9  
9  
9  
9  
9  
9  
9  
9  
9  
9  
9  
9  
9  
9  
9  
9  
9  
9  
9  
9  
9  
9  
9  
9  
9  
9  
9  
9  
9  
9  
9  
9  
9  
9  
9  
9  
9  
9  
9  
9  
9  
9  
9  
9  
9  
9  
9  
9  
9  
9  
9  
9  
9  
9  
9  
9  
9  
9  
9  
9  
9  
9  
9  
9  
9  
9  
9  
9  
9  
9  
9  
9  
9  
9  
9  
9  
9  
9  
9  
9  
9  
9  
9  
9  
9  
9  
9  
9  
9  
9  
9  
9  
9  
9  
9  
9  
9  
9  
9  
9  
9  
9  
9  
9  
9  
9  
9  
9  
9  
9  
9  
9  
9  
9  
9  
9  
9  
9  
9  
9  
9  
9  
9  
9  
9  
9  
9  
9  
9  
9  
9  
9  
9  
9  
9  
9  
9  
9  
9  
9  
9  
9  
9  
9  
9  
9  
9  
9  
9  
9  
9  
9  
9  
9  
9  
9  
9  
9  
9  
9  
9  
9  
9  
9  
9  
9  
9  
9  
9  
9  
9  
9  
9  
9  
9  
9  
9  
9  
9  
9  
9  
9  
9  
9  
9  
9  
9  
9  
9  
9  
9  
9  
9  
9  
9  
9  
9  
9  
9  
9  
9  
9  
9  
9  
9  
9  
9  
9  
9  
9  
9  
9  
9  
9  
9  
9  
9  
9  
9  
9  
9  
9  
9  
9  
9  
9  
9  
9  
9  
9  
9  
9  
9  
9  
9  
9  
9  
9  
9  
9  
9  
9  
9  
9  
9  
9  
9  
9  
9  
9  
9  
9  
9  
9  
9  
9  
9  
9  
9  
9  
9  
9  
9  
9  
9  
9  
9  
9  
9  
9  
9  
9  
9  
9  
9  
9  
9  
9  
9  
9  
9  
9  
9  
9  
9  
9  
9  
9  
9  
9  
9  
9  
9  
9  
9  
9  
9  
9  
9  
9  
9  
9  
9  
9  
9  
9  
9  
9  
9  
9  
9  
9  
9  
9  
9  
9  
9  
9  
9  
9  
9  
9  
9  
9  
9  
9  
9  
9  
9  
9  
9  
9  
9  
9  
9  
9  
9  
9  
9  
9  
9  
9  
9  
9  
9  
9  
9  
9  
9  
9  
9  
9  
9  
9  
9  
9  
9  
9  
9  
9  
9  
9  
9  
9  
9  
9  
9  
9  
9  
9  
9  
9  
9  
9  
9  
9  
9  
9  
9  
9  
9  
9  
9  
9  
9  
9  
9  
9  
9  
9  
9  
9  
9  
9  
9  
9  
9  
9  
9  
9  
9  
9  
9  
9  
9  
9  
9  
9  
9  
9  
9  
9  
9  
9  
9  
9  
9  
9  
9  
9  
9  
9  
9  
9  
9  
9  
9  
9  
9  
9  
9  
9  
9  
9  
9  
9  
9  
9  
9  
9  
9  
9  
9  
9  
9  
9  
9  
9  
9  
9  
9  
9  
9  
9  
9  
9  
9  
9  
9  
9  
9  
9  
9  
9  
9  
9  
9  
9  
9  
9  
9  
9  
9  
9  
9  
9  
9  
9  
9  
9  
9  
9  
9  
9  
9  
9  
9  
9  
9  
9  
9  
9  
9  
9  
9  
9  
9  
9  
9  
9  
9  
9  
9  
9  
9  
9  
9  
9  
9  
9  
9  
9  
9  
9  
9  
9  
9  
9  
9  
9  
9  
9  
9  
9  
9  
9  
9  
9  
9  
9  
9  
9  
9  
9  
9  
9  
9  
9  
9  
9  
9  
9  
9  
9  
9  
9  
9  
9  
9  
9  
9  
9  
9  
9  
9  
9  
9  
9  
9  
9  
9  
9  
9  
9  
9  
9  
9  
9  
9  
9  
9  
9  
9  
9  
9  
9  
9  
9  
9  
9  
9  
9  
9  
9  
9  
9  
9  
9  
9  
9  
9  
9  
9  
9  
9  
9  
9  
9  
9  
9  
9  
9  
9  
9  
9  
9  
9  
9  
9  
9  
9  
9  
9  
9  
9  
9  
9  
9  
9  
9  
9  
9  
9  
9  
9  
9  
9  
9  
9  
9  
9  
9  
9  
9  
9  
9  
9  
9  
9  
9  
9  
9  
9  
9  
9  
9  
9  
9  
9  
9  
9  
9  
9  
9  
9  
9  
9  
9  
9  
9  
9  
9  
9  
9  
9  
9  
9  
9  
9  
9  
9  
9  
9  
9  
9  
9  
9  
9  
9  
9  
9  
9  
9  
9  
9  
9  
9  
9  
9  
9  
9  
9  
9  
9  
9  
9  
9  
9  
9  
9  
9  
9  
9  
9  
9  
9  
9  
9  
9  
9  
9  
9  
9  
9  
9  
9  
9  
9  
9  
9  
9  
9  
9  
9  
9  
9  
9  
9  
9  
9  
9  
9  
9  
9  
9  
9  
9  
9  
9  
9  
9  
9  
9  
9  
9  
9  
9  
9  
9  
9  
9  
9  
9  
9  
9  
9  
9  
9  
9  
9  
9  
9  
9  
9  
9  
9  
9  
9  
9  
9  
9  
9  
9  
9  
9  
9  
9  
9  
9  
9  
9  
9  
9  
9  
9  
9  
9  
9  
9  
9  
9  
9  
9  
9  
9  
9  
9  
9  
9  
9  
9  
9  
9  
9  
9  
9  
9  
9  
9  
9  
9  
9  
9  
9  
9  
9  
9  
9  
9  
9  
9  
9  
9  
9  
9  
9  
9  
9  
9  
9  
9  
9  
9  
9  
9  
9  
9  
9  
9  
9  
9  
9  
9  
9  
9  
9  
9  
9  
9  
9  
9  
9  
9  
9  
9  
9  
9  
9  
9  
9  
9  
9  
9  
9  
9  
9  
9  
9  
9  
9  
9  
9  
9  
9  
9  
9  
9  
9  
9  
9  
9  
9  
9  
9  
9  
9  
9  
9  
9  
9  
9  
9  
9  
9  
9  
9  
9  
9  
9  
9  
9  
9  
9  
9  
9  
9  
9  
9  
9  
9  
9  
9  
9  
9  
9  
9  
9  
9  
9  
9  
9  
9  
9  
9  
9  
9  
9  
9  
9  
9  
9  
9  
9  
9  
9  
9  
9  
9  
9  
9  
9  
9  
9  
9  
9  
9  
9  
9  
9  
9  
9  
9  
9  
9  
9  
9  
9  
9  
9  
9  
9  
9  
9  
9  
9  
9  
9  
9  
9  
9  
9  
9  
9  
9  
9  
9  
9  
9  
9  
9  
9  
9  
9  
9  
9  
9  
9  
9  
9  
9  
9  
9  
9  
9  
9  
9  
9  
9  
9  
9  
9  
9  
9  
9  
9  
9  
9  
9  
9  
9  
9  
9  
9  
9  
9  
9  
9  
9  
9  
9  
9  
9  
9  
9  
9  
9  
9  
9  
9  
9  
9  
9  
9  
9  
9  
9  
9  
9  
9  
9  
9  
9  
9  
9  
9  
9  
9  
9  
9  
9  
9  
9  
9  
9  
9  
9  
9  
9  
9  
9  
9  
9  
9  
9  
9  
9  
9  
9  
9  
9  
9  
9  
9  
9  
9  
9  
9  
9  
9  
9  
9  
9  
9  
9  
9  
9  
9  
9  
9  
9  
9  
9  
9  
9  
9  
9  
9  
9  
9  
9  
9  
9  
9  
9  
9  
9  
9  
9  
9  
9  
9  
9  
9  
9  
9  
9  
9  
9  
9  
9  
9  
9  
9  
9  
9  
9  
9  
9  
9  
9  
9  
9  
9  
9  
9  
9  
9  
9  
9  
9  
9  
9  
9  
9  
9  
9  
9  
9  
9  
9  
9  
9  
9  
9  
9  
9  
9  
9  
9  
9  
9  
9  
9  
9  
9  
9  
9  
9  
9  
9  
9  
9  
9  
9  
9  
9  
9  
9  
9  
9  
9  
9  
9  
9  
9  
9  
9  
9  
9  
9  
9  
9  
9  
9  
9  
9  
9  
9  
9  
9  
9  
9  
9  
9  
9  
9  
9  
9  
9  
9  
9  
9  
9  
9  
9  
9  
9  
9  
9  
9  
9  
9  
9  
9  
9  
9  
9  
9  
9  
9  
9  
9  
9  
9  
9  
9  
9  
9  
9  
9  
9  
9  
9  
9  
9  
9  
9  
9  
9  
9  
9  
9  
9  
9  
9  
9  
9  
9  
9  
9  
9  
9  
9  
9  
9  
9  
9  
9  
9  
9  
9  
9  
9  
9  
9  
9  
9  
9  
9  
9  
9  
9  
9  
9  
9  
9  
9  
9  
9  
9  
9  
9  
9  
9  
9  
9  
9  
9  
9  
9  
9  
9  
9  
9  
9  
9  
9  
9  
9  
9  
9  
9  
9  
9  
9  
9  
9  
9  
9  
9  
9  
9  
9  
9  
9  
9  
9  
9  
9  
9  
9  
9  
9  
9  
9  
9  
9  
9  
9  
9  
9  
9  
9  
9  
9  
9  
9  
9  
9  
9  
9  
9  
9  
9  
9  
9  
9  
9  
9  
9  
9  
9  
9  
9  
9  
9  
9  
9  
9  
9  
9  
9  
9  
9  
9  
9  
9  
9  
9  
9  
9  
9  
9  
9  
9  
9  
9  
9  
9  
9  
9  
9  
9  
9  
9  
9  
9  
9  
9  
9  
9  
9  
9  
9  
9  
9  
9  
9  
9  
9  
9  
9  
9  
9  
9  
9  
9  
9  
9  
9  
9  
9  
9  
9  
9  
9  
9  
9  
9  
9  
9  
9  
9  
9  
9  
9  
9  
9  
9  
9  
9  
9  
9  
9  
9  
9  
9  
9  
9  
9  
9  
9  
9  
9  
9  
9  
9  
9  
9  
9  
9  
9  
9  
9  
9  
9  
9  
9  
9  
9  
9  
9  
9  
9  
9  
9  
9  
9  
9  
9  
9  
9  
9  
9  
9  
9  
9  
9  
9  
9  
9  
9  
9  
9  
9  
9  
9  
9  
9  
9  
9  
9  
9  
9  
9  
9  
9  
9  
9  
9  
9  
9  
9  
9  
9  
9  
9  
9  
9  
9  
9  
9  
9  
9  
9  
9  
9  
9  
9  
9  
9  
9  
9  
9  
9  
9  
9  
9  
9  
9  
9  
9  
9  
9  
9  
9  
9  
9  
9  
9  
9  
9  
9  
9  
9  
9  
9  
9  
9  
9  
9  
9  
9  
9  
9  
9  
9  
9  
9  
9  
9  
9  
9  
9  
9  
9  
9  
9  
9  
9  
9  
9  
9  
9  
9  
9  
9  
9  
9  
9  
9  
9  
9  
9  
9  
9  
9  
9  
9  
9  
9  
9  
9  
9  
9  
9  
9  
9  
9  
9  
9  
9  
9  
9  
9  
9  
9  
9  
9  
9  
9  
9  
9  
9  
9  
9  
9  
9  
9  
9  
9  
9  
9  
9  
9  
9  
9  
9  
9  
9  
9  
9  
9  
9  
9  
9  
9  
9  
9  
9  
9  
9  
9  
9  
9  
9  
9  
9  
9  
9  
9  
9  
9  
9  
9  
9  
9  
9  
9  
9  
9  
9  
9  
9  
9  
9  
9  
9  
9  
9  
9  
9  
9  
9  
9  
9  
9  
9  
9  
9  
9  
9  
9  
9  
9  
9  
9  
9  
9  
9  
9  
9  
9  
9  
9  
9  
9  
9  
9  
9  
9  
9  
9  
9  
9  
9  
9  
9  
9  
9  
9  
9  
9  
9  
9  
9  
9  
9  
9  
9  
9  
9  
9  
9  
9  
9  
9  
9  
9  
9  
9  
9  
9  
9  
9  
9  
9  
9  
9  
9  
9  
9  
9  
9  
9  
9  
9  
9  
9  
9  
9  
9  
9  
9  
9  
9  
9  
9  
9  
9  
9  
9  
9  
9  
9  
9  
9  
9  
9  
9  
9  
9  
9  
9  
9  
9  
9  
9  
9  
9  
9  
9  
9  
9  
9  
9  
9  
9  
9  
9  
9  
9  
9  
9  
9  
9  
9  
9  
9  
9  
9  
9  
9  
9  
9  
9  
9  
9  
9  
9  
9  
9  
9  
9  
9  
9  
9  
9  
9  
9  
9  
9  
9  
9  
9  
9  
9  
9  
9  
9  
9  
9  
9  
9  
9  
9  
9  
9  
9  
9  
9  
9  
9  
9  
9  
9  
9  
9  
9  
9  
9  
9  
9  
9  
9  
9  
9  
9  
9  
9  
9  
9  
9  
9  
9  
9  
9  
9  
9  
9  
9  
9  
9  
9  
9  
9  
9  
9  
9  
9  
9  
9  
9  
9  
9  
9  
9  
9  
9  
9  
9  
9  
9  
9  
9  
9  
9  
9  
9  
9  
9  
9  
9  
9  
9  
9  
9  
9  
9  
9  
9  
9  
9  
9  
9  
9  
9  
9  
9  
9  
9  
9  
9  
9  
9  
9  
9  
9  
9  
9  
9  
9  
9  
9  
9  
9  
9  
9  
9  
9  
9  
9  
9  
9  
9  
9  
9  
9  
9  
9  
9  
9  
9  
9  
9  
9  
9  
9  
9  
9  
9  
9  
9  
9  
9  
9  
9  
9  
9  
9  
9  
9  
9  
9  
9  
9  
9  
9  
9  
9  
9  
9  
9  
9  
9  
9  
9  
9  
9  
9  
9  
9  
9  
9  
9  
9  
9  
9  
9  
9  
9  
9  
9  
9  
9  
9  
9  
9  
9  
9  
9  
9  
9  
9  
9  
9  
9  
9  
9  
9  
9  
9  
9  
9  
9  
9  
9  
9  
9  
9  
9  
9  
9  
9  
9  
9  
9  
9  
9  
9  
9  
9  
9  
9  
9  
9  
9  
9  
9  
9  
9  
9  
9  
9  
9  
9  
9  
9  
9  
9  
9  
9  
9  
9  
9  
9  
9  
9  
9  
9  
9  
9  
9  
9  
9  
9  
9  
9  
9  
9  
9  
9  
9  
9  
9  
9  
9  
9  
9  
9  
9  
9  
9  
9  
9  
9  
9  
9  
9  
9  
9  
9  
9  
9  
9  
9  
9  
9  
9  
9  
9  
9  
9  
9  
9  
9  
9  
9  
9  
9  
9  
9  
9  
9  
9  
9  
9  
9  
9  
9  
9  
9  
9  
9  
9  
9  
9  
9  
9  
9  
9  
9  
9  
9  
9  
9  
9  
9  
9  
9  
9  
9  
9  
9  
9  
9  
9  
9  
9  
9  
9  
9  
9  
9  
9  
9  
9  
9  
9  
9  
9  
9  
9  
9  
9  
9  
9  
9  
9  
9  
9  
9  
9  
9  
9  
9  
9  
9  
9  
9  
9  
9  
9  
9  
9  
9  
9  
9  
9  
9  
9  
9  
9  
9  
9  
9  
9  
9  
9  
9  
9  
9  
9  
9  
9  
9  
9  
9  
9  
9  
9  
9  
9  
9  
9  
9  
9  
9  
9  
9  
9  
9  
9  
9  
9  
9  
9  
9  
9  
9  
9  
9  
9  
9  
9  
9  
9  
9  
9  
9  
9  
9  
9  
9  
9  
9  
9  
9  
9  
9  
9  
9  
9  
9  
9  
9  
9  
9  
9  
9  
9  
9  
9  
9  
9  
9  
9  
9  
9  
9  
9  
9  
9  
9  
9  
9  
9  
9  
9  
9  
9  
9  
9  
9  
9  
9  
9  
9  
9  
9  
9  
9  
9  
9  
9  
9  
9  
9  
9  
9  
9  
9  
9  
9  
9  
9  
9  
9  
9  
9  
9  
9  
9  
9  
9  
9  
9  
9  
9  
9  
9  
9  
9  
9  
9  
9  
9  
9  
9  
9  
9  
9  
9  
9  
9  
9  
9  
9  
9  
9  
9  
9  
9  
9  
9  
9  
9  
9  
9  
9  
9  
9  
9  
9  
9  
9  
9  
9  
9  
9  
9  
9  
9  
9  
9  
9  
9  
9  
9  
9  
9  
9  
9  
9  
9  
9  
9  
9  
9  
9  
9  
9  
9  
9  
9  
9  
9  
9  
9  
9  
9  
9  
9  
9  
9  
9  
9  
9  
9  
9  
9  
9  
9  
9  
9  
9  
9  
9  
9  
9  
9  
9  
9  
9  
9  
9  
9  
9  
9  
9  
9  
9  
9  
9  
9  
9  
9  
9  
9  
9  
9  
9  
9  
9  
9  
9  
9  
9  
9  
9  
9  
9  
9  
9  
9  
9  
9  
9  
9  
9  
9  
9  
9  
9  
9  
9  
9  
9  
9  
9  
9  
9  
9  
9  
9  
9  
9  
9  
9  
9  
9  
9  
9  
9  
9  
9  
9  
9  
9  
9  
9  
9  
9  
9  
9  
9  
9  
9  
9  
9  
9  
9  
9  
9  
9  
9  
9  
9  
9  
9  
9  
9  
9  
9  
9  
9  
9  
9  
9  
9  
9  
9  
9  
9  
9  
9  
9  
9  
9  
9  
9  
9  
9  
9  
9  
9  
9  
9  
9  
9  
9  
9  
9  
9  
9  
9  
9  
9  
9  
9  
9  
9  
9  
9  
9  
9  
9  
9  
9  
9  
9  
9  
9  
9  
9  
9  
9  
9  
9  
9  
9  
9  
9  
9  
9  
9  
9  
9  
9  
9  
9  
9  
9  
9  
9  
9  
9  
9  
9  
9  
9  
9  
9  
9  
9  
9  
9  
9  
9  
9  
9  
9  
9  
9  
9  
9  
9  
9  
9  
9  
9  
9  
9  
9  
9  
9  
9  
9  
9  
9  
9  
9  
9  
9  
9  
9  
9  
9  
9  
9  
9  
9  
9  
9  
9  
9  
9  
9  
9  
9  
9  
9  
9  
9  
9  
9  
9  
9  
9  
9  
9  
9  
9  
9  
9  
9  
9  
9  
9  
9  
9  
9  
9  
9  
9  
9  
9  
9  
9  
9  
9  
9  
9  
9  
9  
9  
9  
9  
9  
9  
9  
9  
9  
9  
9  
9  
9  
9  
9  
9  
9  
9  
9  
9  
9  
9  
9  
9  
9  
9  
9  
9  
9  
9  
9  
9  
9  
9  
9  
9  
9  
9  
9  
9  
9  
9  
9  
9  
9  
9  
9  
9  
9  
9  
9  
9  
9  
9  
9  
9  
9  
9  
9  
9  
9  
9  
9  
9  
9  
9  
9  
9  
9  
9  
9  
9  
9  
9  
9  
9  
9  
9  
9  
9  
9  
9  
9  
9  
9  
9  
9  
9  
9  
9  
9  
9  
9  
9  
9  
9  
9  
9  
9  
9  
9  
9  
9  
9  
9  
9  
9  
9  
9  
9  
9  
9  
9  
9  
9  
9  
9  
9  
9  
9  
9  
9  
9  
9  
9  
9  
9  
9  
9  
9  
9  
9  
9  
9  
9  
9  
9  
9  
9  
9  
9  
9  
9  
9  
9  
9  
9  
9  
9  
9  
9  
9  
9  
9  
9  
9  
9  
9  
9  
9  
9  
9  
9  
9  
9  
9  
9  
9  
9  
9  
9  
9  
9  
9  
9  
9  
9  
9  
9  
9  
9  
9  
9  
9  
9  
9  
9  
9  
9  
9  
9  
9  
9  
9  
9  
9  
9  
9  
9  
9  
9  
9  
9  
9  
9  
9  
9  
9  
9  
9  
9  
9  
9  
9  
9  
9  
9  
9  
9  
9  
9  
9  
9  
9  
9  
9  
9  
9  
9  
9  
9  
9  
9  
9  
9  
9  
9  
9  
9  
9  
9  
9  
9  
9  
9  
9  
9  
9  
9  
9  
9  
9  
9  
9  
9  
9  
9  
9  
9  
9  
9  
9  
9  
9  
9  
9  
9  
9  
9  
9  
9  
9  
9  
9  
9  
9  
9  
9  
9  
9  
9  
9  
9  
9  
9  
9  
9  
9  
9  
9  
9  
9  
9  
9  
9  
9  
9  
9  
9  
9  
9  
9  
9  
9  
9  
9  
9  
9  
9  
9  
9  
9  
9  
9  
9  
9  
9  
9  
9  
9  
9  
9  
9  
9  
9  
9  
9  
9  
9  
9  
9  
9  
9  
9  
9  
9  
9  
9  
9  
9  
9  
9  
9  
9  
9  
9  
9  
9  
9  
9  
9  
9  
9  
9  
9  
9  
9  
9  
9  
9  
9  
9  
9  
9  
9  
9  
9  
9  
9  
9  
9  
9  
9  
9  
9  
9  
9  
9  
9  
9  
9  
9  
9  
9  
9  
9  
9  
9  
9  
9  
9  
9  
9  
9  
9  
9  
9  
9  
9  
9  
9  
9  
9  
9  
9  
9  
9  
9  
9  
9  
9  
9  
9  
9  
9  
9  
9  
9  
9  
9  
9  
9  
9  
9  
9  
9  
9  
9  
9  
9  
9  
9  
9  
9  
9  
9  
9  
9  
9  
9  
9  
9  
9  
9  
9  
9  
9  
9  
9  
9  
9  
9  
9  
9  
9  
9  
9  
9  
9  
9  
9  
9  
9  
9  
9  
9  
9  
9  
9  
9  
9  
9  
9  
9  
9  
9  
9  
9  
9  
9  
9  
9  
9  
9  
9  
9  
9  
9  
9  
9  
9  
9  
9  
9  
9  
9  
9  
9  
9  
9  
9  
9  
9  
9  
9  
9  
9  
9  
9  
9  
9  
9  
9  
9  
9  
9  
9  
9  
9  
9  
9  
9  
9  
9  
9  
9  
9  
9  
9  
9  
9  
9  
9  
9  
9  
9  
9  
9  
9  
9  
9  
9  
9  
9  
9  
9  
9  
9  
9  
9  
9  
9  
9  
9  
9  
9  
9  
9  
9  
9  
9  
9  
9  
9  
9  
9  
9  
9  
9  
9  
9  
9  
9  
9  
9  
9  
9  
9  
9  
9  
9  
9  
9  
9  
9  
9  
9  
9  
9  
9  
9  
9  
9  
9  
9  
9  
9  
9  
9  
9  
9  
9  
9  
9  
9  
9  
9  
9  
9  
9  
9  
9  
9  
9  
9  
9  
9  
9  
9  
9  
9  
9  
9  
9  
9  
9  
9  
9  
9  
9  
9  
9  
9  
9  
9  
9  
9  
9  
9  
9  
9  
9  
9  
9  
9  
9  
9  
9  
9  
9  
9  
9  
9  
9  
9  
9  
9  
9  
9  
9  
9  
9  
9  
9  
9  
9  
9  
9  
9  
9  
9  
9  
9  
9  
9  
9  
9  
9  
9  
9  
9  
9  
9  
9  
9  
9  
9  
9  
9  
9  
9  
9  
9  
9  
9  
9  
9  
9  
9  
9  
9  
9  
9  
9  
9  
9  
9  
9  
9  
9  
9  
9  
9  
9  
9  
9  
9  
9  
9  
9  
9  
9  
9  
9  
9  
9  
9  
9  
9  
9  
9  
9  
9  
9  
9  
9  
9  
9  
9  
9  
9  
9  
9  
9  
9  
9  
9  
9  
9  
9  
9  
9  
9  
9  
9  
9  
9  
9  
9  
9  
9  
9  
9  
9  
9  
9  
9  
9  
9  
9  
9  
9  
9  
9  
9  
9  
9  
9  
9  
9  
9  
9  
9  
9  
9  
9  
9  
9  
9  
9  
9  
9  
9  
9  
9  
9  
9  
9  
9  
9  
9  
9  
9  
9  
9  
9  
9  
9  
9  
9  
9  
9  
9  
9  
9  
9  
9  
9  
9  
9  
9  
9  
9  
9  
9  
9  
9  
9  
9  
9  
9  
9  
9  
9  
9  
9  
9  
9  
9  
9  
9  
9  
9  
9  
9  
9  
9  
9  
9  
9  
9  
9  
9  
9  
9  
9  
9  
9  
9  
9  
9  
9  
9  
9  
9  
9  
9  
9  
9  
9  
9  
9  
9  
9  
9  
9  
9  
9  
9  
9  
9  
9  
9  
9  
9  
9  
9  
9  
9  
9  
9  
9  
9  
9  
9  
9  
9  
9  
9  
9  
9  
9  
9  
9  
9  
9  
9  
9  
9  
9  
9  
9  
9  
9  
9  
9  
9  
9  
9  
9  
9  
9  
9  
9  
9  
9  
9  
9  
9  
9  
9  
9  
9  
9  
9  
9  
9  
9  
9  
9  
9  
9  
9  
9  
9  
9  
9  
9  
9  
9  
9  
9  
9  
9  
9  
9  
9  
9  
9  
9  
9  
9  
9  
9  
9  
9  
9  
9  
9  
9  
9  
9  
9  
9  
9  
9  
9  
9  
9  
9  
9  
9  
9  
9  
9  
9  
9  
9  
9  
9  
9  
9  
9  
9  
9  
9  
9  
9  
9  
9  
9  
9  
9  
9  
9  
9  
9  
9  
9  
9  
9  
9  
9  
9  
9  
9  
9  
9  
9  
9  
9  
9  
9  
9  
9  
9  
9  
9  
9  
9  
9  
9  
9  
9  
9  
9  
9  
9  
9  
9  
9  
9  
9  
9  
9  
9  
9  
9  
9  
9  
9  
9  
9  
9  
9  
9  
9  
9  
9  
9  
9  
9  
9  
9  
9  
9  
9  
9  
9  
9  
9  
9  
9  
9  
9  
9  
9  
9  
9  
9  
9  
9  
9  
9  
9  
9  
9  
9  
9  
9  
9  
9  
9  
9  
9  
9  
9  
9  
9  
9  
9  
9  
9  
9  
9  
9  
9  
9  
9  
9  
9  
9  
9  
9  
9  
9  
9  
9  
9  
9  
9  
9  
9  
9  
9  
9  
9  
9  
9  
9  
9  
9  
9  
9  
9  
9  
9  
9  
9  
9  
9  
9  
9  
9  
9  
9  
9  
9  
9  
9  
9  
9  
9  
9  
9  
9  
9  
9  
9  
9  
9  
9  
9  
9  
9  
9  
9  
9  
9  
9  
9  
9  
9  
9  
9  
9  
9  
9  
9  
9  
9  
9  
9  
9  
9  
9  
9  
9  
9  
9  
9  
9  
9  
9  
9  
9  
9  
9  
9  
9  
9  
9  
9  
9  
9  
9  
9  
9  
9  
9  
9  
9  
9  
9  
9  
9  
9  
9  
9  
9  
9  
9  
9  
9  
9  
9  
9  
9  
9  
9  
9  
9  
9  
9  
9  
9  
9  
9  
9  
9  
9  
9  
9  
9  
9  
9  
9  
9  
9  
9  
9  
9  
9  
9  
9  
9  
9  
9  
9  
9  
9  
9  
9  
9  
9  
9  
9  
9  
9  
9  
9  
9  
9  
9  
9  
9  
9  
9  
9  
9  
9  
9  
9  
9  
9  
9  
9  
9  
9  
9  
9  
9  
9  
9  
9  
9  
9  
9  
9  
9  
9  
9  
9  
9  
9  
9  
9  
9  
9  
9  
9  
9  
9  
9  
9  
9  
9  
9  
9  
9  
9  
9  
9  
9  
9  
9  
9  
9  
9  
9  
9  
9  
9  
9  
9  
9  
9  
9  
9  
9  
9  
9  
9  
9  
9  
9  
9  
9  
9  
9  
9  
9  
9  
9  
9  
9  
9  
9  
9  
9  
9  
9  
9  
9  
9  
9  
9  
9  
9  
9  
9  
9  
9  
9  
9  
9  
9  
9  
9  
9  
9  
9  
9  
9  
9  
9  
9  
9  
9  
9  
9  
9  
9  
9  
9  
9  
9  
9  
9  
9  
9  
9  
9  
9  
9  
9  
9  
9  
9  
9  
9  
9  
9  
9  
9  
9  
9  
9  
9  
9  
9  
9  
9  
9  
9  
9  
9  
9  
9  
9  
9  
9  
9  
9  
9  
9  
9  
9  
9  
9  
9  
9  
9  
9  
9  
9  
9  
9  
9  
9  
9  
9  
9  
9  
9  
9  
9  
9  
9  
9  
9  
9  
9  
9  
9  
9  
9  
9  
9  
9  
9  
9  
9  
9  
9  
9  
9  
9  
9  
9  
9  
9  
9  
9  
9  
9  
9  
9  
9  
9  
9  
9  
9  
9  
9  
9  
9  
9  
9  
9  
9  
9  
9  
9  
9  
9  
9  
9  
9  
9  
9  
9  
9  
9  
9  
9  
9  
9  
9  
9  
9  
9  
9  
9  
9  
9  
9  
9  
9  
9  
9  
9  
9  
9  
9  
9  
9  
9  
9  
9  
9  
9  
9  
9  
9  
9  
9  
9  
9  
9  
9  
9  
9  
9  
9  
9  
9  
9  
9  
9  
9  
9  
9  
9  
9  
9  
9  
9  
9  
9  
9  
9  
9  
9  
9  
9  
9  
9  
9  
9  
9  
9  
9  
9  
9  
9  
9  
9  
9  
9  
9  
9  
9  
9  
9  
9  
9  
9  
9  
9  
9  
9  
9  
9  
9  
9  
9  
9  
9  
9  
9  
9  
9  
9  
9  
9  
9  
9  
9  
9  
9  
9  
9  
9  
9  
9  
9  
9  
9  
9  
9  
9  
9  
9  
9  
9  
9  
9  
9  
9  
9  
9  
9  
9  
9  
9  
9  
9  
9  
9  
9  
9  
9  
9  
9  
9  
9  
9  
9  
9  
9  
9  
9  
9  
9  
9  
9  
9  
9  
9  
9  
9  
9  
9  
9  
9  
9  
9  
9  
9  
9  
9  
9  
9  
9  
9  
9  
9  
9  
9  
9  
9  
9  
9  
9  
9  
9  
9  
9  
9  
9  
9  
9  
9  
9  
9  
9  
9  
9  
9  
9  
9  
9  
9  
9  
9  
9  
9  
9  
9  
9  
9  
9  
9  
9  
9  
9  
9  
9  
9  
9  
9  
9  
9  
9  
9  
9  
9  
9  
9  
9  
9  
9  
9  
9  
9  
9  
9  
9  
9  
9  
9  
9  
9  
9  
9  
9  
9  
9  
9  
9  
9  
9  
9  
9  
9  
9  
9  
9  
9  
9  
9  
9  
9  
9  
9  
9  
9  
9  
9  
9  
9  
9  
9  
9  
9  
9  
9  
9  
9  
9  
9  
9  
9  
9  
9  
9  
9  
9  
9  
9  
9  
9  
9  
9  
9  
9  
9  
9  
9  
9  
9  
9  
9  
9  
9  
9  
9  
9  
9  
9  
9  
9  
9  
9  
9  
9  
9  
9  
9  
9  
9  
9  
9  
9  
9  
9  
9  
9  
9  
9  
9  
9  
9  
9  
9  
9  
9  
9  
9  
9  
9  
9  
9  
9  
9  
9  
9  
9  
9  
9  
9  
9  
9  
9  
9  
9  
9  
9  
9  
9  
9  
9  
9  
9  
9  
9  
9  
9  
9  
9  
9  
9  
9  
9  
9  
9  
9  
9  
9  
9  
9  
9  
9  
9  
9  
9  
9  
9  
9  
9  
9  
9  
9  
9  
9  
9  
9  
9  
9  
9  
9  
9  
9  
9  
9  
9  
9  
9  
9  
9  
9  
9  
9  
9  
9  
9  
9  
9  
9  
9  
9  
9  
9  
9  
9  
9  
9  
9  
9  
9  
9  
9  
9  
9  
9  
9  
9  
9  
9  
9  
9  
9  
9  
9  
9  
9  
9  
9  
9  
9  
9  
9  
9  
9  
9  
9  
9  
9  
9  
9  
9  
9  
9  
9  
9  
9  
9  
9  
9  
9  
9  
9  
9  
9  
9  
9  
9  
9  
9  
9  
9  
9  
9  
9  
9  
9  
9  
9  
9  
9  
9  
9  
9  
9  
9  
9  
9  
9  
9  
9  
9  
9  
9  
9  
9  
9  
9  
9  
9  
9  
9  
9  
9  
9  
9  
9  
9  
9  
9  
9  
9  
9  
9  
9  
9  
9  
9  
9  
9  
9  
9  
9  
9  
9  
9  
9  
9  
9  
9  
9  
9  
9  
9  
9  
9  
9  
9  
9  
9  
9  
9  
9  
9  
9  
9  
9  
9  
9  
9  
9  
9  
9  
9  
9  
9  
9  
9  
9  
9  
9  
9  
9  
9  
9  
9  
9  
9  
9  
9  
9  
9  
9  
9  
9  
9  
9  
9  
9  
9  
9  
9  
9  
9  
9  
9  
9  
9  
9  
9  
9  
9  
9  
9  
9  
9  
9  
9  
9  
9  
9  
9  
9  
9  
9  
9  
9  
9  
9  
9  
9  
9  
9  
9  
9  
9  
9  
9  
9  
9  
9  
9  
9  
9  
9  
9  
9  
9  
9  
9  
9  
9  
9  
9  
9  
9  
9  
9  
9  
9  
9  
9  
9  
9  
9  
9  
9  
9  
9  
9  
9  
9  
9  
9  
9  
9  
9  
9  
9  
9  
9  
9  
9  
9  
9  
9  
9  
9  
9  
9  
9  
9  
9  
9  
9  
9  
9  
9  
9  
9  
9  
9  
9  
9  
9  
9  
9  
9  
9  
9  
9  
9  
9  
9  
9  
9  
9  
9  
9  
9  
9  
9  
9  
9  
9  
9  
9  
9  
9  
9  
9  
9  
9  
9  
9  
9  
9  
9  
9  
9  
9  
9  
9  
9  
9  
9  
9  
9  
9  
9  
9  
9  
9  
9  
9  
9  
9  
9  
9  
9  
9  
9  
9  
9  
9  
9  
9  
9  
9  
9  
9  
9  
9  
9  
9  
9  
9  
9  
9  
9  
9  
9  
9  
9  
9  
9  
9  
9  
9  
9  
9  
9  
9  
9  
9  
9  
9  
9  
9  
9  
9  
9  
9  
9  
9  
9  
9  
9  
9  
9  
9  
9  
9  
9  
9  
9  
9  
9  
9  
9  
9  
9  
9  
9  
9  
9  
9  
9  
9  
9  
9  
9  
9  
9  
9  
9  
9  
9  
9  
9  
9  
9  
9  
9  
9  
9  
9  
9  
9  
9  
9  
9  
9  
9  
9  
9  
9  
9  
9  
9  
9  
9  
9  
9  
9  
9  
9  
9  
9  
9  
9  
9  
9  
9  
9  
9  
9  
9  
9  
9  
9  
9  
9  
9  
9  
9  
9  
9  
9  
9  
9  
9  
9  
9  
9  
9  
9  
9  
9  
9  
9  
9  
9  
9  
9  
9  
9  
9  
9  
9  
9  
9  
9  
9  
9  
9  
9  
9  
9  
9  
9  
9  
9  
9  
9  
9  
9  
9  
9  
9  
9  
9  
9  
9  
9  
9  
9  
9  
9  
9  
9  
9  
9  
9  
9  
9  
9  
9  
9  
9  
9  
9  
9  
9  
9  
9  
9  
9  
9  
9  
9  
9  
9  
9  
9  
9  
9  
9  
9  
9  
9  
9  
9  
9  
9  
9  
9  
9  
9  
9  
9  
9  
9  
9  
9  
9  
9  
9  
9  
9  
9  
9  
9  
9  
9  
9  
9  
9  
9  
9  
9  
9  
9  
9  
9  
9  
9  
9  
9  
9  
9  
9  
9  
9  
9  
9  
9  
9  
9  
9  
9  
9  
9  
9  
9  
9  
9  
9  
9  
9  
9  
9  
9  
9  
9  
9  
9  
9  
9  
9  
9  
9  
9  
9  
9  
9  
9  
9  
9  
9  
9  
9  
9  
9  
9  
9  
9  
9  
9  
9  
9  
9  
9  
9  
9  
9  
9  
9  
9  
9  
9  
9  
9  
9  
9  
9  
9  
9  
9  
9  
9  
9  
9  
9  
9  
9  
9  
9  
9  
9  
9  
9  
9  
9  
9  
9  
9  
9  
9  
9  
9  
9  
9  
9  
9  
9  
9  
9  
9  
9  
9  
9  
9  
9  
9  
9  
9  
9  
9  
9  
9  
9  
9  
9  
9  
9  
9  
9  
9  
9  
9  
9  
9  
9  
9  
9  
9  
9  
9  
9  
9  
9  
9  
9  
9  
9  
9  
9  
9  
9  
9  
9  
9  
9  
9  
9  
9  
9  
9  
9  
9  
9  
9  
9  
9  
9  
9  
9  
9  
9  
9  
9  
9  
9  
9  
9  
9  
9  
9  
9  
9  
9  
9  
9  
9  
9  
9  
9  
9  
9  
9  
9  
9  
9  
9  
9  
9  
9  
9  
9  
9  
9  
9  
9  
9  
9  
9  
9  
9  
9  
9  
9  
9  
9  
9  
9  
9  
9  
9  
9  
9  
9  
9  
9  
9  
9  
9  
9  
9  
9  
9  
9  
9  
9  
9  
9  
9  
9  
9  
9  
9  
9  
9  
9  
9  
9  
9  
9  
9  
9  
9  
9  
9  
9  
9  
9  
9  
9  
9  
9  
9  
9  
9  
9  
9  
9  
9  
9  
9  
9  
9  
9  
9  
9  
9  
9  
9  
9  
9  
9  
9  
9  
9  
9  
9  
9  
9  
9  
9  
9  
9  
9  
9  
9  
9  
9  
9  
9  
9  
9  
9  
9  
9  
9  
9  
9  
9  
9  
9  
9  
9  
9  
9  
9  
9  
9  
9  
9  
9  
9  
9  
9  
9  
9  
9  
9  
9  
9  
9  
9  
9  
9  
9  
9  
9  
9  
9  
9  
9  
9  
9  
9  
9  
9  
9  
9  
9  
9  
9  
9  
9  
9  
9  
9  
9  
9  
9  
9  
9  
9  
9  
9  
9  
9  
9  
9  
9  
9  
9  
9  
9  
9  
9  
9  
9  
9  
9  
9  
9  
9  
9  
9  
9  
9  
9  
9  
9  
9  
9  
9  
9  
9  
9  
9  
9  
9  
9  
9  
9  
9  
9  
9  
9  
9  
9  
9  
9  
9  
9  
9  
9  
9  
9  
9  
9  
9  
9  
9  
9  
9  
9  
9  
9  
9  
9  
9  
9  
9  
9  
9  
9  
9  
9  
9  
9  
9  
9  
9  
9  
9  
9  
9  
9  
9  
9  
9  
9  
9  
9  
9  
9  
9  
9  
9  
9  
9  
9  
9  
9  
9  
9  
9  
9  
9  
9  
9  
9  
9  
9  
9  
9  
9  
9  
9  
9  
9  
9  
9  
9  
9  
9  
9  
9  
9  
9  
9  
9  
9  
9  
9  
9  
9  
9  
9  
9  
9  
9  
9  
9  
9  
9  
9  
9  
9  
9  
9  
9  
9  
9  
9  
9  
9  
9  
9  
9  
9  
9  
9  
9  
9  
9  
9  
9  
9  
9  
9  
9  
9  
9  
9  
9  
9  
9  
9  
9  
9  
9  
9  
9  
9  
9  
9  
9  
9  
9  
9  
9  
9  
9  
9  
9  
9  
9  
9  
9  
9  
9  
9  
9  
9  
9  
9  
9  
9  
9  
9  
9  
9  
9  
9  
9  
9  
9  
9  
9  
9  
9  
9  
9  
9  
9  
9  
9  
9  
9  
9  
9  
9  
9  
9  
9  
9  
9  
9  
9  
9  
9  
9  
9  
9  
9  
9  
9  
9  
9  
9  
9  
9  
9  
9  
9  
9  
9  
9  
9  
9  
9  
9  
9  
9  
9  
9  
9  
9  
9  
9  
9  
9  
9  
9  
9  
9  
9  
9  
9  
9  
9  
9  
9  
9  
9  
9  
9  
9  
9  
9  
9  
9  
9  
9  
9  
9  
9  
9  
9  
9  
9  
9  
9  
9  
9  
9  
9  
9  
9  
9  
9  
9  
9  
9  
9  
9  
9  
9  
9  
9  
9  
9  
9  
9  
9  
9  
9  
9  
9  
9  
9  
9  
9  
9  
9  
9  
9  
9  
9  
9  
9  
9  
9  
9  
9  
9  
9  
9  
9  
9  
9  
9  
9  
9  
9  
9  
9  
9  
9  
9  
9  
9  
9  
9  
9  
9  
9  
9  
9  
9  
9  
9  
9  
9  
9  
9  
9  
9  
9  
9  
9  
9  
9  
9  
9  
9  
9  
9  
9  
9  
9  
9  
9  
9  
9  
9  
9  
9  
9  
9  
9  
9  
9  
9  
9  
9  
9  
9  
9  
9  
9  
9  
9  
9  
9  
9  
9  
9  
9  
9  
9  
9  
9  
9  
9  
9  
9  
9  
9  
9  
9  
9  
9  
9  
9  
9  
9  
9  
9  
9  
9  
9  
9  
9  
9  
9  
9  
9  
9  
9  
9  
9  
9  
9  
9  
9  
9  
9  
9  
9  
9  
9  
9  
9  
9  
9  
9  
9  
9  
9  
9  
9  
9  
9  
9  
9  
9  
9  
9  
9  
9  
9  
9  
9  
9  
9  
9  
9  
9  
9  
9  
9  
9  
9  
9  
9  
9  
9  
9  
9  
9  
9  
9  
9  
9  
9  
9  
9  
9  
9  
9  
9  
9  
9  
9  
9  
9  
9  
9  
9  
9  
9  
9  
9  
9  
9  
9  
9  
9  
9  
9  
9  
9  
9  
9  
9  
9  
9  
9  
9  
9  
9  
9  
9  
9  
9  
9  
9  
9  
9  
9  
9  
9  
9  
9  
9  
9  
9  
9  
9  
9  
9  
9  
9  
9  
9  
9  
9  
9  
9  
9  
9  
9  
9  
9  
9  
9  
9  
9  
9  
9  
9  
9  
9  
9  
9  
9  
9  
9  
9  
9  
9  
9  
9  
9  
9  
9  
9  
9  
9  
9  
9  
9  
9  
9  
9  
9  
9  
9  
9  
9  
9  
9  
9  
9  
9  
9  
9  
9  
9  
9  
9  
9  
9  
9  
9  
9  
9  
9  
9  
9  
9  
9  
9  
9  
9  
9  
9  
9  
9  
9  
9  
9  
9  
9  
9  
9  
9  
9  
9  
9  
9  
9  
9  
9  
9  
9  
9  
9  
9  
9  
9  
9  
9  
9  
9  
9  
9  
9  
9  
9  
9  
9  
9  
9  
9  
9  
9  
9  
9  
9  
9  
9  
9  
9  
9  
9  
9  
9  
9  
9  
9  
9  
9  
9  
9  
9  
9  
9  
9  
9  
9  
9  
9  
9  
9  
9  
9  
9  
9  
9  
9  
9  
9  
9  
9  
9  
9  
9  
9  
9  
9  
9  
9  
9  
9  
9  
9  
9  
9  
9  
9  
9  
9  
9  
9  
9  
9  
9  
9  
9  
9  
9  
9  
9  
9  
9  
9  
9  
9  
9  
9  
9  
9  
9  
9  
9  
9  
9  
9  
9  
9  
9  
9  
9  
9  
9  
9  
9  
9  
9  
9  
9  
9  
9  
9  
9  
9  
9  
9  
9  
9  
9  
9  
9  
9  
9  
9  
9  
9  
9  
9  
9  
9  
9  
9  
9  
9  
9  
9  
9  
9  
9  
9  
9  
9  
9  
9  
9  
9  
9  
9  
9  
9  
9  
9  
9  
9  
9  
9  
9  
9  
9  
9  
9  
9  
9  
9  
9  
9  
9  
9  
9  
9  
9  
9  
9  
9  
9  
9  
9  
9  
9  
9  
9  
9  
9  
9  
9  
9  
9  
9  
9  
9  
9  
9  
9  
9  
9  
9  
9  
9  
9  
9  
9  
9  
9  
9  
9  
9  
9  
9  
9  
9  
9  
9  
9  
9  
9  
9  
9  
9  
9  
9  
9  
9  
9  
9  
9  
9  
9  
9  
9  
9  
9  
9  
9  
9  
9  
9  
9  
9  
9  
9  
9  
9  
9  
9  
9  
9  
9  
9  
9  
9  
9  
9  
9  
9  
9  
9  
9  
9  
9  
9  
9  
9  
9  
9  
9  
9  
9  
9  
9  
9  
9  
9  
9  
9  
9  
9  
9  
9  
9  
9  
9  
9  
9  
9  
9  
9  
9  
9  
9  
9  
9  
9  
9  
9  
9  
9  
9  
9  
9  
9  
9  
9  
9  
9  
9  
9  
9  
9  
9  
9  
9  
9  
9  
9  
9  
9  
9  
9  
9  
9  
9  
9  
9  
9  
9  
9  
9  
9  
9  
9  
9  
9  
9  
9  
9  
9  
9  
9  
9  
9  
9  
9  
9  
9  
9  
9  
9  
9  
9  
9  
9  
9  
9  
9  
9  
9  
9  
9  
9  
9  
9  
9  
9  
9  
9  
9  
9  
9  
9  
9  
9  
9  
9  
9  
9  
9  
9  
9  
9  
9  
9  
9  
9  
9  
9  
9  
9  
9  
9  
9  
9  
9  
9  
9  
9  
9  
9  
9  
9  
9  
9  
9  
9  
9  
9  
9  
9  
9  
9  
9  
9  
9  
9  
9  
9  
9  
9  
9  
9  
9  
9  
9  
9  
9  
9  
9  
9  
9  
9  
9  
9  
9  
9  
9  
9  
9  
9  
9  
9  
9  
9  
9  
9  
9  
9  
9  
9  
9  
9  
9  
9  
9  
9  
9  
9  
9  
9  
9  
9  
9  
9  
9  
9  
9  
9  
9  
9  
9  
9  
9  
9  
9  
9  
9  
9  
9  
9  
9  
9  
9  
9  
9  
9  
9  
9  
9  
9  
9  
9  
9  
9  
9  
9  
9  
9  
9  
9  
9  
9  
9  
9  
9  
9  
9  
9  
9  
9  
9  
9  
9  
9  
9  
9  
9  
9  
9  
9  
9  
9  
9  
9  
9  
9  
9  
9  
9  
9  
9  
9  
9  
9  
9  
9  
9  
9  
9  
9  
9  
9  
9  
9  
9  
9  
9  
9  
9  
9  
9  
9  
9  
9  
9  
9  
9  
9  
9  
9  
9  
9  
9  
9  
9  
9  
9  
9  
9  
9  
9  
9  
9  
9  
9  
9  
9  
9  
9  
9  
9  
9  
9  
9  
9  
9  
9  
9  
9  
9  
9  
9  
9  
9  
9  
9  
9  
9  
9  
9  
9  
9  
9  
9  
9  
9  
9  
9  
9  
9  
9  
9  
9  
9  
9  
9  
9  
9  
9  
9  
9  
9  
9  
9  
9  
9  
9  
9  
9  
9  
9  
9  
9  
9  
9  
9  
9  
9  
9  
9  
9  
9  
9  
9  
9  
9  
9  
9  
9  
9  
9  
9  
9  
9  
9  
9  
9  
9  
9  
9  
9  
9  
9  
9  
9  
9  
9  
9  
9  
9  
9  
9  
9  
9  
9  
9  
9  
9  
9  
9  
9  
9  
9  
9  
9  
9  
9  
9  
9  
9  
9  
9  
9  
9  
9  
9  
9  
9  
9  
9  
9  
9  
9  
9  
9  
9  
9  
9  
9  
9  
9  
9  
9  
9  
9  
9  
9  
9  
9  
9  
9  
9  
9  
9  
9  
9  
9  
9  
9  
9  
9  
9  
9  
9  
9  
9  
9  
9  
9  
9  
9  
9  
9  
9  
9  
9  
9  
9  
9  
9  
9  
9  
9  
9  
9  
9  
9  
9  
9  
9  
9  
9  
9  
9  
9  
9  
9  
9  
9  
9  
9  
9  
9  
9  
9  
9  
9  
9  
9  
9  
9  
9  
9  
9  
9  
9  
9  
9  
9  
9  
9  
9  
9  
9  
9  
9  
9  
9  
9  
9  
9  
9  
9  
9  
9  
9  
9  
9  
9  
9  
9  
9  
9  
9  
9  
9  
9  
9  
9  
9  
9  
9  
9  
9  
9  
9  
9  
9  
9  
9  
9  
9  
9  
9  
9  
9  
9  
9  
9  
9  
9  
9  
9  
9  
9  
9  
9  
9  
9  
9  
9  
9  
9  
9  
9  
9  
9  
9  
9  
9  
9  
9  
9  
9  
9  
9  
9  
9  
9  
9  
9  
9  
9  
9  
9  
9  
9  
9  
9  
9  
9  
9  
9  
9  
9  
9  
9  
9  
9  
9  
9  
9  
9  
9  
9  
9  
9  
9  
9  
9  
9  
9  
9  
9  
9  
9  
9  
9  
9  
9  
9  
9  
9  
9  
9  
9  
9  
9  
9  
9  
9  
9  
9  
9  
9  
9  
9  
9  
9  
9  
9  
9  
9  
9  
9  
9  
9  
9  
9  
9  
9  
9  
9  
9  
9  
9  
9  
9  
9  
9  
9  
9  
9  
9  
9  
9  
9  
9  
9  
9  
9  
9  
9  
9  
9  
9  
9  
9  
9  
9  
9  
9  
9  
9  
9  
9  
9  
9  
9  
9  
9  
9  
9  
9  
9  
9  
9  
9  
9  
9  
9  
9  
9  
9  
9  
9  
9  
9  
9  
9  
9  
9  
9  
9  
9  
9  
9  
9  
9  
9  
9  
9  
9  
9  
9  
9  
9  
9  
9  
9  
9  
9  
9  
9  
9  
9  
9  
9  
9  
9  
9  
9  
9  
9  
9  
9  
9  
9  
9  
9  
9  
9  
9  
9  
9  
9  
9  
9  
9  
9  
9  
9  
9  
9  
9  
9  
9  
9  
9  
9  
9  
9  
9  
9  
9  
9  
9  
9  
9  
9  
9  
9  
9  
9  
9  
9  
9  
9  
9  
9  
9  
9  
9  
9  
9  
9  
9  
9  
9  
9  
9  
9  
9  
9  
9  
9  
9  
9  
9  
9  
9  
9  
9  
9  
9  
9  
9  
9  
9  
9  
9  
9  
9  
9  
9  
9  
9  
9  
9  
9  
9  
9  
9  
9  
9  
9  
9  
9  
9  
9  
9  
9  
9  
9  
9  
9  
9  
9  
9  
9  
9  
9  
9  
9  
9  
9  
9  
9  
9  
9  
9  
9  
9  
9  
9  
9  
9  
9  
9  
9  
9  
9  
9  
9  
9  
9  
9  
9  
9  
9  
9  
9  
9  
9  
9  
9  
9  
9  
9  
9  
9  
9  
9  
9  
9  
9  
9  
9  
9  
9  
9  
9  
9  
9  
9  
9  
9  
9  
9  
9  
9  
9  
9  
9  
9  
9  
9  
9  
9  
9  
9  
9  
9  
9  
9  
9  
9  
9  
9  
9  
9  
9  
9  
9  
9  
9  
9  
9  
9  
9  
9  
9  
9  
9  
9  
9  
9  
9  
9  
9  
9  
9  
9  
9  
9  
9  
9  
9  
9  
9  
9  
9  
9  
9  
9  
9  
9  
9  
9  
9  
9  
9  
9  
9  
9  
9  
9  
9  
9  
9  
9  
9  
9  
9  
9  
9  
9  
9  
9  
9  
9  
9  
9  
9  
9  
9  
9  
9  
9  
9  
9  
9  
9  
9  
9  
9  
9  
9  
9  
9  
9  
9  
9  
9  
9  
9  
9  
9  
9  
9  
9  
9  
9  
9  
9  
9  
9  
9  
9  
9  
9  
9  
9  
9  
9  
9  
9  
9  
9  
9  
9  
9  
9  
9  
9  
9  
9  
9  
9  
9  
9  
9  
9  
9  
9  
9  
9  
9  
9  
9  
9  
9  
9  
9  
9  
9  
9  
9  
9  
9  
9  
9  
9  
9  
9  
9  
9  
9  
9  
9  
9  
9  
9  
9  
9  
9  
9  
9  
9  
9  
9  
9  
9  
9  
9  
9  
9  
9  
9  
9  
9  
9  
9  
9  
9  
9  
9  
9  
9  
9  
9  
9  
9  
9  
9  
9  
9  
9  
9  
9  
9  
9  
9  
9  
9  
9  
9  
9  
9  
9  
9  
9  
9  
9  
9  
9  
9  
9  
9  
9  
9  
9  
9  
9  
9  
9  
9  
9  
9  
9  
9  
9  
9  
9  
9  
9  
9  
9  
9  
9  
9  
9  
9  
9  
9  
9  
9  
9  
9  
9  
9  
9  
9  
9  
9  
9  
9  
9  
9  
9  
9  
9  
9  
9  
9  
9  
9  
9  
9  
9  
9  
9  
9  
9  
9  
9  
9  
9  
9  
9  
9  
9  
9  
9  
9  
9  
9  
9  
9  
9  
9  
9  
9  
9  
9  
9  
9  
9  
9  
9  
9  
9  
9  
9  
9  
9  
9  
9  
9  
9  
9  
9  
9  
9  
9  
9  
9  
9  
9  
9  
9  
9  
9  
9  
9  
9  
9  
9  
9  
9  
9  
9  
9  
9  
9  
9  
9  
9  
9  
9  
9  
9  
9  
9  
9  
9  
9  
9  
9  
9  
9  
9  
9  
9  
9  
9  
9  
9  
9  
9  
9  
9  
9  
9  
9  
9  
9  
9  
9  
9  
9  
9  
9  
9  
9  
9  
9  
9  
9  
9  
9  
9  
9  
9  
9  
9  
9  
9  
9  
9  
9  
9  
9  
9  
9  
9  
9  
9  
9  
9  
9  
9  
9  
9  
9  
9  
9  
9  
9  
9  
9  
9  
9  
9  
9  
9  
9  
9  
9  
9  
9  
9  
9  
9  
9  
9  
9  
9  
9  
9  
9  
9  
9  
9  
9  
9  
9  
9  
9  
9  
9  
9  
9  
9  
9  
9  
9  
9  
9  
9  
9  
9  
9  
9  
9  
9  
9  
9  
9  
9  
9  
9  
9  
9  
9  
9  
9  
9  
9  
9  
9  
9  
9  
9  
9  
9  
9  
9  
9  
9  
9  
9  
9  
9  
9  
9  
9  
9  
9  
9  
9  
9  
9  
9  
9  
9  
9  
9  
9  
9  
9  
9  
9  
9  
9  
9  
9  
9  
9  
9  
9  
9  
9  
9  
9  
9  
9  
9  
9  
9  
9  
9  
9  
9  
9  
9  
9  
9  
9  
9  
9  
9  
9  
9  
9  
9  
9  
9  
9  
9  
9  
9  
9  
9  
9  
9  
9  
9  
9  
9  
9  
9  
9  
9  
9  
9  
9  
9  
9  
9  
9  
9  
9  
9  
9  
9  
9  
9  
9  
9  
9  
9  
9  
9  
9  
9  
9  
9  
9  
9  
9  
9  
9  
9  
9  
9  
9  
9  
9  
9  
9  
9  
9  
9  
9  
9  
9  
9  
9  
9  
9  
9  
9  
9  
9  
9  
9  
9  
9  
9  
9  
9  
9  
9  
9  
9  
9  
9  
9  
9  
9  
9  
9  
9  
9  
9  
9  
9  
9  
9  
9  
9  
9  
9  
9  
9  
9  
9  
9  
9  
9  
9  
9  
9  
9  
9  
9  
9  
9  
9  
9  
9  
9  
9  
9  
9  
9  
9  
9  
9  
9  
9  
9  
9  
9  
9  
9  
9  
9  
9  
9  
9  
9  
9  
9  
9  
9  
9  
9  
9  
9  
9  
9  
9  
9  
9  
9  
9  
9  
9  
9  
9  
9  
9  
9  
9  
9  
9  
9  
9  
9  
9  
9  
9  
9  
9  
9  
9  
9  
9  
9  
9  
9  
9  
9  
9  
9  
9  
9  
9  
9  
9  
9  
9  
9  
9  
9  
9  
9  
9  
9  
9  
9  
9  
9  
9  
9  
9  
9  
9  
9  
9  
9  
9  
9  
9  
9  
9  
9  
9  
9  
9  
9  
9  
9  
9  
9  
9  
9  
9  
9  
9  
9  
9  
9  
9  
9  
9  
9  
9  
9  
9  
9  
9  
9  
9  
9  
9  
9  
9  
9  
9  
9  
9  
9  
9  
9  
9  
9  
9  
9  
9  
9  
9  
9  
9  
9  
9  
9  
9  
9  
9  
9  
9  
9  
9  
9  
9  
9  
9  
9  
9  
9  
9  
9  
9  
9  
9  
9  
9  
9  
9  
9  
9  
9  
9  
9  
9  
9  
9  
9  
9  
9  
9  
9  
9  
9  
9  
9  
9  
9  
9  
9  
9  
9  
9  
9  
9  
9  
9  
9  
9  
9  
9  
9  
9  
9  
9  
9  
9  
9  
9  
9  
9  
9  
9  
9  
9  
9  
9  
9  
9  
9  
9  
9  
9  
9  
9  
POINT_DATA 10201 
SCALARS pressure float 
LOOKUP_TABLE default 
-0.0015532875547450396 
-0.0008798539375323439 
2.6305685336789693 
-2.632999597203009 
-0.0015517676236414329 
-0.001551490750131075 
-0.0015554369546212751 
-0.0015629903828343209 
-0.0015737169179291528 
-0.0015868745366825682 
-0.0016018845217480148 
-0.0016181782584082165 
-0.0016352784698375198 
-0.0016527567447856737 
-0.0016702435260564686 
-0.0016874140416348964 
-0.0017039860064723248 
-0.0017197132347782401 
-0.0017343821673862214 
-0.0017478081017132086 
-0.0017598324450543478 
-0.0017703200158380626 
-0.0017791569897257881 
-0.0017862490419120445 
-0.0017915196404351416 
-0.0017949086927234053 
-0.0017963712048612755 
-0.0017958761853860638 
-0.001793405590321758 
-0.001788953406582368 
-0.0017825247491246368 
-0.0017741351661664233 
-0.0017638097973318144 
-0.0017515827097331269 
-0.0017374964083867654 
-0.0017216010178195246 
-0.0017039537940641278 
-0.001684618783653077 
-0.0016636660024646002 
-0.001641171082801104 
-0.0016172150500366304 
-0.0015918834799310364 
-0.0015652663449387861 
-0.0015374574661067878 
-0.001508554465936207 
-0.0014786579042597265 
-0.0014478711514608212 
-0.0014163003397269659 
-0.0013840534772663778 
-0.0013512403871910733 
-0.001317972697649195 
-0.0012843629436319944 
-0.0012505245497432752 
-0.0012165718391169966 
-0.0011826191284523958 
-0.0011487808353132564 
-0.0011151710799602926 
-0.0010819031923403344 
-0.0010490902012775091 
-0.0010168433383118975 
-0.0009852725269338624 
-0.0009544858650089946 
-0.0009245892990190935 
-0.0008956861272485005 
-0.0008678773338823032 
-0.0008412601981472265 
-0.0008159286279629573 
-0.0007919725961934554 
-0.0007694777401193511 
-0.0007485248329998768 
-0.0007291898300172586 
-0.0007115426609451165 
-0.0006956472692737908 
-0.0006815609695959489 
-0.0006693339139767269 
-0.0006590084823079476 
-0.0006506189083722384 
-0.0006441902718413408 
-0.0006397380882442609 
-0.0006372674951514932 
-0.0006367724731833191 
-0.0006382349777318803 
-0.0006416240430458396 
-0.0006468946462979166 
-0.0006539866886596712 
-0.0006628236623748357 
-0.0006733112174090406 
-0.0006853355376185419 
-0.0006987615522765632 
-0.0007134304665759068 
-0.0007291576725432359 
-0.000745729622645153 
-0.000762900129811048 
-0.0007803868865168795 
-0.0007978652768305113 
-0.0008149654049517816 
-0.0008312592447440355 
-0.000846268987914143 
-0.0008594268102399645 
-0.0008701527265771351 
-0.0008777007134905176 
-0.0008816519868165908 
-0.0008813698628853641 
-0.0008783394151859077 
-0.0008780517464354716 
-0.0008819855288743687 
-0.0008895088414929403 
-0.0009002248493730203 
-0.000913423346189427 
-0.0009285718167676724 
-0.0009451579963329345 
-0.0009627648334374229 
-0.000981027300616406 
-0.000999638900364681 
-0.0010183360878287075 
-0.0010368940068534846 
-0.0010551187537769023 
-0.0010728426313361445 
-0.0010899193825742999 
-0.0011062206190273088 
-0.0011216324100019486 
-0.001136052683672069 
-0.0011493889629690078 
-0.0011615562538125422 
-0.001172475506616588 
-0.0011820720184365226 
-0.0011902742305997048 
-0.0011970126394091182 
-0.0012022187450509852 
-0.001205824268220096 
-0.0012077602993002833 
-0.001207956688069976 
-0.0012063413476662086 
-0.0012028397269958615 
-0.001197374249177925 
-0.001189863789477893 
-0.0011802233040304653 
-0.0011683632408516257 
-0.001154189118361889 
-0.0011376012551228094 
-0.0011184940691576768 
-0.0010967557874282208 
-0.001072267864905465 
-0.001044904800975041 
-0.001014533197167612 
-0.000981011369244731 
-0.0009441891139332246 
-0.0009039064697659228 
-0.0008599932491141373 
-0.0008122687196209214 
-0.000760539962317544 
-0.0007046012288818899 
-0.0006442334428894785 
-0.0005792019894338082 
-0.0005092559821080316 
-0.000434126586423989 
-0.0003535247171948153 
-0.00026714101690591193 
-0.00017464067336587952 
-7.566263131622244e-5 
3.0183888132729597e-5 
0.00014332289695629684 
0.0002642164960731876 
0.00039336663693248915 
0.0005313249504362277 
0.0006786964091401543 
0.0008361475550818434 
0.0010044153975490755 
0.0011843191318979254 
0.0013767682033447256 
0.0015827837090680729 
0.001803511983708969 
0.0020402474248963193 
0.0022944578015852693 
0.0025678193708834336 
0.002862245425301694 
0.003179951924511908 
0.0035234930531806486 
0.00389587657774769 
0.004300570475247961 
0.004741817373497565 
0.005224359481991889 
0.005754588938634056 
0.006338692708081693 
0.006987742740227395 
0.007707624270957408 
0.008523141790980513 
0.009426836254160997 
0.010496078294639518 
0.011637685938256188 
0.013162660407487575 
0.014519820885277791 
0.017127011354137644 
0.018107463467171896 
0.02425530634181503 
0.021090550195494145 
0.04176865361089368 
0.014355984780881728 
0.10178166966718057 
-0.05177386818593235 
0.3696743238281178 
-0.39966660851207514 
-0.5489251614037834 
0.3769247589826852 
-0.09820791545267592 
0.0917699962862172 
-0.0053710604129668105 
0.030746918579499554 
0.009196976688658699 
0.015016720880627736 
0.009429706219131733 
0.009603562236736174 
0.00763395122501158 
0.006961841263870344 
0.005959484092084422 
0.005303409229859296 
0.0046485235599440615 
0.004119848439775027 
0.0036381247735497147 
0.0032212120779144997 
0.0028470704525259375 
0.0025144522221070983 
0.0022149032654457433 
0.001944865066410283 
0.0016998698996050234 
0.0014768740887516293 
0.0012730045343706743 
0.0010859660986715796 
0.000913735120030124 
0.0007546013200524244 
0.0006070721688237851 
0.0004698582230310949 
0.0003418270608619429 
0.00022198551592776534 
0.00010945579700284277 
3.458974970285832e-6 
-9.670041938601981e-5 
-0.00019164402256797013 
-0.00028193350587106986 
-0.0003680767738021238 
-0.00045053603083028713 
-0.0005297341457144422 
-0.000606060612491438 
-0.000679874584515588 
-0.0007515118379655247 
-0.0008212866882081086 
-0.000889495834669201 
-0.0009564214066202865 
-0.001022334140039612 
-0.0010874944057759253 
-0.00115215699137789 
-0.0012165718390455167 
-0.0012809866867883647 
-0.0013456494653544154 
-0.0014108097339105648 
-0.0014767220740765747 
-0.0015436478427386616 
-0.0016118569902897329 
-0.0016816318397415181 
-0.001753269308885513 
-0.0018270832913547263 
-0.0019034093016878897 
-0.0019826076456952993 
-0.002065066904659843 
-0.002151210172813074 
-0.002241499653285308 
-0.0023364435504035466 
-0.0024366023513133564 
-0.0025425991463319197 
-0.002655129191650367 
-0.002774970741180659 
-0.0029030018962690903 
-0.0030402162730257787 
-0.003187744552381264 
-0.0033468782970023044 
-0.0035191097746082958 
-0.0037061482099367805 
-0.003910018082867435 
-0.004133013920520699 
-0.00437800951633282 
-0.004648046538043085 
-0.004947595419137463 
-0.005280214126314368 
-0.00565435575672832 
-0.0060712690897832804 
-0.006552993664340734 
-0.007081665539821444 
-0.007736551828912474 
-0.008392627821684148 
-0.00939498554474628 
-0.010067096661140775 
-0.012036709387734773 
-0.01186284344497689 
-0.017449857842104084 
-0.011630125201347905 
-0.033180051408818655 
0.0029378877190638507 
-0.09420318807285281 
0.09577503284273148 
-0.37935752086855973 
0.5464915217056353 
0.3972329261160368 
-0.3721073619979351 
0.04934071228887758 
-0.10421482666047366 
-0.01678911572685155 
-0.044201806749277185 
-0.023523688497978333 
-0.026688453325106047 
-0.020540605528626472 
-0.01956015601462422 
-0.01695296415340511 
-0.015595804368108366 
-0.014070829533056937 
-0.012929222060593064 
-0.011859979926864044 
-0.010956285502868304 
-0.010140767958678567 
-0.009420886435658759 
-0.008771836396610668 
-0.00818773262789982 
-0.007657503168801475 
-0.007174961059740278 
-0.006733714160312813 
-0.006329020262154861 
-0.005956636736869628 
-0.005613095607662332 
-0.005295389107952971 
-0.005000963053119494 
-0.004727601483452117 
-0.004473391106443974 
-0.00423665566497425 
-0.004015927390084851 
-0.0038099118841407164 
-0.0036174628124973815 
-0.0034375590779726515 
-0.003269291235347612 
-0.0031118400892636354 
-0.0029644686304310685 
-0.0028265103168105955 
-0.0026973601758449235 
-0.0025764665766309877 
-0.002463327567718489 
-0.0023574810481878697 
-0.0022585030060629833 
-0.002166002662453529 
-0.0020796189621003548 
-0.001999017092811618 
-0.00192388769707221 
-0.0018539416896949162 
-0.00178891023619119 
-0.0017285424501539046 
-0.001672603716676274 
-0.0016208749593335612 
-0.0015731504298034662 
-0.001529237209117057 
-0.0014889545649171966 
-0.0014521323095750551 
-0.0014186104816233391 
-0.001388238877788703 
-0.001360875813832611 
-0.001336387891285589 
-0.0013146496095331741 
-0.0012955424235462682 
-0.0012789545602865733 
-0.0012647804377771668 
-0.0012529203745795898 
-0.0012432798891142227 
-0.0012357694293969631 
-0.0012303039515623897 
-0.00122680233087588 
-0.0012251869904563184 
-0.0012253833792104118 
-0.0012273194102751367 
-0.0012309249334285682 
-0.0012361310390546793 
-0.0012428694478474104 
-0.0012510716599940799 
-0.0012606681717944272 
-0.0012715874245820883 
-0.0012837547153972545 
-0.0012970909946865101 
-0.001311511268295481 
-0.0013269230593188216 
-0.0013432242955660045 
-0.0013603010471528061 
-0.001378024923817723 
-0.0013962496726047126 
-0.0014148075873686384 
-0.0014335047842632882 
-0.0014521163628951022 
-0.0014703788791178144 
-0.0014879856073359177 
-0.0015045720246810385 
-0.0015197200366229536 
-0.001532919491886817 
-0.0015436345760411394 
-0.0015511653523416374 
-0.0015550918224189296 
-0.0015548124036123508 
-0.0012878252177107997 
-0.0005645423802975468 
-0.001216571839091318 
-0.0006222897891148277 
-0.001868601370440952 
-0.0028095407064322327 
0.0002514849361245125 
-0.0014478650059819385 
-0.0009096897865105308 
0.00013906743429751778 
-0.0016642814200905902 
-0.0011442078519828193 
-0.0021574009480532443 
-0.004645081102491481 
0.001525615481419311 
-0.0012728260083575602 
0.001165213874755397 
-0.0006683942111601223 
-0.0017584496166067499 
-0.003598356985572031 
-0.007961045470783202 
0.004561565194041134 
-0.001274972484390812 
-0.0011634442209033167 
-0.0006757374470439709 
-0.0017574062313710803 
0.003831492978327809 
-0.005827313417968734 
-0.013521032354222159 
-0.001038590280104047 
-0.0013484271433115659 
0.008145265674610755 
-0.0017035667553429595 
0.007186061153802801 
-0.009619204790653637 
-0.0007742142685131057 
-0.001427801456376979 
0.013863614888973997 
-0.022996014771692948 
-0.001627650385067406 
0.013133104853105409 
-0.0009249741372924273 
0.023358665590176367 
-0.01745329806839569 
-0.0014934673288423163 
-0.001584948399196421 
-0.04743728757699207 
-0.001014545710177607 
-0.001437772191244714 
0.02119720697939069 
-0.0007334112651823701 
-0.0008481951366223073 
0.04500413624779637 
-0.0028172447127997016 
-0.0017314026081903771 
-0.001533040672339402 
-0.0015642261324415624 
-0.0010016858439813074 
-0.0013478477625523582 
0.002475242604402142 
-0.001025564367779231 
-0.03268816329461384 
-0.0023558251121192824 
-0.0037598821935081006 
-0.0010985452724891602 
-0.0061846631307595976 
-0.000878509718642736 
0.03025500265795898 
-0.0008755287986184716 
-0.001693200622644089 
0.08992142739216245 
-0.0003461819553345462 
0.0006522874297007195 
-0.004778466517227767 
-0.000729576943983917 
-0.0006617854749998794 
-0.0007889287513293853 
-0.061036352554450626 
-0.0011697726880824265 
-0.0017717585091150969 
0.0005188249206916841 
-0.0009717386082643564 
-0.0011338858704777245 
-0.00036751983821513593 
0.0018073649259806278 
-0.010578409726207464 
-0.0015234538105715972 
-0.0013135449096268622 
-0.0008908088104487532 
-0.0015489912416719303 
-0.0015970606121617436 
-0.0015785101454457928 
-0.00017308794288664072 
-0.0010877836571670763 
-0.00797639045604874 
-0.0013136893150752236 
-0.0008206737260469334 
0.0009670866094688726 
-0.004240508966445767 
0.003064147210420724 
-0.0025722107738440493 
0.005527901527814507 
-0.0012898266559856688 
-0.0013099203583564391 
-0.0012646684290216366 
-0.00126382616352252 
-0.0006828451659127704 
-0.0008333892657887486 
-0.013381894735178241 
-0.0011194544078392014 
-0.0016997324135278951 
-0.0017285357357444547 
-0.0011653496327216927 
-0.0034002304056783028 
-0.001771358196687951 
-0.001739933495360668 
0.002345321944665282 
-0.0016743815014145203 
-0.0054972910680203355 
0.004891470430262128 
-0.0015755171994229098 
-0.0007899560394345048 
-0.00217055043753971 
-0.0008546335321309951 
0.03720315855517132 
-0.0015526058624276786 
-0.0008798547879976537 
-0.0015575850726789822 
-0.0015539724648415479 
-0.0014314580509644118 
-0.001216571839106169 
-0.0020089696969509295 
-0.0011517409966727498 
-0.0015546340194799615 
-0.0018927805883342049 
-0.0015157334858725818 
0.058603203234145786 
0.008210225331784634 
0.009523615580812446 
-0.0006858463988613559 
-0.0018056891908480447 
-0.0020656238384409355 
-0.016296759169788903 
-7.731865438043812e-5 
2.5089574099439435e-5 
-0.0009659278851270841 
-0.0004968683929107571 
-0.000988478454756082 
-0.0015081695360417973 
-0.02015660189934611 
-0.0014185980207442586 
-0.007324615965504638 
0.011087888177753516 
-0.00676052829416227 
0.015685667003028526 
-0.00139225743207376 
-0.0008689091673043033 
-0.0014614050818705033 
0.006698648436336203 
0.017723457563958763 
0.0003763969267466554 
0.009003323551778117 
-0.0008054933353352926 
-0.005438384835164544 
-0.0013945534133876253 
-0.0013001863755927369 
0.015020157799108667 
-0.004007388578428164 
-0.0007587621656977118 
-0.0034179179794292867 
-0.00325104088149656 
0.003751519250953138 
-0.003096173798523317 
-0.001363110125731281 
0.001140883606542059 
-0.0007162861836349118 
0.0019669134470897175 
-0.0007041119867334049 
-0.0024601691660895717 
-0.011956761222410257 
-0.0013217304603941786 
-0.0023541114985877174 
-0.001265959924919449 
-0.0006932101682943392 
-0.0006606682108554776 
-0.0012889358679675934 
-0.000669374618652144 
-0.0007503346242220554 
-0.0007046079433429217 
-0.000661385171768379 
-0.0008576264787080063 
-0.001005342234423538 
-0.031099646536799908 
-0.023630356617300813 
-0.03963626332856848 
-0.09235458227715736 
-0.3323887705797738 
-0.003085431217138922 
-0.002684628712252692 
-0.0016589293856670224 
-0.0011603177087330652 
0.028666499863721422 
-0.0016226805834571403 
-0.0011671837853251105 
-0.00417174392065653 
-0.0016124699783742107 
-0.0011514375308718278 
-0.0017403172192110485 
-7.903217672349768e-5 
-0.0017647494675021242 
-0.0002757427302844874 
-0.0011114132403384825 
0.0002578209175111724 
-0.0011036015100589006 
0.0008178967202493575 
-0.0005403633404648161 
-0.0025676871774192437 
-0.0010700335707000358 
-0.0007790762208741757 
-0.001768440327431092 
-0.0010852959634519818 
0.0013610078207231973 
-0.0017290316564643662 
-0.0051917700994577 
0.0026576979669946698 
0.0030052417152442753 
-0.0010644291645847514 
-0.006994709101603805 
-0.009131792425561175 
-0.0009396763703803086 
-0.000985278726665316 
-0.0014672158800379087 
-0.01241192603495888 
-0.0013767402728434974 
0.005543248808235123 
-0.0009529486285153592 
-0.001249041977425449 
-0.0009001049875034218 
-0.0011453184603325067 
0.329955879649187 
-0.001553288421127729 
-0.0008805704403493994 
-0.0012165718391043356 
-0.0027848396027587564 
-0.0012476691268396797 
-0.0004896053348219593 
-0.001661189035729977 
0.0003516957427047521 
0.00026802066693482247 
-0.0009597461676115623 
-0.002245560699552428 
-0.0007536109911053622 
-0.0013602509547903342 
-0.0017072567706622934 
-0.001126262713408948 
-0.0034499705533811873 
-0.000682721598200598 
-0.001298654944279896 
-0.005674800927549322 
0.0014014949372568796 
-0.0017496167239062655 
-0.0010764220550534855 
-0.0013690731614198265 
0.00306563946803556 
0.008486360673542852 
-0.006325962866401172 
-0.013967039518476717 
-0.0007447759390628955 
0.005585798130360857 
-0.0017115377371277052 
-0.0009924515692109098 
-0.015037918739428169 
0.014411347920710615 
0.00938948203393857 
-0.0008271782927011828 
-0.020861905528606003 
-0.0016059654029150286 
-0.0009200116546771137 
0.024391637907760277 
0.014813277238902484 
-0.0014284245359802849 
-0.001499937992230958 
0.0010868683847303298 
-0.000849535049120557 
-0.0008212173195814974 
-0.0014453329393717088 
-0.001736232669619933 
-0.0005671617274450773 
-0.00028819449912557054 
-0.0008893791000569076 
-0.001562765266062275 
-0.000876406423025103 
-0.0015498290948321477 
-0.001359359629750717 
-0.0015567264381443546 
-0.0008798604803721008 
-0.0015044093027794397 
-0.0017472973473867334 
-0.01811881152953557 
-0.001643187702620511 
-0.001654067457564816 
-0.0011841017008276157 
-0.0011195988636348 
-0.0018108541280402349 
0.0109487471102623 
-0.00042417405862005904 
-0.0002625933232615984 
-0.0015759771050219383 
-0.0010564034055786191 
-0.0019362753601980301 
-0.0019775660356627224 
-0.001480195105905121 
-0.0014733976109004836 
-0.0009953714871888885 
0.006292043203703466 
-0.0006274545576055129 
0.00013454340466323423 
-0.0015423455565965658 
-0.0038346379859103227 
0.019538127940238646 
-0.0008596460214816025 
-0.001521499254429131 
-0.008725185629393834 
-0.0013687145630183917 
0.012382394712703712 
-0.010643369892616938 
0.016239873545419593 
-0.0009373345374158758 
-0.00626463665643858 
0.0005098048658379183 
0.009978781894972637 
-0.001477768968506162 
-0.0008350502034282576 
-0.001329542214383417 
-0.0014446652329273759 
-0.005090841172901012 
0.0008044806038482874 
0.007381498524113481 
0.006083897927046128 
-0.0044964000435446785 
-0.0014110335388981053 
-0.0007898925154384675 
-0.0009772022082604826 
-0.0013785294553811276 
-0.0013452023847887954 
-0.0037941514953919253 
0.03376715444568818 
-0.0008791402877000127 
0.07781433794912393 
0.0013267383872511708 
0.004139372847754591 
0.005022597895638684 
-0.0007216059091818081 
0.002758626251349691 
-0.001334598426833795 
-0.0029519686008691237 
0.0017386001027339876 
-0.0026909642273901576 
0.003394188491636895 
-0.0007438044469013249 
0.0022119372708262752 
-0.001299257833025546 
-0.0022533853024645366 
-0.0012817061753440872 
-0.0012798451437674207 
-0.0012696994879987046 
0.020562869678275673 
-0.0006837142120170952 
-0.0012633710248639264 
-0.0012677940829710968 
-0.0006647033554928223 
-0.0006639573971194305 
-0.000955374723378526 
-0.0006746940409812733 
-0.0006928264908914726 
-0.015566242546582933 
-0.0007181514438565823 
-0.000768862199408142 
-0.0008104630954398035 
-0.0008830896497127065 
-0.0016893392312812955 
-0.025791809622412086 
-0.03439831755802005 
-0.08596855434823338 
-0.021971266913601583 
-0.08024746342758242 
-0.03620030367294761 
-0.047917331873733905 
-0.0029429486492859526 
0.03196517544955206 
-0.014815538989770534 
-0.0032376243955303937 
-0.0011532985747414587 
-0.0016828090018986513 
-0.001022110152751665 
-0.003574027407596632 
-0.0011684752852907465 
-0.0017149922340338995 
-0.001169317548068998 
0.04548419674817108 
-0.0016432511286978725 
-0.0011329573458252933 
-0.003958759293281305 
-0.001750298483857824 
-0.0011581712231696207 
-0.0016442149884288333 
2.7025161140384066e-5 
-0.0011433170488794797 
-0.00017975837632382475 
-0.001769186281281706 
-0.0011232233437723214 
0.0003841010372144428 
0.0006630301262389597 
-0.001772475467477005 
0.0009847748079715689 
-0.001084716554559399 
-0.004400057271589626 
-0.0004555773858278123 
-0.0010546142394955505 
-0.0017637690683211086 
0.0015742449030471143 
-0.0017494294663127374 
-0.004908386443904461 
0.0020632559731715333 
-0.0017168575319352506 
-0.0015997544122757284 
-0.005827332359745289 
-0.006572516740619565 
-0.007455741819718668 
0.0033941697445538355 
-0.0015980934487171145 
-0.008517041891243105 
-0.0015500540289755252 
-0.0010408862971676587 
-0.009814642540805298 
-0.0007017410693354407 
-0.011436467637909517 
-0.0009287116486289349 
0.0043273838681951214 
-0.0014958092238574793 
-0.000911644905093603 
-0.0009174102503719956 
-0.00245823334365105 
-0.0014075793103245958 
-0.0008360831278965633 
-0.0013453599267548035 
-0.001573495513866715 
-0.000739943121472755 
-0.0012814027778248705 
-0.002260055820700274 
-0.0009287341565594055 
-0.00088418210681911 
-0.0010737842619703891 
-0.002086961802797865 
0.06578839916945829 
0.08353546418277061 
-0.0015532831468183501 
-0.0015252278975180944 
-0.0009079159198573547 
0.0029274039852406073 
-0.008214169297375565 
-0.0009796443025250519 
0.014669270035595261 
-0.0010631739525460285 
-0.0016055860270662034 
-0.0014044324973561616 
0.005259507283969018 
-0.036388307986739 
-0.0011221905711227722 
-0.004312290280595323 
-0.0010728928087218156 
-0.002255575724394047 
-0.001530955481020286 
-0.0001775681086177696 
-0.009614917018349314 
-0.0013256952618644657 
-0.0014255229562541133 
-0.002831867618928483 
-0.000696910988449816 
-0.02867568888853959 
-0.000816351359853018 
-0.001817702705729385 
0.03341656016657527 
-0.0011337543012685523 
0.0006864275398249557 
-0.0031967093829220433 
-0.0015104975127627743 
-0.0016754336419906887 
-0.010919504926743016 
-0.0011236986685290357 
-0.0015044321330935527 
-0.0016945131044238926 
0.012604770288461865 
-0.0018659822121746162 
0.01038245646597023 
-0.0010047191424399195 
-0.0006154411010289408 
-0.0015250710754715002 
-0.0015437718281968538 
-0.0008620547393685427 
0.003581292365145803 
-0.0009491284025521919 
0.0006171916899243885 
0.0009198816398268394 
-0.005498782617815248 
-0.0014559414914527297 
-0.0014858155080784202 
-0.0048338987256261725 
-0.0007030759262988626 
-0.0007994650410472827 
0.0014561783456131829 
0.0018791463499162986 
0.021093132161378342 
-0.0006860205376017663 
-0.0013109531607057058 
-0.0013218512753551033 
-0.0013068810364436842 
-0.0012996070616491159 
-0.0007145126188725293 
-0.000787655988442463 
-0.0008275576517982397 
0.03395516402070885 
-0.0010225238439901898 
-0.0016336786048808285 
-0.0011007095066334026 
-0.0035200122792746003 
-0.0016795326875796923 
-0.001718631090190029 
0.050515425108159505 
-0.0011074484648219923 
2.8291721418505037e-5 
-0.0017495039128789488 
-0.004798568835773762 
-0.006382346031238178 
-0.0014566264318957706 
-0.0004775035359017278 
-0.0017004600315917802 
-0.012815600807989314 
-0.000894567826413982 
-0.0013699697258727542 
-0.00089774171576105 
-0.0007386305740611851 
0.004385933639166945 
-0.0020887631329878104 
-0.0009818842328147722 
-0.0011387587346526448 
-0.002446521687666477 
-0.0013725096263009526 
-0.0012943849433936002 
-0.0017093447765779424 
-0.016844492418566812 
-0.00034438069065290594 
-0.0015385759585998728 
0.010834897699568491 
0.007181774781142488 
-0.0004195466783588448 
0.008190275073123659 
-0.015295449463468915 
-0.0012165718390947074 
-0.018673018057988086 
-0.0014201068081905496 
-0.0020484756074541526 
-0.002144949177348653 
0.00023143174608397828 
-0.011822626690239738 
-0.0015131321545357277 
-0.000554821187904674 
-0.000870372074312073 
-0.013268043598702938 
-0.006819077317174574 
-0.0023508563335418054 
-0.0008400648178386754 
-0.001396148105677108 
-0.0016167924320063416 
0.007696696842036946 
0.00048010135846915776 
0.006355279131196534 
0.009375042254725794 
-0.002013597140845361 
-0.005888743698192087 
-0.001377680074781463 
-0.0031195712203013807 
0.059559135159299614 
0.02132429873659108 
0.017625584618993138 
-0.0040519401483264566 
-0.0007116933156385656 
-0.0011854745514069077 
-0.0008135311329816902 
-0.026824782424546525 
-0.02352627657631095 
-0.017246413760187075 
-0.0013567216637613054 
0.001265333663053172 
-0.003278784088945987 
-0.0013822551332271487 
-0.003634665231280892 
-0.000757710036203884 
-0.001332434251286058 
0.018428760952456706 
-0.0006835269489111963 
0.01286230502394601 
-0.0008971617883064629 
-0.0008727632906965919 
0.0043487665403038975 
-0.0006863046100580029 
0.002365424882815712 
-0.0006836397681944859 
-0.001301734504234801 
-0.0012993894382226899 
-0.0007389336482945767 
-0.0007698701682356472 
-0.000732683680593254 
-0.0009620822935180748 
-0.0009332057038700956 
0.006323596789262698 
-0.052948565819841704 
-0.04535373752356376 
-0.061992231317845405 
-0.02375743948421292 
-0.06822151481767531 
0.028593571232123485 
-0.001119781167811136 
0.00039872434639011655 
-0.0017424157418633006 
-0.0010878343036078144 
0.0010168263408725008 
-0.0017471231446482647 
-0.001737278753933449 
-0.001560380387435431 
0.0016187964739016734 
0.002115365235549703 
-0.001133536682983752 
-0.0017214503493537389 
-0.00536054796428004 
-0.001645487633418979 
-0.0010508885801880188 
-0.007217108027644671 
0.0034556006472778703 
-0.000723799022513314 
-0.0026645756002418902 
-0.0038893222570240762 
-0.00942362797023588 
-0.00018758297883584703 
-0.0010076207488598755 
-0.0011314092327012464 
-0.002913245224710331 
-0.0016942100295989334 
-0.001728298513691675 
-0.00113082090251479 
-0.0016196125759808226 
0.002715933232558158 
-0.0010640705547117469 
0.0012015221138198158 
-0.0013094451007141024 
-0.0017504220804885498 
0.00014481593136290465 
-0.0010130369641246327 
-0.0009878108360060966 
-0.0015813227756811806 
-0.001593078817646334 
-0.00601443637509743 
-0.00038466778962390895 
-0.0006540708090796504 
-0.0009080731002844911 
-0.0013995061724005665 
0.004945721444353717 
-0.0012786617596219196 
-0.0015710869107378414 
-0.000902187958087145 
-0.0008833253503424037 
-0.0015590176120392463 
-0.0015532710360504154 
-0.0012165718391090575 
-0.0028769145372365703 
-0.00041950944698770963 
-0.0012165718390950322 
0.0005751259489233142 
-0.002115748433092482 
0.0003894795260211734 
-0.0009101482421599412 
-0.0016876502435824038 
-0.0034494344656983643 
-0.0010812515264076604 
-0.0007580852930484673 
-0.005506471974092415 
-0.001334079533593371 
-0.0017289963076091291 
0.0016204741473611986 
-0.0007041473736418019 
-0.0010652953623397088 
-0.00629198953917993 
0.0034334642275210894 
0.007928751764238521 
-0.000728879868321394 
-0.0013779046455715987 
-0.0017042637978293897 
0.00618237172795856 
-0.014234825369690347 
-0.012742751105253917 
0.010309606370726105 
-0.023573748718975707 
0.019006830479916127 
-0.0008219834442152548 
-0.00141979334003851 
-0.00216316715741866 
-0.001624002183317592 
-0.0015193454859506207 
-0.0009137982880977249 
-0.030060667808622345 
-0.0007001574512445103 
0.021140605908325172 
0.0013774172880471895 
-0.00010410521159182463 
-0.0015937003548495423 
-0.0008741239089985507 
-0.017102413950175643 
-0.0014233325426674726 
0.013129782260916966 
-0.0038361553961280058 
-0.0023290384668323205 
-0.0013737477678304804 
-0.01618563494324739 
-0.0013349363400772857 
-0.0042889615261802305 
-0.0007852911010127096 
-0.0018783226228679991 
-0.0007480646732578213 
-0.0006958649244528304 
0.027976531862382057 
-0.0017295639895416983 
-0.0015987047511431187 
-0.0005147819523462668 
-0.0010554636916053515 
-0.0013006333839252811 
-0.0015578906364134908 
-0.0008856358659085996 
-0.0017614486661847474 
-0.001451259682164009 
-0.0010932282047300343 
-0.0016119263579177003 
0.011861331324775588 
-0.0017790728683879267 
-0.00026997671842267146 
-0.0012464010088330554 
-0.0002638232587979706 
0.00791924916915453 
-0.0015354046992497427 
-0.007307028274008625 
-0.0014687852769347375 
-0.0010336375057044412 
0.00032068105873730583 
0.011533895124942378 
-0.001060634285103938 
-0.0014710614030820257 
0.026242543614176536 
-0.001387938311966156 
-0.0005494001537688246 
-8.528662824429243e-5 
-0.0008462063124509379 
-0.0009765173296114437 
0.0007635655033129715 
-0.010623418725336847 
1.3377844527498572e-5 
0.0010246207239826832 
-0.0042900429558156775 
0.0032416569337330816 
-0.00194353848009628 
-0.0014406921330943022 
-0.005149077911236326 
-0.0007709677822249457 
-0.001345309417858322 
0.006990483791372594 
-0.00297099119043572 
-0.0014106198639024907 
-0.001302322844715523 
-0.0013975949760569439 
0.005781025179332984 
-0.031026714712476047 
0.003949202003616551 
-0.004548509317449298 
0.001660405905412886 
-0.001313362584693817 
0.04292055718482355 
0.002113672324511207 
-0.0009226460877306416 
-0.0007712892872643352 
-0.00801894391795654 
-0.008756738158396863 
-0.0013176732792852255 
-0.002577959968721358 
-0.0027011639727688645 
-0.002461435396442968 
-0.001675370460505532 
-0.001771554650449132 
-0.00149557056747208 
-0.001955640416680727 
-0.0008518206041900199 
0.013752486300809316 
-0.02005872318536122 
-0.0008069074365920152 
-0.0006901539825788001 
-0.007378865968249879 
0.00478396395925163 
-0.000690727936742122 
-0.0007048451369209225 
-0.0014944888879978816 
-0.018901199951354565 
0.00011881104762788736 
-0.0008867299665752007 
-0.0008433251401337363 
0.018600764391207822 
0.016468056247712817 
0.009628245125493116 
0.002636043407828214 
-0.001305614452845136 
-0.0013312083666718873 
-0.001400687570843412 
-0.0007035796842715385 
-0.0007258869083891823 
-0.0007878791523884738 
-0.043893040044300724 
-0.0452950146402507 
-0.05387274470524341 
-0.0011544820108075828 
-0.035849708588201495 
-0.0013399153831739933 
-0.0007719547596941396 
-0.0008752531852462563 
-0.0009658002662863035 
-0.0010890989579400107 
-0.0016478525558534728 
-0.0011344887977750948 
-0.0011275292815385706 
-0.001055239090068099 
-0.0010982073840113302 
-0.001746839068350594 
-0.0011112924798371657 
-0.001535981890362997 
0.0008456404173263187 
-0.0016632734599579177 
-0.005826977379341859 
-0.0009473281985706092 
-0.0017300677519941842 
-0.005069187373293587 
-0.001036995604990602 
0.002400754609547197 
-0.0016952105782294781 
-0.00021300570318641992 
-0.0036984775657627547 
-0.006781910587331805 
-0.0009934001527845922 
-8.228734531780601e-5 
-0.003050335562672929 
-0.008788423278123531 
0.003892819193368793 
-0.002551954896155071 
-0.001087941375902407 
-0.0033530255266869835 
0.041459901612375144 
-0.001661854380526603 
-0.004093549826123335 
0.0005378475151394983 
-0.0015836086289489903 
-0.0016986518407479142 
-0.0017157669333619696 
-0.0010990642375882365 
-0.010129841056373053 
-0.0011154704499793846 
-0.0016262363006631572 
-0.0017429897034780242 
-0.00166091472952626 
0.001855817851153192 
-0.00103245615755833 
-0.004546816265908786 
-0.0010355487932627216 
-0.0006716951366822724 
-0.0015761785685502157 
-0.00148401535521885 
0.00012967382711314394 
-0.007692651375946094 
0.0012022639033700394 
-0.006548448755882957 
-0.0016883677582533183 
-0.000937573245703501 
-0.00031739494098857355 
-0.011808186551194132 
-0.0008571666833691595 
0.05143963368178981 
-0.001363716916005311 
-0.0008934091190048284 
-0.002169320569441067 
-0.0007894168399002068 
-0.0013056583081572776 
0.004873884595498693 
-0.0009630281706699296 
-0.002347857209728844 
-0.0015667606195828813 
-0.0015475101836450085 
-0.0008798727012208719 
-0.0012452333120286136 
-0.0012165718391136842 
-0.0016455294378189842 
-0.0008590893771181734 
-2.5723100111751257e-5 
-0.0009220957995154703 
-0.0014283715015421966 
-0.001669635556203349 
-0.0010538721201612936 
-0.005629139212116203 
0.003393833324416345 
-0.0010437850999261082 
-0.0016882840548029952 
-0.000979447602337692 
0.013189432296816083 
0.010974336827734747 
-0.017100465605438982 
0.01835342527315657 
-0.009644822780769613 
-0.004005392155848971 
-0.0007593726557727117 
-0.0015562271017944393 
0.004966135086169303 
-0.0011274854573733943 
0.027627522145545567 
-0.0010943252640554736 
-0.0007577733745613665 
-0.0015898185387087924 
-0.0015696928176409542 
-0.0010133503383712788 
-0.0013509130920117927 
-0.030409672195302537 
-0.0015429376407273814 
-0.002530452821549406 
-0.0014985389547722582 
-0.00329805265786287 
-0.0018837437006587576 
-0.0015397359407838104 
-9.856712563812164e-5 
0.010644388927967298 
-0.0019183620085115745 
0.042861849075152995 
-0.010352391284304556 
0.000715301480439151 
-0.001367848376895211 
-0.001467343444236011 
-0.0008569648417962731 
-0.0048307233768324935 
-0.0014397435647704637 
-0.002562817501833718 
-0.0028226228006351835 
-0.0008049843683003284 
-0.0014131861089128424 
-0.0013518922556421686 
-0.0013381350208953276 
0.0017806997643526807 
0.002243227688802025 
-0.0007113017670046254 
-0.0013388184894018887 
-0.0013322345611701464 
-0.001059396021656508 
-0.0010287112997710043 
-0.004933218134148243 
-0.0017186523004989293 
-0.0017218419115734717 
-0.0014468497705963773 
-0.0008394434711836405 
-0.001019957615859604 
0.0008434077584332231 
-0.0016740129033897015 
-0.007399279196622577 
-0.0011325102941185127 
0.003858846545368967 
-0.01116239362385201 
-0.013077533074858665 
-0.0018255477526880404 
-0.0015302462423923784 
-0.00018715944031003946 
-0.0010694267624081302 
-0.015562926294419781 
-0.0014447457365967073 
-0.0017329862272841285 
-0.0020153243099502753 
0.011801681262054093 
-0.026677814615267543 
0.022673171545436296 
-0.01144598116418112 
0.00698588953271026 
0.0008649087154534371 
-3.8653888684892015e-6 
0.00020534878299485661 
-0.0022201379731269233 
-0.0014810792233791998 
-0.0009600156092159345 
-0.001466472901808363 
-0.000866381939139923 
-0.0045480529020087875 
0.007211678618073801 
-0.002443046608689028 
-0.0036354081622464716 
0.0041153046739456625 
-0.00791764516823244 
-0.0007961922402013169 
-0.0008091414655541172 
-0.0017215594581467602 
-0.006769006794478518 
-0.01429447742491043 
-0.009419030697278471 
-0.0008234873543636257 
-0.0013617634365325928 
-0.0031152891205048394 
-0.003276551439226808 
0.001195181691635447 
0.0015722481788882521 
-0.0009346046488608281 
-0.005866607329776112 
-0.0007210300918082093 
-0.0007833907225827696 
-0.0007068930984891214 
0.0059816082131982605 
-0.0007056972069610446 
-0.002013634417861667 
-0.0007344918673551254 
-0.0007173767251332086 
-0.01850298399090644 
-0.025106311811933686 
0.012562325625026663 
-0.0008644301075714559 
-0.0007379330707861023 
-0.0007454934354388098 
0.01606984784995144 
-0.0007144913778621456 
-0.021033907780531314 
0.002776137251597362 
-0.03606813945978945 
-0.03519590532284783 
-0.004053617140676979 
-0.0006615891940677903 
-0.0006075960967236403 
0.024244672624420018 
-0.005485255371518403 
-0.0015073319834107534 
-0.0008344389408285715 
0.008729249451140708 
0.000443770617273608 
-0.0013317971674388454 
0.01637372420785206 
-0.0016082037759684064 
-0.0007591307922723698 
-0.0013888874435189424 
-0.0007722289491372478 
-0.002085813415069569 
-0.0016328072559836056 
-0.0007030510501392908 
-0.04839905919760085 
-0.0003473304552004141 
-0.0004867824477889882 
-0.0010822306543609517 
-0.0011867426694109817 
-0.001385034141108106 
-0.0008769163180671493 
-0.0011009091993530206 
-0.001546413711557851 
-0.0010950087538780585 
-0.00041781966507713566 
-0.001708031875486629 
-0.0009386548236615027 
0.0005312149001988672 
-0.0009258117372627323 
-0.0012761299117410808 
-0.0013920510377490323 
-0.0010442562885090198 
-0.003628325650575721 
-0.0009669286262063235 
-0.001675058384848411 
-0.00275382497175738 
-0.00617332613835236 
-0.0016621758959111702 
-0.0016369514183956918 
-0.0015869373042864522 
-0.0010743240448858576 
0.009012837517539698 
-0.0009028979527277414 
0.03276276723372771 
-0.0017300926288656288 
0.00025593114874312983 
-0.0009520644842199794 
-0.0016111602634755373 
-0.001071380349213025 
0.0014030123273056025 
-0.0006087492211549159 
0.005484500567492625 
-0.00841475235195662 
-0.001101935397390412 
-0.001101346600174335 
-0.0017274464746948961 
-0.004437070423023819 
0.0018568992816591883 
0.0023975792587344297 
-0.0016281592557328953 
-0.0016452644777037704 
-0.0017121135864603865 
-0.005209281281609357 
-0.001009811258368559 
-0.0030082698760854993 
0.003052110602339879 
-0.0009643585321207738 
-0.0017262505799056926 
-0.00014231784449459558 
0.04596593283554249 
-0.0010068910104461138 
-0.002334576761835855 
-0.0022459844412625845 
0.0010162907947328193 
-0.001685079035995688 
9.902929729008556e-6 
-0.006955763150827978 
-0.0010481097890355352 
0.004335863121808788 
-0.0013348868120685367 
-0.0015532672610340337 
-0.0008798763702224072 
-0.0029607333121375763 
-0.00035431579772695053 
-0.001694032365542007 
-0.002071553948416565 
0.0005275898156577332 
4.719569992598299e-5 
-0.0034219461193828104 
-0.0007893390061262712 
-0.0013611978180272473 
0.0018205606658905635 
-0.004782588126222443 
-0.0017101403421858916 
-0.0007258165331009089 
0.003757508540503643 
0.008077854094847976 
-0.007722880484910107 
-0.0007448596123331234 
-0.0013893585308854981 
-0.0009657789942510663 
-0.012069603022120887 
-0.0008189208423981268 
-0.016894483904666326 
0.011393728441193471 
-0.0014914191850905016 
0.016003296152236973 
0.001674719350046577 
-0.001614222808692052 
-0.0009294187589801161 
-0.023104659813374076 
0.019562124555715266 
-0.0014118485672105247 
-0.0024074728715972288 
-0.0008634507202087973 
-0.0018297688610385888 
0.026574597616025163 
-2.5670647834806114e-5 
0.006674076938592729 
-0.0025294880533976946 
-0.0010717312375403108 
0.0005027725013808133 
-0.029007744882123578 
-0.000838731280985784 
-0.025471984626700306 
-0.002152858653761613 
-0.0066824640803804574 
0.03837000086411054 
0.0009888024384129487 
-0.0016604329159601804 
-0.001536832002702031 
-0.000906474314322757 
-0.0014892713374391674 
-0.014332638769158277 
-0.0013021716073283512 
0.000803991369976859 
-0.0007951092389170875 
-0.004253703611379721 
-0.006643909398030108 
-0.001399563207616456 
-0.0007635081227732828 
-0.0014078826463506167 
0.001118526119810415 
-0.0007727107783286114 
-0.0004877775905959583 
-0.0017111026443209847 
-0.0009542937835419068 
-0.0016438046725150868 
-0.000945199745947746 
-0.0011266001351373778 
-0.001014724124935322 
-0.0016799653381080297 
-0.0019453659528862496 
-0.0015457848682619867 
-0.0014701157633776306 
-0.0008723870585639865 
-0.0010410926403572143 
-0.00020103181058126577 
-0.0017303247281192772 
-0.00168618287819945 
0.008497452250242241 
-0.0015147192811443084 
-0.015622575959996292 
0.009636459373952607 
0.011899495211979761 
0.0107666014954991 
-0.0016437268375350449 
-0.0036070362960885895 
0.023038843903677005 
0.033634987979174635 
-0.0012737986137733375 
-0.002290825831702605 
-0.0015037249041865717 
9.730892171695917e-5 
-0.0013588196979261653 
-0.014995471769356328 
-0.008615517704212695 
-0.001446209239667977 
-0.0014534994115108332 
-0.0026890752162117776 
-0.0014128558538618 
-0.000945608122105512 
-0.010930594297360194 
0.004522619054749801 
-0.0007302073209329027 
-0.0013440448204542566 
0.003740182070162917 
0.0012918378211465669 
-0.0014262527107013335 
-0.000986293987536354 
0.006565929835903609 
0.002003926426326447 
-0.0013347974942416172 
-0.001574054193998002 
-0.000709355053514284 
0.0002846015105179947 
-0.0008781293537145507 
-0.0029643581383593212 
0.002500074115768846 
-0.02143996911893095 
-0.0007376700059074985 
-0.000723830873850765 
0.020671514821690083 
-0.006190651604414063 
-0.04080315880248131 
-0.035032508393075465 
-0.0013442176783643371 
-0.0008209139206152865 
-0.018806868270016545 
-0.0015266694083549952 
-0.0008423843260954933 
-0.04061742814786569 
-0.004020989848275634 
-0.0006033746897724317 
-0.0051416844367468155 
-0.0018243944562622138 
0.014667321786994873 
0.014461335292129417 
0.008874350535993315 
-0.0007251117759064291 
0.00022458566692603555 
0.005450587986332454 
-0.001429653664036661 
0.003073327931898763 
-0.0008995773842500336 
-0.0007217531676591947 
-0.0013632460224276702 
-0.0013720933281349116 
-0.0007625073031057633 
-0.002232111717243637 
-0.0011570138549310527 
-0.0010982567795141045 
-0.001216571839095284 
-0.0013065435429015712 
-0.0019463614117821533 
-0.0008249397919213969 
-0.0007115843815904516 
-0.0010447447944616627 
-0.0009869343467922278 
-0.0015229954364949826 
-0.0010983462627484257 
-0.00025407833285052224 
-0.000465390773254878 
0.0013729767147902304 
-0.001723788631730368 
0.000682145445472135 
-0.0016802957691134204 
-0.0016969631616319861 
-0.0009184242962582295 
-0.0008902059335587639 
-0.0034577646744848585 
-0.0015687135704990248 
0.0027085402813600713 
-0.0010349839837986469 
-0.0013579603353526457 
-0.0010663644113971696 
-0.005953381886043449 
-0.0010610502754164666 
0.00528973680654056 
-0.0042138437509525615 
-0.008999073987606996 
9.634437437809824e-5 
-0.0010452054813129966 
-0.0006638287005463776 
-0.001020287738424856 
-0.003810561255797619 
0.002114909227224978 
-0.0010515635958611796 
-0.001590759366188602 
-0.012061389292238768 
-0.0026384926893101906 
-0.0016122297054238536 
-0.003148445415076364 
-0.0016574599878008771 
-0.001088926071555487 
-0.005328299597150866 
-0.0009883980684138485 
-0.0016954736723478476 
0.03818429514677012 
-0.0014731281453277912 
-0.0016096563805847416 
-0.00467637169608379 
-0.0016497529460435141 
-0.0008003365745169993 
-0.0009916850992013977 
-0.001702936357628054 
-0.0008530299886472843 
-0.007883732111146777 
-0.007540670436988806 
0.004210766448261727 
-0.01036189593469206 
-0.0024292785046879993 
-0.0015797890766058164 
-0.0015607562248674215 
-0.0008873591740341417 
-0.0012165718391173876 
-0.0022955463211106353 
-0.001244161914895447 
-0.0008132949781758904 
-0.0009556970920538349 
0.001201497974296575 
-0.00144974158003115 
-0.001653137336693434 
-0.0035549409702282926 
-0.005728454396892281 
-0.0010205942560281521 
-0.0007431608543147157 
0.0038703846158411456 
-0.0010232985664839185 
-0.006941809774394858 
0.00403531387929539 
0.008925738120161043 
-0.0007597077337037646 
-0.0016734359342734345 
-0.014274805750213797 
-0.012495144426939695 
-0.004107862808436732 
-0.001513436823210055 
-0.0007312123938280544 
-0.0008526985628399665 
-0.0015822201747915613 
-0.0015801134130453776 
-0.0015578839550693725 
-0.0011309721547870775 
-0.0015335662938871946 
-0.0010479555524613997 
0.019506954108530362 
-0.011307493950383591 
-0.0016797387266696084 
-0.00338930403827364 
-0.0015446269559832827 
-0.0020097478114944004 
-0.015383478015219134 
-0.003087679028466743 
0.03259935840332951 
0.00017438109973569402 
0.013061479626256402 
-0.0014662150238774633 
-0.001379271480613517 
0.0031959957924921917 
-0.0014414585454007233 
0.004660397730115091 
-0.0324606747945978 
-0.021995263431697564 
0.006715453731438486 
0.002112663129381636 
-0.000727074810960446 
-0.0009113538490827454 
-0.0015070793476132912 
-0.0017693149780108079 
-0.001967753207548366 
-0.016873455019770858 
0.03447855832082505 
-0.0007028188297242459 
-0.0009438722430291969 
-0.0014875354844137302 
-0.01319974498396817 
0.0006545358213955907 
-0.0009769140219351095 
-0.009795094114474783 
0.0026516293313094065 
-0.0015620474400765527 
-0.002078827738103222 
-0.0008798397131727624 
-0.0017360715960452928 
-0.00011626518510355634 
-0.001036265040092958 
-0.0016198486515036936 
0.010062000776076637 
0.011841661880291423 
-0.025809367171881002 
0.02723700761146857 
-0.013407481587884719 
-0.002179065019774718 
0.00066134003821504 
-0.002407420578339283 
-0.0008069412514002381 
-0.004506646219566843 
-0.0012989726472079554 
7.10892656078118e-5 
-0.007151466034633058 
-0.0013815800322157753 
-0.0013694653039861685 
-0.008369939588206221 
0.014440310907738575 
-0.0014788498692251296 
-0.0027929190216483364 
-0.0014855609585225549 
-0.0013883988035126372 
-0.0009952921289292961 
-0.0009700346346714002 
0.0075199656466136255 
-0.03263158370681129 
-0.0007531783132221619 
-0.0017781260454614127 
-0.019197834783546485 
0.007361950727106005 
0.0014769268923774035 
-0.00324928520449617 
0.0018862453555915882 
-0.0013625222572653268 
-0.0007317124357001647 
-0.0016553422139996396 
-0.020786569684598487 
-0.0008578244428682949 
0.01676469848296601 
0.01777923485050596 
0.00040218135445182004 
0.002615549561405272 
-0.001366779194910499 
-0.0007756836901154133 
-0.0008533545675604576 
0.0009561605571644646 
-0.0013981596497574886 
-0.0026577293414286954 
-0.005417018804691915 
-0.0057838469745449435 
-0.0007836353924872591 
-0.0008044318605615149 
-0.003806121014591943 
-0.036911711353899285 
-0.0007437316778159688 
-0.0007361804972383983 
0.005595298229049318 
-0.009953106682834521 
-0.000722041030359655 
-0.029670152813637187 
-0.0015155520265834424 
0.012950331920551882 
0.00976502018176026 
-0.00508477347969096 
-0.0014184195141365165 
-0.000830818091332614 
-0.0013614123742345494 
-0.00042339572820396915 
-0.0007528479381094176 
-0.00028028487811213065 
0.003350702132038651 
-0.0007230033392191257 
0.02337622137829415 
-0.0018854465831387845 
-0.0013968789077770966 
-0.001075183343050165 
-0.0005476969640464817 
-0.0023168783385757487 
-0.0007876141267851586 
-0.0014378516260902014 
-0.0011879103662148125 
-0.0010719457964661326 
-0.0010678383627950058 
-0.0016287117712539723 
-0.0005659812711713702 
-0.0010335803875296543 
-0.001689411974314339 
-7.645621177500762e-5 
-0.0009543314807825017 
-0.0017093128072985552 
-0.0037249812912317 
-0.0028353248557709534 
-0.0016380344304251725 
-0.0016262024086791413 
0.0015878468222988 
-0.007093541124183879 
-0.0013851881256505385 
-0.001025260989959226 
-0.0008752596773184213 
-0.008562275770499348 
-0.0015753192359430792 
0.0011738926255573043 
-0.00036159004755694077 
-0.006303528022138754 
0.005936794932033869 
0.004718322362094074 
-0.001035445494820006 
-0.0009175916519567796 
-0.001707327145281157 
-0.0010582246538934736 
-0.0016023256162276487 
-0.002717745016545682 
-0.0025042327806858865 
0.030198434539710623 
-0.0017113905116128995 
-0.0009417244702837354 
-0.004545806575397692 
-0.0006550175089013602 
-0.0016281330915554587 
-0.0010698975866198857 
-0.003094483529717991 
-0.0009666706816781638 
-0.001701431242643857 
-0.0016495082856270201 
-0.0010034899777999517 
0.0020735025456526763 
-0.0010047720878502953 
0.00017662303578410983 
0.0008161415296550148 
-0.0016706364036781455 
-0.000928473688837111 
0.00035977492661810575 
-0.0015944124518474697 
-0.005048692994430638 
-0.001330256992017015 
-0.008028441614050901 
-0.0015533039463493073 
-0.0008963118314799554 
-0.0003647049533251109 
-0.002124079051367114 
-0.0017824514045595326 
0.0001143500101363746 
-0.0013886220280778258 
-0.008657510458301357 
-0.001409845089725231 
-0.0014562296402419966 
-0.0009625987603553458 
-0.0016373929925295237 
0.00152794679047736 
-0.000817539524755392 
0.012775382171395868 
0.0103035008937297 
-0.0015451359745618013 
-0.0009197068488839549 
-0.022225666038801658 
0.00013951646703848418 
-0.004990970764013241 
-0.0026097667148618003 
-0.021940093497166125 
0.00197692192401932 
-0.000791801329788666 
-0.001404561567412186 
-0.0006515223435111238 
0.000607316736354882 
-0.0008613755343823682 
-0.0018839500926848773 
0.022068112511836765 
0.0070580515458964635 
-0.0014125493866849889 
-0.0007433987815228235 
0.0004758594794051418 
-0.0067844291800060455 
-0.0016928490203523393 
-0.000947582677823268 
-0.0021390730349174574 
0.015421498146395351 
-0.0010251494803905025 
0.01694310735117768 
-0.0015244794581262791 
0.009791598425855367 
-0.0008711113134027627 
-0.0014904190738063577 
-0.013191253835762667 
-0.028509011857481403 
0.007443122427338075 
-0.0016992854761374205 
-0.006042635197506772 
-0.0013976981503808581 
-0.003961091125394152 
-0.0007957506855904383 
-0.0007534049325642108 
-0.001435452535892203 
-0.0007389985661336512 
-0.000740294661176956 
-0.0005491935284999948 
-0.002474207525390313 
-0.0016941451092868035 
0.0011217972890924523 
0.005630418021318512 
-0.0015976361487750877 
-0.0009427245916913678 
-0.0016634848322904584 
-0.001685614614174748 
-0.0009019952047332891 
-0.0010431462925277713 
-0.0009834020588917866 
0.0020004800184187095 
-0.0009976911239302983 
0.0036094902995805873 
-0.0016043640594696983 
-0.0015534249791020122 
-0.0014879442061026629 
-0.0022146850148242023 
-5.1194727914165885e-5 
-0.00013759729102491585 
-0.01382687318676881 
-0.0015874077970964068 
-0.0011210528661080375 
-0.0033722509153888266 
0.026075866877638708 
0.014781729588527364 
-0.0018671624061965986 
0.022522229765660366 
-0.002356687464316514 
-0.007470409386031688 
-0.0008399809327500586 
-0.0015349464056488287 
0.0006030754181765024 
0.010758110040745743 
0.0015637511546993102 
-0.0008906848564046057 
-0.008732557474760042 
-0.002935915747438943 
-0.0015020199423234298 
0.008915973311809903 
-0.0007674106467594423 
-0.02702044449615354 
0.0010372269772498796 
-0.0014352353780665273 
-0.0009792221247307772 
0.0035202384731389835 
-0.029766031528038 
0.008146773238063084 
-0.0014536960450144344 
0.0013767310958725473 
0.004249320680430562 
-0.001830853202721119 
-0.0017816212805687075 
-0.0008195944920557888 
0.027332884272201978 
-0.001021295111191736 
-0.006468456914735757 
-0.0037506792729055023 
0.0028951561707963344 
-0.0008710961898612873 
-0.000835507479088729 
-0.0013749189714577046 
-0.00274570613367328 
-0.0007475290643669196 
0.0300275263510019 
-0.009107223038455734 
0.019792521092769213 
0.006129132387682976 
-0.0009330489343844968 
-0.0015311484289871368 
-0.0056579084530560455 
0.000738660612359441 
-0.0016737710216195635 
-0.00470032349493546 
-0.017214877922372144 
-0.0007696588741243818 
-0.010356395889855182 
-0.011349115343218882 
0.002355274422954864 
-0.001466483354041219 
0.0051075270480399155 
-0.00043061523203101644 
-0.001417491622794849 
-0.0013899973551388324 
0.00024452974336445 
-0.001365305257123809 
-0.015494623597782769 
-0.0007476113137175607 
-0.0007530755056308102 
0.011588931602486868 
-0.0002940705802912137 
-0.0020025283861958964 
-0.0011028866029540966 
-0.001312090811929419 
-0.0007469606830568824 
-0.001159345149435094 
-0.018436440456211237 
-0.0014631091169155987 
-0.0007778014143034401 
-0.0006298000679830182 
-0.0004192049394240721 
-0.0012716596260229018 
-0.0010636783186464655 
-0.0008981972860315423 
-0.0008457358339446216 
-0.0012165718390956279 
-0.001685532364611589 
-0.0015550143243641267 
-0.0015717681294601968 
-0.0016800681726121813 
-0.003910070356700576 
-0.0010102748563553463 
-0.007641553638052077 
0.0029838746166001135 
0.004508666855571355 
-0.0009524248338990423 
-0.002381948882666837 
-0.00914859711464469 
-0.001626677239029772 
-0.001028955655121065 
-0.0016657330064995075 
-0.004788417862544322 
-0.0035516695954893518 
-0.0016413423481383268 
-0.001015652034624975 
-0.001352679445663745 
-0.00019500428601617936 
0.0023494444515862766 
-0.006053945760516794 
-0.0008306296790294802 
-0.0013260094711778521 
-0.0010354268091365294 
-0.0010299214908865075 
-0.004319388807878035 
-0.0016135491413394206 
-0.0010706213599415244 
-0.0032371348563585544 
-0.0015110478791175662 
-0.001706068873565615 
-0.0016723583368310703 
-0.012198163624772012 
-0.00104014813502011 
0.00031256245935699483 
0.0007680353516431812 
-0.001562032365384223 
-0.0009875950267436552 
-0.005144873964704263 
-0.0054261311921844965 
-0.010510997491769015 
-0.0016570711376862192 
-0.0026075246103476534 
-0.0015931627734961514 
-0.0008885167460720958 
-0.0012165718391211524 
-0.002534752295606786 
-0.0012431830133951918 
-0.0003779380079854699 
-0.0009876117557806997 
-0.002683546023097186 
0.0005416877828072975 
-0.0008348822419232482 
-0.0008488221661084917 
-0.0016380878061258138 
-0.0009892739586475404 
-0.003879687807506173 
-0.005221875991515739 
-0.0007691234389272443 
-0.0014169595802867609 
0.004351285588188473 
-0.006260500331603625 
0.003827355396082858 
0.00814067958832245 
-0.001013836862513392 
-0.0007673106392662068 
-0.0014358981134251964 
-0.0016708873638027117 
-0.000948771008032635 
-0.011615201220270691 
-0.014081115622916796 
-0.001625812153524731 
-0.0015128026015476844 
0.010381565926872555 
0.0014498526570098516 
-0.0038098746894614367 
-0.015500226620939419 
0.016729394608910885 
-0.0015944689232228102 
-0.0016025137056570268 
-0.0010804642327317357 
-7.97002888494664e-5 
0.0007026519498891259 
-0.002271265410552406 
0.01865651725542718 
-0.0009129134085287594 
-0.005172191598811364 
-0.0014843923810173515 
0.0027117303772524097 
-0.0016640202206486775 
-0.0016289622489204132 
-0.001803343610603486 
-0.0020139390598948336 
0.010633139886126146 
-0.0015703600947319168 
-0.0014673646690723822 
-0.004188029765185316 
-0.0013977168446416715 
0.00622436684206513 
-0.0009430484235045882 
-0.0009021442188354959 
-0.0007855666563438199 
-0.001613837178002353 
-0.0007705520456654487 
-0.001296050033011666 
-0.0016596609395378283 
-0.01646199912243535 
-0.001003836523098724 
-0.0010063135042761046 
-0.005804650062064672 
-0.00104272897233999 
-0.0007391112613691062 
-0.00419661896172867 
-0.011358881819101158 
-0.00347037057374949 
-0.0016897449023959388 
-0.0015217898290568884 
-0.0014774465171069917 
0.0028757304829176247 
-0.0027896441078082883 
-0.0015440087342773882 
-0.0008797186919155046 
-0.00105425084794205 
-0.0018292373959896487 
-0.0019340742674287077 
-0.003040459956812122 
0.014028855258206702 
-0.001662591617581555 
0.024326538627220638 
-0.0032011785310549967 
0.007923254908001075 
-0.0202123794265902 
-0.0011158894059441777 
0.001108088120376249 
-0.009491197705311014 
0.011647971843708724 
-0.002480339378405126 
-0.00530887465547593 
-0.002888970560469294 
-0.000828779593361162 
4.1063916373965645e-5 
-0.000780681484110211 
-0.026759683304810704 
-0.0014228687851032063 
-0.0014788121836506228 
0.0052084100379255855 
-0.006698943726911217 
-0.007725132818605302 
0.003971871790036243 
-0.01937624416148007 
-0.024955370954487664 
-0.0007389155190323035 
0.0017634753707707665 
-0.003483626141124217 
-0.0013887882846960792 
-0.0007622563145159905 
-0.0017391878808530432 
0.00035650050352433214 
-0.0008050105870666561 
-0.0014032221641083545 
-0.0014041879888391808 
0.0029929876049599336 
-0.004433622923822854 
0.016963023735377294 
0.006805056092192439 
-0.002238139046814074 
-0.014022076300889896 
-0.0010035444191886797 
-0.0008064664309017511 
0.0006702006543834137 
-0.0014455486342649319 
-0.02450125799997961 
-0.0007800063422497994 
-0.0008509235190976748 
-0.0007405084739548106 
-0.0007760725670604829 
0.0022052329369945485 
0.0008831729498210216 
-0.008063561699618858 
-0.001393418864846228 
-0.0015224728111483184 
0.01897350334930878 
-0.0015339810423427333 
-0.0013929955114158894 
0.009717937518236198 
0.0036208021723851728 
-0.0007607853159692574 
-0.0014260625921813242 
-0.0008832366376476928 
-0.0007590015664535054 
-0.00031073564580014494 
-0.00113417111177377 
-0.0019411060217425968 
-0.0014079944841059828 
-0.0020684386633999102 
-0.0004920375979710018 
-0.0006022904199192035 
-0.0025726600744821913 
-0.0011889817633464793 
-0.00021845859885426716 
-0.0014295993329825666 
-0.0009979082621289518 
-0.0015804451680618077 
-0.0010070810664439193 
-0.0015731919334479269 
-0.0003090649639856182 
-0.0009418957854144934 
-0.0009086642102954422 
-0.0023534433695314894 
0.013067080654267399 
-0.0016156041365078852 
-0.0071953770564470955 
-0.004638376525800561 
0.002267179821165431 
0.000939107240700094 
0.00503726571346226 
-0.009876266073102524 
-0.00317180421192399 
-0.0005259523098865147 
0.009182059159432453 
0.004265800710259509 
-0.008127256709844348 
-0.0016942281604683208 
-0.0013788928301731941 
0.02458729830408115 
-1.5689041524625967e-5 
-0.0007050439403599755 
-0.0013478553148922737 
0.0013175356027195204 
-0.006405015379570987 
0.006299412785342097 
-0.001039724787713469 
-0.0015843214634184072 
-0.0006970720294581327 
-0.0010445216208157394 
-0.0009311237241477529 
-0.0016899828240569139 
-0.0009260642874262824 
-0.001647577036839757 
-0.012224742165756463 
-0.0010161840883806544 
-0.001692635206757041 
-0.000966660283598808 
-0.0016481490990914536 
0.0017548867756782373 
0.00039322951149217526 
0.0002504023439759633 
-0.0016524621707225808 
-0.0009722865802513226 
0.0004558264406159163 
-0.004882832168090017 
-0.0015424588216786611 
-0.009238199721022928 
0.003224764239345151 
-0.001563016652518662 
-0.00111112719814066 
-0.0024057973759591313 
-0.00032975611936248117 
0.0005996802222312821 
-0.0018253102830567958 
0.00046629813588984736 
-0.0009125511459384709 
-0.0016244258300092051 
-0.006882276021407737 
0.004045085434122927 
-0.008702481686904386 
0.0040041855880593065 
-0.0016469147476625885 
-0.0007804259458525053 
0.010408717242407342 
-0.0008279682050945328 
-0.0015806325188363651 
0.01347799816470379 
-0.014025378352926672 
-0.021089661377495395 
0.002159357719915503 
-0.0006039062656409157 
0.0058956648122054115 
0.009309509473821328 
-0.0009575880924422964 
-0.0017022713071916673 
-0.019162532139575326 
0.0020527572634306637 
-0.0014807188395687698 
-0.0007950558727850847 
-0.0014193068080312677 
-0.0009487512849828408 
0.0012417764403779541 
-0.00685494418885315 
-0.0016770464364509925 
-0.00016187824822858044 
0.01622630044049844 
0.015993408354128928 
-0.005501959986829012 
-0.009769239622747982 
-0.00832880849031119 
-0.02395202164680967 
-0.0029768139977228133 
-0.0033043483483375527 
0.0009528231218037206 
0.00010160863801041584 
-0.0014552920919391652 
-0.0010110809052647218 
-0.0007763445101992032 
-0.0020552056520123196 
0.02241385647281874 
-0.004592500593261318 
0.006837491101147197 
-0.001460857092509763 
-0.00144342232377947 
-0.0008599517581239369 
-0.0009203410728715548 
-0.0007558036743112084 
-0.004099579438548413 
-0.00080733152461589 
-0.0007888029789424079 
0.00017550197235960342 
-0.0026345317003025823 
-0.001397905965395799 
-0.006128990849788388 
-0.0015499070411155503 
-0.0016698020287268082 
-0.0016443407241679862 
-0.0010186390600632053 
-0.0009106708540755455 
-0.0008627835697075354 
-0.0016156801146543181 
-0.003036219019305081 
-0.0015536819824666216 
-0.0015046702800824048 
-0.0018797175182147857 
-0.00023879988643680237 
0.02151887998788827 
0.000307726599676063 
-0.0017019312835226672 
0.0073360934619899195 
0.00042101765464561087 
0.014769387540219921 
-0.0024174546344871393 
-0.002547493688638175 
-0.005863245855860852 
-0.010633074616306068 
0.012363073760797873 
-0.001907191367443121 
-0.002826373185672508 
-0.0009221035905155421 
-0.0015982614221208247 
8.024361394975625e-6 
0.0008070623534306869 
-0.0015235210726802586 
-0.0014687685913748359 
-0.001502260140742343 
-0.01720253545723655 
0.0012735210325770785 
-0.0010285821109821311 
0.008890611238478894 
0.004762233461210554 
-0.0014145046089809304 
-0.0007545273657548004 
-0.0007560972451751051 
0.020486720757450953 
-0.0019925013453240205 
-0.0036749201216190793 
-0.004870131339619851 
-0.001443869708503766 
-0.024847000926461752 
0.007458967178740357 
-0.0008193065006019778 
-0.0008334270905592861 
-0.0021726909844470054 
-0.0008654432639856287 
-0.0008701270258081783 
-0.0009649088145689695 
-0.012736644548276582 
-0.0007583984200101529 
-0.0014268301636354089 
-0.001421040675559896 
0.0056941131029131925 
0.0024496885800872896 
-0.00718472716304298 
-0.0007734827291348042 
0.001637889981816473 
0.0032953108094804094 
-0.0013904146789996043 
-0.0007633416497990212 
-0.0004990693933859972 
-0.0008494004103328116 
-0.0015019921667739178 
-0.0014237459817333287 
-0.0014293071481918864 
-0.000440642315082125 
-0.0017809839454784118 
-0.0011071341268998848 
-0.0013172542720917846 
-0.0007338581867080343 
-0.0011614841340094218 
-0.0012165718390958994 
-0.00219434377274756 
-0.0015997165442715915 
-0.0009778515748300625 
-0.0008098007025365355 
-0.001012102992730029 
-0.0013221290770591353 
-0.0010443553654216132 
-0.0009394272952530733 
-0.0001404102744514719 
-0.00037640592691856714 
-0.0010148051104133895 
-0.002441168019380673 
-0.0009972455582365983 
-0.0014539216241446062 
-0.01785464207428343 
-0.0016786163102816692 
-0.001674745263400225 
-0.0015837432950779906 
0.011592233723308375 
-0.0016266400705395583 
0.000871205192975808 
-0.007703030704009255 
-0.0016567991432224589 
0.0025578270894541684 
-0.013066283637151678 
0.004751584262235017 
-0.004410065513824984 
-0.010579916906552382 
-0.0015000947442318712 
-0.0009096226020117074 
-0.0008041814147261345 
-0.0026776733492296563 
-0.015208525987456886 
-0.0012697053447120398 
-0.003316316547839704 
0.008199933622535044 
-0.0016658330389694958 
-0.0010093976891847984 
-0.0009987321984918569 
-0.005502941497069309 
0.0016664350745049634 
-0.0005982028627504485 
-0.0010170654541713615 
-0.0006939557815890315 
-0.0013731424831286195 
-0.0015677004651577409 
-0.003996894746927438 
-0.0009311515073365002 
-0.011323754950994665 
-0.003634641569315033 
-0.0016354138031819787 
-0.0009813657146896773 
-0.004959691586690586 
-0.0015110400876267738 
0.0034301016236235895 
-0.00989211086803963 
-0.001605175457084083 
0.0005436698559051548 
-0.002909003082108636 
-0.0008891349460770996 
-0.0012422930797924036 
-0.0018646460848773213 
-0.0024729133781215052 
-0.0007308723997819995 
-0.0009599173837224293 
-0.0035830118403272267 
-0.005280030087472013 
-0.0007704773134766446 
-0.0014541706421571131 
-0.0009934579647019406 
-0.0014431472275446375 
-0.0009435307924655822 
-0.0035412317753486084 
-0.013775011541285966 
-0.0016147639504647821 
0.009315810184726572 
0.011856594918225629 
0.0015112828819501486 
-0.001523675807994098 
-0.0050155824963198856 
-2.734633982454367e-5 
0.0074147528384632426 
-0.0008459843176872168 
-0.0013434704095103378 
-0.0011370937231078137 
-0.0015722335187229358 
-0.004271671689934355 
0.003599598220520708 
-0.0015845946495606459 
-0.0016233426663687617 
-0.010792003044126319 
-0.001980130081733079 
-0.0028994418099797144 
-0.0015167998638776113 
-0.0016497423031810955 
-0.0031033443101922864 
-0.0009094678783922726 
-0.0008693551187567235 
-0.012814709585624777 
-0.0008985716412832876 
0.014500008687332274 
0.004828940910771995 
-0.0014856618157463308 
-0.0018349408158599297 
0.0008665729467408505 
-0.02265399831635706 
-0.016933156119379508 
-0.0014422957968061646 
-0.0020567380894229133 
-0.0007721330144861919 
0.0025265479318178443 
0.003371506405401808 
-0.0007777111466006441 
-0.005858256613281901 
-0.000797303204549306 
-0.0009789730559488325 
-0.000990847899849696 
-0.0009854050161921509 
-0.01591114140776312 
-0.0009296768570182313 
-0.0016574407728306804 
-0.0014682347970006737 
-0.001018997642042245 
0.0007884350574793958 
-0.000879461701475897 
-0.002589105870342156 
-0.002494532146668901 
-0.001924707329156319 
-0.00018851206427726938 
-0.00026149718164472023 
-0.0017400216045352233 
-0.0031357951477956766 
-0.01939616774658291 
0.0004781618872051303 
-0.001005266918580666 
0.012959394561725276 
0.004421800527865867 
-0.009006069789177484 
0.006572925087260879 
0.01880637391646822 
0.01814030638369763 
0.011341868113986709 
-0.0008386747308040787 
-0.0014517779577083445 
-0.021406643359528865 
-0.0009521318186920018 
-0.0009952346159740372 
0.008778303585597298 
0.0007289856447576877 
-0.0016675894714890652 
-0.0016068955751843423 
6.138843021220935e-5 
-0.015392540349870051 
-0.0007977298891377461 
0.001168792476150174 
-0.007916859405951708 
-0.007373249840928471 
-0.0008770148335299519 
-0.022919865022073813 
0.020220856234526453 
-0.0014912478883926709 
0.0018385280354925426 
0.009556637564923738 
-0.0010600011949903423 
0.017376392050624783 
-0.0014533705041949575 
-0.005663633022920407 
-0.000793027432949182 
-0.0007862289215713859 
-0.0037814573772411387 
-0.0007697786287803888 
-0.0007849946065813244 
-0.002103387593580234 
-0.0018731611760706575 
0.014689208916380087 
-0.0008942470507685717 
-0.0007757029054808477 
-0.0014705449127638567 
0.0022816850591496924 
0.005748525259596958 
-0.0014344114690401737 
-0.0043364694154203725 
0.0036958471920490923 
-0.0022927330403280607 
-0.0009657649734437693 
0.00020138804308781412 
-0.0007546138930950257 
-0.0009318672813900836 
-0.0014141460277533578 
-0.001416078215999089 
-0.004221112828571657 
-0.0015356927881021176 
-0.0015569350978192024 
-0.000817463555742421 
-0.001413594013453522 
-0.0010352377129914285 
0.00626933801179957 
-0.006032742464359424 
-0.006437330544039499 
-0.0026086456508811274 
-0.0015439139848223019 
-0.0003935219655096124 
-0.0007904735070846156 
-0.0008065036073992157 
-0.001085288363495568 
-0.0011899606648456212 
-0.0006506922574775315 
-0.0012933932022697132 
-0.002122408013790172 
-0.0006809565421263607 
-0.0014183388695516118 
-0.001530999459252854 
-0.0014220628443061228 
-0.0016342257376610132 
-0.000888007690270911 
3.976970216883512e-5 
-0.0016401162231248665 
-0.0005534261430082475 
-0.0016785297865917167 
-0.002322592806251716 
-0.0008991626343724904 
0.004449133014247184 
-0.008181668929804159 
-0.001216571839124576 
-0.001600859910152759 
-0.0009354709452072044 
0.0014465441375289306 
-0.0009643750750107207 
-0.012151081247539466 
0.010321197817899985 
-0.007262084574117344 
-0.002974831438944181 
-0.0027408702565188624 
-0.00026045304862128317 
0.001050482466535955 
0.0024369876659253668 
-0.009270634782489781 
0.008358861982893196 
0.0052919891458605125 
0.0003174195257125021 
-0.0004888181094372155 
-0.0006931221031887958 
-0.0064782290932763106 
-0.001391857367528087 
-0.0015388966279735337 
-0.0038829963116053007 
-0.0016741421119088101 
-0.0016324180163899585 
-0.0016132939670292818 
-0.001677340006037458 
-0.0009897213482516882 
-0.0016527177323789723 
0.0019033264558906413 
-0.004714828713765795 
-0.0009308835248706681 
-0.0014900952550951903 
-0.0010195496559666413 
0.003068815796309456 
-0.0016050577725556416 
-0.010573823287791826 
0.0006229896563577105 
-0.003240206008932999 
-0.0015637885735512354 
-0.0002860646463638935 
-0.0008854898431567433 
-0.0026372936675111446 
0.0005279791277485994 
-0.002522906324851756 
0.0005315684695838286 
-0.0009603333938943394 
-0.0016135642616241742 
-0.001612096894864843 
-0.0036701723209987456 
0.003425112900825758 
-0.005794130568348714 
-0.007726913764013826 
0.004140790125550155 
-0.0007846503447375537 
-0.00164514915134624 
-0.000930151898720977 
-0.0008280858981942438 
0.00841235354357268 
-0.012754341480797552 
0.009220165265478869 
0.002296698522376614 
-0.0016042601873516257 
-0.0014937163926223428 
1.948095557019119e-5 
-0.009847896469654494 
-0.01842655129031122 
0.00932163574492279 
-0.0009041848895117719 
-0.0008762086054239445 
0.001348313695938792 
-0.0016644520529902522 
-0.0014598659706573484 
0.0032304888205229834 
0.010947500350248239 
0.014043000301442145 
0.013862333510934367 
-0.0017775470522500437 
-0.002096002240323778 
-0.02057344700855461 
-0.0014755555966013125 
-0.0015667767892669653 
0.0007794970001184867 
-0.01511086536027183 
-0.02123951634839809 
0.006087662314705069 
0.0019000071700625968 
-0.0014627584177667042 
-0.0021716465320251177 
-0.004465819925005747 
0.002342226944980838 
-0.0014374408353345274 
-0.0007689138091573898 
-0.006573935086093574 
-0.001459949625348269 
0.006267099778920145 
0.004861926465524194 
-0.0008198497109193436 
-0.0007989179673312721 
-0.0008262481295455558 
0.00023047956651385556 
-0.0016351660119291072 
-0.00245262470139074 
-0.0011067800095990211 
-0.006895105410209999 
-0.001662666368218588 
-0.0009731940649776128 
-0.0009163438378873509 
-0.000996646703433144 
-0.0014152143946698083 
-0.011211447162742734 
-0.012841860732316066 
-0.0015541299280401333 
-0.0008992810652964678 
-0.0015202305760581207 
-0.011742651599533013 
-0.00021698240118683614 
-0.0018194176324860822 
-0.0030561338171966076 
-0.003396817391813292 
0.01604517119545796 
0.01553281442957508 
-0.018659438768859025 
-0.017122352025420094 
0.000256705411297126 
0.00036397646949151095 
-0.009947105172429622 
-0.008520805992604309 
-0.0008485490052731469 
-0.0015001551802304558 
-0.0008589927330003706 
0.017132335449672697 
-0.002750563204865526 
-0.0017280997369594415 
-0.0017388836986562083 
-0.0009732776430976645 
-0.0015338626205334128 
-0.0008183797277017679 
-0.0008007256854518563 
-0.0007879945269610657 
0.0016994457400270958 
0.0013346580108961953 
-0.0014473776328402755 
-0.001447738675487492 
-0.002342655930786826 
-0.005325792826556811 
-0.0019133914319514676 
-0.0020221188796070975 
0.012829868552666273 
-0.0008609101123098726 
-0.0014732263158412032 
-0.002244631650110087 
0.008066568557099535 
-0.004729841371658309 
-0.0019443255678610863 
0.002788732336239832 
0.00306979784121046 
-0.0010412863108525453 
-0.001089673268870666 
-0.0010179293525405023 
-0.0014396857283742286 
-0.0016358405009269062 
0.005269887037647786 
-0.0007686916235435636 
0.00015596215323403732 
0.006816758744383726 
0.0010129788824647058 
-0.0008322837684356165 
-0.0007734050523981515 
-0.003993610463218436 
-0.0014369370314593745 
-0.0014388428146144964 
-0.007509320055114402 
-0.0007834013567227415 
0.004461961709626589 
0.0037460470310376206 
-0.0015034668303195219 
-0.0015134975869342733 
-0.000797977657740295 
-0.00045301362973453036 
-0.0005599825339045037 
-0.0009406819852352161 
-0.002039621746698464 
-0.0011110145238564769 
-0.000110550908841141 
-0.0006521597629964535 
-0.0013679161038616574 
-0.0009474818845490136 
-0.0012679287195246068 
-0.0011634384124179537 
-0.0015012763967545166 
-0.0009943008813194003 
-0.0007906138478196001 
-0.0015561288940203896 
-0.001445531990622901 
-0.0016554325319109292 
-0.0009268375846548044 
-0.0015741509755379122 
-0.001322016479895267 
-0.0009857660645396598 
0.0009636742568176938 
-0.000569145296346242 
-0.0003371417914813504 
-0.0015871593184454552 
0.011438867807372471 
0.0017879684414493194 
0.004940106946064858 
-0.00617919074041066 
-0.0009509129436660822 
-0.0016239275582972774 
-0.0013186017508899246 
-0.008700243444094842 
-0.0016610106685120767 
-0.004071033636301619 
-0.0015949506684917775 
-0.0016426701469094305 
-0.005559149148277709 
-0.003385966777025444 
-0.0007655542347352138 
-9.04873677545637e-5 
-0.0027971201878198193 
-0.0026898491290308305 
-0.0012165718390961169 
0.007513959060051194 
-0.0009703852810671232 
-0.0009899964648292447 
-0.004775370664246246 
-0.014796217107605885 
-0.0050192581515792695 
-0.002854161311128174 
-0.0015205925321541535 
-0.0009196460999510583 
-0.0015891500656096819 
-0.001628671915355721 
-0.0009797731868009388 
-0.0044859009179103295 
-0.0037066646873381457 
-0.0009957028584500318 
0.0027390479242543797 
0.0008644430228156582 
-0.0008892297004854348 
-0.00024684391847342986 
-0.0012414888695193988 
-0.0019499375951623898 
-0.000967684287259593 
-0.0009325279884632311 
-0.005319866349806326 
-0.0008114847365180028 
-0.001479716629509503 
0.003456929595863034 
-0.0009756798112126072 
-0.0014588476581371944 
-0.0016243948262367942 
-0.0007991637855760225 
-0.0006942600329135649 
-0.01338064339998305 
-0.001386393404269111 
0.011285225735198766 
-0.0007834916722251036 
-0.0014924616929114986 
-0.0015345395405971694 
-0.0008383055688230828 
-0.0009082891746266577 
0.0013850475010511296 
0.006747791168957083 
-0.0009680144887432648 
-0.0039444266029345755 
-0.01629547591217017 
-0.00296471214362901 
-0.001811866642117162 
-0.0010467502741055381 
-0.0034783544552614083 
-0.0014616338367886505 
-0.0016368475889093073 
0.008374566518632208 
-0.0009368391333352659 
-0.0009671404279318963 
-0.000868665384246453 
-0.001584976356812852 
-0.0015345723577173949 
-0.010845494715481838 
-0.002147079095195653 
-0.0023877651635087105 
0.005293770077234611 
-0.0015293910928182415 
-0.0015154043629786434 
-0.001465129214993231 
0.001748619373439206 
-6.446374909864831e-5 
-0.000871818421593243 
-0.004092220362320475 
-0.00457590507849682 
-0.000843993612964424 
0.00020414991991909323 
0.0004133173027712478 
-0.0007962960713081193 
-0.000762527124761353 
-0.0015289587892111465 
-0.0011652150349671796 
-0.0011145418526046047 
-0.0013395086268550654 
-0.0058900733124647 
-0.0009575175597333846 
-0.0036019361969816177 
-0.0016484933379378823 
-0.0016212895008109408 
0.0010452113369281354 
0.0028926491519348117 
-0.0015443389700542703 
-0.0008986041538954591 
-0.0014278770756408488 
-0.0008888047311619716 
-0.011748952400862891 
0.010103179253296653 
-0.0027386435152651303 
-0.002082470197578006 
0.01345947280872184 
0.014726029091386707 
-0.017965953545865783 
-0.005451844526527317 
-0.016476147236780134 
0.00576088115626941 
-0.002217220623977576 
-0.000659019782664359 
-0.0007731245649746706 
-0.0015469597259435796 
0.01267771977748954 
-0.0014843726804072874 
-0.001002119155546879 
-0.0015006157297904343 
-0.0016425295065845315 
-0.0009808349767982958 
-0.0015889431686497626 
0.0006498921743677481 
-0.01387201235549806 
-0.01980953476475156 
0.0054837157329107955 
-0.008048461447491528 
-0.00014319733730790051 
0.0010637362900285693 
-0.019565476636079535 
0.0149418421000063 
0.002846886370712894 
0.00793263779816328 
-0.0008087178488735067 
-0.0008044717416533783 
-0.0008874580632246849 
0.008599480266286718 
-0.0019658226022490743 
0.012121401436019712 
0.002586114433383859 
-0.0018639983822838528 
0.0076002587682218155 
-0.0009219453933643454 
-0.002289946406479188 
-0.0023686799957332166 
-0.0007815450821916392 
0.002113915596610891 
-0.0017032851003699117 
-0.001640750168619219 
-0.0007824845111415426 
-0.0038743177868057156 
0.00312600543339953 
-0.0032215782359807815 
-0.009194071588667498 
0.0009172724050859779 
-0.006166872431948117 
0.00010891804978361488 
-0.0014673787162295723 
-0.0008381929943083058 
-0.007019734642967716 
-0.001065227574260493 
-0.001978437225170434 
-0.0008092161333767049 
-0.001436496991064478 
-0.004845520915314622 
0.0040908833557063455 
-0.0014720035990378902 
-0.002663623245051087 
-0.001475626141539448 
-0.0007864287796533064 
-0.0007924594415612276 
-0.001900466467143915 
-0.00041102485958226974 
-0.0012909924450292306 
-0.0009329885207986383 
-0.0016012510533602044 
-0.0003506735428115868 
-0.0014810118598929112 
-0.0006078334261687199 
-0.00021592342508122678 
-0.0009227451396804912 
-0.0009742960481600369 
-0.0009962066637549405 
-0.0011908505984472963 
-0.0015613252107961322 
-0.001659738625956336 
0.01014832657750479 
0.0033609863598620927 
0.0015604667933317995 
-0.00652402706118444 
0.0037337281830413446 
-0.008194024833453923 
-0.0009534270860647095 
-0.0005084363815665535 
-0.0008525111851491205 
-0.0016216589678520817 
-0.001216571839127545 
0.00037748829361087274 
-0.003299716667003979 
-0.002542061796527693 
-0.001640684236668721 
0.002032676988891049 
-0.000996562477949688 
-0.0015948381021615315 
8.976264893536746e-5 
0.004586591636736195 
-0.01198978110373054 
-0.004333150890610031 
-0.0008790137650964373 
0.0011498681657927238 
0.0006935735289925194 
0.006760926892941669 
-0.00924990239450057 
-0.004820358880060559 
-0.0004547064521051193 
-0.014289737797776859 
-0.003032823941631561 
-0.0029113056060912864 
-0.0006555966806243335 
-0.007295070159975083 
-0.0016642298706758785 
-0.0009177393330225903 
-0.0015758282094335122 
-0.001663365051273813 
-0.000897450914400856 
-0.004547059316643075 
-0.0014379091281860287 
-0.010499712164431508 
-0.0016131163901425042 
-0.0015748093303388833 
-0.001564478317049494 
0.0025824388226273216 
-0.0006392835067861538 
-0.0027809747853454643 
0.0004558188982135617 
-0.002427966488551692 
-0.001982819276928508 
0.0005889280361520202 
-0.0015955122345335487 
-0.0016010527526403157 
-0.0035488640968719277 
-0.001503466956834315 
-0.00589425158310324 
-0.007715604014849722 
0.003461107373879363 
-0.0009235770456941723 
0.008365313185485695 
-0.01165330758823441 
-0.009749964275928313 
-0.012921091917827775 
0.008260238622506523 
0.01067416490065519 
-0.013596911895109627 
-0.0007951883725864672 
-0.0016029899139635968 
0.000959290314983636 
-0.0008968133050376279 
-0.0024095592007258113 
-0.0011028579075596516 
-0.0015476541689616549 
-0.0008971676914495846 
-0.0021862998681421884 
-0.0018904324330592912 
0.005282460368528015 
-2.3584589456781884e-5 
-0.000886183996329541 
0.0024123780823000645 
0.012798410512007608 
-0.0030830359243238757 
-0.015892619271346713 
0.012268447264470076 
-0.018478312864952023 
-0.0008481673064008299 
-0.0003015254958102422 
-0.0008210467839928836 
0.006210586955512437 
0.002160690671266904 
0.002628822145729078 
-0.00395344978599962 
-0.004666841171671887 
-0.000793962449158043 
0.00015065723842644653 
-0.0015786619288472709 
-0.0011916548087192553 
0.0018923382864093738 
-0.0005197523047643691 
0.0002791759814263377 
-0.0015850594536284206 
0.004238763374807678 
0.0009305699144355761 
-0.011032623648118417 
-0.006906438097046839 
-0.0009147135073940707 
-0.0016339798927293744 
-0.0008442005562973262 
-0.0007923935589914546 
-0.0009715098747785103 
-0.0016181176165294402 
-0.0016515985947276183 
-0.0016496520095131537 
0.0030187008517816843 
-0.001554823599533571 
0.009734636628397431 
0.010487949694740433 
0.012986578346176393 
-0.0011397505512481642 
-0.002810631972783507 
-0.0018544950717888878 
-0.00031208050958459973 
-0.006266774188725085 
-0.0021316185498574977 
0.0003054997669127767 
-0.015263011219364755 
-0.0015748717979761522 
0.011163767433761457 
-0.002060054513208215 
-0.0015063061122347911 
-0.000987609386716616 
-0.01737498417231014 
-0.0016439320383378963 
-0.0015248545205238315 
-0.0008583343248182157 
-0.0009303629445794957 
0.0005705507471577711 
-0.0014614180417638037 
-0.009302583994446497 
-0.008643730633210377 
-0.0008087488437519144 
-0.0008034379727615723 
0.0015611885112794784 
0.0012194553832489653 
-0.0008318926245972222 
-0.001489225636458701 
-0.000820027301079492 
-0.0008118542000968223 
-0.002003074821886942 
-0.0015139741856918761 
-0.004325482690642263 
-0.0009485813152566053 
0.007605427847557297 
-0.002846461051782274 
0.006869439320784689 
0.0019481554381077227 
-0.0017521871351686175 
-0.0010936350515196407 
-0.001069949241148744 
-0.0024939630619618116 
0.0031622601243213085 
-0.010033404792479626 
-0.0007959877366965945 
-0.0014660032849682285 
-0.0017724325041112716 
-0.0031267177058767986 
-0.0032975861850844035 
0.007316820767362434 
-0.0014896129064988876 
0.013863782404153552 
-0.0008573154278722938 
-0.0007818708575185726 
-0.0022575402496376623 
-0.007113526687494912 
-0.00812408283104499 
-0.0008288834908437593 
-0.0016706166041750427 
-0.0008032290569335467 
-0.0014574638977031843 
-0.0014588142349678372 
-0.0014822307564292072 
-0.002567332314177191 
-0.005136631331775553 
-0.0014698949011460432 
-0.0007906951960173123 
-0.0014575021346145227 
-0.0010241151983165697 
0.006221511074737914 
0.004110489914495432 
0.0037723888746460095 
0.0006924185582310345 
-0.0013154145740940102 
-0.0009191695339020792 
-0.0022161613415071844 
-0.0006137261016823947 
-0.00017716803249436718 
-0.0015456856628908195 
-0.0008736981282756581 
-0.0009427150361038901 
-0.0009611401151982491 
-4.537812065091398e-5 
-0.0007298586298866332 
-0.0016424484824819972 
-0.0012165718390963274 
-0.0015111982847321648 
-0.0009756415729866073 
-0.008654654666203855 
-0.006205532582178464 
0.0050761771553377326 
-0.001326363668437639 
-0.0009174929195501729 
-0.005061965880700755 
-0.003446122603055302 
0.009041741121048883 
0.001441174105489813 
-0.00046732113571439977 
-0.002679367092053955 
-0.011754779039495414 
-0.012536322439043809 
-0.0013631944369763155 
-0.004132589460880412 
-0.0016299145975878972 
-0.001266323267233571 
-0.005595403848338918 
-0.0009717256632437747 
-0.000943918080454897 
-0.0005427112455860494 
-0.0014523086389274236 
-0.0014728102846769033 
-0.0015515542221116853 
-0.0016297057054687324 
-0.0009632488013433689 
-0.0009743294752706787 
-0.003767801731865446 
-0.004381299182688235 
-0.004593834413356142 
-0.0014090285467633643 
-0.0016506591686835106 
0.0012370286464715142 
-0.0015753084847396049 
-0.003162129364620179 
-0.0008783201090513495 
-0.0028169300666840216 
-0.001216571839096502 
-0.0002120597929169051 
-0.0009936266570142913 
0.0004915814447889439 
-0.002463213269619214 
-0.0007305520391302849 
-0.0009071065311374322 
-0.004416462555627824 
-0.0016219036121832811 
-0.00590112994039965 
0.0031794126898981373 
-0.005965272426355143 
-0.0009561015920431904 
-0.0014770421418459656 
-0.0016239102568976042 
-0.0008061729056814071 
-0.001496304585288903 
-0.0013814936467161072 
-0.0009111631820376815 
0.007540756190037659 
-0.0008388198591579614 
0.0019833187966003083 
0.008083701138609308 
-0.0008426794513646872 
-0.001484562362891976 
-0.0036525991329500887 
-0.0015269893117380636 
-0.0018429932172625545 
-0.0010741837962965684 
0.006636121724689016 
-0.002529870500457886 
-0.0008146608476220315 
-0.0014814647951777024 
-0.0012888388696530681 
-0.001625286167163991 
-0.0006212771322659287 
-0.0009450636510522119 
-0.0015757684745582178 
0.012097140070205759 
-0.002863641555440326 
-0.014554542943831636 
-0.002255975755461325 
0.00034783099316302506 
0.0012602549258227012 
-0.0005189601869986712 
-0.004412730195105663 
-0.0015402286438248331 
-0.0015138122003133545 
-0.0009555954931821442 
-0.0017741238946150403 
-0.01003857375418215 
-0.001488080089825595 
-0.0007935314390478902 
0.004473294414096265 
0.0037761241608870763 
-0.0016145914618637396 
-0.0048502841148066 
-0.0009563592683701034 
0.0031177492348082136 
-0.0016400118145701566 
-0.0014365815292751096 
-0.0008679547770563448 
-0.012581470244220074 
0.009983913299774005 
0.011382765222720338 
0.010798642048707435 
-0.001166820484874229 
-0.0011177290317301955 
-0.002961122877300485 
-0.0027123196599750433 
-0.01629692289085506 
-0.002330315496746144 
-0.00037308927035911813 
0.011771541214242478 
-0.014701592633600182 
0.005734216540165205 
0.00024622329999502064 
-0.002009428000554121 
-0.01371836763387777 
0.009887736823031767 
-0.0010296616487982817 
-0.0010082912980073635 
-0.0015452884578057724 
-0.0017025917290296269 
-0.0016719252308159136 
-0.009339285964700484 
-0.002163509137874043 
-0.0014785477183751484 
0.0014248989322532258 
0.0011052471092439255 
-0.000102828292404934 
-0.0033637130636263394 
-0.0008674645335848174 
-0.004175504408343592 
-0.0008301537769767469 
-0.0008150260411344607 
-0.0015564759507674302 
0.009027148288234319 
-0.0009130883887671277 
-0.002036486510225843 
0.002387215141132002 
-0.001660018776250607 
0.006270085606028094 
-0.010807707832145515 
0.002886722619742228 
-0.001494917075561623 
-0.0008133783231002442 
-0.0037450295331675062 
-0.0007931318626305965 
-0.0030220717101972256 
-0.0008815894114903534 
0.0008218455527353132 
0.0048630991740596504 
-0.007595969775858296 
-0.001497672752691263 
-0.017159168934913035 
-0.001736051912216869 
6.081927093347294e-5 
-0.00870322928355993 
-0.0052336361469980325 
-0.004939758233901355 
-0.0016184974428996824 
-0.0008078574933529765 
-0.001639181230498186 
-0.0066719083256523235 
-0.0055508929097274635 
-0.002293563454358592 
0.007747693788633928 
0.001599816439464632 
-0.001479222176523053 
-0.001476255975361453 
0.0006059917828589795 
-0.0014904286845162612 
-0.00080234354412326 
-0.0007981218931349061 
-0.000832090926195659 
-0.0008578351786619255 
-0.002121063275563247 
-0.0019327884842610995 
-0.0013359552370953373 
-0.0015656791047707198 
-0.0009288132970085384 
-0.0025838010300897577 
-0.0016371559457385896 
-0.0009296767887182799 
-0.0004237156767065314 
0.00013418863827576558 
-0.0008195794646564087 
-0.0016467148986947094 
-0.0005684976505724823 
-0.0015904642266003958 
-0.000910644600185657 
0.0011157209915423742 
-0.0009037526281156585 
-0.0014310245865896605 
0.0016590766924067153 
-0.0012165718391303755 
-0.008167360161844099 
-0.001520055289938659 
-0.006543633610955734 
-0.0033504161553478515 
-0.002888962690209693 
-0.0007573728924928187 
0.004680383674566536 
-0.0016512728224232956 
-0.0001756038136407579 
0.002142762159350016 
0.005615317774065476 
-0.005342090407446378 
-0.00048320618495653747 
-0.0016103996687132555 
0.00043049787626020655 
-0.0015943238190707176 
0.0069061413258919195 
-0.0012407674098781317 
0.003833629940736582 
-0.010365781250151921 
-0.0009887119019129078 
-0.0009516789296744919 
0.0007553102875817151 
-0.0014455342307729277 
-0.012167779119717925 
-0.0006607112682428637 
-0.01079845608098562 
-0.007296242840522556 
-0.0015363304197952479 
-0.0009061544001665194 
-0.0008663669343440812 
-0.0009502686488712849 
-0.000947690495325201 
-0.003994332259236411 
-0.004181763119946686 
-0.0016109533264711976 
-0.009180934723289772 
0.0015203061047126558 
-0.001565188885229625 
0.002703487658019025 
-0.0008878552441142153 
-0.0032126407503198263 
-0.0010993672580418038 
-0.0012401259975691895 
-0.0020660910093303784 
0.0005207327095287182 
0.0006383491173042298 
-0.0015121519149204662 
-0.0015912512150422298 
-0.003608380234422941 
-0.0008522515904918355 
-0.0015254222188658686 
0.0035321282212082794 
-0.007671949753929919 
-0.0009246185410100471 
-0.0014952264631501 
-0.008705895863091596 
0.0014544866480921625 
-0.0015095666034011853 
0.008086814131092869 
-0.011474883558714328 
-0.0008126984061926971 
0.007417607649138947 
-0.012417058116373675 
-0.0015594458956348512 
0.009453062037011748 
-0.004483126235429816 
-0.0009158419406451864 
-0.0008481567229679172 
-0.000894997343132669 
0.009561697282575906 
-0.0029247250469205993 
9.672689937426985e-5 
-0.0017317741757455494 
-0.0022210838101187984 
-0.0009051165676800865 
-0.0008146463187021856 
-0.0033924341021630035 
-0.013231786423389551 
-0.002754691902639925 
-0.015231556545250241 
0.010637313687257118 
0.005672069306807163 
-0.0002696349200279865 
-0.0015814128966527544 
-0.0017938601704853175 
-0.002037229037540226 
-0.0026198162607274315 
-0.0076370384052344975 
0.004834762714088214 
0.0008561837129057598 
-0.0050130802176057915 
-0.0056238971024560385 
0.005690939157174296 
-0.0015428829085799875 
-0.0007612185351891388 
0.0003215482240834203 
-0.008570129717573049 
-0.000532677311129148 
0.004300331110523841 
-0.0008632152770145816 
-0.0014034820943734357 
0.000986822119003195 
-0.0068908137491380346 
-0.0008582719591218505 
-0.0016379553091706318 
0.0019795857795318335 
-0.0015660101017289196 
-0.000877328980279789 
-0.0011923762683595717 
-0.0018862310737687875 
-0.0026061454052284006 
-0.0031255623487455486 
0.0002822585794258316 
-0.0023657832901654557 
-0.0024452811661994246 
-0.00033918078727591814 
0.010370688349544124 
0.0011377148668323676 
0.006136986356652961 
-0.0016717419978640607 
-0.0016456031886474766 
-0.013107309951615903 
-0.001535976011105804 
-0.009973901959077108 
-0.001013774474293039 
0.00879849375563144 
-0.015419719386267385 
0.002193493853668018 
-6.736031160392637e-5 
0.0003837864651832389 
-0.0008185522083378861 
-0.0015260372190688573 
-0.0031884544775449713 
-0.0040189738363806266 
-0.0001420150394013732 
-0.0008544817497141631 
-0.00039591463971322936 
0.009319932426231605 
-0.0016005398674251677 
-0.0020939628174844018 
0.006272752185679101 
-0.0009742125505417437 
0.002655258463010334 
-0.001120587885584067 
-0.0010971884412735915 
-0.0015161178696272836 
-0.0008092334214076485 
0.0071721369999540536 
-0.0029095547740591366 
-0.0027154021805617387 
0.011219437820272684 
0.0007273916678924113 
-0.0008902607260956625 
-0.0015103985752889428 
-0.001502991818016865 
0.00516282686180372 
-0.0023252446744699822 
-0.000824811778930822 
-0.0008480842174780327 
-0.0008227440350909274 
-0.00148545322737629 
0.003467986266588655 
-0.006334136565685425 
-0.0008221903738047726 
0.0029089466950310617 
-0.0010516500316530182 
-0.0014767844609351569 
-0.0071665779016317314 
-0.001482875089669579 
0.004105432237719414 
-0.0015184302060017483 
0.0017857027210719631 
-0.0011421513061382553 
-0.0008056071935497287 
-0.0008039333206194401 
-0.0008042442587915595 
-0.0009378360805804214 
-0.0018029288444026622 
-0.00201206609433856 
-0.0014654593912993294 
-0.0013125557223292417 
-0.000277713018063386 
-0.0008929151086931555 
-0.000430068960000214 
-0.0012648830490295478 
-0.001630800134365597 
-0.0009382266676546696 
-0.0009539215596865928 
-0.001569355138067149 
-0.0006970918580610418 
-5.176783104624623e-6 
-0.0009055984510131824 
-0.000954596008682338 
-0.0016084518784581542 
-0.0013302857704783693 
0.0013118858586042262 
-0.006209267809815773 
-0.0034968800401358117 
-0.0016197653551316639 
-0.0015027807335204072 
-0.00508840219028413 
-0.003003694538614747 
-0.004626637603922164 
-0.0006217778803740227 
-0.0009568877562238569 
0.002506615409731471 
0.00687966592394988 
-0.0005786487045695045 
-0.001618482807382934 
-0.0015935674630178844 
-0.001584986955280072 
-0.009605280171323092 
-0.01018083683510196 
-0.0009193315475702237 
-0.0056125563846640796 
-0.0014248524423174866 
-0.011460291000979719 
-0.0016269707765887676 
-0.0009031172654686985 
-0.0016296565745918617 
-0.0009331194980016401 
-0.003818191250052504 
-0.004218846487408448 
-0.0013589598818311603 
-0.0016396122409674146 
0.0017423607382964252 
-0.0015558146745884088 
0.0028004924731187134 
-0.0003092622973463152 
-0.002091931885470853 
-0.0010185897296740183 
-0.0023525770965354123 
-0.0016702705666096851 
-0.004439079046336822 
0.0026661428143619046 
-0.0015455849855483248 
-0.005892644604440222 
-0.005672155391239658 
-0.0008131063132759435 
-0.001614926330412685 
-0.009421033887793005 
-0.0007013694388683741 
-0.0008222883698207934 
-0.0025604245212728534 
-0.0008996353775265947 
-0.0009123997238781547 
-0.001377139583815602 
-0.001584876396094231 
0.007246838646736361 
0.006018255943939911 
-0.001870947564923526 
-0.000939657346896237 
-0.000883650922964747 
-0.0015300263872019913 
-0.011886206526553231 
-0.0027907569975138343 
-0.0005469125354543913 
-0.001100346809430414 
-0.00011147009940845993 
0.003459500897023353 
0.0015858301551612422 
-0.0016150152856730389 
-0.0014395169620391199 
-0.0009195595486994948 
-0.0015670181875787079 
0.008506454344310093 
-0.0008921138342190835 
0.008873989560372138 
0.009902186475138934 
-0.014530285725261414 
-0.0008637885404832567 
-0.0008573751966048048 
-0.010519958449038894 
-0.001623971759121486 
-0.0009799432852714226 
-0.0015156507308479539 
-0.0008152248905237281 
-0.0008327385625000597 
0.0007549775663199456 
-0.0015000241482534531 
0.0018110695457543178 
-0.001144304879406419 
-0.0009379171752407681 
-0.0048657541317746675 
-0.0012869243950204866 
-0.011753077046167628 
-0.0015467715627513513 
-0.0036933987072274702 
-0.01232088049305299 
-0.00144443211703278 
0.010043991737764438 
-0.0012165718390966696 
-0.0032549893418464698 
-0.014204686374691067 
-0.002475914442899576 
-0.005307311870890997 
-0.0004503243299192641 
-0.0003966570955379595 
0.006987889780669539 
-0.0019141834916573922 
0.00018667265972150126 
-0.010693380097346014 
-0.013815910551449992 
-0.0017658995221725743 
-0.0032413305134901173 
-0.0010560040945485761 
-0.0010345897071485782 
0.00041347853810660956 
0.0020059354117707012 
0.0012914271044243612 
-0.0008317260137037446 
-0.0008246917796070942 
0.0009928026095797032 
-0.00307149279139051 
-0.0008671335616525076 
-0.0008764707370259426 
-0.0021238813404229084 
-0.0015644277192463996 
-0.0015365193958927562 
-0.004243648191243256 
0.008686808627175266 
-0.000920991763770147 
0.00622565496375784 
-0.0016757704369051343 
0.0024171403750381697 
-0.0034199652582059138 
0.007520628241691707 
-0.0015025643403274254 
-0.0014981572645468189 
-0.0008418924637750738 
-0.0027454983472108277 
-0.008148756894509362 
0.005238806261617633 
0.0006344477664141483 
-0.0029538763511218783 
0.005203895469156868 
-0.004739010356811166 
-0.009312810518231877 
-0.0021916308983037573 
-0.0015043303506999078 
1.2137564854413266e-5 
0.004733434875453893 
-0.006008851245925686 
-0.0008395762277966799 
-0.0008181283751281065 
-0.001508525092460772 
-0.0038076545292498416 
0.0044576701649433155 
0.0016274864342724668 
-0.0017004279141185847 
-0.0011682607009396797 
-0.006733476039296247 
0.00407747212576833 
-0.0008085256346853472 
-0.001493486294722633 
-0.0014936950427754869 
-0.0009617515014161499 
-0.0008034871027953154 
0.0029144130181517386 
-0.0024935039310190997 
-0.002155430585783891 
-0.001961638451613994 
-0.0022911285629370042 
-0.001332796868933309 
-0.00018166503627786037 
-0.0009305792947875072 
-0.0016004051407935008 
-0.0008766678040486978 
-0.001556672902259785 
-0.0014775481849680979 
-0.0016350217852079082 
-0.0015280271560172741 
-0.00013958062134603687 
0.0028741681968384772 
-0.0006302147674247823 
-0.0012165718391321802 
0.003190753427324785 
0.0022336982632831432 
-0.006538575857082269 
-0.005347556693102774 
0.00017300172932107672 
-0.0007892117254798768 
0.001175237138536324 
-0.0016057550847989677 
-0.00810521273934837 
0.00047641109488235706 
-0.0007433834838762609 
-0.0004979273099149662 
-0.00024151317019452048 
0.006798986585643479 
-0.0015808920874798103 
-0.003039135385923233 
-0.0012636026654820496 
0.005715613220162149 
0.003900992323939761 
-0.0009077214113226755 
-0.0009817278442409406 
-0.001398554034329622 
0.0008081863133609561 
-0.007267906256390313 
-0.001495307597522443 
-0.001628899420750956 
-0.0008992233626569895 
-0.0008376315248273265 
-0.0009170257622003001 
-0.0009364149583710632 
-0.004032960211854363 
-0.0016014176862096277 
-0.001627536488204516 
-0.0016292103594373352 
0.0020499818139845046 
-0.00906926499959451 
-0.0008863720916593435 
-0.0035383908938851016 
-0.0010963108831017609 
-0.0012395621877429356 
-0.00015559879270467356 
0.0005434269779337148 
-0.0009848987210804357 
0.000679883040464944 
-0.0023755918015859307 
-0.0014713921767355454 
0.0026623033189994154 
-0.0015611944078618774 
-0.005697232611023912 
-0.0008875586644826673 
0.002925529271744498 
-0.0015098114092967827 
-0.008658798641101863 
0.0014741422588609638 
0.007260009287331566 
-0.0015173017192348494 
-0.0008504878613169476 
-0.002149858678698328 
-0.000848267294725321 
-0.0015699287573452516 
-0.0034259462176967938 
-0.00346645275429176 
-0.0006065142741882929 
-0.007599103660869702 
-0.011231636310273662 
-0.004537144192589932 
-0.0030675914094222415 
-0.0008271447609263129 
-0.0008326037547250247 
-0.0016205059659519078 
0.008909832938737575 
-0.000888536557990039 
0.008313087802389867 
-0.0017928443539820026 
0.001825164696929597 
-0.00149452331521348 
-0.0009279253976350769 
-0.000884368382037776 
-0.011307133928889775 
0.0022128403934750995 
-0.0022514786011927712 
-0.0015573508993226566 
-0.00010789941186203534 
-0.0008126377115363301 
-0.001515616172594246 
0.005165959805663985 
0.0044172197809166465 
4.2770805066561395e-5 
-0.00385825391059432 
-0.006761333131764513 
-0.0011695410825860984 
-0.0011231291551350253 
-0.0015052182810422231 
-0.0009058053464651296 
0.001033309622091258 
-0.006850363562039363 
-0.0015826558174845858 
0.0035757070490672407 
0.00432818823543054 
0.0003576133189535646 
-0.001617918791649174 
-0.0007875404304083282 
-0.000732715701944892 
-0.0009222413612641653 
-0.0015926992610647065 
-0.0016204452722874353 
-0.0008843457248776302 
0.002305867453322334 
-0.011994840955341864 
-0.013070458474446154 
0.009410741296602125 
-0.0026393517637910316 
-0.0012852417174134961 
-0.0013733145418942643 
-0.001914649025189281 
-0.0050662772175257735 
0.009189310323871094 
-0.0003670526287184816 
0.006487573599240555 
0.0001272808830508677 
0.0003123547077090167 
-0.0017262711759082484 
-0.0016970056287988755 
-0.0031130267146298697 
-0.0018303911973820179 
-0.012477136366493476 
-0.0010389182668719284 
-0.0014967286863773457 
0.007858212725622264 
0.0011613893103906558 
-0.002948403390685609 
-0.000840444438727222 
-0.0008273885855194142 
-0.000944393549115321 
0.0008827013384784017 
-0.0008978655647151526 
-0.0016042086951307765 
-0.0022159737874868123 
-0.0018113657968969982 
-0.0020618007688217054 
-0.001645959870265429 
-0.009850753268968806 
0.0024326104802886704 
3.007000858666727e-5 
-0.0021856144297354636 
-0.000998909906097067 
-0.0015224990514187613 
-0.0008133532831763817 
-0.0008182173478937569 
0.005578294173220162 
0.0006560932409132007 
-0.002846622178540449 
-0.0015275452103096162 
-0.012803832641308303 
0.003178481435079172 
-0.013652582785265484 
-3.673316131244045e-5 
-0.0008661254835350497 
-0.0063710743936875045 
-0.0015273383054114351 
-0.0015356073446093172 
0.004749177392271637 
0.005694899446831138 
-0.001549492703969317 
-0.0015381463104901796 
-0.001077947203831603 
-0.005358672946011785 
-0.000817673894086425 
-0.000814780252762011 
-0.0011930176806675776 
0.0037587150440771305 
-0.004071165404971187 
-0.008128043121663561 
-0.0008415049668557753 
-0.0008719492706789576 
-0.0020377171343868125 
-0.0023964104762754495 
-0.0002475292078378953 
-0.0013100144546347415 
-0.0015352780708989037 
-0.00265019521219817 
-0.0009349863722095312 
-0.0014589311280060675 
-0.0005003551237423834 
-0.0009070354721559973 
-0.0009038318213111411 
-0.0014193692644250166 
-0.0008687159060775291 
-0.0013337764199992206 
0.0018105045209674704 
-0.0006672440910278732 
-0.004060630056734687 
-0.004244213173753082 
-0.0015762890418382024 
-0.006191858772149865 
-0.005099286476629295 
0.0013745108546121903 
-0.001618363428970594 
-0.009953772444807905 
-0.0016108553084134127 
-0.0009394485972381507 
0.0066729326260004775 
-0.0008540492264836841 
-0.0003713429084325416 
-0.004645984035805034 
-0.0031605352722322228 
-0.0016083318765142776 
-0.0008966242326637204 
-0.005611625124947755 
-0.011119953082581737 
-0.0005901503932373357 
-0.008451399903350698 
-0.0008945143801393833 
-0.0009386203279863319 
-0.0013551964742984485 
-0.0038580427096161786 
-0.0015996820186550958 
-0.001624618043653454 
-0.008920717626015423 
-0.0015571493544422777 
-0.000875994308773404 
-0.003724570718366254 
0.0025799373953696593 
-0.0021719538852678294 
0.0005598415410283385 
-0.004077725725204234 
-0.0006749651041227147 
-0.0017197395245696038 
-0.0038971575143751614 
-0.0008579081035077084 
-0.0015763127608972149 
-0.005337239876759871 
0.004354248313724836 
-0.000825593649669263 
-0.0016070221531430467 
-0.008303297372095371 
-0.008569085889824394 
-0.0008231548365177077 
-0.0008955727014350329 
-0.002585720699495921 
0.006509840959468636 
-0.0009186906428398201 
-0.0009211322272743253 
-0.0015918229423002143 
-0.0015769507184125642 
-0.00282058965928299 
-0.0018957580203199053 
-0.0016451791856804052 
-0.011342977020938914 
0.005456893676244284 
-0.002236560240671068 
0.001638021723853469 
-0.00021717028997588888 
-0.0005621960749280575 
-0.0008842870018027574 
-0.0008561929725307877 
-0.003188121211031215 
0.007595580136151121 
0.008786377294513335 
-0.011622453998836763 
-0.0015109022969809372 
-0.00028328498189113434 
-0.010207482641001617 
0.003160616860191554 
-0.0015533884925365495 
-1.0870665181631023e-5 
-0.00718232043712368 
-0.0015089422713267452 
-0.0011935814904930509 
-0.004867474971883985 
-0.005865979652464273 
-0.0014342337143263275 
-0.0008621567426807775 
-0.0008817688981281548 
-0.0015487979380251907 
-0.001451416185123516 
0.007774338466796859 
-0.011843885441408264 
-0.0012624772345750954 
-0.0032893273189114366 
-0.0025015441705382004 
-0.0047930259418490235 
-0.0004210775440654357 
0.006307993451909163 
0.00677115736491346 
-0.0016897598350629048 
6.840050923642783e-5 
-0.001854845038976135 
-0.0010812538594341013 
-0.0010598291364654153 
-0.0015135841103822237 
0.0016445820616727235 
-0.0022775448679847625 
-0.004297014509053609 
0.00021705157342637513 
0.0013132593485885823 
-0.0029802849677120894 
-0.0009500606672151134 
-0.0009670731728366377 
-0.0009044328319287231 
0.0007753740927519089 
-0.00022147459901791834 
-0.010746232066408217 
-0.0016925144234297635 
0.00243433128232749 
-0.009232131128640998 
-0.0010227557823332496 
6.0360678749475215e-5 
-0.0015410298282630738 
0.00020620808785813864 
-0.003285422720235996 
-0.0008213050925906023 
-0.0008301680542274579 
-0.001512011427387746 
-0.002083131524747471 
-0.0011462193521654322 
-0.0008606450428441292 
-0.005388976832842118 
0.002904096167304146 
-0.0015219804785928913 
0.004779503891169631 
-0.012335330689912494 
-0.0019352163687474482 
-0.0036570553002101868 
-8.546516404220081e-5 
-0.0008568546364359523 
-0.0008337183706343723 
-0.0015709869055408093 
-0.0015865771518505632 
-0.007636895194167707 
-0.0009091777696390948 
-0.0011253625424352044 
-0.001758178537630027 
-0.010516842785001831 
0.003721779970982035 
-0.0008334616395835856 
-0.0010034796545793118 
-0.0015339202992852626 
-0.0012165718390967641 
-0.0015207000567112796 
-0.006380008787181455 
-0.0008911872238158197 
-0.006026934700019777 
0.001018026802055192 
0.008409486848719732 
-0.00082179496451388 
-0.0008206029931646442 
-0.0008210728286967633 
0.0020165226393181177 
-0.0022116690615948294 
-0.0025188807378407336 
0.0003366328806234997 
0.000437043838500339 
-0.001987051461959667 
-0.002114062411687578 
-0.0023216735380630427 
-0.0015207439988266943 
-0.0013942254731209274 
-0.0027697765432743355 
-0.0029765706420295033 
-0.0016200373667938795 
-0.000518494614122388 
-0.000912443596094741 
0.0012239122103548585 
-0.0007614016196812717 
-0.004449666313983098 
0.002103999770361967 
-0.009204301396292573 
-0.0015916387359824933 
-0.001216571839134214 
-0.0014887501289900923 
-0.0035708584775701593 
-0.0015487752580616745 
-0.0008975363063412851 
-0.0008517307270757052 
-0.006510615878178535 
0.003937930162780629 
0.0008522785127649811 
-0.0007311662843090265 
-0.007212647706218578 
-0.0009242013851615246 
-0.0015724986351331044 
0.006135942212501659 
-0.00047962463563117877 
-0.0013300214535125244 
-0.0016059989001415474 
-0.0016154697842494354 
-0.0013077810689653985 
0.0032390117158679556 
0.005203752229955867 
-0.0009756158182205748 
-0.000602752443059495 
0.000515259711522694 
-0.0014532003932665014 
-0.0016197903963018066 
-0.008011438076047117 
-0.0008890320551646595 
-0.0008112400084084504 
-0.000923813233425643 
-0.0008757927497977979 
-0.0013518898186980707 
-0.0015978926828672537 
-0.0015682753987808227 
-0.0008742772020168764 
0.002633134390928327 
-0.003887630265908401 
-0.0012390737886477995 
-0.00026118979349311783 
-0.0021902357868156985 
-0.0009703742117288607 
-0.0014660705053163433 
-0.0010262891106430669 
0.0007136559893557162 
-0.0022534424185821343 
-0.0017399652504299643 
-0.0009099873308318406 
-0.001554149337533658 
0.0018284938737750942 
-0.0008426163719749437 
0.002667216271293771 
-0.0016104111798370545 
-0.005399662683457531 
-0.0015231409585727451 
-0.0008273952836599838 
0.00652864337571658 
-0.0015293118484054865 
-0.0019174601653003367 
0.002879061832586578 
0.0043253453622693235 
-0.0013700036424068357 
-0.0015910180677721519 
-0.0008793911909953341 
-0.0028443165402485056 
-0.0015790948169756172 
1.031732732471785e-5 
-0.0008886226690523008 
0.006010538069881523 
-0.0008972443087298461 
0.0011765621573045087 
-0.000971581316794823 
0.0002338642862705828 
-0.0005934854055193263 
-0.0008091718864978965 
-0.0015446071126217838 
-0.0012837842941256896 
-0.004575433406347258 
-0.0034511704511930807 
-0.0010841166254238566 
0.0002419016598777487 
0.0009016231267921358 
0.005067242440321678 
-0.0023476784967832514 
-0.0033208929919655537 
-0.0008678906271500975 
-0.001147902028126214 
-0.0036951507610732937 
-0.0008414110718084756 
-0.0076001897188449075 
-0.006758490217810868 
-0.0008296617601318085 
-0.006021664009875784 
-0.0015372815905144819 
-0.0014992277206183683 
-0.0007628730773787008 
-0.0007068724665574294 
-0.0015752355752808314 
0.001070238741896985 
0.00359379051502887 
-0.0016125406843495393 
-0.00160998884561803 
-0.007500386290745606 
-0.006787392107923607 
-0.010939597013454972 
-0.0015698298733227655 
-0.0008721477116340887 
0.00836557805556233 
0.00743724376789387 
0.007916938096026374 
-0.002667007962246664 
-0.0019397804518284333 
-0.0003954265262966431 
-0.0033158449852186515 
0.008179415034815332 
-0.0017818254076742235 
-0.00013378827507566502 
-0.0017494735150397473 
-0.010798721733538191 
-0.009870387703675598 
-0.01084263087553189 
0.0014842479770141286 
-0.0015261081972067657 
-0.0022993554037380685 
0.00015257703783827102 
0.007038418715655569 
-0.001667694238119347 
0.00470008585555041 
0.002219333691502291 
-0.00967998411255786 
-0.009106077113533863 
-0.0015905272925432247 
-0.0008299667650302972 
-0.002422272995845531 
-0.0031467996636339968 
-0.0008789943409990826 
-0.0008413207159096268 
-0.0008352509874817333 
-0.0015273917498239815 
-0.002101237149706612 
-0.001170666511822063 
0.002423087428644894 
0.0004546401193878194 
0.005167046721942725 
-0.0010426641618621602 
-0.0015639598282191445 
-0.002870187501810537 
-0.001826629403090058 
-0.011219520971191155 
-0.0080677118687189 
-0.0008490741196090344 
-0.001509330423952653 
-0.001816909315063795 
0.0040285381226968465 
-0.0015445209970824838 
-0.0008483217616166739 
-0.001103122224846488 
-0.00510035910786384 
-0.0008261215251654649 
-0.0012165718390968734 
0.005870153445183778 
-0.0009339159580474315 
-0.0019535190430331716 
0.003432835916372871 
-0.004110439025314603 
-0.0015386292902076634 
-0.0023943544405637834 
-0.0016248736134621855 
-0.0008227325018584028 
-0.001007353924619383 
0.0006711278138289387 
-0.002059820501623538 
-0.0014145540076358828 
-0.0015287108044914708 
-0.0022336600090637087 
-0.000341211775143716 
-0.00047150518721315654 
-0.0008691838370952262 
-0.0008928144398605905 
-0.0008465664954862242 
-0.0013368327949422804 
-0.0026750453219816102 
-0.0009233322462843134 
0.0018638708384668128 
-0.003746403003834311 
-8.056699864048612e-5 
-0.008741137426975732 
-0.004258308365621687 
-0.001599425285206806 
-0.0030892369059356338 
-0.001093688065571504 
-0.000640299287094686 
-0.0009175274811414183 
-0.0015848219382654637 
-0.006154923723636578 
-0.0016029756240093567 
-0.00035001215251500743 
0.0014251102358472697 
-0.009693153384567454 
-0.0008648682795112323 
-0.005095447017784683 
0.005634568193411017 
-0.0013276181959668149 
-0.004652477373074526 
0.0029558331583284486 
-0.005593760581991157 
-0.0008461971074239275 
0.0003874459807225008 
-0.001429663967025427 
-0.0009101898903943116 
-0.0016113487139591415 
-0.0015588664689898844 
-0.0008786393958790009 
-0.007890037561953557 
0.0023598830378400754 
-0.003907285917940296 
-0.0009659948231973442 
-0.0012386588528762168 
0.0004664441353645676 
0.00041117286169107896 
-0.0010292040390116484 
-0.002266699991970462 
-0.004448808073739957 
0.002683362820610213 
-0.0016081241262108205 
0.004599346653121713 
-0.005822597862010944 
-0.007379164185184853 
-0.007973486580318783 
-0.0006513182541372029 
-0.0008977657850754757 
0.0058559291403915605 
-0.0037230224569163007 
-0.000855471434315235 
-0.0015403292384955924 
-0.0026058712962808727 
-0.0015600759022458906 
-0.000855328035522163 
0.0016772953443268005 
0.007507659774858213 
0.006801219457520315 
-0.0026892161835599952 
-0.0019616646728808093 
0.0001727276173423574 
-0.01036996520383611 
-0.0016871241497913622 
0.0022136497304746376 
-0.00317300437457384 
-0.00896178724265751 
-0.0008421256025313067 
-0.0008329448031420264 
-0.0008849495039727685 
-0.00511650567204199 
-0.001171641364029597 
-0.00152396589935073 
0.003960658612121366 
-0.0018381235706037469 
-0.0017700588096080262 
0.005697430425485742 
-0.004084686088699068 
-0.0015778156646359075 
-0.0048562311205447555 
-0.0013904795768477603 
-0.000905751917558499 
-0.0016001988751691688 
-0.0008264578593177234 
-0.0008749618943029087 
-0.001554504282444294 
-0.001560995966675395 
-0.0008695859566107062 
-0.0014575282202533063 
0.007936821524901267 
-0.0025394257989038945 
-0.0020090709898951875 
-0.004336122786673772 
-0.001261502380920308 
0.007305998887014786 
-0.0025222708822057126 
-0.002369224399471548 
-0.0004933632091079339 
-0.00044609219883229496 
0.0013260851756874681 
0.0069737748632557935 
-6.391927937081557e-5 
-0.0011272967328702047 
-0.0011055254823879878 
8.912720330116796e-5 
-0.0009389865541618279 
0.0010352186340547769 
-0.0009240133645574301 
-0.0009890983279063684 
-0.0017123541870216745 
0.0020156643901350258 
-0.000319081267048985 
-0.001606685804815118 
-0.0030053559622021083 
-0.0010631400359488923 
-0.009406918762165858 
-0.0015315960881999507 
-0.0008969526428225314 
-0.002116158738809267 
-0.001194069889587395 
-0.004829698236074881 
0.005098494549334836 
0.002644653190722473 
-0.0035033818699423086 
0.0003552337081848182 
-0.0015335082925199337 
-0.0015934134854695085 
-0.008942985389525596 
-0.007164496787874699 
-0.0017019770255448845 
-0.001522953778207587 
-0.0008349363352199461 
-0.0018763225814255608 
-0.0057008842514281195 
0.006103028224541454 
-0.010612557812919683 
-0.0019691024207222677 
-0.0008281081849129308 
-0.00104584224232417 
-0.010291354546243978 
0.001651542411415656 
-0.0009548594620434654 
-0.003924800584916143 
0.003127065897637244 
-0.0016641776993055787 
-0.006363550956365012 
-0.001580553439029633 
-0.0015245969420906785 
0.005311865740076798 
0.0036670393945240328 
-0.0008278484562664226 
-0.0008323054420798452 
-0.0008740142413723514 
0.0005701741903636005 
0.0007888064015069811 
-0.0022516632948730254 
-0.0015144530790122276 
-0.0021325449686482815 
-0.00019948366972286546 
-0.0013058468799420785 
-0.0014830830108924606 
-0.0008568309040152763 
-0.0027883773871971848 
-0.0029929852201235787 
-0.001603481918335566 
-0.0016075500286646352 
-0.0008958620760357032 
-0.0012165718391354912 
-0.0007361380144131174 
0.0012620076740260085 
-0.008130574240806746 
0.002142288987981054 
-0.001611838586866804 
-0.0035945329623447743 
8.573749250949068e-5 
-0.00019658384414591423 
-0.0004640412579399123 
-0.0014482449574487466 
0.0032640889353938557 
-0.0015840695828301062 
-0.0007871837745263424 
-0.01035008207422736 
-0.0015652530508317164 
-0.0064616818945693036 
0.005540342904557829 
-0.003208517758859625 
-0.003468362302890283 
-0.0005782986223438761 
0.0008877487798550061 
0.0078288874047403 
-0.001584896067417342 
-0.0008797551731857657 
0.003946864570956547 
-0.007133229675720988 
-0.005312205535377629 
-0.0008633138178458652 
-0.001541956416983022 
0.004731353720042582 
-0.0007207166072958537 
0.0005471412885724431 
-0.0014103879537616629 
-0.0016120708513617014 
-0.0008851964247107508 
-0.0008828210003318246 
-0.0008289349513378298 
-0.0009100027096299368 
-0.0015961333767428357 
-0.0013490270527101145 
-0.0015982073260940402 
-0.0015513747727041946 
0.002396555326629829 
-0.003759228848162184 
-0.002265764545083147 
-0.0014615623613592431 
0.0004726491452119283 
0.0020039966716697624 
-0.0017880561196011377 
-0.0009145499509290302 
-0.0008250195522728942 
-0.00374110701005038 
-0.0015481941745532125 
-0.0016237904891040617 
-0.0015916168502643473 
-0.005116020817191665 
0.003875902011709101 
-0.00024290791755464223 
-0.0015380437684466188 
-0.000833442499658443 
0.0055046171263881324 
-0.0021279608525966083 
-0.0008386796779270349 
-0.00869964547328749 
-0.0013671937367620611 
-0.0015944640003872654 
-0.0008759309047369814 
-0.0008730677761938209 
0.001097900034088164 
-0.0015851510015893262 
-0.0027061201250623626 
-0.0019803483950129536 
0.0011835604274218865 
-4.673936915330789e-5 
-0.001704271142757679 
-0.0010484654495367105 
-0.0011289394308594473 
0.0026141665381741964 
0.0035885198396994316 
-0.0016057483938156146 
-0.010028722128020928 
-0.0008707494825818014 
-0.0014627698345478053 
-0.00436162245885807 
-0.0012825463169268412 
0.006542934236060926 
0.006669049549861501 
-0.0015441116231816212 
0.00010506546386758467 
-0.0009925589260679976 
-0.003023825617695519 
-0.0008898360928563802 
-0.003531043160657306 
-0.001194484825358322 
-0.0015353778933079132 
-0.0056849881030676345 
-0.0018948624626132608 
-0.0009588088086426294 
0.0014852276610581824 
-0.0014941571244942093 
0.007464236558232097 
-0.0016036614321938622 
-0.000897072749815352 
-0.0007879644777144208 
-0.000740629239280336 
-0.0006836701470517154 
-0.006704296367916325 
-0.009471564027966872 
-0.0013394556124767464 
-0.0041373265477285814 
-0.0012606742181800951 
-0.0018027411855780276 
0.007083715599419354 
-0.0015488566765326792 
-0.009516859279519313 
-0.00994080345448123 
0.006317332954706127 
-0.0009431568897711368 
-0.0010105483375047947 
0.0049460204084974 
-0.00037332317708988123 
-0.00047147900578974397 
-0.001086546885703318 
-0.00198199849789508 
-0.0017124266948407305 
-0.0008370103014966277 
-0.002443461006197417 
-0.0015523094411964283 
-0.0008482475905856494 
-0.0033479782024116106 
-0.004598786503792109 
-0.0012165718390969196 
0.00026134845507334593 
-0.007531637582069186 
-0.00672813029832224 
-0.008443681747222136 
-0.0016247656764766779 
-0.0016434214026041613 
-0.0008641789838119712 
-0.002887783798440326 
-0.0008479146127877915 
-0.0008363211219377813 
0.0042711526201930795 
-0.0015694660966408646 
-0.0008864608311681984 
-0.0016050354945612378 
-0.0008337646266654656 
-0.004849994336814534 
-0.0010659499415902282 
-0.001839658271772773 
0.00284043790496099 
-0.01026203028438938 
0.00164885163844163 
-0.00160866409802039 
-0.006324401523473342 
0.0033894541448854696 
-0.0015460950367455555 
0.006266501792679464 
-0.0015375709769304684 
-0.0008294822494525465 
0.0021965199688279056 
0.0009132035430087366 
-0.001757709179167461 
0.00036831541216434456 
-0.002408962504640589 
0.0006797732032183701 
-0.002078432791844329 
-0.0014257896979825982 
-0.001523156306264372 
-0.0013255775302752966 
-0.0011493594499886765 
-0.0022047821929302466 
-0.0015689646949661822 
-0.0015917325843832987 
-0.0001161494242399444 
-0.0023169942790665504 
-0.001596822556525351 
-0.002694492134047765 
-0.00160317691712086 
-0.0010914948137040776 
-0.0008525902394312571 
0.002966519008674014 
-0.00033190652757048993 
0.0019029791157084812 
-0.003221950080695761 
-0.003917391651728021 
-0.005077796887696717 
-0.0031042714929694786 
-0.00774500953468599 
0.00025607250752458804 
-0.000616234346489729 
-0.003334766794163206 
-0.008536172063805606 
0.0054177071448070725 
-0.0009015475787668031 
-0.004261637554004573 
-0.001578928397591589 
-0.006100183120454241 
0.0007398607001525983 
0.004294985490004727 
-5.75523006803362e-5 
0.0014640138394889579 
-0.004646793417945662 
0.0005722122830938155 
-0.0005373856407934883 
-0.0008396460651103673 
-0.0005826668008514667 
0.004683840741646618 
-0.005560209607101402 
-0.0009085467257046053 
-0.0008082700502957284 
-0.0015635577348717192 
-0.0013873014953001755 
-0.0008614282274114406 
-0.007032490414291945 
-0.0036097058278312705 
0.002416851417559976 
-0.0021367293143043477 
-0.0012383156687059294 
-0.0022760581337336826 
0.0007587490059009016 
-0.0010505448848820498 
-0.0018034994186659544 
0.001982194159567011 
-0.004832865755667441 
-0.0016375422609697377 
-0.0015862093609579938 
0.0026828779467387965 
-0.006603493374219756 
-0.008289072817780387 
-0.0026210037165451824 
-0.0009619245575403573 
-0.001565785502545513 
-0.00915384995880923 
-0.0006304024930184713 
-0.004081995317989192 
0.006352049636368951 
-0.0015503226925008486 
0.0025718558252210803 
-0.0008607171722708326 
0.00037605165752149593 
-0.005764020956466074 
-0.0015803164547380914 
-0.0015581817975689508 
-0.0013416488643492243 
-0.004152456792960279 
-0.001150597425977413 
-0.0010130762038838038 
0.004805603033386199 
-0.0079377608071336 
0.00027553382204444007 
0.0041703496936847115 
-0.006673487745946368 
-0.009897379531047034 
-0.0037634201629092884 
0.0004289675480503021 
-0.0008768463120585869 
-0.0008917809924226317 
-0.0015776722677826307 
-0.009739141043179194 
-0.000854215260049708 
-0.0008428018363164393 
-0.001216571839136325 
-0.0025552577184317785 
-0.00202774842946839 
-0.003941707150292445 
0.00567803021208608 
-0.0012815226858334347 
0.001044666276876064 
-0.0025382091644558812 
-0.0023864043334116546 
0.006102194727711724 
-0.0018565222737502293 
-0.000556821097206214 
-0.0005156835133503156 
-0.0011724695255404506 
-0.0016598692587901944 
2.6934013057457896e-5 
-0.0017298137340970145 
0.0051470838552389615 
-0.001680986621672551 
0.001821611354976177 
-0.001583846879426042 
-0.0004240726887962345 
-0.001992258938131657 
-0.0017211270341140937 
-0.002862111226601356 
-0.0011075661480758445 
-0.0010885545999646242 
-0.0009016858523063748 
-0.0035498003004636016 
-0.0043742680535762005 
0.002399722075801323 
-0.0012165718390969836 
-0.008311110192267204 
0.00018786001722702372 
-0.0016408318947111454 
-0.007850850820988657 
-0.0015360709285769023 
-0.0015953747360569683 
-0.0015869469437900109 
0.005877966511557086 
-0.005392295342036523 
-0.0008854224293439777 
-0.0048550007369577075 
-0.001936096472609058 
-0.0008356582712474209 
-0.007116983835705941 
-0.0015413626859878428 
-0.0009752938425391648 
-0.0008415268112714392 
-0.0008350416506985397 
0.003079137294241217 
0.0035962659399464895 
-0.005995291796736994 
-0.0015358993696446427 
0.0013302764834958452 
-0.0010682703362706616 
-0.009234364620701506 
-0.0009283882696410042 
0.0070929084675528924 
-0.001820957845465013 
-0.0008330205378253225 
-0.00319189268049051 
-0.0008417895728832005 
-0.0008790371149338127 
-0.0018504768764610708 
-0.002276437444330998 
0.000795523477523637 
0.0005746403365742738 
-0.0014440453506152356 
-0.0021474503420587533 
-0.0015591294366131907 
-0.0015091303565790515 
-0.0003547109131126815 
-0.00134659679243221 
-0.0014068546244254158 
-0.0003005987360695709 
-0.00018148040903094426 
-0.0023305558344992525 
-0.0008083780020191216 
-0.0013042041831508428 
-0.002801459108274195 
-0.0030033178822032095 
-0.001600838236252927 
-0.0008865560396007263 
-0.0008808342372332071 
-0.0008738816531337906 
-0.0015903418419255537 
-0.007238746714073716 
-0.006393802348180149 
-0.0007120162616553158 
0.003930406757921941 
-0.0008397301930025778 
-0.005273581585010898 
-0.000713404137822073 
-0.0007654494249256747 
0.0012898793696739254 
-0.0014782842160658723 
-0.0032286671637772046 
-0.003477809956170258 
0.0032677405755304916 
-0.009102193230276716 
0.0009148339882150652 
0.004610505805508163 
-0.0033463472222486114 
0.005002708787537308 
-0.0008636775818092331 
-0.004437140351368065 
0.00010628255874030352 
-0.00017970167201364308 
0.0017041828668933915 
-0.0015361909985627037 
0.006998051309135839 
-0.00045114518076136894 
-0.0016052952237603838 
-0.0008950999099546412 
-0.0015974854109642364 
-0.0016001231395579882 
-0.0015852290437067121 
-0.0007689659792159621 
-0.0015717154731835095 
-0.0008665830176703207 
0.0021656420934508054 
0.0003786293076432236 
-0.002142568844510237 
-0.0012380427521318904 
-0.0014899867888768213 
-0.0035600781202878374 
-0.000809353211911551 
-0.004845887188321972 
0.00405421501457178 
-0.0008343738668383878 
-0.0065977490724044964 
-0.00772906321940944 
-0.0008394171513465399 
-0.00022836152123514693 
-0.0013846782871952594 
-0.001546587654986349 
-0.0008402211385529205 
-0.0008936712337082562 
-0.008111173889544087 
-0.0008684182684207258 
-0.0027179002265447314 
-0.001216571839136995 
-0.001995885216503287 
0.001182740700767673 
0.0054821141393895795 
0.005295919857821576 
-0.0017191606949477683 
3.9094378667774805e-5 
-0.0023401437060029027 
-0.002631258829960394 
-0.0015638222965681367 
-0.0008631415949901913 
-0.003948472727141435 
0.004515093706725293 
-0.0011731544110164813 
-0.0009782258734909587 
0.005271770616663573 
0.002365117928756596 
-0.0015934979925290628 
-0.0016084349173839108 
-0.0053685135479790815 
-0.0008469343007709001 
-0.0015539203971518508 
-0.0009318322367616335 
-0.003035949067544627 
-0.001518593686714511 
-0.0014225952859140386 
-0.0008377689637450685 
-0.0015898307273861708 
-0.0008591362814517932 
0.0011166571728799103 
0.0035621476437134513 
-0.001598102030890657 
-0.0015798953153893537 
-0.0007207894915278717 
-0.0006630848689721382 
-0.001566560683499612 
-0.006029409620291239 
-0.009431193620068147 
-0.0015537525013300606 
-0.0013238910746879917 
-0.0013028462198711567 
0.006720706825593174 
-0.00119482800952797 
-0.0009952947881168915 
-0.008423372124977502 
-0.008785192837366892 
-0.00103151281720345 
0.0016370294280201017 
0.001805108687866985 
0.0049662039788509705 
-0.0016956289147343421 
-0.0016549026566403892 
-0.0004527953101347427 
-0.0005382812423959671 
-0.00040539527562898385 
-0.0019999532958447225 
-0.001728108894760598 
-0.0011302973951285236 
-0.0008479926686021778 
0.00019811513075848424 
-0.0015740074170678636 
-0.000918137842331934 
0.0021687153878759704 
-0.0033669811023019115 
-0.0008693213822021113 
-0.0041565347474732325 
-0.008750477327014913 
-0.0014671492295881047 
-0.0015501447094938355 
0.0044801136100650766 
-0.0016220781574793409 
-0.0028995878294864183 
-0.004608108875697529 
-0.0008475238852324909 
-0.007435851858010863 
-0.001559112184680299 
-0.0008532483413570979 
-0.007043648928077839 
-0.0011092526036598706 
0.0027893876879366273 
-0.005651482590470249 
-0.001836512629261984 
-0.0019105093536241255 
0.0033308772762204947 
-0.0009464434052622745 
-0.00952605152484621 
-0.0010701110964382924 
-0.005950109106108973 
-0.0018591257687781586 
-0.0008374788551518897 
0.005990228863762637 
-0.0015479472686735208 
0.00377632417371184 
-0.0008378238204124584 
0.0002846140642419645 
-0.001773002259186162 
0.001326236756539049 
0.0009177227073205774 
0.0006822699070815752 
0.00047346233075231845 
-0.00241954204855588 
-0.002093618467009968 
-0.0022156791448615445 
-0.0015913541055769113 
-0.0012599893316875704 
-0.0003395252496564967 
-0.0014578498356158346 
-0.00010258787607529973 
-0.00270867751987753 
-0.0015433075856641858 
-0.0007897222759042503 
-0.0005740179085601827 
0.005870335844765211 
-0.000887048641674367 
-0.0024600777147218648 
-0.0008677988384613728 
-0.0055122809743878036 
0.002174964477039461 
0.00242185780408316 
-0.006913257290683909 
-0.003112916892447967 
0.001491656909866501 
-0.003918371340536673 
0.002959151666968391 
-3.878966708777982e-5 
-0.005047310218130515 
-0.004254755034597182 
-0.007580227535972425 
0.0005906819386256878 
-0.0005950201080100164 
-0.0023993223720884835 
-0.0015856197930118375 
-0.0033508663901892994 
0.000272976448952873 
-0.004629663648608019 
-0.0003169849384887576 
0.006270089201382992 
0.006678803281473755 
0.0009338368884036341 
0.0042403429895143925 
-0.0015997011803208993 
-0.0008765748804315753 
-0.0008792232993832308 
-0.0008829989863809887 
-0.001599379052856986 
-0.0007460195287438592 
-0.0013648733420785777 
-0.0015739517464251455 
-0.0008591919107214793 
-0.003616704106773854 
-0.006309045692151525 
0.0019284787874606934 
0.00037624617735296007 
-0.0023458698049474034 
0.0007706235516352127 
-0.0010714805631196404 
-0.0009488594382272158 
-0.0018494477959606068 
0.0017796034617338443 
-0.004415337802194977 
-0.003945747346004246 
-0.0016669992223526827 
-0.0015819720085374783 
0.0021712442054262642 
0.003925032701367028 
-0.00569179171653714 
-0.00532998408674071 
-0.0015706480867000991 
0.005075155240596625 
0.005272797719617879 
-0.0015863173440787616 
0.002518750856635489 
-0.00813775825163128 
-0.0008611924743591282 
-0.0010149486296062982 
-0.000864826724642562 
-0.0007521570809714388 
0.006028062964348953 
-0.0015956648220964275 
-0.003759380426275837 
-0.006487358514635925 
-0.008976079257159897 
-0.0015592620495179337 
-0.001089724054110133 
-0.0006121858591310609 
-0.0011951009261014591 
-0.003378260365962343 
-0.0012807089849577933 
-0.0016336718205173558 
-0.004604388589251241 
-0.0011313764711979029 
-0.0008511716533508434 
-0.0008421577488870551 
-0.0010901483536737819 
-0.0020051671004893087 
-0.005222531286163153 
-0.0024722380843440897 
0.002667146356482799 
0.0004410448205422898 
0.004164604370943911 
-0.0008673581953166177 
-0.0015929225437571325 
-0.003479829152696276 
0.0017193131122952244 
-0.008535339043334356 
0.005988122372133876 
-0.0015765439468990823 
-0.001570002061549107 
-0.0008565997229062779 
-0.0009624632545859193 
-0.00256652763564678 
-0.0020431425375319243 
-0.0037499074445037357 
-0.001322551590647807 
0.001046685473670412 
-0.0028091953483388938 
-0.0027177577595143107 
-3.3821336215776296e-5 
-0.001951715864398993 
-0.0005766214310837361 
-0.0012165718390970027 
-0.001733414711836741 
-0.0014706808034369546 
-0.0009973177573247508 
-0.0017449211931347762 
-0.0010520898920181427 
0.004884074511668124 
-0.008787108757086985 
-0.0015863217424848188 
-0.0004372585017517351 
0.0021310311262393747 
-0.001596539599781495 
0.0002036456467821471 
-0.0032037672264142677 
-0.0011516210560709734 
-0.0009343588189926114 
-0.0016742377283898624 
-0.0012594447624484058 
0.00011634248210209427 
-0.001565062255669143 
0.004649160336953855 
-0.007082303776567793 
-0.007399347381929447 
-0.001343419623948344 
-0.004374894167107858 
-0.005100289249401146 
0.005637629781435414 
-0.0030077840166797877 
-0.007704914293229166 
-0.006948236859240422 
-0.0008433129509314893 
0.0014775387708084768 
-0.0015466828628034448 
-0.0018721462178460367 
0.0032586481503378553 
0.003511239774458771 
0.00510718596123727 
-0.005602313545878292 
0.004345131653453207 
-0.000838270622620493 
-0.0009054040906611317 
-0.0028741884990844033 
-0.0062652649042574116 
-0.0015477212658796095 
-0.0018164273824534478 
0.0030181697972477893 
-0.0008378584607012676 
-0.0008829760422183376 
0.000795794279655633 
-0.000980389879019651 
-0.001598770195922312 
0.0002887579716683553 
0.0005734700388418437 
-0.0002856933734814452 
-0.0021588570626807817 
-0.0022827811893267086 
-0.0015953198579199653 
-0.0022826462885153598 
-0.0013445890781722146 
-0.0001673791674355702 
-0.0008660247961230155 
-0.000497047232506945 
-0.0014405847524471063 
-0.0015047554509154005 
-0.0003900011800330467 
-0.0007050343959655167 
-0.0014039396952150206 
-0.0018656601732331222 
-0.0007923118068764502 
-0.0006931784281345189 
-0.001554106563054571 
-0.0008678351172923254 
-0.0008680814528693215 
-0.0015623942192802163 
-0.00044088474051528923 
-0.00016644410287583924 
-0.002549486184757297 
-0.0032289379461967085 
-0.0008244796023988361 
-0.0014743348694680938 
0.0013079639198543915 
-0.004070173085861269 
0.00012211448173258646 
-0.0008528272152843904 
-0.0024080924640440117 
-0.00479826155192156 
-0.008070773095955405 
-0.009111945736172532 
0.0032518444269013552 
0.006353966170276354 
-0.0008492968197415533 
-0.0015314577895527931 
0.0011269349894045173 
0.0038912573452074355 
-0.0015937265301813426 
-0.0008750617042563411 
-0.0008740315125188102 
-0.0015724265295460008 
-0.0007033299694620405 
-0.00594438332134808 
0.0019411243817066587 
-0.0023478531685334437 
-0.002007999727652409 
-0.001280101453063253 
-0.001859810376673749 
-0.0010723856133084636 
-0.0003276943704662861 
-0.0009504153813750203 
-0.0015150057957308714 
-0.0007956014543754038 
-0.0052783643175605965 
-0.005607440993904672 
-0.0008303496823547806 
-0.0015807049608470756 
-0.0008453110127394299 
-0.0014200674201745355 
-0.002811772982790697 
-0.001216571839137137 
-0.0008416170547764206 
-0.0028807983532855843 
-0.0008964680753878523 
-0.007915257816929144 
0.0049281127506838095 
-0.0020083351814625516 
-0.0012165718390969968 
-0.0010161746212803385 
-0.0008603479151474418 
-0.000846821969157987 
-0.0015597921568089733 
0.004070831186205354 
0.0010416143420430037 
0.005386311211718642 
-0.0017577088044167797 
-0.007508298243232146 
-0.0016075551937087867 
-0.000522634365452922 
-0.0011524347561527588 
-0.003208972980373238 
-0.004588668122263337 
-0.0015562973923955957 
0.0029455035808712508 
0.0013143940190239228 
0.001616621392351592 
-0.00021746450419615515 
-9.299994723947362e-5 
-0.0014549178046647645 
-0.0026367893127627654 
-0.0024800675652449527 
0.005701479979743295 
0.0013167643488553574 
-0.0015870654766467177 
0.003516964972010397 
-0.0008624956228866382 
-0.0015895017709623204 
-0.00157571712453948 
-0.000645087584699859 
-0.0008608210170449578 
-0.008703234089125836 
-0.0008511528113769388 
-0.0009597594190811598 
-0.0025734150404229466 
-0.0024262442077342575 
-0.0035623505910828642 
-0.0013630325819083355 
-0.0013429953244641585 
0.0009154819214513445 
-2.5051191786791334e-5 
0.00012309658003341296 
-0.0005966310899916833 
-0.0017370973356700277 
-0.001473384642938185 
0.00570461543540847 
-0.001785879839565943 
-0.007819454126171733 
0.004401143364660194 
0.004746662535556923 
-0.0016197475623037651 
-0.0004814278543547935 
-0.0011736989794475993 
0.0019509570653155862 
-0.0017081311077959318 
-0.0008733515219556637 
-0.0037499788993021633 
0.00477259956949852 
0.004197007533701362 
-0.0016493981468448816 
-0.0010913354182863337 
-0.0048238733472881394 
-0.006912805059309207 
-0.0008659990999216085 
-0.007317217620746916 
-0.002905792830994203 
-0.00157771325595859 
-0.0008468263342424397 
-0.000857426532404632 
-0.0008460782018115541 
-0.005070737264552095 
-0.0015572127987842318 
0.003174297588600729 
0.003663924468772341 
0.002320179265209114 
-0.0019233136198883972 
-0.0018850415435434388 
-0.0009642196805366324 
0.0027270853652811133 
-0.0011105920876972662 
-0.0015565688250040028 
-0.001560893648082171 
-0.0016865506681071286 
-0.0008426099253101293 
-0.006188779958210879 
-0.00683428654783212 
-0.0058883842308579916 
-0.0016027943842565147 
-0.00415032141324293 
-0.008461205671555384 
-0.0008407649844020253 
-0.0009986373654746338 
-0.001033225714098922 
-0.000920764608838152 
0.00028814480652289957 
0.0006788737816641409 
-0.0021054492755488044 
-0.0012378388371152866 
-0.0018701484665799568 
-0.0022230201317124344 
-0.0015952852192192815 
0.000469102281437106 
-0.001301767144586664 
-0.001581990866869475 
-0.002145600460360945 
-0.0008722500594076797 
-0.0015394724448080932 
-0.0007288725603633715 
-0.0014867002733791339 
-0.0005674835041362418 
-0.00042480846246961896 
0.0015085634750601061 
-0.0007732744433413256 
0.0009451161545612479 
0.00028475655034907143 
-0.003910682434963236 
-0.003348625579939725 
0.0029353698726192817 
-0.005451313380465864 
-0.005004999436691874 
-0.0031154135807991293 
-0.006778275125222122 
-0.006209467698677932 
-0.0008247087962007497 
-0.0024128372695628305 
0.002412744238579862 
-2.418160675099829e-5 
-0.0042382523385685895 
0.0006028053885191397 
-0.00030518282472831313 
0.005626811753631527 
-0.004601859021372244 
0.003832120747917112 
-0.0015909859294456889 
-0.0015948730569758066 
-0.0006754345247863504 
-0.0013825988511470592 
-0.0015671188597153037 
-0.0008592766828752906 
-0.003615884375437387 
0.0019417504947397168 
0.0002829624960655096 
-0.0020085625050500046 
0.00044765467475511546 
-0.0010167611688840703 
-0.0035571292043353364 
0.0015881896775471985 
-0.004384100632778709 
-0.0016968352217532172 
0.0026546939454969074 
0.0021555237559238174 
-0.0015788968580649893 
0.003784956613079237 
-0.0008472825939927022 
-0.001092121811910203 
-0.007278858738515625 
0.004845714371547388 
-0.0008437899643545858 
-0.0016293287462551959 
-0.0015839466983672726 
0.0047382035164997794 
-0.0008551822514346306 
-0.0008678109080999184 
-0.0007375148027702238 
-0.0024136868826028115 
-0.0008582415401383815 
-0.0015647253858034845 
-0.0037475376470450378 
-0.007846888193304832 
0.005413743646850448 
-0.0024292414605566505 
0.003961907321784397 
0.0009067991170042476 
-0.0017963815062895924 
-0.0011530422874558156 
-0.0009657044146042462 
0.001910998578190939 
-0.0015880979978654304 
-0.0013215529330644544 
-0.007179805683261029 
-0.0063581759725153085 
-0.005812316124573297 
-0.003934219690368584 
0.002637594346404946 
0.000775829305388597 
0.001129207454828679 
-0.004753322790414066 
0.005375868981589783 
-0.0008583564797535957 
-0.0015923786926794502 
-0.0008536606622120041 
-0.003474757991503545 
0.0015153290517113185 
-0.0015653448165998437 
-0.0020553189249765767 
-0.002285876438103905 
-0.0033822204886917212 
-0.001361663115224851 
0.0007899037958701163 
-0.0030066137255564352 
-0.0029066060113531775 
0.004271935449209532 
-0.0017318221186019686 
-0.001739218710873759 
-0.0014752859705563952 
-0.0018268831856622916 
-0.0024837007679471804 
0.0014616641453603291 
-0.001659379721492767 
-0.0005098300227700278 
-0.0009817958049928588 
-0.0030420202065893423 
-0.0015970270669065502 
-0.0013009619854982657 
4.692390645288337e-5 
-0.004364391575717995 
-0.007540329638147527 
-0.0013447777961763093 
-0.005028799790660383 
-0.0045620194493170875 
-0.008303480105736097 
-0.0010343511114771064 
-0.0010531081392903463 
0.0022658152132076243 
-0.0008542468039437268 
0.002862455076109308 
0.00447966190719254 
-0.0018952594483804218 
-0.006630150748750728 
-0.0065039758309682096 
-0.0008436419114769892 
-0.0009081208323541296 
-0.00553939209262731 
-0.0011321816308702652 
-0.001558082002195338 
-0.0027247686620013537 
0.0034137103065998544 
0.0011744830698445052 
-0.0008491930392401504 
-0.0015747871708044626 
-0.0009359784164703661 
-0.0008410945099685248 
-0.001964373322729669 
-0.0011115907452782722 
-0.000885843632972948 
0.00020461423722489274 
-0.0011953048411176101 
0.00056690517951573 
-0.0012590379875913479 
-0.0015501676357720779 
0.0003691089107992047 
-0.0021668507199291346 
-0.00015708551726072555 
-0.0003778247198872054 
-0.0015905337561563809 
-0.0022856380547000305 
-0.0005609975013932626 
-0.0015013114833492304 
-0.0007782410594968112 
-0.0006882225253922983 
-0.0006296443004664586 
-0.0018726704721528339 
-0.00027428658472514997 
-0.0006997285751337391 
-0.00108836588188817 
-0.0004687703204728772 
-0.0014378488903927572 
-0.004049764993498961 
-0.00272190164196104 
-0.0058468536722488034 
-0.0014016309163627852 
0.00013338440078845598 
-0.0001567066532959224 
-0.007205742651080511 
-0.0016056091364563228 
0.0032183389140406503 
0.0045941817798179985 
-0.005160228837394418 
-0.0025562402421954043 
-0.003223047497079964 
-0.0008110655570122683 
-0.0014712191205714785 
-0.0008366041128508307 
-0.0015277395515594218 
-0.008421267136159535 
-0.0004331903827897427 
-0.0015839506392173314 
0.003755635824967141 
-0.0008628577431394168 
-0.0008554304546660477 
-0.0015915266249133379 
-0.0015683169769563944 
-0.0015738669866732736 
-0.005378647021503053 
0.0017233910669909212 
-0.0023462189748264034 
0.00027340557086086677 
-0.0013208900001293073 
-0.0019028557156025635 
-0.001484284240409211 
-0.0004998126856859379 
0.0025733487738608994 
-0.0007837454977885401 
-0.005087837847629975 
-0.004975891020765307 
-0.001576980563231723 
-0.0015892869628060826 
-0.0008275349327776681 
-0.00021012353991245686 
-0.0012165718390970046 
-0.0070273249655015725 
-0.0009511188088315399 
-0.0008982360116643397 
0.003664325499098492 
-0.0028822198453557035 
-2.0306406492810862e-5 
-0.0024832800394609584 
-0.002809389865137016 
-0.001418194994916596 
-0.0008361165808990818 
-0.0015568624368595017 
-0.0020643495328015403 
-0.0022858843658653026 
0.0007781494460212144 
-0.0018349141183558652 
-0.00673297855324271 
-0.0005836958461079041 
-0.0043436857389528745 
-0.0008459024026297366 
-0.005464558733801116 
0.0011591850665031772 
0.0014381038826812164 
0.00012547557347795685 
-0.0012796969537685475 
-0.0015366756031254768 
-0.0004153793439341674 
-0.005512459821737253 
0.005121025099527549 
-0.0008524386887761434 
0.0017171777329507958 
-0.008059955962650515 
0.005127751464824678 
-0.0015723226522151856 
-0.0009578580942567429 
-0.0021140036520542714 
-0.002145959142854135 
-0.0032078887577484134 
0.0006698528579783761 
-0.003000048874037517 
-0.0017682127932633182 
-0.001718523240508327 
-0.0010348955770414399 
-0.001072831715047091 
-0.0011122536782114893 
-0.0011534467863583459 
-0.007002464665669914 
-0.001974129494564997 
-0.0016434639206935613 
-0.0009824511770546893 
-0.0011741057537013073 
-0.0005481020987416061 
-0.0008762812419017206 
-0.0009992609255390693 
-0.004134615320624472 
-0.0016061337571738883 
0.0017457284442409322 
-0.001616906926439013 
-0.003379301858140615 
-0.001677145925345924 
-0.001216571839137184 
-0.0047902000311492625 
-0.0008604587085710052 
0.0020842719770896322 
0.004569320375496013 
0.004038168380971708 
-0.001933330981021819 
-0.0008491969799575867 
-0.006218100716754405 
-0.0063950519092651975 
0.0024558795413466552 
-0.000851135407756856 
-0.0015671445525072241 
-0.00157028590835748 
0.003305364104268761 
0.0035406101588921655 
0.0010298081181733115 
-0.003741915044163712 
-0.0060974696085765905 
-0.0008431439155611334 
-0.0008428687792679676 
-0.0077059413972450815 
-0.0015653085360498398 
0.0030793158520934006 
-0.0013457358446575481 
-0.0008446162766689877 
-0.0009224404961547792 
-0.002576123342313863 
-0.0015726849485123624 
0.00020119202680617625 
0.000459796513988191 
-0.0012377028657038606 
-0.0022269051548883005 
-0.007560895917013139 
-8.727386945058175e-5 
-0.0015893537154425027 
-0.0015872412799629307 
-0.0013418082598524487 
-0.00031914001742594603 
-0.0015920491698865568 
-0.0007139830231155264 
-0.0008133960838154771 
-0.001587832665594193 
-0.0008517936963221598 
-0.0008541221135505761 
-0.0014527537991367134 
-0.0015123790295158998 
-0.00263775791954484 
-0.0005629952108247456 
-0.0002964143630522748 
-0.008134624630028458 
-0.0038948077607019473 
-0.0018733159538736385 
-0.004951894356812744 
-0.00609706778990166 
0.0028968404110880164 
0.001316835795969758 
-0.0016072598141754725 
-0.003339942826761025 
-0.0007589059884698933 
-0.004212747046990745 
0.0009490762817917706 
0.0002916249857087019 
-0.003112017475222398 
0.0044299508727389724 
0.003840499335301801 
-0.0025586192534749266 
-1.360206500288998e-5 
0.0023907303779769824 
0.0006088765276126558 
-0.0013810538434947145 
-0.004564174673773533 
0.005054051235899393 
0.003455240116943103 
-0.0008548250469076219 
-0.0006601414597005701 
-0.0015794830160363216 
-0.000855015589170062 
-0.0036076267091912882 
0.0019312479028363932 
-0.0018721828123923355 
0.0004490761668387011 
-0.003200919254564014 
-0.0010348639659331794 
0.0017014716405258144 
-0.001685370012111017 
-0.0016246103813639902 
0.0036359869052719675 
-0.0008519022105205014 
-0.001588372741921917 
-0.006545285338822843 
0.0014073685067199264 
-0.004021333447367413 
-0.0008439953922904477 
-0.0008466579368948885 
-0.00391460221445629 
-0.0015749021281390026 
0.0046105590915085015 
0.0035605567199193185 
0.002595656845153704 
0.0018630347477207355 
0.00019355671379650275 
-8.529050979040838e-5 
-0.0007250125351312506 
-0.0008469800941593215 
0.0011239860608588757 
0.0042568988183584915 
-0.0021193659506648643 
-0.0021437911334632647 
0.0006554839913963021 
-0.001174376840321285 
-0.0008781182565975586 
-0.0009991936574225654 
-0.004313716888080711 
-0.0047461031947608695 
0.0010116345301621975 
0.0029751325012119553 
-0.005973754212851033 
-0.001585861084342346 
-0.007043703125379519 
-0.004344142382852943 
-0.0006754348378218561 
-0.0006167162595428663 
-0.0015707937140072455 
-0.003728337555396305 
-0.007809013141772413 
0.004865151533295816 
-0.0008503983366552904 
-0.0021715231156223197 
-0.003042364463702959 
0.000555196576466929 
-0.0032112931488181315 
-0.0031029965564266988 
-0.0016514758809880394 
-0.001804550738581535 
-0.0010536056835976906 
-0.0018676517486462495 
0.0012951938135826913 
-0.0011327170121405359 
-0.0011954408125285686 
-0.0008876485528926519 
-0.0005378842178955787 
-0.0027269641098229686 
0.0015523051714030048 
0.003379172031647906 
-0.0013607580650342806 
-0.0013410218662292539 
-0.0017268386307605836 
-0.007361256427899311 
0.0022029267182809885 
0.0023842531880327138 
-0.0010874078334131084 
-0.0008696762457540919 
-0.001940621990909133 
-0.006705078663151003 
-0.0009098459926060089 
-0.005215269434036789 
0.0034081734116143923 
0.0001236354850429687 
-0.001742288468918764 
0.004299834332101966 
-0.003544952020227522 
-0.005738508113730081 
-0.0015969470713775422 
0.002770298640216898 
0.0008920047803523905 
-0.0008561630988526382 
-0.000966386376355054 
-0.005993700805387248 
-0.005723995877602645 
-0.00201776432393361 
-0.0015719511945883739 
-0.0015830959076224547 
-0.0008480669801842907 
-0.0009366984152250742 
-0.0008447709379906942 
-0.0011125849834598093 
-0.00109251234592667 
5.0557090031446346e-5 
-0.0013004266046140215 
-0.0024287242195846544 
-0.0015827457850550563 
-0.0024789541941449564 
-0.0012587669005697131 
-0.00036879413581130603 
-0.0015885274047402705 
-0.00015049738441077958 
-0.0024107777123972174 
0.0003574307136402333 
-0.0014358259211804038 
-0.0022851484283969124 
-0.0004590141726707136 
-0.0007661444216338895 
-0.000825588453232829 
-0.0015820082707007773 
-0.001547300045018712 
-0.00272128849143007 
-0.0014987849008068269 
-0.0006960459487883203 
-0.0002662929505513478 
-0.006471312540165473 
0.0007747450825459445 
0.002128875102637387 
-0.0016077977193779272 
-0.0012165718391365372 
-0.001476414512063335 
-0.0017398487178144893 
-0.004698959061253339 
0.0015126036703669607 
-0.002902245972415596 
-0.0034629518374704508 
-0.0013999180189857002 
-0.000848152754386866 
-0.005295599010125032 
0.004130456089115446 
-0.002556779163378027 
-0.001468923997575952 
-0.0007994718248296972 
0.00014027180587127566 
-0.00015036290967804637 
-0.0015250228101144916 
-0.0075541692142096295 
-0.000427976578129548 
0.004540622321605179 
0.004829242816393954 
0.003169169869196048 
-0.0008500477599666162 
-0.0008450456508371168 
-0.0015902748976257615 
-0.0015653327933478518 
-0.0015781280890799464 
-0.0008503978932736174 
-0.004889023414942349 
-0.002470877145085397 
0.000181890994879203 
-0.0013603119632942672 
-0.0019452517064124403 
-0.0004925216873869757 
0.0013699712379040658 
-0.0015107031423619625 
0.0021323922500885374 
-0.004636070500149521 
-0.004692793388586285 
-0.0007737639441577429 
-0.005408276345105794 
-0.0015700425475267637 
-0.0008428394163329556 
0.0034799480564465367 
-0.005625382488257654 
-0.000851486248455006 
-0.0015964002985017175 
-0.002988340254818993 
-0.0012794929528461131 
-0.0008270099094458808 
-0.0008258842565014561 
-0.0018405713901814226 
0.0032908518060821654 
-0.0012165718390969834 
-0.0008788663699129924 
-0.0009509746403533718 
-0.001416969003533872 
-0.007171347193982127 
-0.002172971595336667 
0.000538601220161808 
-0.00020623852342828395 
0.0012690932075292679 
-0.006069130815170247 
-0.0011745139445874084 
-0.0011329859496747204 
-0.002724746910767454 
-0.0030373320337205847 
-0.0009105860935846109 
-0.0017505962757095516 
0.0008714374812333284 
0.0024841399644095624 
5.013636112961059e-5 
-0.001451347873163955 
-0.00040889964150520925 
-0.002341097453119323 
-0.001581241467938219 
-0.002802252589144943 
-0.0014768039473553123 
0.0037090380005076902 
0.0031062484157064678 
-0.0015349076668470386 
0.004077576988763171 
0.004601190814611197 
-0.001589368109866599 
-0.0008438567044462749 
0.0013087719311848484 
-0.007262386494195111 
-0.0008468485370698869 
-0.0022274399662381684 
-0.002006976478811926 
0.00044577897195163563 
-0.0001475056236201886 
-0.0031939808844703614 
-0.0020242440367974728 
-0.001072823005561341 
-0.0010535870601246736 
-0.0019078904319797406 
-0.002550882505218263 
0.001137256399562826 
-0.00630398300734074 
-0.0016675113051502466 
-0.0010167133592727795 
-0.004110235274156331 
-0.0005733332892592935 
-0.00257487579756483 
-0.001637196991015381 
-0.0017051216239905402 
-0.004525521195580521 
-0.0009567295543862434 
0.00170412269774223 
-0.0019810501188291725 
-0.006863094095254857 
-0.006273643865847152 
-0.0015783186210249376 
-0.0009231725440112271 
-0.004913382157136226 
-0.0017764730646536984 
-0.0008623499431524221 
0.00011773882662932896 
0.004359078439376141 
0.003870839070714803 
-0.0008454279687588672 
0.0026702473739727344 
0.0007608372061129653 
-0.003369971401185016 
-0.005620946989442777 
0.0020292408876633433 
-0.002070311936814579 
-0.0008569195644556567 
-0.001572795753470307 
0.003187803125707065 
-0.003726335292168885 
-0.0016136543874443886 
-0.005142248819653412 
-0.0011125878085251073 
-0.0008437755668291223 
-0.0008989808623310991 
-1.945679572482683e-5 
-0.001320558694879446 
-0.0009823612388764665 
-0.0015861635886042552 
-0.0010868351990472327 
-0.001237633980524148 
-0.001589999764226483 
-0.0022829788906519903 
0.00025967338657042804 
-0.0003137777276446612 
-0.0015850766981526099 
-0.0008491641341128743 
-0.0008038149198184295 
-0.0006472638024906831 
-0.0015550254221622553 
-0.0008431524351048573 
-0.0014827282972577922 
-0.0005604732052908898 
-0.00729829560588566 
-0.00029057483288240707 
0.0006092207847785968 
-0.0035923287964445484 
-0.005006492583607163 
-0.006792222437791321 
0.001910542065553577 
-0.004517415802252306 
-0.0017390637665020854 
-6.899906500631837e-6 
-0.0013463084790302185 
-0.0007465929753078914 
-0.003444778243098366 
-0.0033251484879625653 
0.0009461576575449174 
-0.0026343357051447696 
0.003979385714367361 
-0.00748719491361508 
0.0023570570400881976 
0.002845220641619631 
-0.001380035595890625 
0.00029382043342523085 
-0.004178872230530178 
-0.0007013215239300679 
-0.001577961426816965 
-0.0015634674556132106 
-0.003871247637735349 
0.001501076014518371 
0.00016638099612841686 
-0.0010723623547114714 
0.0004456116797325299 
-0.001736945544774824 
-0.0019472892643175824 
-0.0031884871436422416 
0.0012931921678455871 
0.0023881023144086237 
-0.001711443178795038 
0.002092376870288001 
-0.004631438989888596 
-0.005296239430824591 
-0.0016433733681276153 
-0.0015816574300055828 
-0.0059130917346202315 
-0.0015896771501875688 
-0.0002057037122903729 
-0.0009984387902208548 
-0.0015849909238690302 
-0.0021392515164866555 
-0.0038876178202358436 
-0.0006649308721072771 
-0.0008565112077444578 
-0.0009103444703779898 
-0.0025410968672708095 
-0.006805367173705997 
-0.0008376654451592591 
-0.0015790215647024793 
-0.002224735201466104 
0.00042728776547667 
-0.0020732888361410986 
-0.001132991018992365 
-0.002569911070357741 
-0.0006062604800096175 
0.003697022033580512 
0.0016554215776838094 
0.001966726206213927 
-0.001985205641098264 
-0.0008631011096413543 
-0.0017825330822537262 
-0.000845032573926997 
-0.0008428340281190889 
0.0007382782168552986 
-0.0037022369328747902 
-0.0013795380514340602 
0.0025427480463438693 
0.003031415056658646 
-0.0007146204248174752 
-0.0015877157126016142 
-0.004296178506833039 
-0.0069737659993185 
-0.00228129738461895 
-0.0018693754768290532 
-0.0028787553582340386 
0.00034142934733422906 
-0.003304581159592811 
0.001236554026911805 
-0.0014764912315518857 
-0.0009563401196243525 
-0.001216571839135828 
-0.001873027398018706 
-0.0011536507870856215 
-0.00088839572052684 
-0.0016917016520072942 
-0.001195509697707909 
-0.003526373332209457 
-0.0010342595032262246 
-0.0024248970351869507 
-0.002626700392398322 
-0.004275423202858028 
0.0015095386972981196 
-0.0015899912431524901 
-0.0008704251982988116 
-0.0018104347516995447 
-0.001604269936407429 
-0.0008476544980667409 
0.004372223495751427 
-0.006563599333458497 
0.00010795320537344675 
-8.69247037254673e-5 
4.581051556860775e-5 
0.0006360498029261588 
0.004112141372759298 
-0.0009662707131049154 
-0.005379558919139692 
0.003062522941382624 
0.0032682689607518253 
0.0023048505915994784 
-0.002121625859436178 
-0.0016306835951788643 
-0.004842583729957882 
-0.004480239946760383 
-0.0008434665263104255 
-0.0008445374982327137 
0.0028630957525549623 
-0.006142182475201057 
-0.00587966204136883 
-0.0016738200045230847 
-0.0017567854568234583 
-0.0009365233649116292 
0.0009874686522647854 
-0.001092510691684171 
-0.0013406313322132588 
-0.0013001576672701629 
-0.0015886061817980994 
-0.0012586297961009916 
-0.0002616205626906757 
-0.00045209355947018446 
-0.000362831741491416 
-0.0015454951250995104 
-0.0014345063130269693 
-0.0008162367398945555 
-0.00240425126217216 
-0.0014971653031520843 
-0.0007559977401504966 
-0.0005654919296437438 
-0.0005302879626904564 
-0.006351911321718906 
-0.005841317297284988 
-0.0015762240976534539 
0.003446517979804596 
-0.000693924572265444 
0.0016770915942507698 
-0.0030886276697513616 
-0.0013465123840472324 
-0.0008367433797571126 
-0.0048173969831329525 
-0.0016072790609962377 
-0.0013987926213028612 
-0.002892940192337264 
0.0001429801066321455 
-0.00014726766095111293 
-0.003570400118390981 
-0.0027161061744076383 
-0.0014674392635088264 
-0.0052034424661731365 
-0.0007896797451508307 
0.0043380738776928295 
-0.0015232976499959519 
-0.007034334492492467 
-0.00042514395094877763 
0.0007677755791357253 
-0.003985448911932123 
0.003569710004928913 
0.0038210989329531073 
-0.0015891482874323332 
-0.0008361965955500828 
-0.0015827453416772804 
-0.0015627185030630954 
-0.0008454776568563539 
-0.004462384657577432 
0.001111808867895551 
-0.0025275935678367063 
-0.0013205558698130139 
-0.0017335797699705472 
-0.00048789197205384167 
-0.0014820248697990338 
-0.0017158361648619829 
0.0010932301696033636 
-0.00424091684365984 
-0.0007656323731193862 
-0.0008549292587656734 
-0.004563153387874308 
-0.0016478815320613944 
-0.0008310902209461465 
-0.005518286404405405 
0.003318483618740712 
0.0013264222728246403 
-0.00306919348159319 
0.0034244596940262366 
-0.0016020534574083477 
-0.0015912246903890671 
-0.002274208986599665 
-0.001843909850975226 
-0.0009499852749856964 
9.444991436366767e-5 
-0.0015341628161793439 
0.0003213251865918983 
-0.00031151781907026716 
-0.00198667073379545 
-0.0008880865432211005 
-0.005701412638962887 
-0.002417975192213683 
-0.0005982295599312173 
0.003918767643640095 
-0.001786439668711489 
-0.006412528988370027 
-0.0008460315806666089 
0.002930903259699797 
0.0006118358183012638 
-0.0021208777129528363 
-0.0012794874851573457 
-0.0012165718390969443 
-0.004565535928423968 
-0.001450692501102432 
-0.0007959466872502431 
-0.0015839795442237534 
-0.0015813499819323255 
-0.000843063406373072 
-0.0008253463516166333 
-0.002332622901377978 
-0.002718393908871306 
-0.0030272909977314333 
0.00024196837769779 
-0.00026017208318076406 
-0.003420612330625887 
0.0027821257578166825 
0.0011091130471948495 
-0.0011122643963983692 
-0.0010921194346423734 
-0.0011745183925245658 
-0.0008987050939437976 
-0.005495666619625615 
-0.003703873040990512 
-0.0010530553552361257 
-0.0016577317859046775 
-0.0022773437886586265 
-0.0006367621591968346 
-0.0026150346539121757 
-0.0028789226505925893 
3.773348058069596e-5 
-0.0017331138211142288 
0.001807773165308685 
-0.004078005333530352 
-0.004229726538405917 
0.004144238626528853 
0.0014604546850464078 
-0.0015954782331905025 
-0.0008700564316094797 
-0.0020278506267084285 
-0.000922964777802143 
-0.006690042076197118 
-0.004427214661974766 
0.0020550587848733666 
0.0022186084137639267 
0.0005173797292642492 
-0.0008627091656815286 
-0.0021712982762349597 
-0.006002854425417764 
-0.0016961738753754159 
-0.0010160344684542741 
-0.0011536562547743141 
-0.001619603906550222 
-2.2365966166805022e-5 
0.0008454401080737065 
0.0027444623013018073 
-0.003354713531382094 
0.0025634428040177174 
-0.005060767917823296 
-0.0008436334666296122 
-0.0013603206727790234 
-0.001910427616623994 
-0.0009815290646265473 
-0.0012376315137871874 
-0.002003370418890321 
-0.0015854891802724337 
-0.0015895102130357346 
-0.0001479952501430644 
-0.0008388810777684189 
-0.0004052930517772741 
-0.0014163824560494125 
-0.0024592067056650427 
-0.0008194892908176351 
-0.0015099710945384569 
-0.0007363084436333429 
0.0036576750970585877 
-0.0005601162804294539 
-0.0005598277236119781 
-0.0027065492494756033 
-0.0002875432170715734 
-0.006130165711710167 
0.00029160323425791654 
-0.0015704344914219497 
-0.0015766324543322636 
-0.004137266447093484 
-0.0049172836427188015 
0.0014814585383911773 
0.003192238438228769 
0.000936827208495165 
-0.0013463658831033814 
-0.003278583786765858 
-0.006577382304549424 
-0.0016057640361281384 
-0.0010866312940372303 
0.0018805732141685967 
-0.005103391052264136 
0.0033242058275006056 
-3.902652952714665e-6 
-0.003669697705273735 
-0.0013982481556094268 
0.002312960180252127 
0.003894181841937499 
0.004132842430007742 
0.0006041883548506647 
-0.006565986108086893 
-0.006771217555604031 
-0.0006908551963999826 
-0.0008288737418529361 
-0.0015862951458760197 
-0.001554277308847321 
-0.0038405122392745385 
-0.002320932648918281 
7.740247646071922e-5 
-0.0011116161355710127 
-0.0009969976746144553 
0.0012772232416661366 
0.001971733421140901 
0.002047095644171535 
-0.001718339668059773 
-0.004821245993127225 
-0.0015719762741971202 
-0.0019468074293416474 
0.0027942005885025576 
0.0031954204571849935 
-0.005751627297254523 
-0.00020840847127112614 
-0.0030126211669952935 
-0.0008974079993738972 
-0.002269169881699172 
0.0004375809543917974 
0.0032749969360110825 
-0.0016062573701811442 
-0.0035019545304662584 
-0.0025995246464654807 
-0.0005925722882581844 
-0.0007063050475158343 
-0.0015864857414459477 
-0.0016033159107171548 
0.00022049427537930324 
-0.003390832401773515 
0.0024802391527583 
-0.002028664771896529 
-0.0011743911487552363 
-0.0016622583832538182 
-0.0010714514353929558 
0.0004917939523780452 
-0.00216660931364213 
-0.0011327340723165608 
-0.0015832672032355364 
-0.0015911049144439868 
-0.005177605979969122 
0.0016448616538148827 
0.0029464152417937465 
-0.0015876660262772184 
0.003926833755958575 
0.0035184963337291323 
-0.0015903042620122488 
-0.0025614792512192812 
-0.0003122659628029504 
0.0010751726111495475 
0.0009576887230695605 
-0.0018759965963241671 
-0.0020733674421445154 
-0.0009218183645812015 
-0.0011955121644445631 
-0.00536404693832786 
-0.0016783356829471144 
-0.0036751653512929923 
-0.004038741893286552 
-0.001997878848792274 
-0.000656670613627896 
0.0030851423756843486 
2.606304931674714e-5 
0.0016002497535228888 
-0.001737388450560492 
-0.0017608991549908015 
-0.004367444304681588 
-0.006254242235594521 
-0.006327325165011728 
-0.006154767915825541 
-0.0009354551234846391 
-0.001610078369770453 
-0.0008785257266035333 
-0.001814084258636509 
-0.0008498764752276639 
0.0031224061588119713 
0.0004045630119015705 
-0.005286025200554195 
-0.0009653602258019278 
-0.002870724632876396 
-0.0008611673827630187 
0.0018974933335967952 
-0.0022189055721442493 
-0.0010330838750922126 
0.0024509459542973798 
-0.0008434137518914144 
-0.0008419189859218048 
-0.0031710260215129598 
0.0011980376980315662 
0.0007107855713675114 
-9.2046215906562e-5 
-0.0016351471223006913 
-0.005757349865549892 
-0.0013001525979490568 
0.002126412398251647 
-0.0047647327235264825 
-0.0013795566749394029 
-0.0012586253481584443 
-2.8892404702582956e-5 
-0.001340632986456 
-0.0003598548423548453 
-0.0018650033078529884 
-0.0005252532464773551 
-0.002394253044411386 
-0.0014338827529598954 
-0.0008335792832602844 
-0.0008085332968997908 
-0.0007477736661607175 
-0.0026928170424597056 
-0.0014964453043556508 
-0.00044793803737754766 
-0.0006285929397027395 
-0.0006932945651414466 
-0.0035422567255567073 
-0.0015546179521590982 
-0.001563087269826993 
-0.004737994269923412 
0.0012707299038801985 
-0.0031714218955352395 
-0.0010867777949885133 
-0.0008258650092505753 
-0.001216571839134637 
-0.0014755159919328691 
-0.004399869884558311 
-0.002971744898815982 
-0.006510720280171016 
0.00014173255941948956 
-0.00014725973199245537 
-0.0014667573017581774 
-0.0027905743922681464 
-0.0007816677972795163 
-0.0014164302656084827 
-0.0015225575490341754 
0.003490914755259567 
-0.006359977434178894 
-0.0004245811735312751 
0.0007553434679837325 
-0.0015881111073973069 
-0.0008230653085890151 
-0.0015900802737732565 
-0.0015447479574651369 
-0.0008403189411823931 
-0.0039426823756573 
-0.004088565256039695 
-0.0038031149162652614 
0.0009215693480010866 
-0.001600000116178271 
-0.0013607813236282415 
-0.000557147085237918 
0.0007378823456232547 
0.0018831772124224592 
-0.0007593236738648931 
-0.004301878053222928 
-0.0050535323771262715 
-0.0008584655815781099 
-0.0016507476713920014 
0.0030617672241803283 
-0.0056285644723285235 
-0.0008431810310494104 
-0.0009334930136217983 
1.0959566255833365e-5 
-0.0012796791278288399 
-0.004179048984326696 
-0.0014821690382762428 
-0.0015939553888008233 
-0.0008391067018362194 
-0.0018449876595138346 
-0.002675112024617711 
-0.0030449794583033195 
-0.006090818427118789 
0.0033368199491471975 
-0.0036311813767565555 
0.0009226721173590934 
-0.0011322162785002224 
-0.0016143865919075598 
0.0011540002466526996 
0.0029719435744309896 
0.0003778446642172672 
-0.0028584594183326075 
-0.0022100690409486826 
-0.001788242743661878 
-0.0017397050563494217 
-0.0018591790374155907 
-0.00048585441577383997 
-0.0015101788606490692 
0.0010688113563742932 
0.002852881523024054 
-0.0015871120976752376 
0.0031228142434890946 
-0.001594262605733997 
-0.0015995644004124835 
-0.0005609608651377503 
-0.0006940795173447442 
-0.0024441032933809237 
-0.0023809314204383454 
-0.002408181417726665 
-0.002993708364655019 
0.00014721466129236178 
-0.00040447890628292647 
-0.00035977623489187615 
-0.0035083162898646957 
0.0008143562671774099 
0.0022596503493721434 
-0.0012165718390968893 
-0.0014739199230695019 
-0.0010872550385740347 
-0.0013458886395251 
-0.0009091214386155502 
-0.0016810908526574025 
-0.0016988224360761075 
-0.0010913401345369366 
-0.002132501845371375 
-0.0015940369743081986 
-0.005955500983539541 
0.0017459053055785205 
-0.001623999733611448 
-0.003853988267147774 
-0.001592824739071637 
-0.003993242835174507 
-0.0009636555031713919 
-0.0008308838511914061 
-0.004177520746374471 
-0.0008187570920522089 
-0.0007897703102481921 
-0.0008867191088921779 
-0.0008521614162910431 
0.000297339250807608 
-0.005185466229716426 
-0.004972195877836436 
-0.0009799556821718496 
-0.002708193823739746 
-0.0008685650336638441 
0.0018222768514384302 
0.003721624237487548 
-0.0022640104600051476 
-0.0010147260633059367 
0.0022862063045479756 
-0.0011954486998600065 
0.0005831278077563989 
-0.0008420387651758937 
-0.0013208792819389538 
-0.00015184628635616209 
-0.0033340221030099156 
-0.004488985265413307 
0.0026203888861722423 
-0.0020267709727634564 
-0.0019855237975607114 
0.0014056050565249376 
-0.0011534646122965452 
-0.0010520122872068269 
-3.889061457109703e-5 
-0.001910534812091552 
-0.0015782144032148834 
-0.0012376949783714979 
-0.0021172198262848323 
-0.000261845398091627 
-0.0008362711084045693 
-0.0013982797667633873 
-0.0008268863136457133 
-0.0029505233737935816 
-0.002580358400758666 
-0.005555549837389645 
-0.0002871845346212817 
-0.000728022054283522 
-0.0015903096552017952 
0.0014544741439573153 
-0.0006227089267317592 
-0.0015645786679322783 
-0.004996586482714487 
0.0018422795284451672 
-4.419891893707285e-6 
-0.005951640012163929 
0.0027091051431662877 
-0.0009566528349073813 
-0.004488202463616041 
-0.0032474998968067934 
0.0002852502322451462 
-0.001450782439280827 
-0.004651752092497387 
-0.002860431414141983 
-0.002774572999776577 
-0.0014339500210745996 
0.0037085826249400843 
-0.006141725977704482 
-0.001534438584566675 
0.0005941473189173453 
0.002971217023694466 
-0.0006825474025694042 
-0.0015897299294137135 
-0.0008135397718144438 
-0.0015450571347700144 
-0.0038935983637871725 
-0.0024257289039872104 
-7.414804744699914e-6 
-0.0011314381586919188 
-0.0010127880904184693 
-0.001943882206303141 
-0.0017401089763228945 
0.00292466710154638 
-0.004231410236418607 
-0.0008545903216773384 
-0.0015672009627754288 
0.0011048879845452966 
0.0019940703830342754 
-0.0003159238428147185 
0.002653545785127637 
0.0002696921711149921 
0.0027523225520208017 
-0.0016172113054761215 
-0.0015980880442677812 
-0.0014717461913983665 
-0.002258652327841891 
-0.001216571839096803 
0.0017417745006202924 
-0.000895085888391494 
-0.0022508314093159193 
-0.0014171091562032204 
-0.002653638021838828 
-0.003016271437707694 
-0.0008391882907902231 
-0.004719349828345292 
-0.0016996857750638584 
-0.0010901733788275206 
0.0015392145029875183 
-0.004877797483515995 
-0.0009776401795185139 
-0.0033083931346534956 
-0.00021423809346094046 
-0.0015809822455228925 
0.0016055982137551906 
-0.0008273800323685603 
-0.005586197324324847 
-0.0008091439504551536 
-0.0016022598292341683 
-0.0015357356791375093 
0.0004253157398661372 
-0.005857604062372165 
0.0033223652847684934 
-0.0008405515206247253 
-0.000563768200747277 
-0.00015016520484698677 
5.698584572055848e-5 
-0.0004063726992089714 
0.0024094406950305107 
-0.0018766220316771614 
-0.002070638873459439 
-0.0017629835082588435 
-0.0011741328364066712 
-0.0011530767701557654 
-0.004884089462380266 
-0.001345101356535911 
-0.0015981436053643609 
0.0016780992263845827 
-0.00575550866553193 
-5.221230126044656e-5 
-0.0036408439130412393 
0.0010358498217300366 
-0.004119662121544253 
-0.0009481507362834296 
0.0031530538943000484 
-0.004680983372228218 
-0.0026944428553750295 
-0.0025498380388564467 
-0.0008770930165607457 
-0.0015968725719441416 
-0.0010504582773982662 
-0.0008470582524867862 
-0.0016650850059388492 
-0.0023061661990184945 
0.0004621045764789643 
-0.002842298444215363 
-0.003148973939876672 
-0.002022257045149755 
-0.000865942739070879 
-0.001341024243497903 
0.0012228625140819 
-0.005404361031507913 
-0.0016380240153482239 
-0.0018155531743465775 
-0.0038144242231163764 
0.002491928112280985 
0.00217935222216699 
0.00202909122640055 
-0.0009197317807982062 
-0.0013800883800412097 
-0.0001005207600147339 
-0.001300409544428746 
0.000678671369110424 
0.0007785270268375032 
-0.0012587525921181136 
0.00012458088083435595 
-0.002159014167795367 
-0.0019906401281355184 
-0.00044647294539930485 
-0.0006190594240157101 
-0.0007000298572940909 
-0.0007414420263871839 
-0.001586085425979773 
-0.0005892338311760924 
-0.0008241182047308943 
-0.0017290549653162749 
-0.0015227991721385454 
-0.005227344060807682 
-0.000522716064254051 
-0.0025105462094958154 
0.0012420222001954852 
-0.004033393432268685 
-0.0014966203547639961 
-0.0033558157410620965 
-0.0035871438567887434 
-0.000650610596169622 
-0.0015560506622058464 
0.0028519557328381476 
-0.0027544688297906077 
0.00013676782852129507 
0.0009008779301477782 
-0.0012165718391334767 
-0.004330637012344276 
-0.00314392920641582 
-0.005924058111386079 
-0.0009576280730158675 
-0.0014668729650081972 
-0.0029249375871206037 
-0.004404876972539764 
-0.0007754118924771253 
-0.0014516146135308118 
0.002627624241083644 
0.0035223576030774125 
-0.0004261671997481089 
-0.005769963355343208 
-0.0015925921606824928 
-0.0008024600831912484 
-0.0008350000706441543 
0.0005794774882374711 
-0.003759565951558391 
-2.8897665646149608e-5 
-0.002288464352609552 
-0.0014690389476562586 
-0.0013811314484647142 
0.0010511334961457212 
0.0007158302637574358 
-0.000617590503281821 
0.0016566421745310622 
-0.004612495735775756 
-0.0007548080011918246 
-0.001584951617376433 
-0.0016520005546439439 
0.002728697164437093 
0.0025099442553577316 
-0.0008298281550936375 
-0.002822582723163614 
0.00296919787819497 
-0.0008390822295572337 
-0.0012800669703563624 
-0.001843866039023108 
-0.0008621781114217954 
-0.004056963946447496 
-0.000930633955359037 
-0.0018520175052136225 
-0.0015967212141519956 
-0.005494911217193643 
-0.0004297732596466856 
-0.0025577245960960505 
-0.0004863362449644394 
-0.0012378240578759428 
0.0006422438334898486 
-0.0020651975809178767 
0.0009915525950304237 
-0.0036015271367634207 
-0.004592404106398845 
-0.0008745616881831898 
0.0019274118632101051 
-0.0031227674900419665 
-0.00011221106780351691 
-0.0013215275427658302 
-0.0015585819905889026 
-0.0049250715945912205 
0.0010391127796651185 
-0.002730483004866769 
-0.004111242800925262 
-0.0014831584036441015 
-0.00555595851478015 
-0.0016090254757487265 
-0.0008350556353156259 
-0.002490129557587317 
-0.0010880423215706946 
-0.0012165718391320874 
-0.0021237078435380604 
-0.0004476198756413413 
0.0005502091573151816 
0.002198295925106618 
-0.0021107538446783597 
-0.0017879951575721022 
-0.001152493153245931 
-0.003472255966258647 
-0.0009069144736044898 
-0.001344025481584261 
-0.0017189955151529462 
-0.0011106436045979068 
0.0014729002736740954 
0.001345524151411788 
-0.005418083163702173 
-0.0016268617676899965 
0.0008827917572542495 
-0.0044099142933598885 
-0.0025352491111334118 
0.0001954551582416497 
-0.000884288388048071 
-0.0009948698805208602 
-0.002395742729394766 
-0.003942278414775173 
0.002984939738058468 
-0.0006467040143597906 
-0.001031337308819278 
0.0016049938043638035 
0.002818089117334005 
0.00034737138921311727 
-0.0013616922429464254 
-0.00026653435379361785 
-0.0010700907858560305 
-0.001195319620355352 
-0.001763087519134171 
0.0023337320818025654 
-0.0019818465167042664 
-0.0016821206668927457 
-0.00015893467699576637 
-0.005079260659429322 
-0.0008481920441934256 
-0.0009611550369210263 
-0.001574678075154143 
-0.0019082827484280251 
3.337465431493413e-5 
-6.870704338885722e-5 
-0.000362504797148833 
-0.0014347048882753313 
-0.0005565216444939648 
-0.002198346105547239 
0.0026461169815868244 
-0.0015464245690975191 
-0.0013988842296908009 
-0.0006763582215922639 
-0.0023644366624506565 
-0.001511325273637918 
-0.0008159323750301108 
-0.0015958835116162478 
-0.005405087026460631 
-0.0045595559364542204 
-0.0038387486504438155 
-0.0006961977409716742 
-0.00028935254405676306 
0.0014208445906600687 
0.0002750501469940915 
-0.003468993438952213 
-0.005708141254563245 
0.001796582863510582 
-0.0028377066510501476 
-8.247073053542769e-6 
-0.003211670645918845 
-0.0031118149938528673 
-0.0007852621521217992 
-0.004255420414919698 
-0.005586482064980651 
-0.0014677834523108202 
0.0031533386610447176 
0.002539052200861148 
-0.0007217004996062439 
-0.001589962647295435 
-0.0007979965618419647 
-0.0016035324765837642 
-0.0016035773279336526 
-0.0008295663479792412 
-0.0015240222036769174 
-0.003710366844054769 
0.0004091547657676632 
-5.332701509658832e-5 
-0.001465842743431274 
-0.0011517137329903778 
-0.0010290186685883345 
-0.001382685458848763 
-0.0019385924270054016 
-0.0017857524470200326 
-0.0016988048847773882 
0.002535515043684776 
-0.003990189568811937 
-0.0008572567507336161 
-0.0004108866495346787 
-0.0006449009345594726 
0.00026129917850828497 
-0.002380887960658603 
0.00023860185229651718 
0.0019343000500035969 
-0.0014531879959854372 
-0.0012380185976967892 
-0.0009745798315858097 
-0.0001269775041544982 
-0.003538031583532358 
-0.0016021437082564245 
-0.005357811073325354 
0.002815249358834171 
-0.0016282124834622422 
-0.0008296112030176913 
0.0005133595581651096 
-0.002101584145828983 
-0.0034378297112924185 
-0.0009037183601619874 
-0.0043163207527923695 
-0.001109346625590114 
-0.00432684499114163 
-0.0003223898560310768 
-0.0015380577901217178 
0.001560099155819341 
-0.00525123256324499 
-0.000695755233127089 
-0.0015901301262902943 
-0.00015580030340704275 
0.0026619030407376743 
-0.0016185718144292674 
-0.0008364224671828738 
-0.00029389216108035844 
-0.0010891181965297179 
-0.0021130375663825267 
-0.0019817949089794167 
-0.0004892614834500091 
-0.0012590109048518647 
0.0004285699119827103 
-0.0018749695204234476 
-0.0021486249495157803 
-0.001814898411842795 
-0.0011951250805343873 
-0.0011737437549553423 
-0.0032783182391977086 
-0.0009167009535727514 
-0.0017386481605574959 
-0.0013426829638572995 
-0.0044622347539207685 
-0.0016103212972271403 
-0.005248393543529033 
-0.0016393398963796776 
-8.822372283158998e-5 
0.0026026269726692544 
0.0024446538063221477 
0.0009426783109165034 
-0.0008807864003467956 
-0.0009454687962512237 
-0.0037696167181559687 
-0.0014184175609559006 
-0.0008709221229890019 
-0.0010102189822980467 
-0.0038865856836795224 
-0.0016103738626226114 
0.0017901002381803866 
-0.001666243591443712 
-0.0008430135521802583 
-0.0010682798844337902 
0.00152719379116828 
0.001280724167205919 
0.0011638109021248092 
-0.002677440540221198 
-0.0029709391365991883 
-0.0024042460470397797 
-0.0025318112770287195 
-0.002344919986862162 
-0.002015213622319839 
0.002360026640119429 
-0.0002230746670429309 
-0.0014000598582200722 
-0.004778731998019267 
-0.0008495251151673953 
0.0022126874773232955 
0.002068366053012253 
-0.005285099720313328 
-0.0015709655907709588 
0.0007382877661378971 
-0.0013009273378570988 
-0.00016913325215732865 
-0.0013418035436033125 
-0.0015785533347363917 
9.866755762068027e-5 
-0.0014976885964243878 
-0.0005881560174334419 
-0.001723461464282547 
-0.002234803024781489 
-0.0007369698086692879 
-0.0027028358940251367 
-0.0030753876250400576 
-0.0028952483477532984 
-0.002628598877177466 
-0.0008062819128105901 
0.0027853624730180457 
-0.0005226088632015995 
-0.003972358087647748 
0.0012077007469842558 
-0.0015488552899395789 
-0.0012165718391305388 
-0.00476687558036539 
-0.0033159353701837854 
0.0008752489733361823 
-0.00281098842653045 
0.0005605646859532102 
-0.0009592241394408265 
-0.005402342104856374 
-0.0005681403697704143 
-0.0007708853009297206 
-0.000699563518616279 
0.00012833600457259518 
-0.004038137367531174 
-0.0014849929423477373 
-0.005086689249908783 
0.002331589657842706 
-0.0006722445284237193 
-0.001594061448790982 
-0.0007823960089821926 
-0.0008227698132444401 
-0.0015134118570526212 
-0.0037786677339548638 
-0.0023798166634456225 
-0.0010261255419915288 
0.00038943904473519466 
0.0011005199483567916 
0.0016931611280410917 
0.0024216371493820357 
-0.0015758869519079256 
-0.0008511614661720777 
-0.0042232441983744585 
-0.004793170714519873 
-0.0008228223824226199 
-0.001651671469020003 
-0.00011061111920529493 
0.002225529884436018 
-0.0016088892905133524 
-0.00197148428923835 
-0.0029446968203166437 
-0.0038268615774906755 
0.0010046865113661934 
-0.0009268726226619951 
-0.0013225000737388788 
-0.005161841132270484 
-0.0008377211793346297 
-0.0008331439460789909 
-0.0013410959640960457 
-0.0005581741653518162 
0.00039144309655060627 
-0.0018711076674914977 
-0.0021355557741507282 
-0.0018121796074633695 
-0.003244279942278138 
0.0022478402759059787 
-0.0015414114325740282 
-0.002267968295250631 
-0.005095047186110144 
-0.0015901412709035294 
0.00011669478638880285 
-0.00016397420594908737 
-0.004968658721656634 
0.002644932955237983 
-0.0016280769164822998 
-0.0008337113588829272 
-0.0026001970463077092 
-0.0009613978678113131 
-0.0017168902192719992 
-0.0012806505878457284 
-0.0005248609392250332 
0.00031337800686913027 
-0.0019037449680220921 
-0.0021838590821523394 
-0.0011732239016614158 
-0.0009127194267732415 
-0.0017612628385808918 
-0.0016184900313526121 
-0.0011303996291636951 
0.0008896121585892697 
-0.0035578148446568695 
-0.005078076887525376 
0.002130010297009466 
0.0008384126797221504 
-0.0008309999731359686 
-0.0008661618359421198 
0.00016705332313487735 
-0.004156873640451833 
-0.0008917322459417613 
-0.00014467935431697803 
-0.002245988473347256 
0.0014452684678520668 
-0.0008430023903376689 
-0.0026574865733103754 
0.0014018638992412463 
-0.0010483925355399444 
-0.001401806425064027 
-0.0025179753066267075 
-0.0037202316351918393 
-0.0010886188468274892 
-0.0017178481121937878 
-0.00036794611663266047 
-0.0019757234052692365 
-0.0012165718390967242 
-0.004499972394008684 
0.0020886122413415653 
-0.0009920533136350156 
0.0006018059052719317 
0.0025043084266170175 
-0.0016814628096408007 
-0.0002741295363867898 
-0.0015622215557901575 
-0.00018231229140166526 
0.0018220798375041677 
-0.000957855358618795 
-0.0012593999868827988 
-0.002057140801761775 
-0.0013630528924834177 
-0.0014694881749407228 
-0.0015262291683386853 
-0.0014361460038814838 
6.742544403788581e-6 
-0.0006182452707855982 
-0.00045129717538701624 
-0.00079511966510994 
-0.0007173075190339625 
-0.0015910335009860282 
-0.0024665183702332915 
-0.004501510066007257 
-0.0036560061051851152 
-0.004174918052849427 
0.0013812805464257945 
-1.516891168386538e-5 
-0.0004352648297213458 
-0.0010904607142642575 
-0.0012165718391285868 
0.001744377071019702 
-0.0034246962012767592 
-0.00278051511641983 
0.0006896238136977156 
-0.005218506424538802 
-0.0032715564951255505 
-0.0031714315691317614 
-0.00298335293831449 
-0.0005739646402555182 
0.002345588320624827 
-0.0006701601704730795 
-0.0007520528274056935 
-0.0007680586743051517 
-0.0008145718614510734 
-0.0014996507066614721 
-0.0015994323194688975 
-0.0039060438469251365 
-0.0001357187586534518 
-0.0013847512014648119 
-0.0013392866472956536 
-0.000562036018608983 
-0.001896997497232168 
-0.0009222015803544336 
-0.0017575636099037937 
0.0015929623853252052 
-0.003763760552833616 
0.0022429058598544727 
-0.0007510230102661429 
-0.0004179300688272368 
-0.004240607143317597 
-0.00019834067958785813 
-0.0008602656438525872 
-0.0008146536483800913 
0.0020891807671081686 
0.0002760946812144566 
-0.0024982772556915926 
-0.001455503498638564 
0.0015091347355872355 
-0.0012382785943071592 
-0.0016962232331963541 
-0.000831156951428341 
-0.0003315595486521382 
-0.0021667313402026246 
-0.001194865083923866 
-0.0008242543909706548 
0.0007898904523508892 
0.001326633041365852 
-0.00098854431975592 
-0.002502804579826382 
-0.0015669818428454042 
-0.002046568037601858 
-0.0015855174072622804 
-0.0015164426837704422 
-0.0034842773395850927 
-0.0037138680435679795 
-0.00044250355035381484 
-0.0049374523407188595 
-0.0007811431217239902 
-0.0016061020954819397 
-0.004854780827466851 
-0.004676049537431618 
0.00247478895730553 
-0.0016391229192343304 
-0.0027465217384764085 
-0.003127110423690662 
-0.0026717455795287103 
-0.000837260546289209 
-0.0018436341469956472 
-0.0013017054570856727 
0.00013548854256405267 
-0.0019672413897338136 
-0.002216057245892488 
-0.001840608970896441 
-0.0016264826954932488 
-0.0030928374907345 
-0.001807458902852174 
-0.003960337706146642 
-0.0040897861112323235 
0.000993153937549926 
-0.0035102818443449855 
-0.004907932888280358 
-0.0016169905276947332 
0.0006939666755615854 
0.0018687338231325663 
0.0021592609798260125 
-0.0009419351221664766 
-0.0033992145358265444 
-0.0008873379162721178 
-0.0008762024071058889 
-0.001066017217541282 
-0.00104581313706485 
6.96609012661134e-5 
-0.003920050647921091 
-0.000899525367902843 
-0.00223137528407229 
-0.002100659203002016 
-0.0016657685963511874 
0.001567492919644953 
0.0012116934880584726 
0.0023642831767857948 
-0.001420355533274787 
-0.0027996520004514094 
-0.0011077243131591172 
-0.0011507380568564953 
-0.0010070157528892071 
-0.0004945512613711259 
-0.0007343212437501931 
0.00047285196301951644 
-0.002439886222955164 
-0.000970770213106798 
-0.00016517538327304605 
-0.0002347975929116352 
-0.0012814300088735508 
0.0019540008175784993 
-0.0008432506028227939 
-0.0036669029811750185 
-0.0017353730434701779 
-0.0013429702993124587 
-0.0020898172584688005 
-0.0015836185408308482 
-0.0014876748823823502 
-8.054217127645502e-5 
-0.0015523572776381714 
-0.0005892776450817892 
-0.0006451485237606031 
-0.002322532559327687 
-0.00503577092164876 
-0.0007040883269810397 
-0.004360555848792649 
0.0002442968632333999 
-0.0015294252813030358 
0.0011683839549840986 
-0.00030064183224324446 
-0.0009641051074570092 
-0.0012165718391268776 
-0.0046458315198824275 
0.0008451740902771485 
0.002055842148251875 
-0.0029465032950308206 
-0.0028617136438325906 
-0.0033758221397733735 
0.0005377954579522759 
-0.004943088363994083 
-0.0006934386228165495 
-2.4962680824459566e-5 
-0.0008049311924998638 
-0.001595422499140521 
-0.002352601507454875 
-0.00016339763242218604 
-0.001063300332803048 
0.000366508322042603 
0.0009313466916466117 
-0.0017520462491696217 
0.0009660713219072553 
-0.003697892157918039 
-0.004126304954244174 
-0.0015728780349446858 
-0.0008532157861524186 
-0.004779238186261856 
-0.0020867395789708827 
-0.0009843377651988262 
0.002066829237790453 
-0.00021708643262203904 
-0.002194726268722765 
-0.0029153568433317647 
-0.001520424209919659 
-0.0012165718391249586 
-0.0009375434058174929 
-0.0018352829425100465 
-0.0008161531539193954 
-0.0008943254023540402 
0.0006458811919773243 
3.774434692098427e-5 
-0.0016636969672232111 
-0.0016374037825732039 
0.0011388919229859099 
0.0022173321238723215 
-0.0020755612245753653 
-0.004387144669243796 
-0.0008421105518390476 
-0.0004513487694854096 
-0.00017449175449435337 
-0.0007334579026586928 
-0.004570695503377933 
-0.00440457688475312 
-0.0008365707649757563 
-0.0018341439396282453 
-0.0017094319628536843 
-0.0013237970527467384 
-0.0006209640767946183 
-0.0005925347142320499 
0.00020428269515143708 
-0.001931019379175404 
-0.0009537511609092714 
-0.001865107577528732 
-0.001216571839096617 
-0.0017815726486104303 
-0.0038784122719717025 
-0.0011725729912757845 
-0.0034594749767210566 
-0.003206746066089837 
-0.004738624962599129 
-0.0016141005163582856 
-0.001589893052656338 
-0.0016019867270520253 
0.0005576519416547247 
-0.0008270415828737928 
0.001686518445755967 
0.0017982660309914364 
-0.000805066763372596 
-0.0008818912604216932 
-2.2738832359791618e-5 
-0.0009077785052553912 
0.0013597466987167585 
0.0014748920493305342 
-0.0016791574437013351 
0.0023460942724061284 
-0.0002492846198568144 
-0.0014229246406523715 
-0.0015458057622470115 
-0.0010226543072357074 
-0.0017149443433002493 
-0.0011291000405764624 
-0.002363844802010952 
-0.0008705230745854446 
-0.003356929863667734 
-0.004079038656164376 
-0.0020057336874787436 
-0.00045742028442669844 
-0.0015569412708759632 
0.0003509712602735133 
-0.0008438723981352121 
0.0019622176551747374 
-0.0013027439858424997 
-0.00037600289097720213 
-0.001086675368230918 
-0.0014041250660428745 
-0.001438273797975566 
-0.00028451874686835106 
0.0017137349718600228 
-0.0024708880256686565 
-0.0027092383597998888 
-0.0021199220624079063 
0.0007375673418546393 
-0.0012599198409508512 
-0.0013648637939058898 
-0.00018832461436722012 
-0.0014719886411902953 
-0.003610230142155618 
-0.0005293987191585515 
-0.002634877009988109 
-0.0025686322211330684 
-0.0022448190643446987 
-0.0006930347029126073 
-0.0006700561610713987 
-0.0007669000852668794 
-0.0005811261725053985 
-0.0007096818325245821 
-0.0014622021155612237 
0.00010210585194136932 
-0.003596954761366843 
0.001336473041270671 
-0.0010920477140328874 
-0.004658673765302992 
-0.002824586832871101 
0.0006596938141715934 
-0.0030349496475539127 
-0.003223034206790301 
-0.0034262977061396047 
0.001976771149945336 
0.0023054812844166177 
-0.004797427073752123 
-0.0007148040114692207 
-0.00030943583412501466 
-0.0007938037797418717 
-0.001502509765442169 
-0.003835007794145462 
-0.0022191566015141414 
-0.0012165718391230287 
-0.0014261278691421718 
-0.0005680361113551787 
0.0012711175323110741 
-0.0002139869978205358 
-0.0008449921423827006 
-0.0007343387964352288 
-0.0016752470950731867 
-0.0004274100068210976 
-0.0013254193651781676 
-0.0008066609862937181 
-0.004151955864322434 
0.0019516277377677812 
-0.0017011763554817924 
-0.00026641233830288386 
-0.0019212463725901058 
-0.002784114938866457 
-0.003170711100915179 
0.00023574558836721935 
0.0005943371570477629 
-0.0009322854615477871 
-0.002476411210806587 
0.0021879290827525964 
-0.0008288726622556829 
-0.001857042502429478 
-0.0008881061170084056 
0.0014534420046484582 
-5.4900637002872745e-5 
-0.0014585638465709676 
-0.0008637325925835631 
0.0014900523922383654 
-0.0013873306008810966 
-0.0012824056859733258 
-0.0012386041853948977 
-0.0011945394928361186 
-0.0021018401220290915 
-0.002534100579240271 
-0.0007814722112148801 
-0.0006944955216348505 
-0.0016098498608161026 
-0.004307018989617524 
-0.00462107276101897 
-0.0016497942129436998 
-0.0008357446764664774 
-0.0007162530827730611 
-0.001458161163516517 
-0.00046165938920209005 
-0.0003433264393613679 
-0.0002975879256825761 
-0.0013445248313121274 
-0.0006256847840189236 
-0.001993912045618734 
-0.00277384050988257 
-0.0018008006632690401 
-0.0017755160493181572 
-0.001634215677504936 
-0.001093857030840434 
0.0008327230423565576 
-0.0016234600083240398 
-0.000823293817669987 
-0.003059603825277012 
-0.0008190431620016582 
0.0016238202702541784 
-0.0011057751128179646 
-0.0010843409689467749 
-0.00011038454189598752 
-0.0017103334060688312 
-0.00355077510299086 
-0.001959848538159699 
0.0010334173535861211 
-0.0014410903648625474 
-0.0017303363525449803 
-0.001003174071506066 
-0.0011495652715758115 
-0.0033114727448514533 
-0.0005021243121648893 
-0.0015626206033926956 
-0.0020335804735248236 
0.0012477012952509855 
-0.0015819822370267593 
-0.0010427170833698248 
0.0018369329609828412 
-0.0009662052852444534 
-0.0015336182729509783 
-0.0009166113873013304 
0.0004289517344945328 
-0.0021470868478835744 
-0.0014912085564705688 
-0.003847205279846322 
0.0001009569004861433 
-0.0022974249200684027 
-0.002215007623405202 
-0.0007516808711852735 
-0.002637426373728922 
-0.00332275591983639 
-0.0006473912364624673 
-0.0024104048463801544 
-0.004521756107119393 
0.001124671646584303 
-3.74013629085153e-5 
-0.004255223675992708 
-0.0040006367344075575 
0.00022434289620288536 
-0.0009673013068564971 
0.0008111358064438955 
-0.0029907956885134863 
-0.0029059957044152832 
-0.00023841740997861073 
-0.003644837273095526 
-0.0035336637248626792 
0.000511553141722935 
0.0018937018217326062 
0.0021375518256353224 
-0.004650476021511379 
-0.0003201061113288076 
-0.0007940207607864527 
-0.001506271098803937 
-0.0007141481632583567 
-0.001596572895844982 
-0.0037597768355923968 
-0.0001935008151617841 
-0.0011034968691425704 
-0.0009986883943290848 
-0.001792271304470223 
0.00034069683149302 
-0.0014956002728239062 
-0.0035720357124356572 
-0.0034890609282311517 
-0.004026106215056966 
0.0009237866352516512 
-0.0007369204502512574 
-0.0015799278926557814 
-0.00026220193494458274 
-0.004061573415153619 
-0.0003324844747573038 
-0.0008198809826956422 
-0.0009261514010788443 
-0.004270076815330869 
-0.0045028972815391 
0.0008660887519203389 
-0.002071442638309323 
-0.001723592994319066 
-0.0010958667062755628 
0.0020303704613409707 
-0.0016464050239658667 
-0.0013464683099082462 
-0.0006515710374039469 
-0.0027454743872396344 
-0.0008096836700403832 
-0.0008558128873805196 
-0.002018280626018831 
-0.0010601259334195486 
-0.001525365130640463 
-0.0021250493641590527 
-0.0008476266398232798 
0.0020697536032015626 
-0.0016600680474173834 
-0.0028620954130942765 
-0.0015794018362407269 
-0.0005895095307705542 
-0.0003132216160884816 
-0.0013671264607989198 
0.00016694434818039476 
-0.001956489329758882 
-0.0009488353900197093 
-0.001888118454674933 
-0.002322759044877301 
-0.0022697459608498173 
-0.001260570752305433 
-0.0026099018810029715 
-0.0016190415988572625 
-0.0012165718390964953 
-0.0032633148152062825 
-0.004463514139231993 
0.0005100668606721331 
-0.0009018673627356544 
-0.002883283957525797 
-0.003166166724952148 
-0.0001426982810639088 
-0.0034059101442492157 
0.0010627505076986298 
0.0011655283314065312 
-0.0016919866244444676 
-0.001444599358743391 
-0.0008753782718761156 
-0.0011275382088370251 
-0.0023448378537847783 
-0.003998612215349486 
-0.0004659023030194425 
-0.001551252418101479 
-0.0020589252151632965 
0.0013793583538081891 
-0.0015892713057360688 
-0.0016042709980453966 
0.001834132157766874 
-0.0009794271798981094 
-0.0003865756583872024 
-0.0008353672389553101 
0.0016029544125572635 
-0.0011717904715577822 
-0.001407018193566116 
-0.0002860568308068711 
-0.0018279566313394939 
3.097681020176768e-6 
-0.0014752883194914536 
-0.0010391004088944609 
0.0003073941126930652 
-0.0013040435734656141 
-0.003629820003287805 
-0.0017676450339388485 
-0.0005978607453154813 
0.0006817715110687005 
-0.0021709416700414186 
-0.0026688892671302344 
-0.0026000880269397403 
-0.0005361461928210173 
-0.0006718808442150097 
-0.0007673750841505438 
-0.0018236603297772426 
-0.0037928905069181513 
8.483203991116289e-5 
-0.0024362412533832163 
0.0012870879581215544 
-0.0013372769718675232 
-0.0009709419292394387 
0.0006264601485037134 
-0.0030790249447145432 
-0.003364490464814138 
-0.0032658668082162895 
0.001723729459551903 
0.0013937178986053696 
0.0019714336996672446 
-0.0045223246494332245 
-0.00018715560287177878 
-0.0007957398994337499 
-0.0007152955694725392 
-0.002290445295515832 
-0.00022588421384229232 
-0.0010980551717173458 
-0.0010564899077056783 
-0.0013904266557024736 
-0.0017819389686933905 
-0.0005761011760085966 
0.0009836701258155343 
-0.00030809424608994754 
0.0013849256836258174 
-0.0034255711437163605 
-0.0008467436642954823 
-0.0016922112513525081 
-0.00047329514025656633 
-0.0016697765911314136 
-0.0015881515364375928 
-0.0004392316328514322 
0.001873875776573219 
-0.003114915189682408 
-0.001327368565520023 
-0.0019093584725026667 
0.0001925479000837279 
0.0005396272101355314 
-0.0009935520035139083 
-0.0024526268545670706 
-0.0021448342592939366 
-0.0016132626769788906 
-0.003916238383097137 
0.001813429903143157 
-0.002943210539277746 
-0.0007237113450862598 
-0.00035758245391212474 
-0.000943099410589447 
-0.0027148690646923504 
-0.003122971308808264 
-0.0012835784724140582 
-0.004355253884955505 
-0.0012389956420921343 
-0.0007989280008642446 
-0.0008949732345033627 
0.0012337593039302719 
-0.0008677827837866426 
-0.002040018846562437 
-0.0011941480361388679 
-0.001429969549427982 
-0.0013350885064327936 
-0.0002017687853117501 
-0.0014623734650496 
-0.003772257657437119 
0.001922110206931691 
-0.001654923531228491 
-0.0008269827013963916 
-0.0013698433455380456 
-0.0006977706410998575 
-0.0006755800753454542 
-0.000960877549824961 
-0.0018469876239694623 
-0.0018187007102735406 
-0.004208016266792604 
0.0007723628502120611 
-0.0008537422045142303 
-0.0008141020796350809 
-0.0009100907805535429 
-0.004384771416165458 
-0.0011481941643388292 
-0.0011257124698505043 
-0.001629594271232895 
-0.0033500704632003107 
0.0010771386295804492 
-0.0019470258029472066 
-0.0015577654066517095 
-0.0017447693123318088 
-0.001018600252614241 
-0.0030234725313018234 
0.0011798293871022577 
-0.002081426403865975 
0.0009629065328786465 
-0.0010816129524781125 
-0.0008355722716155764 
-0.0015109421419266732 
0.0017177666875904975 
-8.957753778076325e-5 
-0.0015388182377511683 
-0.0017040667156693297 
-0.0015694110853904587 
0.0003819151565959967 
-0.0006323430151542201 
-0.00024202399036819615 
6.364986722834979e-5 
-0.0005118973058636092 
-0.001979845001683582 
-0.0007539862392928276 
-0.002197076508071019 
-0.0021911195991444364 
-0.002496793431623202 
-0.0026256914468614006 
-0.001453763182801307 
-0.003908035867930404 
-0.002740537791457748 
-0.003680845093748769 
0.0002017333327632037 
-0.0023782429428099734 
-0.0009749828752015046 
-0.004146878813495797 
-0.0003313035566503451 
0.000773601943882087 
-0.0032992324305358093 
0.0004822131647895679 
0.0015570458922434978 
0.0018074639483501118 
-0.0043953615230763665 
-5.2256124594505146e-5 
-0.0007833494693347756 
-0.001479392517199693 
-0.0007181993406709918 
-0.0015973989783831654 
-0.003466561134605038 
-0.0021608445079622555 
-0.001332742271973403 
-0.0013940433314914556 
0.0003123307088695069 
-0.0008365026930242877 
-0.003923196070788789 
0.000878329501576482 
-0.000702807325857965 
0.001718812644375157 
-0.003292405242087817 
-0.0026940864274198235 
-0.003832499995365697 
-0.001662792899548437 
-0.0008169375465008368 
-0.0003517172112790778 
-0.0009365330509858407 
-0.0016235776020258933 
-0.0007411570539461758 
-0.0002722992629523547 
-0.002054928162355108 
-0.0007867386544082822 
-0.0007319669589409126 
0.0007088648105393295 
-0.0008035494072662633 
-0.0009026267223504905 
0.0008893650890459978 
-0.0010139576127448362 
-0.0017357932336944041 
-0.0015312762722123935 
-0.0029848328767405645 
-0.0015008582170988867 
-0.002058797368607643 
-0.0037042612108989783 
0.0013306168740832157 
-0.0006576276290981006 
-6.929927548676594e-5 
-0.0016061609527063046 
0.0017748730267972666 
-0.0008256212682082432 
-0.0030274808356581234 
-0.0015727521262677202 
-0.0005989997381844946 
-0.00039956320495401917 
-0.0019435577248090399 
0.00012679073444037245 
-0.0025828427864776665 
-0.0023990398728297125 
-0.0023435660316746243 
-0.0013056054040475093 
-0.004246573581284477 
-0.0018075874888524553 
-0.0016415425480926652 
-0.0012613532731882958 
-0.0028924682651321593 
0.0006228153797769621 
-0.00307756633648138 
0.00045932458637076574 
-0.003212900248525383 
0.0010263317450201297 
-0.0008590865137750989 
-0.001686143120277821 
-0.001034958214155339 
-0.0008808531137617782 
-0.0017580237934316767 
-0.001545037522205983 
-0.002848829457064534 
-0.0023240866562730025 
-0.0011008868475910953 
-0.0011466231761734572 
-0.0011936903230359921 
-0.0015773307905889056 
0.0010805387470478427 
-0.002100742297623047 
0.0012813637498859626 
-0.001216571839096391 
0.0017049048212442602 
-0.00141048942942905 
-0.001078487925709206 
-0.0011708755507993643 
-0.0017151998208625515 
-0.0018771878099438693 
-0.0013488027091916946 
-0.0009738047990143378 
-0.00017733107886042717 
0.0014902537220875922 
-0.0003742184635048105 
-0.0006051870470910308 
-3.4103689031181e-5 
-0.0014669383929114348 
-0.003970072056528902 
-0.0002883093360720329 
0.00026094289035793474 
-0.0004766543487029294 
-0.0005450252237708044 
-0.001448805913302881 
-0.00356006169953948 
-0.002000771715698693 
-0.0022396427680961076 
-0.0018122943160668167 
-0.0032055065288278113 
-0.0025599342903174197 
-0.0002181364385117623 
-0.002815058835360299 
-0.0003464040988352117 
-0.0034958941863067732 
-0.0012165718391209635 
-0.0009793808493033036 
-0.004150910366080277 
0.0005903288543278634 
0.0016458944994795222 
-0.004267275836214905 
6.513398075520275e-5 
-0.0007694467153828282 
-0.0015977764657102843 
-0.0033960502114916092 
-0.00026040622564002633 
-0.0010979418284546752 
-0.0009877571873709425 
-0.0005861560546307342 
-0.0017946908539305583 
0.0008131441183168182 
-0.003230878791410728 
-0.0032333292793838907 
0.001181334126002917 
0.0008301715568379298 
-0.0025539709700984287 
-0.001284949581006942 
-0.0008146076465953737 
-0.001682622071127475 
-0.00039312477313197593 
0.00014671097293755394 
0.00048202970876564505 
-0.001597571407217929 
-0.0037479205568389145 
-0.0007916011304136477 
-0.0003166106137639147 
-0.0008492693424654758 
-0.00172518029442428 
0.0016284301709174089 
-0.0016787428567167897 
-0.0004861178754453362 
-0.000453298676961572 
-0.0014344552253266808 
-0.001928538189046194 
-0.0016352477178887455 
-0.0008725499891618093 
-0.0020742878417505275 
-0.0010523874589214322 
-0.0007730756309620311 
-0.0016162061067303579 
-0.003695758748470752 
-0.0016961976973513724 
-0.0008249317029594392 
-0.003055959058523182 
-0.0006094833480807215 
-0.0004148630526376975 
-0.001414543485340627 
-0.0019636297861115293 
-0.0023018040631951203 
-0.0009547780930291191 
-0.0013296468091963279 
-0.004108206784768948 
-0.0016483073232987794 
-0.0018642869475123034 
-0.0018350196577441302 
-0.0012622681953084682 
-0.0012165718390963038 
0.0005609945804218161 
-0.003030333979807885 
-0.0008095660569073197 
0.0015654680824227975 
-0.0009191296799480438 
-0.0011698272068045384 
0.0007977351126951032 
-0.0008870814643803501 
-0.00193315100815602 
-0.0010302848128939158 
-0.0028123290506362965 
-0.0015653608947464432 
-0.0015381703993414325 
0.0009020210513699372 
-0.001123620697191399 
-0.0021777676507306414 
-0.002116533151224128 
-0.001516532335949395 
0.0016750635188966764 
0.0012780244977879576 
0.001597036106343082 
-0.00012660853897634048 
-0.0006408723741086293 
0.0009931219307777602 
-0.001373017744922505 
-0.003160644457148492 
-0.0003324013032154551 
-0.0014722661283303607 
-0.0017698734746696835 
0.0003319883568550674 
-0.0005237852061197372 
2.375353665940205e-5 
-0.0007228102723278832 
-0.00336074945046476 
-0.002018952055695155 
-0.002944055192615424 
-0.0014490503496144814 
-0.0035986720100064516 
-0.00225581270511648 
-0.002359454198470155 
-0.0026449830616498814 
-0.002838830475836197 
-0.0025798545089333225 
-0.0024568970904299 
-0.00276513188354879 
-0.0022072595633950472 
-0.0029727708888909192 
-0.0038125020323799517 
0.00017675820366364756 
-8.830621534483184e-5 
0.0011770864647472326 
-0.0002360675458280327 
-0.0008603919076327259 
-0.0011004014061832485 
-0.0012165718391190866 
-0.004036098091080608 
0.0007330226167743474 
0.0004501402790322485 
0.0014869069710073551 
-0.004138048499489094 
-0.0006810974292399043 
-0.000757896583311734 
-0.0014843082880877892 
-0.003416813804480747 
-0.0022190098978891464 
-0.001102885086415557 
-0.0010478131081035733 
-0.001398185527733869 
0.0007345679909018658 
-0.0017800858404366708 
-0.0008383092819143798 
-0.003173224512472924 
0.001079650782864202 
-0.0007095506842298789 
0.0015369287887804844 
-0.0021572602513818314 
-0.0016698380394953092 
-0.0038180693621078735 
-0.0007470005582528939 
-0.0008130438882623766 
-0.0009112073351195653 
-0.002086165521755064 
-0.0036182072839946048 
-0.0019453644483456072 
-0.0024145915349431217 
-0.004008153516802013 
-0.0007978959401805482 
-0.0003588559176877594 
0.0007266179069026204 
-0.001330258591747294 
0.0005516891995762195 
0.0002817253863409975 
-0.00010905740396506128 
0.0012647484792911953 
-0.0006654986446297193 
-0.0007782201472855252 
-0.0034890891264779456 
-0.003142008489272645 
-0.0015656318762117304 
-0.0004323719082178086 
-0.0014395916146797045 
-0.0019811575515657634 
8.401926115989468e-5 
-0.0009478967959532479 
-0.000967461758676643 
-0.0024271655152036256 
-0.0013515307256596525 
-0.0016402655509427848 
-0.0018494985885520658 
-0.0038779970735085983 
-0.0008055798795593397 
-0.0008675121503747085 
-0.0004999926702135083 
-0.0029816308582967196 
-0.002774101258857101 
0.0014830942733559788 
0.0004056869602005893 
-0.0008781757652825131 
-0.0011931658475748958 
0.0006425425170739634 
-0.002901489301790485 
-0.0019183549263162528 
-0.001800153668908589 
-0.0016275637726680945 
-0.0017467182842193973 
-0.001506992277573811 
-0.0015230529438255173 
-0.0011448504587949647 
-0.0011212603776245725 
-0.002682327227457046 
-0.001552290524414276 
-0.0008631786046366432 
-0.0012394533551949645 
0.0010862903429185817 
-0.0021284652885694175 
-0.0010087197325245468 
0.001575010226170358 
0.0013760893161828477 
-0.0018954420205943223 
-0.001074961910981996 
-0.00030467839067241853 
-0.0002141337813841258 
0.0008181430044499163 
-0.0013074311416815317 
-0.0006144429683158695 
-0.0014537164986064182 
-0.0015740571647638402 
-0.001586400013668912 
-0.00037434623734171666 
-0.0017052156074100027 
-0.0018212167844282158 
-0.000555955868667347 
-7.368960032427519e-5 
-0.0004895859538246499 
0.00021183953539489927 
-0.0020340686819764514 
-0.0023065352521788973 
-0.0031069330899846006 
-0.003322508767739316 
-0.0006208493618349274 
-0.0027125500033897457 
0.0009727668955029225 
-0.0003617010395426611 
-0.0025171628063180686 
-0.002994138071712601 
-0.002915173212613869 
0.0006898272149403016 
-0.0009840936754093531 
-0.0007409320700726173 
-0.0036129730656918563 
0.0014140616026176412 
-0.00403017978467849 
4.3267927048269894e-5 
-0.0014900442675164806 
-0.001607522437380495 
-0.0035136824256788613 
-0.00029692926884048007 
-0.0020941133792351783 
0.0006539340201474036 
0.0005109115152723505 
-0.0005981239829636955 
-0.0035194337403240926 
0.0013993559081470117 
-0.0017873421959643074 
-0.0009603880942873238 
-0.001286520570725513 
-0.0035400536644613822 
9.843540420365868e-5 
-0.0015838743360798342 
-0.001712994290058222 
-0.0015140139987114521 
-0.003159761370600702 
-0.0002553763946785992 
-0.0019595418374622866 
-0.0024002587258949077 
-0.0013322568307489683 
-0.0018795845473287805 
0.0003494029421029754 
0.000496587272496206 
0.0006530459793358184 
-0.00039907507227030274 
0.0009036324753576176 
-0.0026481372298076365 
-0.0005377016141977399 
-0.00046951384171741605 
0.0007797569749426055 
1.94835614781648e-5 
-0.0016867817730687304 
-0.0008250657686827703 
-0.003075685994995442 
-0.0015581024980908665 
-0.0014440634213745258 
-0.0003782155155411147 
-0.0014783655851255194 
-0.0014593388794935966 
-0.001995834352367474 
-0.0010028790685404816 
-0.0022781949090544 
-0.002531579228923623 
-0.002471963710176705 
-0.00390835207942546 
-0.0016543451323371395 
-0.0019115233542305265 
-0.0012633165408635942 
-0.0012165718390961299 
-0.0007928781001408924 
-0.0008022973592873809 
-0.0016308463485637606 
-0.0016082119758882621 
0.0002794064874840166 
-0.0009291248278537749 
0.0011966763247732866 
-0.0028574631890306763 
-0.0008942046497715625 
-0.0010946581098069462 
-0.0010710303491255789 
-0.0011428738767451823 
-0.0011925740076756087 
-0.0015460621682009733 
-0.0015605936478231693 
0.0009908690092560355 
-0.0008527190614203331 
-0.002037350696728971 
-0.001025073734384056 
-0.0014191861266859343 
0.0014752087651741489 
-0.0018056581833637948 
-0.0011686442248875124 
-0.0006512046769929108 
-0.001376653770637592 
0.0011697409265189669 
-1.8552271975329483e-5 
-0.0004141915550225232 
-0.0007290769628703082 
-0.00016583655615321397 
-0.0003469781574686441 
-0.0017561459230291804 
-0.003295001983096763 
-0.003662969224622845 
-0.0021727374536185447 
-0.002045806737340186 
-0.0033351644838853943 
-0.003052123189776666 
0.0011176314254306389 
-0.002317649022751163 
-0.0028549514653251765 
-0.0027825464470202198 
-0.0012165718391171285 
-0.002267307123132759 
-0.002657536623324557 
-0.0007848363337755564 
0.001444853783086637 
-0.00098908059616255 
-0.0007505212577544104 
-0.0005147887520308266 
-0.0037145074284262707 
0.0013391139799227658 
0.0004156857786172394 
-0.003923397400501665 
-0.0006883743662267257 
0.00014969910902827558 
-0.0007633670873907238 
-0.0016185360600526881 
-0.0012165718391153252 
-0.0010910315773026927 
-0.001402858930690994 
-0.001788423878482993 
-0.002996541575186759 
-0.000841149882563721 
0.000976651690330857 
0.0013147764914108 
-0.00043730939702808563 
-0.0016758760820838549 
-0.0007998803868102001 
-0.0007179438307476729 
-0.0010193178314546656 
-0.002135725879095149 
-0.003461699656344206 
-0.0014388416372806392 
-0.0019707745993161685 
-0.0016444843110621687 
-0.0018926062756178532 
0.00022439277855715675 
-0.0009208619392392543 
-0.0012165718390960009 
0.0005773043492286077 
-0.0014453864291732747 
-0.0018329062847175404 
0.0002491835491242102 
0.0009169271974182664 
-0.0034173314374122098 
-0.0016937007475035335 
-0.00082618266008797 
-0.00027588378513997765 
-0.0005046054424027019 
-0.0014852468822006745 
-0.002007354985375888 
3.8819894624932155e-5 
-0.0009812952404575014 
-0.002253454786296499 
-0.0013095229127914416 
-0.0037858330312565518 
-0.0019251472144816318 
0.00042180797206706156 
-0.0007886593981436286 
-0.0016200997906004944 
-0.0009402223306076976 
0.00016029574305376286 
-0.0007787985174547154 
-0.0007544007979404936 
-0.0012399778306561228 
0.0011269180211267318 
0.0005736893502716334 
-0.0027344460234083844 
-0.0009023699746172383 
-0.0008682381998060888 
-0.0017337958658111194 
-0.0016724912091198784 
-0.0007703507563915137 
-0.0015699650309985468 
-0.0011673251993767294 
0.000893895244177836 
0.000732345090307671 
-0.0025235457921842256 
-0.0003390302985752589 
-0.0011186286137423857 
-0.0021801816692961196 
-0.002136214408963909 
-0.001496610627118228 
-0.0006255561544553491 
-0.0015966409849347584 
-0.0010666881824469147 
-0.0013546557524276614 
-0.0004519860635947027 
-0.00025296200850299016 
0.0012608614821185728 
0.001352689719043602 
-0.0017638484883582114 
-0.0003873369418643696 
-0.00011549465654515364 
-0.000675119854423697 
-0.0005688566903614245 
-0.00324628756689365 
-0.0031124385885182575 
-0.0019027633070308758 
-0.002370050206384758 
-0.00248105741759946 
-0.002053856569122506 
-0.0029317888053035277 
-0.0034262653462495143 
-5.977787638101114e-6 
-0.00013133998771163049 
-0.002792353271304095 
-0.0030861894332726856 
-0.002723851543016634 
-0.002273783656456946 
-0.0029297307533925924 
-0.0003957929812098854 
-0.0025934395775032647 
-0.0009943023724217589 
0.0006444222570922168 
-0.0008750415207847667 
-0.0006329900090352296 
0.0012626150706991622 
0.00037918537223210195 
0.0010559172505307233 
-0.0037111678558501117 
-0.003809232652908298 
-0.00153051700332025 
-0.0036144775042829744 
-0.0021394680357171092 
-0.0003353193276602141 
-0.001087057797137581 
-0.002113328227502458 
-0.0009317423103835314 
0.0004996562778133347 
0.00046834562427999483 
-0.0017695947151154222 
-0.0028811131334672783 
-0.0006119268486169473 
-0.0008284482641055646 
0.0007956641298455517 
-0.0029404867704561303 
-0.001699300419136366 
-0.00047360190740589915 
0.00010651377558676067 
-0.0005303803712949636 
-0.0012882932898565377 
-0.0008829209387542872 
-0.0034240123994758714 
-0.0033451742741957015 
-0.0005535590793698239 
-0.0019787698516788676 
-0.0016332632920688442 
-0.0007854111267268586 
-0.0019030762883166183 
-0.0007633056088483785 
0.0003592094040234454 
0.0005025777860310362 
-0.0011658685620186955 
-0.0016618978479776814 
-0.0013352018498866964 
-0.0020579168239658824 
-0.0023234400839846894 
-0.002862997220356383 
-0.0015948343966378875 
0.001229825180203497 
-0.0032286961540117227 
-0.0016807171514878312 
-0.0032512864282373366 
-0.003167711430177938 
-0.001327657040753202 
-0.00015494913216003377 
-0.0015219363435474364 
-0.0015549678658697 
-0.001504018850248352 
-0.0020154182298468487 
-8.624223328985322e-6 
-6.309347291889891e-5 
-0.0009741565943117208 
-0.0009964273087780507 
-0.002600303159593026 
-0.0025396574548890902 
-0.0016594826880078676 
-0.001216571839095884 
-0.0019360279623425024 
0.00029070768731492613 
-0.0026936449324781804 
-0.0024918133590774334 
-0.0018145942528519884 
-0.0012644995245413007 
0.0010559454481565268 
0.0007275011683294129 
0.00099242746588732 
-0.0036940048152141105 
-0.003578061109652125 
-0.0008572493583523258 
-0.0026125716942073584 
-0.0011157221802203696 
-0.0009117304235881121 
-0.0015502230720730998 
-0.0011919141059053226 
-0.0008848084602063453 
-0.001042760789822984 
-0.0023721269158873117 
-0.0014244240085711463 
-0.0020188585515857997 
-0.0012405696705555021 
-0.0008124068972184282 
-0.0018618742232031796 
-0.0004877791709490718 
-0.001465681919835098 
-0.001380756219423296 
0.0008123904622425026 
-0.00020711012172377628 
-0.00042578869380842073 
-0.00041772544797717454 
-0.000379287108694461 
0.001060418829250389 
-0.000663270163768516 
0.0005715148969224039 
-0.0017408285641274772 
-0.0006973504161319302 
-0.0022260335560710318 
-0.002424519455978366 
-0.0017739595239180234 
-0.0028122834611547807 
-0.0027276104517453704 
-0.0030068328180715208 
-0.0011054866374156317 
-0.00029741814821165424 
0.001185063605992675 
-0.0006458014820196114 
-0.000760652127609588 
0.00021499355149223777 
0.00012082729254338799 
-0.0016080779092704823 
-0.0007369459558658512 
-0.003602884279576086 
-0.0008910941871475267 
-0.0015420498153510837 
-0.0009224434930744209 
0.00042034105545354927 
-0.0014080700110919422 
-0.0014929213475454758 
-0.0016841652798169702 
-0.0031654890261271725 
-0.0008451886034729486 
-0.002794179572444776 
-0.0031621637041191076 
-0.00017968924493849328 
-0.0010130094249136059 
-0.0017946473470742356 
-0.0019832392790867137 
-0.00010970359380463077 
-0.0016477325521691638 
-0.001999593550458638 
-0.0019107189578607784 
-0.0007984985552262565 
0.00022982364211625555 
-0.0007279280375327827 
-0.0005079965261667858 
-0.00045437382615265306 
-0.0011125375986767861 
-0.0008744206842802051 
0.0007196848394506064 
-0.0023429792475361737 
-0.0025758875613271573 
-0.0028298841370624967 
-0.001842399682163692 
-0.0011081874105068308 
-0.000546647042514882 
0.0009276057725184721 
0.0011449170854270084 
-0.0030512873066302713 
-0.0012165718391134051 
-0.0005836450414452029 
-0.0015307737040579493 
-0.002019728682684953 
-0.00015936002133451057 
-0.0016635393888927669 
-0.000989355532956718 
-0.0018864966357906472 
-0.0033835029909359132 
-0.003493562834116226 
-0.001943880968210318 
-0.0008128643772292827 
0.00016715948030095792 
-0.0026519594248211997 
-0.0009525728815370258 
4.7913738292351754e-5 
-0.0007736610227123582 
-0.003010448255395289 
-3.288458704103968e-5 
9.040211452894933e-5 
0.00042985334082384024 
-0.0011406910498268114 
-0.001719325179195047 
0.0004294611537636194 
-0.0011911853637153443 
-0.0008926019440404267 
0.0006449086671437344 
-0.001451848374246628 
-0.00037522685474733827 
-0.0022277698284450718 
-0.0012412295723258414 
-0.0012902698738605103 
-0.0013118832306103809 
-0.0018718802441128398 
-0.0022280109100196446 
-0.0021828608689432524 
-0.0005216202689052603 
-0.0013581817671539658 
-0.0015649054297459187 
-0.0015804245727004099 
-0.0002936756430047249 
-0.00044990439961381767 
-0.0010619299653763874 
-0.0004623690798473661 
0.0008726361595979496 
-0.0006864253565874278 
-0.00063845278192415 
-0.001746055824449329 
-0.0013249562676679592 
-0.0026629673213920376 
-0.003336775882801272 
-0.002766233556553092 
-0.0020978243510580484 
-0.0004142851263935161 
-0.0016509172543597377 
0.0003409575804935699 
-0.000659184154104076 
-0.0035127941549602895 
-0.0029357216785162172 
-0.0024284721017692906 
-0.002541049363343447 
-0.0023750049388121097 
0.0005971899149692903 
-0.0007712454969303304 
0.0011069099862545484 
0.0008592619593810354 
-0.001538939077359386 
-0.0016207367807286597 
-0.0007463618736616054 
-0.0021379299103684865 
-0.0003754463470290909 
-0.0011109696940751917 
-0.0011090711313007315 
-0.00048471864320355555 
-0.0010061402866845068 
-0.001773150528870889 
-0.0027783574471311793 
0.00042431951136465514 
-0.0006274855431926122 
-0.000832034002823227 
0.0006964343979637162 
-0.001983901455949221 
-0.001575894269422528 
-0.0015336360584704 
-0.0020902217728784606 
-0.002990055596787254 
-0.0007983278171498488 
-0.0006993478527395416 
5.068434727927502e-5 
0.00035457137778951525 
0.0010285559779561995 
-0.0017033761385264823 
-0.00020513276870522576 
-0.0019152602297524564 
-0.0009440044261382832 
0.0002944667724928813 
-0.001190386940359225 
-0.0011382994095334997 
-0.0025383243300632504 
0.00017942801590897835 
-6.10164074089089e-5 
-0.0003198157903277379 
0.0009503593123888944 
-0.0017239947847392024 
-0.00088188655282929 
-0.0008630227218593954 
-0.0033270392128544133 
-0.003245534414080171 
-0.00057126950986948 
-0.0020200003050624164 
-0.0013384855685359854 
-0.001314514992543649 
-0.00025028280978096743 
-0.0016346451227143522 
-0.0018696690960870353 
-0.0017601002247190404 
-0.0026609396266010074 
-0.0026001019943422787 
-0.00184943874991069 
-0.0019484250354894236 
0.000107905685546131 
-0.00260963165182928 
-0.0009663309929238775 
-0.0007696042900209967 
0.00036103589322328966 
-0.0005405374611034235 
-0.00245900644664533 
-0.0007394429667590025 
-0.0009017153749793481 
-0.0012419583145159574 
-0.0012165718390957398 
-0.0014334223629331596 
0.0005560853464317861 
0.0004875565607078897 
-0.0004892627096288325 
-0.0010372239800147116 
-0.0014302646744123373 
-0.001265818552015194 
-0.0022013152338339562 
-0.0014727555842285996 
-0.0018792498115673816 
-0.0005300673908039255 
-0.0015122817388607285 
-0.001082732007601518 
-0.00182124998925992 
-0.0004971157167995915 
-0.0013853305702427464 
-0.0004134149960223288 
-5.813873897656745e-5 
-0.0017492518612993368 
-0.0016663282479176156 
-0.0006769977979695957 
-0.0007079633485473391 
-0.003272963533416809 
-0.002483828025071588 
-0.002323586427834968 
-0.0022749206388727097 
-0.002719574894950075 
-0.0012165718391115724 
-0.002097004321593303 
-0.0030870779407505674 
-0.0028626048329450293 
-0.0009997216386431233 
-0.000757267630318897 
0.0006737897859942855 
-0.0007822260990005886 
-0.0004335501275592101 
-0.0005634745821992505 
0.0009841877591721534 
0.0008001859799504343 
-0.0015483352685583688 
-0.0016069610184716533 
-0.0033057798382837493 
-0.0034097956766806744 
-0.002091376386940656 
-0.0011138167770108095 
-0.0011053188493312296 
0.00027812114225033894 
-0.0014138259161111885 
-0.002592541222954765 
-0.0020665518851993854 
-0.0017501888244931252 
-0.001501401367768727 
0.0006189798707553172 
-0.0016860195155403625 
-0.0025001046877744285 
-0.001980485355217486 
-0.0013421121010419054 
-0.0030780523461401586 
-0.0009346702338649684 
-0.00048375901889225386 
-0.0007138184997761727 
-0.0008995079354723661 
-0.00029521363223006757 
-7.012288763638192e-6 
-0.0010311956823513002 
-0.003201007258618078 
-0.0019164304586044975 
-0.0024253428098420997 
-0.0008908009009473298 
-0.0008505947842507391 
0.00040228106895688295 
-0.0014278410709698828 
-0.0018537652303383086 
-0.0005178834489324526 
-0.0017985140778095804 
-0.0024799622518814155 
-0.002270421857409936 
-0.0023739964450458797 
0.0008618583050439159 
-0.0016202793013380624 
-0.0007524265274444212 
0.0008398198553129626 
0.000767863580570034 
-0.002884229639877767 
-0.0010053029222415503 
-0.0006002374449710816 
-0.00033613922836457383 
-0.001056749853625067 
-0.0016498320892178067 
5.866968132721234e-5 
-0.003095702098697193 
-0.001949384556789746 
-0.0008145899977421598 
-0.001135696194494905 
0.0009120305960280734 
-4.671576020328495e-6 
-0.0007833115887160181 
0.0002903589879622402 
-0.0005907439969131783 
-0.001164272619734133 
-0.00231301202231056 
-0.0012165718390955355 
-0.0013221739841050618 
-0.0014589870183576575 
-0.00041314325847374017 
-0.00129245270293712 
-0.0012672751915412334 
-0.0005538938662878611 
-0.0013621133290093585 
-0.0018837168272817111 
-0.0022246440586995418 
-0.0021804772630972455 
-0.0015405417346434395 
-0.000522424719986389 
-0.00015822303985097024 
-0.000981654191909999 
0.0006257716040109021 
-0.000561263434985821 
0.0001669583165375781 
-0.0016676564784213529 
-0.0006530578832271252 
-0.0017267853930156532 
-0.0020576972099034503 
-0.0016396207576125311 
-0.0017458538058307742 
-0.0027235026657906106 
-0.001979689835492259 
-0.000205374192591253 
-0.002672547010875251 
0.0003013023450820142 
-0.0029327999569446666 
0.000548486807993957 
-0.0006730434533388685 
-0.00034292223527410316 
-0.0004534538425619946 
-0.001558723046297719 
-0.0032288078086513206 
-0.0015919937498713478 
-0.0007201494262503271 
-0.00038022210166025437 
-0.0016280755128443064 
-0.0009987017707301352 
0.0001427438830447198 
-0.0026253681543103933 
-0.002651173193886398 
-0.0016673268991218247 
-0.0015879550223415872 
-0.0008371161001504998 
0.0005964327906052248 
-0.00023182877684740173 
-0.0028280145419578035 
-0.0011328785021624975 
-0.0005807550949386199 
-0.0020159591681357084 
-0.0013664554956869383 
-0.0016348158614256428 
-5.914723366868825e-5 
-0.0019139666086842257 
-0.0007995496858472059 
-0.000766815430009189 
0.00021802951524896446 
-0.0012165718390954332 
-0.0011625355516876497 
-0.001294844345595517 
-0.0013193269011744601 
-0.0018551225146950364 
-0.0017742807079294954 
-0.00195927392038992 
-0.002317794118986141 
-0.0007935226044198008 
0.0007290200258841703 
0.000795552475862974 
-0.0017057186665489403 
-0.0008702060247321507 
-0.0010110127688258428 
-0.0006447198005506824 
-0.0020529214417436383 
-0.0013903828885249681 
-0.000452658201830524 
-0.0016505986144396273 
-0.0010511417050305509 
-0.00107804920397788 
-0.00010955725088529387 
-0.00312957807596322 
-0.001946491871530173 
-0.0009578074677727666 
2.5862768805805538e-5 
0.00022779594878595812 
-0.0006185494262031954 
-0.0023910256288009577 
-0.001268871136201236 
-0.001242756737872232 
-0.0009123117451997182 
0.00033957649391736503 
-0.0014367164362279255 
-0.0012165718391099307 
-0.0014805707969834687 
-0.0005494268513945623 
-0.0013174214239132134 
-0.0018850177298522291 
-0.0006118936886119477 
-0.0002526662717438656 
-0.0015214132545097096 
-0.0005837049279528388 
-0.0018253748850927695 
-0.0018523885833296179 
-0.00044924211383237336 
0.000466100295214224 
-0.0005481258566459043 
-0.0005167131226455822 
-0.0006923151148641132 
4.6818573186931795e-5 
-0.0017274767648867144 
-0.0025354493884647716 
-0.00285348473331957 
-0.002928999035773202 
-0.0027877150556346827 
-0.002174255458156566 
-0.0014221312158321734 
-0.0021313232449770843 
-0.0022156613436851323 
-0.002566884439832109 
-9.016408631738297e-5 
0.00037913978334553163 
-0.00036659211313131004 
-0.0024261313899422736 
-0.0030046585759927356 
0.0007400811965837565 
0.0004986447694460334 
-0.001551257125863847 
-0.0031528285183595062 
-0.0016046953664660744 
-0.0007338432598150206 
-0.0020433300273084132 
-0.0010168198057715668 
-0.001129843355477635 
-0.0017486385504987547 
-0.0014668126175120825 
0.00014423729620652068 
0.0003158872603249459 
-0.002577380753101555 
-0.0022600199060754 
-0.0019076135464013608 
-0.002523921687618176 
0.0003330898786120366 
-0.0002588885420704941 
-0.0013959196983352067 
-0.00011534939006001143 
-0.0009245571804923077 
-0.0005780210767430515 
-0.0013164306967807357 
-0.0019384643463737808 
-0.002772060312856989 
-0.0016860749444881711 
-0.0010730042482903909 
0.0001051806517958894 
-0.0007297675393854435 
-0.0005191769606375917 
-0.0006346296008391276 
-0.0018532575162480262 
-0.0017997813043317858 
-0.0024691896614719233 
-0.0023667368889524506 
-0.00012013132223353603 
0.0006181439588727478 
-0.0027267648824315835 
-0.0017061152133834563 
-0.0008789703130924492 
-0.0009081119235540749 
-0.0006692951906541577 
-0.002007345081089379 
-0.00041718438226693417 
-0.0016335939404353 
-0.0016498425904791388 
-0.0015250320616561391 
-0.0027727201724934035 
-0.002711264820859752 
-0.0030295764689848357 
-0.0019394895786147776 
-0.0008177625404883072 
-0.0023562432537262827 
-0.000782545064144299 
0.000563398241338244 
-0.0029892290243536436 
-0.0011606554438997189 
-0.0006635489627728747 
-0.0011895179314599454 
-0.0022824089831383356 
-0.0012436257467716542 
-0.001297447563208722 
-0.0013460858812089015 
0.00020030414426118432 
-0.001420134324944299 
-0.0013206060030978117 
-0.00048665169182067757 
-0.0015107001850769802 
0.00015939754429414893 
0.0001023057097852462 
-0.0016011096208414087 
-0.00102466854446452 
-0.0005793784483290091 
-0.0008575416968111928 
-0.00034176714910076026 
-0.0015701210107170339 
-0.0018267192592924045 
-0.0018828943528356556 
-0.0009733132524341251 
0.0005308775993342189 
-0.0005798860640625718 
-0.000638496330805742 
-6.640661061085702e-5 
0.0006625584203856546 
-0.00020849946797263713 
-0.001725847402192476 
-0.00292070023859929 
-0.0017313044272600855 
-0.0011167129814092821 
-0.0021727556906135873 
-0.0004738697576982454 
-0.002042454474635677 
0.00026050125418627414 
-0.0024614343451340613 
-0.0016185536307809646 
-0.0006872898722607633 
0.0006792952565046063 
-0.0015314283031160766 
-0.0030589152819684084 
-0.000748978398102591 
-0.0004604119486193505 
-0.0019939149958706514 
-0.0010226948098604118 
-0.0019173715624921505 
-0.0017216756177083296 
-0.00142700346567147 
-0.0003906895137806198 
6.915569625030246e-5 
-0.0008662063792198253 
-0.00166513906956744 
-0.0015629376539706315 
-0.00017312359667252174 
-0.0022008188597398295 
-0.001897126919353294 
-0.001158630333862426 
-0.000990684983239785 
-0.0006081075673268344 
-0.0006870878534469702 
-0.0008225651911234967 
-0.0015162849240828837 
-0.001244566291869573 
-0.0011885773863621796 
-0.0022513410011803813 
-0.0018479225573709028 
-0.0005983872929420524 
-0.0008050678580293161 
0.0005073434220377881 
0.0004958556578167348 
-0.00015073437217248925 
0.000556912233705131 
-0.00257823578736639 
-0.0009013322228895242 
-0.0007091488931649823 
-0.0004936542233841316 
-0.0016153810808300349 
-0.0017982079832317493 
-0.0011012767214723669 
-0.0014163241701910729 
-0.002633447589258205 
-0.0001627216606682068 
-0.0009485744957161065 
-0.0009168590522649513 
-0.0007833010333626552 
-0.002305803803302392 
3.604618227444875e-5 
-1.5926799809639894e-5 
-0.0007471241630613454 
-0.002146743869928218 
-0.0012706082068333479 
-0.001324072467905754 
-0.0005560486643401925 
-0.001216571839108339 
-0.0013712137127562408 
-0.0006064243367894853 
-0.0006599931497685614 
-0.00042579873456715273 
0.00025755936618130336 
-0.0014891392523871008 
-0.0010450992101173804 
-0.0018250360180224823 
-0.0014437882143023169 
-0.001877095125343702 
-0.0005502492221359454 
-0.0006077687935654068 
0.00037515316392644276 
-0.0003018202833274374 
-0.0017043512251310856 
-0.0016473707547159482 
-0.0018347563853092377 
-0.00197273186003565 
-0.0021594463342475834 
8.945688368854998e-5 
-0.0017727503168891482 
-0.0025226003519813168 
-0.002868345145502202 
-0.00283542474749401 
-0.0028992439737059858 
-0.0029640212777734976 
-0.002675315166990081 
0.00044796911190077114 
-0.0021193931890902827 
-0.0020806825876472897 
-0.0016163443887453476 
-0.0024225022721224994 
-0.002417216689807798 
-0.0007654872001713189 
-7.800868080770928e-6 
0.00021881574656067333 
-0.0015208319329507354 
-0.001582548950515623 
-0.0005050109971084674 
-0.0015074384868785837 
-0.0011564582035781352 
-0.0006349356068659359 
0.00022855199975258984 
-0.0025022991480865803 
-0.0022434805364971635 
-0.002531328611889168 
-0.0009257054805208374 
-0.0010675918504914452 
-0.0016429867327863426 
0.00028643121688876137 
-0.00021748216798222442 
-0.0019281326817429166 
-0.0009386202053747176 
-0.0008894896100754801 
-0.0007658167220713916 
-0.0013002652583285514 
-0.0006130621157745928 
-0.0006588628965956807 
-0.0012165718391068012 
-0.0018388771428768103 
-0.0018168670530439891 
0.0004510862771920121 
-0.0023834808709916086 
-0.0021189227003236906 
-0.002321169315648601 
-0.00248092868302358 
-0.0016841238467434926 
-0.0020286827031314836 
-0.0021019102423075315 
-0.0014753361402268224 
-0.0014514895578061043 
-0.001630793217170257 
-0.0011265876922302077 
-0.002690702798776019 
-0.0027165630149130027 
-0.00026038782956949475 
-0.0019603960529837173 
-0.0024014902623918587 
-0.0008438742840526648 
-0.002808296570198183 
-0.0009643223860611635 
-0.0011875643304907072 
-0.0008023504015982971 
-0.0012165718390952708 
-0.0012724883174199085 
-0.0020180558970941402 
1.8144466274000545e-5 
-8.016727221116032e-5 
-0.00012733969011397697 
-0.0013504116707468098 
-0.0005852212266346433 
-0.0010176350086896204 
-0.0006333622961087717 
-0.0014019479960004997 
-0.0011196436972752768 
-0.0006838918173303382 
-0.0015423427771456425 
-0.0005255302492771467 
0.00012129588638756266 
-0.0018673769640497543 
-0.0003898137957043799 
0.00043520175314345946 
-0.0018200816628591038 
-0.001793555740466866 
-0.0017443732913942729 
-0.001700211027695337 
-0.0013134999809192118 
-0.00018180236492057098 
-0.0023529762114539153 
-0.00028640011979792816 
-0.0007018392508629577 
-0.0017165307757810886 
-0.0008167989910919612 
-0.0004946793317463272 
6.69610095211708e-5 
-4.211804919920234e-5 
0.00039674012957732914 
-0.0014984734446654932 
-0.0007274250120619573 
-0.0015756019819016867 
-0.0015960276370037896 
-0.0019432504636270477 
-0.0009346104170923328 
-0.0011541370219175719 
-0.0006475532593019078 
-0.00023232499642403002 
-5.438389889663332e-5 
-0.001896097787134431 
-0.0017147407518140962 
-0.0009546709283541485 
-0.0014845691096392946 
-0.00021317728415766327 
-0.0008767680538234243 
-0.0008291837938463843 
-0.0013033004080164922 
-0.0018258898466805959 
-0.0006162766251916426 
-0.001216571839105369 
-0.001660889898414188 
-0.0007857728612919564 
-0.0014344419843338974 
-0.0005942665359633029 
-0.000536016759495828 
-0.0017855904195239038 
-0.0022859627880061624 
0.0003948711653432203 
0.0002834196115682119 
-0.0024380738322361266 
-0.00167995687210872 
-0.0009136517346944632 
-0.0007166129023709465 
-0.0020646870663371146 
-0.001410449157308579 
-0.0026076098368157255 
-0.0016105785486236028 
-0.001626223968605646 
-0.000313750649735903 
-0.0003524612430858598 
-0.0019121908109218273 
-0.0015318114552599646 
-0.0010100872834575738 
-0.001186477761910288 
-0.0001896633289254015 
-0.0012455793477412248 
-0.0013550944743724257 
-0.0019934728359345018 
-3.165321109579564e-5 
-0.0006648175333307101 
-0.001038615868632424 
-0.0006603932776764319 
-0.0012165718390951443 
-0.0010969405993270687 
-0.0007063582856046561 
0.0001744664083688576 
-0.0013763938245063981 
-0.0013278247470944425 
-0.0010286105720413135 
-0.00047274762586772015 
-7.058110943366613e-6 
-0.0018116186921763055 
-0.0006395880330918946 
-0.0007056668470273072 
-0.0006829547838531139 
-0.0018535080745857462 
-0.002554439326746048 
-0.001693479345608453 
-0.0016044858467094214 
-0.00041508808136294436 
-0.0017683262354405392 
-0.002287392233994131 
-0.0021403270344268295 
-0.0026241962963574235 
-0.0017016059276822695 
-0.002219966092710456 
-0.0024512879291532564 
-7.690042434567851e-5 
-0.0008286575421701971 
0.00023940333270493406 
0.00034521345347100763 
0.00017648797359734453 
-0.002661695415858767 
-0.0027490306800106107 
-0.0007470686738400121 
-0.001554173364997922 
-0.0005508684273946969 
-0.0018914498806303682 
-0.0009435364058607131 
-0.0015925542284661843 
-0.0002928166443843057 
-0.000127984687513221 
-0.0016839425849932714 
-0.0010316851129956498 
-0.0006887704728676677 
0.00014043097854699187 
-0.001185316672560452 
-0.0020786723803862296 
-0.001636492069612025 
-0.0015436540680729993 
-0.0018747375968353444 
-0.0018087397894110686 
-0.0024260857955648346 
-0.002395507926688407 
-0.0001119743624890624 
-0.0009019399022551131 
-0.0016039598848874748 
-0.00040446097571291475 
-0.0001006386938835677 
-0.0013820019730996476 
-0.000728792381251503 
-0.0017740844618485494 
-0.0017371677091032641 
-0.002188429397505843 
-0.0023325051912652262 
0.00013374076162609973 
-0.0007680045434613032 
-0.002250769226251622 
-0.0023445274441080614 
-0.0009279323293018065 
-0.0006343354213682843 
-0.0020087614055532294 
-0.0005657667147954253 
-0.001404533386276428 
-0.0013105483622366466 
-0.00043922868297852996 
-0.0015085864980435534 
-0.0008524912487887466 
-0.0009820807483029775 
-0.0008069197739461886 
-0.0012745134304719314 
-0.0013318668719571691 
-0.001589269394670569 
-0.00014575164108865784 
-0.0014084751338893878 
-0.0010923063012135705 
-0.0006723650590873529 
-0.001216571839094945 
-0.0014598304999475706 
-0.0011231084283135693 
-0.0011225953159620327 
-0.0006215249866571275 
-0.0002736975130528935 
-0.0006845050482641163 
4.1254092746021246e-5 
-0.0016733641350740187 
-0.0017994173788905053 
0.0003389169226819337 
-0.0018822752506585845 
-0.0025235988432430606 
-0.0019754453211998702 
-0.00031422127890156336 
-0.0017607786197299793 
-0.001798808256852906 
-0.002179905453985706 
-0.0007315377504964495 
-0.0020909229627855725 
0.0002936209023017688 
-0.0008405891694942317 
-0.0005157721156573297 
2.82906668938944e-5 
-0.0024848058817809903 
-0.002573574920139541 
-0.0007270284018546525 
-0.0011840800750079774 
-0.000683261190689006 
-0.0009443480562722678 
-0.001442458774746404 
-0.0021152078863008717 
-0.00014718089019156625 
-0.000863151385852523 
-0.0013065560744861813 
-0.0013075883512689123 
0.00024217120006429598 
-0.0006337262991665144 
-0.0004898932144260397 
-0.00033123343651834367 
-0.0017806612617671345 
-0.000711468142313201 
-0.0011194025375146216 
-0.0017588175553963996 
-0.0018352686896702906 
-0.0008525440253408538 
0.0001910523422840442 
-0.0023057834381838165 
-0.0016543752274033436 
-0.0009164983973304673 
-0.0004396711325611591 
-0.0005370458910422264 
-0.002043179245261869 
-0.0015806524292963826 
-0.0016196939090608816 
-0.0011255553269335678 
-0.0005209528671309485 
-0.001921085762076123 
-0.002262376105653128 
-0.0012165718390948549 
-0.0008134497696838465 
-0.0023533660459484464 
-0.0024388095896931633 
-0.00036845661249969823 
-0.001360139430061906 
-0.001686597724654762 
-0.00017076757308792618 
-0.0014155086696663647 
-0.0006959759697047984 
-0.0010618066723821452 
-0.0012466659163218043 
-0.001494523397124082 
9.045491374487603e-5 
-0.0005796356034684254 
-0.001002017485581134 
-0.0007072962005063239 
-0.0002532382248068362 
-8.426050506984274e-5 
-0.002474398010546889 
-0.0016641367837519658 
-0.0017498824873721484 
-0.001704825184888158 
-0.0017832564631718713 
-0.0007901570127894788 
-0.0019688130208262793 
-0.002156864219849298 
-0.0010345420897038885 
-0.0018628407250707328 
-0.0002447139900643774 
-0.0022206050219689554 
-0.0014985335413127167 
-0.0006524824164406727 
-0.0007465459535485785 
-0.0023787599967269217 
0.00019222447604156582 
-0.0015669372988679666 
-1.0641406105577225e-5 
-0.0007490197630794925 
-0.001519491943846849 
-0.0018124528023651272 
-0.0005978749884702403 
-0.0009524490548312244 
-0.00035447129767361284 
-0.0016713899242447126 
-0.0016715683155563343 
-0.001451063012823361 
-0.00024191009585279802 
-0.0022673760922500255 
-0.0016276878633383262 
-0.000933343014522361 
-0.0001823744520008195 
-0.0012165718390947005 
-0.0015052112701230776 
-0.0017395781727530524 
5.665911126105018e-6 
-0.001556375624324018 
-0.0010556434590185393 
-0.0018533773222661279 
0.0001450921090091989 
-4.9662807225246526e-5 
-0.0021253912869945353 
-0.0022157200100148423 
-0.001645391000367097 
-0.00046433093774503066 
-0.0006590592162104398 
-0.00161100930371459 
-0.0012165718391040938 
-0.0005703029530706599 
-0.001951733139010513 
-0.00201597405134134 
-0.0008894074341794149 
-0.0009728797682106423 
-0.0008378066863412009 
-0.001247827005671754 
-0.00042438227250169444 
-0.00045769835685370184 
-0.0012766855639899663 
-0.0007966516091435495 
-0.00073293272834601 
-0.0007531868802038967 
-0.0013880444680115153 
-0.00021253865680013836 
-0.0015953369917410753 
-0.0010873697180008102 
-0.0007184029269840498 
-0.0014896075435413647 
-0.0011516647980080266 
-0.0023117682257426304 
-0.002305158991193915 
-3.967839557995155e-5 
-0.0007283184931777621 
-0.001024300464674731 
-0.0007063432999716664 
-0.0014688213691989938 
-0.0013655518278629362 
-0.0013362029908870845 
-0.0006072538313749089 
5.166220327519955e-5 
-0.00020252852039578836 
-0.0016520674525575048 
-0.001735418994903103 
-0.0017629254535630428 
-0.0010404663893260166 
-0.0018657138073069318 
-0.002152744812242346 
-0.0017268003780917373 
-0.0003422210059814071 
-0.0005584060813664183 
-0.0007615753626694933 
-0.0013986018597418987 
-0.002062865321555127 
-0.0023488831735974987 
9.077800943526594e-5 
-0.0023934652830409063 
-0.000772253850412573 
-0.0006459253961410942 
-0.000961317002647151 
-0.0012165718390946241 
-0.0016369520145057494 
-0.0010821267928208772 
-0.0017161649733979341 
-0.0007200893026099954 
-0.00031394714767771063 
-0.001392677551261271 
-0.0013713370059743434 
-0.0007492010930752356 
-0.0022294189774431307 
-0.0008760400941943382 
-0.0016163751901662677 
-0.00012137545235900341 
-0.0009630728274374227 
-0.000370278636833887 
-0.0006743261227432393 
-0.001893713006318006 
-0.0008221343743650552 
-0.0005120579160680156 
-0.0016917148972205925 
-0.0020348593826085963 
-8.86162340985551e-5 
9.818493345307293e-5 
-0.0020941199651512755 
-0.0016337340255934156 
-0.0009934178208663158 
-0.00027627917832084083 
-0.0020839311828007075 
-0.0020495074628510126 
-0.001310035341847222 
-0.0015312037762918419 
-0.0012790067491064746 
-0.0015999758692703135 
-0.0015699922922939266 
-0.0012165718391027815 
-0.0011285122300770227 
-0.0019833715741251457 
-0.0009043059841467781 
-0.0007765690434889712 
-0.0004889693835237574 
-0.0005416937975120959 
-0.00028039886582642977 
-0.0003179357917629359 
-0.0015805993817018004 
-0.0011490395714668401 
-0.0007396643331794159 
-0.00016232327172996166 
-0.0012490636032243057 
-0.0010490970126394174 
-0.0006244038887288496 
-0.0007414287809200733 
-0.0014230563949004813 
-0.0013945278094951421 
-7.977763216541534e-5 
-0.0003899644327951225 
-0.001787218282450156 
-0.0017171768945270238 
-0.001838621767711928 
-0.0021912335822219233 
-0.0008644763854108505 
-0.0017625003922096855 
-0.001713054375530084 
-0.0021809337628859614 
-0.0006706432859860244 
-0.001944174565195319 
-0.002270820406361211 
4.778500486134494e-5 
-0.0007787684513631859 
-0.001478472830002271 
-0.001076573642414226 
-0.0018348055748647664 
-0.0016565746347571473 
-0.0007579428644589341 
-0.0009526507459167391 
-0.00024113087654037787 
-0.0012503766806215802 
-0.00021742366828698771 
-0.002014274458872536 
-0.0021920128016341927 
-0.0015863998265052697 
-0.0015166451987982368 
-0.0014602639962786477 
-0.0008913426449933971 
-0.0008054558147384497 
-0.0003982845655159346 
-0.001131455526460411 
-0.0006702182250302959 
-0.0005945219108704796 
-0.0014014585651306193 
-0.0004497721040232887 
-0.001832095774950243 
-0.002007004727822001 
-0.0017848696630388698 
-0.0017382253661701722 
-0.0006887500498866808 
-0.0021191965304856856 
-0.0007690068943193064 
-3.763575143947909e-5 
-0.0006977246832367159 
-0.0013137412363160373 
-0.00104636250655442 
-0.0020631485970064845 
-0.0019523435654094745 
-0.0019225985682093203 
-0.0008486234085172091 
-0.0021465167825104113 
-0.0006206908762224089 
-0.0013408372855630713 
-0.00034921249535802755 
-0.0011154670366285437 
-0.0011827669976108492 
-0.0012814789766971172 
-0.000277897658546727 
-0.00020372470073823604 
-0.0010164555018463528 
-0.0004814105391355503 
-0.0007617537538964517 
-0.0006498872149678365 
-0.00041716962681008843 
-0.001619203106699592 
-0.0016957192960860297 
-0.0016556145955697588 
-0.00148069488559306 
-0.001694953279755489 
-0.0015845202696282616 
-0.0008763445974179528 
-0.0005797663559582146 
-0.0013046314481290398 
-0.002230615157686417 
4.930154092169109e-6 
-0.001543736244373089 
-0.0007597795437032831 
-0.0006720139198558705 
-0.0016685555030310538 
-0.0009701118135788261 
-0.0012517671630592803 
-0.001618590240957536 
-0.00041886921963011557 
-0.002046373739477641 
-0.001386781425219496 
-0.00032057996038934567 
-0.0005134971008643163 
-0.0019793911754751037 
-0.0008331678088742438 
-0.0011813765151732 
-0.001111299076915551 
-0.0005394306722477208 
-0.00016576758593883552 
-0.0019196468381054805 
-0.0016023564976303955 
-0.0009842805449247136 
-0.00030775212164109537 
-0.0007159667840665984 
-0.0007374243825059993 
-0.0013775002193399865 
-0.0013457738651125933 
-0.001052211418530634 
-0.0006935655058408943 
-0.0018609647414454093 
-0.000921645060500075 
-0.0008618235841981713 
-0.0013176767411006301 
-0.0007169785639469774 
-0.0014311261927790764 
-0.0003836362153036379 
-0.0015686670306818912 
-0.0012841042071474623 
-0.0014887957054026792 
-0.000567429871268192 
-0.0010421623433794632 
-0.0007775290830168837 
-0.0005105451103447961 
-0.00078107622558432 
-0.0003867699390014093 
-0.001982915389713334 
-0.0016745919591101997 
-0.002112563718031785 
-0.0016016001758764606 
-0.0012165718391016758 
-0.0017611296039126154 
-0.0017443936282980628 
-0.0018094336804787582 
-0.001571320094365477 
-0.001675200814130879 
-0.0007914752009251529 
-0.0006010479032949783 
-0.0015288376084580822 
-0.001557103584363759 
-0.0021552460196218107 
-0.00012736024001352856 
-0.0007877526777068521 
-0.0017751103411717168 
-0.0009788079072479247 
-0.0016416684773393406 
-0.0011068959750988924 
-0.000796728986977374 
-0.0005983379263850398 
-0.0015807314391262906 
-0.0004892675075503745 
-0.0015700887591538417 
-0.0009745981705028403 
-0.0005378332676775683 
-0.0019728642008056555 
-0.0014700709406415564 
-0.0009092437244126132 
-0.0014088432134503948 
-0.0004502282888095103 
-0.0006482738535111371 
-0.0017302930566996935 
-0.0016883881248213016 
-0.0016364145741478659 
-0.001541800943854914 
-0.0008467438520635697 
-0.0018109643938591016 
-0.0015854361929733898 
-0.0010081440388201165 
-0.00025220991546036386 
-0.00028662689587537644 
-0.0020791580788771477 
-0.0007585515906783826 
-0.0007381902639514826 
-0.0013840466657211567 
-0.0019155346285412603 
-0.0018878849240472836 
-0.0006949181645292678 
-0.0007994096525492453 
-0.0004808001131304208 
-0.001146259473585051 
-0.0012165718390944676 
-0.00035398559957503965 
-0.001351016786400461 
-0.0012868843091693942 
-0.0010707065979332123 
-0.0007961916640771372 
-0.0014718269288550218 
-0.0003390234537860445 
-0.0020325650675056196 
-0.000806246985391829 
-0.0016494777076326165 
-0.00042613921018159584 
-0.0011343756851961795 
-0.0008881109345156589 
-0.0016550800754307358 
-0.0018953106616736784 
-0.0007067409659308856 
-0.0013016881517488976 
-0.001499800750698633 
-0.0008167684879773737 
-0.0007447557024302346 
-0.0016201908096303837 
-0.0012898210389486566 
-0.0011022553253896433 
-0.0015508526672097867 
-0.0013809325045026852 
-0.000999360184953384 
-0.0017900475564299719 
-0.00040057837145038587 
-0.001416688176277441 
-0.0012165718390944084 
-0.0011433227481795322 
-0.0013909813349830622 
-0.0019520992486585236 
-0.0007245602816958528 
-0.0008139405718790635 
-0.00036999483204494695 
-0.0017264027122437483 
-0.0015654222126674654 
-0.0010348347194198842 
-0.0020024472239813956 
-0.0008997414958760538 
-0.0009416046133226224 
-0.000877596200356395 
-0.0007645883175846334 
-0.000801986533936093 
-0.0014397258574958044 
-0.0005176088476227291 
-0.0015567988276623556 
-0.0013218447049438504 
-0.000623709828564911 
-0.000814553325431143 
-0.0007241737281852444 
-0.0007780634801626459 
-0.0004602792572629701 
-0.0005721787517242128 
-0.0016311572742391345 
-0.0015967869965791573 
-0.0019438759596983688 
-0.0017089701059816277 
-0.0006221792844048138 
-0.0012165718391006402 
-0.0017523450617724242 
-0.001822695909272658 
-0.0017985689778150778 
-0.0010579959990839743 
-0.0004537527525763811 
-0.0015555473844972474 
-0.0014804930259834008 
-0.001511498708499256 
-0.0008307871809434976 
-0.0007953428790000911 
-0.0017147211067024362 
-0.0009873822193525647 
-0.0006580335154213661 
-0.0015564073872539686 
-0.000585682577811079 
-0.0015285044291039804 
-0.000836356800245742 
-0.0010271098519772483 
-0.0009299258632493178 
-0.001898758761211702 
-0.0018474613036897083 
-0.001140227826487828 
-0.0013262478111251922 
-0.0015450324994620592 
-0.0017085833964700376 
-0.0007028507846627008 
-0.0016749867537134663 
-0.0016378009513331846 
-0.0014915391626341612 
-0.0014249996393024787 
-0.0010645223537100036 
-0.0019252005186203484 
-0.0005619052248581548 
-0.0004810446696322141 
-0.0008195494806987937 
-0.0008208423593189046 
-0.001537014887590329 
-0.0009643635344520462 
-0.0008961288896828298 
-0.0008315433955117438 
-0.000847707383155457 
-0.0008630548214616999 
-0.0005452585607590533 
-0.0011799077594274046 
-0.001253235918805084 
-0.0014630321090848965 
-0.0013565699326828896 
-0.00043069622465209434 
-0.0005603143663181828 
-0.000783666106625153 
-0.001137264121648356 
-0.0016032443694089704 
-0.0018712386950297487 
-0.001756867486864699 
-0.001613594321666757 
-0.0006430961218506682 
-0.0012987679930161352 
-0.0015239000486024354 
-0.0014488631334394991 
-0.0015711619050541238 
-0.0013308884654363794 
-0.0011369733169813052 
-0.0008461791067460087 
-0.0013751479153073177 
-0.0006543597586375506 
-0.0009535700530018815 
-0.0005856481988544857 
-0.0010580179460583222 
-0.0007421580608597436 
-0.0017787841253305318 
-0.0016909856172980615 
-0.0012547837216878401 
-0.0011783599565446685 
-0.0006104479636561971 
-0.0014337834931682158 
-0.001571352687704612 
-0.0015032179170041686 
-0.0018474957117461496 
-0.0005343851382047941 
-0.0016268966928890975 
-0.0015421260387362696 
-0.0005079433901199763 
-0.0008767364126673327 
-0.001458545507863253 
-0.0018728295240146857 
-0.0009900985651917415 
-0.000917606562234507 
-0.000852412352423355 
-0.0008677215738682269 
-0.0008129530140901491 
-0.0008822911145685295 
-0.0006345748868095855 
-0.0013983089589443248 
-0.0014543360066860754 
-0.001362436972804729 
-0.0006807987870658856 
-0.0007770747759634465 
-0.0016560690612490625 
-0.001694542455711816 
-0.001063700794714508 
-0.0017355039188717476 
-0.0012165718390996594 
-0.0008352235143975476 
-0.0009112057482614278 
-0.0015869647045477502 
-0.0015155372225599585 
-0.0008465885415277745 
-0.0009958143711166346 
-0.0016537269474329957 
-0.0013694431111559218 
-0.0015284439746700955 
-0.00060900430245583 
-0.0016123013189767493 
-0.0018241395990524784 
-0.0007594894696870525 
-0.0014430451129288009 
-0.000980354286160504 
-0.0008910177558883498 
-0.0011767324220924834 
-0.0013686212124306846 
-0.0007386013960554693 
-0.0016190416929381026 
-0.00158655513684105 
-0.0015563437460932993 
-0.0006319229350770484 
-0.0015334019468843496 
-0.0015153634591481282 
-0.0010973749839495064 
-0.0018012209575492175 
-0.0014909319978087937 
-0.0014795736253674764 
-0.000942211680561811 
-0.0006637408784634363 
-0.0010189838680177488 
-0.0009046393604795523 
-0.0012165718390942898 
-0.0006762763886802293 
-0.0012929159652502002 
-0.0007581570906443762 
-0.0008298994479654054 
-0.000718422752735575 
-0.0008617911177720831 
-0.0011401130860759915 
-0.0016904849495038164 
-0.0008493571445040335 
-0.0014687801439157951 
-0.0012958795565666012 
-0.0017694027998321937 
-0.0015215577486438984 
-0.0013357688117180578 
-0.0011750245954019925 
-0.0007970275957112632 
-0.0015219377031449042 
-0.0014849556843115068 
-0.0008910396948547682 
-0.0010922531714997177 
-0.001010453479591814 
-0.0007426587288357725 
-0.0007765150967644645 
-0.0009177802192241668 
-0.0012930305921414805 
-0.001452789391959238 
-0.0014457616859823662 
-0.001749081672908582 
-0.0017095856283714554 
-0.0007235580499592724 
-0.0007040143045361649 
-0.0009701231379398585 
-0.0009302831431237935 
-0.0008619817733166344 
-0.0012564112561399693 
-0.000697639948493939 
-0.0014060338263886985 
-0.001216571839094241 
-0.0008306259279704326 
-0.0016025177503959489 
-0.0015028605352478926 
-0.0016361160826474832 
-0.0009224767486274425 
-0.0016718570171401952 
-0.0010693121387519685 
-0.0015421039835177132 
-0.0012165718390988514 
-0.0006840620054002089 
-0.0015979201639110925 
-0.0015771528390311031 
-0.0008984040467845994 
-0.0012902279571497342 
-0.0014373295257699718 
-0.0010040863134282432 
-0.0016399434648869042 
-0.0014966633123732038 
-0.0014141598103494706 
-0.0007612866612068801 
-0.0014630205401791909 
-0.0008095145592217017 
-0.000793200213252415 
-0.0015088645356268586 
-0.0011335580739768808 
-0.0013751256152448644 
-0.001001516186911582 
-0.0010511908895006305 
-0.0009594018364662213 
-0.0012961704796047504 
-0.0007794167309204778 
-0.0012165718390941388 
-0.0008141019854248206 
-0.000876799932278664 
-0.0009046997037025875 
-0.0015484048048279172 
-0.0015347396313351068 
-0.001623629118913086 
-0.0017291293737844873 
-0.0011429157210699659 
-0.0008632138386945317 
-0.0015106667112687775 
-0.0016077116527899197 
-0.0014737418416524005 
-0.0016736542084638275 
-0.0014938155991135536 
-0.0012165718390942186 
-0.0014608930487347517 
-0.0015563757691280575 
-0.0008767679092103148 
-0.000855990839093777 
-0.0013819526667223254 
-0.0009242791424914863 
-0.0011299812796606095 
-0.0010440393399216668 
-0.0008254320253409492 
-0.0013638317587391113 
-0.0014290575751780606 
-0.0015837865338158537 
-0.0014409734238705492 
-0.0014316274914576161 
-0.0009921702544991764 
-0.0009115859294749594 
-0.0009364803657449175 
-0.0013408906292509625 
-0.0012581190828304459 
-0.000948187993806633 
-0.0008847388732930353 
-0.0014714646404196334 
-0.001562545836278557 
-0.0015922132499185952 
-0.0010748179158674342 
-0.0014226901987765962 
-0.0009335306647566701 
-0.001216571839098026 
-0.0016566285813802704 
-0.0009507032427041544 
-0.0014209669384254435 
-0.0010121822290279177 
-0.0008899971316765282 
-0.001036562076070006 
-0.0012599075975979882 
-0.0012165718390973394 
-0.001358325973403868 
-0.0011732360806341784 
-0.001499612803456291 
-0.0009443466416847568 
-0.0013891042109766135 
-0.0009722506296343922 
-0.0009824149184886625 
-0.0010868885960792051 
-0.0008409304282089344 
-0.0012995857276971593 
-0.0008705978418441848 
-0.0014824404356622823 
-0.0015431465466690857 
-0.0014507287598809883 
-0.0015302611161571891 
-0.0015055835633304645 
-0.0011456659443364057 
-0.00156992983963547 
-0.0012165718390941779 
-0.0014782368867825653 
-0.0013031625273426514 
-0.0009275601150303069 
-0.0009028825621946022 
-0.0011483584170031292 
-0.0012874777338852939 
-0.0014388330891821836 
-0.00142974137740689 
-0.001352936383226117 
-0.0014209616514809554 
-0.0010200883814955198 
-0.00102875866602062 
-0.0011262424352170804 
-0.0010812804395044777 
-0.0009616790379484391 
-0.0009549065974877462 
-0.0013462552099979294 
-0.0009393280792505157 
-0.0014125138714037528 
-0.0013965814692579056 
-0.0015177356961707195 
-0.0010802074980005704 
-0.001488796834657265 
-0.001383538694375339 
-0.0010034021431767294 
-0.0013701478208303845 
-0.0012847852612201788 
-0.0010206296620437472 
-0.001216571839096788 
-0.0009154079821860538 
-0.0013069013773574487 
-0.001261777035840276 
-0.0010854716447163527 
-0.0013518633721434233 
-0.0011713666423917109 
-0.0011223414444581526 
-0.0010277930093821064 
-0.0010754284825680526 
-0.0009651950798445295 
-0.000994310424605306 
-0.0014579446747368743 
-0.0014482365757715852 
-0.0014679484121429363 
-0.0014043848734903962 
-0.0014130554911122458 
-0.0010564189051182834 
-0.0010906024334499285 
-0.001216571839096209 
-0.0009849069309811112 
-0.0012637274306513612 
-0.0011694162475803106 
-0.0013638105720783335 
-0.001150988494108782 
-0.0010352859969304008 
-0.001390584844543257 
-0.0014053508555316313 
-0.0010121765887123417 
-0.0009751988247471439 
-0.001069333251445781 
-0.001376724931257157 
-0.001357715334895615 
-0.0013476722286542963 
-0.001328011706610537 
-0.0010955930408019531 
-0.0013425414322653303 
-0.0011535521899744216 
-0.0013190886954456895 
-0.0013148651128976588 
-0.0013978578605059625 
-0.001062996008998347 
-0.001216571839094273 
-0.001042559005640538 
-0.0010496051487862762 
-0.0011182787115459117 
-0.0013108023739299387 
-0.001282155184116237 
-0.0011096722094596978 
-0.0011560460690977913 
-0.0013375508174684274 
-0.0012795914882518843 
-0.001332706020451954 
-0.0012657585639254101 
-0.0011673851143059048 
-0.0011051321374329294 
-0.0011140551352936843 
-0.001323471627814006 
-0.0011004378305920954 
-0.001216571839095774 
-0.0012723301796207496 
-0.0012165718390954672 
-0.0011630827968515706 
-0.0011652737090534144 
-0.001277097609129648 
-0.001158467290285224 
-0.001216571839094204 
-0.0012678699691773738 
-0.0012165718390950964 
-0.001216571839094568 
-0.001216571839094488 
-0.00127006088137863 
-0.0011608134986086556 
-0.0012746763879433486 
-0.0012165718390948746 
