$MeshFormat
2.2 0 8
$EndMeshFormat
$Nodes
15301
1 0 0 0
2 2 0 0
3 2 1 0
4 0 1 0
5 0.01999999999996221 0 0
6 0.03999999999992473 0 0
7 0.05999999999988613 0 0
8 0.07999999999984372 0 0
9 0.09999999999979932 0 0
10 0.1199999999997567 0 0
11 0.139999999999721 0 0
12 0.1599999999996904 0 0
13 0.1799999999996598 0 0
14 0.1999999999996293 0 0
15 0.2199999999995988 0 0
16 0.2399999999995663 0 0
17 0.2599999999995219 0 0
18 0.2799999999994656 0 0
19 0.2999999999994072 0 0
20 0.319999999999349 0 0
21 0.3399999999992906 0 0
22 0.3599999999992323 0 0
23 0.3799999999991741 0 0
24 0.3999999999991157 0 0
25 0.4199999999990575 0 0
26 0.4399999999989992 0 0
27 0.4599999999989409 0 0
28 0.4799999999988826 0 0
29 0.4999999999988243 0 0
30 0.519999999998766 0 0
31 0.5399999999987076 0 0
32 0.5599999999986495 0 0
33 0.5799999999985911 0 0
34 0.5999999999985328 0 0
35 0.6199999999984744 0 0
36 0.6399999999984163 0 0
37 0.659999999998358 0 0
38 0.6799999999982996 0 0
39 0.6999999999982414 0 0
40 0.719999999998183 0 0
41 0.7399999999981248 0 0
42 0.7599999999980664 0 0
43 0.7799999999980082 0 0
44 0.7999999999979498 0 0
45 0.8199999999978915 0 0
46 0.8399999999978334 0 0
47 0.859999999997775 0 0
48 0.8799999999977167 0 0
49 0.8999999999976583 0 0
50 0.9199999999976001 0 0
51 0.9399999999975417 0 0
52 0.9599999999974835 0 0
53 0.9799999999974253 0 0
54 0.9999999999973886 0 0
55 1.01999999999742 0 0
56 1.039999999997472 0 0
57 1.059999999997525 0 0
58 1.079999999997578 0 0
59 1.09999999999763 0 0
60 1.119999999997683 0 0
61 1.139999999997736 0 0
62 1.159999999997788 0 0
63 1.179999999997841 0 0
64 1.199999999997894 0 0
65 1.219999999997946 0 0
66 1.239999999997999 0 0
67 1.259999999998052 0 0
68 1.279999999998104 0 0
69 1.299999999998157 0 0
70 1.31999999999821 0 0
71 1.339999999998262 0 0
72 1.359999999998315 0 0
73 1.379999999998367 0 0
74 1.39999999999842 0 0
75 1.419999999998473 0 0
76 1.439999999998526 0 0
77 1.459999999998578 0 0
78 1.479999999998631 0 0
79 1.499999999998683 0 0
80 1.519999999998736 0 0
81 1.539999999998789 0 0
82 1.559999999998841 0 0
83 1.579999999998894 0 0
84 1.599999999998947 0 0
85 1.619999999999 0 0
86 1.639999999999052 0 0
87 1.659999999999105 0 0
88 1.679999999999158 0 0
89 1.69999999999921 0 0
90 1.719999999999263 0 0
91 1.739999999999315 0 0
92 1.759999999999368 0 0
93 1.779999999999421 0 0
94 1.799999999999473 0 0
95 1.819999999999526 0 0
96 1.839999999999579 0 0
97 1.859999999999631 0 0
98 1.879999999999684 0 0
99 1.899999999999737 0 0
100 1.919999999999789 0 0
101 1.939999999999842 0 0
102 1.959999999999895 0 0
103 1.979999999999947 0 0
104 0.009999999999980936 0 0
105 0.02999999999994347 0 0
106 0.04999999999990543 0 0
107 0.06999999999986531 0 0
108 0.08999999999982153 0 0
109 0.109999999999778 0 0
110 0.1299999999997372 0 0
111 0.1499999999997057 0 0
112 0.1699999999996751 0 0
113 0.1899999999996445 0 0
114 0.209999999999614 0 0
115 0.2299999999995825 0 0
116 0.249999999999551 0 0
117 0.2699999999994938 0 0
118 0.2899999999994364 0 0
119 0.3099999999993781 0 0
120 0.3299999999993198 0 0
121 0.3499999999992615 0 0
122 0.3699999999992032 0 0
123 0.3899999999991449 0 0
124 0.4099999999990867 0 0
125 0.4299999999990284 0 0
126 0.44999999999897 0 0
127 0.4699999999989117 0 0
128 0.4899999999988535 0 0
129 0.5099999999987952 0 0
130 0.5299999999987368 0 0
131 0.5499999999986785 0 0
132 0.5699999999986203 0 0
133 0.5899999999985619 0 0
134 0.6099999999985036 0 0
135 0.6299999999984454 0 0
136 0.6499999999983872 0 0
137 0.6699999999983288 0 0
138 0.6899999999982704 0 0
139 0.7099999999982122 0 0
140 0.7299999999981539 0 0
141 0.7499999999980956 0 0
142 0.7699999999980374 0 0
143 0.789999999997979 0 0
144 0.8099999999979206 0 0
145 0.8299999999978624 0 0
146 0.8499999999978042 0 0
147 0.8699999999977459 0 0
148 0.8899999999976875 0 0
149 0.9099999999976291 0 0
150 0.9299999999975709 0 0
151 0.9499999999975126 0 0
152 0.9699999999974545 0 0
153 0.989999999997407 0 0
154 1.009999999997404 0 0
155 1.029999999997446 0 0
156 1.049999999997499 0 0
157 1.069999999997551 0 0
158 1.089999999997604 0 0
159 1.109999999997657 0 0
160 1.129999999997709 0 0
161 1.149999999997762 0 0
162 1.169999999997815 0 0
163 1.189999999997867 0 0
164 1.20999999999792 0 0
165 1.229999999997973 0 0
166 1.249999999998025 0 0
167 1.269999999998078 0 0
168 1.28999999999813 0 0
169 1.309999999998183 0 0
170 1.329999999998236 0 0
171 1.349999999998289 0 0
172 1.369999999998341 0 0
173 1.389999999998394 0 0
174 1.409999999998447 0 0
175 1.429999999998499 0 0
176 1.449999999998552 0 0
177 1.469999999998605 0 0
178 1.489999999998657 0 0
179 1.50999999999871 0 0
180 1.529999999998763 0 0
181 1.549999999998815 0 0
182 1.569999999998868 0 0
183 1.58999999999892 0 0
184 1.609999999998973 0 0
185 1.629999999999026 0 0
186 1.649999999999078 0 0
187 1.669999999999131 0 0
188 1.689999999999184 0 0
189 1.709999999999237 0 0
190 1.729999999999289 0 0
191 1.749999999999342 0 0
192 1.769999999999395 0 0
193 1.789999999999447 0 0
194 1.8099999999995 0 0
195 1.829999999999552 0 0
196 1.849999999999605 0 0
197 1.869999999999658 0 0
198 1.88999999999971 0 0
199 1.909999999999763 0 0
200 1.929999999999816 0 0
201 1.949999999999869 0 0
202 1.969999999999921 0 0
203 1.989999999999974 0 0
204 2 0.01999999999996237 0
205 2 0.03999999999992186 0
206 2 0.05999999999987837 0
207 2 0.07999999999984518 0
208 2 0.09999999999981463 0
209 2 0.1199999999997832 0
210 2 0.1399999999997328 0
211 2 0.1599999999996745 0
212 2 0.1799999999996162 0
213 2 0.1999999999995579 0
214 2 0.2199999999994996 0
215 2 0.2399999999994413 0
216 2 0.259999999999383 0
217 2 0.2799999999993247 0
218 2 0.2999999999992664 0
219 2 0.3199999999992081 0
220 2 0.3399999999991498 0
221 2 0.3599999999990915 0
222 2 0.3799999999990332 0
223 2 0.3999999999989749 0
224 2 0.4199999999989167 0
225 2 0.4399999999988584 0
226 2 0.4599999999988 0
227 2 0.4799999999987418 0
228 2 0.4999999999986943 0
229 2 0.5199999999987361 0
230 2 0.5399999999987888 0
231 2 0.5599999999988415 0
232 2 0.5799999999988942 0
233 2 0.5999999999989468 0
234 2 0.6199999999989995 0
235 2 0.6399999999990521 0
236 2 0.6599999999991049 0
237 2 0.6799999999991574 0
238 2 0.6999999999992101 0
239 2 0.7199999999992628 0
240 2 0.7399999999993154 0
241 2 0.7599999999993681 0
242 2 0.7799999999994207 0
243 2 0.7999999999994734 0
244 2 0.8199999999995261 0
245 2 0.8399999999995788 0
246 2 0.8599999999996314 0
247 2 0.8799999999996841 0
248 2 0.8999999999997367 0
249 2 0.9199999999997894 0
250 2 0.939999999999842 0
251 2 0.9599999999998947 0
252 2 0.9799999999999475 0
253 2 0.009999999999981107 0
254 2 0.02999999999994366 0
255 2 0.04999999999990012 0
256 2 0.06999999999986103 0
257 2 0.08999999999982991 0
258 2 0.1099999999997989 0
259 2 0.1299999999997614 0
260 2 0.1499999999997036 0
261 2 0.1699999999996453 0
262 2 0.189999999999587 0
263 2 0.2099999999995287 0
264 2 0.2299999999994705 0
265 2 0.2499999999994122 0
266 2 0.2699999999993539 0
267 2 0.2899999999992956 0
268 2 0.3099999999992373 0
269 2 0.329999999999179 0
270 2 0.3499999999991207 0
271 2 0.3699999999990624 0
272 2 0.389999999999004 0
273 2 0.4099999999989458 0
274 2 0.4299999999988875 0
275 2 0.4499999999988292 0
276 2 0.4699999999987709 0
277 2 0.489999999998718 0
278 2 0.5099999999987153 0
279 2 0.5299999999987625 0
280 2 0.5499999999988152 0
281 2 0.5699999999988679 0
282 2 0.5899999999989205 0
283 2 0.6099999999989731 0
284 2 0.6299999999990258 0
285 2 0.6499999999990784 0
286 2 0.6699999999991311 0
287 2 0.6899999999991837 0
288 2 0.7099999999992365 0
289 2 0.7299999999992891 0
290 2 0.7499999999993417 0
291 2 0.7699999999993944 0
292 2 0.789999999999447 0
293 2 0.8099999999994998 0
294 2 0.8299999999995524 0
295 2 0.8499999999996051 0
296 2 0.8699999999996577 0
297 2 0.8899999999997104 0
298 2 0.909999999999763 0
299 2 0.9299999999998156 0
300 2 0.9499999999998683 0
301 2 0.9699999999999211 0
302 2 0.9899999999999737 0
303 1.979999999999917 1 0
304 1.959999999999833 1 0
305 1.93999999999975 1 0
306 1.919999999999667 1 0
307 1.899999999999584 1 0
308 1.8799999999995 1 0
309 1.859999999999417 1 0
310 1.839999999999334 1 0
311 1.81999999999925 1 0
312 1.799999999999167 1 0
313 1.779999999999084 1 0
314 1.759999999999016 1 0
315 1.739999999999044 1 0
316 1.719999999999167 1 0
317 1.699999999999306 1 0
318 1.679999999999444 1 0
319 1.659999999999583 1 0
320 1.639999999999722 1 0
321 1.619999999999861 1 0
322 1.599999999999999 1 0
323 1.580000000000138 1 0
324 1.560000000000277 1 0
325 1.540000000000416 1 0
326 1.520000000000554 1 0
327 1.500000000000693 1 0
328 1.480000000000832 1 0
329 1.460000000000971 1 0
330 1.44000000000111 1 0
331 1.420000000001248 1 0
332 1.400000000001387 1 0
333 1.380000000001526 1 0
334 1.360000000001665 1 0
335 1.340000000001804 1 0
336 1.320000000001942 1 0
337 1.300000000002081 1 0
338 1.28000000000222 1 0
339 1.260000000002358 1 0
340 1.240000000002497 1 0
341 1.220000000002636 1 0
342 1.200000000002774 1 0
343 1.180000000002913 1 0
344 1.160000000003052 1 0
345 1.14000000000319 1 0
346 1.120000000003329 1 0
347 1.100000000003468 1 0
348 1.080000000003607 1 0
349 1.060000000003745 1 0
350 1.040000000003884 1 0
351 1.020000000004023 1 0
352 1.000000000004118 1 0
353 0.9800000000040781 1 0
354 0.9600000000039948 1 0
355 0.9400000000039115 1 0
356 0.9200000000038282 1 0
357 0.9000000000037451 1 0
358 0.8800000000036619 1 0
359 0.8600000000035786 1 0
360 0.8400000000034955 1 0
361 0.8200000000034122 1 0
362 0.8000000000033289 1 0
363 0.7800000000032457 1 0
364 0.7600000000031626 1 0
365 0.7400000000030793 1 0
366 0.720000000002996 1 0
367 0.700000000002913 1 0
368 0.6800000000028297 1 0
369 0.6600000000027464 1 0
370 0.6400000000026631 1 0
371 0.6200000000025798 1 0
372 0.6000000000024968 1 0
373 0.5800000000024135 1 0
374 0.5600000000023302 1 0
375 0.5400000000022471 1 0
376 0.5200000000021638 1 0
377 0.5000000000020806 1 0
378 0.4800000000019975 1 0
379 0.4600000000019142 1 0
380 0.4400000000018309 1 0
381 0.4200000000017476 1 0
382 0.4000000000016644 1 0
383 0.3800000000015813 1 0
384 0.360000000001498 1 0
385 0.3400000000014147 1 0
386 0.3200000000013317 1 0
387 0.3000000000012484 1 0
388 0.2800000000011651 1 0
389 0.260000000001082 1 0
390 0.2400000000009987 1 0
391 0.2200000000009155 1 0
392 0.2000000000008322 1 0
393 0.1800000000007489 1 0
394 0.1600000000006658 1 0
395 0.1400000000005825 1 0
396 0.1200000000004993 1 0
397 0.1000000000004162 1 0
398 0.08000000000033292 1 0
399 0.06000000000024963 1 0
400 0.04000000000016657 1 0
401 0.02000000000008328 1 0
402 1.989999999999958 1 0
403 1.96999999999988 1 0
404 1.94999999999979 1 0
405 1.929999999999695 1 0
406 1.909999999999608 1 0
407 1.889999999999536 1 0
408 1.869999999999457 1 0
409 1.849999999999369 1 0
410 1.829999999999291 1 0
411 1.809999999999204 1 0
412 1.789999999999137 1 0
413 1.769999999999065 1 0
414 1.74999999999902 1 0
415 1.729999999999092 1 0
416 1.709999999999236 1 0
417 1.689999999999363 1 0
418 1.669999999999526 1 0
419 1.649999999999646 1 0
420 1.629999999999789 1 0
421 1.609999999999931 1 0
422 1.590000000000072 1 0
423 1.570000000000212 1 0
424 1.550000000000346 1 0
425 1.530000000000482 1 0
426 1.510000000000626 1 0
427 1.490000000000765 1 0
428 1.470000000000909 1 0
429 1.450000000001043 1 0
430 1.430000000001165 1 0
431 1.410000000001329 1 0
432 1.390000000001442 1 0
433 1.370000000001607 1 0
434 1.350000000001719 1 0
435 1.330000000001875 1 0
436 1.310000000002014 1 0
437 1.290000000002147 1 0
438 1.270000000002285 1 0
439 1.250000000002428 1 0
440 1.23000000000256 1 0
441 1.210000000002704 1 0
442 1.190000000002849 1 0
443 1.170000000002982 1 0
444 1.150000000003121 1 0
445 1.130000000003258 1 0
446 1.110000000003393 1 0
447 1.090000000003549 1 0
448 1.070000000003676 1 0
449 1.050000000003799 1 0
450 1.030000000003966 1 0
451 1.010000000004069 1 0
452 0.990000000004098 1 0
453 0.9700000000040365 1 0
454 0.950000000003953 1 0
455 0.93000000000387 1 0
456 0.9100000000037867 1 0
457 0.8900000000037034 1 0
458 0.8700000000036203 1 0
459 0.850000000003537 1 0
460 0.8300000000034538 1 0
461 0.8100000000033707 1 0
462 0.7900000000032872 1 0
463 0.7700000000032041 1 0
464 0.7500000000031211 1 0
465 0.7300000000030376 1 0
466 0.7100000000029545 1 0
467 0.6900000000028714 1 0
468 0.6700000000027879 1 0
469 0.6500000000027049 1 0
470 0.6300000000026214 1 0
471 0.6100000000025383 1 0
472 0.5900000000024552 1 0
473 0.5700000000023717 1 0
474 0.5500000000022887 1 0
475 0.5300000000022056 1 0
476 0.5100000000021221 1 0
477 0.490000000002039 1 0
478 0.470000000001956 1 0
479 0.4500000000018725 1 0
480 0.4300000000017894 1 0
481 0.4100000000017059 1 0
482 0.3900000000016228 1 0
483 0.3700000000015398 1 0
484 0.3500000000014563 1 0
485 0.3300000000013732 1 0
486 0.3100000000012901 1 0
487 0.2900000000012066 1 0
488 0.2700000000011236 1 0
489 0.2500000000010405 1 0
490 0.230000000000957 1 0
491 0.2100000000008739 1 0
492 0.1900000000007904 1 0
493 0.1700000000007074 1 0
494 0.1500000000006243 1 0
495 0.1300000000005408 1 0
496 0.1100000000004577 1 0
497 0.09000000000037467 1 0
498 0.07000000000029116 1 0
499 0.0500000000002081 1 0
500 0.03000000000012504 1 0
501 0.01000000000004153 1 0
502 0 0.9799999999999167 0
503 0 0.9599999999998334 0
504 0 0.9399999999997501 0
505 0 0.9199999999996669 0
506 0 0.8999999999995835 0
507 0 0.879999999999508 0
508 0 0.8599999999995834 0
509 0 0.8399999999997222 0
510 0 0.819999999999861 0
511 0 0.7999999999999997 0
512 0 0.7800000000001385 0
513 0 0.7600000000002772 0
514 0 0.7400000000004161 0
515 0 0.7200000000005549 0
516 0 0.7000000000006936 0
517 0 0.6800000000008324 0
518 0 0.660000000000971 0
519 0 0.6400000000011098 0
520 0 0.6200000000012484 0
521 0 0.6000000000013872 0
522 0 0.5800000000015259 0
523 0 0.5600000000016645 0
524 0 0.5400000000018033 0
525 0 0.5200000000019419 0
526 0 0.500000000002059 0
527 0 0.4800000000019974 0
528 0 0.4600000000019141 0
529 0 0.4400000000018309 0
530 0 0.4200000000017478 0
531 0 0.4000000000016645 0
532 0 0.3800000000015813 0
533 0 0.360000000001498 0
534 0 0.3400000000014148 0
535 0 0.3200000000013316 0
536 0 0.3000000000012484 0
537 0 0.2800000000011651 0
538 0 0.2600000000010819 0
539 0 0.2400000000009987 0
540 0 0.2200000000009155 0
541 0 0.2000000000008322 0
542 0 0.180000000000749 0
543 0 0.1600000000006658 0
544 0 0.1400000000005825 0
545 0 0.1200000000004994 0
546 0 0.1000000000004161 0
547 0 0.08000000000033292 0
548 0 0.06000000000024963 0
549 0 0.04000000000016646 0
550 0 0.02000000000008328 0
551 0 0.9899999999999584 0
552 0 0.9699999999998751 0
553 0 0.9499999999997887 0
554 0 0.9299999999997199 0
555 0 0.9099999999996258 0
556 0 0.8899999999995457 0
557 0 0.869999999999542 0
558 0 0.8499999999996528 0
559 0 0.8299999999998049 0
560 0 0.8099999999999329 0
561 0 0.790000000000067 0
562 0 0.7700000000002014 0
563 0 0.7500000000003324 0
564 0 0.7300000000004855 0
565 0 0.7100000000006242 0
566 0 0.690000000000763 0
567 0 0.6700000000008863 0
568 0 0.6500000000010336 0
569 0 0.6300000000011761 0
570 0 0.6100000000013128 0
571 0 0.5900000000014576 0
572 0 0.5700000000015952 0
573 0 0.5500000000017438 0
574 0 0.5300000000018668 0
575 0 0.5100000000019922 0
576 0 0.4900000000020281 0
577 0 0.4700000000019557 0
578 0 0.4500000000018725 0
579 0 0.4300000000017894 0
580 0 0.4100000000017061 0
581 0 0.3900000000016228 0
582 0 0.3700000000015397 0
583 0 0.3500000000014565 0
584 0 0.3300000000013732 0
585 0 0.3100000000012899 0
586 0 0.2900000000012067 0
587 0 0.2700000000011236 0
588 0 0.2500000000010403 0
589 0 0.2300000000009571 0
590 0 0.2100000000008738 0
591 0 0.1900000000007906 0
592 0 0.1700000000007074 0
593 0 0.1500000000006242 0
594 0 0.130000000000541 0
595 0 0.1100000000004577 0
596 0 0.09000000000037445 0
597 0 0.07000000000029127 0
598 0 0.0500000000002081 0
599 0 0.03000000000012482 0
600 0 0.01000000000004164 0
601 1.440000000001108 0.9800000000001352 0
602 1.040000000003849 0.9800000000001184 0
603 1.180000000002912 0.9800000000001351 0
604 0.5599999999986494 0.01999999999994353 0
605 0.7199999999981844 0.01999999999994418 0
606 0.8799999999977182 0.01999999999994826 0
607 1.039999999997476 0.0200000000000326 0
608 1.359999999998317 0.02000000000004894 0
609 1.199999999997893 0.02000000000004831 0
610 0.8400000000034973 0.9799999999999315 0
611 0.6000000000024986 0.9799999999999198 0
612 0.01999999999990153 0.5400000000017832 0
613 1.980000000000024 0.4999999999987576 0
614 0.4399999999989996 0.01999999999994219 0
615 1.599999999999997 0.9800000000001341 0
616 1.559999999998839 0.02000000000004897 0
617 0.3800000000015865 0.9799999999999253 0
618 1.980000000000053 0.3199999999992048 0
619 0.02000000000004775 0.4200000000017385 0
620 1.979999999999963 0.6599999999991156 0
621 0.0199999999998737 0.7200000000005533 0
622 1.699999999999306 0.9800000000001023 0
623 0.02000000000007043 0.3200000000013307 0
624 0.2999999999994093 0.01999999999994904 0
625 1.779999999999418 0.02000000000004649 0
626 1.979999999999955 0.7599999999993712 0
627 0.02000000000007277 0.220000000000911 0
628 0.2600000000010853 0.9799999999999308 0
629 0.01999999999988668 0.8199999999998657 0
630 1.77999999999914 0.9799999999999768 0
631 0.1599999998303107 0.0199999998305929 0
632 1.980000000000047 0.1599999999996728 0
633 1.97999999999995 0.8399999999995795 0
634 0.1600000000006672 0.9799999999999351 0
635 0.01999999999999358 0.8999999999996252 0
636 1.879999999999506 0.9799999999999268 0
637 1.879999999999682 0.02000000000004089 0
638 0.01999996296827438 0.1399999629687834 0
639 0.09999661947437294 0.01999661947453539 0
640 1.300000000002082 0.9800000000001351 0
641 1.980000000000019 0.07999999999988176 0
642 1.979999999999944 0.8999999999997313 0
643 1.679999999999155 0.02000000000004756 0
644 0.7000000000029132 0.9799999999999197 0
645 0.08000000000031209 0.9799999999999306 0
646 0.4600000000019162 0.9799999999999233 0
647 1.479999999998632 0.02000000000004884 0
648 0.9200000000038486 0.9799999999999744 0
649 0.01999999999987221 0.6400000000011162 0
650 1.919999999999678 0.9799999999999265 0
651 0.01997651790806056 0.07997651790832883 0
652 0.0599083979784204 0.01990839797850656 0
653 1.979999999999937 0.939999999999833 0
654 1.979999999999988 0.5599999999988671 0
655 0.9799999999974266 0.01999999999999172 0
656 0.0200000000000719 0.9599999999998392 0
657 1.299999999998157 0.02000000000004888 0
658 1.139999999997736 0.0200000000000474 0
659 0.760000000003161 0.9799999999999217 0
660 0.3799999999991781 0.01999999999994423 0
661 0.8199999999978909 0.01999999999994408 0
662 0.6599999999983588 0.01999999999994405 0
663 1.500000000000692 0.9800000000001352 0
664 1.980000000000052 0.3799999999990346 0
665 1.980000000000051 0.219999999999506 0
666 0.2399999999995603 0.0199999999999628 0
667 1.959999999999922 0.02000000000001132 0
668 0.9600000000039817 0.9800000000000164 0
669 1.819999999999269 0.97999999999994 0
670 0.02000000000006386 0.380000000001577 0
671 0.2000000000008381 0.9799999999999331 0
672 0.3000000000012495 0.9799999999999284 0
673 1.839999999999576 0.02000000000004329 0
674 1.979999999999957 0.6999999999992166 0
675 0.5000000000020834 0.9799999999999217 0
676 0.5400000000022493 0.9799999999999206 0
677 1.639999999999049 0.02000000000004843 0
678 1.099999999997632 0.02000000000004667 0
679 1.439999999998527 0.02000000000004884 0
680 1.259999999998051 0.02000000000004903 0
681 0.640000000002664 0.9799999999999197 0
682 0.5199999999987658 0.01999999999994285 0
683 1.340000000001801 0.9800000000001351 0
684 1.080000000003605 0.9800000000001333 0
685 1.540000000000415 0.9800000000001352 0
686 1.380000000001522 0.9800000000001352 0
687 1.220000000002637 0.9800000000001351 0
688 1.980000000000051 0.4199999999989192 0
689 0.01999999999996018 0.500000000001928 0
690 1.980000000000052 0.2599999999993849 0
691 1.959999999999844 0.9799999999999347 0
692 0.9399999999975276 0.01999999999996812 0
693 0.01979760775807589 0.03979760775819384 0
694 0.03980782074404859 0.01980782074411927 0
695 0.980000000004013 0.9800000000000481 0
696 1.979999999999987 0.03999999999996398 0
697 1.739999999999122 0.9800000000000471 0
698 0.01999999999995405 0.8799999999996 0
699 0.8800000000036825 0.9799999999999495 0
700 1.980000000000047 0.4599999999988179 0
701 1.979999999999931 0.9599999999998853 0
702 1.97999999999998 0.5799999999989182 0
703 1.979999999999975 0.599999999998964 0
704 1.979999999999972 0.6199999999990111 0
705 0.02000000000001821 0.4600000000018798 0
706 1.839999999999343 0.9799999999999345 0
707 1.98000000000001 0.5199999999987721 0
708 0.0200000000000659 0.3600000000014963 0
709 0.1200000000004827 0.9799999999999347 0
710 1.939999999999863 0.02000000000002747 0
711 1.000000000004 0.9800000000000779 0
712 0.04000000000015617 0.9799999999999216 0
713 0.2200000000009205 0.9799999999999329 0
714 0.320000000001332 0.9799999999999277 0
715 0.02000000000007193 0.3000000000012454 0
716 1.9199999999998 0.02000000000003539 0
717 0.02000000000007217 0.1800000000007423 0
718 0.01999938128618824 0.1199993812866181 0
719 0.02000000000007276 0.2800000000011607 0
720 1.979999999999954 0.7799999999994239 0
721 0.02000000000007283 0.2600000000010777 0
722 1.819999999999524 0.02000000000004411 0
723 1.979999999999956 0.7199999999992664 0
724 1.979999999999953 0.7999999999994757 0
725 0.3400000000014167 0.9799999999999273 0
726 0.400000000001669 0.9799999999999246 0
727 0.4200000000017508 0.9799999999999243 0
728 1.759999999999365 0.02000000000004703 0
729 1.980000000000029 0.09999999999983275 0
730 1.739999999999312 0.0200000000000473 0
731 1.71999999999926 0.02000000000004727 0
732 1.619999999998996 0.02000000000004859 0
733 0.02000000000007824 0.9799999999999189 0
734 1.339999999998263 0.02000000000004878 0
735 1.539999999998787 0.02000000000004896 0
736 1.399999999998423 0.02000000000004888 0
737 0.02000000000005671 0.9399999999997647 0
738 1.599999999998944 0.02000000000004863 0
739 1.17999999999784 0.02000000000004793 0
740 1.519999999998735 0.02000000000004886 0
741 1.239999999997998 0.02000000000004861 0
742 1.079999999997579 0.02000000000004496 0
743 0.5600000000023327 0.9799999999999205 0
744 0.6600000000027472 0.9799999999999199 0
745 0.8000000000033257 0.979999999999924 0
746 0.720000000002996 0.9799999999999203 0
747 0.4799999999988825 0.01999999999994238 0
748 0.4199999999990585 0.01999999999994264 0
749 0.359999999999238 0.01999999999994539 0
750 0.5999999999985319 0.01999999999994398 0
751 0.6399999999984162 0.01999999999994407 0
752 0.7599999999980668 0.01999999999994425 0
753 1.979999999999948 0.8599999999996307 0
754 0.2199999999995975 0.01999999999996797 0
755 0.1999999999975389 0.0199999999978804 0
756 0.6999999999982429 0.01999999999994429 0
757 0.799999999997949 0.0199999999999441 0
758 0.8599999999977755 0.01999999999994573 0
759 1.460000000000969 0.9800000000001351 0
760 1.560000000000275 0.9800000000001349 0
761 1.140000000003191 0.9800000000001351 0
762 1.400000000001383 0.9800000000001352 0
763 1.619999999999859 0.9800000000001331 0
764 1.260000000002361 0.9800000000001351 0
765 0.3399999999992964 0.01999999999994656 0
766 1.100000000003468 0.9800000000001347 0
767 1.639999999999719 0.9800000000001307 0
768 1.980000000000036 0.1199999999997824 0
769 1.659999999999577 0.980000000000125 0
770 1.980000000000052 0.2799999999993223 0
771 1.980000000000053 0.3399999999991486 0
772 0.279999999999464 0.0199999999999523 0
773 0.01999999999988262 0.580000000001535 0
774 1.980000000000049 0.1799999999996177 0
775 0.01999999999987507 0.6200000000012568 0
776 0.01999999999987242 0.6800000000008393 0
777 0.01999999999987535 0.7600000000002685 0
778 0.1399999777325747 0.01999997773282177 0
779 1.019999999997435 0.02000000000002057 0
780 0.0199999999999241 0.8599999999996429 0
781 0.01999999999987982 0.7999999999999977 0
782 1.979999999999923 0.9799999999999414 0
783 0.9199999999975942 0.01999999999995986 0
784 1.979999999999966 0.01999999999998577 0
785 0.01983806167582502 0.01983806167589848 0
786 1.440000000001104 0.9600000000002684 0
787 1.080000000003606 0.9600000000002623 0
788 0.8799999999977195 0.03999999999989873 0
789 1.259999999998052 0.04000000000009545 0
790 0.7199999999981876 0.03999999999988998 0
791 0.5400000000022547 0.9599999999998436 0
792 1.019999999997447 0.04000000000004376 0
793 0.7000000000029132 0.9599999999998426 0
794 1.960000000000054 0.4999999999988015 0
795 1.599999999999995 0.9600000000002632 0
796 1.61999999999899 0.04000000000009461 0
797 0.4399999999990016 0.03999999999988588 0
798 0.04000000000011796 0.3800000000015665 0
799 0.400000000001677 0.9599999999998535 0
800 0.03999999999975494 0.6400000000011249 0
801 0.2999999999994117 0.03999999999990188 0
802 1.960000000000103 0.3199999999992 0
803 1.77999999999941 0.04000000000008889 0
804 1.959999999999922 0.6999999999992289 0
805 0.04000000000013878 0.2800000000011507 0
806 0.2199999999993077 0.03999999999964459 0
807 0.2000000000008536 0.9599999999998763 0
808 1.960000000000089 0.1599999999996771 0
809 1.959999999999912 0.7799999999994291 0
810 1.819999999999294 0.9599999999998903 0
811 0.03999999999978472 0.8199999999998723 0
812 1.959999999999902 0.8399999999995802 0
813 0.1399999202679004 0.03999992026810625 0
814 0.9800000000039675 0.9600000000000968 0
815 0.03999982890238662 0.1399998289028265 0
816 0.03999999999991873 0.8799999999996541 0
817 1.959999999999974 0.5799999999989498 0
818 0.3200000000013385 0.9599999999998614 0
819 1.539999999998786 0.04000000000009558 0
820 1.079999999997582 0.04000000000008578 0
821 1.199999999997894 0.04000000000009352 0
822 0.6599999999983593 0.03999999999988964 0
823 1.960000000000048 0.09999999999986851 0
824 1.939999999999897 0.0400000000000397 0
825 1.739999999999305 0.04000000000009119 0
826 1.63999999999971 0.9600000000002535 0
827 1.959999999999952 0.04000000000000335 0
828 0.9400000000039204 0.9799999999999942 0
829 0.02000000000002993 0.9199999999996938 0
830 1.98 0.5399999999988156 0
831 0.9000000000037698 0.9799999999999623 0
832 0.02000000000003344 0.4400000000018124 0
833 0.01999999999999267 0.4800000000019216 0
834 0.0199999999999274 0.520000000001876 0
835 1.799999999999202 0.9799999999999551 0
836 1.959999999999964 0.5999999999989878 0
837 0.04000000000013337 0.3200000000013262 0
838 1.980000000000038 0.4799999999987804 0
839 0.02000000000005622 0.4000000000016559 0
840 0.01992524088542538 0.0599252408856162 0
841 0.860000000003589 0.9799999999999403 0
842 1.759999999999108 0.9800000000000106 0
843 0.1400000000005748 0.979999999999936 0
844 0.1800000000007558 0.9799999999999356 0
845 1.979999999999968 0.6399999999990627 0
846 0.04000000000013846 0.9599999999998499 0
847 0.1000000000003943 0.979999999999934 0
848 0.01999430489863981 0.09999430489899019 0
849 0.02000000000006714 0.3400000000014143 0
850 0.240000000001003 0.9799999999999327 0
851 1.899999999999739 0.02000000000003843 0
852 0.2800000000011678 0.9799999999999304 0
853 1.859999999999423 0.9799999999999308 0
854 1.059999999997528 0.02000000000004019 0
855 1.859999999999629 0.02000000000004156 0
856 0.01999998467748713 0.1599999846780765 0
857 1.979999999999956 0.7399999999993185 0
858 0.06000000000023192 0.9799999999999275 0
859 0.3600000000015025 0.9799999999999268 0
860 0.02000000000007237 0.2400000000009947 0
861 0.02000000000007189 0.2000000000008251 0
862 1.979999999999961 0.6799999999991682 0
863 1.79999999999947 0.02000000000004488 0
864 0.4400000000018334 0.979999999999924 0
865 1.939999999999762 0.9799999999999307 0
866 0.4800000000020003 0.9799999999999228 0
867 1.699999999999207 0.02000000000004712 0
868 1.659999999999101 0.02000000000004772 0
869 0.520000000002167 0.9799999999999215 0
870 1.979999999999952 0.8199999999995276 0
871 1.899999999999593 0.9799999999999259 0
872 1.579999999998891 0.02000000000004859 0
873 1.419999999998475 0.02000000000004866 0
874 1.45999999999858 0.02000000000004865 0
875 1.119999999997684 0.0200000000000467 0
876 1.31999999999821 0.02000000000004865 0
877 1.499999999998683 0.02000000000004868 0
878 1.379999999998371 0.02000000000004873 0
879 1.279999999998104 0.02000000000004866 0
880 1.219999999997946 0.02000000000004807 0
881 1.159999999997788 0.02000000000004741 0
882 0.5800000000024159 0.9799999999999202 0
883 0.6800000000028302 0.9799999999999202 0
884 0.8200000000034098 0.9799999999999275 0
885 0.6200000000025814 0.97999999999992 0
886 0.780000000003243 0.9799999999999232 0
887 0.7400000000030785 0.9799999999999213 0
888 0.4599999999989413 0.01999999999994239 0
889 0.499999999998824 0.01999999999994265 0
890 1.979999999999946 0.8799999999996808 0
891 0.3999999999991183 0.01999999999994348 0
892 0.2599999999995155 0.01999999999995741 0
893 0.5399999999987077 0.01999999999994329 0
894 1.719999999999196 0.9800000000000775 0
895 0.839999999997833 0.01999999999994473 0
896 0.5799999999985906 0.0199999999999439 0
897 0.739999999998126 0.01999999999994445 0
898 0.6199999999984738 0.01999999999994416 0
899 0.7799999999980076 0.0199999999999443 0
900 0.679999999998301 0.01999999999994442 0
901 1.320000000001942 0.980000000000135 0
902 0.1799999999573159 0.01999999995762846 0
903 1.420000000001245 0.980000000000135 0
904 1.160000000003051 0.980000000000135 0
905 1.240000000002499 0.980000000000135 0
906 1.580000000000136 0.980000000000134 0
907 1.360000000001661 0.980000000000135 0
908 1.520000000000553 0.980000000000135 0
909 1.200000000002774 0.980000000000135 0
910 1.12000000000333 0.980000000000135 0
911 1.060000000003734 0.9800000000001271 0
912 1.480000000000831 0.980000000000135 0
913 1.280000000002222 0.980000000000135 0
914 1.979999999999941 0.9199999999997819 0
915 1.980000000000052 0.299999999999262 0
916 1.980000000000052 0.3599999999990921 0
917 0.3199999999993535 0.0199999999999481 0
918 1.980000000000051 0.2399999999994471 0
919 1.980000000000052 0.3999999999989762 0
920 0.01999999999989139 0.5600000000016659 0
921 1.980000000000049 0.1999999999995627 0
922 1.679999999999437 0.9800000000001147 0
923 0.01999999999987968 0.6000000000013976 0
924 1.980000000000049 0.4399999999988668 0
925 1.02000000000394 0.9800000000001007 0
926 0.01999999999987324 0.6600000000009781 0
927 0.01999999999987374 0.7000000000006982 0
928 0.01999999999987521 0.7400000000004094 0
929 1.980000000000042 0.1399999999997293 0
930 0.01999999999987764 0.7800000000001314 0
931 0.1199994060016797 0.01999940600188452 0
932 0.8999999999976586 0.01999999999995361 0
933 0.07997696591209089 0.01997696591221224 0
934 1.980000000000002 0.05999999999992792 0
935 0.9999999999974168 0.02000000000000695 0
936 1.95999999999987 0.9399999999998224 0
937 1.959999999999856 0.9599999999998765 0
938 0.01999999999990404 0.8399999999997432 0
939 0.9599999999974683 0.01999999999998024 0
940 0.05991550366933639 0.03991550366941737 0
941 0.0398558778867267 0.03985587788682352 0
942 1.300000000002084 0.9600000000002681 0
943 1.939999999999984 0.5799999999989846 0
944 0.8600000000035866 0.9599999999998901 0
945 1.379999999998373 0.04000000000009549 0
946 0.03999999999986632 0.5200000000018354 0
947 1.859999999999625 0.04000000000007811 0
948 0.5599999999986497 0.03999999999988826 0
949 1.180000000002911 0.9600000000002681 0
950 0.1400000000005692 0.9599999999998812 0
951 0.1000000000003588 0.9599999999998771 0
952 1.960000000000099 0.4199999999989262 0
953 0.03999999999975649 0.7200000000005601 0
954 1.719999999999207 0.960000000000147 0
955 0.04000000000006004 0.440000000001772 0
956 1.899999999999611 0.9599999999998565 0
957 0.04000000000013781 0.2000000000008137 0
958 0.4800000000020062 0.9599999999998478 0
959 1.500000000000689 0.960000000000268 0
960 1.380000000001515 0.9600000000002683 0
961 1.960000000000099 0.2599999999993881 0
962 0.9399999999975119 0.03999999999994366 0
963 0.03999219893874007 0.09999219893902624 0
964 0.9400000000039289 0.959999999999999 0
965 0.06000000000020396 0.959999999999862 0
966 0.04000000000012823 0.3400000000014124 0
967 1.959999999999946 0.639999999999078 0
968 1.959999999999928 0.6799999999991837 0
969 0.2400000000010099 0.959999999999873 0
970 1.059999999997533 0.04000000000007785 0
971 1.659999999999095 0.04000000000009311 0
972 1.219999999997947 0.04000000000009395 0
973 1.119999999997685 0.04000000000008994 0
974 0.8200000000033997 0.9599999999998635 0
975 0.780000000003234 0.9599999999998525 0
976 1.959999999999906 0.8199999999995304 0
977 1.499999999998684 0.04000000000009556 0
978 1.419999999998477 0.04000000000009536 0
979 0.5800000000024198 0.9599999999998425 0
980 0.6200000000025828 0.9599999999998425 0
981 0.3999999999991233 0.03999999999988866 0
982 1.260000000002365 0.9600000000002681 0
983 0.5999999999985307 0.03999999999988927 0
984 0.6999999999982456 0.03999999999989016 0
985 0.7599999999980692 0.03999999999989011 0
986 1.460000000000965 0.9600000000002682 0
987 1.140000000003194 0.960000000000268 0
988 1.960000000000101 0.3799999999990358 0
989 1.42000000000124 0.9600000000002682 0
990 1.960000000000097 0.2199999999995162 0
991 1.960000000000102 0.2999999999992562 0
992 1.759999999999161 0.9600000000000222 0
993 1.79999999999924 0.9599999999999178 0
994 1.040000000003815 0.9600000000002288 0
995 1.000000000003936 0.960000000000151 0
996 0.0399999999997603 0.7600000000002591 0
997 1.960000000000065 0.1199999999998023 0
998 0.8999999999976576 0.03999999999990939 0
999 0.03999999999981679 0.8399999999997649 0
1000 1.96000000000002 0.07999999999993422 0
1001 1.96000000000001 0.5399999999988548 0
1002 0.9600000000039632 0.9600000000000448 0
1003 0.03999999999999041 0.8999999999996778 0
1004 0.04000000000010613 0.9399999999997856 0
1005 1.960000000000031 0.5199999999988197 0
1006 1.959999999999993 0.5599999999989062 0
1007 0.9000000000037851 0.9599999999999365 0
1008 0.04000000000010453 0.4000000000016366 0
1009 1.960000000000091 0.4599999999988429 0
1010 1.960000000000076 0.4799999999988169 0
1011 0.1800000000007732 0.9599999999998796 0
1012 0.04000000000012282 0.3600000000014914 0
1013 1.959999999999956 0.61999999999903 0
1014 0.03999999999998272 0.4800000000018597 0
1015 0.03999816420880874 0.1199981642091734 0
1016 0.220000000000932 0.9599999999998758 0
1017 0.03992145943477948 0.05992145943492438 0
1018 1.899999999999751 0.04000000000007008 0
1019 1.919999999999827 0.04000000000005751 0
1020 0.03999996715796123 0.1599999671584753 0
1021 1.039999999997487 0.04000000000006383 0
1022 0.3600000000015129 0.9599999999998576 0
1023 0.3400000000014269 0.9599999999998604 0
1024 0.04000000000013582 0.300000000001236 0
1025 1.959999999999916 0.7399999999993235 0
1026 0.2800000000011718 0.9599999999998672 0
1027 0.3000000000012546 0.959999999999865 0
1028 0.3800000000015968 0.9599999999998559 0
1029 1.95999999999992 0.7199999999992751 0
1030 1.799999999999461 0.04000000000008627 0
1031 1.639999999999042 0.04000000000009361 0
1032 1.859999999999435 0.959999999999867 0
1033 1.839999999999361 0.9599999999998782 0
1034 1.099999999997633 0.04000000000008792 0
1035 0.04000000000013899 0.2400000000009889 0
1036 0.04000000000013824 0.2600000000010694 0
1037 1.959999999999915 0.7599999999993768 0
1038 1.93999999999978 0.9599999999998674 0
1039 1.239999999998 0.04000000000009448 0
1040 1.759999999999357 0.04000000000008979 0
1041 1.579999999998887 0.04000000000009523 0
1042 1.959999999999909 0.7999999999994802 0
1043 0.5200000000021727 0.9599999999998448 0
1044 0.4400000000018383 0.9599999999998511 0
1045 0.4200000000017575 0.9599999999998529 0
1046 1.599999999998938 0.04000000000009465 0
1047 1.279999999998104 0.04000000000009525 0
1048 1.31999999999821 0.04000000000009521 0
1049 1.559999999998836 0.04000000000009511 0
1050 1.519999999998735 0.04000000000009531 0
1051 1.15999999999779 0.04000000000009183 0
1052 1.179999999997843 0.04000000000009227 0
1053 0.7400000000030751 0.959999999999846 0
1054 0.7200000000029939 0.9599999999998446 0
1055 1.699999999999202 0.04000000000009166 0
1056 1.719999999999254 0.04000000000009105 0
1057 0.5600000000023376 0.9599999999998434 0
1058 0.6800000000028307 0.9599999999998428 0
1059 1.45999999999858 0.04000000000009543 0
1060 0.459999999998943 0.03999999999988595 0
1061 0.4999999999988245 0.03999999999988629 0
1062 1.959999999999894 0.8799999999996757 0
1063 1.95999999999988 0.919999999999771 0
1064 1.959999999999898 0.8599999999996286 0
1065 0.5199999999987663 0.03999999999988696 0
1066 0.8599999999977757 0.03999999999989347 0
1067 0.7999999999979485 0.03999999999988965 0
1068 0.6399999999984154 0.03999999999988965 0
1069 1.220000000002638 0.9600000000002681 0
1070 1.100000000003473 0.960000000000266 0
1071 1.540000000000413 0.9600000000002676 0
1072 0.1999999999488267 0.03999999994913599 0
1073 0.4199999999990617 0.0399999999998872 0
1074 1.960000000000103 0.3399999999991466 0
1075 1.340000000001796 0.9600000000002681 0
1076 1.659999999999561 0.9600000000002393 0
1077 0.2599999999995161 0.03999999999991787 0
1078 0.2399999999995257 0.03999999999989245 0
1079 0.81999999999789 0.03999999999988997 0
1080 1.960000000000093 0.1799999999996238 0
1081 0.03999999999976283 0.6200000000012712 0
1082 0.03999999999978306 0.5800000000015554 0
1083 0.6799999999983026 0.0399999999998902 0
1084 1.560000000000273 0.9600000000002665 0
1085 1.580000000000133 0.9600000000002645 0
1086 0.1599999862254794 0.0399999862257254 0
1087 0.7399999999981293 0.03999999999989033 0
1088 0.2799999999994646 0.03999999999990891 0
1089 1.619999999999854 0.960000000000259 0
1090 0.03999999999977035 0.7999999999999925 0
1091 0.3399999999993046 0.03999999999989575 0
1092 0.3199999999993589 0.0399999999998989 0
1093 0.03999999999975383 0.68000000000085 0
1094 0.03999999999975493 0.6600000000009864 0
1095 0.03999999999982482 0.540000000001771 0
1096 0.9799999999974236 0.03999999999999124 0
1097 0.9999999999974272 0.04000000000001826 0
1098 0.09999348903223847 0.03999348903235471 0
1099 0.1199985705979685 0.03999857059812495 0
1100 1.060000000003722 0.9600000000002488 0
1101 1.960000000000078 0.1399999999997389 0
1102 1.699999999999298 0.9600000000001898 0
1103 0.07996936972335565 0.03996936972344715 0
1104 0.03999999999986166 0.8599999999996892 0
1105 1.959999999999984 0.05999999999997849 0
1106 1.080000000003603 0.9400000000003846 0
1107 1.440000000001097 0.9400000000003984 0
1108 0.8799999999977181 0.05999999999985267 0
1109 1.219999999997953 0.06000000000013608 0
1110 0.4999999999988266 0.05999999999983188 0
1111 0.7199999999981929 0.059999999999838 0
1112 1.019999999997464 0.06000000000006675 0
1113 0.5200000000021809 0.9399999999997718 0
1114 0.7200000000029877 0.9399999999997736 0
1115 1.519999999998733 0.06000000000013907 0
1116 0.05999999999976381 0.5400000000017664 0
1117 0.06000000000014027 0.4000000000016043 0
1118 0.3400000000014464 0.9399999999997987 0
1119 1.560000000000266 0.9400000000003936 0
1120 0.339999999999313 0.05999999999984851 0
1121 1.659999999999084 0.0600000000001344 0
1122 0.05999999999965436 0.6400000000011397 0
1123 1.940000000000148 0.3199999999991947 0
1124 0.06000000000019166 0.3000000000012181 0
1125 1.939999999999908 0.6799999999992108 0
1126 1.69999999999928 0.9400000000002687 0
1127 1.759999999999343 0.06000000000012823 0
1128 0.2599999999995163 0.05999999999987784 0
1129 1.93999999999988 0.7599999999993862 0
1130 0.2200000000009487 0.9399999999998293 0
1131 1.940000000000131 0.1799999999996377 0
1132 1.799999999999276 0.9399999999998933 0
1133 0.05999999999967229 0.7999999999999821 0
1134 1.939999999999864 0.8199999999995353 0
1135 0.05999996564978462 0.1599999656502327 0
1136 0.1399997745949878 0.05999977459512844 0
1137 0.9800000000039337 0.9400000000001484 0
1138 0.05999999999980651 0.8599999999997273 0
1139 1.099999999997637 0.06000000000012522 0
1140 0.4200000000017675 0.9399999999997849 0
1141 0.05999352190479461 0.09999352190500436 0
1142 1.599999999998929 0.06000000000013775 0
1143 0.4399999999990064 0.05999999999983201 0
1144 0.6599999999983585 0.05999999999983745 0
1145 1.639999999999683 0.9400000000003657 0
1146 1.940000000000083 0.1199999999998487 0
1147 1.919999999999874 0.06000000000006422 0
1148 0.09999338672698882 0.05999338672705157 0
1149 1.940000000000033 0.5399999999989177 0
1150 0.06000000000017888 0.3400000000013965 0
1151 0.06000000000015487 0.9399999999998062 0
1152 1.939999999999952 0.6199999999990551 0
1153 1.839999999999384 0.9399999999998305 0
1154 0.0600000000001957 0.2600000000010608 0
1155 1.179999999997852 0.06000000000013304 0
1156 1.719999999999241 0.060000000000131 0
1157 1.819999999999514 0.04000000000008353 0
1158 1.359999999998319 0.04000000000009524 0
1159 0.560000000002344 0.9399999999997692 0
1160 0.6600000000027478 0.9599999999998428 0
1161 1.93999999999985 0.8599999999996256 0
1162 0.2199999999931318 0.05999999999342768 0
1163 0.3799999999991866 0.03999999999989105 0
1164 1.940000000000009 0.5599999999989529 0
1165 1.940000000000046 0.09999999999992971 0
1166 1.939999999999994 0.07999999999999084 0
1167 0.9400000000039123 0.9400000000000182 0
1168 1.020000000003884 0.960000000000194 0
1169 0.8800000000036853 0.959999999999914 0
1170 0.05999999999989145 0.879999999999708 0
1171 0.1800000000007985 0.9399999999998363 0
1172 0.04000000000008336 0.4200000000017034 0
1173 1.779999999999194 0.9599999999999643 0
1174 1.939999999999968 0.5999999999990173 0
1175 0.0399999999999261 0.5000000000018625 0
1176 0.3000000000012675 0.9399999999998079 0
1177 0.08000000000027353 0.9599999999998722 0
1178 1.939999999999886 0.7399999999993366 0
1179 0.160000000000678 0.9599999999998823 0
1180 1.959999999999938 0.6599999999991328 0
1181 0.1200000000004578 0.9599999999998814 0
1182 1.799999999999445 0.0600000000001216 0
1183 0.04000000000005434 0.9199999999997269 0
1184 1.0399999999975 0.06000000000009344 0
1185 0.3800000000016125 0.9399999999997911 0
1186 1.879999999999686 0.04000000000007379 0
1187 0.0399999927903021 0.179999992790895 0
1188 0.6800000000028288 0.9399999999997702 0
1189 0.03996945639512314 0.07996945639533198 0
1190 1.839999999999569 0.04000000000008029 0
1191 0.8000000000033142 0.9599999999998585 0
1192 0.840000000003488 0.9599999999998756 0
1193 0.2600000000010907 0.9599999999998713 0
1194 0.9799999999974306 0.05999999999999403 0
1195 0.5000000000020904 0.9599999999998465 0
1196 1.339999999998264 0.04000000000009489 0
1197 0.04000000000013757 0.2200000000009026 0
1198 1.57999999999888 0.06000000000013806 0
1199 1.919999999999699 0.9599999999998604 0
1200 0.06000000000016981 0.3600000000014719 0
1201 1.139999999997738 0.04000000000009042 0
1202 1.399999999998425 0.04000000000009511 0
1203 0.7600000000031539 0.9599999999998498 0
1204 1.299999999998157 0.04000000000009495 0
1205 1.439999999998528 0.04000000000009506 0
1206 1.939999999999891 0.7199999999992933 0
1207 1.879999999999521 0.9599999999998609 0
1208 0.05999813303679583 0.1199981330370876 0
1209 0.6000000000025014 0.9599999999998429 0
1210 1.059999999997542 0.06000000000011038 0
1211 0.6400000000026649 0.9599999999998429 0
1212 1.93999999999987 0.7999999999994878 0
1213 0.4600000000019219 0.95999999999985 0
1214 1.679999999999148 0.04000000000009172 0
1215 1.63999999999903 0.06000000000013549 0
1216 1.479999999998632 0.04000000000009523 0
1217 1.239999999998004 0.06000000000013705 0
1218 1.279999999998106 0.06000000000013832 0
1219 1.559999999998832 0.06000000000013832 0
1220 1.940000000000088 0.4999999999988683 0
1221 1.940000000000133 0.4599999999988804 0
1222 0.5399999999987083 0.03999999999988776 0
1223 0.6199999999984723 0.03999999999988969 0
1224 0.8399999999978323 0.0399999999998912 0
1225 0.7799999999980087 0.03999999999989011 0
1226 0.4799999999988842 0.03999999999988629 0
1227 0.2999999999994146 0.05999999999985915 0
1228 0.9200000000038606 0.9599999999999669 0
1229 1.739999999999164 0.9600000000000871 0
1230 1.360000000001654 0.9600000000002679 0
1231 1.200000000002774 0.9600000000002678 0
1232 1.52000000000055 0.9600000000002674 0
1233 1.120000000003336 0.9600000000002671 0
1234 1.599999999999981 0.9400000000003849 0
1235 1.960000000000102 0.3599999999990923 0
1236 1.280000000002225 0.9600000000002676 0
1237 0.1799999979173271 0.03999999791760606 0
1238 1.960000000000095 0.1999999999995719 0
1239 0.0400000000000259 0.460000000001822 0
1240 0.4199999999990673 0.05999999999983398 0
1241 1.240000000002502 0.9600000000002678 0
1242 0.5799999999985902 0.039999999999889 0
1243 0.3599999999992473 0.03999999999989372 0
1244 0.7599999999980754 0.0599999999998381 0
1245 0.7999999999979509 0.05999999999983736 0
1246 0.699999999998249 0.05999999999983811 0
1247 0.05999999999969978 0.8199999999998786 0
1248 1.480000000000827 0.9600000000002676 0
1249 0.03999999999976569 0.7800000000001206 0
1250 1.400000000001377 0.960000000000268 0
1251 1.320000000001939 0.9600000000002678 0
1252 1.959999999999887 0.8999999999997221 0
1253 1.160000000003052 0.9600000000002676 0
1254 1.9600000000001 0.3999999999989794 0
1255 1.960000000000096 0.4399999999988831 0
1256 1.960000000000098 0.2399999999994551 0
1257 1.9600000000001 0.2799999999993195 0
1258 1.93999999999994 0.06000000000002192 0
1259 0.03999999999975943 0.7400000000004089 0
1260 1.67999999999942 0.9600000000002168 0
1261 0.05999999999964886 0.6800000000008593 0
1262 1.939999999999799 0.9399999999998099 0
1263 0.03999999999975679 0.7000000000007092 0
1264 0.03999999999977402 0.6000000000014184 0
1265 1.060000000003703 0.9400000000003645 0
1266 1.940000000000122 0.1599999999996996 0
1267 0.03999999999980283 0.5600000000016745 0
1268 0.9199999999975865 0.0399999999999248 0
1269 0.9599999999974568 0.03999999999996751 0
1270 0.05995043661675185 0.05995043661685345 0
1271 1.26000000000237 0.9400000000003977 0
1272 1.080000000003581 0.9200000000005017 0
1273 1.219999999997962 0.08000000000017388 0
1274 0.719999999998198 0.07999999999978827 0
1275 1.019999999997481 0.08000000000008771 0
1276 1.920000000000061 0.5399999999989845 0
1277 1.579999999998871 0.08000000000017733 0
1278 0.4399999999990142 0.07999999999978057 0
1279 0.08000000000021749 0.3400000000013563 0
1280 1.919999999999873 0.7199999999993213 0
1281 1.920000000000161 0.1799999999996728 0
1282 1.919999999999838 0.7999999999994983 0
1283 0.07999999999959044 0.7999999999999677 0
1284 0.07999999999976759 0.8599999999997635 0
1285 1.379999999998374 0.06000000000013872 0
1286 0.8600000000035539 0.9399999999998573 0
1287 0.1400000000005507 0.9399999999998413 0
1288 1.340000000001785 0.9400000000003976 0
1289 1.879999999999544 0.9399999999998008 0
1290 0.8000000000032883 0.9399999999998025 0
1291 1.91999999999998 0.5999999999990518 0
1292 0.05999999999997078 0.4800000000018004 0
1293 0.5999999999985286 0.05999999999983648 0
1294 1.940000000000145 0.3799999999990382 0
1295 1.140000000003204 0.9400000000003972 0
1296 1.940000000000143 0.2599999999993907 0
1297 0.07999606208757964 0.09999606208769328 0
1298 1.919999999999723 0.9399999999997989 0
1299 1.939999999999922 0.6599999999991597 0
1300 0.06000000000007967 0.9199999999997583 0
1301 1.83999999999956 0.0600000000001118 0
1302 1.920000000000083 0.1199999999999205 0
1303 1.679999999999138 0.06000000000013264 0
1304 0.06000000000019479 0.2200000000009001 0
1305 0.05999999188114558 0.1799999918816729 0
1306 0.6400000000026643 0.9399999999997699 0
1307 1.479999999998629 0.06000000000013912 0
1308 0.4600000000019292 0.9399999999997801 0
1309 0.5000000000020989 0.9399999999997742 0
1310 1.220000000002641 0.9400000000003977 0
1311 1.739999999999187 0.9400000000001267 0
1312 1.779999999999235 0.9399999999999582 0
1313 0.5599999999986502 0.05999999999983482 0
1314 0.4799999999988876 0.05999999999983176 0
1315 1.380000000001506 0.9400000000003982 0
1316 1.940000000000146 0.2999999999992503 0
1317 0.05999999999965809 0.7600000000002421 0
1318 0.0599999999997036 0.5800000000015897 0
1319 1.679999999999394 0.9400000000003107 0
1320 0.05997677558100057 0.07997677558114238 0
1321 0.06000000000007518 0.4400000000017122 0
1322 0.9000000000037578 0.9399999999999287 0
1323 0.9200000000038399 0.9399999999999719 0
1324 0.1600000000006857 0.9399999999998411 0
1325 1.040000000003782 0.9400000000003308 0
1326 0.1000000000002948 0.9399999999998343 0
1327 0.06000000000018458 0.3200000000013051 0
1328 0.06000000000010959 0.4200000000016592 0
1329 1.939999999999938 0.6399999999991058 0
1330 0.05999999999998726 0.899999999999723 0
1331 0.2000000000008783 0.939999999999834 0
1332 1.919999999999865 0.7399999999993587 0
1333 0.3200000000013579 0.9399999999998034 0
1334 1.819999999999499 0.0600000000001162 0
1335 0.2600000000010994 0.9399999999998193 0
1336 0.2800000000011835 0.9399999999998144 0
1337 1.819999999999326 0.9399999999998577 0
1338 0.08000000000021067 0.9399999999998239 0
1339 0.05999999999982431 0.5200000000018067 0
1340 0.06000000000019348 0.280000000001136 0
1341 1.199999999997904 0.06000000000013405 0
1342 0.2400000000010217 0.9399999999998258 0
1343 1.69999999999919 0.06000000000013129 0
1344 0.8400000000034594 0.9399999999998331 0
1345 1.879999999999708 0.06000000000009831 0
1346 1.899999999999795 0.06000000000008358 0
1347 1.940000000000143 0.4199999999989411 0
1348 1.94000000000014 0.4399999999989085 0
1349 0.3600000000015326 0.9399999999997957 0
1350 0.06000000000019452 0.2400000000009854 0
1351 1.079999999997589 0.06000000000011947 0
1352 1.35999999999832 0.06000000000013831 0
1353 0.4000000000016909 0.9399999999997882 0
1354 1.859999999999459 0.9399999999998147 0
1355 0.7600000000031377 0.9399999999997843 0
1356 1.319999999998211 0.0600000000001381 0
1357 1.299999999998159 0.06000000000013782 0
1358 0.7400000000030625 0.9399999999997791 0
1359 1.779999999999394 0.06000000000012475 0
1360 0.6600000000027459 0.9399999999997708 0
1361 1.739999999999291 0.06000000000012942 0
1362 1.49999999999868 0.06000000000013885 0
1363 1.619999999998979 0.06000000000013645 0
1364 1.9399999999999 0.6999999999992553 0
1365 0.700000000002909 0.9399999999997719 0
1366 0.06000000000015678 0.3800000000015397 0
1367 1.139999999997744 0.06000000000012966 0
1368 1.1599999999978 0.06000000000013095 0
1369 0.5400000000022624 0.9399999999997707 0
1370 0.440000000001847 0.939999999999783 0
1371 1.039999999997513 0.0800000000001188 0
1372 0.5800000000024246 0.9399999999997691 0
1373 0.05999955816498985 0.1399995581653632 0
1374 0.9999999999974428 0.06000000000003101 0
1375 1.939999999999876 0.7799999999994384 0
1376 1.93999999999983 0.8999999999997097 0
1377 1.939999999999858 0.8399999999995813 0
1378 1.920000000000033 0.5599999999989976 0
1379 1.259999999998055 0.06000000000013762 0
1380 1.100000000003478 0.940000000000392 0
1381 1.11999999999769 0.06000000000012722 0
1382 0.6000000000025042 0.9399999999997696 0
1383 1.419999999998476 0.06000000000013866 0
1384 1.539999999998783 0.06000000000013839 0
1385 1.459999999998578 0.06000000000013871 0
1386 1.940000000000137 0.2199999999995292 0
1387 0.9600000000039327 0.9400000000000798 0
1388 1.939999999999815 0.9199999999997571 0
1389 1.719999999999215 0.9400000000002041 0
1390 0.9199999999975801 0.05999999999989317 0
1391 0.9599999999974528 0.05999999999995849 0
1392 0.8999999999976543 0.05999999999987021 0
1393 0.6399999999984131 0.05999999999983732 0
1394 0.5199999999987677 0.05999999999983289 0
1395 0.8199999999978898 0.05999999999983784 0
1396 0.7399999999981351 0.05999999999983845 0
1397 1.460000000000958 0.9400000000003979 0
1398 1.500000000000682 0.9400000000003971 0
1399 0.399999999999132 0.05999999999983699 0
1400 0.319999999999364 0.05999999999985374 0
1401 1.940000000000148 0.3399999999991438 0
1402 0.1599999598716764 0.05999995987186483 0
1403 1.180000000002915 0.9400000000003976 0
1404 0.679999999998304 0.05999999999983811 0
1405 1.400000000001371 0.9400000000003979 0
1406 0.8599999999977738 0.05999999999984376 0
1407 1.94000000000006 0.5199999999988915 0
1408 1.420000000001234 0.9400000000003977 0
1409 1.940000000000115 0.4799999999988715 0
1410 0.1999999997041728 0.05999999970443591 0
1411 1.580000000000122 0.9400000000003891 0
1412 0.4599999999989479 0.05999999999983198 0
1413 0.2399999999987088 0.05999999999903566 0
1414 0.07997646127933204 0.05997646127940368 0
1415 1.939999999999841 0.879999999999667 0
1416 1.940000000000133 0.1999999999995865 0
1417 1.300000000002083 0.9400000000003976 0
1418 1.020000000003847 0.9400000000002816 0
1419 1.0000000000039 0.9400000000002192 0
1420 0.05999999999965187 0.660000000000996 0
1421 1.540000000000405 0.9400000000003954 0
1422 0.7799999999980141 0.05999999999983797 0
1423 0.279999999999467 0.05999999999986902 0
1424 0.3599999999992575 0.05999999999984461 0
1425 1.619999999999831 0.9400000000003764 0
1426 0.05999999999965211 0.7200000000005665 0
1427 1.940000000000104 0.1399999999997742 0
1428 0.05999999999966559 0.7800000000001018 0
1429 0.05999999999966796 0.6200000000012992 0
1430 0.05999999999974752 0.8399999999997928 0
1431 0.05999999999965187 0.7000000000007165 0
1432 0.05999999999973157 0.5600000000016909 0
1433 1.659999999999531 0.9400000000003418 0
1434 0.1199981925843324 0.05999819258442344 0
1435 1.919999999999943 0.08000000000004018 0
1436 1.380000000001497 0.9200000000005243 0
1437 0.8599999999977703 0.07999999999979604 0
1438 0.9400000000038423 0.9200000000000466 0
1439 1.359999999998319 0.08000000000017804 0
1440 0.760000000003111 0.9199999999997291 0
1441 0.5000000000021099 0.9199999999997065 0
1442 1.019999999997495 0.1000000000001058 0
1443 0.07999999999964162 0.5800000000016265 0
1444 1.900000000000096 0.5399999999990385 0
1445 1.560000000000239 0.9200000000005143 0
1446 1.920000000000188 0.3199999999991899 0
1447 0.3200000000013901 0.9199999999997507 0
1448 0.3399999999993204 0.07999999999980502 0
1449 0.0799999999995606 0.6800000000008501 0
1450 1.659999999999488 0.9200000000004389 0
1451 1.899999999999867 0.7199999999993519 0
1452 1.739999999999266 0.08000000000016351 0
1453 0.08000000000024216 0.240000000000987 0
1454 0.2599999999994665 0.07999999999978659 0
1455 0.2400000000010392 0.9199999999997867 0
1456 1.779999999999272 0.9199999999999607 0
1457 1.839999999999423 0.9199999999997954 0
1458 1.819999999999488 0.08000000000014296 0
1459 0.07999999458823986 0.179999994588724 0
1460 0.6600000000027426 0.9199999999997046 0
1461 1.1199999999977 0.08000000000016089 0
1462 0.1600000000006732 0.9199999999998127 0
1463 1.920000000000173 0.4599999999989471 0
1464 1.919999999999806 0.8599999999996232 0
1465 1.499999999998674 0.08000000000017923 0
1466 1.679999999999119 0.08000000000016912 0
1467 0.3800000000016354 0.9199999999997321 0
1468 0.5600000000023507 0.9199999999997005 0
1469 0.799999999997958 0.07999999999978717 0
1470 1.44000000000109 0.9200000000005243 0
1471 0.4999999999988295 0.07999999999977989 0
1472 0.1599999681176065 0.07999996811771101 0
1473 1.040000000003753 0.9200000000004284 0
1474 1.919999999999918 0.6599999999992083 0
1475 0.9599999999974614 0.07999999999995221 0
1476 1.919999999999886 0.699999999999292 0
1477 0.9999999999974606 0.08000000000004381 0
1478 1.919999999999848 0.7799999999994514 0
1479 0.4200000000017814 0.919999999999722 0
1480 1.159999999997815 0.08000000000016648 0
1481 1.199999999997917 0.08000000000017131 0
1482 0.07999999999972154 0.5400000000017604 0
1483 0.7200000000029764 0.9199999999997113 0
1484 1.259999999998056 0.08000000000017665 0
1485 1.299999999998156 0.0800000000001773 0
1486 1.699999999999267 0.9200000000003383 0
1487 0.2199999999593282 0.07999999995957122 0
1488 0.07999999999968714 0.8399999999998103 0
1489 1.000000000003867 0.9200000000002871 0
1490 1.100000000003472 0.9200000000005145 0
1491 1.920000000000146 0.1599999999997525 0
1492 0.09999540452206475 0.07999540452208843 0
1493 1.899999999999868 0.08000000000007804 0
1494 1.920000000000125 0.4999999999989612 0
1495 1.920000000000093 0.5199999999989733 0
1496 0.07999999999999845 0.8999999999997598 0
1497 0.8800000000036502 0.9399999999998933 0
1498 0.9200000000037691 0.9199999999999866 0
1499 0.860000000003494 0.9199999999998395 0
1500 1.06000000000367 0.9200000000004717 0
1501 1.759999999999203 0.9400000000000414 0
1502 0.08000000000022697 0.3200000000012721 0
1503 0.06000000000002838 0.4600000000017589 0
1504 0.2800000000012082 0.9199999999997683 0
1505 1.899999999999636 0.9399999999997967 0
1506 0.05999999819644701 0.1999999981970648 0
1507 1.920000000000006 0.5799999999990203 0
1508 0.1200000000004076 0.9399999999998411 0
1509 0.0799999999998797 0.8799999999997514 0
1510 0.2000000000009012 0.9199999999998012 0
1511 0.8200000000033703 0.9399999999998166 0
1512 1.799999999999313 0.9199999999998864 0
1513 1.779999999999369 0.08000000000015592 0
1514 0.08000000000023473 0.3000000000011923 0
1515 1.920000000000184 0.419999999998968 0
1516 1.919999999999858 0.7599999999994038 0
1517 1.619999999998964 0.08000000000017514 0
1518 1.099999999997649 0.08000000000015679 0
1519 0.3400000000014784 0.9199999999997444 0
1520 0.4800000000020145 0.9399999999997776 0
1521 1.859999999999497 0.9199999999997703 0
1522 1.519999999998725 0.08000000000017862 0
1523 1.559999999998823 0.0800000000001776 0
1524 0.7800000000032092 0.9399999999997942 0
1525 1.599999999998917 0.08000000000017607 0
1526 0.07999973052661014 0.1399997305269082 0
1527 0.07999858672845184 0.1199985867286496 0
1528 0.5200000000021918 0.9199999999997039 0
1529 0.4400000000018576 0.9199999999997188 0
1530 1.439999999998526 0.06000000000013836 0
1531 1.239999999998008 0.08000000000017503 0
1532 0.7000000000029029 0.9199999999997077 0
1533 1.919999999999829 0.819999999999542 0
1534 0.08000000000023923 0.2800000000011204 0
1535 0.08000000000018755 0.3800000000014956 0
1536 0.08000000000012664 0.4200000000016053 0
1537 0.08000000000020308 0.3600000000014262 0
1538 0.5800000000024287 0.9199999999997009 0
1539 0.08000000000011734 0.9199999999997862 0
1540 1.859999999999632 0.06000000000010482 0
1541 1.339999999998265 0.06000000000013768 0
1542 1.91999999999996 0.6199999999990978 0
1543 1.479999999998624 0.08000000000017894 0
1544 0.6200000000025837 0.9399999999997705 0
1545 1.699999999999169 0.0800000000001671 0
1546 1.399999999998425 0.06000000000013832 0
1547 1.059999999997553 0.08000000000013834 0
1548 0.9800000000038848 0.9200000000002007 0
1549 0.4199999999990779 0.07999999999978356 0
1550 0.6999999999982518 0.07999999999978843 0
1551 0.8799999999977131 0.07999999999981035 0
1552 0.5399999999987093 0.05999999999983406 0
1553 1.200000000002777 0.9400000000003974 0
1554 0.299999999999421 0.07999999999982042 0
1555 0.8399999999978306 0.05999999999984006 0
1556 1.520000000000543 0.940000000000396 0
1557 0.6199999999984696 0.05999999999983721 0
1558 0.1799999915234796 0.05999999152370438 0
1559 1.719999999999219 0.9200000000002598 0
1560 0.8999999999976478 0.07999999999983352 0
1561 1.240000000002506 0.9400000000003973 0
1562 0.6599999999983572 0.0799999999997876 0
1563 1.120000000003345 0.940000000000395 0
1564 1.919999999999789 0.8799999999996606 0
1565 1.940000000000146 0.3599999999990917 0
1566 0.5799999999985895 0.05999999999983595 0
1567 1.28000000000223 0.9400000000003972 0
1568 1.400000000001365 0.920000000000524 0
1569 0.05999999999965622 0.7400000000004012 0
1570 1.940000000000139 0.2399999999994638 0
1571 0.07999999999962938 0.8199999999998807 0
1572 0.7599999999980852 0.07999999999978827 0
1573 0.7399999999981423 0.07999999999978866 0
1574 0.05999999999968695 0.6000000000014539 0
1575 0.4599999999989539 0.07999999999977989 0
1576 1.48000000000082 0.940000000000397 0
1577 1.360000000001643 0.9400000000003972 0
1578 1.160000000003061 0.9400000000003972 0
1579 0.05999999999989795 0.5000000000018169 0
1580 1.320000000001932 0.9400000000003972 0
1581 1.920000000000166 0.199999999999611 0
1582 0.3799999999991965 0.05999999999984083 0
1583 1.599999999999935 0.9200000000004991 0
1584 1.919999999999744 0.919999999999746 0
1585 0.07999999999957162 0.6400000000011666 0
1586 1.940000000000144 0.3999999999989879 0
1587 1.940000000000144 0.2799999999993162 0
1588 1.920000000000119 0.1399999999998401 0
1589 0.07999999999957785 0.7800000000000752 0
1590 0.07999999999956231 0.7200000000005335 0
1591 0.9399999999975085 0.05999999999992461 0
1592 0.1399997238330652 0.07999972383311547 0
1593 1.63999999999963 0.9200000000004681 0
1594 1.920000000000016 0.09999999999999093 0
1595 0.07998683272972944 0.0799868327298081 0
1596 1.239999999998014 0.1000000000002095 0
1597 1.220000000002646 0.9200000000005241 0
1598 1.38000000000149 0.9000000000006465 0
1599 0.8599999999977632 0.09999999999975136 0
1600 0.7199999999982015 0.09999999999974094 0
1601 0.5600000000023583 0.8999999999996371 0
1602 1.100000000003449 0.9000000000006331 0
1603 0.9400000000037322 0.9000000000000785 0
1604 0.720000000002964 0.8999999999996573 0
1605 1.499999999998668 0.1000000000002152 0
1606 0.4399999999990248 0.09999999999973179 0
1607 0.4200000000017977 0.899999999999664 0
1608 0.1000000000002071 0.38000000000143 0
1609 1.639999999999571 0.9000000000005672 0
1610 1.699999999999138 0.1000000000001983 0
1611 0.1000000000002681 0.3000000000011623 0
1612 1.779999999999312 0.8999999999999728 0
1613 1.899999999999829 0.7799999999994713 0
1614 0.09999999999952301 0.7999999999999503 0
1615 1.900000000000182 0.1799999999997468 0
1616 1.900000000000114 0.1399999999999282 0
1617 1.619999999998949 0.1000000000002093 0
1618 1.099999999997667 0.1000000000001848 0
1619 1.300000000002078 0.9200000000005235 0
1620 0.09999999999976301 0.859999999999791 0
1621 1.839999999999484 0.8999999999997689 0
1622 1.899999999999763 0.8599999999996283 0
1623 1.900000000000003 0.5999999999991025 0
1624 0.5599999999986507 0.07999999999978365 0
1625 1.699999999999263 0.9000000000004061 0
1626 0.1599999660749061 0.09999996607490873 0
1627 0.09999930406610548 0.11999930406619 0
1628 0.8800000000035834 0.9199999999998854 0
1629 0.07999999988750658 0.2199999998881756 0
1630 1.899999999999883 0.6999999999993317 0
1631 1.759999999999236 0.9200000000000631 0
1632 1.060000000003642 0.9000000000005761 0
1633 1.899999999999665 0.9199999999997442 0
1634 0.8200000000033257 0.9199999999997791 0
1635 0.999999999997476 0.1000000000000566 0
1636 0.7800000000031755 0.9199999999997438 0
1637 1.339999999998264 0.08000000000017728 0
1638 0.4800000000020248 0.9199999999997108 0
1639 1.639999999999013 0.08000000000017281 0
1640 1.439999999998525 0.08000000000017853 0
1641 0.5199999999987692 0.07999999999978109 0
1642 1.18000000000293 0.9200000000005241 0
1643 0.8199999999978924 0.07999999999978777 0
1644 1.920000000000186 0.3799999999990412 0
1645 0.5999999999985258 0.07999999999978596 0
1646 0.07999999999987477 0.5000000000017786 0
1647 0.9399999999975084 0.07999999999990726 0
1648 0.1999999991935109 0.07999999919370707 0
1649 0.07999999999956633 0.7400000000003604 0
1650 0.07999999999961507 0.6000000000015008 0
1651 0.09999753687002683 0.09999753687005818 0
1652 0.1200000000003155 0.9199999999998143 0
1653 0.1000000000000552 0.8999999999997872 0
1654 1.900000000000129 0.5199999999990415 0
1655 0.9000000000036762 0.9199999999999346 0
1656 0.100000000000244 0.3400000000013019 0
1657 0.1400000000004874 0.9199999999998172 0
1658 0.07999999848242406 0.1999999984830062 0
1659 1.739999999999216 0.9200000000001651 0
1660 0.3000000000013014 0.9199999999997598 0
1661 1.879999999999582 0.9199999999997538 0
1662 0.07999999999995934 0.4800000000017437 0
1663 0.08000000000008148 0.4400000000016495 0
1664 1.91999999999994 0.6399999999991548 0
1665 0.8400000000034085 0.9199999999998064 0
1666 0.1800000000008051 0.9199999999998085 0
1667 1.859999999999659 0.0800000000001234 0
1668 1.839999999999567 0.08000000000013356 0
1669 1.919999999999902 0.6799999999992566 0
1670 0.9799999999974537 0.07999999999999804 0
1671 1.179999999997869 0.08000000000016859 0
1672 0.2600000000011219 0.9199999999997786 0
1673 1.319999999998209 0.08000000000017685 0
1674 0.6800000000028242 0.9199999999997065 0
1675 0.4600000000019398 0.9199999999997154 0
1676 0.08000000000015975 0.4000000000015509 0
1677 1.799999999999425 0.08000000000014926 0
1678 0.400000000001709 0.9199999999997274 0
1679 1.279999999998105 0.08000000000017676 0
1680 0.7400000000030441 0.9199999999997204 0
1681 1.759999999999315 0.08000000000015972 0
1682 1.659999999999065 0.08000000000017063 0
1683 0.07999999999967898 0.5600000000017049 0
1684 1.139999999997758 0.08000000000016329 0
1685 1.819999999999366 0.9199999999998354 0
1686 1.459999999998575 0.08000000000017844 0
1687 1.879999999999772 0.08000000000010311 0
1688 0.5400000000022719 0.9199999999997023 0
1689 1.899999999999816 0.7999999999995139 0
1690 1.199999999997932 0.1000000000002043 0
1691 0.6200000000025826 0.9199999999997028 0
1692 0.6000000000025052 0.9199999999997024 0
1693 0.6400000000026614 0.9199999999997044 0
1694 0.0799999249353384 0.1599999249357305 0
1695 0.9600000000038692 0.9200000000001198 0
1696 0.2200000000009696 0.9199999999997953 0
1697 1.919999999999819 0.839999999999584 0
1698 0.08000000000024067 0.2600000000010541 0
1699 1.899999999999856 0.7399999999993832 0
1700 0.3600000000015598 0.9199999999997386 0
1701 1.0799999999976 0.08000000000014934 0
1702 1.399999999998424 0.08000000000017829 0
1703 1.539999999998774 0.0800000000001778 0
1704 1.719999999999216 0.08000000000016494 0
1705 1.599999999998905 0.1000000000002108 0
1706 1.559999999998809 0.1000000000002131 0
1707 1.379999999998373 0.08000000000017785 0
1708 1.039999999997526 0.1000000000001401 0
1709 1.92000000000018 0.4399999999989559 0
1710 0.1000000000001926 0.9199999999998052 0
1711 1.900000000000063 0.5599999999990409 0
1712 1.340000000001769 0.9200000000005235 0
1713 0.6799999999983047 0.07999999999978838 0
1714 1.54000000000038 0.9200000000005175 0
1715 1.500000000000667 0.9200000000005211 0
1716 0.3199999999993709 0.07999999999981246 0
1717 1.679999999999367 0.9200000000003928 0
1718 1.920000000000188 0.3399999999991392 0
1719 0.1199983680169022 0.07999836801692682 0
1720 0.8799999999976988 0.09999999999977065 0
1721 1.260000000002375 0.9200000000005238 0
1722 1.42000000000123 0.9200000000005237 0
1723 1.360000000001631 0.9200000000005232 0
1724 0.3799999999992077 0.07999999999979296 0
1725 0.3599999999992663 0.07999999999979909 0
1726 0.6399999999984104 0.07999999999978734 0
1727 1.920000000000184 0.2799999999993153 0
1728 1.920000000000185 0.2999999999992478 0
1729 1.619999999999777 0.9200000000004854 0
1730 0.8399999999978294 0.07999999999979089 0
1731 0.07999999999956228 0.7000000000006894 0
1732 1.020000000003818 0.9200000000003637 0
1733 0.2399999999937713 0.07999999999405444 0
1734 1.920000000000153 0.479999999998955 0
1735 1.920000000000185 0.3999999999990004 0
1736 0.7599999999980928 0.09999999999974049 0
1737 0.1799999898067933 0.07999998980694142 0
1738 1.460000000000951 0.9200000000005231 0
1739 1.140000000003221 0.9200000000005231 0
1740 0.7799999999980232 0.079999999999788 0
1741 0.479999999998892 0.07999999999977989 0
1742 0.07999999999979122 0.5200000000017816 0
1743 0.09999999999956893 0.8199999999998761 0
1744 0.07999999999956563 0.6600000000010031 0
1745 1.92000000000017 0.2199999999995487 0
1746 1.580000000000084 0.9200000000005069 0
1747 1.919999999999767 0.8999999999997017 0
1748 0.3999999999991438 0.07999999999978807 0
1749 0.2799999999994674 0.07999999999982571 0
1750 1.920000000000179 0.2599999999993977 0
1751 1.12000000000335 0.9200000000005196 0
1752 0.9199999999975754 0.07999999999986683 0
1753 1.900000000000043 0.12 0
1754 1.899999999999953 0.1000000000000459 0
1755 0.07999999999957191 0.7600000000002052 0
1756 0.07999999999959187 0.6200000000013415 0
1757 1.379999999998375 0.1000000000002139 0
1758 0.859999999997745 0.1199999999997089 0
1759 0.9999999999974882 0.1200000000000685 0
1760 1.619999999998933 0.1200000000002392 0
1761 1.880000000000132 0.539999999999083 0
1762 0.0999999999997648 0.5200000000017583 0
1763 0.09999999999948735 0.6800000000008177 0
1764 1.900000000000224 0.3799999999990459 0
1765 0.3399999999993309 0.09999999999976483 0
1766 0.2600000000011561 0.8999999999997438 0
1767 0.2599999999991404 0.09999999999941468 0
1768 1.900000000000216 0.2799999999993263 0
1769 1.87999999999989 0.6999999999993645 0
1770 0.1199999999994698 0.7999999999999284 0
1771 0.09999999922233159 0.1999999992228814 0
1772 1.799999999999408 0.100000000000172 0
1773 1.87999999999982 0.779999999999498 0
1774 0.1600000000006019 0.8999999999997981 0
1775 1.900000000000211 0.4599999999990366 0
1776 0.860000000003422 0.8999999999998316 0
1777 0.4800000000020422 0.8999999999996489 0
1778 1.299999999998152 0.1000000000002123 0
1779 0.6599999999983567 0.09999999999974016 0
1780 0.09999999999959566 0.5800000000016513 0
1781 0.4999999999988316 0.09999999999973026 0
1782 1.440000000001086 0.9000000000006455 0
1783 0.120000000000185 0.8999999999998012 0
1784 1.85999999999973 0.1000000000001275 0
1785 1.899999999999951 0.6399999999992249 0
1786 1.900000000000163 0.4999999999990444 0
1787 0.3000000000013468 0.8999999999997167 0
1788 0.9399999999975058 0.09999999999989312 0
1789 1.819999999999419 0.8999999999998191 0
1790 0.9799999999974692 0.1000000000000029 0
1791 1.519999999998713 0.1000000000002144 0
1792 0.6800000000028187 0.8999999999996481 0
1793 1.079999999997617 0.1000000000001762 0
1794 0.3400000000015166 0.8999999999996945 0
1795 1.759999999999279 0.100000000000187 0
1796 1.719999999999184 0.1000000000001951 0
1797 1.139999999997777 0.1000000000001935 0
1798 1.179999999997887 0.1000000000002007 0
1799 0.6000000000025028 0.8999999999996399 0
1800 1.459999999998575 0.1000000000002151 0
1801 0.100000000000278 0.2600000000010471 0
1802 1.899999999999784 0.8399999999995927 0
1803 1.879999999999629 0.8999999999997121 0
1804 1.679999999999344 0.9000000000004743 0
1805 1.020000000003793 0.9000000000004449 0
1806 0.7999999999979663 0.09999999999973891 0
1807 0.4599999999989602 0.09999999999973049 0
1808 1.400000000001362 0.9000000000006458 0
1809 0.3999999999991586 0.09999999999974132 0
1810 0.09999999999948712 0.7200000000004505 0
1811 0.899999999997628 0.09999999999980067 0
1812 1.599999999999857 0.9000000000006069 0
1813 0.1399997733391912 0.09999977333915498 0
1814 1.880000000000071 0.1400000000000163 0
1815 1.879999999999958 0.120000000000063 0
1816 0.900000000003577 0.8999999999999452 0
1817 0.9200000000036568 0.9000000000000091 0
1818 1.759999999999277 0.9000000000000876 0
1819 0.9800000000038132 0.9000000000002552 0
1820 0.9600000000037739 0.9000000000001622 0
1821 0.09999996115741788 0.1599999611577271 0
1822 0.1000000000002265 0.360000000001368 0
1823 1.080000000003547 0.9000000000006105 0
1824 1.859999999999558 0.8999999999997371 0
1825 1.899999999999978 0.6199999999991642 0
1826 0.08000000000002672 0.4600000000016967 0
1827 0.09999999999985902 0.5000000000017345 0
1828 1.900000000000032 0.5799999999990638 0
1829 0.8400000000033496 0.8999999999997885 0
1830 0.1000000000002563 0.3200000000012301 0
1831 0.09999999999991603 0.8799999999997824 0
1832 1.79999999999936 0.8999999999998868 0
1833 0.2200000000009934 0.8999999999997691 0
1834 0.8000000000032463 0.9199999999997612 0
1835 1.899999999999845 0.7599999999994264 0
1836 1.65999999999904 0.1000000000002035 0
1837 1.899999999999926 0.6599999999992763 0
1838 1.899999999999905 0.6799999999993083 0
1839 0.1000000000001347 0.4200000000015324 0
1840 0.7600000000030823 0.8999999999996836 0
1841 0.100000000000174 0.4000000000014808 0
1842 0.3800000000016615 0.8999999999996776 0
1843 0.7000000000028942 0.8999999999996524 0
1844 1.53999999999876 0.1000000000002134 0
1845 1.059999999997568 0.1000000000001617 0
1846 1.339999999998262 0.1000000000002129 0
1847 1.899999999999735 0.8799999999996642 0
1848 1.67999999999909 0.1000000000002004 0
1849 0.5400000000022851 0.8999999999996386 0
1850 1.279999999998104 0.1000000000002118 0
1851 1.11999999999772 0.100000000000189 0
1852 0.7400000000030253 0.8999999999996697 0
1853 1.639999999998993 0.1000000000002059 0
1854 1.479999999998622 0.1000000000002149 0
1855 0.5800000000024301 0.8999999999996384 0
1856 0.1000000000002734 0.2800000000011021 0
1857 0.09999975048481868 0.1399997504850031 0
1858 0.4000000000017289 0.899999999999671 0
1859 1.219999999997973 0.1000000000002068 0
1860 1.879999999999873 0.7199999999993758 0
1861 0.6400000000026562 0.8999999999996442 0
1862 1.899999999999802 0.8199999999995543 0
1863 0.1800000000007747 0.8999999999997901 0
1864 1.419999999998475 0.080000000000178 0
1865 0.09999999999197956 0.2399999999926902 0
1866 1.839999999999612 0.1000000000001468 0
1867 0.09999999999949609 0.7600000000001566 0
1868 1.579999999998858 0.1000000000002118 0
1869 1.01999999999751 0.12000000000012 0
1870 1.259999999998058 0.1000000000002106 0
1871 0.4400000000018733 0.8999999999996595 0
1872 1.900000000000221 0.4199999999990126 0
1873 1.719999999999238 0.9000000000003144 0
1874 0.7399999999981474 0.09999999999974114 0
1875 1.920000000000187 0.3599999999990895 0
1876 0.2399999999932182 0.0999999999934532 0
1877 0.2199999998952673 0.09999999989544769 0
1878 0.2999999999994375 0.09999999999978484 0
1879 1.160000000003078 0.9200000000005231 0
1880 1.240000000002511 0.9200000000005236 0
1881 1.900000000000224 0.3199999999991839 0
1882 1.48000000000081 0.9200000000005216 0
1883 1.900000000000198 0.2199999999995878 0
1884 1.900000000000191 0.1999999999996686 0
1885 0.699999999998254 0.09999999999974113 0
1886 0.5399999999987105 0.07999999999978259 0
1887 1.879999999999854 0.1000000000000887 0
1888 0.3799999999992194 0.09999999999974846 0
1889 1.520000000000522 0.920000000000519 0
1890 1.200000000002786 0.9200000000005236 0
1891 0.09999999999950773 0.7800000000000455 0
1892 0.6199999999984662 0.07999999999978702 0
1893 0.09999999999950517 0.6400000000011992 0
1894 0.09999999999965173 0.8399999999998231 0
1895 1.659999999999451 0.9000000000005269 0
1896 0.8399999999978268 0.09999999999974349 0
1897 0.5799999999985883 0.07999999999978512 0
1898 1.360000000001619 0.9000000000006459 0
1899 1.280000000002231 0.9200000000005233 0
1900 1.040000000003727 0.9000000000005179 0
1901 1.8999999999997 0.8999999999997037 0
1902 0.09999999999969211 0.5400000000017491 0
1903 1.560000000000172 0.9000000000006282 0
1904 1.920000000000174 0.2399999999994788 0
1905 0.4199999999990923 0.09999999999973608 0
1906 0.7799999999980316 0.09999999999973988 0
1907 1.320000000001921 0.9200000000005232 0
1908 1.900000000000153 0.1599999999998415 0
1909 1.120000000003344 0.9000000000006411 0
1910 0.1799999917159288 0.09999999171598696 0
1911 1.619999999999709 0.9000000000005893 0
1912 0.1199989837524322 0.09999898375241346 0
1913 0.09999999999952969 0.6200000000013883 0
1914 1.380000000001487 0.8800000000007646 0
1915 1.179999999997907 0.1200000000002289 0
1916 0.7199999999982037 0.1199999999996958 0
1917 0.5800000000024302 0.8799999999995805 0
1918 1.100000000003424 0.8800000000007457 0
1919 0.920000000003532 0.8800000000000328 0
1920 1.459999999998581 0.1200000000002476 0
1921 0.7600000000030587 0.8799999999996457 0
1922 0.999999999997503 0.1400000000000773 0
1923 0.1199999999996669 0.540000000001733 0
1924 0.4399999999990349 0.1199999999996855 0
1925 1.599999999999781 0.880000000000709 0
1926 0.3800000000016858 0.8799999999996274 0
1927 0.1200000000001381 0.4200000000014468 0
1928 0.1200000000002776 0.320000000001182 0
1929 0.2599999999988885 0.1199999999991117 0
1930 1.859999999999908 0.6999999999993884 0
1931 1.679999999999331 0.8800000000005529 0
1932 1.719999999999144 0.1200000000002204 0
1933 1.220000000002661 0.9000000000006465 0
1934 1.759999999999323 0.8800000000001158 0
1935 1.81999999999949 0.8799999999998114 0
1936 1.88000000000022 0.2199999999996716 0
1937 1.079999999997641 0.1200000000001983 0
1938 1.259999999998064 0.1200000000002414 0
1939 0.1600000000004383 0.8799999999997937 0
1940 1.300000000002064 0.9000000000006459 0
1941 1.880000000000001 0.6199999999992436 0
1942 1.879999999999782 0.8199999999995777 0
1943 0.8600000000033531 0.8799999999998295 0
1944 0.1199999999996878 0.2600000000004182 0
1945 0.5999999999985223 0.09999999999973787 0
1946 1.040000000003709 0.8800000000006075 0
1947 0.7999999999979615 0.1199999999996922 0
1948 0.1799999954431243 0.1199999954430876 0
1949 0.1199998879220091 0.1399998879220481 0
1950 0.1199999999996426 0.8399999999998264 0
1951 0.1200000000002175 0.380000000001361 0
1952 1.879999999999839 0.7599999999994509 0
1953 0.1200000000000175 0.8799999999997981 0
1954 1.679999999999057 0.1200000000002281 0
1955 1.639999999998973 0.1200000000002355 0
1956 1.119999999997747 0.1200000000002139 0
1957 0.520000000002209 0.8999999999996406 0
1958 1.579999999998844 0.120000000000243 0
1959 1.539999999998745 0.1200000000002453 0
1960 0.4200000000018187 0.8799999999996108 0
1961 0.7200000000029485 0.879999999999612 0
1962 0.6399999999984084 0.0999999999997397 0
1963 0.5599999999986506 0.09999999999973486 0
1964 1.900000000000224 0.3599999999990861 0
1965 0.3999999999991719 0.1199999999996978 0
1966 0.8399999999978157 0.1199999999996976 0
1967 1.340000000001755 0.9000000000006456 0
1968 1.900000000000204 0.2399999999995114 0
1969 0.1400000000003742 0.8999999999998041 0
1970 0.1599999716296966 0.1199999716296079 0
1971 1.859999999999848 0.1200000000001124 0
1972 0.1399998600424158 0.1199998600423325 0
1973 0.9600000000036503 0.880000000000205 0
1974 1.900000000000192 0.4799999999990427 0
1975 1.880000000000063 0.5799999999991161 0
1976 1.73999999999925 0.900000000000206 0
1977 1.859999999999624 0.8799999999997078 0
1978 0.09999998861366324 0.1799999886140933 0
1979 0.2800000000012535 0.8999999999997307 0
1980 1.879999999999943 0.6599999999993422 0
1981 1.879999999999857 0.739999999999406 0
1982 1.880000000000098 0.5599999999990907 0
1983 0.09999999999994881 0.4800000000016867 0
1984 0.1199999999997491 0.5200000000017216 0
1985 0.979999999997481 0.1200000000000077 0
1986 0.8200000000032763 0.8999999999997557 0
1987 0.7800000000031398 0.8999999999997045 0
1988 0.9599999999974783 0.09999999999994863 0
1989 1.159999999997835 0.1000000000001967 0
1990 0.2400000000010712 0.899999999999758 0
1991 0.6800000000028026 0.8799999999995972 0
1992 1.73999999999923 0.100000000000191 0
1993 1.879999999999723 0.8599999999996478 0
1994 1.359999999998321 0.1000000000002132 0
1995 0.3600000000015914 0.8999999999996865 0
1996 0.4600000000019567 0.8999999999996547 0
1997 0.3200000000014347 0.8999999999997053 0
1998 1.819999999999507 0.1000000000001603 0
1999 1.299999999998158 0.1200000000002433 0
2000 1.779999999999336 0.1000000000001797 0
2001 0.5400000000023 0.87999999999958 0
2002 1.879999999999802 0.7999999999995401 0
2003 0.5000000000021284 0.8999999999996445 0
2004 1.219999999997985 0.1200000000002366 0
2005 0.6600000000027367 0.8999999999996469 0
2006 0.2000000000009005 0.8999999999997808 0
2007 1.879999999999916 0.6799999999993553 0
2008 1.419999999998479 0.1000000000002143 0
2009 1.399999999998429 0.1000000000002137 0
2010 1.599999999998891 0.120000000000241 0
2011 0.1000000000000837 0.4400000000015759 0
2012 0.09999999978051632 0.2199999997811534 0
2013 0.1200000000002124 0.2800000000009913 0
2014 0.09999999999964108 0.5600000000017105 0
2015 0.1200000000002414 0.3600000000013089 0
2016 1.039999999997544 0.1200000000001576 0
2017 0.8800000000034964 0.8999999999998878 0
2018 1.779999999999362 0.8799999999999915 0
2019 1.319999999998206 0.1000000000002119 0
2020 1.439999999998528 0.1000000000002141 0
2021 1.519999999998702 0.1200000000002462 0
2022 1.479999999998622 0.1200000000002474 0
2023 0.6200000000025772 0.8999999999996426 0
2024 1.880000000000201 0.4999999999991038 0
2025 1.880000000000167 0.5199999999990912 0
2026 1.699999999999279 0.880000000000472 0
2027 1.900000000000218 0.4399999999990251 0
2028 1.000000000003818 0.900000000000353 0
2029 0.8799999999976693 0.1199999999997336 0
2030 0.759999999998092 0.1199999999996947 0
2031 1.639999999999527 0.8800000000006591 0
2032 1.879999999999679 0.8799999999996818 0
2033 0.5199999999987704 0.09999999999973169 0
2034 0.3199999999993857 0.09999999999977476 0
2035 1.900000000000222 0.399999999999022 0
2036 1.260000000002375 0.9000000000006464 0
2037 1.460000000000942 0.9000000000006434 0
2038 1.880000000000194 0.1799999999998584 0
2039 0.2399999999841266 0.1199999999843043 0
2040 0.6799999999983056 0.09999999999974106 0
2041 1.90000000000022 0.2999999999992488 0
2042 1.080000000003527 0.8800000000007181 0
2043 1.500000000000636 0.9000000000006393 0
2044 0.359999999999276 0.09999999999975656 0
2045 1.580000000000012 0.9000000000006175 0
2046 0.0999999999994952 0.6600000000010076 0
2047 0.09999999999956177 0.6000000000015384 0
2048 0.1199995256413428 0.1199995256413359 0
2049 1.180000000002953 0.9000000000006464 0
2050 0.8199999999978946 0.09999999999974031 0
2051 0.1199999999995379 0.8199999999998687 0
2052 0.4799999999988959 0.0999999999997303 0
2053 1.900000000000224 0.339999999999132 0
2054 1.420000000001226 0.9000000000006453 0
2055 0.1199999999994472 0.7800000000000087 0
2056 1.540000000000321 0.9000000000006331 0
2057 0.2799999999993952 0.09999999999970308 0
2058 0.09999999999948742 0.7000000000006258 0
2059 1.14000000000323 0.9000000000006446 0
2060 0.9199999999975597 0.09999999999984267 0
2061 1.90000000000021 0.2599999999994211 0
2062 0.1999999978399934 0.09999999784011138 0
2063 0.09999999999949244 0.7400000000002921 0
2064 1.880000000000147 0.159999999999944 0
2065 0.8399999999977836 0.1399999999996534 0
2066 1.459999999998587 0.1400000000002759 0
2067 1.100000000003417 0.8600000000008551 0
2068 1.860000000000239 0.4999999999991522 0
2069 1.639999999998955 0.1400000000002612 0
2070 0.1399999999996497 0.5400000000017021 0
2071 0.1199999999994281 0.6800000000007924 0
2072 0.1400000000002224 0.3800000000012982 0
2073 1.880000000000257 0.3399999999991231 0
2074 0.2800000000013102 0.8799999999996977 0
2075 1.679999999999341 0.860000000000628 0
2076 0.1399999999994444 0.7999999999999045 0
2077 0.1400000000002385 0.2800000000009761 0
2078 0.2599999999977923 0.1399999999979592 0
2079 1.759999999999387 0.8600000000001506 0
2080 1.859999999999844 0.7599999999994824 0
2081 0.9799999999974918 0.1400000000000116 0
2082 1.799999999999419 0.1200000000001861 0
2083 1.880000000000257 0.4199999999990724 0
2084 1.860000000000189 0.1799999999999681 0
2085 1.860000000000134 0.5599999999991467 0
2086 1.399999999998439 0.120000000000246 0
2087 0.1199999999994808 0.6200000000014305 0
2088 0.6599999999983568 0.1199999999996949 0
2089 0.4999999999988329 0.1199999999996831 0
2090 1.440000000001076 0.8800000000007614 0
2091 0.3399999999993484 0.1199999999997277 0
2092 0.1199999944735649 0.1799999944738813 0
2093 0.1799999963372544 0.13999999633714 0
2094 0.1200000000000839 0.4400000000014895 0
2095 0.8800000000034117 0.8799999999998934 0
2096 0.7800000000031097 0.8799999999996722 0
2097 1.159999999997858 0.1200000000002237 0
2098 1.859999999999683 0.8599999999996838 0
2099 0.4600000000019785 0.8799999999995984 0
2100 0.320000000001481 0.8799999999996636 0
2101 0.3600000000016212 0.8799999999996382 0
2102 1.339999999998271 0.1200000000002444 0
2103 1.859999999999795 0.7999999999995844 0
2104 0.2000000000008736 0.8799999999997674 0
2105 1.599999999998874 0.1400000000002679 0
2106 0.4599999999989659 0.1199999999996835 0
2107 1.400000000001361 0.8800000000007634 0
2108 0.9199999999975371 0.1199999999998195 0
2109 0.9599999999974851 0.1199999999999447 0
2110 0.1999999983317227 0.1199999983317597 0
2111 1.560000000000075 0.8800000000007362 0
2112 0.1199999999994252 0.720000000000359 0
2113 0.1400000000001898 0.8799999999998007 0
2114 0.9400000000035895 0.8800000000001144 0
2115 1.880000000000249 0.4599999999991145 0
2116 1.000000000003756 0.8800000000004186 0
2117 0.9800000000037048 0.8800000000003093 0
2118 0.240000000001112 0.8799999999997351 0
2119 0.1199999600110015 0.1599999600111568 0
2120 1.879999999999973 0.6399999999993038 0
2121 0.1200000000001808 0.4000000000014054 0
2122 1.839999999999562 0.879999999999754 0
2123 1.739999999999293 0.8800000000002496 0
2124 1.719999999999273 0.8800000000003693 0
2125 1.880000000000031 0.5999999999991746 0
2126 1.140000000003229 0.8800000000007633 0
2127 1.120000000003328 0.8800000000007568 0
2128 0.1000000000000227 0.4600000000016276 0
2129 0.900000000003472 0.8799999999999615 0
2130 0.12000000000026 0.3400000000012465 0
2131 1.799999999999419 0.8799999999998924 0
2132 0.6400000000026447 0.8799999999995907 0
2133 0.6000000000024968 0.8799999999995836 0
2134 0.660000000002722 0.8799999999995946 0
2135 0.840000000003296 0.879999999999779 0
2136 0.119999999999823 0.8599999999998059 0
2137 1.139999999997805 0.1200000000002186 0
2138 0.5000000000021519 0.8799999999995864 0
2139 1.75999999999924 0.1200000000002082 0
2140 1.059999999997591 0.1200000000001817 0
2141 1.559999999998793 0.1200000000002438 0
2142 0.4400000000018957 0.8799999999996049 0
2143 1.359999999998331 0.120000000000245 0
2144 0.8000000000032059 0.899999999999729 0
2145 1.319999999998214 0.1200000000002433 0
2146 0.5200000000022291 0.8799999999995831 0
2147 1.6999999999991 0.1200000000002239 0
2148 1.859999999999935 0.6799999999993935 0
2149 1.659999999999014 0.1200000000002314 0
2150 1.439999999998538 0.1200000000002465 0
2151 1.099999999997695 0.120000000000207 0
2152 0.1800000000006676 0.8799999999997823 0
2153 1.199999999997948 0.1200000000002325 0
2154 1.879999999999756 0.8399999999996165 0
2155 0.1199999983832518 0.1999999983837111 0
2156 0.1199999999808567 0.2399999999815282 0
2157 0.7400000000030076 0.8799999999996274 0
2158 0.7000000000028768 0.8799999999996039 0
2159 1.239999999998023 0.1200000000002389 0
2160 0.4000000000017508 0.8799999999996191 0
2161 1.739999999999189 0.1200000000002144 0
2162 0.1200000000002735 0.3000000000011101 0
2163 1.859999999999886 0.7199999999993947 0
2164 1.839999999999718 0.1200000000001468 0
2165 1.499999999998662 0.1200000000002468 0
2166 1.279999999998112 0.1200000000002421 0
2167 0.5600000000023654 0.8799999999995799 0
2168 1.019999999997531 0.1400000000001316 0
2169 1.880000000000229 0.4799999999991102 0
2170 1.86000000000017 0.5399999999991357 0
2171 0.7799999999980272 0.1199999999996936 0
2172 0.3799999999992302 0.1199999999997067 0
2173 0.5399999999987112 0.09999999999973348 0
2174 0.8599999999977042 0.1399999999996698 0
2175 0.2999999999994598 0.119999999999747 0
2176 0.1199999999998457 0.500000000001682 0
2177 1.34000000000174 0.8800000000007644 0
2178 1.24000000000252 0.9000000000006461 0
2179 1.880000000000257 0.3799999999990633 0
2180 0.7399999999981485 0.1199999999996957 0
2181 1.360000000001612 0.8800000000007641 0
2182 1.020000000003752 0.8800000000005194 0
2183 1.880000000000208 0.1999999999997696 0
2184 1.619999999999651 0.880000000000687 0
2185 1.280000000002221 0.9000000000006457 0
2186 1.480000000000791 0.900000000000641 0
2187 0.6999999999982556 0.1199999999996961 0
2188 0.1199999999995603 0.5800000000016612 0
2189 0.6199999999984631 0.09999999999973917 0
2190 1.200000000002806 0.9000000000006462 0
2191 1.659999999999425 0.8800000000006118 0
2192 1.060000000003625 0.8800000000006714 0
2193 0.5799999999985863 0.09999999999973669 0
2194 0.1399999999995513 0.8199999999998555 0
2195 1.880000000000254 0.3199999999991739 0
2196 1.880000000000244 0.2799999999993422 0
2197 1.880000000000228 0.239999999999573 0
2198 1.860000000000111 0.160000000000032 0
2199 1.859999999999987 0.1400000000000787 0
2200 0.1199999999996111 0.5600000000017058 0
2201 0.4199999999991051 0.119999999999691 0
2202 0.119999999999436 0.7600000000001033 0
2203 1.520000000000473 0.9000000000006357 0
2204 0.279999999999282 0.1199999999995344 0
2205 0.8199999999978854 0.1199999999996938 0
2206 1.160000000003097 0.9000000000006454 0
2207 1.320000000001905 0.9000000000006453 0
2208 0.8999999999975965 0.1199999999997711 0
2209 0.2199999996165932 0.119999999616703 0
2210 1.579999999999925 0.8800000000007233 0
2211 0.139999927582817 0.1399999275827406 0
2212 0.1199999999994539 0.6400000000012431 0
2213 1.279999999998128 0.1400000000002689 0
2214 0.7199999999982032 0.1399999999996526 0
2215 0.5200000000022482 0.8599999999995295 0
2216 1.34000000000173 0.860000000000879 0
2217 0.9800000000035805 0.8600000000003621 0
2218 1.13999999999784 0.1400000000002403 0
2219 0.8399999999977249 0.1599999999996127 0
2220 0.7000000000028471 0.8599999999995607 0
2221 0.9799999999975078 0.160000000000014 0
2222 0.8600000000032915 0.8599999999998321 0
2223 1.840000000000207 0.539999999999196 0
2224 1.559999999999987 0.8600000000008398 0
2225 0.3600000000016448 0.8599999999995934 0
2226 0.439999999999043 0.1399999999996418 0
2227 1.860000000000282 0.3199999999991621 0
2228 1.759999999999216 0.140000000000223 0
2229 1.839999999999961 0.6799999999994198 0
2230 1.260000000002375 0.8800000000007649 0
2231 1.799999999999491 0.8599999999999008 0
2232 1.339999999998289 0.1400000000002718 0
2233 0.4200000000018447 0.8599999999995613 0
2234 0.5599999999986506 0.1199999999996885 0
2235 0.1599999999994547 0.7999999999998774 0
2236 0.1800000000004739 0.8599999999997817 0
2237 0.1399999955248742 0.1799999955250196 0
2238 1.840000000000142 0.1800000000000469 0
2239 0.9400000000034583 0.8600000000001472 0
2240 1.860000000000031 0.6199999999993288 0
2241 1.839999999999634 0.8599999999997385 0
2242 0.1200000000000188 0.4600000000015479 0
2243 0.6600000000026959 0.8599999999995471 0
2244 0.60000000000249 0.8599999999995316 0
2245 0.1400000000002705 0.3400000000011928 0
2246 0.8000000000031695 0.8799999999997037 0
2247 0.140000000000286 0.3000000000010715 0
2248 1.43999999999855 0.140000000000275 0
2249 1.859999999999729 0.839999999999658 0
2250 1.05999999999762 0.1400000000001994 0
2251 1.559999999998777 0.1400000000002714 0
2252 0.13999999999973 0.8399999999998239 0
2253 1.719999999999104 0.1400000000002405 0
2254 1.179999999997928 0.1400000000002521 0
2255 1.499999999998655 0.1400000000002752 0
2256 1.219999999997996 0.1400000000002616 0
2257 1.380000000001484 0.8600000000008782 0
2258 1.599999999999725 0.8600000000008055 0
2259 0.7599999999980793 0.1399999999996506 0
2260 1.220000000002692 0.8800000000007653 0
2261 1.060000000003612 0.8600000000007681 0
2262 0.5999999999985194 0.119999999999692 0
2263 0.3999999999991829 0.1399999999996569 0
2264 0.8999999999975635 0.1399999999997414 0
2265 1.500000000000567 0.8800000000007521 0
2266 1.460000000000915 0.8800000000007586 0
2267 1.860000000000236 0.2199999999997929 0
2268 0.1399999758005655 0.1599999758005674 0
2269 1.880000000000255 0.439999999999097 0
2270 1.739999999999355 0.8600000000002951 0
2271 1.020000000003687 0.8600000000005953 0
2272 0.9000000000033814 0.8599999999999784 0
2273 0.1400000000001373 0.4200000000013671 0
2274 0.1199999999999385 0.4800000000016169 0
2275 0.2600000000012136 0.8799999999997171 0
2276 1.859999999999867 0.7399999999994293 0
2277 1.120000000003319 0.8600000000008703 0
2278 0.140000000000248 0.3600000000012496 0
2279 0.8200000000032341 0.8799999999997393 0
2280 1.81999999999957 0.1200000000001684 0
2281 1.779999999999431 0.8600000000000164 0
2282 0.340000000001553 0.8799999999996504 0
2283 1.099999999997728 0.1400000000002265 0
2284 1.859999999999766 0.819999999999626 0
2285 0.2200000000010029 0.8799999999997526 0
2286 0.9399999999975033 0.1199999999998808 0
2287 1.039999999997573 0.1400000000001711 0
2288 1.779999999999318 0.1200000000001973 0
2289 1.579999999998825 0.1400000000002695 0
2290 0.4400000000019217 0.8599999999995545 0
2291 0.3000000000014005 0.8799999999996804 0
2292 0.1399999999999655 0.8599999999998069 0
2293 1.679999999999027 0.1400000000002513 0
2294 1.85999999999982 0.7799999999995402 0
2295 0.6200000000025682 0.8799999999995877 0
2296 0.4800000000020667 0.8799999999995927 0
2297 0.9599999999974922 0.1399999999999408 0
2298 1.419999999998491 0.1200000000002457 0
2299 0.1399999999995877 0.560000000001694 0
2300 1.619999999998916 0.1400000000002647 0
2301 0.1199999997013392 0.2199999997019164 0
2302 1.859999999999967 0.6599999999993934 0
2303 0.1400000000001833 0.4000000000013361 0
2304 1.239999999998033 0.1400000000002648 0
2305 1.839999999999933 0.6999999999994079 0
2306 1.479999999998621 0.1400000000002754 0
2307 0.3800000000017069 0.8599999999995811 0
2308 1.319999999998234 0.1400000000002705 0
2309 0.139999999999385 0.7600000000000481 0
2310 0.5600000000023704 0.8599999999995263 0
2311 0.1399999999735959 0.2399999999742241 0
2312 0.1399999999953757 0.2599999999960702 0
2313 1.659999999998992 0.1400000000002559 0
2314 0.9999999999975293 0.1600000000000828 0
2315 1.379999999998386 0.1200000000002453 0
2316 0.7400000000029868 0.8599999999995912 0
2317 0.7800000000030847 0.8599999999996474 0
2318 1.860000000000267 0.4799999999991633 0
2319 1.699999999999318 0.8600000000005379 0
2320 1.860000000000097 0.5799999999991925 0
2321 1.540000000000228 0.8800000000007427 0
2322 0.5199999999987711 0.1199999999996847 0
2323 0.2399999999655524 0.1399999999656652 0
2324 0.1999999989139643 0.139999998913921 0
2325 0.6399999999984073 0.1199999999996943 0
2326 1.880000000000257 0.359999999999089 0
2327 0.7999999999979334 0.1399999999996474 0
2328 1.180000000002981 0.8800000000007654 0
2329 0.3199999999994091 0.1199999999997396 0
2330 0.1399999999997355 0.5200000000016735 0
2331 1.860000000000204 0.5199999999991417 0
2332 1.880000000000249 0.2999999999992463 0
2333 1.639999999999501 0.8600000000007468 0
2334 1.880000000000257 0.3999999999990619 0
2335 0.6799999999983065 0.119999999999696 0
2336 0.1199999999995204 0.6000000000015672 0
2337 0.1399999999994083 0.7799999999999719 0
2338 1.300000000002037 0.8800000000007644 0
2339 0.119999999999431 0.7400000000002189 0
2340 0.3599999999992884 0.1199999999997169 0
2341 1.659999999999414 0.8600000000006943 0
2342 1.080000000003519 0.8600000000008197 0
2343 0.479999999998899 0.1199999999996831 0
2344 1.420000000001223 0.8800000000007621 0
2345 1.839999999999861 0.1400000000001279 0
2346 0.2799999999992357 0.1399999999994321 0
2347 0.8199999999978547 0.139999999999649 0
2348 0.1199999999994391 0.6600000000010326 0
2349 1.160000000003111 0.8800000000007643 0
2350 1.320000000001883 0.8800000000007638 0
2351 0.8799999999976287 0.1399999999996999 0
2352 1.880000000000236 0.2599999999994587 0
2353 0.1599999742929293 0.1399999742928091 0
2354 0.1199999999994262 0.7000000000005594 0
2355 1.860000000000215 0.1999999999998865 0
2356 1.219999999998006 0.1600000000002825 0
2357 1.43999999999856 0.1600000000002995 0
2358 1.100000000003422 0.8400000000009601 0
2359 0.9799999999975381 0.1800000000000123 0
2360 1.579999999998804 0.160000000000293 0
2361 0.1599999999996386 0.540000000001654 0
2362 0.3600000000016644 0.8399999999995527 0
2363 0.1600000000001339 0.4200000000012972 0
2364 0.1399999999993814 0.6800000000007907 0
2365 1.679999999999004 0.1600000000002706 0
2366 1.639999999999498 0.8400000000008315 0
2367 1.819999999999994 0.6799999999994423 0
2368 1.739999999999445 0.8400000000003434 0
2369 0.1600000000003015 0.3000000000010511 0
2370 0.2799999999993644 0.1599999999994978 0
2371 0.2600000000012665 0.8599999999996951 0
2372 1.839999999999857 0.7599999999995413 0
2373 1.319999999998248 0.1600000000002938 0
2374 1.779999999999523 0.8400000000000414 0
2375 1.839999999999791 0.7999999999996636 0
2376 1.860000000000291 0.4199999999991428 0
2377 0.4200000000018727 0.8399999999995155 0
2378 0.659999999998357 0.1399999999996517 0
2379 0.4999999999988345 0.1399999999996382 0
2380 1.440000000001042 0.8600000000008727 0
2381 0.1399999999999312 0.4800000000015402 0
2382 1.839999999999695 0.8399999999997234 0
2383 0.3000000000014568 0.8599999999996478 0
2384 1.379999999998401 0.1400000000002735 0
2385 1.039999999997604 0.1600000000001834 0
2386 0.9399999999975003 0.1399999999998678 0
2387 0.6200000000025557 0.8599999999995374 0
2388 0.1399999987600039 0.1999999987603406 0
2389 1.639999999998936 0.1600000000002827 0
2390 0.1599999999973433 0.2599999999980132 0
2391 1.519999999998692 0.1400000000002738 0
2392 0.1600000000002217 0.3800000000012352 0
2393 1.67999999999939 0.8400000000006999 0
2394 1.860000000000287 0.3799999999991043 0
2395 0.3599999999993052 0.1399999999996795 0
2396 0.459999999998972 0.1399999999996391 0
2397 1.400000000001355 0.8600000000008765 0
2398 0.8799999999975868 0.1599999999996662 0
2399 1.860000000000267 0.2799999999993554 0
2400 1.860000000000247 0.2399999999996669 0
2401 1.54000000000013 0.8600000000008488 0
2402 0.1999999994461535 0.1599999994460846 0
2403 0.1599999877176132 0.1599999877175262 0
2404 0.1599999999999131 0.8399999999998112 0
2405 1.819999999999686 0.1400000000001612 0
2406 1.779999999999334 0.1400000000002063 0
2407 1.860000000000063 0.5999999999992606 0
2408 0.9600000000035115 0.8600000000002491 0
2409 1.719999999999331 0.8600000000004253 0
2410 1.819999999999566 0.8599999999998128 0
2411 1.000000000003643 0.8600000000004815 0
2412 0.1399999999998338 0.5000000000016152 0
2413 0.2200000000009512 0.859999999999742 0
2414 0.6800000000027686 0.8599999999995533 0
2415 1.14000000000322 0.8600000000008771 0
2416 0.1600000000002498 0.3600000000011915 0
2417 0.9200000000034239 0.8600000000000594 0
2418 0.8000000000031356 0.8599999999996855 0
2419 1.840000000000276 0.4999999999991995 0
2420 1.840000000000241 0.5199999999991944 0
2421 0.14000000000008 0.4400000000014058 0
2422 0.3200000000015226 0.8599999999996275 0
2423 0.2000000000007186 0.8599999999997631 0
2424 1.119999999997786 0.1400000000002334 0
2425 1.019999999997564 0.1600000000001392 0
2426 0.8800000000033386 0.8599999999999036 0
2427 0.9199999999975242 0.1399999999998 0
2428 0.1400000000002839 0.3200000000011342 0
2429 0.6400000000026245 0.8599999999995426 0
2430 0.4800000000020939 0.8599999999995402 0
2431 0.5000000000021757 0.8599999999995346 0
2432 1.86 0.6399999999993725 0
2433 1.739999999999154 0.1400000000002325 0
2434 1.699999999999066 0.1400000000002456 0
2435 1.079999999997673 0.1400000000002148 0
2436 0.4600000000020065 0.8599999999995476 0
2437 0.959999999997504 0.1599999999999362 0
2438 0.139999999681679 0.2199999996821845 0
2439 0.1599999999996555 0.8199999999998379 0
2440 1.159999999997887 0.1400000000002459 0
2441 1.399999999998456 0.1400000000002736 0
2442 1.419999999998505 0.1400000000002737 0
2443 0.7600000000030374 0.8599999999996171 0
2444 1.839999999999997 0.6599999999994324 0
2445 0.1399999999995356 0.5800000000016611 0
2446 0.5400000000023104 0.8599999999995275 0
2447 1.299999999998181 0.1400000000002693 0
2448 1.359999999998346 0.1400000000002724 0
2449 1.539999999998733 0.1400000000002723 0
2450 0.580000000002429 0.8599999999995287 0
2451 1.199999999997963 0.1400000000002566 0
2452 0.4000000000017747 0.8599999999995711 0
2453 1.839999999999908 0.7199999999994217 0
2454 0.72000000000292 0.8599999999995741 0
2455 1.259999999998077 0.1400000000002669 0
2456 1.619999999998896 0.1600000000002871 0
2457 0.3400000000015836 0.8599999999996097 0
2458 1.479999999998621 0.1600000000003002 0
2459 0.8400000000032433 0.8599999999997746 0
2460 1.84000000000017 0.5599999999992282 0
2461 1.860000000000283 0.4599999999991681 0
2462 0.779999999998006 0.1399999999996491 0
2463 0.699999999998256 0.139999999999653 0
2464 0.619999999998461 0.1199999999996936 0
2465 1.520000000000388 0.8800000000007471 0
2466 0.2599999999962265 0.1599999999963236 0
2467 1.200000000002839 0.8800000000007652 0
2468 1.860000000000285 0.3399999999991224 0
2469 0.3399999999993726 0.1399999999996935 0
2470 1.619999999999611 0.8600000000007791 0
2471 0.5399999999987118 0.1199999999996868 0
2472 1.280000000002203 0.8800000000007642 0
2473 1.040000000003666 0.8600000000006898 0
2474 1.360000000001607 0.8600000000008782 0
2475 0.1399999999994129 0.6400000000013237 0
2476 1.579999999999856 0.8600000000008238 0
2477 0.3799999999992441 0.1399999999996679 0
2478 0.7399999999981434 0.1399999999996521 0
2479 0.1600000000001943 0.8599999999997981 0
2480 1.240000000002539 0.8800000000007646 0
2481 1.080000000003516 0.8400000000009202 0
2482 0.579999999998585 0.1199999999996906 0
2483 0.1599999999993802 0.7799999999999324 0
2484 1.840000000000009 0.16000000000009 0
2485 0.4199999999991155 0.1399999999996486 0
2486 0.2999999999994294 0.1399999999996563 0
2487 0.8199999999978054 0.1599999999996058 0
2488 0.1399999999993752 0.720000000000282 0
2489 0.1399999999993801 0.7400000000001496 0
2490 1.48000000000074 0.8800000000007551 0
2491 1.180000000002996 0.8600000000008806 0
2492 1.320000000001862 0.8600000000008791 0
2493 0.8599999999976495 0.1599999999996338 0
2494 0.2199999996586313 0.1399999996586723 0
2495 1.860000000000275 0.2999999999992411 0
2496 1.840000000000205 0.1999999999999845 0
2497 0.1399999999994474 0.6200000000014888 0
2498 0.7000000000028035 0.8399999999995236 0
2499 0.5800000000024258 0.8399999999994805 0
2500 1.340000000001725 0.8400000000009895 0
2501 0.8199999999977432 0.1799999999995645 0
2502 0.9000000000033123 0.8399999999999985 0
2503 1.100000000003429 0.8200000000010617 0
2504 1.820000000000312 0.499999999999257 0
2505 1.639999999998911 0.1800000000003006 0
2506 0.4399999999990561 0.1599999999996005 0
2507 0.1800000000002179 0.3800000000011727 0
2508 0.1599999999993828 0.640000000001409 0
2509 1.840000000000305 0.3199999999991662 0
2510 1.820000000000031 0.6599999999994614 0
2511 1.000000000003511 0.8400000000005446 0
2512 0.7199999999981942 0.1599999999996108 0
2513 0.2799999999992928 0.1799999999993439 0
2514 1.759999999999254 0.1600000000002294 0
2515 0.9599999999975237 0.17999999999993 0
2516 1.559999999999924 0.8400000000009383 0
2517 1.26000000000238 0.8600000000008799 0
2518 1.820000000000028 0.1800000000000969 0
2519 0.4800000000021233 0.8399999999994926 0
2520 1.099999999997767 0.1600000000002409 0
2521 0.5999999999985181 0.1399999999996484 0
2522 0.1799999999995268 0.7999999999998463 0
2523 0.3599999999993337 0.159999999999645 0
2524 0.1599999998464465 0.2199999998469077 0
2525 0.1599999959586147 0.1799999959586684 0
2526 1.840000000000097 0.5999999999993523 0
2527 1.819999999999642 0.8399999999998101 0
2528 1.719999999999413 0.8400000000004841 0
2529 0.1600000000000759 0.4400000000013315 0
2530 0.1599999999998242 0.5000000000015397 0
2531 1.139999999997877 0.1600000000002572 0
2532 0.1600000000002904 0.3200000000010962 0
2533 1.019999999997599 0.1800000000001459 0
2534 0.8600000000032281 0.8399999999998373 0
2535 0.8000000000031006 0.8399999999996715 0
2536 0.4000000000017988 0.8399999999995258 0
2537 1.840000000000032 0.6399999999994302 0
2538 0.7600000000030086 0.8399999999995917 0
2539 0.5200000000022625 0.8399999999994807 0
2540 1.35999999999836 0.1600000000002963 0
2541 1.539999999998721 0.1600000000002964 0
2542 1.49999999999865 0.1600000000002992 0
2543 1.259999999998083 0.1600000000002892 0
2544 1.299999999998192 0.1600000000002921 0
2545 0.6600000000026637 0.8399999999995046 0
2546 1.820000000000244 0.5399999999992836 0
2547 1.380000000001474 0.8400000000009875 0
2548 0.180000000000158 0.8399999999997916 0
2549 0.5599999999986509 0.1399999999996444 0
2550 0.7599999999980539 0.159999999999608 0
2551 0.8599999999976009 0.179999999999598 0
2552 0.2199999998012532 0.1599999998012494 0
2553 1.500000000000456 0.8600000000008601 0
2554 1.840000000000133 0.5799999999992865 0
2555 0.9800000000034478 0.8400000000004149 0
2556 1.799999999999582 0.839999999999917 0
2557 1.860000000000289 0.4399999999991602 0
2558 1.699999999999393 0.8400000000006022 0
2559 1.040000000003598 0.840000000000774 0
2560 1.839999999999884 0.7399999999994739 0
2561 0.1400000000000123 0.4600000000014656 0
2562 0.9199999999975178 0.1599999999997802 0
2563 0.1599999999997248 0.520000000001606 0
2564 0.2400000000011151 0.85999999999972 0
2565 1.839999999999745 0.8199999999997019 0
2566 0.940000000003365 0.8400000000001836 0
2567 0.8200000000031902 0.859999999999728 0
2568 1.759999999999486 0.8400000000001896 0
2569 0.1600000000002717 0.3400000000011439 0
2570 0.2000000000004218 0.8399999999997668 0
2571 1.799999999999505 0.1400000000001844 0
2572 0.9999999999975668 0.1800000000000838 0
2573 0.3800000000017286 0.8399999999995383 0
2574 0.8999999999975463 0.1599999999997171 0
2575 1.599999999998851 0.1600000000002901 0
2576 0.2800000000013713 0.8599999999996712 0
2577 1.140000000003215 0.8400000000009884 0
2578 1.719999999999077 0.1600000000002564 0
2579 0.6400000000026018 0.8399999999994981 0
2580 1.419999999998519 0.1600000000002982 0
2581 0.159999999955669 0.2399999999562639 0
2582 1.059999999997651 0.1600000000002103 0
2583 1.379999999998416 0.160000000000297 0
2584 1.179999999997948 0.160000000000271 0
2585 0.2999999999994547 0.1599999999996196 0
2586 1.65999999999897 0.1600000000002763 0
2587 1.199999999997977 0.1600000000002766 0
2588 0.1599999999995906 0.2800000000003021 0
2589 0.3400000000016085 0.839999999999572 0
2590 0.3000000000015002 0.8399999999996196 0
2591 1.339999999998301 0.1600000000002946 0
2592 1.839999999999826 0.7799999999996154 0
2593 1.559999999998761 0.1600000000002944 0
2594 1.69999999999904 0.1600000000002634 0
2595 1.23999999999804 0.1600000000002859 0
2596 0.1600000000001811 0.4000000000012686 0
2597 0.5400000000023177 0.8399999999994785 0
2598 1.819999999999964 0.6999999999994433 0
2599 0.1599999999995172 0.5800000000016582 0
2600 0.6200000000025414 0.8399999999994916 0
2601 1.459999999998591 0.1600000000002997 0
2602 0.7400000000029505 0.8399999999995625 0
2603 0.4400000000019527 0.8399999999995078 0
2604 0.9399999999975082 0.1599999999998566 0
2605 0.6399999999984066 0.139999999999651 0
2606 0.5199999999987719 0.13999999999964 0
2607 1.659999999999438 0.8400000000007731 0
2608 1.860000000000286 0.3599999999991064 0
2609 1.220000000002728 0.8600000000008804 0
2610 1.16000000000311 0.8600000000008791 0
2611 1.460000000000845 0.860000000000869 0
2612 1.860000000000289 0.3999999999991241 0
2613 1.12000000000332 0.840000000000978 0
2614 1.840000000000318 0.459999999999215 0
2615 1.840000000000302 0.4799999999992091 0
2616 1.860000000000258 0.2599999999995135 0
2617 0.1399999999994908 0.6000000000015917 0
2618 0.1399999999993959 0.6600000000010812 0
2619 1.060000000003574 0.8400000000008571 0
2620 0.1599999999995748 0.5600000000016635 0
2621 0.6799999999983068 0.1399999999996528 0
2622 1.599999999999688 0.8400000000008984 0
2623 0.3999999999991996 0.1599999999996186 0
2624 1.61999999999959 0.8400000000008686 0
2625 0.4799999999989032 0.1399999999996384 0
2626 0.1599999999993518 0.7599999999999985 0
2627 1.420000000001207 0.8600000000008743 0
2628 1.819999999999848 0.1600000000001328 0
2629 0.3199999999994247 0.139999999999695 0
2630 0.1599999999993362 0.7200000000002188 0
2631 0.7999999999978886 0.1599999999996048 0
2632 1.200000000002865 0.8600000000008803 0
2633 1.30000000000201 0.8600000000008792 0
2634 0.2399999999463639 0.1599999999464132 0
2635 1.840000000000287 0.2799999999994007 0
2636 0.1799999957052008 0.1599999957051166 0
2637 1.84000000000024 0.2199999999999059 0
2638 1.520000000000284 0.8600000000008542 0
2639 0.1399999999993778 0.7000000000005078 0
2640 1.239999999998044 0.1800000000003036 0
2641 1.359999999998371 0.1800000000003157 0
2642 0.6600000000026347 0.8199999999994657 0
2643 0.5200000000022729 0.8199999999994362 0
2644 0.959999999997552 0.1999999999999222 0
2645 0.1799999999995049 0.5800000000016295 0
2646 1.499999999998646 0.18000000000032 0
2647 0.3400000000016296 0.8199999999995367 0
2648 1.599999999999675 0.8200000000009877 0
2649 1.80000000000007 0.6599999999994843 0
2650 1.679999999999473 0.8200000000007707 0
2651 1.739999999999569 0.8200000000003919 0
2652 0.18000000000026 0.3000000000009873 0
2653 1.000000000003389 0.8200000000006078 0
2654 0.1799999999448879 0.2199999999453078 0
2655 1.819999999999875 0.7599999999996573 0
2656 1.779999999999643 0.8200000000000685 0
2657 0.1799999999997156 0.5200000000015271 0
2658 0.400000000001827 0.8199999999994845 0
2659 1.840000000000316 0.3799999999991551 0
2660 0.6599999999983558 0.1599999999996102 0
2661 0.4999999999988424 0.1599999999995959 0
2662 1.440000000000955 0.8400000000009796 0
2663 0.2999999999995037 0.1799999999995996 0
2664 0.239999999977777 0.1799999999777666 0
2665 1.819999999999782 0.7999999999997804 0
2666 1.820000000000169 0.5799999999993861 0
2667 0.1600000000000071 0.4600000000013862 0
2668 0.2400000000010136 0.8399999999997098 0
2669 0.2800000000014073 0.8399999999996481 0
2670 0.8200000000031444 0.8399999999997196 0
2671 1.180000000002992 0.8400000000009922 0
2672 0.9999999999976037 0.2000000000000837 0
2673 0.8999999999975387 0.1799999999996917 0
2674 1.599999999998826 0.1800000000003097 0
2675 1.559999999998745 0.1800000000003147 0
2676 0.9399999999975203 0.179999999999844 0
2677 0.6999999999982506 0.1599999999996115 0
2678 1.060000000003527 0.8200000000009475 0
2679 0.4599999999989863 0.1599999999995972 0
2680 1.400000000001324 0.840000000000985 0
2681 0.799999999997833 0.179999999999563 0
2682 0.3199999999994506 0.1599999999996587 0
2683 1.840000000000275 0.2599999999996047 0
2684 0.1599999989296733 0.1999999989299352 0
2685 1.820000000000207 0.5599999999993313 0
2686 1.840000000000322 0.4199999999992078 0
2687 1.699999999999485 0.820000000000668 0
2688 1.020000000003564 0.8400000000006654 0
2689 0.1599999999999225 0.4800000000014583 0
2690 1.799999999999682 0.8199999999999269 0
2691 0.2200000000007027 0.8399999999997398 0
2692 1.279999999998134 0.1600000000002905 0
2693 0.720000000002879 0.8399999999995406 0
2694 0.8400000000031864 0.8399999999997738 0
2695 0.1800000000001279 0.4200000000012297 0
2696 0.180000000000271 0.3400000000010997 0
2697 1.119999999997827 0.1600000000002492 0
2698 0.1800000000001765 0.4000000000012022 0
2699 0.9600000000034026 0.8400000000002936 0
2700 0.4600000000020385 0.8399999999995006 0
2701 1.160000000003105 0.8400000000009905 0
2702 0.1800000000002464 0.3600000000011377 0
2703 1.820000000000338 0.4799999999992601 0
2704 0.8800000000032711 0.8399999999999158 0
2705 1.619999999998869 0.1800000000003054 0
2706 0.8799999999975661 0.1799999999996384 0
2707 1.840000000000065 0.6199999999994023 0
2708 1.399999999998471 0.1600000000002973 0
2709 1.799999999999649 0.1600000000001684 0
2710 1.779999999999448 0.160000000000201 0
2711 1.739999999999148 0.1600000000002451 0
2712 1.319999999998244 0.1800000000003125 0
2713 1.039999999997635 0.1800000000001889 0
2714 0.7800000000030547 0.8399999999996297 0
2715 1.679999999998983 0.1800000000002859 0
2716 1.719999999999072 0.1800000000002683 0
2717 1.819999999999715 0.8199999999998042 0
2718 1.820000000000068 0.6399999999994723 0
2719 0.3200000000015549 0.839999999999595 0
2720 1.519999999998684 0.1600000000002975 0
2721 0.5000000000021972 0.8399999999994864 0
2722 1.199999999997989 0.1800000000002929 0
2723 0.6000000000024824 0.8399999999994856 0
2724 1.159999999997915 0.1600000000002638 0
2725 1.659999999998947 0.1800000000002931 0
2726 1.800000000000034 0.6799999999994771 0
2727 1.079999999997705 0.1600000000002277 0
2728 0.4200000000019062 0.8199999999994739 0
2729 1.819999999999937 0.7199999999994866 0
2730 0.6800000000027303 0.8399999999995135 0
2731 0.6400000000025816 0.8199999999994578 0
2732 0.1799999999772428 0.2399999999777945 0
2733 0.1799999999999569 0.2800000000006486 0
2734 0.5600000000023713 0.8399999999994789 0
2735 1.459999999998594 0.1800000000003206 0
2736 1.419999999998533 0.1800000000003187 0
2737 0.9200000000033448 0.8400000000000879 0
2738 0.3600000000016869 0.8199999999995157 0
2739 1.820000000000279 0.5199999999992667 0
2740 0.2199999999089851 0.179999999908981 0
2741 0.1799999979398239 0.1799999979398637 0
2742 1.639999999999537 0.8200000000009129 0
2743 1.84000000000031 0.3399999999991317 0
2744 0.5399999999987124 0.1399999999996424 0
2745 1.820000000000226 0.2199999999999955 0
2746 1.820000000000146 0.2000000000000487 0
2747 1.840000000000322 0.4399999999992137 0
2748 1.30000000000199 0.8400000000009906 0
2749 1.540000000000054 0.8400000000009493 0
2750 1.320000000001852 0.8400000000009896 0
2751 1.240000000002564 0.8600000000008796 0
2752 1.480000000000642 0.8600000000008643 0
2753 0.1799999999996318 0.5400000000015813 0
2754 0.6199999999984597 0.1399999999996501 0
2755 0.1599999999994216 0.6200000000015392 0
2756 0.1599999999994688 0.6000000000016108 0
2757 1.840000000000296 0.2999999999992619 0
2758 0.1599999999993421 0.7400000000000887 0
2759 1.080000000003499 0.8200000000010138 0
2760 1.579999999999806 0.8400000000009193 0
2761 1.360000000001602 0.8400000000009883 0
2762 0.7399999999981259 0.1599999999996098 0
2763 0.3799999999992679 0.1599999999996313 0
2764 0.1799999999998088 0.819999999999813 0
2765 1.120000000003329 0.8200000000010839 0
2766 0.5799999999985841 0.1399999999996467 0
2767 0.1799999999993397 0.759999999999949 0
2768 0.1799999999994089 0.7799999999998931 0
2769 0.4199999999991301 0.1599999999996085 0
2770 0.7799999999979709 0.1599999999996063 0
2771 0.3399999999994008 0.1599999999996581 0
2772 1.220000000002735 0.8400000000009922 0
2773 1.280000000002188 0.8600000000008792 0
2774 0.8399999999976645 0.1799999999995763 0
2775 0.2599999999928788 0.1799999999928913 0
2776 1.500000000000346 0.8400000000009638 0
2777 0.1599999999993456 0.6800000000008104 0
2778 0.159999999999362 0.6600000000011528 0
2779 0.1599999999993398 0.7000000000004759 0
2780 1.840000000000258 0.239999999999779 0
2781 1.300000000001975 0.820000000001098 0
2782 0.8199999999976836 0.1999999999995259 0
2783 0.6600000000026125 0.7999999999994303 0
2784 0.8800000000032044 0.8199999999999293 0
2785 1.12000000000334 0.8000000000011855 0
2786 0.1999999999996244 0.5400000000014953 0
2787 1.800000000000348 0.4999999999993388 0
2788 1.639999999998879 0.2000000000003148 0
2789 0.4399999999990816 0.1799999999995616 0
2790 0.3400000000016546 0.7999999999995046 0
2791 0.2000000000001207 0.4200000000011607 0
2792 1.820000000000332 0.33999999999915 0
2793 0.1799999999993203 0.6800000000008539 0
2794 1.780000000000113 0.659999999999521 0
2795 1.679999999999562 0.8000000000008399 0
2796 0.2000000000002692 0.3000000000009591 0
2797 0.2999999999995924 0.1999999999996065 0
2798 0.7199999999981647 0.1799999999995703 0
2799 0.8000000000030615 0.8199999999996632 0
2800 1.380000000001429 0.8200000000010927 0
2801 0.740000000002905 0.8199999999995374 0
2802 1.099999999997801 0.1800000000002509 0
2803 0.4000000000018653 0.7999999999994468 0
2804 0.8799999999975618 0.1999999999996092 0
2805 0.939999999997542 0.1999999999998317 0
2806 0.5599999999986516 0.1599999999996024 0
2807 0.1999999999994142 0.7599999999999036 0
2808 0.220000000000368 0.8199999999997455 0
2809 0.3799999999993026 0.1799999999995968 0
2810 0.259999999997288 0.1999999999972176 0
2811 0.1999999999730923 0.2199999999734022 0
2812 1.779999999999618 0.1800000000001898 0
2813 1.020000000003441 0.820000000000738 0
2814 0.1799999999999164 0.4800000000013709 0
2815 0.4600000000020726 0.8199999999994571 0
2816 0.9600000000033184 0.8200000000003387 0
2817 1.820000000000101 0.6199999999994653 0
2818 1.739999999999182 0.1800000000002538 0
2819 1.399999999998488 0.1800000000003175 0
2820 1.180000000002988 0.8200000000010998 0
2821 0.5000000000022159 0.8199999999994418 0
2822 0.2800000000013999 0.8199999999996289 0
2823 1.519999999998677 0.1800000000003181 0
2824 0.3200000000015813 0.819999999999564 0
2825 1.139999999997908 0.1800000000002697 0
2826 1.179999999997965 0.1800000000002854 0
2827 0.6000000000024731 0.8199999999994423 0
2828 0.2000000000002107 0.3800000000011151 0
2829 1.800000000000282 0.5399999999993965 0
2830 1.080000000003478 0.8000000000011073 0
2831 1.559999999999878 0.8200000000010331 0
2832 0.5999999999985163 0.1599999999996067 0
2833 1.460000000000731 0.8400000000009749 0
2834 0.1799999999993622 0.6400000000014623 0
2835 0.1799999999994516 0.6000000000016122 0
2836 0.1999999999997306 0.7999999999998084 0
2837 1.800000000000137 0.220000000000068 0
2838 1.820000000000301 0.2799999999995075 0
2839 1.820000000000252 0.2399999999998847 0
2840 1.799999999999849 0.1800000000001416 0
2841 0.1799999992873451 0.1999999992875686 0
2842 1.040000000003492 0.8200000000008514 0
2843 1.779999999999759 0.8000000000000896 0
2844 1.800000000000246 0.5599999999994392 0
2845 1.840000000000319 0.3999999999991844 0
2846 1.819999999999909 0.739999999999572 0
2847 0.1799999999998168 0.5000000000014495 0
2848 0.2600000000012277 0.8399999999996792 0
2849 0.8400000000031308 0.8199999999997748 0
2850 1.279999999998126 0.1800000000003092 0
2851 1.299999999998182 0.1800000000003104 0
2852 1.819999999999833 0.7799999999997379 0
2853 0.7200000000028346 0.8199999999995109 0
2854 0.4400000000019894 0.8199999999994655 0
2855 0.980000000003352 0.8200000000004701 0
2856 1.719999999999523 0.8200000000005403 0
2857 0.2000000000002403 0.3600000000010894 0
2858 1.820000000000352 0.4599999999992634 0
2859 1.820000000000135 0.5999999999994342 0
2860 0.9200000000032774 0.8200000000001172 0
2861 0.9799999999975754 0.2000000000000058 0
2862 0.3800000000017555 0.8199999999994991 0
2863 1.619999999998841 0.2000000000003208 0
2864 1.379999999998432 0.1800000000003164 0
2865 1.339999999998307 0.1800000000003137 0
2866 1.019999999997632 0.200000000000146 0
2867 1.799999999999768 0.7999999999999262 0
2868 1.699999999999022 0.1800000000002772 0
2869 1.53999999999871 0.1800000000003162 0
2870 0.1800000000002821 0.3200000000010558 0
2871 1.579999999998784 0.1800000000003121 0
2872 0.6200000000025272 0.8199999999994503 0
2873 1.219999999998014 0.1800000000002983 0
2874 1.679999999998954 0.2000000000002979 0
2875 0.6800000000026941 0.8199999999994766 0
2876 1.439999999998566 0.1800000000003194 0
2877 0.1800000000000688 0.4400000000012596 0
2878 0.580000000002421 0.8199999999994372 0
2879 0.5400000000023215 0.8199999999994343 0
2880 1.800000000000107 0.6399999999995046 0
2881 0.1799999999939862 0.259999999994623 0
2882 1.759999999999611 0.8200000000002288 0
2883 1.800000000000001 0.6999999999995151 0
2884 0.9199999999975275 0.1799999999997633 0
2885 1.059999999997676 0.1800000000002175 0
2886 1.259999999998081 0.1800000000003065 0
2887 1.479999999998619 0.1800000000003202 0
2888 0.7800000000030159 0.8199999999996153 0
2889 0.2399999999885662 0.1999999999885255 0
2890 0.6399999999984057 0.1599999999996094 0
2891 0.3599999999993744 0.1799999999996128 0
2892 0.3199999999994896 0.1799999999996318 0
2893 0.1799999999995659 0.5600000000016095 0
2894 0.5199999999987777 0.1599999999995977 0
2895 1.619999999999603 0.8200000000009544 0
2896 1.340000000001717 0.820000000001096 0
2897 0.8399999999976222 0.1999999999995394 0
2898 1.200000000002867 0.8400000000009917 0
2899 1.520000000000196 0.8400000000009566 0
2900 1.820000000000352 0.4199999999992501 0
2901 1.840000000000312 0.3599999999991338 0
2902 1.6599999999995 0.8200000000008492 0
2903 0.17999999999931 0.7200000000001783 0
2904 1.820000000000325 0.3199999999992131 0
2905 0.6799999999983033 0.1599999999996113 0
2906 0.7599999999980089 0.1799999999995667 0
2907 0.200000000000061 0.8199999999997826 0
2908 1.14000000000322 0.8200000000010937 0
2909 0.4799999999989163 0.1599999999995962 0
2910 1.579999999999774 0.8200000000010121 0
2911 0.4199999999991534 0.1799999999995707 0
2912 1.420000000001144 0.8400000000009822 0
2913 0.7799999999979198 0.1799999999995646 0
2914 0.1799999999993261 0.740000000000036 0
2915 1.260000000002373 0.8400000000009911 0
2916 1.240000000002562 0.8400000000009913 0
2917 1.28000000000217 0.8400000000009902 0
2918 0.1999999992928349 0.179999999292859 0
2919 1.480000000000527 0.8400000000009689 0
2920 1.23999999999805 0.200000000000317 0
2921 1.379999999998448 0.2000000000003327 0
2922 0.5400000000023236 0.7999999999993932 0
2923 0.9399999999975726 0.2199999999998197 0
2924 0.8000000000030114 0.7999999999996579 0
2925 0.9800000000032751 0.8000000000005236 0
2926 0.8199999999976444 0.2199999999994889 0
2927 1.519999999998669 0.2000000000003354 0
2928 1.780000000000322 0.5399999999994994 0
2929 0.4399999999991145 0.1999999999995249 0
2930 0.2200000000002024 0.3800000000010677 0
2931 1.559999999999848 0.8000000000011247 0
2932 1.639999999998847 0.220000000000326 0
2933 1.800000000000353 0.3399999999992149 0
2934 1.78000000000015 0.6399999999995357 0
2935 0.259999999998714 0.219999999998592 0
2936 0.9999999999976297 0.2200000000000789 0
2937 0.7400000000028631 0.7999999999995165 0
2938 0.6800000000026676 0.7999999999994435 0
2939 0.6599999999983454 0.1799999999995703 0
2940 1.500000000000261 0.820000000001063 0
2941 0.4999999999988696 0.1799999999995559 0
2942 1.799999999999939 0.7399999999997263 0
2943 1.040000000003396 0.8000000000009306 0
2944 1.639999999999604 0.8000000000009915 0
2945 0.1999999999998106 0.500000000001357 0
2946 0.2000000000000624 0.440000000001186 0
2947 0.2600000000011378 0.819999999999668 0
2948 0.1999999999994968 0.580000000001567 0
2949 0.4400000000020292 0.7999999999994264 0
2950 1.719999999999638 0.8000000000005985 0
2951 1.75999999999974 0.8000000000002659 0
2952 0.3800000000017885 0.7999999999994623 0
2953 1.220000000002712 0.8200000000010998 0
2954 1.419999999998545 0.2000000000003352 0
2955 1.339999999998317 0.2000000000003294 0
2956 1.299999999998178 0.2000000000003254 0
2957 0.2000000000002778 0.3200000000010153 0
2958 0.3200000000016028 0.7999999999995353 0
2959 1.579999999998764 0.2000000000003286 0
2960 0.6200000000025133 0.7999999999994112 0
2961 1.479999999998618 0.2000000000003375 0
2962 0.9199999999975447 0.1999999999997455 0
2963 0.6999999999982269 0.1799999999995712 0
2964 1.14000000000323 0.8000000000011969 0
2965 0.2200000000001027 0.7999999999997659 0
2966 0.3199999999995436 0.1999999999996125 0
2967 0.7599999999979381 0.1999999999995268 0
2968 1.800000000000197 0.2399999999999841 0
2969 0.219999999928143 0.1999999999281932 0
2970 1.060000000003455 0.8000000000010289 0
2971 1.820000000000342 0.3799999999991833 0
2972 1.799999999999971 0.7199999999996115 0
2973 1.820000000000337 0.3599999999991555 0
2974 1.659999999999576 0.8000000000009233 0
2975 0.1999999999997111 0.5200000000014307 0
2976 0.2400000000007768 0.8199999999997089 0
2977 0.1999999999995583 0.5600000000015345 0
2978 1.799999999999898 0.7599999999998375 0
2979 1.779999999999852 0.7800000000000911 0
2980 1.079999999997733 0.1800000000002362 0
2981 0.8600000000031653 0.8199999999998467 0
2982 1.800000000000174 0.5999999999995067 0
2983 0.4200000000019486 0.7999999999994359 0
2984 1.699999999999587 0.8000000000007293 0
2985 1.800000000000209 0.5799999999994762 0
2986 0.3600000000017181 0.7999999999994815 0
2987 1.800000000000386 0.4599999999993142 0
2988 1.200000000002859 0.8200000000010997 0
2989 0.9599999999975831 0.2199999999999123 0
2990 0.900000000003244 0.8200000000000216 0
2991 1.75999999999938 0.1800000000002276 0
2992 0.7000000000027637 0.8199999999994917 0
2993 0.8599999999975864 0.1999999999995675 0
2994 1.699999999999001 0.2000000000002877 0
2995 0.2000000000002628 0.3400000000010572 0
2996 0.8200000000030975 0.8199999999997174 0
2997 1.799999999999839 0.7799999999998996 0
2998 0.4800000000021487 0.8199999999994495 0
2999 1.159999999997938 0.1800000000002773 0
3000 1.599999999998802 0.2000000000003249 0
3001 0.3000000000015122 0.8199999999995952 0
3002 0.6400000000025636 0.7999999999994208 0
3003 1.199999999998001 0.2000000000003045 0
3004 1.119999999997861 0.1800000000002605 0
3005 1.439999999998573 0.2000000000003362 0
3006 0.7600000000029631 0.819999999999574 0
3007 0.6000000000024637 0.7999999999994031 0
3008 0.1999999999978209 0.2599999999983961 0
3009 0.1999999999995329 0.2800000000001706 0
3010 0.1799999999999994 0.4600000000013068 0
3011 1.800000000000141 0.6199999999995115 0
3012 1.03999999999766 0.2000000000001909 0
3013 1.780000000000077 0.6799999999995472 0
3014 1.259999999998082 0.2000000000003206 0
3015 0.5600000000023706 0.819999999999435 0
3016 1.659999999998916 0.2000000000003063 0
3017 0.1999999999891052 0.239999999989551 0
3018 0.9400000000032996 0.8200000000002231 0
3019 0.200000000000169 0.4000000000011394 0
3020 1.739999999999258 0.2000000000002567 0
3021 1.539999999998698 0.2000000000003332 0
3022 0.500000000002229 0.7999999999994012 0
3023 0.8999999999975538 0.1999999999996713 0
3024 1.539999999999996 0.8200000000010457 0
3025 1.800000000000372 0.4799999999993252 0
3026 1.820000000000354 0.4399999999992608 0
3027 1.800000000000316 0.5199999999993663 0
3028 0.6199999999984582 0.1599999999996085 0
3029 1.599999999999693 0.8000000000010737 0
3030 1.800000000000006 0.2000000000001094 0
3031 1.020000000003339 0.8000000000008066 0
3032 1.400000000001235 0.8200000000010893 0
3033 1.320000000001842 0.8200000000010964 0
3034 1.820000000000314 0.2999999999993429 0
3035 1.820000000000347 0.399999999999218 0
3036 0.5399999999987162 0.1599999999996003 0
3037 0.4599999999990156 0.179999999999558 0
3038 0.1799999999993133 0.7000000000004708 0
3039 1.100000000003426 0.8000000000011548 0
3040 1.36000000000158 0.8200000000010942 0
3041 0.7399999999980857 0.179999999999569 0
3042 0.1799999999994033 0.6200000000015591 0
3043 0.3999999999992286 0.179999999999583 0
3044 0.1999999999995731 0.7799999999998518 0
3045 1.160000000003107 0.8200000000010974 0
3046 0.5799999999985832 0.1599999999996048 0
3047 1.440000000000815 0.8200000000010824 0
3048 0.339999999999438 0.1799999999996266 0
3049 0.1999999999993447 0.7399999999999811 0
3050 1.260000000002335 0.8200000000010987 0
3051 0.7999999999977661 0.1999999999995235 0
3052 0.2799999999988309 0.1999999999987949 0
3053 0.1999999996555167 0.1999999996556698 0
3054 1.280000000002142 0.8200000000010979 0
3055 1.460000000000607 0.8200000000010764 0
3056 1.820000000000277 0.2599999999997145 0
3057 0.1799999999993385 0.6600000000012145 0
3058 1.260000000002305 0.8000000000012027 0
3059 1.380000000001318 0.8000000000011941 0
3060 0.6400000000025466 0.7799999999993862 0
3061 1.140000000003242 0.7800000000012957 0
3062 1.239999999998068 0.2200000000003266 0
3063 1.419999999998552 0.2200000000003479 0
3064 1.04000000000331 0.780000000001004 0
3065 0.9399999999976008 0.2399999999998064 0
3066 1.539999999998685 0.2200000000003469 0
3067 0.2199999999996204 0.5400000000013973 0
3068 0.3600000000017543 0.7799999999994488 0
3069 0.1999999999993042 0.6800000000008403 0
3070 1.760000000000196 0.639999999999584 0
3071 1.639999999999673 0.7800000000010683 0
3072 1.699999999999703 0.7800000000007921 0
3073 0.2200000000002743 0.3200000000009294 0
3074 1.78000000000001 0.7199999999997745 0
3075 0.900000000003172 0.8000000000000451 0
3076 1.759999999999849 0.7800000000002881 0
3077 1.099999999997832 0.2000000000002567 0
3078 0.4200000000019955 0.7799999999994004 0
3079 0.5999999999985128 0.1799999999995669 0
3080 0.219999999999659 0.759999999999856 0
3081 1.440000000000676 0.8000000000011809 0
3082 0.2600000000010274 0.7999999999996656 0
3083 0.2200000000000195 0.280000000000515 0
3084 1.779999999999927 0.2200000000001388 0
3085 1.77999999999992 0.7600000000000438 0
3086 1.800000000000366 0.3799999999991949 0
3087 0.7600000000029165 0.7999999999995572 0
3088 0.1999999999999935 0.4600000000012265 0
3089 1.780000000000251 0.5799999999995508 0
3090 0.8799999999975836 0.2199999999995837 0
3091 0.7000000000027333 0.799999999999462 0
3092 0.4800000000021709 0.7999999999994094 0
3093 1.59999999999878 0.2200000000003378 0
3094 0.3000000000015242 0.7999999999995723 0
3095 0.5800000000024153 0.7999999999993972 0
3096 0.9199999999975755 0.2199999999997291 0
3097 1.300000000001957 0.8000000000012009 0
3098 0.3999999999992622 0.1999999999995487 0
3099 1.10000000000342 0.7800000000012484 0
3100 0.1999999999993486 0.6400000000014506 0
3101 0.1999999999994413 0.6000000000015703 0
3102 1.180000000002996 0.8000000000012035 0
3103 0.5599999999986581 0.1799999999995625 0
3104 1.539999999999951 0.8000000000011392 0
3105 0.7199999999981044 0.1999999999995311 0
3106 0.4599999999990529 0.1999999999995205 0
3107 0.7999999999977047 0.2199999999994849 0
3108 0.2999999999996539 0.2199999999995657 0
3109 0.2399999999926872 0.2199999999926728 0
3110 1.800000000000303 0.279999999999676 0
3111 0.1999999999993074 0.7200000000001333 0
3112 0.2400000000005714 0.7999999999997192 0
3113 1.759999999999519 0.2000000000002205 0
3114 1.780000000000384 0.4999999999994359 0
3115 1.780000000000354 0.5199999999994683 0
3116 1.739999999999696 0.8000000000004373 0
3117 1.780000000000043 0.6999999999996388 0
3118 1.800000000000359 0.3599999999991863 0
3119 0.2199999999997069 0.5200000000013357 0
3120 1.319999999998248 0.2000000000003269 0
3121 0.2199999999994922 0.5800000000014831 0
3122 0.7800000000029651 0.799999999999605 0
3123 0.8800000000031376 0.7999999999999475 0
3124 0.1999999999999088 0.4800000000012856 0
3125 1.000000000003304 0.8000000000006685 0
3126 0.2200000000001125 0.4200000000010994 0
3127 0.2200000000001612 0.4000000000010853 0
3128 1.780000000000286 0.5599999999995247 0
3129 0.3200000000016232 0.7799999999995099 0
3130 0.9400000000032341 0.8000000000002607 0
3131 1.800000000000381 0.4199999999992783 0
3132 1.800000000000385 0.4399999999993015 0
3133 1.679999999998921 0.2200000000003065 0
3134 1.659999999998881 0.2200000000003165 0
3135 0.7200000000028018 0.7999999999994868 0
3136 1.220000000002707 0.8000000000012037 0
3137 1.399999999998501 0.2000000000003334 0
3138 1.359999999998385 0.2000000000003309 0
3139 0.9799999999976026 0.2199999999999984 0
3140 0.8400000000030777 0.7999999999997801 0
3141 0.8200000000030458 0.7999999999997172 0
3142 0.4600000000021036 0.7999999999994183 0
3143 1.619999999998815 0.2200000000003324 0
3144 0.6800000000026464 0.7799999999994143 0
3145 1.219999999998026 0.2000000000003107 0
3146 1.780000000000184 0.6199999999995538 0
3147 0.5600000000023686 0.7999999999993944 0
3148 0.6200000000024999 0.779999999999376 0
3149 1.019999999997653 0.2200000000001431 0
3150 1.760000000000159 0.6599999999996041 0
3151 1.499999999998642 0.2000000000003364 0
3152 0.2199999999989685 0.259999999999363 0
3153 1.179999999997979 0.2000000000002959 0
3154 1.139999999997931 0.2000000000002781 0
3155 0.9600000000032562 0.8000000000003861 0
3156 1.279999999998126 0.200000000000323 0
3157 1.459999999998597 0.2000000000003369 0
3158 1.059999999997701 0.2000000000002206 0
3159 0.5200000000022776 0.7999999999993965 0
3160 1.719999999999096 0.2000000000002748 0
3161 1.559999999998729 0.2000000000003307 0
3162 0.2200000000002315 0.3600000000010444 0
3163 0.3800000000018316 0.7799999999994288 0
3164 0.8399999999976087 0.2199999999995054 0
3165 1.659999999999656 0.7800000000009953 0
3166 0.6399999999983985 0.1799999999995695 0
3167 0.779999999997849 0.1999999999995247 0
3168 1.800000000000343 0.3199999999993373 0
3169 0.5199999999988013 0.1799999999995578 0
3170 1.780000000000417 0.4599999999993671 0
3171 1.340000000001677 0.8000000000011988 0
3172 1.240000000002533 0.8200000000010986 0
3173 1.480000000000426 0.8200000000010694 0
3174 1.420000000001022 0.8200000000010852 0
3175 1.579999999999765 0.8000000000011011 0
3176 1.080000000003428 0.780000000001192 0
3177 1.520000000000125 0.8200000000010546 0
3178 1.619999999999646 0.8000000000010362 0
3179 0.6799999999982846 0.1799999999995713 0
3180 0.4199999999991845 0.1999999999995355 0
3181 0.4799999999989462 0.1799999999995566 0
3182 1.160000000003116 0.8000000000012009 0
3183 0.3599999999994147 0.1999999999995823 0
3184 0.3399999999994806 0.1999999999995998 0
3185 0.2199999999999115 0.7799999999998039 0
3186 1.779999999999779 0.2000000000001672 0
3187 0.7399999999980199 0.1999999999995294 0
3188 0.2799999999993806 0.2199999999992524 0
3189 0.2199999999621987 0.2199999999623486 0
3190 1.800000000000251 0.2599999999998497 0
3191 0.8199999999976336 0.2399999999994541 0
3192 0.6400000000025314 0.7599999999993552 0
3193 1.100000000003394 0.7600000000013354 0
3194 0.9000000000031052 0.7800000000000711 0
3195 0.8000000000029518 0.7799999999996549 0
3196 1.760000000000421 0.4999999999995169 0
3197 1.619999999998791 0.2400000000003414 0
3198 0.2399999999996177 0.5400000000013049 0
3199 0.4399999999991479 0.2199999999994906 0
3200 0.360000000001796 0.7599999999994199 0
3201 0.2400000000001052 0.4200000000010523 0
3202 1.780000000000389 0.3799999999992514 0
3203 1.740000000000246 0.6399999999996917 0
3204 1.539999999999926 0.7800000000012299 0
3205 1.639999999999751 0.7600000000011431 0
3206 1.319999999998268 0.2200000000003385 0
3207 0.5000000000022383 0.7799999999993645 0
3208 1.760000000000329 0.5599999999995946 0
3209 0.9800000000032133 0.7800000000005771 0
3210 0.9999999999976449 0.2400000000000711 0
3211 0.6599999999983095 0.1999999999995318 0
3212 0.2999999999997987 0.2399999999995868 0
3213 0.2400000000001301 0.2800000000003221 0
3214 1.780000000000281 0.2799999999998649 0
3215 1.739999999999362 0.220000000000252 0
3216 1.759999999999935 0.7600000000002621 0
3217 1.739999999999815 0.7800000000004743 0
3218 1.760000000000087 0.6999999999998167 0
3219 0.219999999999904 0.4800000000012049 0
3220 1.59999999999973 0.780000000001157 0
3221 0.760000000002875 0.7799999999995436 0
3222 0.2199999999994354 0.6000000000014973 0
3223 0.9199999999976067 0.2399999999997122 0
3224 1.359999999998397 0.2200000000003431 0
3225 1.399999999998508 0.2200000000003461 0
3226 1.699999999998996 0.2200000000002942 0
3227 1.559999999998714 0.2200000000003442 0
3228 0.3000000000015176 0.7799999999995536 0
3229 0.5800000000024085 0.7799999999993603 0
3230 1.499999999998638 0.2200000000003501 0
3231 0.2400000000001926 0.3800000000010182 0
3232 1.780000000000039 0.2400000000000813 0
3233 0.6999999999981732 0.1999999999995324 0
3234 1.500000000000193 0.8000000000011585 0
3235 0.4999999999989196 0.1999999999995182 0
3236 0.7599999999978504 0.2199999999994882 0
3237 0.3599999999994557 0.2199999999995537 0
3238 1.400000000001089 0.8000000000011898 0
3239 0.2400000000003752 0.7799999999997445 0
3240 0.2599999999993185 0.2399999999991778 0
3241 0.2399999999963127 0.2399999999963748 0
3242 1.759999999999647 0.2200000000002015 0
3243 1.060000000003377 0.7800000000011087 0
3244 1.77999999999997 0.7399999999999316 0
3245 1.719999999999765 0.7800000000006458 0
3246 1.760000000000123 0.6799999999996885 0
3247 1.619999999999701 0.7800000000011167 0
3248 1.079999999997762 0.2000000000002406 0
3249 1.279999999998146 0.2200000000003338 0
3250 0.2199999999998058 0.5000000000012707 0
3251 0.4000000000019147 0.7799999999994134 0
3252 0.3400000000016891 0.7799999999994768 0
3253 1.67999999999967 0.7800000000009021 0
3254 0.7000000000027072 0.7799999999994368 0
3255 0.9200000000032051 0.8000000000001497 0
3256 1.780000000000408 0.4199999999993133 0
3257 0.8599999999975922 0.2199999999995373 0
3258 0.8400000000030168 0.7799999999997872 0
3259 0.4600000000021322 0.779999999999382 0
3260 0.4400000000020671 0.7799999999993913 0
3261 0.2200000000002545 0.3400000000009936 0
3262 1.579999999998745 0.2200000000003411 0
3263 1.11999999999789 0.2000000000002677 0
3264 1.659999999998853 0.240000000000324 0
3265 1.199999999998017 0.2200000000003123 0
3266 1.219999999998043 0.2200000000003196 0
3267 0.3399999999995356 0.2199999999995751 0
3268 0.2800000000013397 0.7999999999996169 0
3269 0.6600000000025948 0.7799999999993992 0
3270 1.780000000000217 0.599999999999557 0
3271 0.6000000000024535 0.7799999999993673 0
3272 0.2200000000001928 0.300000000000743 0
3273 1.76000000000023 0.6199999999996001 0
3274 1.519999999998661 0.2200000000003484 0
3275 1.159999999997956 0.2000000000002868 0
3276 1.259999999998106 0.2200000000003304 0
3277 0.8600000000031064 0.7999999999998589 0
3278 1.459999999998599 0.2200000000003503 0
3279 1.439999999998578 0.2200000000003489 0
3280 0.5200000000022819 0.7799999999993593 0
3281 0.9600000000031915 0.780000000000432 0
3282 0.2200000000000542 0.440000000001121 0
3283 1.039999999997681 0.2200000000001892 0
3284 0.2199999999908293 0.2399999999911032 0
3285 0.7400000000028297 0.7799999999995005 0
3286 0.5600000000023655 0.7799999999993572 0
3287 0.8999999999975818 0.2199999999996509 0
3288 0.9599999999976041 0.2399999999999009 0
3289 1.760000000000362 0.5399999999995752 0
3290 0.3199999999996144 0.2199999999995875 0
3291 1.780000000000405 0.4799999999993981 0
3292 1.780000000000371 0.3399999999993694 0
3293 1.020000000003262 0.7800000000008732 0
3294 1.800000000000325 0.2999999999995063 0
3295 0.5399999999987335 0.1799999999995604 0
3296 1.780000000000414 0.4399999999993423 0
3297 1.800000000000374 0.3999999999992404 0
3298 1.4600000000005 0.800000000001174 0
3299 0.6199999999984526 0.1799999999995686 0
3300 1.200000000002865 0.8000000000012032 0
3301 0.2199999999995545 0.5600000000014441 0
3302 1.320000000001816 0.8000000000011994 0
3303 1.559999999999845 0.7800000000012116 0
3304 0.1999999999993913 0.6200000000015322 0
3305 0.2199999999993512 0.7200000000000532 0
3306 0.219999999999486 0.7399999999999313 0
3307 1.280000000002119 0.8000000000012015 0
3308 1.12000000000334 0.7800000000012772 0
3309 0.4199999999992181 0.2199999999995021 0
3310 1.360000000001503 0.8000000000011962 0
3311 0.1999999999993231 0.6600000000011924 0
3312 1.16000000000313 0.7800000000013008 0
3313 0.5799999999985832 0.179999999999565 0
3314 1.520000000000069 0.8000000000011489 0
3315 0.3799999999993415 0.1999999999995651 0
3316 0.7199999999980169 0.2199999999994934 0
3317 0.4799999999989892 0.199999999999519 0
3318 0.7799999999977746 0.2199999999994859 0
3319 1.240000000002516 0.8000000000012026 0
3320 1.420000000000873 0.800000000001185 0
3321 0.1999999999993038 0.7000000000004292 0
3322 1.260000000002303 0.7800000000013022 0
3323 1.380000000001147 0.7800000000012917 0
3324 1.219999999998075 0.2400000000003252 0
3325 1.399999999998509 0.2400000000003551 0
3326 0.9800000000031478 0.7600000000006297 0
3327 0.7600000000028442 0.7599999999995334 0
3328 0.9199999999976282 0.2599999999996952 0
3329 0.5000000000022458 0.759999999999331 0
3330 1.519999999998653 0.2400000000003586 0
3331 0.4399999999991777 0.2399999999994582 0
3332 1.539999999999928 0.7600000000013162 0
3333 0.2399999999995568 0.7199999999999429 0
3334 1.699999999999849 0.7600000000008451 0
3335 1.099999999997865 0.2200000000002589 0
3336 1.740000000000279 0.6199999999996735 0
3337 0.559999999998684 0.1999999999995247 0
3338 1.759999999999999 0.7400000000001612 0
3339 1.0600000000033 0.7600000000011882 0
3340 1.760000000000448 0.4599999999994278 0
3341 1.740000000000171 0.6799999999999076 0
3342 0.9200000000031345 0.7800000000001819 0
3343 0.2399999999994905 0.5800000000013881 0
3344 0.8599999999976111 0.2399999999995067 0
3345 0.2199999999993404 0.6400000000013398 0
3346 0.2399999999998014 0.5000000000011954 0
3347 0.2400000000000481 0.440000000001068 0
3348 0.400000000001964 0.7599999999993813 0
3349 0.8600000000030454 0.7799999999998715 0
3350 0.4400000000020993 0.7599999999993582 0
3351 1.579999999998728 0.2400000000003511 0
3352 0.2400000000002452 0.34000000000087 0
3353 0.2800000000012676 0.7799999999996089 0
3354 1.760000000000261 0.5999999999996082 0
3355 0.240000000000227 0.3000000000005182 0
3356 0.6000000000024424 0.759999999999334 0
3357 1.25999999999815 0.240000000000337 0
3358 1.439999999998583 0.2400000000003584 0
3359 1.340000000001559 0.7800000000012971 0
3360 1.140000000003252 0.7600000000013879 0
3361 0.5999999999985063 0.1999999999995288 0
3362 0.3799999999993786 0.2199999999995347 0
3363 0.6999999999980913 0.2199999999994951 0
3364 0.4999999999989748 0.2199999999994825 0
3365 1.220000000002732 0.780000000001303 0
3366 1.780000000000357 0.3199999999995407 0
3367 0.2599999999997899 0.259999999999634 0
3368 1.759999999999818 0.2400000000001692 0
3369 1.760000000000047 0.7200000000000056 0
3370 1.080000000003366 0.7600000000012723 0
3371 1.719999999999898 0.7600000000006792 0
3372 1.760000000000439 0.4799999999994706 0
3373 1.780000000000399 0.399999999999282 0
3374 1.74000000000021 0.6599999999997825 0
3375 0.9400000000031634 0.7800000000003018 0
3376 1.619999999999763 0.7600000000011958 0
3377 0.2399999999995518 0.5600000000013502 0
3378 1.299999999998206 0.2200000000003357 0
3379 0.7800000000029147 0.7799999999995971 0
3380 0.2199999999993844 0.6200000000014509 0
3381 0.3800000000018794 0.7599999999993989 0
3382 0.2399999999997035 0.5200000000012529 0
3383 0.320000000001629 0.7599999999994888 0
3384 0.3400000000017176 0.7599999999994508 0
3385 1.000000000003234 0.7800000000007287 0
3386 1.379999999998454 0.2200000000003443 0
3387 0.7200000000027713 0.7799999999994659 0
3388 1.679999999998919 0.2400000000003114 0
3389 0.9799999999976202 0.2399999999999887 0
3390 1.339999999998334 0.2200000000003405 0
3391 1.739999999999922 0.7600000000004715 0
3392 0.8399999999976182 0.239999999999474 0
3393 0.8999999999976128 0.2399999999996294 0
3394 0.8800000000030761 0.7799999999999683 0
3395 1.719999999999148 0.220000000000277 0
3396 1.59999999999876 0.2400000000003465 0
3397 0.240000000000221 0.3600000000009584 0
3398 0.6800000000026228 0.7599999999993886 0
3399 0.6600000000025766 0.7599999999993706 0
3400 0.2600000000008486 0.7799999999996758 0
3401 1.639999999998821 0.2400000000003333 0
3402 1.760000000000294 0.5799999999996039 0
3403 0.6200000000024868 0.7599999999993441 0
3404 1.500000000000139 0.7800000000012507 0
3405 1.159999999997974 0.220000000000293 0
3406 1.179999999997996 0.2200000000003026 0
3407 0.4800000000021873 0.7799999999993735 0
3408 1.019999999997668 0.2400000000001369 0
3409 0.5800000000024007 0.7599999999993273 0
3410 0.5400000000023235 0.7799999999993572 0
3411 0.2399999999988219 0.2599999999989458 0
3412 0.240000000000153 0.4000000000010404 0
3413 1.479999999998618 0.2200000000003501 0
3414 0.2199999999999858 0.4600000000011577 0
3415 1.119999999997916 0.2200000000002714 0
3416 0.9399999999976174 0.2599999999997927 0
3417 1.059999999997728 0.22000000000022 0
3418 1.5599999999987 0.2400000000003539 0
3419 0.8200000000029843 0.7799999999997194 0
3420 1.760000000000392 0.5199999999995493 0
3421 0.2799999999996894 0.2399999999994731 0
3422 0.6399999999983697 0.1999999999995312 0
3423 0.7399999999979325 0.2199999999994912 0
3424 1.780000000000379 0.3599999999992925 0
3425 1.659999999999765 0.760000000001065 0
3426 1.760000000000435 0.4199999999993692 0
3427 1.579999999999782 0.7800000000011864 0
3428 0.799999999997671 0.2399999999994484 0
3429 1.30000000000191 0.7800000000013 0
3430 0.5199999999988507 0.1999999999995201 0
3431 1.480000000000341 0.8000000000011659 0
3432 1.040000000003235 0.7600000000010729 0
3433 1.780000000000171 0.2599999999999855 0
3434 1.520000000000032 0.7800000000012403 0
3435 0.45999999999909 0.2199999999994859 0
3436 0.6799999999982373 0.1999999999995327 0
3437 0.2199999999993021 0.6800000000006771 0
3438 1.12000000000334 0.760000000001368 0
3439 1.180000000003014 0.7800000000013023 0
3440 0.3999999999992979 0.2199999999995175 0
3441 0.2400000000000871 0.7599999999997836 0
3442 0.7599999999977767 0.2399999999994512 0
3443 0.3199999999997121 0.2399999999995699 0
3444 0.3599999999995048 0.239999999999527 0
3445 1.400000000000933 0.7800000000012862 0
3446 1.440000000000566 0.7800000000012755 0
3447 1.780000000000328 0.2999999999997138 0
3448 0.2199999999993274 0.7000000000003063 0
3449 1.380000000000981 0.7600000000013849 0
3450 0.6400000000025189 0.7399999999993276 0
3451 1.120000000003337 0.7400000000014564 0
3452 0.880000000003014 0.7599999999999877 0
3453 0.7999999999976567 0.2599999999994128 0
3454 0.9199999999976394 0.279999999999677 0
3455 0.2599999999996166 0.5400000000012247 0
3456 1.740000000000457 0.49999999999959 0
3457 1.579999999998713 0.2600000000003572 0
3458 0.3800000000019244 0.7399999999993706 0
3459 0.2600000000000418 0.4400000000010338 0
3460 1.65999999999885 0.2600000000003274 0
3461 1.72000000000033 0.619999999999798 0
3462 1.639999999999872 0.7400000000012142 0
3463 0.2600000000002099 0.3600000000007884 0
3464 1.760000000000377 0.3399999999995968 0
3465 1.760000000000207 0.2800000000000293 0
3466 1.0999999999979 0.2400000000002581 0
3467 0.9999999999976542 0.2600000000000607 0
3468 1.699999999999993 0.7400000000008738 0
3469 1.060000000003225 0.7400000000012615 0
3470 1.339999999998355 0.2400000000003486 0
3471 1.720000000000261 0.6600000000000459 0
3472 0.9400000000030951 0.7600000000003395 0
3473 1.740000000000081 0.720000000000287 0
3474 1.000000000003169 0.7600000000007878 0
3475 0.8399999999976371 0.2599999999994413 0
3476 1.740000000000371 0.5599999999996501 0
3477 0.6000000000024314 0.7399999999993038 0
3478 0.4800000000022008 0.7599999999993402 0
3479 0.8400000000029499 0.7599999999997968 0
3480 0.4599999999991202 0.2399999999994527 0
3481 1.460000000000412 0.7800000000012677 0
3482 0.6599999999982387 0.219999999999495 0
3483 0.5199999999989103 0.2199999999994842 0
3484 0.7199999999979192 0.2399999999994572 0
3485 0.2600000000006161 0.7599999999996939 0
3486 0.3000000000014478 0.7599999999995413 0
3487 0.2600000000000663 0.2799999999999227 0
3488 0.31999999999983 0.2599999999995576 0
3489 1.74000000000013 0.7000000000001078 0
3490 1.720000000000009 0.7400000000006609 0
3491 1.740000000000473 0.4799999999995462 0
3492 1.760000000000409 0.3799999999993822 0
3493 1.760000000000423 0.3999999999993631 0
3494 0.9600000000031217 0.7600000000004784 0
3495 1.079999999997795 0.2200000000002413 0
3496 1.599999999999789 0.7600000000012364 0
3497 0.2599999999994906 0.5800000000012947 0
3498 0.2399999999993377 0.6400000000011417 0
3499 0.2399999999994339 0.6000000000013915 0
3500 1.299999999998247 0.2400000000003431 0
3501 1.279999999998199 0.2400000000003399 0
3502 0.8000000000028996 0.7599999999996537 0
3503 0.3400000000017129 0.7399999999994277 0
3504 0.2599999999997013 0.5200000000011821 0
3505 1.020000000003197 0.7600000000009368 0
3506 1.379999999998456 0.240000000000353 0
3507 0.7000000000026776 0.7599999999994147 0
3508 1.679999999999804 0.7600000000009624 0
3509 1.719999999999271 0.2400000000002745 0
3510 1.699999999999067 0.2400000000002952 0
3511 0.879999999997614 0.2399999999995609 0
3512 1.739999999999564 0.2400000000002317 0
3513 1.619999999998769 0.2600000000003466 0
3514 0.4200000000020359 0.7599999999993687 0
3515 0.2600000000001447 0.4000000000009838 0
3516 0.6800000000026012 0.7399999999993659 0
3517 1.179999999998017 0.2400000000003062 0
3518 1.199999999998046 0.240000000000316 0
3519 1.740000000000007 0.740000000000406 0
3520 1.740000000000339 0.5799999999996576 0
3521 0.2400000000002511 0.3200000000006959 0
3522 1.539999999998676 0.2400000000003562 0
3523 0.460000000002151 0.7599999999993494 0
3524 1.139999999997949 0.2200000000002822 0
3525 1.239999999998114 0.2400000000003315 0
3526 1.419999999998552 0.2400000000003563 0
3527 1.740000000000309 0.5999999999996687 0
3528 0.7800000000028761 0.7599999999995909 0
3529 0.5400000000023227 0.7599999999993231 0
3530 0.5600000000023611 0.7599999999993239 0
3531 1.499999999998634 0.2400000000003595 0
3532 1.459999999998602 0.2400000000003593 0
3533 1.039999999997699 0.2400000000001842 0
3534 0.2399999999998982 0.4800000000011425 0
3535 0.2399999999999794 0.4600000000011013 0
3536 0.5200000000022845 0.7599999999993261 0
3537 0.9599999999976166 0.2599999999998877 0
3538 0.740000000002799 0.7599999999994868 0
3539 0.8999999999976366 0.2599999999996084 0
3540 1.740000000000402 0.5399999999996401 0
3541 1.760000000000443 0.4399999999993966 0
3542 0.9200000000030739 0.7600000000002154 0
3543 0.7799999999977226 0.239999999999449 0
3544 0.6199999999984322 0.1999999999995304 0
3545 0.4199999999992508 0.2399999999994709 0
3546 0.3799999999994164 0.2399999999995062 0
3547 0.4799999999990323 0.2199999999994838 0
3548 1.559999999999871 0.7600000000012959 0
3549 1.100000000003345 0.7400000000014163 0
3550 1.420000000000744 0.7800000000012804 0
3551 1.280000000002092 0.7800000000013007 0
3552 0.2199999999993165 0.6600000000010299 0
3553 0.539999999998775 0.1999999999995227 0
3554 0.2399999999998218 0.7399999999998444 0
3555 1.360000000001352 0.7800000000012941 0
3556 1.180000000003036 0.760000000001397 0
3557 1.160000000003146 0.7600000000013937 0
3558 1.320000000001731 0.7800000000012981 0
3559 1.520000000000012 0.7600000000013284 0
3560 1.200000000002886 0.780000000001302 0
3561 0.5799999999985936 0.199999999999527 0
3562 1.480000000000272 0.7800000000012589 0
3563 1.760000000000025 0.260000000000106 0
3564 0.6799999999981613 0.2199999999994957 0
3565 0.7399999999978477 0.2399999999994546 0
3566 0.3399999999996086 0.2399999999995494 0
3567 1.240000000002531 0.7800000000013022 0
3568 0.2999999999999423 0.2599999999996033 0
3569 0.2799999999999282 0.2599999999996283 0
3570 1.760000000000347 0.3199999999997621 0
3571 0.2399999999994243 0.7000000000001334 0
3572 1.239999999998172 0.2600000000003336 0
3573 1.399999999998511 0.2600000000003598 0
3574 1.120000000003313 0.720000000001538 0
3575 0.8000000000028644 0.7399999999996543 0
3576 0.9600000000030566 0.7400000000005224 0
3577 0.4800000000022103 0.7399999999993097 0
3578 1.720000000000508 0.4799999999996148 0
3579 0.279999999999616 0.5400000000011611 0
3580 0.4399999999992061 0.2599999999994282 0
3581 1.539999999999963 0.7400000000013987 0
3582 1.740000000000336 0.3399999999998073 0
3583 0.3199999999999512 0.2799999999995508 0
3584 1.260000000002305 0.7600000000013971 0
3585 1.74000000000046 0.4199999999994349 0
3586 1.720000000000444 0.5399999999996968 0
3587 0.8999999999976528 0.2799999999995862 0
3588 1.519999999998646 0.2600000000003647 0
3589 0.2599999999999622 0.7199999999998116 0
3590 1.719999999999505 0.2600000000002614 0
3591 1.679999999999956 0.7400000000010173 0
3592 1.07999999999783 0.2400000000002399 0
3593 1.279999999998252 0.260000000000343 0
3594 0.2599999999994336 0.6000000000012781 0
3595 0.7000000000026485 0.7399999999993951 0
3596 1.439999999998588 0.2600000000003637 0
3597 1.020000000003139 0.7400000000010015 0
3598 0.8799999999976397 0.2599999999995358 0
3599 0.5600000000023559 0.739999999999293 0
3600 1.679999999998972 0.2600000000003124 0
3601 0.7600000000028173 0.739999999999526 0
3602 1.300000000001799 0.7600000000013946 0
3603 0.7599999999977319 0.2599999999994158 0
3604 0.4999999999990196 0.2399999999994492 0
3605 1.180000000003063 0.7400000000014861 0
3606 0.3799999999994609 0.2599999999994793 0
3607 0.5599999999987286 0.2199999999994887 0
3608 0.5999999999984882 0.2199999999994926 0
3609 0.2800000000000964 0.279999999999749 0
3610 0.2399999999993179 0.6600000000007811 0
3611 1.740000000000027 0.2800000000001514 0
3612 0.2600000000002431 0.3200000000003909 0
3613 1.720000000000171 0.7000000000004498 0
3614 0.260000000000205 0.3000000000001714 0
3615 1.720000000000219 0.6800000000002597 0
3616 1.080000000003294 0.7400000000013504 0
3617 1.700000000000111 0.7200000000008536 0
3618 1.659999999999916 0.7400000000011281 0
3619 1.740000000000425 0.3799999999995312 0
3620 1.720000000000298 0.6399999999999055 0
3621 1.059999999997756 0.2400000000002159 0
3622 1.59999999999987 0.7400000000013142 0
3623 0.8200000000029254 0.7599999999997235 0
3624 0.3600000000018234 0.739999999999396 0
3625 0.3200000000015268 0.7399999999994753 0
3626 0.7200000000027397 0.7599999999994483 0
3627 0.2599999999999741 0.4600000000010586 0
3628 1.040000000003174 0.7400000000011401 0
3629 0.8599999999976391 0.2599999999994806 0
3630 0.9799999999976305 0.2599999999999768 0
3631 1.359999999998406 0.2400000000003507 0
3632 0.8199999999976439 0.2599999999994222 0
3633 1.59999999999874 0.2600000000003523 0
3634 0.9000000000030475 0.7600000000000994 0
3635 0.400000000002004 0.7399999999993528 0
3636 0.2600000000001808 0.3800000000008966 0
3637 1.720000000000096 0.7200000000005748 0
3638 1.639999999998803 0.2600000000003377 0
3639 1.720000000000414 0.5599999999997004 0
3640 1.720000000000357 0.5999999999997548 0
3641 0.2600000000002292 0.3400000000005932 0
3642 0.6200000000024747 0.739999999999315 0
3643 1.139999999997974 0.2400000000002837 0
3644 0.4400000000021199 0.7399999999993285 0
3645 1.119999999997944 0.2400000000002712 0
3646 1.199999999998089 0.2600000000003166 0
3647 0.5800000000023924 0.7399999999992972 0
3648 1.159999999997996 0.2400000000002948 0
3649 0.2800000000010938 0.7599999999996115 0
3650 1.479999999998618 0.2400000000003595 0
3651 1.019999999997681 0.2600000000001279 0
3652 0.5200000000022866 0.7399999999992951 0
3653 0.2600000000000965 0.4200000000010157 0
3654 0.6600000000025616 0.7399999999993451 0
3655 1.319999999998302 0.2400000000003455 0
3656 1.559999999998687 0.2600000000003602 0
3657 0.2599999999997987 0.500000000001137 0
3658 1.220000000002767 0.7600000000013977 0
3659 0.9399999999976263 0.2799999999997765 0
3660 0.8600000000029794 0.7599999999998863 0
3661 1.740000000000431 0.5199999999996215 0
3662 1.740000000000477 0.459999999999501 0
3663 0.9400000000030406 0.7400000000003798 0
3664 0.6999999999979906 0.2399999999994593 0
3665 0.6399999999983077 0.2199999999994945 0
3666 1.760000000000282 0.2999999999999031 0
3667 1.000000000003115 0.7400000000008438 0
3668 1.619999999999867 0.7400000000012694 0
3669 0.2599999999995519 0.5600000000012649 0
3670 1.579999999999829 0.7600000000012681 0
3671 1.76000000000039 0.3599999999994734 0
3672 0.2399999999993816 0.6200000000013101 0
3673 1.400000000000802 0.7600000000013787 0
3674 1.440000000000481 0.7600000000013666 0
3675 0.7799999999976918 0.2599999999994133 0
3676 1.200000000002913 0.7600000000013967 0
3677 1.340000000001372 0.7600000000013915 0
3678 1.739999999999792 0.2600000000001932 0
3679 1.50000000000011 0.7600000000013388 0
3680 0.479999999999068 0.2399999999994505 0
3681 1.14000000000326 0.7400000000014734 0
3682 1.460000000000347 0.760000000001358 0
3683 0.3999999999993335 0.2399999999994877 0
3684 0.6599999999981401 0.2399999999994598 0
3685 0.7199999999978391 0.2599999999994227 0
3686 0.3599999999995725 0.2599999999995019 0
3687 0.3399999999997004 0.2599999999995281 0
3688 0.2600000000003252 0.7399999999997368 0
3689 0.5399999999988301 0.2199999999994868 0
3690 1.360000000001172 0.7600000000013882 0
3691 0.2399999999993452 0.6800000000004213 0
3692 1.340000000001194 0.7400000000014816 0
3693 0.6200000000024628 0.719999999999288 0
3694 0.7999999999976606 0.27999999999938 0
3695 1.020000000003088 0.7200000000010622 0
3696 0.899999999997662 0.2999999999995641 0
3697 1.599999999998719 0.2800000000003552 0
3698 1.700000000000486 0.5399999999997344 0
3699 0.2800000000000333 0.4400000000010009 0
3700 0.380000000001952 0.7199999999993469 0
3701 1.700000000000382 0.6200000000000312 0
3702 1.6 0.7200000000013886 0
3703 0.2800000000001692 0.3800000000006817 0
3704 1.679999999999068 0.2800000000003081 0
3705 1.07999999999787 0.2600000000002348 0
3706 0.9600000000030064 0.7200000000005666 0
3707 0.880000000002954 0.7400000000000097 0
3708 0.9999999999976656 0.2800000000000479 0
3709 1.719999999999719 0.280000000000229 0
3710 0.2800000000002132 0.3400000000002423 0
3711 0.2800000000001808 0.2999999999998834 0
3712 1.080000000003217 0.7200000000014281 0
3713 1.720000000000509 0.4599999999995538 0
3714 0.2599999999993439 0.6400000000008943 0
3715 0.7200000000027073 0.739999999999432 0
3716 0.2799999999994922 0.5800000000012102 0
3717 0.8399999999976618 0.2799999999994121 0
3718 0.8799999999976619 0.2799999999995116 0
3719 1.119999999997979 0.2600000000002685 0
3720 0.5800000000023842 0.7199999999992689 0
3721 1.319999999998337 0.2600000000003495 0
3722 1.700000000000313 0.6600000000004221 0
3723 1.640000000000045 0.7200000000012802 0
3724 1.7000000000002 0.7000000000007761 0
3725 1.380000000000851 0.7400000000014743 0
3726 1.44000000000042 0.7400000000014539 0
3727 1.140000000003268 0.7200000000015573 0
3728 0.3999999999993714 0.2599999999994593 0
3729 1.740000000000254 0.3199999999999457 0
3730 0.6399999999982171 0.2399999999994596 0
3731 0.6999999999979005 0.2599999999994252 0
3732 1.100000000003282 0.7200000000014928 0
3733 1.660000000000083 0.7200000000011847 0
3734 0.9800000000030863 0.7400000000006814 0
3735 0.3400000000015878 0.719999999999422 0
3736 1.259999999998211 0.2600000000003386 0
3737 0.8400000000028933 0.739999999999807 0
3738 0.259999999999383 0.6200000000011442 0
3739 0.7400000000027671 0.7399999999994759 0
3740 1.419999999998556 0.2600000000003615 0
3741 0.2799999999995519 0.5600000000011929 0
3742 0.2800000000008334 0.73999999999963 0
3743 0.3000000000012107 0.7399999999995437 0
3744 0.2599999999998921 0.4800000000010945 0
3745 1.339999999998377 0.2600000000003525 0
3746 1.680000000000101 0.7200000000010379 0
3747 1.639999999998796 0.2800000000003393 0
3748 1.159999999998024 0.2600000000002938 0
3749 1.179999999998054 0.2600000000003053 0
3750 0.6600000000025477 0.7199999999993218 0
3751 1.539999999998665 0.2600000000003623 0
3752 0.4600000000021655 0.7399999999993195 0
3753 1.219999999998133 0.2600000000003255 0
3754 1.720000000000385 0.5799999999997208 0
3755 1.299999999998294 0.2600000000003457 0
3756 1.479999999998618 0.2600000000003656 0
3757 1.459999999998605 0.2600000000003645 0
3758 0.8200000000028806 0.7399999999997283 0
3759 0.7000000000026236 0.7199999999993784 0
3760 1.699999999999208 0.2600000000002888 0
3761 0.5000000000022501 0.7399999999993012 0
3762 1.579999999998695 0.2800000000003597 0
3763 0.7800000000028463 0.739999999999587 0
3764 0.4200000000020657 0.7399999999993396 0
3765 0.2800000000000877 0.4200000000009527 0
3766 1.499999999998631 0.2600000000003652 0
3767 1.359999999998416 0.2600000000003552 0
3768 1.379999999998462 0.2600000000003573 0
3769 0.5400000000023211 0.7399999999992931 0
3770 1.039999999997722 0.2600000000001761 0
3771 0.2799999999996991 0.5200000000011259 0
3772 0.9199999999976448 0.2999999999996587 0
3773 0.9599999999976241 0.2799999999998726 0
3774 1.720000000000492 0.4999999999996573 0
3775 1.720000000000469 0.5199999999996824 0
3776 0.9200000000030237 0.7400000000002493 0
3777 1.740000000000445 0.3999999999994586 0
3778 1.740000000000471 0.439999999999459 0
3779 0.5199999999989602 0.2399999999994507 0
3780 0.7399999999977871 0.2599999999994196 0
3781 0.6199999999983855 0.219999999999494 0
3782 0.6799999999980637 0.2399999999994603 0
3783 0.459999999999145 0.259999999999422 0
3784 1.060000000003153 0.7200000000013298 0
3785 1.480000000000224 0.7600000000013483 0
3786 1.160000000003166 0.7400000000014811 0
3787 0.2599999999994118 0.68000000000019 0
3788 0.5799999999986067 0.219999999999491 0
3789 1.320000000001575 0.7600000000013925 0
3790 0.2599999999996412 0.6999999999999661 0
3791 1.420000000000638 0.7600000000013718 0
3792 1.559999999999929 0.7400000000013771 0
3793 1.579999999999903 0.7400000000013475 0
3794 1.280000000002039 0.7600000000013956 0
3795 0.7599999999977105 0.2799999999993823 0
3796 1.500000000000098 0.7400000000014236 0
3797 1.520000000000026 0.7400000000014116 0
3798 1.200000000002947 0.7400000000014871 0
3799 0.4999999999990499 0.259999999999418 0
3800 0.4199999999992866 0.2599999999994421 0
3801 1.740000000000142 0.3000000000000566 0
3802 0.3399999999998166 0.2799999999995084 0
3803 0.3799999999995494 0.2799999999994545 0
3804 0.5599999999987595 0.2399999999994549 0
3805 0.300000000000044 0.2799999999996348 0
3806 1.740000000000385 0.3599999999996625 0
3807 1.240000000002559 0.7600000000013969 0
3808 1.279999999998296 0.2800000000003419 0
3809 1.379999999998474 0.2800000000003586 0
3810 1.14000000000325 0.7000000000016379 0
3811 1.15999999999806 0.280000000000289 0
3812 0.8400000000028565 0.7199999999998179 0
3813 0.8999999999976673 0.3199999999995421 0
3814 0.2999999999996163 0.5400000000011101 0
3815 0.4800000000022185 0.7199999999992821 0
3816 1.500000000000113 0.7200000000015047 0
3817 1.5999999999987 0.3000000000003543 0
3818 0.3000000000000251 0.4400000000008993 0
3819 1.720000000000421 0.3799999999996764 0
3820 1.499999999998628 0.2800000000003678 0
3821 0.2799999999995561 0.6800000000000345 0
3822 1.080000000003132 0.7000000000014988 0
3823 1.700000000000541 0.4799999999996244 0
3824 0.7800000000028147 0.7199999999995843 0
3825 0.4399999999992462 0.2799999999994003 0
3826 1.260000000002311 0.7400000000014874 0
3827 1.640000000000214 0.7000000000013363 0
3828 1.72000000000021 0.3399999999999642 0
3829 0.3399999999999582 0.2999999999994922 0
3830 0.9800000000030306 0.7200000000007312 0
3831 1.700000000000509 0.5199999999997171 0
3832 1.419999999998564 0.2800000000003633 0
3833 1.680000000000218 0.7000000000010298 0
3834 1.319999999998367 0.2800000000003494 0
3835 0.4200000000020899 0.7199999999993123 0
3836 0.5400000000023195 0.7199999999992647 0
3837 1.199999999998147 0.2800000000003133 0
3838 0.7199999999977921 0.27999999999939 0
3839 1.54000000000004 0.7200000000014776 0
3840 1.580000000000011 0.7200000000014251 0
3841 1.480000000000197 0.7400000000014341 0
3842 0.5199999999989947 0.2599999999994193 0
3843 1.180000000003093 0.7200000000015712 0
3844 1.400000000000697 0.7400000000014675 0
3845 0.3999999999994395 0.2799999999994332 0
3846 1.719999999999881 0.3000000000001682 0
3847 0.6599999999980328 0.2599999999994265 0
3848 0.2800000000003823 0.7199999999996886 0
3849 0.3200000000012225 0.7199999999994897 0
3850 1.220000000002803 0.7400000000014877 0
3851 0.2799999999993639 0.6400000000007251 0
3852 0.2799999999994367 0.6000000000011699 0
3853 1.699999999999375 0.2800000000002731 0
3854 0.2800000000002105 0.3200000000000491 0
3855 1.700000000000262 0.6800000000006267 0
3856 1.720000000000485 0.4199999999994978 0
3857 1.7200000000005 0.4399999999995053 0
3858 1.700000000000433 0.5799999999997992 0
3859 1.700000000000408 0.5999999999999096 0
3860 1.059999999997791 0.2600000000002092 0
3861 1.000000000003061 0.7200000000008995 0
3862 0.3600000000018 0.71999999999938 0
3863 1.239999999998233 0.2800000000003317 0
3864 0.7200000000026739 0.7199999999994191 0
3865 0.86000000000292 0.7399999999999026 0
3866 0.299999999999496 0.580000000001144 0
3867 0.2799999999998876 0.4800000000010515 0
3868 0.2799999999997938 0.500000000001088 0
3869 1.040000000003115 0.7200000000012052 0
3870 0.979999999997639 0.2799999999999628 0
3871 0.8599999999976647 0.2799999999994541 0
3872 1.619999999998752 0.2800000000003478 0
3873 0.900000000002994 0.7400000000001273 0
3874 0.8199999999976583 0.2799999999993908 0
3875 0.2800000000001324 0.400000000000836 0
3876 1.659999999998898 0.2800000000003253 0
3877 1.539999999998654 0.2800000000003653 0
3878 1.559999999998673 0.2800000000003626 0
3879 0.6400000000025063 0.7199999999993036 0
3880 0.2800000000001945 0.3600000000004502 0
3881 1.099999999997937 0.2600000000002529 0
3882 1.700000000000459 0.5599999999997511 0
3883 0.6000000000024213 0.7199999999992771 0
3884 1.139999999998004 0.260000000000281 0
3885 1.459999999998609 0.2800000000003667 0
3886 0.6800000000025848 0.7199999999993473 0
3887 0.4000000000020305 0.7199999999993275 0
3888 0.5600000000023514 0.7199999999992657 0
3889 1.339999999998398 0.2800000000003527 0
3890 1.700000000000351 0.6400000000002219 0
3891 0.5000000000022546 0.7199999999992734 0
3892 0.7600000000027778 0.7199999999995216 0
3893 0.440000000002135 0.719999999999302 0
3894 1.019999999997706 0.280000000000116 0
3895 0.9399999999976325 0.2999999999997588 0
3896 0.8200000000028493 0.7199999999997344 0
3897 0.2799999999999663 0.4600000000010204 0
3898 0.9400000000029979 0.7200000000004196 0
3899 0.8799999999976762 0.2999999999994875 0
3900 0.7799999999976823 0.2799999999993799 0
3901 0.5399999999988736 0.2399999999994532 0
3902 0.4799999999990947 0.2599999999994194 0
3903 1.120000000003244 0.7000000000016134 0
3904 1.62000000000002 0.7200000000013389 0
3905 1.300000000001659 0.740000000001485 0
3906 1.360000000001022 0.7400000000014779 0
3907 0.739999999997752 0.2799999999993865 0
3908 1.460000000000306 0.7400000000014444 0
3909 1.160000000003186 0.7200000000015654 0
3910 1.420000000000556 0.7400000000014602 0
3911 0.5999999999984418 0.2399999999994582 0
3912 0.619999999998312 0.2399999999994594 0
3913 0.6799999999979658 0.2599999999994266 0
3914 0.359999999999687 0.2799999999994799 0
3915 0.5799999999985987 0.2399999999994569 0
3916 0.3200000000000585 0.2999999999995603 0
3917 0.3000000000001249 0.2999999999996961 0
3918 1.320000000001406 0.7400000000014831 0
3919 0.2599999999993594 0.66000000000054 0
3920 1.300000000001554 0.7200000000015716 0
3921 0.6200000000024485 0.6999999999992643 0
3922 1.319999999998394 0.3000000000003458 0
3923 0.7599999999977084 0.2999999999993509 0
3924 1.140000000003168 0.6800000000017136 0
3925 0.780000000002768 0.6999999999995847 0
3926 0.9800000000029793 0.7000000000007788 0
3927 0.4800000000022269 0.699999999999257 0
3928 1.680000000000529 0.5399999999997582 0
3929 0.8799999999976849 0.3199999999994625 0
3930 0.3600000000016845 0.6999999999993861 0
3931 1.680000000000458 0.600000000000159 0
3932 1.380000000000752 0.7200000000015598 0
3933 0.3000000000001563 0.3800000000003372 0
3934 0.3400000000000741 0.3199999999994899 0
3935 0.7200000000026394 0.6999999999994081 0
3936 0.9999999999976938 0.3000000000000329 0
3937 1.079999999997923 0.2800000000002261 0
3938 0.4999999999990752 0.2799999999993888 0
3939 1.680000000000404 0.6400000000006303 0
3940 1.679999999999232 0.3000000000002884 0
3941 1.6800000000003 0.6800000000009515 0
3942 1.600000000000174 0.7000000000014592 0
3943 1.700000000000529 0.4399999999995276 0
3944 0.2999999999994443 0.6000000000010943 0
3945 0.2999999999997896 0.5000000000010422 0
3946 0.8199999999976767 0.2999999999993599 0
3947 1.040000000003052 0.7000000000012703 0
3948 0.8599999999976838 0.2999999999994278 0
3949 0.9000000000029504 0.7200000000001551 0
3950 0.8600000000028758 0.7199999999999188 0
3951 0.300000000000189 0.3399999999999026 0
3952 1.55999999999866 0.3000000000003621 0
3953 0.6800000000025647 0.6999999999993297 0
3954 0.4000000000020465 0.6999999999993037 0
3955 0.2999999999999599 0.4600000000009569 0
3956 0.5599999999987667 0.259999999999423 0
3957 0.5999999999983729 0.2599999999994257 0
3958 0.3999999999995479 0.2999999999994085 0
3959 1.699999999999557 0.3000000000002371 0
3960 1.100000000003193 0.7000000000015666 0
3961 1.620000000000195 0.7000000000014056 0
3962 1.700000000000539 0.4599999999995585 0
3963 1.219999999998194 0.2800000000003228 0
3964 0.3200000000007802 0.6999999999995803 0
3965 1.560000000000029 0.7200000000014546 0
3966 0.7400000000027276 0.7199999999994675 0
3967 1.700000000000528 0.499999999999674 0
3968 1.399999999998521 0.2800000000003606 0
3969 1.660000000000219 0.7000000000012028 0
3970 0.299999999999697 0.5200000000010777 0
3971 1.060000000003082 0.7000000000013955 0
3972 1.299999999998331 0.2800000000003451 0
3973 1.639999999998836 0.3000000000003357 0
3974 1.619999999998753 0.3000000000003462 0
3975 1.119999999998015 0.2800000000002619 0
3976 0.9200000000029824 0.7200000000002839 0
3977 1.139999999998036 0.2800000000002754 0
3978 0.3200000000001254 0.3199999999995995 0
3979 1.579999999998677 0.3000000000003585 0
3980 0.3799999999997036 0.2999999999994319 0
3981 0.4600000000021779 0.7199999999992925 0
3982 1.680000000000505 0.5599999999998143 0
3983 0.3000000000001674 0.3199999999997979 0
3984 1.439999999998592 0.2800000000003649 0
3985 1.519999999998639 0.2800000000003665 0
3986 1.359999999998434 0.2800000000003556 0
3987 0.8000000000028339 0.7199999999996571 0
3988 1.259999999998263 0.280000000000337 0
3989 1.1799999999981 0.2800000000003011 0
3990 0.3000000000007776 0.7199999999995879 0
3991 1.180000000003116 0.7000000000016524 0
3992 0.4200000000021051 0.6999999999992886 0
3993 0.6600000000025285 0.699999999999303 0
3994 1.479999999998619 0.2800000000003671 0
3995 0.5200000000022877 0.7199999999992681 0
3996 1.039999999997766 0.2800000000001655 0
3997 0.6000000000024108 0.6999999999992523 0
3998 0.5600000000023476 0.6999999999992399 0
3999 0.919999999997651 0.3199999999996386 0
4000 0.9599999999976335 0.2999999999998558 0
4001 0.2999999999995541 0.560000000001135 0
4002 1.220000000002843 0.7200000000015738 0
4003 0.300000000000078 0.4200000000007674 0
4004 0.9600000000029674 0.700000000000611 0
4005 0.6399999999981116 0.2599999999994266 0
4006 0.699999999997841 0.279999999999393 0
4007 1.02000000000303 0.7000000000011187 0
4008 1.720000000000459 0.3999999999995624 0
4009 0.7999999999976763 0.29999999999935 0
4010 1.340000000001059 0.7200000000015676 0
4011 0.4599999999991797 0.2799999999993936 0
4012 1.200000000002978 0.7200000000015723 0
4013 0.2799999999993908 0.6200000000010106 0
4014 1.280000000001985 0.7400000000014857 0
4015 1.160000000003187 0.7000000000016463 0
4016 1.520000000000074 0.7200000000014916 0
4017 0.7199999999977702 0.2999999999993592 0
4018 1.480000000000187 0.7200000000015162 0
4019 1.440000000000383 0.7200000000015374 0
4020 0.5399999999989015 0.2599999999994214 0
4021 1.400000000000621 0.7200000000015525 0
4022 0.4199999999993417 0.2799999999994151 0
4023 1.720000000000032 0.3200000000000728 0
4024 0.6599999999979453 0.2799999999993949 0
4025 0.3599999999998409 0.2999999999994604 0
4026 0.2799999999999174 0.6999999999998289 0
4027 1.720000000000334 0.3599999999998221 0
4028 1.240000000002591 0.7400000000014872 0
4029 0.279999999999422 0.6600000000003803 0
4030 1.419999999998577 0.3000000000003611 0
4031 1.38000000000068 0.7000000000016414 0
4032 0.6200000000024324 0.679999999999243 0
4033 1.060000000003004 0.680000000001463 0
4034 1.119999999998051 0.300000000000252 0
4035 1.199999999998207 0.3000000000003064 0
4036 0.9800000000029295 0.6800000000008264 0
4037 0.8799999999976896 0.3399999999994383 0
4038 1.500000000000166 0.700000000001582 0
4039 0.3199999999996951 0.5200000000010295 0
4040 1.660000000000572 0.5399999999998086 0
4041 1.579999999998665 0.3200000000003545 0
4042 0.3200000000000157 0.4400000000006343 0
4043 0.4000000000020236 0.6799999999992872 0
4044 0.3199999999995071 0.5800000000010649 0
4045 1.680000000000571 0.4599999999995481 0
4046 1.700000000000368 0.3799999999998145 0
4047 1.60000000000034 0.6800000000015254 0
4048 0.799999999997701 0.3199999999993203 0
4049 1.540000000000167 0.7000000000015528 0
4050 0.7400000000026825 0.6999999999994601 0
4051 0.920000000002947 0.7000000000003167 0
4052 0.4600000000021905 0.6999999999992674 0
4053 1.519999999998637 0.3000000000003656 0
4054 1.359999999998458 0.3000000000003529 0
4055 1.479999999998623 0.3000000000003657 0
4056 1.239999999998285 0.300000000000326 0
4057 1.580000000000171 0.7000000000014978 0
4058 0.6999999999978082 0.2999999999993626 0
4059 0.4399999999993067 0.2999999999993745 0
4060 0.6399999999980173 0.2799999999993953 0
4061 1.700000000000506 0.4199999999995687 0
4062 0.2999999999994297 0.6400000000006533 0
4063 0.2999999999998518 0.6799999999999452 0
4064 1.699999999999766 0.3200000000001714 0
4065 1.680000000000358 0.660000000000813 0
4066 0.3000000000001776 0.3600000000000973 0
4067 1.100000000003083 0.6800000000016398 0
4068 1.680000000000574 0.4799999999995938 0
4069 1.680000000000549 0.5199999999997209 0
4070 1.12000000000313 0.680000000001685 0
4071 1.059999999997846 0.2800000000001996 0
4072 1.680000000000481 0.5799999999999603 0
4073 1.000000000003004 0.7000000000009529 0
4074 1.1599999999981 0.3000000000002804 0
4075 1.640000000000345 0.6800000000013694 0
4076 0.3400000000012655 0.6999999999994843 0
4077 0.7600000000027252 0.6999999999995193 0
4078 0.8800000000029107 0.7200000000000338 0
4079 1.399999999998543 0.3000000000003584 0
4080 1.299999999998367 0.3000000000003412 0
4081 0.9799999999976565 0.2999999999999469 0
4082 0.3199999999996188 0.5400000000010606 0
4083 0.839999999997683 0.2999999999993867 0
4084 0.3400000000001317 0.3399999999995131 0
4085 0.3999999999996874 0.3199999999993864 0
4086 0.3000000000001214 0.4000000000005628 0
4087 0.6400000000024887 0.699999999999282 0
4088 0.9400000000029604 0.7000000000004586 0
4089 1.619999999998787 0.3200000000003406 0
4090 0.4400000000021503 0.6999999999992776 0
4091 0.3200000000001547 0.3399999999996824 0
4092 1.660000000000323 0.6800000000011878 0
4093 1.09999999999798 0.280000000000245 0
4094 1.539999999998647 0.3000000000003638 0
4095 0.7000000000026001 0.6999999999993658 0
4096 1.339999999998423 0.3000000000003492 0
4097 0.8200000000028237 0.6999999999997422 0
4098 0.8000000000028002 0.6999999999996614 0
4099 0.380000000001902 0.6999999999993363 0
4100 0.5800000000023779 0.6999999999992447 0
4101 1.259999999998313 0.3000000000003321 0
4102 1.659999999999007 0.3000000000003155 0
4103 1.680000000000434 0.6200000000004183 0
4104 0.2999999999998807 0.4800000000010018 0
4105 0.5400000000023192 0.69999999999924 0
4106 1.4399999999986 0.300000000000363 0
4107 0.8600000000028493 0.6999999999999358 0
4108 0.5000000000022594 0.6999999999992486 0
4109 1.019999999997757 0.3000000000001018 0
4110 0.8999999999976727 0.3399999999995214 0
4111 0.9399999999976444 0.3199999999997398 0
4112 0.8599999999976965 0.3199999999994026 0
4113 0.6199999999982223 0.2599999999994267 0
4114 0.6799999999978953 0.2799999999993948 0
4115 0.5199999999990159 0.2799999999993898 0
4116 0.7399999999977396 0.2999999999993553 0
4117 0.7799999999976903 0.299999999999349 0
4118 1.040000000002983 0.6800000000013294 0
4119 1.4200000000005 0.7200000000015445 0
4120 0.479999999999127 0.2799999999993907 0
4121 1.320000000001276 0.7200000000015694 0
4122 1.160000000003148 0.6800000000017241 0
4123 1.360000000000902 0.7200000000015636 0
4124 1.46000000000028 0.7200000000015272 0
4125 0.5599999999987603 0.279999999999393 0
4126 1.200000000003013 0.7000000000016544 0
4127 0.4199999999994192 0.2999999999993899 0
4128 1.70000000000001 0.3400000000000802 0
4129 0.3000000000003099 0.6999999999997203 0
4130 1.260000000002329 0.7200000000015737 0
4131 1.240000000002627 0.7200000000015735 0
4132 0.5799999999985677 0.2599999999994247 0
4133 0.3599999999999847 0.3199999999994461 0
4134 0.2999999999994162 0.6200000000009267 0
4135 1.280000000001939 0.7200000000015724 0
4136 1.299999999998406 0.3200000000003336 0
4137 1.300000000001459 0.700000000001654 0
4138 1.399999999998575 0.3200000000003527 0
4139 0.7199999999977683 0.3199999999993304 0
4140 1.140000000003032 0.6600000000017855 0
4141 1.060000000002917 0.660000000001526 0
4142 0.8000000000027633 0.6799999999996671 0
4143 0.7200000000026054 0.6799999999994006 0
4144 0.8799999999976956 0.3599999999994153 0
4145 0.4800000000022351 0.679999999999235 0
4146 0.3399999999996201 0.5400000000010082 0
4147 0.3199999999995961 0.6400000000004892 0
4148 1.660000000000509 0.6000000000005216 0
4149 1.660000000000608 0.4799999999996001 0
4150 0.9999999999977522 0.3200000000000159 0
4151 0.5400000000023194 0.6799999999992172 0
4152 0.4999999999991174 0.2999999999993619 0
4153 0.3200000000001116 0.4000000000001932 0
4154 1.66000000000059 0.519999999999744 0
4155 1.580000000000341 0.6800000000015679 0
4156 1.059999999997913 0.3000000000001886 0
4157 1.000000000002941 0.6800000000010054 0
4158 0.8800000000028798 0.7000000000000567 0
4159 0.8399999999977011 0.3199999999993599 0
4160 1.099999999998025 0.3000000000002345 0
4161 0.9400000000029232 0.6800000000004953 0
4162 1.539999999998645 0.3200000000003596 0
4163 1.33999999999845 0.3200000000003425 0
4164 0.3199999999994814 0.6000000000009651 0
4165 0.6599999999978925 0.2999999999993653 0
4166 0.3600000000000741 0.3399999999994405 0
4167 1.260000000002322 0.7000000000016559 0
4168 0.3200000000003062 0.679999999999816 0
4169 0.3400000000008488 0.6799999999996267 0
4170 0.3800000000017778 0.6799999999993385 0
4171 1.660000000000454 0.6400000000010394 0
4172 1.679999999999735 0.3400000000001802 0
4173 0.3200000000001427 0.3799999999999688 0
4174 1.120000000002998 0.6600000000017567 0
4175 1.039999999997834 0.3000000000001517 0
4176 1.02000000000296 0.6800000000011743 0
4177 1.640000000000436 0.6600000000013706 0
4178 1.179999999998152 0.3000000000002934 0
4179 0.7600000000026742 0.6799999999995177 0
4180 0.9000000000029167 0.7000000000001845 0
4181 1.520000000000169 0.7000000000015678 0
4182 1.62000000000034 0.6800000000014567 0
4183 0.3400000000001393 0.3599999999995848 0
4184 0.8199999999977016 0.3199999999993341 0
4185 1.080000000003036 0.6800000000015624 0
4186 0.3200000000000675 0.4200000000004084 0
4187 1.659999999999185 0.3200000000002943 0
4188 1.639999999998963 0.3200000000003225 0
4189 0.6600000000025013 0.6799999999992854 0
4190 0.6400000000024659 0.6799999999992623 0
4191 0.9600000000029268 0.6800000000006543 0
4192 0.4400000000021659 0.6799999999992553 0
4193 1.599999999998709 0.3200000000003485 0
4194 0.4200000000021123 0.6799999999992682 0
4195 0.7599999999977227 0.3199999999993216 0
4196 0.7799999999977109 0.3199999999993194 0
4197 1.559999999998653 0.3200000000003571 0
4198 1.660000000000397 0.6600000000011196 0
4199 0.6000000000024008 0.6799999999992304 0
4200 1.139999999998069 0.3000000000002661 0
4201 0.3200000000001564 0.3599999999998178 0
4202 1.499999999998631 0.3000000000003656 0
4203 1.219999999998251 0.3000000000003166 0
4204 0.5200000000022899 0.6999999999992433 0
4205 1.419999999998597 0.3200000000003552 0
4206 0.3199999999997879 0.5000000000009802 0
4207 0.3199999999999527 0.4600000000007762 0
4208 0.8400000000028361 0.699999999999833 0
4209 1.379999999998502 0.3000000000003553 0
4210 1.279999999998341 0.3000000000003366 0
4211 1.459999999998614 0.3000000000003642 0
4212 0.5800000000023723 0.6799999999992223 0
4213 0.7000000000025712 0.6799999999993546 0
4214 0.9199999999976638 0.3399999999996176 0
4215 0.9599999999976571 0.3199999999998377 0
4216 1.680000000000565 0.4999999999996627 0
4217 1.660000000000551 0.5599999999999385 0
4218 1.680000000000554 0.4399999999995737 0
4219 1.700000000000198 0.3599999999999555 0
4220 0.8599999999977056 0.339999999999378 0
4221 0.3199999999995595 0.5600000000010732 0
4222 0.4599999999992354 0.2999999999993675 0
4223 0.5399999999989151 0.2799999999993917 0
4224 0.2999999999996078 0.6600000000002852 0
4225 1.400000000000569 0.7000000000016334 0
4226 1.440000000000357 0.7000000000016172 0
4227 1.480000000000204 0.7000000000015945 0
4228 1.560000000000175 0.7000000000015287 0
4229 1.340000000000954 0.7000000000016497 0
4230 1.180000000003101 0.6800000000017296 0
4231 0.6799999999978519 0.2999999999993648 0
4232 1.679999999999474 0.3200000000002379 0
4233 1.220000000002876 0.7000000000016555 0
4234 0.4399999999993788 0.3199999999993509 0
4235 0.4199999999995152 0.3199999999993667 0
4236 1.360000000000811 0.7000000000016458 0
4237 0.5999999999982992 0.2799999999993951 0
4238 0.6199999999981328 0.2799999999993957 0
4239 1.700000000000455 0.3999999999996761 0
4240 0.5799999999985308 0.2799999999993944 0
4241 0.3799999999998521 0.319999999999414 0
4242 1.340000000000877 0.6800000000017281 0
4243 0.6400000000024435 0.659999999999245 0
4244 1.140000000002895 0.6400000000018544 0
4245 1.399999999998605 0.3400000000003429 0
4246 1.099999999998065 0.3200000000002209 0
4247 1.179999999998208 0.3200000000002827 0
4248 0.9800000000028813 0.6600000000008727 0
4249 1.640000000000616 0.5399999999999193 0
4250 1.500000000000278 0.6800000000016556 0
4251 1.539999999998647 0.3400000000003514 0
4252 0.3400000000000064 0.4400000000002238 0
4253 0.4000000000019096 0.6599999999992843 0
4254 0.4399999999994569 0.3399999999993293 0
4255 1.639999999999166 0.3400000000002966 0
4256 0.7999999999977334 0.3399999999992935 0
4257 0.3600000000001053 0.3599999999994656 0
4258 0.3399999999995441 0.5800000000009141 0
4259 0.8800000000028474 0.6800000000000793 0
4260 0.8599999999977128 0.3599999999993529 0
4261 0.5599999999987606 0.2999999999993653 0
4262 1.68000000000044 0.3999999999997919 0
4263 1.640000000000497 0.6400000000013218 0
4264 1.039999999997911 0.3200000000001377 0
4265 1.600000000000471 0.6600000000015838 0
4266 1.080000000002937 0.6600000000016297 0
4267 1.599999999998766 0.3400000000003395 0
4268 1.479999999998634 0.3200000000003602 0
4269 0.6000000000023915 0.6599999999992111 0
4270 1.519999999998642 0.3200000000003602 0
4271 1.439999999998613 0.3200000000003572 0
4272 0.5200000000022929 0.6799999999992203 0
4273 1.219999999998309 0.3200000000003075 0
4274 1.380000000000636 0.680000000001719 0
4275 0.5999999999982467 0.2999999999993666 0
4276 1.659999999999455 0.340000000000244 0
4277 0.3400000000000992 0.3999999999998305 0
4278 1.660000000000485 0.6200000000008198 0
4279 1.660000000000602 0.4999999999996776 0
4280 1.540000000000333 0.6800000000016249 0
4281 1.560000000000343 0.6800000000016 0
4282 1.019999999997833 0.3200000000000845 0
4283 1.660000000000529 0.5800000000001961 0
4284 1.020000000002886 0.6600000000012309 0
4285 1.040000000002901 0.6600000000013871 0
4286 1.13999999999811 0.3200000000002538 0
4287 0.7800000000027179 0.6799999999995889 0
4288 1.620000000000452 0.6600000000014926 0
4289 1.259999999998368 0.3200000000003236 0
4290 1.279999999998388 0.3200000000003284 0
4291 0.979999999997697 0.3199999999999297 0
4292 0.3399999999995706 0.5600000000009889 0
4293 0.3400000000001244 0.3799999999997088 0
4294 0.8199999999977269 0.3399999999993072 0
4295 1.079999999997978 0.3000000000002132 0
4296 1.100000000002966 0.6600000000017046 0
4297 0.960000000002885 0.6600000000006963 0
4298 0.4200000000020677 0.6599999999992525 0
4299 0.7599999999977495 0.3399999999992944 0
4300 0.360000000001351 0.6799999999994554 0
4301 1.319999999998424 0.3200000000003378 0
4302 0.8400000000028145 0.6799999999998464 0
4303 0.7400000000026394 0.6799999999994564 0
4304 0.8200000000027954 0.6799999999997539 0
4305 0.5000000000022649 0.6799999999992263 0
4306 0.6800000000025354 0.6799999999993169 0
4307 0.4600000000022019 0.6799999999992455 0
4308 1.359999999998492 0.3200000000003458 0
4309 1.379999999998537 0.3200000000003488 0
4310 0.3399999999996964 0.5200000000009586 0
4311 1.579999999998692 0.3400000000003456 0
4312 0.5600000000023457 0.6799999999992183 0
4313 0.899999999997686 0.359999999999499 0
4314 0.9399999999976724 0.3399999999997194 0
4315 0.9200000000029064 0.6800000000003505 0
4316 1.660000000000599 0.4599999999995981 0
4317 0.3199999999998758 0.4800000000008875 0
4318 0.6999999999977988 0.3199999999993343 0
4319 0.6399999999979575 0.2999999999993661 0
4320 0.4199999999996198 0.3399999999993459 0
4321 0.3799999999999626 0.339999999999401 0
4322 0.8399999999977174 0.3399999999993361 0
4323 0.3199999999995142 0.6200000000007461 0
4324 0.5199999999990509 0.2999999999993627 0
4325 1.240000000002649 0.7000000000016556 0
4326 0.4599999999993014 0.3199999999993439 0
4327 0.4799999999991783 0.2999999999993644 0
4328 1.420000000000462 0.7000000000016248 0
4329 1.320000000001166 0.7000000000016514 0
4330 0.7399999999977456 0.3199999999993264 0
4331 1.180000000003039 0.660000000001804 0
4332 1.220000000002905 0.6800000000017339 0
4333 1.200000000003018 0.6800000000017318 0
4334 1.160000000003039 0.6600000000017965 0
4335 0.6599999999978662 0.3199999999993376 0
4336 1.460000000000271 0.7000000000016064 0
4337 1.680000000000253 0.3799999999999396 0
4338 1.679999999999993 0.3600000000000681 0
4339 1.680000000000517 0.4199999999996661 0
4340 1.280000000001876 0.7000000000016544 0
4341 0.3199999999999108 0.6600000000001234 0
4342 1.279999999998432 0.3400000000003168 0
4343 1.060000000002825 0.6400000000015845 0
4344 0.7800000000026713 0.6599999999995928 0
4345 1.019999999997915 0.3400000000000676 0
4346 0.8599999999977195 0.3799999999993284 0
4347 0.9800000000028345 0.6400000000009185 0
4348 0.5000000000022709 0.6599999999992061 0
4349 0.3599999999996248 0.5400000000009286 0
4350 1.640000000000641 0.479999999999693 0
4351 1.599999999998944 0.3600000000003174 0
4352 0.4000000000015968 0.6399999999993121 0
4353 0.439999999999577 0.3599999999993101 0
4354 0.3399999999999904 0.6400000000001255 0
4355 1.660000000000524 0.4199999999997713 0
4356 0.3800000000000243 0.3599999999993992 0
4357 1.640000000000631 0.5199999999998258 0
4358 1.640000000000579 0.5800000000004818 0
4359 1.640000000000535 0.6200000000011633 0
4360 1.079999999998029 0.3200000000001991 0
4361 0.7999999999977595 0.3599999999992682 0
4362 1.519999999998649 0.340000000000352 0
4363 0.7199999999977807 0.3399999999993038 0
4364 1.319999999998458 0.3400000000003269 0
4365 0.7400000000025985 0.6599999999994531 0
4366 0.7000000000025369 0.6599999999993456 0
4367 0.6600000000024719 0.6599999999992716 0
4368 0.3399999999995981 0.6000000000006995 0
4369 0.8399999999977297 0.3599999999993105 0
4370 0.6399999999979225 0.3199999999993388 0
4371 1.26000000000231 0.6800000000017341 0
4372 0.4999999999991814 0.3199999999993373 0
4373 1.659999999999771 0.3600000000001603 0
4374 0.3400000000000568 0.4200000000000176 0
4375 1.160000000002904 0.6400000000018671 0
4376 0.97999999999776 0.3399999999999119 0
4377 1.640000000000597 0.5600000000001467 0
4378 1.04000000000282 0.6400000000014445 0
4379 1.159999999998154 0.320000000000268 0
4380 1.600000000000567 0.6400000000016264 0
4381 1.540000000000495 0.6600000000016938 0
4382 1.580000000000484 0.6600000000016311 0
4383 0.8200000000027559 0.6599999999997641 0
4384 1.379999999998573 0.340000000000339 0
4385 0.9000000000028769 0.6800000000002132 0
4386 1.520000000000312 0.6800000000016406 0
4387 0.3600000000000828 0.399999999999592 0
4388 0.9599999999977079 0.3399999999998177 0
4389 0.3599999999996204 0.5800000000006826 0
4390 1.059999999997978 0.320000000000172 0
4391 1.100000000002856 0.6400000000017725 0
4392 1.120000000002878 0.6400000000018222 0
4393 1.620000000000529 0.6400000000014918 0
4394 1.619999999998958 0.3400000000003213 0
4395 0.7399999999977648 0.3399999999992994 0
4396 0.4600000000022053 0.6599999999992258 0
4397 0.6200000000024173 0.6599999999992262 0
4398 1.119999999998087 0.3200000000002378 0
4399 0.3600000000000978 0.3799999999995305 0
4400 1.239999999998343 0.3200000000003161 0
4401 1.49999999999864 0.3200000000003601 0
4402 1.459999999998626 0.3200000000003586 0
4403 1.199999999998263 0.3200000000002955 0
4404 0.440000000002146 0.6599999999992373 0
4405 1.33999999999849 0.3400000000003313 0
4406 0.8600000000028269 0.6799999999999561 0
4407 0.3600000000009664 0.6599999999995676 0
4408 0.3800000000014914 0.6599999999993914 0
4409 1.559999999998659 0.3400000000003487 0
4410 1.41999999999862 0.3400000000003456 0
4411 0.5600000000023438 0.6599999999991985 0
4412 0.5800000000023675 0.6599999999992032 0
4413 0.5200000000022957 0.6599999999992007 0
4414 0.8799999999977093 0.3799999999993942 0
4415 0.9199999999976932 0.3599999999995952 0
4416 0.940000000002877 0.6600000000005346 0
4417 0.3399999999998722 0.4800000000006678 0
4418 0.3399999999999447 0.4600000000004307 0
4419 0.3399999999997849 0.5000000000008328 0
4420 0.6199999999980755 0.2999999999993669 0
4421 1.000000000002881 0.6600000000010555 0
4422 0.6799999999978327 0.3199999999993369 0
4423 0.7799999999977408 0.3399999999992924 0
4424 1.460000000000288 0.6800000000016824 0
4425 0.5399999999989398 0.2999999999993643 0
4426 1.480000000000276 0.6800000000016686 0
4427 0.459999999999372 0.339999999999322 0
4428 1.360000000000753 0.6800000000017238 0
4429 1.400000000000531 0.6800000000017105 0
4430 1.20000000000299 0.6600000000018065 0
4431 1.44000000000035 0.6800000000016928 0
4432 1.240000000002673 0.6800000000017339 0
4433 0.4799999999992413 0.3199999999993402 0
4434 1.300000000001377 0.6800000000017321 0
4435 1.320000000001088 0.68000000000173 0
4436 1.660000000000389 0.3999999999999118 0
4437 1.660000000000572 0.4399999999996645 0
4438 0.3999999999997989 0.3399999999993708 0
4439 0.5799999999985079 0.2999999999993664 0
4440 0.3400000000003974 0.6599999999998527 0
4441 1.30000000000142 0.6600000000018069 0
4442 1.380000000000605 0.6600000000017929 0
4443 0.6400000000024244 0.6399999999992313 0
4444 1.140000000002775 0.6200000000019195 0
4445 1.319999999998507 0.3600000000003121 0
4446 1.399999999998635 0.3600000000003291 0
4447 1.099999999998106 0.3400000000002037 0
4448 1.060000000002745 0.6200000000016425 0
4449 1.179999999998276 0.340000000000268 0
4450 0.8599999999977328 0.3999999999993049 0
4451 0.5000000000022741 0.6399999999991889 0
4452 1.62000000000066 0.5400000000001313 0
4453 1.539999999998656 0.3600000000003393 0
4454 0.359999999999867 0.4800000000003194 0
4455 0.6599999999978589 0.3399999999993122 0
4456 1.440000000000372 0.6600000000017655 0
4457 1.640000000000577 0.4399999999997656 0
4458 0.3600000000005574 0.6399999999997587 0
4459 0.9000000000028312 0.6600000000002417 0
4460 1.580000000000595 0.6400000000016896 0
4461 0.9599999999977763 0.3599999999997966 0
4462 0.759999999997782 0.3599999999992691 0
4463 1.619999999999245 0.3600000000002854 0
4464 1.000000000002826 0.6400000000011057 0
4465 1.219999999998369 0.340000000000294 0
4466 1.259999999998421 0.3400000000003109 0
4467 1.459999999998644 0.3400000000003499 0
4468 1.499999999998651 0.3400000000003516 0
4469 1.579999999998779 0.3600000000003291 0
4470 0.6000000000023835 0.6399999999991952 0
4471 0.5999999999982299 0.3199999999993401 0
4472 0.4599999999994855 0.3599999999993019 0
4473 0.3999999999998898 0.3599999999993584 0
4474 0.5599999999987911 0.3199999999993398 0
4475 0.3599999999998091 0.600000000000345 0
4476 1.260000000002382 0.6600000000018088 0
4477 0.3800000000011083 0.6399999999994869 0
4478 1.640000000000559 0.6000000000008678 0
4479 0.3599999999999968 0.4399999999998355 0
4480 1.500000000000441 0.660000000001726 0
4481 1.640000000000639 0.4999999999997545 0
4482 1.180000000002904 0.640000000001874 0
4483 1.520000000000476 0.6600000000017103 0
4484 0.9999999999978373 0.3399999999999954 0
4485 1.620000000000645 0.5600000000004425 0
4486 1.13999999999818 0.3400000000002378 0
4487 1.359999999998532 0.340000000000335 0
4488 0.8000000000027152 0.6599999999996758 0
4489 0.920000000002856 0.6600000000003847 0
4490 0.9399999999977263 0.3599999999996967 0
4491 1.059999999998037 0.3400000000001553 0
4492 0.3600000000000445 0.4199999999997128 0
4493 1.039999999997982 0.3400000000001177 0
4494 1.600000000000624 0.6200000000016109 0
4495 0.7799999999977708 0.3599999999992666 0
4496 0.6800000000025032 0.6599999999993056 0
4497 1.120000000002769 0.6200000000018876 0
4498 1.639999999999541 0.3600000000002301 0
4499 0.3800000000000553 0.3999999999994494 0
4500 1.020000000002823 0.6400000000012825 0
4501 0.7199999999978038 0.3599999999992792 0
4502 1.299999999998444 0.3400000000003214 0
4503 0.8399999999977381 0.3799999999992855 0
4504 0.7600000000026309 0.6599999999995197 0
4505 0.3800000000000458 0.3799999999994249 0
4506 1.439999999998633 0.3400000000003476 0
4507 0.8600000000027943 0.6599999999999747 0
4508 0.8400000000027769 0.6599999999998631 0
4509 0.4800000000022404 0.6599999999992159 0
4510 0.5400000000023197 0.6599999999991987 0
4511 0.580000000002363 0.6399999999991866 0
4512 0.7200000000025688 0.6599999999993963 0
4513 0.3599999999995943 0.5600000000008664 0
4514 0.4200000000018292 0.6399999999992581 0
4515 0.4400000000020116 0.6399999999992284 0
4516 0.8999999999977158 0.3799999999994765 0
4517 1.620000000000577 0.6200000000014002 0
4518 0.3599999999996967 0.5200000000008235 0
4519 0.9600000000028351 0.6400000000007382 0
4520 1.640000000000465 0.4199999999998845 0
4521 0.3399999999997761 0.6200000000004087 0
4522 0.5199999999991103 0.3199999999993378 0
4523 0.8199999999977442 0.3599999999992838 0
4524 1.340000000000854 0.6600000000018026 0
4525 0.6999999999978042 0.3399999999993081 0
4526 1.420000000000437 0.680000000001701 0
4527 1.080000000002838 0.6400000000016894 0
4528 1.560000000000492 0.6600000000016666 0
4529 1.460000000000372 0.6600000000017535 0
4530 1.220000000002898 0.660000000001808 0
4531 0.6199999999980429 0.31999999999934 0
4532 0.4999999999992567 0.3399999999993148 0
4533 0.4799999999993133 0.339999999999318 0
4534 1.660000000000121 0.3800000000000432 0
4535 1.640000000000621 0.4599999999997041 0
4536 0.419999999999735 0.3599999999993302 0
4537 1.280000000001845 0.6800000000017324 0
4538 1.440000000000475 0.6400000000018347 0
4539 0.7600000000025861 0.6399999999995217 0
4540 0.6000000000023762 0.6199999999991819 0
4541 1.140000000002669 0.6000000000019821 0
4542 1.039999999998045 0.3600000000000982 0
4543 0.9800000000027819 0.6200000000009629 0
4544 0.860000000002743 0.6399999999999951 0
4545 0.3799999999996491 0.5400000000007803 0
4546 1.600000000000706 0.5400000000004839 0
4547 1.500000000000604 0.640000000001793 0
4548 1.620000000000643 0.459999999999803 0
4549 1.580000000000663 0.6200000000017141 0
4550 0.4200000000013484 0.6199999999993232 0
4551 0.8399999999977452 0.3999999999992607 0
4552 0.7599999999978074 0.3799999999992454 0
4553 0.4399999999997491 0.3799999999992944 0
4554 0.379999999999739 0.5800000000004103 0
4555 1.59999999999927 0.3800000000002643 0
4556 1.620000000000628 0.5800000000008404 0
4557 1.080000000002747 0.6200000000017514 0
4558 0.920000000002803 0.6400000000004178 0
4559 0.9399999999977975 0.3799999999996733 0
4560 0.4800000000022348 0.6399999999991985 0
4561 1.439999999998658 0.3600000000003352 0
4562 0.6999999999978207 0.3599999999992839 0
4563 0.7200000000025291 0.6399999999993915 0
4564 0.8200000000026968 0.6399999999997765 0
4565 1.400000000000509 0.6600000000017838 0
4566 0.5199999999991907 0.339999999999315 0
4567 1.640000000000249 0.4000000000000193 0
4568 0.4000000000000072 0.3999999999993609 0
4569 0.3800000000005751 0.6199999999996807 0
4570 1.600000000000655 0.6000000000014674 0
4571 0.3599999999999373 0.4600000000000471 0
4572 1.180000000002757 0.6200000000019418 0
4573 0.9999999999979234 0.3599999999999755 0
4574 0.9799999999978499 0.3599999999998892 0
4575 1.159999999998229 0.3400000000002527 0
4576 1.100000000002757 0.6200000000018313 0
4577 1.359999999998579 0.3600000000003211 0
4578 1.339999999998542 0.3600000000003165 0
4579 1.540000000000628 0.6400000000017584 0
4580 0.8000000000026612 0.6399999999996846 0
4581 0.9400000000028224 0.640000000000573 0
4582 1.480000000000405 0.6600000000017394 0
4583 1.560000000000611 0.6400000000017266 0
4584 0.3799999999999856 0.4399999999995798 0
4585 1.2399999999984 0.340000000000303 0
4586 0.9199999999977485 0.3799999999995718 0
4587 0.700000000002501 0.6399999999993395 0
4588 0.6600000000024473 0.6399999999992599 0
4589 1.620000000000671 0.4799999999997999 0
4590 1.620000000000671 0.5199999999999815 0
4591 1.020000000002766 0.620000000001336 0
4592 1.040000000002757 0.6200000000014981 0
4593 1.47999999999865 0.3400000000003507 0
4594 1.279999999998474 0.360000000000301 0
4595 0.4199999999998603 0.3799999999993185 0
4596 0.4600000000021441 0.6399999999992114 0
4597 1.419999999998648 0.3600000000003321 0
4598 1.079999999998073 0.3400000000001811 0
4599 1.199999999998327 0.3400000000002815 0
4600 0.3800000000000253 0.4199999999995138 0
4601 1.299999999998488 0.3600000000003062 0
4602 1.559999999998693 0.3600000000003353 0
4603 1.379999999998611 0.3600000000003248 0
4604 0.5600000000023415 0.6399999999991824 0
4605 1.620000000000606 0.600000000001164 0
4606 0.8800000000028084 0.6600000000001058 0
4607 0.620000000002404 0.6399999999992114 0
4608 1.119999999998143 0.3400000000002213 0
4609 0.3999999999999576 0.3799999999993622 0
4610 1.499999999998662 0.3600000000003397 0
4611 1.519999999998657 0.3600000000003396 0
4612 0.520000000002298 0.6399999999991839 0
4613 0.8799999999977396 0.3999999999993715 0
4614 0.3599999999997822 0.5000000000005946 0
4615 1.620000000000539 0.4399999999998679 0
4616 0.7999999999977744 0.3799999999992445 0
4617 0.7399999999977928 0.3599999999992745 0
4618 0.6399999999979137 0.3399999999993139 0
4619 0.5399999999989865 0.3199999999993391 0
4620 1.240000000002707 0.6600000000018084 0
4621 1.320000000001094 0.6600000000018047 0
4622 0.6799999999978309 0.339999999999311 0
4623 0.8199999999977555 0.3799999999992596 0
4624 1.16000000000277 0.6200000000019328 0
4625 0.4799999999994295 0.3599999999992974 0
4626 1.36000000000072 0.660000000001798 0
4627 1.220000000002845 0.6400000000018792 0
4628 1.200000000002881 0.640000000001877 0
4629 0.5999999999982257 0.339999999999316 0
4630 1.420000000000438 0.6600000000017741 0
4631 1.639999999999911 0.3800000000001361 0
4632 0.5799999999985156 0.3199999999993405 0
4633 0.3600000000001507 0.6200000000000354 0
4634 1.280000000001926 0.6600000000018075 0
4635 1.300000000001631 0.6400000000018781 0
4636 1.279999999998515 0.3800000000002819 0
4637 1.379999999998649 0.3800000000003075 0
4638 1.119999999998224 0.3600000000002023 0
4639 1.060000000002688 0.6000000000016961 0
4640 0.7200000000024895 0.6199999999993897 0
4641 0.8399999999977578 0.4199999999992361 0
4642 0.8200000000026383 0.6199999999997898 0
4643 0.5000000000022674 0.6199999999991745 0
4644 1.499999999998673 0.3800000000003241 0
4645 1.6000000000007 0.4799999999998935 0
4646 1.580000000000701 0.6000000000016618 0
4647 1.199999999998396 0.3600000000002643 0
4648 1.380000000000613 0.640000000001863 0
4649 1.480000000000564 0.6400000000018075 0
4650 1.600000000000714 0.5200000000002244 0
4651 0.9799999999979374 0.3799999999998675 0
4652 0.9400000000027677 0.6200000000006088 0
4653 0.9199999999978207 0.3999999999995473 0
4654 0.7199999999978336 0.3799999999992564 0
4655 1.419999999998678 0.3800000000003155 0
4656 0.8800000000027606 0.6400000000001301 0
4657 1.559999999998795 0.3800000000003145 0
4658 0.659999999997864 0.3599999999992888 0
4659 1.319999999998565 0.3800000000002936 0
4660 0.3799999999997802 0.5000000000003078 0
4661 0.3799999999999302 0.4599999999997383 0
4662 1.420000000000498 0.6400000000018441 0
4663 1.619999999999993 0.4000000000001034 0
4664 1.460000000000519 0.6400000000018217 0
4665 1.200000000002742 0.6200000000019451 0
4666 0.9599999999978679 0.3799999999997727 0
4667 1.15999999999832 0.3600000000002344 0
4668 1.100000000002671 0.6000000000018934 0
4669 1.120000000002674 0.6000000000019469 0
4670 1.339999999998595 0.3800000000002986 0
4671 1.540000000000722 0.6200000000018152 0
4672 0.9600000000027772 0.6200000000007796 0
4673 1.219999999998428 0.3600000000002764 0
4674 1.259999999998466 0.3600000000002945 0
4675 0.8999999999977718 0.3999999999994536 0
4676 1.019999999997988 0.3600000000000442 0
4677 0.7399999999978204 0.379999999999251 0
4678 1.160000000002652 0.6000000000019968 0
4679 1.459999999998665 0.3600000000003369 0
4680 1.56000000000069 0.620000000001769 0
4681 1.040000000002708 0.600000000001551 0
4682 0.4000000000000005 0.419999999999385 0
4683 1.079999999998122 0.3600000000001616 0
4684 0.4600000000020061 0.6199999999992053 0
4685 0.4400000000016805 0.6199999999992555 0
4686 1.059999999998085 0.3600000000001333 0
4687 0.9000000000027811 0.640000000000272 0
4688 0.6800000000024735 0.6399999999992962 0
4689 0.7800000000026235 0.6399999999995999 0
4690 0.4000000000009519 0.619999999999479 0
4691 1.579999999999005 0.3800000000002924 0
4692 0.6400000000024092 0.6199999999992206 0
4693 0.6799999999978417 0.3599999999992872 0
4694 0.6200000000023931 0.6199999999991992 0
4695 0.5400000000023197 0.639999999999182 0
4696 0.7400000000025556 0.6399999999994539 0
4697 1.479999999998665 0.360000000000338 0
4698 0.3799999999996586 0.5600000000006755 0
4699 1.539999999998713 0.3800000000003213 0
4700 0.580000000002358 0.6199999999991732 0
4701 1.600000000000675 0.5800000000011808 0
4702 1.600000000000692 0.5600000000008458 0
4703 0.8400000000027203 0.6399999999998797 0
4704 0.859999999997764 0.4199999999992829 0
4705 1.620000000000675 0.4999999999998747 0
4706 1.600000000000631 0.4599999999998903 0
4707 0.3799999999997045 0.520000000000606 0
4708 0.7799999999977903 0.3799999999992431 0
4709 0.4599999999996714 0.3799999999992849 0
4710 0.6199999999980307 0.3399999999993154 0
4711 1.000000000002776 0.620000000001153 0
4712 1.340000000000922 0.6400000000018732 0
4713 0.8199999999977631 0.3999999999992351 0
4714 1.619999999999609 0.3800000000002032 0
4715 1.520000000000619 0.6400000000017757 0
4716 0.4999999999993826 0.3599999999992948 0
4717 1.260000000002503 0.64000000000188 0
4718 1.240000000002713 0.6400000000018794 0
4719 0.559999999998837 0.3399999999993163 0
4720 0.5399999999990556 0.3399999999993161 0
4721 1.620000000000306 0.4199999999999768 0
4722 0.439999999999886 0.3999999999992824 0
4723 0.4199999999999366 0.3999999999993148 0
4724 0.5799999999985284 0.3399999999993166 0
4725 0.3800000000000699 0.6000000000000291 0
4726 1.440000000000653 0.6200000000018998 0
4727 1.319999999998611 0.4000000000002717 0
4728 0.6400000000023965 0.5999999999992124 0
4729 1.140000000002575 0.5800000000020411 0
4730 1.06000000000265 0.5800000000017491 0
4731 0.7199999999978567 0.3999999999992352 0
4732 1.199999999998462 0.3800000000002433 0
4733 1.039999999998098 0.3800000000000749 0
4734 0.9800000000027212 0.6000000000010062 0
4735 0.8399999999977937 0.4399999999992136 0
4736 0.3999999999997441 0.5200000000003384 0
4737 1.580000000000703 0.47999999999999 0
4738 1.559999999999074 0.400000000000274 0
4739 0.4400000000013026 0.5999999999993346 0
4740 1.580000000000751 0.5400000000009045 0
4741 1.259999999998504 0.3800000000002749 0
4742 0.5999999999982171 0.3599999999992939 0
4743 0.3999999999999769 0.5800000000000988 0
4744 1.580000000000723 0.5800000000015046 0
4745 0.9599999999979564 0.3999999999997483 0
4746 0.8999999999978447 0.4199999999994281 0
4747 1.500000000000739 0.6200000000018558 0
4748 0.6599999999978788 0.3799999999992673 0
4749 0.9000000000027303 0.620000000000301 0
4750 0.7800000000025794 0.6199999999996069 0
4751 0.7400000000025138 0.6199999999994544 0
4752 0.6000000000023695 0.5999999999991726 0
4753 0.7599999999978212 0.3999999999992235 0
4754 0.4599999999998338 0.3999999999992707 0
4755 0.5599999999988921 0.3599999999992951 0
4756 0.3799999999998611 0.4799999999999872 0
4757 1.46000000000069 0.6200000000018865 0
4758 1.220000000002715 0.6200000000019467 0
4759 1.60000000000071 0.500000000000032 0
4760 0.9399999999978902 0.3999999999996485 0
4761 1.139999999998278 0.3600000000002184 0
4762 1.120000000002593 0.5800000000020064 0
4763 0.8600000000026777 0.6200000000000164 0
4764 0.8400000000026573 0.6199999999998969 0
4765 0.9600000000027201 0.6000000000008192 0
4766 0.8799999999977961 0.4199999999993485 0
4767 1.52000000000073 0.6200000000018366 0
4768 1.180000000002624 0.6000000000020049 0
4769 0.6800000000024461 0.6199999999992886 0
4770 1.439999999998682 0.3800000000003182 0
4771 1.56000000000074 0.6000000000017776 0
4772 1.399999999998667 0.3800000000003113 0
4773 0.3999999999999697 0.4399999999994334 0
4774 0.4199999999999671 0.4199999999993166 0
4775 1.23999999999845 0.360000000000286 0
4776 0.700000000002468 0.619999999999336 0
4777 1.059999999998139 0.3800000000001102 0
4778 1.179999999998359 0.3600000000002492 0
4779 0.9200000000027524 0.6200000000004521 0
4780 0.8000000000026131 0.6199999999996959 0
4781 1.599999999999685 0.4000000000001709 0
4782 1.600000000000446 0.4399999999999594 0
4783 0.8199999999977717 0.4199999999992114 0
4784 1.479999999998679 0.3800000000003223 0
4785 0.5600000000023385 0.6199999999991689 0
4786 0.6600000000024269 0.619999999999252 0
4787 0.499999999999576 0.3799999999992766 0
4788 1.099999999998172 0.3600000000001831 0
4789 0.4800000000021755 0.6199999999991871 0
4790 1.299999999998536 0.3800000000002872 0
4791 1.359999999998623 0.3800000000003029 0
4792 1.519999999998679 0.3800000000003235 0
4793 0.5400000000023191 0.6199999999991678 0
4794 0.5200000000022972 0.6199999999991699 0
4795 0.3999999999997658 0.540000000000486 0
4796 0.9999999999979985 0.3799999999999518 0
4797 0.6999999999978472 0.3799999999992616 0
4798 1.02000000000272 0.6000000000013835 0
4799 0.4799999999996233 0.3799999999992803 0
4800 1.320000000001246 0.6400000000018756 0
4801 0.639999999997913 0.359999999999291 0
4802 1.080000000002678 0.6000000000018058 0
4803 0.7999999999977822 0.3999999999992231 0
4804 1.360000000000746 0.6400000000018683 0
4805 0.5199999999993135 0.3599999999992947 0
4806 1.260000000002541 0.6200000000019474 0
4807 1.400000000000551 0.6400000000018538 0
4808 1.280000000002101 0.6400000000018786 0
4809 0.4000000000003908 0.5999999999997525 0
4810 1.340000000001151 0.6200000000019401 0
4811 1.440000000000824 0.6000000000019613 0
4812 1.140000000002505 0.5600000000020975 0
4813 1.379999999998685 0.4000000000002863 0
4814 0.7400000000024777 0.5999999999994569 0
4815 0.5200000000022965 0.5999999999991579 0
4816 1.119999999998332 0.3800000000001794 0
4817 1.039999999998158 0.4000000000000501 0
4818 0.9800000000026691 0.580000000001048 0
4819 0.860000000002615 0.6000000000000368 0
4820 1.479999999998699 0.4000000000003029 0
4821 0.4199999999999541 0.4399999999993373 0
4822 1.500000000000832 0.6000000000019128 0
4823 0.8199999999977943 0.4399999999991893 0
4824 0.4200000000000375 0.540000000000074 0
4825 1.560000000000769 0.5800000000017151 0
4826 1.380000000000721 0.6200000000019293 0
4827 1.580000000000755 0.5200000000005194 0
4828 0.9399999999979805 0.4199999999996228 0
4829 0.8799999999978727 0.4399999999993232 0
4830 0.6999999999978722 0.3999999999992411 0
4831 1.239999999998493 0.3800000000002661 0
4832 1.419999999998705 0.400000000000295 0
4833 1.080000000002628 0.5800000000018627 0
4834 0.7000000000024373 0.5999999999993331 0
4835 0.6600000000024089 0.5999999999992451 0
4836 0.920000000002706 0.6000000000004847 0
4837 0.6399999999979199 0.3799999999992699 0
4838 0.8200000000025894 0.5999999999998051 0
4839 1.420000000000651 0.6200000000019096 0
4840 0.5199999999995027 0.3799999999992764 0
4841 0.420000000000439 0.5799999999997693 0
4842 1.580000000000739 0.5600000000012315 0
4843 0.3999999999997954 0.5000000000000024 0
4844 1.200000000002593 0.6000000000020091 0
4845 1.580000000000743 0.5000000000001955 0
4846 0.9199999999979145 0.4199999999995226 0
4847 1.27999999999856 0.4000000000002588 0
4848 1.299999999998583 0.4000000000002649 0
4849 1.159999999998416 0.3800000000002125 0
4850 1.179999999998439 0.3800000000002278 0
4851 0.8599999999978254 0.4399999999992607 0
4852 1.019999999998052 0.3800000000000203 0
4853 0.7600000000025453 0.6199999999995275 0
4854 1.219999999998478 0.3800000000002552 0
4855 1.540000000000775 0.6000000000018437 0
4856 0.4399999999999366 0.4199999999992798 0
4857 1.100000000002612 0.5800000000019463 0
4858 0.8000000000025692 0.5999999999997074 0
4859 1.579999999999396 0.4000000000002279 0
4860 0.9400000000027177 0.6000000000006468 0
4861 1.459999999998683 0.3800000000003201 0
4862 0.5600000000023346 0.5999999999991577 0
4863 0.5800000000023523 0.5999999999991633 0
4864 0.4800000000021116 0.5999999999991806 0
4865 0.7999999999977886 0.4199999999992009 0
4866 0.4600000000017895 0.5999999999992356 0
4867 0.6200000000023842 0.5999999999991901 0
4868 1.519999999998743 0.4000000000003014 0
4869 1.53999999999888 0.4000000000002912 0
4870 1.339999999998638 0.4000000000002768 0
4871 0.9799999999980109 0.3999999999998415 0
4872 1.079999999998195 0.3800000000001375 0
4873 0.880000000002704 0.6200000000001561 0
4874 1.580000000000549 0.4599999999999724 0
4875 0.3999999999998607 0.4799999999997276 0
4876 0.399999999999921 0.4599999999995519 0
4877 0.3999999999998799 0.5600000000003555 0
4878 0.6799999999978631 0.3799999999992653 0
4879 0.539999999999154 0.3599999999992954 0
4880 1.040000000002671 0.5800000000016001 0
4881 1.240000000002644 0.6200000000019469 0
4882 1.480000000000716 0.6200000000018707 0
4883 0.7399999999978383 0.3999999999992294 0
4884 0.6199999999980232 0.359999999999293 0
4885 1.000000000002722 0.6000000000011991 0
4886 1.180000000002508 0.5800000000020655 0
4887 1.160000000002547 0.5800000000020556 0
4888 1.300000000001931 0.6200000000019454 0
4889 0.7799999999978011 0.3999999999992213 0
4890 0.420000000000837 0.5999999999995325 0
4891 1.600000000000108 0.420000000000063 0
4892 0.4799999999998015 0.3999999999992647 0
4893 0.579999999998539 0.359999999999295 0
4894 1.280000000002275 0.6200000000019462 0
4895 1.260000000002475 0.6000000000020111 0
4896 1.319999999998655 0.4200000000002461 0
4897 0.640000000002387 0.5799999999992074 0
4898 0.5800000000023453 0.5799999999991547 0
4899 1.19999999999852 0.4000000000002186 0
4900 0.7199999999978677 0.4199999999992159 0
4901 1.080000000002597 0.5600000000019165 0
4902 0.839999999997897 0.4599999999991976 0
4903 0.8200000000025187 0.5799999999998149 0
4904 0.4399999999999382 0.4399999999992862 0
4905 1.560000000000773 0.5000000000002776 0
4906 0.7999999999978031 0.4399999999991794 0
4907 1.200000000002465 0.5800000000020694 0
4908 0.4600000000016198 0.5799999999992758 0
4909 1.519999999998966 0.4200000000002622 0
4910 1.420000000000826 0.6000000000019716 0
4911 0.9199999999980315 0.4399999999995048 0
4912 0.8800000000026443 0.6000000000001799 0
4913 1.000000000002672 0.580000000001244 0
4914 1.01999999999811 0.3999999999999966 0
4915 0.4199999999998315 0.4999999999997362 0
4916 1.480000000000834 0.6000000000019304 0
4917 0.7600000000025079 0.599999999999533 0
4918 0.6599999999979047 0.399999999999248 0
4919 1.540000000000813 0.5800000000018259 0
4920 1.459999999998702 0.4000000000003006 0
4921 0.9400000000026707 0.5800000000006804 0
4922 0.5599999999989953 0.379999999999276 0
4923 1.580000000000241 0.4400000000000472 0
4924 0.4400000000010555 0.5799999999994818 0
4925 1.560000000000797 0.540000000001168 0
4926 0.4199999999998982 0.5199999999999401 0
4927 1.560000000000666 0.4800000000000617 0
4928 0.8999999999979513 0.4399999999994079 0
4929 1.099999999998267 0.3800000000001598 0
4930 1.299999999998635 0.4200000000002393 0
4931 1.160000000002466 0.560000000002113 0
4932 0.9000000000026788 0.6000000000003307 0
4933 1.159999999998502 0.4000000000001878 0
4934 1.020000000002676 0.5800000000014292 0
4935 0.9999999999980601 0.3999999999999252 0
4936 0.8599999999979373 0.4599999999992418 0
4937 1.460000000000827 0.6000000000019466 0
4938 0.7800000000025399 0.599999999999617 0
4939 0.6799999999978876 0.3999999999992453 0
4940 1.219999999998528 0.4000000000002313 0
4941 1.259999999998547 0.4000000000002514 0
4942 1.560000000000787 0.5600000000014889 0
4943 1.399999999998698 0.4000000000002905 0
4944 1.359999999998663 0.4000000000002813 0
4945 0.4199999999998673 0.4799999999995362 0
4946 0.4199999999999136 0.4599999999994189 0
4947 0.4599999999999088 0.4199999999992625 0
4948 0.7200000000024563 0.5999999999993917 0
4949 0.6800000000024227 0.5999999999992859 0
4950 1.220000000002564 0.6000000000020104 0
4951 1.439999999998704 0.4000000000002978 0
4952 0.9600000000026735 0.5800000000008581 0
4953 0.5000000000022405 0.5999999999991656 0
4954 1.139999999998381 0.3800000000001958 0
4955 1.059999999998217 0.4000000000000843 0
4956 0.9599999999980326 0.4199999999997213 0
4957 1.499999999998721 0.4000000000003017 0
4958 1.559999999999501 0.4200000000002029 0
4959 0.5400000000023166 0.5999999999991569 0
4960 0.6200000000023765 0.5799999999991834 0
4961 0.5999999999982288 0.3799999999992741 0
4962 0.6199999999980341 0.3799999999992726 0
4963 0.8400000000026002 0.599999999999914 0
4964 0.7599999999978265 0.4199999999992028 0
4965 1.12000000000254 0.5600000000020612 0
4966 1.520000000000803 0.6000000000018808 0
4967 1.320000000001549 0.6200000000019427 0
4968 1.060000000002622 0.5600000000017963 0
4969 1.400000000000679 0.6200000000019198 0
4970 0.7799999999978071 0.4199999999992 0
4971 0.5399999999993168 0.3799999999992766 0
4972 1.360000000000896 0.620000000001935 0
4973 1.579999999999827 0.4200000000001389 0
4974 0.4999999999997669 0.3999999999992612 0
4975 0.4200000000002839 0.55999999999996 0
4976 1.300000000002155 0.600000000002009 0
4977 1.440000000000949 0.5800000000020169 0
4978 1.299999999998695 0.4400000000002119 0
4979 1.37999999999872 0.4200000000002617 0
4980 1.43999999999873 0.4200000000002755 0
4981 0.7400000000024467 0.5799999999994599 0
4982 0.6400000000023768 0.5599999999992046 0
4983 1.140000000002464 0.5400000000021489 0
4984 1.080000000002538 0.5400000000019625 0
4985 1.000000000002627 0.5600000000012859 0
4986 0.4599999999999218 0.43999999999926 0
4987 1.019999999998176 0.419999999999975 0
4988 1.199999999998627 0.4200000000002186 0
4989 0.8800000000025282 0.5800000000001896 0
4990 0.8399999999982289 0.4799999999992178 0
4991 1.540000000000769 0.5000000000003044 0
4992 1.500000000000886 0.5800000000019361 0
4993 0.4400000000001025 0.5199999999995889 0
4994 1.380000000000912 0.6000000000019918 0
4995 1.220000000002433 0.5800000000020707 0
4996 0.8999999999981344 0.4599999999994079 0
4997 1.09999999999838 0.400000000000135 0
4998 1.139999999998485 0.4000000000001723 0
4999 0.7000000000024109 0.5799999999993329 0
5000 0.840000000002504 0.5799999999999205 0
5001 0.9600000000026218 0.5600000000008921 0
5002 0.6600000000023948 0.5799999999992418 0
5003 0.5000000000021859 0.5799999999991592 0
5004 0.4400000000008242 0.5599999999995842 0
5005 1.560000000000388 0.4600000000000425 0
5006 1.56000000000079 0.5200000000006879 0
5007 1.400000000000852 0.6000000000019818 0
5008 1.240000000002526 0.6000000000020104 0
5009 0.8799999999980216 0.4599999999993137 0
5010 1.079999999998298 0.4000000000001113 0
5011 1.18000000000242 0.5600000000021214 0
5012 0.7800000000024996 0.5799999999996255 0
5013 1.460000000000929 0.5800000000019956 0
5014 0.8000000000025134 0.5799999999997183 0
5015 1.540000000000833 0.5600000000016386 0
5016 0.4399999999998724 0.4799999999993898 0
5017 1.100000000002568 0.5600000000019989 0
5018 0.4399999999999066 0.4599999999993313 0
5019 1.520000000000849 0.5800000000018714 0
5020 0.6000000000023619 0.5799999999991666 0
5021 1.479999999998753 0.4200000000002788 0
5022 1.499999999998848 0.4200000000002725 0
5023 1.239999999998537 0.400000000000242 0
5024 0.4800000000019845 0.5799999999991948 0
5025 1.039999999998247 0.4200000000000347 0
5026 1.179999999998513 0.4000000000002045 0
5027 0.9399999999981128 0.4399999999996147 0
5028 0.540000000002296 0.5799999999991482 0
5029 0.5600000000023224 0.5799999999991501 0
5030 1.539999999999218 0.420000000000235 0
5031 1.33999999999868 0.4200000000002514 0
5032 1.399999999998728 0.4200000000002665 0
5033 1.259999999998611 0.4200000000002252 0
5034 1.279999999998625 0.420000000000232 0
5035 0.9799999999980792 0.4199999999998144 0
5036 0.9200000000026443 0.5800000000005142 0
5037 0.7999999999979215 0.4599999999991713 0
5038 0.8199999999979308 0.4599999999991832 0
5039 0.7399999999978459 0.4199999999992093 0
5040 0.6399999999979487 0.3999999999992511 0
5041 0.5999999999983131 0.3999999999992562 0
5042 0.5599999999991743 0.399999999999259 0
5043 1.040000000002633 0.5600000000016475 0
5044 0.4999999999998715 0.4199999999992479 0
5045 0.4799999999998806 0.4199999999992539 0
5046 1.280000000002334 0.6000000000020098 0
5047 0.6999999999978863 0.4199999999992225 0
5048 0.6599999999979288 0.4199999999992306 0
5049 0.7599999999978319 0.4399999999991836 0
5050 0.7799999999978234 0.4399999999991807 0
5051 1.340000000001444 0.600000000002003 0
5052 1.559999999999963 0.4400000000001116 0
5053 0.5199999999996834 0.3999999999992606 0
5054 0.5799999999986034 0.3799999999992756 0
5055 1.320000000001817 0.6000000000020062 0
5056 0.5800000000023291 0.5599999999991497 0
5057 1.30000000000219 0.5800000000020679 0
5058 1.440000000001009 0.5600000000020475 0
5059 1.379999999998756 0.4400000000002449 0
5060 1.019999999998345 0.4400000000000024 0
5061 0.8799999999983358 0.4799999999993449 0
5062 0.800000000002363 0.5599999999997118 0
5063 1.479999999998916 0.4400000000002724 0
5064 0.480000000001705 0.55999999999921 0
5065 1.540000000000823 0.5200000000007425 0
5066 1.380000000001077 0.5800000000020502 0
5067 1.079999999998458 0.4200000000001202 0
5068 0.6399999999979861 0.4199999999992342 0
5069 1.239999999998609 0.4200000000002204 0
5070 0.6600000000023741 0.5599999999992394 0
5071 1.100000000002523 0.5400000000020513 0
5072 1.420000000000965 0.5800000000020273 0
5073 0.7199999999978767 0.4399999999991985 0
5074 0.5199999999997986 0.4199999999992466 0
5075 1.540000000000838 0.5400000000012434 0
5076 1.539999999999692 0.4400000000001607 0
5077 1.540000000000572 0.4800000000001289 0
5078 1.260000000002376 0.5800000000020707 0
5079 0.8599999999982552 0.4799999999992666 0
5080 1.059999999998353 0.4200000000000874 0
5081 1.279999999998696 0.4400000000002091 0
5082 0.9000000000025806 0.5800000000003488 0
5083 1.200000000002368 0.5600000000021247 0
5084 1.119999999998445 0.4000000000001552 0
5085 1.020000000002631 0.5600000000014743 0
5086 0.9999999999981336 0.4199999999999023 0
5087 0.8199999999983563 0.4799999999992195 0
5088 1.359999999998702 0.4200000000002568 0
5089 0.4799999999999038 0.4399999999992463 0
5090 0.8400000000021681 0.5599999999998764 0
5091 0.4399999999999168 0.4999999999994993 0
5092 1.159999999998639 0.4200000000002002 0
5093 1.179999999998651 0.4200000000002209 0
5094 1.500000000000917 0.5600000000018323 0
5095 0.4599999999998797 0.4799999999993 0
5096 0.760000000002473 0.5799999999995388 0
5097 0.720000000002426 0.5799999999993923 0
5098 1.41999999999873 0.4200000000002712 0
5099 0.8600000000024779 0.5800000000000405 0
5100 1.219999999998624 0.4200000000002233 0
5101 0.980000000002626 0.560000000001087 0
5102 0.4600000000013004 0.5599999999993424 0
5103 1.120000000002501 0.540000000002111 0
5104 0.680000000002402 0.5799999999992843 0
5105 1.459999999998744 0.420000000000279 0
5106 0.5600000000022789 0.5599999999991453 0
5107 1.319999999998707 0.4400000000002213 0
5108 0.9199999999983288 0.4599999999995474 0
5109 1.499999999999143 0.440000000000251 0
5110 0.5200000000022422 0.579999999999152 0
5111 0.6200000000023664 0.5599999999991802 0
5112 0.9599999999981814 0.4399999999997201 0
5113 1.520000000000873 0.5600000000017027 0
5114 0.9400000000025833 0.560000000000706 0
5115 0.6799999999979047 0.4199999999992275 0
5116 0.6199999999980796 0.3999999999992542 0
5117 1.060000000002532 0.5400000000018319 0
5118 1.180000000002358 0.5400000000021703 0
5119 0.7799999999979484 0.4599999999991738 0
5120 1.160000000002417 0.5400000000021626 0
5121 1.360000000001115 0.6000000000019974 0
5122 1.480000000000906 0.5800000000019583 0
5123 0.4599999999998992 0.459999999999279 0
5124 1.240000000002407 0.5800000000020705 0
5125 0.7399999999978522 0.4399999999991909 0
5126 0.4400000000004578 0.5399999999996405 0
5127 0.5399999999994886 0.3999999999992603 0
5128 0.5799999999987404 0.399999999999258 0
5129 1.340000000001598 0.5800000000020616 0
5130 1.279999999998823 0.4600000000002419 0
5131 0.719999999997994 0.4599999999991867 0
5132 0.6600000000022408 0.5399999999992365 0
5133 0.580000000002251 0.5399999999991485 0
5134 0.5999999999984462 0.4199999999992403 0
5135 1.120000000002401 0.5200000000021252 0
5136 1.18000000000223 0.5200000000021623 0
5137 1.260000000002242 0.5600000000021028 0
5138 1.080000000002292 0.5200000000019538 0
5139 1.02000000000252 0.5400000000014953 0
5140 0.9800000000025132 0.5400000000010992 0
5141 0.7600000000023661 0.5599999999995307 0
5142 0.659999999998013 0.4399999999992158 0
5143 1.159999999999089 0.4400000000004096 0
5144 1.199999999998983 0.4400000000003698 0
5145 1.059999999998638 0.4400000000002241 0
5146 0.9000000000023121 0.560000000000324 0
5147 0.8199999999993042 0.499999999999344 0
5148 0.8599999999989097 0.499999999999367 0
5149 1.520000000000836 0.5200000000008453 0
5150 1.479999999999279 0.4600000000003771 0
5151 1.220000000002314 0.5600000000021219 0
5152 0.9999999999983016 0.4399999999999154 0
5153 1.359999999998744 0.4400000000002426 0
5154 1.420000000001027 0.5600000000020566 0
5155 1.419999999998775 0.4400000000002614 0
5156 0.8600000000020676 0.5599999999999794 0
5157 0.7200000000023196 0.5599999999993831 0
5158 0.6800000000023457 0.5599999999992819 0
5159 1.480000000000948 0.5600000000019179 0
5160 0.4600000000008203 0.5399999999993785 0
5161 0.4599999999999758 0.4999999999993425 0
5162 1.500000000000908 0.5400000000015316 0
5163 1.280000000002302 0.5800000000020674 0
5164 1.03999999999848 0.4400000000001262 0
5165 1.239999999998756 0.440000000000245 0
5166 1.25999999999872 0.4400000000002274 0
5167 0.9200000000024616 0.5600000000005139 0
5168 1.09999999999856 0.4200000000001539 0
5169 1.139999999998658 0.4200000000001999 0
5170 1.040000000002513 0.5400000000016686 0
5171 0.979999999998256 0.439999999999824 0
5172 1.339999999998726 0.4400000000002347 0
5173 0.7999999999984768 0.4799999999992258 0
5174 0.4999999999998851 0.4399999999992389 0
5175 0.8200000000022488 0.5599999999997882 0
5176 0.6199999999981585 0.4199999999992377 0
5177 1.399999999998766 0.4400000000002518 0
5178 0.4799999999998875 0.4799999999992535 0
5179 0.7800000000023593 0.5599999999996185 0
5180 0.600000000002346 0.5599999999991627 0
5181 1.52000000000087 0.5400000000013379 0
5182 1.460000000000974 0.5600000000019941 0
5183 1.439999999998796 0.44000000000028 0
5184 1.459999999998854 0.4400000000002933 0
5185 1.29999999999882 0.4600000000002358 0
5186 1.140000000002366 0.520000000002153 0
5187 0.8999999999986409 0.479999999999506 0
5188 0.5000000000018697 0.5599999999991707 0
5189 0.6400000000022662 0.5399999999992042 0
5190 1.519999999999436 0.4400000000002094 0
5191 0.5400000000021716 0.5599999999991465 0
5192 0.9399999999985386 0.4599999999997019 0
5193 1.520000000000682 0.5000000000004667 0
5194 0.9600000000024487 0.5400000000008888 0
5195 0.7599999999979531 0.459999999999176 0
5196 0.4799999999998921 0.4599999999992502 0
5197 1.320000000001915 0.5800000000020644 0
5198 1.400000000000997 0.5800000000020382 0
5199 0.699999999997922 0.4399999999992065 0
5200 1.200000000002257 0.5400000000021596 0
5201 1.540000000000188 0.4600000000001132 0
5202 0.559999999999341 0.4199999999992442 0
5203 0.5399999999996187 0.4199999999992459 0
5204 1.360000000001275 0.5800000000020559 0
5205 1.340000000001594 0.5600000000020859 0
5206 1.339999999998825 0.460000000000291 0
5207 1.440000000000927 0.5400000000019747 0
5208 0.599999999998729 0.4399999999992246 0
5209 0.5599999999995167 0.4399999999992305 0
5210 1.200000000002012 0.5200000000021079 0
5211 1.279999999999229 0.4800000000004839 0
5212 1.379999999998844 0.4600000000003071 0
5213 1.419999999998921 0.4600000000003422 0
5214 1.040000000002107 0.5200000000015952 0
5215 0.9799999999987629 0.4599999999999546 0
5216 0.6600000000016794 0.519999999999229 0
5217 1.140000000001989 0.5000000000019826 0
5218 1.019999999998886 0.4600000000002059 0
5219 0.980000000002047 0.5200000000009847 0
5220 0.9200000000020369 0.5400000000004449 0
5221 0.7999999999995409 0.4999999999993519 0
5222 0.6999999999981237 0.4599999999991964 0
5223 0.4800000000000331 0.4999999999992616 0
5224 0.8600000000011798 0.5399999999998092 0
5225 0.8200000000016334 0.5399999999996964 0
5226 0.8000000000018057 0.5399999999996414 0
5227 0.5199999999998409 0.4399999999992354 0
5228 1.139999999999121 0.4400000000004125 0
5229 0.6000000000022797 0.5399999999991607 0
5230 1.480000000000927 0.5400000000017507 0
5231 1.520000000000363 0.4800000000002729 0
5232 1.500000000000798 0.5200000000011429 0
5233 1.499999999999611 0.4600000000003048 0
5234 1.300000000002097 0.5600000000020886 0
5235 0.8399999999991108 0.4999999999993498 0
5236 1.039999999999046 0.4600000000004131 0
5237 1.239999999999073 0.4600000000004409 0
5238 0.9400000000022694 0.5400000000006665 0
5239 1.079999999998865 0.4400000000003247 0
5240 1.240000000002264 0.5600000000021101 0
5241 0.9599999999987221 0.4599999999998517 0
5242 1.060000000002134 0.5200000000017749 0
5243 1.319999999998832 0.4600000000002658 0
5244 1.380000000001149 0.5600000000020753 0
5245 1.400000000001056 0.5600000000020581 0
5246 0.6200000000022698 0.5399999999991795 0
5247 0.6800000000020847 0.5399999999992739 0
5248 0.7800000000018681 0.5399999999995638 0
5249 0.7400000000023224 0.5599999999994479 0
5250 0.4999999999999274 0.4799999999992299 0
5251 1.459999999999124 0.4600000000004374 0
5252 1.219999999998899 0.4400000000003313 0
5253 0.8800000000020974 0.5600000000001264 0
5254 0.700000000002301 0.5599999999993286 0
5255 1.000000000002484 0.5400000000012884 0
5256 0.4999999999998934 0.4599999999992349 0
5257 1.119999999998642 0.4200000000001914 0
5258 0.8799999999991299 0.4999999999995058 0
5259 1.259999999998936 0.4600000000003514 0
5260 0.4800000000010721 0.5399999999992476 0
5261 1.179999999999112 0.4400000000004389 0
5262 0.560000000002114 0.5399999999991469 0
5263 0.9199999999990592 0.4799999999997216 0
5264 0.5200000000020024 0.5599999999991551 0
5265 0.7399999999979773 0.4599999999991811 0
5266 0.6399999999981451 0.4399999999992192 0
5267 0.6799999999979819 0.4399999999992126 0
5268 1.160000000002289 0.5200000000021496 0
5269 0.7599999999984794 0.4799999999992034 0
5270 0.7799999999985606 0.4799999999992234 0
5271 1.100000000002351 0.5200000000020475 0
5272 1.220000000002097 0.5400000000021246 0
5273 1.280000000002177 0.5600000000020847 0
5274 0.4600000000003102 0.5199999999993848 0
5275 1.519999999999916 0.4600000000002153 0
5276 0.5799999999989059 0.4199999999992426 0
5277 1.319999999999203 0.4800000000004919 0
5278 1.380000000000966 0.5400000000019481 0
5279 0.6200000000018879 0.5199999999991797 0
5280 0.5800000000019444 0.5199999999991552 0
5281 1.179999999999962 0.4600000000009067 0
5282 1.100000000001876 0.5000000000018842 0
5283 1.220000000001661 0.5200000000020004 0
5284 1.260000000001864 0.5400000000020064 0
5285 1.48000000000075 0.5200000000014733 0
5286 0.7400000000018607 0.5399999999994045 0
5287 0.7199999999985333 0.4799999999991958 0
5288 0.6599999999984182 0.4599999999992067 0
5289 0.5000000000001553 0.4999999999992236 0
5290 1.180000000001797 0.5000000000019531 0
5291 1.060000000001345 0.5000000000015563 0
5292 1.459999999999623 0.4800000000007922 0
5293 1.019999999999949 0.4800000000006291 0
5294 0.9599999999997001 0.4800000000001292 0
5295 0.9400000000016308 0.5200000000005233 0
5296 1.219999999999418 0.4600000000006392 0
5297 0.680000000001372 0.5199999999992539 0
5298 1.119999999999107 0.4400000000004001 0
5299 0.7000000000019073 0.5399999999993101 0
5300 0.8800000000012808 0.5399999999999651 0
5301 1.000000000002046 0.5200000000011753 0
5302 1.420000000000887 0.5400000000019415 0
5303 1.500000000000506 0.5000000000007752 0
5304 0.8400000000002357 0.5199999999995377 0
5305 0.8600000000000628 0.519999999999593 0
5306 0.8200000000005659 0.5199999999995343 0
5307 0.8000000000007514 0.5199999999995034 0
5308 0.9600000000018454 0.520000000000745 0
5309 1.059999999999331 0.460000000000637 0
5310 1.240000000001918 0.540000000002051 0
5311 0.9399999999994796 0.4799999999999528 0
5312 1.299999999999266 0.4800000000004893 0
5313 0.7799999999996335 0.4999999999993262 0
5314 0.5399999999997304 0.4399999999992331 0
5315 0.8400000000013224 0.5399999999997335 0
5316 1.099999999999051 0.4400000000003925 0
5317 1.399999999998878 0.4600000000003163 0
5318 0.6400000000017235 0.5199999999992024 0
5319 0.7600000000018307 0.5399999999994758 0
5320 1.439999999999045 0.4600000000004318 0
5321 0.5200000000000605 0.4799999999992154 0
5322 0.9000000000016032 0.540000000000185 0
5323 0.8999999999995862 0.4999999999997271 0
5324 1.259999999999388 0.4800000000006711 0
5325 1.140000000000057 0.4600000000009228 0
5326 1.020000000002028 0.520000000001366 0
5327 1.359999999998847 0.4600000000003315 0
5328 1.460000000000913 0.5400000000018914 0
5329 0.5000000000012801 0.5399999999991925 0
5330 0.5400000000018528 0.5399999999991533 0
5331 0.9999999999989092 0.4600000000001063 0
5332 0.619999999998416 0.4399999999992219 0
5333 1.160000000001876 0.5000000000019525 0
5334 0.5199999999999164 0.4599999999992263 0
5335 0.7399999999985446 0.4799999999992013 0
5336 1.120000000001916 0.5000000000019095 0
5337 1.36000000000131 0.560000000002067 0
5338 1.300000000001747 0.540000000001941 0
5339 0.6799999999983215 0.4599999999992042 0
5340 0.4800000000004771 0.5199999999992708 0
5341 1.500000000000074 0.4800000000004959 0
5342 1.320000000001853 0.5600000000020712 0
5343 0.5799999999991755 0.4399999999992275 0
5344 1.359999999999155 0.4800000000006126 0
5345 1.399999999999173 0.4800000000005454 0
5346 0.5999999999993806 0.4599999999992076 0
5347 1.260000000000197 0.5000000000011847 0
5348 1.300000000000059 0.5000000000009651 0
5349 1.440000000000589 0.5200000000016863 0
5350 0.9999999999999439 0.4800000000004641 0
5351 0.7599999999996451 0.4999999999992891 0
5352 0.7000000000010218 0.5199999999992732 0
5353 0.6999999999988076 0.4799999999992044 0
5354 0.6599999999993563 0.4799999999992071 0
5355 0.5200000000004339 0.4999999999992011 0
5356 0.9200000000011415 0.52000000000024 0
5357 1.040000000001155 0.5000000000012894 0
5358 1.140000000001102 0.4800000000015006 0
5359 1.18000000000095 0.4800000000014748 0
5360 1.480000000000339 0.5000000000010836 0
5361 1.12000000000104 0.4800000000014494 0
5362 1.099999999999899 0.4600000000008621 0
5363 1.260000000001123 0.5200000000016798 0
5364 1.479999999999822 0.4800000000006856 0
5365 1.040000000000062 0.48000000000087 0
5366 1.020000000001131 0.5000000000010641 0
5367 1.000000000001082 0.5000000000008565 0
5368 0.980000000000996 0.5000000000006597 0
5369 0.9600000000008426 0.5000000000004634 0
5370 0.9200000000001041 0.4999999999999868 0
5371 0.9000000000006201 0.5199999999999676 0
5372 0.8800000000002295 0.5199999999997453 0
5373 0.7800000000008516 0.5199999999994517 0
5374 0.7600000000008375 0.5199999999993851 0
5375 0.9799999999998218 0.4800000000002904 0
5376 1.199999999999755 0.4600000000008138 0
5377 0.7199999999996349 0.4999999999992378 0
5378 1.080000000001585 0.5000000000017292 0
5379 0.540000000000277 0.4799999999992039 0
5380 1.079999999999687 0.4600000000008094 0
5381 0.6800000000002329 0.4999999999992271 0
5382 1.340000000001344 0.540000000001956 0
5383 1.360000000001082 0.5400000000019297 0
5384 0.6600000000005272 0.4999999999992155 0
5385 1.419999999999314 0.4800000000006512 0
5386 0.7200000000017842 0.5399999999993483 0
5387 1.220000000000184 0.4800000000011591 0
5388 1.220000000000978 0.5000000000016557 0
5389 1.239999999999733 0.4800000000009181 0
5390 0.6400000000007203 0.4999999999991998 0
5391 1.339999999999219 0.4800000000006002 0
5392 0.5599999999998759 0.4599999999992149 0
5393 1.160000000000048 0.4600000000009396 0
5394 0.6000000000019209 0.5199999999991648 0
5395 1.439999999999499 0.4800000000007822 0
5396 1.120000000000021 0.4600000000009014 0
5397 0.5200000000015302 0.5399999999991685 0
5398 0.560000000001708 0.5199999999991578 0
5399 1.200000000001413 0.5000000000017973 0
5400 1.280000000001754 0.5400000000019216 0
5401 1.400000000000867 0.5400000000019087 0
5402 0.6399999999986717 0.4599999999992075 0
5403 1.240000000001293 0.520000000001815 0
5404 1.460000000000652 0.5200000000016263 0
5405 0.5399999999999411 0.4599999999992196 0
5406 0.5000000000006816 0.5199999999992151 0
5407 1.320000000001532 0.5400000000019177 0
5408 1.340000000000683 0.5200000000015708 0
5409 1.380000000000416 0.5200000000015524 0
5410 1.420000000000443 0.5200000000015745 0
5411 0.6000000000012302 0.4999999999991744 0
5412 0.5600000000004484 0.4799999999991953 0
5413 0.74000000000079 0.5199999999993301 0
5414 1.32000000000001 0.5000000000010151 0
5415 0.5400000000008124 0.4999999999991851 0
5416 1.100000000000918 0.4800000000014182 0
5417 1.300000000000971 0.5200000000015172 0
5418 1.339999999999902 0.5000000000010811 0
5419 1.080000000000623 0.4800000000013053 0
5420 1.440000000000046 0.5000000000012215 0
5421 1.399999999999753 0.5000000000010184 0
5422 1.060000000000309 0.4800000000011039 0
5423 0.9400000000005376 0.500000000000238 0
5424 1.280000000000985 0.5200000000015268 0
5425 1.280000000000098 0.5000000000010228 0
5426 1.379999999999197 0.4800000000006141 0
5427 0.7200000000008101 0.5199999999992966 0
5428 0.6200000000009425 0.4999999999991856 0
5429 0.6399999999995943 0.4799999999992013 0
5430 0.6199999999990542 0.4599999999992071 0
5431 1.160000000001033 0.4800000000014902 0
5432 0.6799999999991276 0.4799999999992096 0
5433 1.460000000000188 0.5000000000012107 0
5434 0.739999999999599 0.4999999999992602 0
5435 0.580000000001243 0.4999999999991723 0
5436 0.5200000000010019 0.5199999999991859 0
5437 0.5400000000013656 0.519999999999169 0
5438 0.5799999999997218 0.4599999999992107 0
5439 1.240000000000523 0.5000000000014059 0
5440 1.200000000000609 0.4800000000013286 0
5441 0.6999999999998904 0.4999999999992346 0
5442 1.359999999999819 0.5000000000011007 0
5443 1.419999999999881 0.5000000000011104 0
5444 1.379999999999785 0.5000000000010651 0
5445 1.320000000000835 0.5200000000015219 0
5446 1.400000000000394 0.5200000000015332 0
5447 0.6199999999999668 0.4799999999991949 0
5448 0.6000000000002786 0.4799999999991917 0
5449 0.5600000000010759 0.4999999999991768 0
5450 0.5800000000004212 0.4799999999991925 0
5451 1.360000000000524 0.5200000000015611 0
5452 0.360000000000354 0.6299999999998971 0
5453 0.3700000000003629 0.619999999999858 0
5454 0.3800000000008417 0.6299999999995838 0
5455 0.3700000000008329 0.6399999999996228 0
5456 0.440000000000641 0.5499999999996124 0
5457 0.4300000000005541 0.559999999999772 0
5458 0.4200000000001607 0.5500000000000169 0
5459 0.4300000000002476 0.5399999999998573 0
5460 0.2800000000006079 0.7299999999996593 0
5461 0.2700000000005793 0.7399999999996834 0
5462 0.2600000000001437 0.7299999999997742 0
5463 0.2700000000001722 0.7199999999997501 0
5464 1.500000000000853 0.5300000000013372 0
5465 1.510000000000817 0.5200000000009941 0
5466 1.520000000000853 0.5300000000010916 0
5467 1.510000000000889 0.5400000000014347 0
5468 1.530000000000854 0.5400000000012906 0
5469 1.53000000000083 0.5200000000007939 0
5470 1.540000000000831 0.530000000000993 0
5471 1.150000000000052 0.4600000000009312 0
5472 1.160000000000541 0.4700000000012149 0
5473 1.150000000001068 0.4800000000014953 0
5474 1.140000000000579 0.4700000000012117 0
5475 1.130000000001071 0.480000000001475 0
5476 1.12000000000053 0.4700000000011754 0
5477 1.130000000000039 0.4600000000009121 0
5478 1.189999999999858 0.4600000000008602 0
5479 1.200000000000182 0.4700000000010712 0
5480 1.190000000000779 0.4800000000014017 0
5481 1.180000000000456 0.4700000000011907 0
5482 1.170000000000992 0.4800000000014825 0
5483 1.170000000000005 0.4600000000009231 0
5484 1.48000000000008 0.4900000000008846 0
5485 1.489999999999948 0.4800000000005907 0
5486 1.50000000000029 0.4900000000006355 0
5487 1.490000000000423 0.5000000000009294 0
5488 1.229999999999959 0.4800000000010386 0
5489 1.240000000000128 0.490000000001162 0
5490 1.23000000000075 0.5000000000015308 0
5491 1.220000000000581 0.4900000000014074 0
5492 1.110000000000979 0.4800000000014338 0
5493 1.100000000000409 0.4700000000011401 0
5494 1.10999999999996 0.4600000000008817 0
5495 1.270000000000147 0.5000000000011038 0
5496 1.280000000000541 0.5100000000012748 0
5497 1.270000000001054 0.5200000000016033 0
5498 1.26000000000066 0.5100000000014322 0
5499 1.209999999999587 0.4600000000007265 0
5500 1.219999999999801 0.4700000000008991 0
5501 1.210000000000397 0.4800000000012439 0
5502 1.210000000001195 0.5000000000017265 0
5503 1.200000000001011 0.490000000001563 0
5504 1.310000000000034 0.5000000000009901 0
5505 1.320000000000422 0.5100000000012685 0
5506 1.310000000000903 0.5200000000015196 0
5507 1.300000000000515 0.5100000000012412 0
5508 1.250000000001208 0.5200000000017474 0
5509 1.240000000000908 0.5100000000016105 0
5510 1.25000000000036 0.5000000000012953 0
5511 1.290000000000978 0.520000000001522 0
5512 1.290000000000078 0.500000000000994 0
5513 1.090000000000771 0.4800000000013618 0
5514 1.080000000000155 0.4700000000010573 0
5515 1.089999999999793 0.4600000000008357 0
5516 1.389999999999769 0.5000000000010418 0
5517 1.400000000000073 0.5100000000012759 0
5518 1.390000000000405 0.5200000000015428 0
5519 1.3800000000001 0.5100000000013087 0
5520 1.330000000000759 0.5200000000015463 0
5521 1.329999999999956 0.5000000000010481 0
5522 1.340000000000292 0.5100000000013259 0
5523 1.37000000000047 0.5200000000015568 0
5524 1.360000000000172 0.5100000000013309 0
5525 1.369999999999802 0.5000000000010829 0
5526 1.449999999999561 0.4800000000007872 0
5527 1.459999999999906 0.4900000000010014 0
5528 1.450000000000117 0.5000000000012161 0
5529 1.439999999999773 0.4900000000010019 0
5530 1.409999999999817 0.5000000000010645 0
5531 1.420000000000162 0.5100000000013425 0
5532 1.410000000000418 0.5200000000015539 0
5533 1.469999999999723 0.4800000000007389 0
5534 1.470000000000264 0.5000000000011471 0
5535 1.070000000000466 0.4800000000012046 0
5536 1.05999999999982 0.4700000000008705 0
5537 1.069999999999509 0.4600000000007232 0
5538 1.599999999999478 0.3900000000002176 0
5539 1.60999999999944 0.3800000000002338 0
5540 1.619999999999801 0.3900000000001533 0
5541 1.609999999999839 0.4000000000001371 0
5542 1.030000000001143 0.5000000000011768 0
5543 1.02000000000054 0.4900000000008466 0
5544 1.030000000000006 0.4800000000007495 0
5545 1.040000000000608 0.4900000000010797 0
5546 1.630000000000582 0.6000000000010159 0
5547 1.620000000000617 0.5900000000010022 0
5548 1.630000000000603 0.5800000000006611 0
5549 1.640000000000569 0.5900000000006749 0
5550 1.010000000001106 0.5000000000009603 0
5551 1.000000000000513 0.4900000000006604 0
5552 1.009999999999946 0.4800000000005466 0
5553 0.4199999999998648 0.5099999999998381 0
5554 0.4099999999998212 0.5200000000001392 0
5555 0.3999999999997698 0.5100000000001704 0
5556 0.4099999999998134 0.4999999999998693 0
5557 0.9900000000010387 0.5000000000007581 0
5558 0.9800000000004089 0.4900000000004751 0
5559 0.9899999999998829 0.4800000000003772 0
5560 0.1700000000000356 0.8399999999998014 0
5561 0.180000000000316 0.8499999999997867 0
5562 0.1700000000003341 0.8599999999997899 0
5563 0.1600000000000537 0.8499999999998047 0
5564 0.9700000000009192 0.5000000000005616 0
5565 0.9600000000002713 0.4900000000002963 0
5566 0.9699999999997609 0.4800000000002098 0
5567 0.9500000000006901 0.5000000000003507 0
5568 0.9400000000000086 0.4900000000000954 0
5569 0.9499999999995898 0.4800000000000409 0
5570 0.9100000000008808 0.5200000000001038 0
5571 0.9000000000001032 0.5099999999998474 0
5572 0.9099999999998452 0.4999999999998569 0
5573 0.9200000000006228 0.5100000000001135 0
5574 0.1999999994741758 0.1899999994742644 0
5575 0.1899999994714309 0.1999999994716192 0
5576 0.1799999986135845 0.1899999986137162 0
5577 0.1899999986163294 0.1799999986163613 0
5578 0.8700000000012302 0.5399999999998871 0
5579 0.8600000000006214 0.5299999999997012 0
5580 0.8700000000001462 0.5199999999996692 0
5581 0.8800000000007551 0.5299999999998553 0
5582 0.8500000000012511 0.5399999999997713 0
5583 0.840000000000779 0.5299999999996357 0
5584 0.8500000000001493 0.5199999999995654 0
5585 0.8300000000014779 0.5399999999997149 0
5586 0.8200000000010996 0.5299999999996153 0
5587 0.8300000000004009 0.5199999999995359 0
5588 0.8299999999992075 0.4999999999993469 0
5589 0.8399999999996732 0.5099999999994438 0
5590 0.819999999999935 0.5099999999994391 0
5591 0.8100000000006586 0.5199999999995188 0
5592 0.8000000000001461 0.5099999999994277 0
5593 0.8099999999994225 0.499999999999348 0
5594 1.050000000003425 0.8000000000009797 0
5595 1.040000000003353 0.7900000000009673 0
5596 1.050000000003344 0.7800000000010563 0
5597 1.060000000003416 0.7900000000010687 0
5598 1.859999999999789 0.1100000000001199 0
5599 1.869999999999792 0.1000000000001081 0
5600 1.879999999999906 0.1100000000000758 0
5601 1.869999999999903 0.1200000000000877 0
5602 1.070000000003333 0.7600000000012302 0
5603 1.060000000003263 0.7500000000012248 0
5604 1.07000000000326 0.7400000000013059 0
5605 1.08000000000333 0.7500000000013114 0
5606 0.7900000000008015 0.5199999999994775 0
5607 0.7800000000002425 0.5099999999993889 0
5608 0.7899999999995873 0.499999999999339 0
5609 1.09000000000325 0.7200000000014604 0
5610 1.080000000003174 0.7100000000014635 0
5611 1.090000000003162 0.7000000000015327 0
5612 1.100000000003237 0.7100000000015296 0
5613 1.760000000000023 0.7300000000000835 0
5614 1.770000000000028 0.7199999999998901 0
5615 1.77999999999999 0.729999999999853 0
5616 1.769999999999984 0.7400000000000464 0
5617 0.7700000000008445 0.5199999999994184 0
5618 0.7600000000002413 0.5099999999993371 0
5619 0.7699999999996393 0.4999999999993077 0
5620 0.06996344894804195 0.05996344894812856 0
5621 0.07998164700453074 0.06998164700460588 0
5622 0.06998180415536501 0.07998180415547523 0
5623 0.05996360609887621 0.06996360609899792 0
5624 1.740000000000105 0.7100000000001974 0
5625 1.730000000000088 0.720000000000431 0
5626 1.720000000000133 0.7100000000005123 0
5627 1.73000000000015 0.7000000000002788 0
5628 1.560000000000782 0.5100000000004827 0
5629 1.570000000000758 0.5000000000002365 0
5630 1.580000000000749 0.5100000000003575 0
5631 1.570000000000773 0.5200000000006036 0
5632 1.590000000000727 0.5000000000001137 0
5633 1.600000000000712 0.5100000000001281 0
5634 1.590000000000734 0.5200000000003719 0
5635 0.2599999999998017 0.7099999999998888 0
5636 0.2699999999997793 0.6999999999998975 0
5637 0.2800000000001499 0.7099999999997587 0
5638 1.739999999999756 0.7900000000004558 0
5639 1.729999999999667 0.8000000000005179 0
5640 1.719999999999701 0.7900000000006222 0
5641 1.72999999999979 0.78000000000056 0
5642 0.04997311598806185 0.07997311598823718 0
5643 0.03994545791495131 0.06994545791512818 0
5644 0.04993594802576566 0.05993594802588892 0
5645 1.650000000000554 0.5800000000003389 0
5646 1.660000000000519 0.5900000000003589 0
5647 1.650000000000534 0.6000000000006946 0
5648 1.870000000000272 0.4399999999991286 0
5649 1.86000000000029 0.4299999999991515 0
5650 1.870000000000274 0.4199999999991076 0
5651 1.880000000000256 0.4299999999990847 0
5652 1.670000000000505 0.5800000000000782 0
5653 1.68000000000047 0.5900000000000596 0
5654 1.670000000000484 0.6000000000003403 0
5655 1.690000000000457 0.5799999999998797 0
5656 1.70000000000042 0.5899999999998544 0
5657 1.690000000000433 0.6000000000000343 0
5658 1.069999999997885 0.2800000000002129 0
5659 1.059999999997818 0.2700000000002044 0
5660 1.069999999997831 0.260000000000222 0
5661 1.079999999997897 0.2700000000002304 0
5662 1.739999999999324 0.8700000000002723 0
5663 1.729999999999283 0.8800000000003094 0
5664 1.719999999999302 0.8700000000003973 0
5665 1.729999999999343 0.8600000000003603 0
5666 1.78999999999999 0.719999999999693 0
5667 1.799999999999955 0.7299999999996689 0
5668 1.789999999999954 0.739999999999829 0
5669 1.059999999997773 0.2500000000002126 0
5670 1.069999999997793 0.2400000000002279 0
5671 1.07999999999785 0.2500000000002374 0
5672 0.2500000000003516 0.7599999999997388 0
5673 0.2399999999999545 0.749999999999814 0
5674 0.2500000000000736 0.7399999999997906 0
5675 0.2600000000004707 0.7499999999997153 0
5676 1.940000000000021 0.5499999999989353 0
5677 1.950000000000021 0.5399999999988863 0
5678 1.960000000000002 0.5499999999988805 0
5679 1.950000000000001 0.5599999999989296 0
5680 1.819999999999604 0.8499999999998115 0
5681 1.809999999999529 0.8599999999998569 0
5682 1.799999999999537 0.8499999999999089 0
5683 1.809999999999612 0.8399999999998635 0
5684 1.810000000000354 0.3799999999991891 0
5685 1.800000000000363 0.3699999999991906 0
5686 1.810000000000348 0.3599999999991709 0
5687 1.82000000000034 0.3699999999991694 0
5688 0.990000000003046 0.7200000000008153 0
5689 0.9800000000030049 0.7100000000007549 0
5690 0.9900000000029914 0.7000000000008658 0
5691 1.000000000003032 0.7100000000009261 0
5692 0.9900000000034797 0.8400000000004797 0
5693 1.000000000003577 0.850000000000513 0
5694 0.9900000000036115 0.8600000000004218 0
5695 0.9800000000035141 0.8500000000003884 0
5696 0.9900000000037302 0.8800000000003639 0
5697 0.9800000000036426 0.8700000000003357 0
5698 1.000000000003699 0.87000000000045 0
5699 1.169999999998253 0.3400000000002603 0
5700 1.159999999998191 0.3300000000002603 0
5701 1.169999999998181 0.3200000000002754 0
5702 1.179999999998242 0.3300000000002754 0
5703 0.729999999999617 0.499999999999249 0
5704 0.7400000000001945 0.5099999999992951 0
5705 0.7300000000008 0.5199999999993133 0
5706 0.7200000000002225 0.5099999999992673 0
5707 1.599999999999759 0.7700000000011966 0
5708 1.609999999999776 0.7600000000012161 0
5709 1.619999999999732 0.7700000000011562 0
5710 1.609999999999716 0.7800000000011369 0
5711 0.1399999856627198 0.1699999856627935 0
5712 0.1299999949992196 0.1799999949994504 0
5713 0.1199999772422832 0.1699999772425191 0
5714 0.1299999679057835 0.1599999679058621 0
5715 1.819999999999892 0.7499999999996146 0
5716 1.829999999999896 0.7399999999995229 0
5717 1.839999999999871 0.7499999999995075 0
5718 1.829999999999866 0.7599999999995992 0
5719 0.3300000000005775 0.6799999999997213 0
5720 0.3400000000010572 0.6899999999995554 0
5721 0.3300000000010229 0.6999999999995323 0
5722 0.3200000000005432 0.6899999999996982 0
5723 0.8900000000026616 0.6000000000002553 0
5724 0.8800000000025863 0.5900000000001848 0
5725 0.8900000000025544 0.5800000000002692 0
5726 0.9000000000026297 0.5900000000003398 0
5727 1.050000000000185 0.480000000000987 0
5728 1.039999999999554 0.4700000000006415 0
5729 1.049999999999188 0.460000000000525 0
5730 0.7900000000026932 0.6599999999996343 0
5731 0.8000000000027392 0.6699999999996715 0
5732 0.7900000000027405 0.679999999999628 0
5733 0.7800000000026945 0.6699999999995909 0
5734 1.049999999998559 0.4400000000001751 0
5735 1.059999999998984 0.4500000000004306 0
5736 1.039999999998763 0.4500000000002696 0
5737 0.140000000000282 0.8899999999998024 0
5738 0.1300000000002796 0.8999999999998026 0
5739 0.1200000000001012 0.8899999999997996 0
5740 0.1300000000001036 0.8799999999997994 0
5741 1.069999999998405 0.4200000000001038 0
5742 1.079999999998662 0.4300000000002224 0
5743 1.069999999998752 0.4400000000002744 0
5744 1.059999999998495 0.4300000000001558 0
5745 0.2500000000007994 0.7999999999996924 0
5746 0.2600000000010826 0.8099999999996668 0
5747 0.2500000000009573 0.8199999999996884 0
5748 0.2400000000006741 0.8099999999997141 0
5749 1.08999999999783 0.2200000000002501 0
5750 1.079999999997779 0.2100000000002409 0
5751 1.089999999997797 0.2000000000002486 0
5752 1.099999999997849 0.2100000000002578 0
5753 0.8700000000036021 0.9399999999998753 0
5754 0.8800000000036677 0.9499999999999036 0
5755 0.8700000000036359 0.959999999999902 0
5756 0.8600000000035702 0.9499999999998736 0
5757 1.089999999998339 0.4000000000001231 0
5758 1.09999999999847 0.4100000000001445 0
5759 1.089999999998509 0.420000000000137 0
5760 1.079999999998378 0.4100000000001158 0
5761 0.2100000000002145 0.819999999999764 0
5762 0.2200000000005354 0.8299999999997427 0
5763 0.2100000000005622 0.8399999999997534 0
5764 0.2000000000002414 0.8299999999997747 0
5765 0.1199999999999787 0.4700000000015824 0
5766 0.1300000000000155 0.4600000000015068 0
5767 0.1399999999999717 0.4700000000015029 0
5768 0.1299999999999348 0.4800000000015785 0
5769 0.1599999999999648 0.4700000000014222 0
5770 0.1499999999999268 0.4800000000014992 0
5771 0.1500000000000097 0.4600000000014259 0
5772 1.109999999998299 0.3800000000001696 0
5773 1.119999999998389 0.3900000000001673 0
5774 1.109999999998413 0.4000000000001451 0
5775 1.099999999998324 0.3900000000001473 0
5776 0.8900000000028983 0.7000000000001205 0
5777 0.8800000000028636 0.690000000000068 0
5778 0.8900000000028622 0.6800000000001463 0
5779 0.9000000000028968 0.6900000000001989 0
5780 0.2600000000011827 0.8299999999996737 0
5781 0.2500000000011207 0.8399999999996945 0
5782 0.2400000000008952 0.8299999999997093 0
5783 1.250000000002253 0.5600000000021065 0
5784 1.240000000002091 0.5500000000020806 0
5785 1.250000000001891 0.5400000000020286 0
5786 1.260000000002053 0.5500000000020546 0
5787 1.369999999998552 0.340000000000337 0
5788 1.359999999998512 0.3300000000003404 0
5789 1.369999999998515 0.3200000000003473 0
5790 1.379999999998555 0.3300000000003439 0
5791 1.750000000000003 0.7400000000002835 0
5792 1.740000000000044 0.7300000000003465 0
5793 1.750000000000064 0.7200000000001463 0
5794 0.8900000000029306 0.7200000000000945 0
5795 0.8800000000028952 0.7100000000000453 0
5796 0.9000000000029336 0.7100000000001698 0
5797 1.500000000000222 0.6900000000016189 0
5798 1.510000000000295 0.6800000000016482 0
5799 1.52000000000024 0.6900000000016042 0
5800 1.510000000000168 0.7000000000015749 0
5801 0.2600000000012471 0.8499999999996872 0
5802 0.2500000000011908 0.8599999999997076 0
5803 0.2400000000010644 0.8499999999997149 0
5804 1.769999999999929 0.2400000000001253 0
5805 1.780000000000105 0.2500000000000334 0
5806 1.770000000000098 0.2600000000000458 0
5807 1.759999999999922 0.2500000000001377 0
5808 1.03000000000385 0.9600000000002114 0
5809 1.020000000003865 0.9500000000002378 0
5810 1.030000000003815 0.9400000000003061 0
5811 1.040000000003799 0.9500000000002797 0
5812 0.7300000000027007 0.7199999999994433 0
5813 0.7400000000027473 0.7299999999994717 0
5814 0.7300000000027371 0.739999999999454 0
5815 0.7200000000026906 0.7299999999994256 0
5816 1.729999999999649 0.2600000000002273 0
5817 1.719999999999388 0.250000000000268 0
5818 1.729999999999418 0.2400000000002531 0
5819 1.739999999999678 0.2500000000002125 0
5820 1.010000000002674 0.5800000000013366 0
5821 1.000000000002649 0.5700000000012649 0
5822 1.010000000002629 0.5600000000013801 0
5823 1.020000000002654 0.5700000000014518 0
5824 1.759999999999257 0.9100000000000754 0
5825 1.749999999999226 0.9200000000001141 0
5826 1.739999999999233 0.9100000000001855 0
5827 1.749999999999263 0.9000000000001468 0
5828 0.7100000000009159 0.5199999999992848 0
5829 0.700000000000456 0.5099999999992539 0
5830 0.7099999999997626 0.4999999999992362 0
5831 1.520000000000394 0.6700000000016755 0
5832 1.500000000000359 0.6700000000016908 0
5833 1.510000000000459 0.6600000000017181 0
5834 0.2800000000012818 0.8899999999997141 0
5835 0.2700000000012048 0.8999999999997372 0
5836 0.2600000000011848 0.8899999999997305 0
5837 0.2700000000012619 0.8799999999997075 0
5838 1.75999999999922 0.9300000000000522 0
5839 1.749999999999195 0.9400000000000841 0
5840 1.739999999999201 0.9300000000001459 0
5841 1.690000000000555 0.4599999999995533 0
5842 1.70000000000054 0.4699999999995915 0
5843 1.690000000000557 0.4799999999996091 0
5844 1.680000000000572 0.4699999999995709 0
5845 1.079999999997748 0.1900000000002384 0
5846 1.089999999997767 0.1800000000002435 0
5847 1.099999999997817 0.1900000000002538 0
5848 0.02982294120993681 0.01982294121000888 0
5849 0.03983184931538765 0.02983184931547139 0
5850 0.0298267428224013 0.03982674282250868 0
5851 0.01981783471695046 0.02981783471704616 0
5852 1.809999999999886 0.7599999999997473 0
5853 1.799999999999918 0.749999999999782 0
5854 1.809999999999924 0.7399999999996492 0
5855 1.799999999999868 0.7699999999998686 0
5856 1.819999999999854 0.7699999999996976 0
5857 1.809999999999836 0.7799999999998187 0
5858 1.849999999999875 0.7399999999994515 0
5859 1.859999999999855 0.7499999999994559 0
5860 1.84999999999985 0.7599999999995118 0
5861 1.009999999998155 0.4199999999999386 0
5862 0.9999999999980969 0.4099999999999138 0
5863 1.009999999998085 0.3999999999999609 0
5864 1.019999999998143 0.4099999999999858 0
5865 0.3800000000019382 0.7299999999993587 0
5866 0.3700000000018739 0.7399999999993834 0
5867 0.3600000000018118 0.729999999999388 0
5868 0.3700000000018761 0.7199999999993635 0
5869 1.860000000000047 0.6099999999992947 0
5870 1.870000000000047 0.5999999999992176 0
5871 1.880000000000016 0.6099999999992092 0
5872 1.870000000000016 0.6199999999992862 0
5873 1.789999999999733 0.1800000000001657 0
5874 1.799999999999927 0.1900000000001255 0
5875 1.789999999999893 0.2000000000001383 0
5876 1.779999999999698 0.1900000000001785 0
5877 1.640000000000129 0.7100000000013083 0
5878 1.650000000000216 0.7000000000012696 0
5879 1.660000000000151 0.7100000000011937 0
5880 1.650000000000064 0.7200000000012324 0
5881 1.130000000003278 0.8800000000007601 0
5882 1.120000000003324 0.8700000000008136 0
5883 1.130000000003269 0.8600000000008736 0
5884 1.140000000003224 0.8700000000008201 0
5885 1.600000000000257 0.6900000000014923 0
5886 1.61000000000034 0.680000000001491 0
5887 1.620000000000267 0.6900000000014311 0
5888 1.610000000000184 0.7000000000014324 0
5889 1.620000000000396 0.6700000000014746 0
5890 1.600000000000406 0.6700000000015546 0
5891 1.610000000000462 0.6600000000015382 0
5892 1.879999999999987 0.6299999999992737 0
5893 1.889999999999989 0.6199999999992039 0
5894 1.899999999999964 0.6299999999991945 0
5895 1.889999999999962 0.6399999999992643 0
5896 1.680000000000381 0.6500000000007217 0
5897 1.670000000000377 0.6600000000009663 0
5898 1.660000000000426 0.6500000000010795 0
5899 1.670000000000429 0.6400000000008348 0
5900 1.869999999999862 0.7399999999994177 0
5901 1.879999999999848 0.7499999999994285 0
5902 1.869999999999842 0.7599999999994667 0
5903 0.1099999999999437 0.4800000000016518 0
5904 0.09999999999998574 0.4700000000016571 0
5905 0.1100000000000207 0.4600000000015877 0
5906 0.1600000000006819 0.9499999999998616 0
5907 0.1500000000006236 0.9599999999998817 0
5908 0.14000000000056 0.9499999999998612 0
5909 0.1500000000006182 0.9399999999998412 0
5910 0.9700000000034252 0.8400000000003542 0
5911 0.9600000000033605 0.8300000000003162 0
5912 0.9700000000033352 0.8200000000004044 0
5913 0.9800000000033999 0.8300000000004425 0
5914 0.970000000003546 0.8600000000003056 0
5915 0.960000000003457 0.8500000000002714 0
5916 0.06999999994385069 0.2199999999445378 0
5917 0.05999999909832091 0.2099999990989825 0
5918 0.06999999833943554 0.1999999983400355 0
5919 0.07999999918496532 0.2099999991855909 0
5920 0.08999999999995408 0.4800000000017152 0
5921 0.07999999999999302 0.4700000000017202 0
5922 0.0900000000000247 0.4600000000016622 0
5923 0.9300000000035608 0.8800000000000736 0
5924 0.9200000000034779 0.8700000000000461 0
5925 0.9300000000034411 0.8600000000001033 0
5926 0.9400000000035239 0.8700000000001308 0
5927 0.0400000000000717 0.4300000000017377 0
5928 0.03000000000004674 0.4400000000017922 0
5929 0.0200000000000406 0.4300000000017755 0
5930 0.03000000000006556 0.420000000001721 0
5931 0.9899999999977247 0.3199999999999729 0
5932 0.9799999999976767 0.3099999999999383 0
5933 0.9899999999976752 0.2999999999999899 0
5934 0.999999999997723 0.3100000000000244 0
5935 0.9900000000032898 0.800000000000596 0
5936 0.9800000000032443 0.7900000000005504 0
5937 0.9900000000032236 0.7800000000006528 0
5938 1.000000000003269 0.7900000000006986 0
5939 0.05999999999999958 0.4700000000017797 0
5940 0.07000000000002754 0.4600000000017278 0
5941 0.06999999999996506 0.4800000000017721 0
5942 0.9700000000039973 0.9800000000000322 0
5943 0.9800000000040455 0.990000000000024 0
5944 0.9600000000039882 0.9900000000000082 0
5945 1.740000000000387 0.5499999999996451 0
5946 1.750000000000382 0.5399999999996077 0
5947 1.760000000000345 0.5499999999995848 0
5948 1.75000000000035 0.5599999999996224 0
5949 0.8100000000031629 0.8599999999997068 0
5950 0.8200000000032122 0.8699999999997337 0
5951 0.8100000000032018 0.8799999999997214 0
5952 0.8000000000031526 0.8699999999996946 0
5953 1.739999999999633 0.8100000000004146 0
5954 1.729999999999546 0.8200000000004661 0
5955 1.719999999999581 0.8100000000005694 0
5956 1.959999999999937 0.03000000000000734 0
5957 1.969999999999944 0.01999999999999854 0
5958 1.979999999999976 0.02999999999997487 0
5959 1.96999999999997 0.03999999999998367 0
5960 0.2599999999999331 0.4700000000010766 0
5961 0.2499999999998951 0.4800000000011185 0
5962 0.2399999999999388 0.4700000000011219 0
5963 0.2499999999999767 0.4600000000010799 0
5964 1.89999999999965 0.9299999999997705 0
5965 1.88999999999959 0.9399999999997988 0
5966 1.879999999999563 0.9299999999997772 0
5967 1.889999999999624 0.919999999999749 0
5968 1.829999999999774 0.1400000000001446 0
5969 1.819999999999628 0.1300000000001648 0
5970 1.829999999999644 0.1200000000001576 0
5971 1.839999999999789 0.1300000000001373 0
5972 0.7100000000027087 0.7599999999994316 0
5973 0.7200000000027555 0.7699999999994571 0
5974 0.7100000000027393 0.7799999999994514 0
5975 0.7000000000026925 0.7699999999994258 0
5976 0.150000000000488 0.8999999999998011 0
5977 0.1600000000006375 0.9099999999998054 0
5978 0.1500000000005803 0.919999999999815 0
5979 0.1400000000004308 0.9099999999998106 0
5980 0.6900000000011969 0.5199999999992635 0
5981 0.6800000000008024 0.5099999999992405 0
5982 0.6900000000000617 0.4999999999992308 0
5983 1.359999999999487 0.4900000000008566 0
5984 1.369999999999176 0.4800000000006134 0
5985 1.379999999999491 0.4900000000008397 0
5986 1.919999999999929 0.6499999999991816 0
5987 1.929999999999939 0.6399999999991304 0
5988 1.93999999999993 0.6499999999991328 0
5989 1.92999999999992 0.659999999999184 0
5990 1.030000000003156 0.7400000000010708 0
5991 1.020000000003114 0.7300000000010318 0
5992 1.030000000003101 0.7200000000011337 0
5993 1.040000000003144 0.7300000000011726 0
5994 0.9799999999976478 0.2899999999999548 0
5995 0.9899999999976523 0.2800000000000054 0
5996 0.9999999999976797 0.2900000000000404 0
5997 1.679999999999737 0.7700000000009322 0
5998 1.689999999999827 0.7600000000009037 0
5999 1.699999999999776 0.7700000000008186 0
6000 1.689999999999686 0.7800000000008471 0
6001 1.859999999999694 0.09000000000012545 0
6002 1.869999999999715 0.08000000000011326 0
6003 1.879999999999813 0.09000000000009589 0
6004 0.6899999999989677 0.479999999999207 0
6005 0.6999999999993489 0.4899999999992195 0
6006 0.6799999999996802 0.4899999999992184 0
6007 0.1100000000002541 0.9199999999998097 0
6008 0.1200000000003615 0.9299999999998276 0
6009 0.1100000000003512 0.9399999999998376 0
6010 0.1000000000002437 0.9299999999998197 0
6011 1.029999999998075 0.3800000000000476 0
6012 1.01999999999802 0.3700000000000322 0
6013 1.029999999998017 0.3600000000000712 0
6014 1.039999999998072 0.3700000000000866 0
6015 1.819999999999528 0.869999999999812 0
6016 1.809999999999454 0.8799999999998519 0
6017 1.799999999999455 0.8699999999998966 0
6018 0.7200000000027866 0.7899999999994763 0
6019 0.7100000000027675 0.7999999999994745 0
6020 0.7000000000027202 0.7899999999994494 0
6021 0.7700000000025239 0.599999999999575 0
6022 0.7800000000025596 0.609999999999612 0
6023 0.7700000000025624 0.6199999999995671 0
6024 0.7600000000025267 0.6099999999995303 0
6025 0.8699999999976126 0.2399999999995338 0
6026 0.8799999999976269 0.2499999999995484 0
6027 0.8699999999976393 0.2599999999995082 0
6028 0.8599999999976251 0.2499999999994937 0
6029 0.3400000000000316 0.4300000000001207 0
6030 0.3500000000000506 0.4199999999998651 0
6031 0.3600000000000206 0.4299999999997741 0
6032 0.3500000000000015 0.4400000000000296 0
6033 0.3200000000001272 0.390000000000081 0
6034 0.3300000000001336 0.3799999999998388 0
6035 0.3400000000001118 0.3899999999997697 0
6036 0.3300000000001054 0.4000000000000119 0
6037 0.8900000000031548 0.7999999999999963 0
6038 0.900000000003208 0.8100000000000334 0
6039 0.8900000000032242 0.8199999999999754 0
6040 0.880000000003171 0.8099999999999384 0
6041 1.790000000000386 0.3999999999992612 0
6042 1.800000000000377 0.4099999999992593 0
6043 1.790000000000395 0.4199999999992958 0
6044 1.780000000000403 0.4099999999992977 0
6045 0.05000000000009648 0.4200000000016813 0
6046 0.06000000000009238 0.4300000000016857 0
6047 0.05000000000006761 0.4400000000017421 0
6048 1.809999999999748 0.1600000000001506 0
6049 1.799999999999577 0.1500000000001764 0
6050 1.809999999999595 0.1400000000001728 0
6051 1.819999999999767 0.150000000000147 0
6052 1.970000000000005 0.5399999999988352 0
6053 1.979999999999994 0.5499999999988414 0
6054 1.96999999999999 0.5599999999988866 0
6055 1.900000000000017 0.5899999999990831 0
6056 1.910000000000019 0.5799999999990421 0
6057 1.919999999999993 0.5899999999990361 0
6058 1.909999999999991 0.5999999999990772 0
6059 0.9799999999976348 0.2699999999999698 0
6060 0.9899999999976423 0.2600000000000188 0
6061 0.9999999999976599 0.2700000000000543 0
6062 0.1400000000005191 0.9299999999998292 0
6063 0.1300000000004791 0.9399999999998412 0
6064 0.1300000000004015 0.9199999999998157 0
6065 0.8299999999976799 0.2999999999993733 0
6066 0.8399999999976921 0.3099999999993733 0
6067 0.8299999999977014 0.319999999999347 0
6068 0.8199999999976891 0.309999999999347 0
6069 0.8900000000032917 0.8399999999999572 0
6070 0.8800000000032377 0.8299999999999226 0
6071 0.9000000000032782 0.8300000000000101 0
6072 0.5300000000011837 0.5199999999991775 0
6073 0.5200000000007179 0.5099999999991935 0
6074 0.5300000000006231 0.4999999999991931 0
6075 0.5400000000010889 0.5099999999991771 0
6076 1.799999999999462 0.1300000000001853 0
6077 1.809999999999495 0.1200000000001773 0
6078 1.819999999999454 0.8899999999998152 0
6079 1.809999999999389 0.8999999999998529 0
6080 1.79999999999939 0.8899999999998895 0
6081 0.3100000000001165 0.400000000000378 0
6082 0.3000000000001388 0.39000000000045 0
6083 0.3100000000001495 0.380000000000153 0
6084 0.01000000000001497 0.9199999999996804 0
6085 0.009999999999996791 0.8999999999996043 0
6086 0.02000000000001176 0.9099999999996595 0
6087 1.769999999999649 0.2000000000001939 0
6088 1.75999999999945 0.190000000000224 0
6089 1.769999999999499 0.1800000000002087 0
6090 1.069999999998004 0.3200000000001856 0
6091 1.059999999997945 0.3100000000001803 0
6092 1.069999999997945 0.3000000000002009 0
6093 1.079999999998004 0.3100000000002061 0
6094 0.1600000000002811 0.3300000000011201 0
6095 0.1500000000002711 0.3400000000011684 0
6096 0.1400000000002772 0.3300000000011635 0
6097 0.1500000000002871 0.3200000000011152 0
6098 1.839999999999768 0.8099999999996828 0
6099 1.82999999999973 0.819999999999753 0
6100 1.819999999999748 0.8099999999997923 0
6101 1.829999999999786 0.799999999999722 0
6102 1.550000000000807 0.5200000000007152 0
6103 1.560000000000794 0.530000000000928 0
6104 1.550000000000818 0.5400000000012057 0
6105 1.649999999999311 0.3400000000002703 0
6106 1.639999999999064 0.3300000000003096 0
6107 1.649999999999074 0.3200000000003084 0
6108 1.65999999999932 0.3300000000002691 0
6109 0.4000000000018129 0.8299999999995051 0
6110 0.3900000000017637 0.839999999999532 0
6111 0.3800000000017421 0.8299999999995187 0
6112 0.3900000000017912 0.8199999999994918 0
6113 0.3200000000001085 0.6699999999999697 0
6114 0.3300000000001541 0.659999999999988 0
6115 0.3400000000006231 0.6699999999997397 0
6116 0.9799999999976254 0.2499999999999827 0
6117 0.9899999999976326 0.2400000000000299 0
6118 0.9999999999976495 0.2500000000000659 0
6119 0.9900000000040063 0.980000000000063 0
6120 1.000000000004059 0.990000000000039 0
6121 0.3099999999997593 0.6600000000002043 0
6122 0.310000000000079 0.6799999999998806 0
6123 0.2999999999997298 0.6700000000001152 0
6124 0.2200000000009771 0.8699999999997473 0
6125 0.2100000000009382 0.8799999999997601 0
6126 0.2000000000007961 0.8699999999997652 0
6127 0.2100000000008349 0.8599999999997525 0
6128 1.079999999997951 0.2900000000002196 0
6129 1.05999999999788 0.2900000000001941 0
6130 0.4299999999998741 0.4999999999996178 0
6131 0.4400000000000097 0.5099999999995442 0
6132 0.4300000000000004 0.5199999999997644 0
6133 0.1200000000002688 0.3300000000012142 0
6134 0.1300000000002808 0.3200000000011581 0
6135 0.1300000000002652 0.3400000000012197 0
6136 0.8500000000033858 0.8999999999998101 0
6137 0.8400000000033228 0.8899999999997837 0
6138 0.8500000000033245 0.8799999999998043 0
6139 0.8600000000033876 0.8899999999998305 0
6140 0.3099999999994652 0.6200000000008363 0
6141 0.3199999999995552 0.6300000000006176 0
6142 0.3099999999995129 0.6400000000005712 0
6143 0.299999999999423 0.6300000000007899 0
6144 0.7200000000028182 0.8099999999994989 0
6145 0.7100000000027992 0.8199999999995013 0
6146 0.7000000000027485 0.8099999999994769 0
6147 0.450000000000639 0.5399999999995095 0
6148 0.4400000000002802 0.5299999999996148 0
6149 0.4500000000002063 0.5199999999994869 0
6150 0.4600000000005652 0.5299999999993816 0
6151 0.9299999999975123 0.1399999999998339 0
6152 0.9199999999975307 0.1299999999998098 0
6153 0.9299999999975201 0.1199999999998501 0
6154 0.9399999999975017 0.1299999999998743 0
6155 0.009999999999977027 0.879999999999554 0
6156 0.01999999999997382 0.8899999999996127 0
6157 0.8300000000033672 0.9199999999997928 0
6158 0.820000000003301 0.9099999999997674 0
6159 0.830000000003313 0.8999999999997721 0
6160 0.840000000003379 0.9099999999997974 0
6161 1.389999999998474 0.200000000000333 0
6162 1.37999999999844 0.1900000000003246 0
6163 1.38999999999846 0.180000000000317 0
6164 1.399999999998494 0.1900000000003254 0
6165 0.1899999999993308 0.6600000000012034 0
6166 0.1999999999993136 0.6700000000010163 0
6167 0.1899999999993122 0.680000000000847 0
6168 0.1799999999993294 0.6700000000010342 0
6169 0.7100000000028412 0.839999999999532 0
6170 0.7000000000027836 0.8299999999995076 0
6171 0.7200000000028568 0.8299999999995258 0
6172 1.820000000000118 0.6099999999994498 0
6173 1.830000000000116 0.5999999999993932 0
6174 1.840000000000081 0.6099999999993773 0
6175 1.830000000000083 0.6199999999994338 0
6176 1.149999999997831 0.1200000000002212 0
6177 1.139999999997791 0.110000000000206 0
6178 1.149999999997806 0.1000000000001951 0
6179 1.159999999997846 0.1100000000002102 0
6180 0.8100000000033293 0.9399999999998097 0
6181 0.8000000000032673 0.9299999999997819 0
6182 0.8100000000032861 0.9199999999997701 0
6183 0.8200000000033481 0.9299999999997979 0
6184 1.329999999998282 0.2000000000003282 0
6185 1.339999999998325 0.2100000000003349 0
6186 1.329999999998301 0.2200000000003395 0
6187 1.319999999998258 0.2100000000003327 0
6188 1.850000000000048 0.6199999999993655 0
6189 1.85000000000008 0.5999999999993064 0
6190 0.9400000000039206 0.9500000000000086 0
6191 0.9300000000038948 0.9599999999999829 0
6192 0.9200000000038502 0.9499999999999693 0
6193 0.9300000000038761 0.9399999999999951 0
6194 0.1000000000002622 0.3100000000011962 0
6195 0.09000000000024164 0.3200000000012511 0
6196 0.08000000000023086 0.3100000000012322 0
6197 0.09000000000025143 0.3000000000011773 0
6198 1.719999999999831 0.7700000000006626 0
6199 1.72999999999991 0.7600000000005753 0
6200 1.739999999999869 0.770000000000473 0
6201 0.8599999999976017 0.229999999999522 0
6202 0.8699999999975879 0.2199999999995605 0
6203 0.8799999999975988 0.2299999999995723 0
6204 1.909999999999922 0.6599999999992423 0
6205 1.899999999999939 0.6499999999992505 0
6206 1.909999999999946 0.6399999999991899 0
6207 1.699999999999921 0.7500000000008595 0
6208 1.710000000000001 0.7400000000007674 0
6209 1.719999999999954 0.7500000000006701 0
6210 1.709999999999874 0.7600000000007622 0
6211 0.26000000000124 0.8699999999997061 0
6212 0.2700000000013189 0.8599999999996832 0
6213 0.2800000000013407 0.8699999999996845 0
6214 0.3599999999999799 0.6100000000001902 0
6215 0.3699999999999395 0.6000000000001871 0
6216 0.3800000000003225 0.6099999999998549 0
6217 0.869999999997574 0.1999999999995883 0
6218 0.8799999999975727 0.2099999999995965 0
6219 0.8599999999975894 0.2099999999995524 0
6220 1.899999999999916 0.6699999999992923 0
6221 1.91999999999991 0.6699999999992325 0
6222 1.909999999999903 0.6799999999992825 0
6223 0.06999999999970527 0.5600000000016979 0
6224 0.0799999999996603 0.5700000000016657 0
6225 0.06999999999967262 0.5800000000016081 0
6226 0.05999999999971758 0.5700000000016403 0
6227 0.320000000001374 0.929999999999777 0
6228 0.3100000000013127 0.9399999999998057 0
6229 0.3000000000012845 0.9299999999997839 0
6230 0.3100000000013458 0.9199999999997552 0
6231 1.569999999998801 0.1400000000002704 0
6232 1.559999999998785 0.1300000000002576 0
6233 1.569999999998818 0.1200000000002434 0
6234 1.579999999998835 0.1300000000002562 0
6235 0.1299999999996863 0.8399999999998251 0
6236 0.1399999999998477 0.8499999999998153 0
6237 0.1299999999998943 0.8599999999998065 0
6238 0.1199999999997328 0.8499999999998162 0
6239 1.369999999998426 0.2200000000003437 0
6240 1.359999999998391 0.210000000000337 0
6241 1.369999999998416 0.2000000000003318 0
6242 1.379999999998451 0.2100000000003385 0
6243 1.659999999999999 0.7300000000011564 0
6244 1.670000000000092 0.7200000000011113 0
6245 1.680000000000029 0.7300000000010276 0
6246 1.669999999999936 0.7400000000010727 0
6247 1.069999999997616 0.12000000000019 0
6248 1.05999999999758 0.1100000000001717 0
6249 1.069999999997592 0.1000000000001689 0
6250 1.079999999997629 0.1100000000001872 0
6251 1.949999999999942 0.639999999999092 0
6252 1.959999999999942 0.6499999999991054 0
6253 1.94999999999993 0.6599999999991463 0
6254 0.9799999999976114 0.2299999999999935 0
6255 0.9899999999976161 0.2200000000000387 0
6256 0.9999999999976372 0.230000000000075 0
6257 1.779999999999533 0.1700000000001954 0
6258 1.789999999999548 0.1600000000001847 0
6259 1.799999999999748 0.170000000000155 0
6260 1.899999999999837 0.7699999999994489 0
6261 1.909999999999851 0.7599999999994151 0
6262 1.919999999999853 0.7699999999994276 0
6263 1.909999999999839 0.7799999999994613 0
6264 0.1200000000001595 0.4100000000014261 0
6265 0.1100000000001364 0.4200000000014896 0
6266 0.1000000000001544 0.4100000000015066 0
6267 0.1100000000001774 0.4000000000014431 0
6268 1.580000000000745 0.5500000000010681 0
6269 1.570000000000763 0.5600000000013602 0
6270 1.560000000000792 0.5500000000013284 0
6271 1.570000000000774 0.5400000000010363 0
6272 0.260000000001139 0.9099999999997612 0
6273 0.2500000000010805 0.9199999999997825 0
6274 0.2400000000010552 0.9099999999997723 0
6275 0.2500000000011137 0.8999999999997509 0
6276 0.8099999999976504 0.2599999999994175 0
6277 0.8199999999976511 0.2699999999994065 0
6278 0.8099999999976595 0.2799999999993854 0
6279 0.7999999999976586 0.2699999999993964 0
6280 0.9000000000029722 0.7300000000001412 0
6281 0.890000000002974 0.7400000000000685 0
6282 0.8800000000029323 0.7300000000000217 0
6283 0.1499999999994345 0.620000000001514 0
6284 0.1599999999994022 0.630000000001474 0
6285 0.1499999999993978 0.6400000000013664 0
6286 0.1399999999994301 0.6300000000014063 0
6287 0.2600000000007323 0.7699999999996849 0
6288 0.2500000000006119 0.7799999999997101 0
6289 0.2400000000002311 0.769999999999764 0
6290 0.8200000000032552 0.8899999999997474 0
6291 0.8100000000032411 0.8999999999997423 0
6292 0.8000000000031877 0.8899999999997164 0
6293 1.329999999998261 0.1400000000002712 0
6294 1.319999999998224 0.1300000000002569 0
6295 1.329999999998242 0.1200000000002438 0
6296 1.33999999999828 0.1300000000002581 0
6297 1.600000000000519 0.6500000000016051 0
6298 1.610000000000548 0.6400000000015591 0
6299 1.620000000000491 0.6500000000014923 0
6300 0.149999999999379 0.660000000001117 0
6301 0.1599999999993538 0.6700000000009816 0
6302 0.1499999999993635 0.6800000000008006 0
6303 0.1399999999993887 0.670000000000936 0
6304 1.619999999999101 0.3500000000003033 0
6305 1.629999999999062 0.3400000000003089 0
6306 1.639999999999354 0.3500000000002634 0
6307 1.629999999999393 0.3600000000002578 0
6308 1.610000000000692 0.4999999999999533 0
6309 1.620000000000673 0.5099999999999281 0
6310 1.610000000000692 0.5200000000001029 0
6311 0.1300000000005135 0.9599999999998813 0
6312 0.1200000000004327 0.9499999999998612 0
6313 0.8900000000030308 0.7600000000000435 0
6314 0.880000000002984 0.7499999999999987 0
6315 0.9000000000030207 0.7500000000001134 0
6316 1.71999999999921 0.2300000000002758 0
6317 1.729999999999255 0.2200000000002645 0
6318 1.739999999999463 0.2300000000002419 0
6319 0.7400000000013254 0.5299999999993673 0
6320 0.7300000000018225 0.5399999999993764 0
6321 0.7200000000012972 0.5299999999993225 0
6322 0.3800000000012999 0.6499999999994391 0
6323 0.3700000000012289 0.6599999999994794 0
6324 0.3600000000007619 0.6499999999996631 0
6325 1.739999999999151 0.1500000000002388 0
6326 1.749999999999185 0.1400000000002277 0
6327 1.759999999999235 0.1500000000002262 0
6328 1.749999999999201 0.1600000000002373 0
6329 0.3400000000001939 0.649999999999989 0
6330 0.3199999999997535 0.6500000000003063 0
6331 0.3299999999997932 0.6400000000003073 0
6332 1.009999999997583 0.1800000000001148 0
6333 1.019999999997615 0.1900000000001459 0
6334 1.009999999997618 0.2000000000001148 0
6335 0.9999999999975853 0.1900000000000837 0
6336 0.2499999999978156 0.2399999999977763 0
6337 0.2399999999944999 0.2299999999945238 0
6338 0.2499999999957006 0.2199999999956324 0
6339 0.2599999999990162 0.2299999999988849 0
6340 0.06000000000018812 0.3100000000012616 0
6341 0.0700000000002132 0.3000000000012052 0
6342 0.07000000000020577 0.3200000000012886 0
6343 0.01000000000001672 0.4400000000018217 0
6344 0.01000000000002388 0.4200000000017431 0
6345 1.909999999999905 0.08000000000005911 0
6346 1.899999999999831 0.0700000000000808 0
6347 1.909999999999834 0.0600000000000739 0
6348 1.919999999999908 0.0700000000000522 0
6349 0.3800000000019019 0.7499999999993847 0
6350 0.3900000000019642 0.7399999999993617 0
6351 0.400000000001984 0.7499999999993671 0
6352 0.3900000000019217 0.7599999999993901 0
6353 1.869999999999987 0.6399999999993382 0
6354 1.860000000000016 0.6299999999993506 0
6355 1.409999999998495 0.1600000000002978 0
6356 1.399999999998463 0.1500000000002855 0
6357 1.40999999999848 0.1400000000002737 0
6358 1.419999999998512 0.150000000000286 0
6359 1.799999999999413 0.1100000000001791 0
6360 1.809999999999457 0.1000000000001661 0
6361 1.819999999999538 0.1100000000001643 0
6362 1.369999999998711 0.4200000000002593 0
6363 1.359999999998682 0.410000000000269 0
6364 1.369999999998674 0.4000000000002838 0
6365 1.379999999998702 0.410000000000274 0
6366 0.5500000000009442 0.4999999999991809 0
6367 0.5400000000005447 0.4899999999991945 0
6368 0.5500000000003626 0.4799999999991996 0
6369 0.5600000000007621 0.489999999999186 0
6370 1.859999999999591 0.8899999999997225 0
6371 1.869999999999651 0.8799999999996948 0
6372 1.879999999999654 0.889999999999697 0
6373 1.869999999999594 0.8999999999997246 0
6374 0.6700000000003801 0.4999999999992213 0
6375 0.6599999999999417 0.4899999999992113 0
6376 0.669999999999242 0.4799999999992084 0
6377 0.04000000000011124 0.3900000000016016 0
6378 0.03000000000008037 0.4000000000016463 0
6379 0.02000000000006004 0.3900000000016164 0
6380 0.03000000000009091 0.3800000000015717 0
6381 0.3000000000001669 0.3700000000002173 0
6382 0.310000000000167 0.3599999999999576 0
6383 0.3200000000001496 0.3699999999998933 0
6384 0.8000000000032261 0.9099999999997451 0
6385 1.579999999998721 0.2500000000003542 0
6386 1.589999999998744 0.2400000000003488 0
6387 1.59999999999875 0.2500000000003494 0
6388 1.589999999998726 0.2600000000003547 0
6389 1.029999999997584 0.1600000000001613 0
6390 1.039999999997619 0.1700000000001861 0
6391 1.029999999997617 0.1800000000001674 0
6392 1.019999999997581 0.1700000000001425 0
6393 0.8199999999976675 0.2899999999993754 0
6394 0.8099999999976766 0.299999999999355 0
6395 0.7999999999976685 0.289999999999365 0
6396 0.1299999999994175 0.6600000000010569 0
6397 0.1299999999994047 0.6800000000007915 0
6398 0.1199999999994336 0.6700000000009125 0
6399 0.1599999999997843 0.8299999999998245 0
6400 0.1699999999997321 0.8199999999998254 0
6401 0.1799999999999834 0.8299999999998022 0
6402 0.4000000000019394 0.7699999999993974 0
6403 0.4100000000019999 0.759999999999375 0
6404 0.4200000000020156 0.7699999999993845 0
6405 0.4100000000019551 0.7799999999994069 0
6406 1.99 0.5399999999988022 0
6407 1.989999999999994 0.5599999999988543 0
6408 0.2499999999929271 0.1999999999928715 0
6409 0.2399999999831716 0.189999999983146 0
6410 0.2499999999853279 0.179999999985329 0
6411 0.2599999999950834 0.1899999999950545 0
6412 0.3100000000005451 0.6999999999996502 0
6413 0.3000000000000809 0.6899999999998327 0
6414 0.279999999999393 0.6500000000005527 0
6415 0.2899999999993968 0.6400000000006891 0
6416 0.2999999999995188 0.6500000000004693 0
6417 0.2899999999995149 0.6600000000003328 0
6418 0.2399999999996893 0.7299999999998936 0
6419 0.2499999999997595 0.7199999999998772 0
6420 0.2900000000001269 0.4000000000006994 0
6421 0.2800000000001508 0.3900000000007589 0
6422 0.2900000000001627 0.3800000000005095 0
6423 1.669999999999428 0.9200000000004158 0
6424 1.679999999999381 0.9300000000003518 0
6425 1.669999999999462 0.9400000000003262 0
6426 1.659999999999509 0.9300000000003903 0
6427 1.540000000000675 0.6300000000017868 0
6428 1.550000000000706 0.6200000000017921 0
6429 1.560000000000651 0.6300000000017478 0
6430 1.55000000000062 0.6400000000017425 0
6431 1.689999999999394 0.3000000000002627 0
6432 1.67999999999915 0.2900000000002982 0
6433 1.689999999999222 0.2800000000002906 0
6434 1.699999999999466 0.2900000000002551 0
6435 1.699999999999083 0.1300000000002348 0
6436 1.709999999999122 0.1200000000002222 0
6437 1.719999999999124 0.1300000000002305 0
6438 1.709999999999085 0.140000000000243 0
6439 0.2900000000001136 0.6999999999997746 0
6440 0.3000000000005437 0.709999999999654 0
6441 0.29000000000058 0.7199999999996383 0
6442 1.049999999997596 0.1400000000001852 0
6443 1.059999999997635 0.1500000000002048 0
6444 1.049999999997627 0.1600000000001968 0
6445 1.039999999997588 0.1500000000001772 0
6446 0.2599999999993516 0.6500000000007171 0
6447 0.2699999999993539 0.6400000000008097 0
6448 0.2699999999993907 0.6600000000004602 0
6449 0.2600000000011107 0.929999999999799 0
6450 0.2500000000010605 0.9399999999998225 0
6451 0.2400000000010304 0.9299999999998062 0
6452 0.3000000000013241 0.9099999999997382 0
6453 0.3100000000013907 0.899999999999711 0
6454 0.3200000000014124 0.9099999999997279 0
6455 0.4800000000020335 0.9099999999996798 0
6456 0.4700000000019823 0.919999999999713 0
6457 0.4600000000019483 0.9099999999996851 0
6458 0.4700000000019995 0.8999999999996517 0
6459 0.4800000000021086 0.8499999999995165 0
6460 0.4700000000020502 0.8599999999995439 0
6461 0.4600000000020225 0.849999999999524 0
6462 0.4700000000020809 0.8399999999994966 0
6463 0.09000000000031616 0.9599999999998746 0
6464 0.0800000000002421 0.9499999999998481 0
6465 0.09000000000025271 0.9399999999998291 0
6466 0.1000000000003268 0.9499999999998556 0
6467 0.3200000000010014 0.709999999999535 0
6468 0.310000000001 0.7199999999995388 0
6469 1.980000000000017 0.5099999999987649 0
6470 1.990000000000012 0.499999999998726 0
6471 1.990000000000005 0.5199999999987541 0
6472 1.779999999999701 0.8100000000000791 0
6473 1.789999999999764 0.8000000000000079 0
6474 1.799999999999725 0.8099999999999266 0
6475 1.789999999999662 0.8199999999999976 0
6476 1.710000000000103 0.7200000000007143 0
6477 1.700000000000156 0.7100000000008149 0
6478 1.710000000000186 0.700000000000613 0
6479 0.03988866866075309 0.04988866866087395 0
6480 0.02992335016010243 0.05992335016027029 0
6481 0.01986142432175064 0.04986142432190502 0
6482 1.700000000000052 0.7300000000008637 0
6483 1.720000000000052 0.7300000000006179 0
6484 0.2399999999993278 0.6500000000009614 0
6485 0.2499999999993408 0.640000000001018 0
6486 0.2499999999993386 0.6600000000006605 0
6487 0.050000000000067 0.9199999999997426 0
6488 0.04000000000002238 0.9099999999997024 0
6489 0.04999999999998884 0.8999999999997004 0
6490 0.06000000000003347 0.9099999999997407 0
6491 0.63000000000259 0.85999999999954 0
6492 0.6400000000026346 0.8699999999995667 0
6493 0.6300000000026065 0.8799999999995891 0
6494 0.6200000000025619 0.8699999999995625 0
6495 0.2199999999993285 0.6500000000011849 0
6496 0.229999999999339 0.6400000000012407 0
6497 0.2299999999993172 0.6600000000009054 0
6498 1.779999999999327 0.1100000000001885 0
6499 1.789999999999372 0.1000000000001759 0
6500 1.789999999999368 0.1200000000001917 0
6501 1.929999999999907 0.06000000000004307 0
6502 1.91999999999985 0.05000000000006086 0
6503 1.929999999999862 0.04000000000004861 0
6504 1.939999999999918 0.05000000000003081 0
6505 1.540000000000749 0.6100000000018295 0
6506 1.550000000000757 0.6000000000018106 0
6507 1.560000000000715 0.6100000000017733 0
6508 1.079999999997657 0.1300000000002066 0
6509 1.069999999997646 0.1400000000002071 0
6510 1.059999999997605 0.1300000000001905 0
6511 0.9500000000039461 0.9600000000000219 0
6512 0.9600000000039725 0.9700000000000306 0
6513 0.950000000003951 0.9800000000000053 0
6514 0.9400000000039246 0.9699999999999966 0
6515 0.179999999999318 0.7300000000001071 0
6516 0.1899999999993087 0.7200000000001558 0
6517 0.1999999999993261 0.7300000000000573 0
6518 0.1899999999993354 0.7400000000000085 0
6519 0.2800000000009636 0.7499999999996207 0
6520 0.2700000000008549 0.7599999999996527 0
6521 1.959999999999908 0.01000000000000566 0
6522 1.979999999999956 0.009999999999992883 0
6523 0.2399999999620704 0.1699999999620899 0
6524 0.2499999999712952 0.1599999999713684 0
6525 0.2599999999945527 0.1699999999946074 0
6526 0.2200000000002644 0.3300000000009615 0
6527 0.2100000000002587 0.3400000000010254 0
6528 0.2000000000002703 0.3300000000010362 0
6529 0.210000000000276 0.3200000000009723 0
6530 0.2800000000002119 0.3300000000001457 0
6531 0.290000000000189 0.3199999999999235 0
6532 0.3000000000001782 0.3299999999998503 0
6533 0.2900000000002011 0.3400000000000725 0
6534 0.2599999999995265 0.6900000000000781 0
6535 0.269999999999484 0.6800000000001123 0
6536 0.2799999999997367 0.6899999999999317 0
6537 0.1599999999993391 0.7300000000001537 0
6538 0.1699999999993231 0.7200000000001985 0
6539 0.1699999999993341 0.7400000000000624 0
6540 0.029999999999992 0.8999999999996515 0
6541 0.02999999999993639 0.8799999999996271 0
6542 0.03999999999995457 0.8899999999996659 0
6543 1.799999999999417 0.09000000000016062 0
6544 1.809999999999457 0.08000000000014611 0
6545 1.819999999999497 0.0900000000001516 0
6546 0.08999999999958842 0.6000000000015195 0
6547 0.09999999999954573 0.6100000000014634 0
6548 0.08999999999956078 0.6200000000013649 0
6549 0.07999999999960347 0.6100000000014212 0
6550 0.269999999999859 0.2599999999996312 0
6551 0.2599999999995542 0.2499999999994059 0
6552 0.269999999999504 0.2399999999993255 0
6553 0.2799999999998088 0.2499999999995507 0
6554 1.389999999998692 0.4000000000002884 0
6555 1.379999999998667 0.3900000000002969 0
6556 1.389999999998658 0.3800000000003094 0
6557 1.399999999998683 0.3900000000003009 0
6558 0.1800000000005708 0.8699999999997821 0
6559 0.170000000000553 0.8799999999997881 0
6560 0.1600000000003163 0.8699999999997959 0
6561 1.659999999999028 0.1100000000002175 0
6562 1.669999999999065 0.100000000000202 0
6563 1.679999999999073 0.1100000000002143 0
6564 1.669999999999036 0.1200000000002298 0
6565 0.4800000000020803 0.8699999999995665 0
6566 0.4700000000020226 0.8799999999995956 0
6567 0.4600000000019925 0.869999999999573 0
6568 1.680000000000123 0.3700000000000039 0
6569 1.690000000000095 0.3600000000000118 0
6570 1.700000000000283 0.369999999999885 0
6571 1.690000000000311 0.3799999999998771 0
6572 0.2199999999993147 0.6900000000004917 0
6573 0.2299999999993236 0.6800000000005492 0
6574 0.2399999999993847 0.6900000000002773 0
6575 0.2299999999993759 0.7000000000002198 0
6576 0.08999111862589709 0.07999111862594827 0
6577 0.08998492400316044 0.05998492400322762 0
6578 0.09999439562452678 0.06999439562457001 0
6579 0.6300000000024686 0.6999999999992732 0
6580 0.6400000000024975 0.7099999999992928 0
6581 0.6300000000024846 0.7199999999992959 0
6582 0.6200000000024557 0.7099999999992761 0
6583 0.2900000000000702 0.2799999999996919 0
6584 0.2800000000000124 0.2699999999996887 0
6585 0.2899999999999353 0.2599999999996158 0
6586 0.2999999999999932 0.269999999999619 0
6587 0.1599999993880599 0.2099999993884215 0
6588 0.1499999997640628 0.2199999997645461 0
6589 0.1399999992208414 0.2099999992212626 0
6590 0.1499999988448386 0.1999999988451379 0
6591 1.689999999999144 0.0800000000001681 0
6592 1.679999999999128 0.07000000000015089 0
6593 1.689999999999164 0.06000000000013196 0
6594 1.69999999999918 0.07000000000014919 0
6595 1.620000000000149 0.4100000000000401 0
6596 1.630000000000121 0.4000000000000613 0
6597 1.640000000000357 0.4099999999999519 0
6598 1.630000000000385 0.4199999999999307 0
6599 0.05000000000015897 0.3200000000013157 0
6600 0.04000000000013459 0.3100000000012811 0
6601 0.05000000000016373 0.3000000000012271 0
6602 0.4800000000020196 0.9299999999997441 0
6603 0.4700000000019718 0.9399999999997788 0
6604 0.4600000000019345 0.9299999999997477 0
6605 0.7500000000008138 0.5199999999993576 0
6606 0.7600000000013341 0.5299999999994305 0
6607 0.7500000000018456 0.5399999999994402 0
6608 1.710000000000266 0.3599999999998888 0
6609 1.720000000000378 0.3699999999997493 0
6610 1.710000000000395 0.3799999999997454 0
6611 0.1399999999993777 0.7300000000002158 0
6612 0.1499999999993557 0.7200000000002504 0
6613 0.1499999999993611 0.7400000000001192 0
6614 1.560000000000175 0.4500000000000771 0
6615 1.570000000000102 0.4400000000000794 0
6616 1.580000000000395 0.4500000000000098 0
6617 1.570000000000469 0.4600000000000075 0
6618 0.2899999999997441 0.23999999999953 0
6619 0.2999999999998705 0.249999999999595 0
6620 0.1600000000006726 0.9699999999999087 0
6621 0.150000000000621 0.9799999999999356 0
6622 0.140000000000572 0.9699999999999086 0
6623 1.730000000000008 0.7400000000005335 0
6624 1.839999999999935 0.1500000000001089 0
6625 1.849999999999924 0.1400000000001033 0
6626 1.860000000000049 0.1500000000000554 0
6627 1.85000000000006 0.160000000000061 0
6628 0.02000000000000544 0.4700000000019007 0
6629 0.009999999999996333 0.4800000000019595 0
6630 0.01000000000000911 0.4600000000018969 0
6631 0.2000000000008458 0.9699999999999047 0
6632 0.1900000000007969 0.9799999999999344 0
6633 0.1800000000007645 0.9699999999999076 0
6634 0.1900000000008134 0.959999999999878 0
6635 1.229999999998486 0.3800000000002607 0
6636 1.219999999998453 0.3700000000002658 0
6637 1.229999999998439 0.3600000000002812 0
6638 1.239999999998471 0.3700000000002761 0
6639 0.3999999999998908 0.4699999999996398 0
6640 0.4099999999999173 0.4599999999994854 0
6641 0.4199999999998905 0.4699999999994776 0
6642 0.409999999999864 0.4799999999996319 0
6643 0.1799999968225124 0.1699999968224901 0
6644 0.1899999975756771 0.1599999975756006 0
6645 0.1999999993694942 0.1699999993694718 0
6646 0.4600000000019676 0.8899999999996266 0
6647 0.4800000000020544 0.8899999999996208 0
6648 1.789999999999845 0.7799999999999954 0
6649 1.779999999999886 0.7700000000000674 0
6650 1.789999999999909 0.7599999999999406 0
6651 0.20999999960091 0.1799999996009199 0
6652 0.2099999996237034 0.159999999623667 0
6653 0.2199999998551191 0.1699999998551152 0
6654 1.660000000000456 0.4099999999998415 0
6655 1.670000000000414 0.3999999999998519 0
6656 1.680000000000478 0.409999999999729 0
6657 1.67000000000052 0.4199999999997187 0
6658 1.739999999999965 0.7500000000004388 0
6659 0.4800000000021598 0.8099999999994294 0
6660 0.4700000000021106 0.8199999999994533 0
6661 0.4600000000020881 0.8099999999994376 0
6662 0.4700000000021373 0.7999999999994138 0
6663 0.7600000000020983 0.5499999999995032 0
6664 0.7500000000023442 0.5599999999994894 0
6665 0.7400000000020915 0.5499999999994263 0
6666 1.350000000001436 0.5800000000020588 0
6667 1.340000000001596 0.5700000000020737 0
6668 1.350000000001452 0.5600000000020764 0
6669 1.360000000001293 0.5700000000020614 0
6670 0.01999999999997642 0.4900000000019248 0
6671 0.009999999999980089 0.5000000000019935 0
6672 0.03000000000004214 0.9199999999997104 0
6673 0.3300000000014343 0.9199999999997475 0
6674 0.3400000000014624 0.9299999999997715 0
6675 0.3300000000014022 0.939999999999801 0
6676 0.3300000000000083 0.2999999999995263 0
6677 0.3400000000000161 0.309999999999491 0
6678 0.3300000000000998 0.3199999999995447 0
6679 0.320000000000092 0.3099999999995799 0
6680 0.1299996928418793 0.1199996928418342 0
6681 0.1199992546968875 0.1099992546968747 0
6682 0.1299993785458117 0.09999937854578422 0
6683 0.1399998166908035 0.1099998166907437 0
6684 0.279999999999535 0.2299999999993627 0
6685 0.2899999999995173 0.219999999999409 0
6686 0.2999999999997263 0.2299999999995762 0
6687 0.1599999999993427 0.6900000000006432 0
6688 0.1699999999993329 0.6800000000008322 0
6689 0.1799999999993168 0.6900000000006623 0
6690 0.1699999999993265 0.7000000000004734 0
6691 0.8799999999976078 0.1499999999996831 0
6692 0.889999999997596 0.1399999999997207 0
6693 0.899999999997555 0.1499999999997293 0
6694 0.8899999999975665 0.1599999999996917 0
6695 1.620000000000591 0.4499999999998354 0
6696 1.630000000000558 0.4399999999998168 0
6697 1.640000000000599 0.4499999999997348 0
6698 1.630000000000632 0.4599999999997536 0
6699 0.8200000000033849 0.9499999999998401 0
6700 0.8100000000033569 0.959999999999861 0
6701 0.8000000000033012 0.9499999999998305 0
6702 0.09999842046806615 0.1099984204681241 0
6703 0.08999894539727865 0.1199989453974198 0
6704 0.07999732440801574 0.1099973244081714 0
6705 0.08999679947880324 0.09999679947887573 0
6706 0.8800000000036838 0.9699999999999318 0
6707 0.8700000000036358 0.9799999999999449 0
6708 0.8600000000035878 0.9699999999999152 0
6709 1.739999999999248 0.09000000000017727 0
6710 1.749999999999291 0.08000000000016161 0
6711 1.759999999999297 0.09000000000017339 0
6712 1.749999999999255 0.100000000000189 0
6713 1.979999999999977 0.5899999999989411 0
6714 1.96999999999997 0.5999999999989759 0
6715 1.959999999999969 0.5899999999989688 0
6716 1.969999999999977 0.579999999998934 0
6717 0.06000000000019257 0.290000000001177 0
6718 0.0400000000001373 0.2900000000011933 0
6719 0.05000000000016613 0.2800000000011433 0
6720 0.3299999999998839 0.2799999999995296 0
6721 0.3399999999998874 0.2899999999995003 0
6722 0.3200000000000048 0.2899999999995556 0
6723 1.779999999999853 0.210000000000153 0
6724 1.800000000000072 0.2100000000000887 0
6725 1.790000000000032 0.2200000000001034 0
6726 0.8799999999975765 0.1699999999996523 0
6727 0.8699999999975835 0.1799999999996182 0
6728 0.8599999999976252 0.1699999999996159 0
6729 0.8699999999976182 0.15999999999965 0
6730 1.759999999999062 0.9900000000000053 0
6731 1.769999999999124 0.9799999999999938 0
6732 1.779999999999112 0.9899999999999884 0
6733 0.6400000000025126 0.7299999999993156 0
6734 0.6300000000024968 0.7399999999993213 0
6735 0.6200000000024688 0.7299999999993014 0
6736 1.270000000001809 0.540000000001964 0
6737 1.260000000001494 0.5300000000018431 0
6738 1.28000000000137 0.5300000000017242 0
6739 0.2299999999774429 0.2199999999775107 0
6740 0.2199999999451708 0.2099999999452709 0
6741 0.2299999999583546 0.1999999999583593 0
6742 0.2399999999906267 0.2099999999905992 0
6743 1.609999999999716 0.880000000000698 0
6744 1.61999999999968 0.8900000000006382 0
6745 1.609999999999783 0.9000000000005981 0
6746 1.599999999999819 0.8900000000006579 0
6747 1.730000000000393 0.5599999999996752 0
6748 1.720000000000429 0.5499999999996986 0
6749 1.730000000000423 0.5399999999996685 0
6750 0.1199999999999501 0.2700000000007048 0
6751 0.1100000000002429 0.2800000000010467 0
6752 0.1000000000002757 0.2700000000010746 0
6753 0.1099999999999829 0.2600000000007326 0
6754 1.229999999998385 0.3400000000002985 0
6755 1.239999999998425 0.3500000000002945 0
6756 1.219999999998399 0.3500000000002852 0
6757 0.7600000000024196 0.5699999999995347 0
6758 0.7500000000024598 0.5799999999994994 0
6759 0.7400000000023845 0.5699999999994539 0
6760 1.779999999999806 0.7900000000000904 0
6761 1.799999999999804 0.7899999999999129 0
6762 0.1199999999994281 0.730000000000289 0
6763 0.1299999999994002 0.7200000000003205 0
6764 0.1299999999994056 0.7400000000001843 0
6765 1.699999999999661 0.3100000000002042 0
6766 1.709999999999719 0.3000000000002027 0
6767 1.719999999999956 0.3100000000001205 0
6768 1.709999999999899 0.3200000000001221 0
6769 1.899999999999998 0.1100000000000229 0
6770 1.909999999999985 0.1000000000000184 0
6771 1.920000000000049 0.1099999999999557 0
6772 1.910000000000063 0.1199999999999602 0
6773 0.2800000000001818 0.370000000000566 0
6774 0.2900000000001861 0.3600000000002738 0
6775 0.2699999999980595 0.1999999999980063 0
6776 0.2699999999960858 0.1799999999961176 0
6777 0.2799999999990619 0.1899999999990694 0
6778 0.2600000000001953 0.3700000000008425 0
6779 0.2700000000002022 0.3600000000006193 0
6780 0.270000000000175 0.3800000000007892 0
6781 0.3299999999997652 0.2599999999995429 0
6782 0.319999999999771 0.2499999999995638 0
6783 0.3299999999996603 0.2399999999995597 0
6784 0.3399999999996545 0.2499999999995388 0
6785 0.4600000000020555 0.8299999999994788 0
6786 0.4800000000021359 0.829999999999471 0
6787 1.809999999999698 0.8199999999998655 0
6788 1.809999999999775 0.7999999999998533 0
6789 0.3400000000014366 0.9499999999998295 0
6790 0.3500000000014895 0.9399999999997972 0
6791 0.3600000000015228 0.9499999999998266 0
6792 0.3500000000014699 0.959999999999859 0
6793 0.8500000000035373 0.9599999999998828 0
6794 0.8400000000034737 0.9499999999998543 0
6795 0.8500000000035066 0.9399999999998452 0
6796 1.350000000001024 0.6200000000019376 0
6797 1.340000000001297 0.6100000000019716 0
6798 1.35000000000128 0.6000000000020003 0
6799 1.360000000001006 0.6100000000019662 0
6800 0.1799999960212276 0.1499999960211283 0
6801 0.1899999976256093 0.1399999976255305 0
6802 0.1999999991800589 0.1499999991800028 0
6803 0.3399999999995953 0.5500000000009986 0
6804 0.3299999999995651 0.560000000001031 0
6805 0.3199999999995892 0.550000000001067 0
6806 0.3299999999996194 0.5400000000010344 0
6807 0.9399999999975102 0.04999999999993414 0
6808 0.9499999999974844 0.03999999999995558 0
6809 0.9599999999974548 0.049999999999963 0
6810 0.9499999999974806 0.05999999999994154 0
6811 1.960000000000021 0.5299999999988373 0
6812 1.970000000000021 0.5199999999987959 0
6813 1.980000000000005 0.5299999999987939 0
6814 1.679999999998969 0.1900000000002919 0
6815 1.689999999999003 0.1800000000002815 0
6816 1.699999999999012 0.1900000000002824 0
6817 1.689999999998977 0.2000000000002928 0
6818 0.2700000000002212 0.3400000000004177 0
6819 0.2600000000002362 0.330000000000492 0
6820 0.2700000000002268 0.32000000000022 0
6821 0.7300000000024364 0.5799999999994261 0
6822 0.7400000000024622 0.5899999999994584 0
6823 0.730000000002467 0.5999999999994243 0
6824 0.7200000000024411 0.589999999999392 0
6825 1.690000000000447 0.399999999999734 0
6826 1.700000000000481 0.4099999999996224 0
6827 1.690000000000512 0.4199999999996174 0
6828 0.2800000000013037 0.7899999999996129 0
6829 0.2700000000011835 0.7999999999996412 0
6830 0.2600000000009379 0.7899999999996707 0
6831 0.2700000000010581 0.7799999999996423 0
6832 0.420000000000638 0.5899999999996508 0
6833 0.4100000000006139 0.5999999999996425 0
6834 0.4000000000001839 0.5899999999999257 0
6835 0.410000000000208 0.579999999999934 0
6836 0.3199999999996633 0.2299999999995787 0
6837 0.329999999999575 0.2199999999995813 0
6838 0.3399999999995721 0.2299999999995623 0
6839 1.750000000000457 0.4799999999995084 0
6840 1.76000000000043 0.4899999999994937 0
6841 1.750000000000439 0.4999999999995535 0
6842 1.740000000000465 0.4899999999995681 0
6843 0.1199999999994416 0.770000000000056 0
6844 0.1299999999994105 0.7600000000000757 0
6845 0.1399999999993967 0.77000000000001 0
6846 0.1299999999994278 0.7799999999999903 0
6847 1.880000000000015 0.1300000000000396 0
6848 1.870000000000029 0.1400000000000475 0
6849 1.859999999999918 0.1300000000000955 0
6850 1.310000000002053 0.5800000000020662 0
6851 1.300000000002143 0.5700000000020782 0
6852 1.310000000001975 0.5600000000020799 0
6853 1.320000000001884 0.5700000000020677 0
6854 1.730000000000012 0.3000000000001124 0
6855 1.740000000000198 0.3100000000000012 0
6856 1.730000000000143 0.3200000000000092 0
6857 0.1399999999993796 0.6900000000006492 0
6858 0.1499999999993588 0.7000000000004918 0
6859 0.119999706781676 0.129999706781692 0
6860 0.1099998192034139 0.1399998192035256 0
6861 0.09999952727546207 0.1299995272755965 0
6862 0.1099994148537241 0.1199994148537629 0
6863 1.09000000000262 0.5800000000019045 0
6864 1.080000000002613 0.5700000000018897 0
6865 1.090000000002582 0.5600000000019577 0
6866 1.10000000000259 0.5700000000019726 0
6867 1.969999999999957 0.6399999999990703 0
6868 1.979999999999966 0.6499999999990891 0
6869 1.969999999999951 0.6599999999991242 0
6870 0.879999999997649 0.1299999999997168 0
6871 0.8899999999976329 0.1199999999997523 0
6872 0.8999999999975801 0.1299999999997562 0
6873 1.350000000000834 0.6400000000018707 0
6874 1.340000000001037 0.6300000000019066 0
6875 1.360000000000821 0.6300000000019017 0
6876 1.159999999997873 0.1300000000002348 0
6877 1.149999999997864 0.1400000000002432 0
6878 1.139999999997822 0.1300000000002295 0
6879 1.529999999998683 0.2000000000003343 0
6880 1.519999999998673 0.1900000000003267 0
6881 1.529999999998693 0.1800000000003172 0
6882 1.539999999998704 0.1900000000003247 0
6883 0.229999999943381 0.1799999999433738 0
6884 0.2299999998738085 0.1599999998738313 0
6885 1.320000000001183 0.5300000000017198 0
6886 1.340000000001013 0.5300000000017634 0
6887 1.330000000001438 0.5400000000019369 0
6888 0.2500000000002372 0.3400000000007316 0
6889 0.2400000000002482 0.330000000000783 0
6890 0.2500000000002471 0.3200000000005434 0
6891 1.650000000000574 0.4399999999997151 0
6892 1.660000000000585 0.4499999999996314 0
6893 1.65000000000061 0.4599999999996511 0
6894 1.57 0.8800000000007298 0
6895 1.560000000000031 0.8700000000007879 0
6896 1.569999999999921 0.8600000000008318 0
6897 1.57999999999989 0.8700000000007735 0
6898 0.5200000000022191 0.8899999999996119 0
6899 0.5100000000021687 0.8999999999996426 0
6900 0.5000000000021402 0.8899999999996155 0
6901 0.5100000000021905 0.8799999999995848 0
6902 0.4299999999999101 0.4599999999993751 0
6903 0.4399999999998895 0.4699999999993606 0
6904 0.4299999999998699 0.479999999999463 0
6905 0.4300000000010698 0.5999999999994335 0
6906 0.4400000000014915 0.6099999999992951 0
6907 0.4300000000015144 0.6199999999992893 0
6908 0.4200000000010927 0.6099999999994279 0
6909 0.1299999996915091 0.2199999996920504 0
6910 0.1199999990422955 0.2099999990428137 0
6911 0.1299999985716279 0.1999999985720258 0
6912 1.270000000002405 0.6000000000020105 0
6913 1.260000000002425 0.5900000000020409 0
6914 1.270000000002339 0.5800000000020691 0
6915 1.280000000002318 0.5900000000020387 0
6916 1.399999999998447 0.1300000000002598 0
6917 1.409999999998465 0.1200000000002458 0
6918 1.419999999998498 0.1300000000002597 0
6919 1.900000000000133 0.1499999999998849 0
6920 1.89000000000015 0.1599999999998928 0
6921 1.880000000000109 0.1499999999999801 0
6922 1.890000000000092 0.1399999999999722 0
6923 0.2300000000002627 0.3200000000008127 0
6924 0.2300000000002499 0.3400000000009318 0
6925 0.7500000000030775 0.9199999999997248 0
6926 0.7600000000031244 0.9299999999997568 0
6927 0.7500000000031002 0.9399999999997817 0
6928 0.7400000000030533 0.9299999999997497 0
6929 0.09999999999951742 0.6300000000012937 0
6930 0.08999999999953839 0.640000000001183 0
6931 0.07999999999958174 0.630000000001254 0
6932 1.949999999999924 0.04000000000002153 0
6933 1.93999999999988 0.03000000000003358 0
6934 1.949999999999892 0.02000000000001939 0
6935 0.09999999999948977 0.7300000000003712 0
6936 0.1099999999994562 0.7200000000004048 0
6937 0.1099999999994617 0.7400000000002556 0
6938 1.129999999997748 0.1000000000001913 0
6939 1.11999999999771 0.09000000000017495 0
6940 1.129999999997729 0.08000000000016208 0
6941 1.139999999997767 0.09000000000017841 0
6942 1.740000000000405 0.3699999999995969 0
6943 1.750000000000388 0.359999999999568 0
6944 1.7600000000004 0.3699999999994278 0
6945 1.750000000000417 0.3799999999994567 0
6946 0.4299999999999113 0.3999999999992986 0
6947 0.4199999999998985 0.3899999999993167 0
6948 0.4299999999998046 0.3799999999993064 0
6949 0.4399999999998175 0.3899999999992884 0
6950 0.6900000000024571 0.6199999999993122 0
6951 0.6800000000024344 0.6099999999992872 0
6952 0.69000000000243 0.5999999999993095 0
6953 0.7000000000024527 0.6099999999993345 0
6954 0.8599999999976768 0.1499999999996518 0
6955 0.8699999999976664 0.1399999999996849 0
6956 0.2899999999992117 0.1999999999992007 0
6957 0.2899999999993983 0.1799999999994718 0
6958 0.2999999999995481 0.1899999999996031 0
6959 1.939999999999967 0.07000000000000639 0
6960 1.949999999999962 0.06000000000000021 0
6961 1.960000000000002 0.06999999999995635 0
6962 1.950000000000007 0.07999999999996253 0
6963 1.799999999999632 0.8299999999999219 0
6964 1.819999999999678 0.8299999999998071 0
6965 1.659999999999053 0.09000000000018707 0
6966 1.649999999999017 0.1000000000002047 0
6967 1.639999999999003 0.09000000000018935 0
6968 1.649999999999039 0.08000000000017171 0
6969 0.9099999999975668 0.1199999999997953 0
6970 0.9099999999975439 0.1399999999997707 0
6971 0.9400000000039159 0.9899999999999971 0
6972 1.920000000000132 0.1499999999997963 0
6973 1.91000000000015 0.159999999999797 0
6974 1.910000000000116 0.1399999999998841 0
6975 0.2799999999995839 0.550000000001177 0
6976 0.2699999999995519 0.5600000000012288 0
6977 0.2599999999995843 0.5500000000012448 0
6978 0.2699999999996163 0.5400000000011929 0
6979 0.2099999992862978 0.1399999992862966 0
6980 0.1999999986228435 0.1299999986228404 0
6981 0.2099999989741579 0.1199999989742314 0
6982 0.2199999996376122 0.1299999996376877 0
6983 1.750000000000212 0.2999999999999798 0
6984 1.760000000000315 0.3099999999998326 0
6985 1.750000000000301 0.3199999999998539 0
6986 1.739999999999279 0.07000000000014647 0
6987 1.749999999999317 0.06000000000012883 0
6988 1.759999999999329 0.07000000000014397 0
6989 0.7400000000030347 0.9099999999996951 0
6990 0.7500000000030538 0.8999999999996766 0
6991 0.7600000000030966 0.9099999999997064 0
6992 0.08998142937779706 0.03998142937790093 0
6993 0.09999343787961365 0.04999343787970315 0
6994 0.07997291550134385 0.04997291550142541 0
6995 0.1999999999998958 0.8099999999997956 0
6996 0.2099999999999166 0.7999999999997871 0
6997 0.2200000000002353 0.8099999999997557 0
6998 0.3299999999994638 0.1799999999996292 0
6999 0.3199999999994702 0.1699999999996453 0
7000 0.3299999999994258 0.1599999999996584 0
7001 0.3399999999994194 0.1699999999996424 0
7002 1.569999999999664 0.4200000000001709 0
7003 1.559999999999288 0.4100000000002384 0
7004 1.569999999999235 0.4000000000002509 0
7005 1.579999999999611 0.4100000000001834 0
7006 0.260000000001095 0.9499999999998453 0
7007 0.2500000000010503 0.9599999999998721 0
7008 0.2400000000010158 0.9499999999998494 0
7009 1.73999999999991 0.2700000000001723 0
7010 1.749999999999909 0.2600000000001497 0
7011 1.760000000000116 0.2700000000000677 0
7012 1.750000000000117 0.2800000000000904 0
7013 1.819999999999506 0.05000000000009987 0
7014 1.829999999999541 0.04000000000008191 0
7015 1.839999999999564 0.05000000000009604 0
7016 1.829999999999529 0.060000000000114 0
7017 0.429999999999656 0.3599999999993202 0
7018 0.439999999999663 0.3699999999993022 0
7019 0.4199999999997976 0.3699999999993244 0
7020 1.320000000001866 0.5900000000020353 0
7021 1.330000000001756 0.5800000000020631 0
7022 1.340000000001521 0.5900000000020323 0
7023 1.33000000000163 0.6000000000020046 0
7024 1.649999999999511 0.900000000000547 0
7025 1.659999999999469 0.9100000000004829 0
7026 1.649999999999559 0.9200000000004536 0
7027 1.639999999999601 0.9100000000005177 0
7028 0.07999144740865455 0.08999144740875069 0
7029 0.09999647069604578 0.08999647069607331 0
7030 0.2200000000009981 0.8899999999997609 0
7031 0.210000000000947 0.899999999999775 0
7032 0.2000000000008871 0.8899999999997741 0
7033 1.840000000000076 0.1700000000000684 0
7034 1.86000000000015 0.17 0
7035 1.850000000000166 0.1800000000000075 0
7036 0.9199999999975833 0.04999999999990898 0
7037 0.9299999999975492 0.03999999999993423 0
7038 0.9299999999975443 0.05999999999990889 0
7039 1.520000000000139 0.4700000000002441 0
7040 1.530000000000052 0.4600000000001643 0
7041 1.54000000000038 0.470000000000121 0
7042 1.530000000000467 0.4800000000002009 0
7043 0.1000000000003765 0.9699999999999056 0
7044 0.09000000000035317 0.9799999999999323 0
7045 0.08000000000029281 0.9699999999999014 0
7046 0.1699999991085092 0.1999999991087519 0
7047 0.159999997444144 0.1899999974443018 0
7048 0.1699999969492193 0.1799999969492661 0
7049 0.8800000000023128 0.5700000000001579 0
7050 0.8900000000022048 0.5600000000002252 0
7051 0.9000000000024464 0.5700000000003365 0
7052 1.760000000000278 0.5899999999996061 0
7053 1.770000000000272 0.5799999999995773 0
7054 1.780000000000234 0.5899999999995539 0
7055 1.770000000000239 0.5999999999995826 0
7056 0.3799999999999044 0.5900000000002197 0
7057 0.3599999999997148 0.5900000000005139 0
7058 0.3699999999996797 0.5800000000005465 0
7059 1.779999999999167 0.9699999999999706 0
7060 1.759999999999134 0.9700000000000164 0
7061 1.769999999999178 0.9599999999999933 0
7062 1.860000000000225 0.2099999999998397 0
7063 1.850000000000238 0.2199999999998494 0
7064 1.840000000000223 0.2099999999999452 0
7065 1.85000000000021 0.1999999999999355 0
7066 0.7000000000024844 0.6299999999993378 0
7067 0.6900000000024873 0.6399999999993179 0
7068 0.6800000000024597 0.6299999999992925 0
7069 0.8900000000004248 0.5199999999998565 0
7070 0.9000000000011117 0.5300000000000763 0
7071 0.890000000001442 0.5400000000000751 0
7072 0.5900000000023375 0.5599999999991563 0
7073 0.600000000002354 0.5699999999991647 0
7074 0.5900000000023535 0.5799999999991607 0
7075 0.5800000000023372 0.5699999999991523 0
7076 0.08000000000017365 0.3900000000015232 0
7077 0.07000000000015001 0.4000000000015776 0
7078 0.06000000000014852 0.390000000001572 0
7079 0.07000000000017216 0.3800000000015176 0
7080 1.280000000002305 0.6100000000019781 0
7081 1.290000000002245 0.6000000000020094 0
7082 1.300000000002044 0.6100000000019772 0
7083 1.290000000002103 0.6200000000019459 0
7084 0.09999999999948739 0.6900000000007218 0
7085 0.1099999999994577 0.6800000000008051 0
7086 0.1199999999994271 0.6900000000006759 0
7087 0.1099999999994568 0.7000000000005926 0
7088 0.8800000000016891 0.5500000000000458 0
7089 0.9000000000019577 0.5500000000002545 0
7090 0.429999999999363 0.2999999999993822 0
7091 0.4399999999993428 0.3099999999993627 0
7092 0.4299999999994469 0.3199999999993588 0
7093 0.4199999999994672 0.3099999999993783 0
7094 1.320000000001682 0.6100000000019744 0
7095 1.33000000000135 0.6200000000019414 0
7096 1.350000000000883 0.7000000000016477 0
7097 1.340000000000916 0.6900000000016889 0
7098 1.350000000000815 0.6800000000017259 0
7099 1.360000000000782 0.6900000000016848 0
7100 1.510000000000131 0.8000000000011537 0
7101 1.500000000000166 0.7900000000012046 0
7102 1.510000000000086 0.7800000000012455 0
7103 1.520000000000051 0.7900000000011946 0
7104 1.230000000001477 0.5200000000019077 0
7105 1.22000000000132 0.5100000000018281 0
7106 0.5600000000023545 0.9099999999996689 0
7107 0.5500000000023113 0.9199999999997014 0
7108 0.5400000000022784 0.9099999999996704 0
7109 0.5500000000023217 0.8999999999996379 0
7110 1.800000000000192 0.5899999999994914 0
7111 1.790000000000195 0.5999999999995318 0
7112 1.79000000000023 0.5799999999995135 0
7113 0.1199986758846672 0.08999867588467014 0
7114 0.1299990459249837 0.07999904592502115 0
7115 0.1399997485861282 0.08999974858613523 0
7116 1.770000000000305 0.2999999999998084 0
7117 1.780000000000342 0.3099999999996272 0
7118 1.770000000000352 0.3199999999996515 0
7119 1.23000000000268 0.6200000000019468 0
7120 1.220000000002639 0.6100000000019785 0
7121 1.230000000002545 0.6000000000020104 0
7122 1.240000000002585 0.6100000000019786 0
7123 1.23000000000242 0.5800000000020706 0
7124 1.220000000002374 0.5700000000020964 0
7125 1.230000000002289 0.560000000002116 0
7126 1.240000000002335 0.5700000000020904 0
7127 1.190000000002486 0.5800000000020675 0
7128 1.180000000002464 0.5700000000020935 0
7129 1.190000000002394 0.560000000002123 0
7130 1.200000000002417 0.5700000000020971 0
7131 1.930000000000031 0.09999999999996032 0
7132 1.940000000000065 0.1099999999998892 0
7133 1.930000000000083 0.1199999999998846 0
7134 1.570000000000092 0.9000000000006229 0
7135 1.560000000000124 0.8900000000006822 0
7136 1.579999999999969 0.8900000000006705 0
7137 1.399999999998434 0.1100000000002298 0
7138 1.409999999998454 0.100000000000214 0
7139 1.419999999998485 0.11000000000023 0
7140 0.05999999999974769 0.5500000000017287 0
7141 0.06999999999974268 0.5400000000017634 0
7142 0.07999999999970026 0.5500000000017327 0
7143 0.3500000000006819 0.6599999999997102 0
7144 0.3500000000002739 0.6399999999999421 0
7145 0.3600000000011587 0.6699999999995114 0
7146 0.3500000000010999 0.679999999999541 0
7147 0.2699999999990852 0.119999999999323 0
7148 0.2599999999990144 0.1099999999992632 0
7149 0.2699999999992678 0.09999999999955889 0
7150 0.2799999999993386 0.1099999999996187 0
7151 1.360000000001196 0.5500000000019983 0
7152 1.370000000001024 0.5400000000019389 0
7153 1.380000000001057 0.5500000000020118 0
7154 1.37000000000123 0.5600000000020711 0
7155 1.909999999999789 0.04000000000006379 0
7156 1.899999999999745 0.03000000000005425 0
7157 1.90999999999977 0.02000000000003691 0
7158 1.919999999999813 0.03000000000004645 0
7159 1.42999999999868 0.3800000000003169 0
7160 1.419999999998663 0.3700000000003238 0
7161 1.429999999998653 0.3600000000003336 0
7162 1.43999999999867 0.3700000000003267 0
7163 0.2199999999995875 0.5500000000014207 0
7164 0.229999999999619 0.5400000000013511 0
7165 0.2399999999995847 0.5500000000013275 0
7166 0.2299999999995531 0.5600000000013972 0
7167 0.4800000000022144 0.7299999999992959 0
7168 0.4700000000021879 0.7399999999993145 0
7169 0.4600000000021717 0.7299999999993061 0
7170 0.4700000000021982 0.7199999999992873 0
7171 1.270000000002078 0.6800000000017332 0
7172 1.260000000002346 0.6700000000017714 0
7173 1.270000000002154 0.6600000000018081 0
7174 1.280000000001886 0.67000000000177 0
7175 1.670000000000583 0.4999999999996702 0
7176 1.680000000000557 0.5099999999996918 0
7177 1.67000000000057 0.5199999999997325 0
7178 1.660000000000596 0.5099999999997108 0
7179 1.609999999999856 0.9200000000004922 0
7180 1.599999999999896 0.910000000000553 0
7181 1.619999999999743 0.9100000000005374 0
7182 0.7499999999985121 0.4799999999992023 0
7183 0.7599999999990623 0.4899999999992463 0
7184 0.7499999999996221 0.4999999999992747 0
7185 0.7399999999990718 0.4899999999992307 0
7186 1.539999999998646 0.3300000000003555 0
7187 1.549999999998649 0.3200000000003583 0
7188 1.559999999998656 0.3300000000003529 0
7189 1.549999999998653 0.3400000000003501 0
7190 1.490000000000918 0.5400000000016412 0
7191 1.480000000000839 0.5300000000016121 0
7192 1.490000000000774 0.5200000000013081 0
7193 1.310000000001233 0.680000000001731 0
7194 1.300000000001399 0.6700000000017695 0
7195 1.310000000001257 0.6600000000018058 0
7196 1.320000000001091 0.6700000000017674 0
7197 0.07999999999956432 0.730000000000447 0
7198 0.08999999999952471 0.720000000000492 0
7199 0.08999999999952939 0.7400000000003262 0
7200 0.7800000000026015 0.6299999999996033 0
7201 0.7700000000026048 0.6399999999995608 0
7202 0.7600000000025657 0.6299999999995246 0
7203 1.19000000000275 0.6200000000019434 0
7204 1.18000000000269 0.6100000000019734 0
7205 1.190000000002608 0.600000000002007 0
7206 1.200000000002667 0.6100000000019772 0
7207 1.24000000000269 0.6700000000017712 0
7208 1.250000000002544 0.6600000000018086 0
7209 1.250000000002491 0.680000000001734 0
7210 0.9399999999975197 0.02999999999995589 0
7211 0.949999999997498 0.01999999999997418 0
7212 0.9599999999974625 0.02999999999997388 0
7213 0.69000000000252 0.6599999999993256 0
7214 0.6800000000024884 0.6499999999993009 0
7215 0.7000000000025189 0.6499999999993425 0
7216 1.109999999997861 0.2000000000002622 0
7217 1.109999999997831 0.1800000000002557 0
7218 1.119999999997876 0.1900000000002641 0
7219 1.350000000000981 0.7200000000015656 0
7220 1.340000000001007 0.7100000000016087 0
7221 1.360000000000857 0.7100000000016047 0
7222 1.790000000000326 0.2999999999996101 0
7223 1.800000000000334 0.3099999999994218 0
7224 1.79000000000035 0.319999999999439 0
7225 1.189999999998377 0.3600000000002568 0
7226 1.179999999998318 0.3500000000002587 0
7227 1.189999999998301 0.3400000000002747 0
7228 1.199999999998361 0.3500000000002729 0
7229 0.08000000000022223 0.3300000000013142 0
7230 0.07000000000019818 0.3400000000013764 0
7231 0.06000000000018173 0.3300000000013508 0
7232 0.3499999999997035 0.6000000000005223 0
7233 0.3399999999995711 0.5900000000008068 0
7234 0.3499999999995822 0.5800000000007983 0
7235 1.280000000002013 0.6500000000018431 0
7236 1.290000000001866 0.6400000000018784 0
7237 1.300000000001526 0.6500000000018424 0
7238 1.290000000001673 0.6600000000018071 0
7239 0.6700000000027835 0.9199999999997055 0
7240 0.6600000000027397 0.9099999999996757 0
7241 0.6700000000027777 0.8999999999996475 0
7242 0.6800000000028215 0.9099999999996773 0
7243 1.640000000000279 0.6900000000013529 0
7244 1.650000000000334 0.6800000000012786 0
7245 1.660000000000271 0.6900000000011952 0
7246 1.91999999999998 0.09000000000001555 0
7247 1.929999999999969 0.0800000000000155 0
7248 1.94000000000002 0.08999999999996028 0
7249 0.119999999999639 0.5500000000017193 0
7250 0.1299999999996583 0.5400000000017176 0
7251 0.1399999999996187 0.550000000001698 0
7252 0.1299999999995994 0.5600000000016999 0
7253 1.579999999998773 0.1900000000003204 0
7254 1.589999999998805 0.1800000000003109 0
7255 1.599999999998814 0.1900000000003174 0
7256 1.589999999998783 0.2000000000003268 0
7257 0.5200000000022005 0.9099999999996723 0
7258 0.5100000000021508 0.9199999999997053 0
7259 0.5000000000021192 0.9099999999996755 0
7260 1.940000000000113 0.1499999999997369 0
7261 1.930000000000134 0.1599999999997261 0
7262 1.930000000000111 0.1399999999998072 0
7263 1.649999999999607 0.9400000000003537 0
7264 1.639999999999657 0.9300000000004169 0
7265 1.439999999998693 0.390000000000308 0
7266 1.449999999998682 0.3800000000003192 0
7267 1.459999999998692 0.3900000000003103 0
7268 1.449999999998703 0.4000000000002992 0
7269 1.780000000000226 0.2699999999999252 0
7270 1.770000000000244 0.2799999999999471 0
7271 1.190000000002893 0.6400000000018755 0
7272 1.180000000002831 0.6300000000019079 0
7273 1.200000000002811 0.630000000001911 0
7274 1.859999999999748 0.829999999999642 0
7275 1.869999999999774 0.8199999999996019 0
7276 1.879999999999769 0.8299999999995971 0
7277 1.869999999999743 0.8399999999996373 0
7278 1.51999999999868 0.1700000000003078 0
7279 1.529999999998703 0.1600000000002969 0
7280 1.539999999998715 0.1700000000003063 0
7281 0.4299999999992464 0.2599999999994351 0
7282 0.4399999999992262 0.2699999999994143 0
7283 0.4299999999992939 0.2799999999994077 0
7284 0.4199999999993141 0.2699999999994286 0
7285 1.270000000002099 0.7000000000016551 0
7286 1.260000000002316 0.690000000001695 0
7287 1.28000000000186 0.6900000000016935 0
7288 1.510000000000193 0.8200000000010588 0
7289 1.500000000000227 0.8100000000011107 0
7290 1.520000000000097 0.8100000000011017 0
7291 0.9200000000038384 0.9899999999999872 0
7292 0.9300000000038845 0.9799999999999843 0
7293 0.1799999999995989 0.5500000000015954 0
7294 0.1899999999996281 0.5400000000015384 0
7295 0.1999999999995913 0.5500000000015148 0
7296 0.1899999999995621 0.560000000001572 0
7297 0.9100000000038092 0.9799999999999685 0
7298 0.9000000000037575 0.9899999999999811 0
7299 1.88000000000017 0.1699999999999012 0
7300 1.870000000000191 0.1799999999999132 0
7301 1.870000000000129 0.159999999999988 0
7302 0.3800000000016484 0.9099999999997048 0
7303 0.3900000000016952 0.8999999999996743 0
7304 0.400000000001719 0.9099999999996992 0
7305 0.3900000000016722 0.9199999999997297 0
7306 1.890000000000001 0.1200000000000315 0
7307 1.900000000000079 0.1299999999999641 0
7308 1.360000000001195 0.5900000000020267 0
7309 1.370000000001176 0.5800000000020531 0
7310 1.380000000000995 0.590000000002021 0
7311 1.370000000001014 0.6000000000019946 0
7312 0.7800000000026475 0.6499999999995963 0
7313 0.7700000000026511 0.6599999999995563 0
7314 0.7600000000026085 0.6499999999995207 0
7315 1.240000000002661 0.6900000000016948 0
7316 1.250000000002486 0.7000000000016557 0
7317 0.5900000000003499 0.4799999999991921 0
7318 0.5800000000000716 0.4699999999992016 0
7319 0.5899999999995512 0.4599999999992092 0
7320 0.5999999999998296 0.4699999999991997 0
7321 1.310000000001313 0.7000000000016526 0
7322 1.300000000001418 0.690000000001693 0
7323 1.320000000001127 0.6900000000016907 0
7324 1.949999999999901 0.7399999999993301 0
7325 1.959999999999916 0.7499999999993502 0
7326 1.949999999999898 0.7599999999993815 0
7327 1.939999999999883 0.7499999999993614 0
7328 0.2899999999993709 0.1199999999996407 0
7329 0.2999999999994446 0.1299999999997016 0
7330 0.2899999999993326 0.1399999999995442 0
7331 0.2799999999992588 0.1299999999994833 0
7332 0.3600000000015178 0.6899999999994207 0
7333 0.350000000001475 0.6999999999994352 0
7334 1.51999999999865 0.2500000000003617 0
7335 1.529999999998664 0.2400000000003574 0
7336 1.53999999999867 0.2500000000003593 0
7337 1.529999999998656 0.2600000000003635 0
7338 1.840000000000266 0.2499999999996919 0
7339 1.830000000000275 0.2599999999996596 0
7340 1.820000000000265 0.2499999999997996 0
7341 1.830000000000255 0.2399999999998318 0
7342 0.2799999999994645 0.59000000000119 0
7343 0.2899999999994941 0.5800000000011771 0
7344 0.2999999999994701 0.5900000000011192 0
7345 0.2899999999994405 0.6000000000011321 0
7346 1.770000000000421 0.4199999999993412 0
7347 1.760000000000429 0.4099999999993661 0
7348 1.770000000000411 0.3999999999993226 0
7349 0.6500000000006237 0.4999999999992076 0
7350 0.6400000000001573 0.4899999999992005 0
7351 0.6499999999994753 0.4799999999992042 0
7352 0.3299999999993788 0.1199999999997337 0
7353 0.3399999999993605 0.1299999999997106 0
7354 0.3299999999993987 0.1399999999996943 0
7355 0.3199999999994169 0.1299999999997173 0
7356 1.399999999998532 0.2900000000003595 0
7357 1.409999999998542 0.280000000000362 0
7358 1.41999999999857 0.2900000000003622 0
7359 1.40999999999856 0.3000000000003598 0
7360 1.200000000003016 0.690000000001693 0
7361 1.210000000002961 0.6800000000017328 0
7362 1.22000000000289 0.6900000000016947 0
7363 1.210000000002944 0.700000000001655 0
7364 1.109999999997797 0.160000000000245 0
7365 1.119999999997844 0.1700000000002548 0
7366 1.099999999997784 0.1700000000002459 0
7367 1.420000000000996 0.570000000002042 0
7368 1.430000000001018 0.5600000000020521 0
7369 1.440000000000979 0.5700000000020322 0
7370 1.430000000000957 0.5800000000020221 0
7371 0.1899999947779611 0.09999999477804916 0
7372 0.179999990761361 0.0899999907614642 0
7373 0.1899999945001521 0.07999999450032425 0
7374 0.1999999985167522 0.08999999851690922 0
7375 0.9100000000038229 0.9599999999999517 0
7376 0.9000000000037714 0.9499999999999326 0
7377 0.9100000000037989 0.9399999999999502 0
7378 1.120000000003325 0.7300000000014972 0
7379 1.13000000000329 0.7200000000015476 0
7380 1.140000000003264 0.7300000000015153 0
7381 1.130000000003298 0.7400000000014648 0
7382 0.1900000000002899 0.8399999999997791 0
7383 0.1899999999999349 0.8199999999997978 0
7384 1.410000000000474 0.6600000000017789 0
7385 1.40000000000053 0.6500000000018188 0
7386 1.410000000000525 0.6400000000018489 0
7387 1.420000000000468 0.6500000000018091 0
7388 0.03999989803017392 0.1499998980306509 0
7389 0.02999997591772418 0.1599999759182759 0
7390 0.01999997382288075 0.1499999738234299 0
7391 0.0299998959353305 0.139999895935805 0
7392 0.8999999999976123 0.1099999999997859 0
7393 0.9099999999975938 0.09999999999982168 0
7394 0.9199999999975483 0.1099999999998311 0
7395 1.089999999997904 0.2600000000002438 0
7396 1.099999999997958 0.2700000000002489 0
7397 1.089999999997952 0.2800000000002355 0
7398 0.4800000000022056 0.749999999999325 0
7399 0.4700000000021759 0.7599999999993448 0
7400 0.4600000000021582 0.7499999999993345 0
7401 1.880000000000214 0.2099999999997206 0
7402 1.870000000000228 0.2199999999997322 0
7403 1.870000000000211 0.199999999999828 0
7404 0.03000000000011721 0.9799999999999203 0
7405 0.02000000000007507 0.9699999999998791 0
7406 0.03000000000010518 0.9599999999998445 0
7407 0.04000000000014732 0.9699999999998857 0
7408 1.410000000000484 0.6800000000017057 0
7409 1.40000000000052 0.6700000000017472 0
7410 1.420000000000437 0.6700000000017375 0
7411 1.39999999999851 0.2500000000003575 0
7412 1.40999999999853 0.2400000000003557 0
7413 1.419999999998554 0.2500000000003589 0
7414 1.409999999998533 0.2600000000003607 0
7415 1.959999999999951 0.629999999999054 0
7416 1.969999999999964 0.6199999999990206 0
7417 1.97999999999997 0.6299999999990369 0
7418 0.8900000000037351 0.9599999999999252 0
7419 0.9000000000037774 0.9699999999999493 0
7420 0.8900000000037261 0.9799999999999559 0
7421 1.869999999999656 0.04000000000007595 0
7422 1.859999999999627 0.03000000000005983 0
7423 1.869999999999655 0.02000000000004123 0
7424 1.879999999999684 0.03000000000005734 0
7425 1.199999999997899 0.05000000000011379 0
7426 1.209999999997921 0.04000000000009374 0
7427 1.21999999999795 0.05000000000011501 0
7428 1.209999999997928 0.06000000000013506 0
7429 1.270000000002148 0.7400000000014866 0
7430 1.260000000002321 0.7300000000015305 0
7431 1.270000000002134 0.720000000001573 0
7432 1.280000000001962 0.730000000001529 0
7433 0.5899999999989523 0.439999999999226 0
7434 0.5999999999990548 0.4499999999992161 0
7435 0.5799999999994487 0.449999999999219 0
7436 0.04000000000004297 0.450000000001797 0
7437 0.06000000000005178 0.4500000000017356 0
7438 0.05000000000002713 0.4600000000017904 0
7439 1.790000000000211 0.2599999999999176 0
7440 1.800000000000277 0.2699999999997629 0
7441 1.790000000000292 0.2799999999997704 0
7442 1.229999999998038 0.2000000000003138 0
7443 1.21999999999802 0.1900000000003045 0
7444 1.229999999998029 0.180000000000301 0
7445 1.239999999998047 0.1900000000003103 0
7446 0.2399999999994622 0.5900000000013899 0
7447 0.2499999999994906 0.5800000000013414 0
7448 0.2599999999994621 0.5900000000012864 0
7449 0.2499999999994338 0.6000000000013348 0
7450 1.959999999999968 0.04999999999999092 0
7451 1.30999999999838 0.3000000000003435 0
7452 1.319999999998409 0.3100000000003418 0
7453 1.309999999998415 0.3200000000003357 0
7454 1.299999999998386 0.3100000000003375 0
7455 1.350000000001272 0.7600000000013898 0
7456 1.340000000001283 0.7500000000014365 0
7457 1.350000000001108 0.7400000000014797 0
7458 1.360000000001097 0.7500000000014331 0
7459 0.3800000000000505 0.3899999999994371 0
7460 0.3900000000000017 0.3799999999993935 0
7461 0.3999999999999824 0.3899999999993615 0
7462 0.3900000000000313 0.3999999999994051 0
7463 1.160000000003186 0.7100000000016058 0
7464 1.170000000003151 0.7000000000016493 0
7465 1.180000000003104 0.7100000000016118 0
7466 1.170000000003139 0.7200000000015683 0
7467 1.879999999999606 0.909999999999733 0
7468 1.889999999999665 0.8999999999997079 0
7469 1.899999999999683 0.9099999999997239 0
7470 0.01998541140335019 0.08998541140365951 0
7471 0.02997298715159185 0.0799729871518304 0
7472 0.0399808276669316 0.0899808276671791 0
7473 0.02999325191868994 0.09999325191900821 0
7474 1.839999999999842 0.7699999999995784 0
7475 1.82999999999983 0.7799999999996767 0
7476 1.599999999998838 0.1700000000002999 0
7477 1.579999999998794 0.1700000000003025 0
7478 1.589999999998827 0.1600000000002916 0
7479 1.599999999998923 0.07000000000015691 0
7480 1.609999999998954 0.0600000000001371 0
7481 1.619999999998971 0.0700000000001558 0
7482 1.609999999998941 0.0800000000001756 0
7483 1.559999999998934 0.3900000000002942 0
7484 1.5699999999989 0.3800000000003034 0
7485 1.5799999999992 0.3900000000002601 0
7486 1.769999999999368 0.06000000000012649 0
7487 1.75999999999935 0.05000000000010901 0
7488 1.769999999999383 0.04000000000008934 0
7489 1.779999999999402 0.05000000000010682 0
7490 1.490000000000896 0.5800000000019472 0
7491 1.480000000000927 0.5700000000019381 0
7492 1.490000000000933 0.560000000001875 0
7493 1.500000000000902 0.5700000000018841 0
7494 1.720000000000504 0.4499999999995296 0
7495 1.730000000000486 0.4399999999994821 0
7496 1.740000000000475 0.44999999999948 0
7497 1.730000000000493 0.4599999999995274 0
7498 1.200000000002996 0.7100000000016133 0
7499 1.220000000002859 0.7100000000016147 0
7500 1.21000000000291 0.720000000001573 0
7501 0.05999999999966184 0.770000000000172 0
7502 0.06999999999961501 0.7600000000002236 0
7503 0.07999999999957488 0.7700000000001401 0
7504 0.06999999999962173 0.7800000000000885 0
7505 1.349999999998339 0.1800000000003147 0
7506 1.339999999998304 0.1700000000003042 0
7507 1.349999999998331 0.1600000000002955 0
7508 1.359999999998365 0.170000000000306 0
7509 0.3699999999997723 0.2999999999994462 0
7510 0.3799999999997778 0.309999999999423 0
7511 0.3699999999999184 0.3199999999994301 0
7512 0.3599999999999128 0.3099999999994533 0
7513 1.240000000002609 0.7300000000015303 0
7514 1.250000000002478 0.7200000000015736 0
7515 1.250000000002451 0.7400000000014872 0
7516 1.460000000000783 0.5300000000017588 0
7517 1.470000000000701 0.5200000000015498 0
7518 1.47000000000092 0.540000000001821 0
7519 1.310000000001532 0.7400000000014841 0
7520 1.300000000001606 0.7300000000015283 0
7521 1.310000000001415 0.7200000000015705 0
7522 1.320000000001341 0.7300000000015263 0
7523 1.449999999998661 0.3600000000003361 0
7524 1.439999999998645 0.3500000000003414 0
7525 1.449999999998638 0.3400000000003487 0
7526 1.459999999998654 0.3500000000003434 0
7527 1.929999999999869 0.7599999999993949 0
7528 1.939999999999878 0.7699999999994123 0
7529 1.929999999999862 0.7799999999994449 0
7530 1.280000000001908 0.7100000000016133 0
7531 1.290000000001668 0.7000000000016542 0
7532 1.300000000001507 0.7100000000016128 0
7533 1.290000000001747 0.720000000001572 0
7534 0.3100000000001464 0.3199999999996987 0
7535 0.3200000000001401 0.329999999999641 0
7536 0.3100000000001719 0.3399999999997925 0
7537 0.3899999999997698 0.3199999999994002 0
7538 0.3999999999997431 0.3299999999993786 0
7539 0.3899999999998808 0.3399999999993859 0
7540 0.3799999999999074 0.3299999999994075 0
7541 0.2299999998120918 0.1399999998121688 0
7542 0.2299999998003599 0.1199999998005037 0
7543 0.2399999999748395 0.1299999999749848 0
7544 1.660000000000605 0.4899999999996388 0
7545 1.670000000000591 0.4799999999995969 0
7546 1.680000000000569 0.4899999999996282 0
7547 1.480000000000775 0.6100000000019006 0
7548 1.490000000000833 0.6000000000019217 0
7549 1.500000000000785 0.6100000000018844 0
7550 1.490000000000727 0.6200000000018633 0
7551 1.390000000000582 0.6400000000018584 0
7552 1.380000000000667 0.6300000000018962 0
7553 1.3900000000007 0.6200000000019246 0
7554 1.400000000000615 0.6300000000018868 0
7555 0.7499999999977873 0.3599999999992718 0
7556 0.7599999999977947 0.3699999999992573 0
7557 0.749999999997814 0.3799999999992483 0
7558 0.7399999999978066 0.3699999999992628 0
7559 0.3600000000015077 0.9699999999998923 0
7560 0.3500000000014596 0.979999999999927 0
7561 0.3400000000014218 0.9699999999998938 0
7562 1.420000000000738 0.6100000000019405 0
7563 1.430000000000825 0.6000000000019665 0
7564 1.440000000000738 0.6100000000019306 0
7565 1.430000000000652 0.6200000000019047 0
7566 0.1199982803006173 0.06999828030067513 0
7567 0.1299989835896601 0.05999898358977594 0
7568 0.1399997492140265 0.06999974921412196 0
7569 0.750000000003012 0.8599999999996042 0
7570 0.760000000003048 0.8699999999996314 0
7571 0.7500000000030331 0.8799999999996366 0
7572 0.7400000000029971 0.8699999999996093 0
7573 0.06999479199618713 0.09999479199634882 0
7574 0.05998514874289759 0.08998514874307337 0
7575 0.4900000000021603 0.8399999999994895 0
7576 0.5000000000021865 0.8499999999995105 0
7577 0.4900000000021348 0.8599999999995374 0
7578 1.229999999998153 0.2600000000003295 0
7579 1.219999999998104 0.2500000000003254 0
7580 1.229999999998094 0.2400000000003283 0
7581 1.239999999998143 0.2500000000003326 0
7582 0.7799999999990971 0.4899999999992748 0
7583 0.7899999999985188 0.4799999999992246 0
7584 0.7999999999990088 0.4899999999992888 0
7585 1.860000000000253 0.2499999999995902 0
7586 1.850000000000266 0.259999999999559 0
7587 1.850000000000253 0.2399999999997229 0
7588 1.04999999999751 0.04000000000007084 0
7589 1.039999999997482 0.03000000000004822 0
7590 1.049999999997502 0.02000000000003639 0
7591 1.05999999999753 0.03000000000005902 0
7592 0.1999999999994691 0.5900000000015686 0
7593 0.2099999999994945 0.5800000000015251 0
7594 0.2199999999994638 0.5900000000014902 0
7595 0.2099999999994384 0.6000000000015338 0
7596 1.989999999999983 0.01999999999997407 0
7597 1.729999999999873 0.2800000000001902 0
7598 1.719999999999612 0.2700000000002452 0
7599 1.769999999999787 0.2200000000001701 0
7600 1.759999999999583 0.210000000000211 0
7601 1.150000000002561 0.5800000000020484 0
7602 1.14000000000254 0.5700000000020693 0
7603 1.150000000002485 0.5600000000021053 0
7604 1.160000000002507 0.5700000000020844 0
7605 1.700000000000446 0.5699999999997751 0
7606 1.710000000000437 0.5599999999997258 0
7607 1.7200000000004 0.5699999999997106 0
7608 1.710000000000409 0.57999999999976 0
7609 0.3699999999996182 0.2799999999994672 0
7610 0.3799999999996265 0.2899999999994433 0
7611 0.359999999999764 0.2899999999994701 0
7612 1.129999999998026 0.2800000000002686 0
7613 1.119999999997997 0.2700000000002653 0
7614 1.129999999997991 0.2600000000002747 0
7615 1.13999999999802 0.2700000000002781 0
7616 0.05000000000016618 0.2200000000009013 0
7617 0.04000000000013769 0.2100000000008582 0
7618 0.04999999909829241 0.1999999990989393 0
7619 1.919999999999869 0.7299999999993401 0
7620 1.929999999999882 0.7199999999993073 0
7621 1.939999999999888 0.729999999999315 0
7622 1.929999999999875 0.7399999999993476 0
7623 0.3899999999996258 0.2999999999994202 0
7624 0.3999999999996177 0.3099999999993975 0
7625 1.160000000003176 0.7300000000015232 0
7626 1.180000000003078 0.7300000000015286 0
7627 1.170000000003114 0.7400000000014837 0
7628 1.93999999999996 0.6099999999990362 0
7629 1.949999999999966 0.5999999999990026 0
7630 1.95999999999996 0.6099999999990089 0
7631 1.949999999999954 0.6199999999990425 0
7632 0.5899999999985268 0.3999999999992571 0
7633 0.5999999999983796 0.4099999999992482 0
7634 0.589999999998676 0.4199999999992414 0
7635 0.5799999999988232 0.4099999999992503 0
7636 1.740000000000355 0.5699999999996539 0
7637 1.730000000000362 0.5799999999996892 0
7638 0.8900000000036298 0.91999999999991 0
7639 0.9000000000037169 0.9299999999999317 0
7640 0.8900000000037041 0.9399999999999109 0
7641 0.8800000000036168 0.9299999999998894 0
7642 1.350000000001455 0.7800000000012957 0
7643 1.340000000001465 0.7700000000013443 0
7644 1.360000000001262 0.7700000000013412 0
7645 0.03000000000010387 0.3000000000012407 0
7646 0.02000000000007235 0.2900000000012031 0
7647 0.03000000000010577 0.2800000000011557 0
7648 1.310000000001687 0.7600000000013936 0
7649 1.300000000001729 0.7500000000014397 0
7650 1.320000000001491 0.7500000000014377 0
7651 1.20000000000293 0.750000000001442 0
7652 1.210000000002875 0.7400000000014875 0
7653 1.220000000002785 0.7500000000014426 0
7654 1.21000000000284 0.7600000000013971 0
7655 0.2400000000010064 0.9699999999999028 0
7656 0.2300000000009617 0.9799999999999328 0
7657 0.2200000000009262 0.9699999999999044 0
7658 0.2300000000009709 0.9599999999998744 0
7659 1.989999999999984 0.6399999999990573 0
7660 1.989999999999982 0.6599999999991102 0
7661 1.51000000000037 0.8600000000008572 0
7662 1.500000000000401 0.8500000000009119 0
7663 1.510000000000271 0.8400000000009602 0
7664 1.52000000000024 0.8500000000009054 0
7665 0.01000000000002811 0.4000000000016601 0
7666 0.02000000000005199 0.4100000000016972 0
7667 1.369999999998347 0.06000000000013851 0
7668 1.359999999998319 0.05000000000011677 0
7669 1.369999999998346 0.04000000000009536 0
7670 1.379999999998373 0.0500000000001171 0
7671 1.080000000003592 0.9300000000004431 0
7672 1.070000000003653 0.9400000000003745 0
7673 1.060000000003687 0.930000000000418 0
7674 1.070000000003625 0.9200000000004867 0
7675 1.490000000000277 0.6800000000016622 0
7676 1.48000000000034 0.670000000001704 0
7677 1.490000000000423 0.6600000000017328 0
7678 1.150000000002772 0.6200000000019261 0
7679 1.140000000002722 0.6100000000019508 0
7680 1.15000000000266 0.6000000000019894 0
7681 1.160000000002711 0.6100000000019647 0
7682 0.8300000000034438 0.9599999999998696 0
7683 0.8300000000034149 0.9399999999998249 0
7684 1.839999999999403 0.929999999999813 0
7685 1.829999999999355 0.9399999999998441 0
7686 1.819999999999346 0.9299999999998465 0
7687 1.829999999999394 0.9199999999998154 0
7688 0.6900000000028079 0.859999999999557 0
7689 0.7000000000028619 0.8699999999995822 0
7690 0.6900000000028397 0.8799999999996005 0
7691 0.6800000000027856 0.8699999999995753 0
7692 0.8800000000036722 0.9899999999999747 0
7693 0.04000000000008024 0.9299999999997562 0
7694 0.03000000000008142 0.9399999999997751 0
7695 0.02000000000004332 0.9299999999997293 0
7696 1.459999999998674 0.3700000000003285 0
7697 1.480000000000484 0.6500000000017734 0
7698 1.490000000000584 0.6400000000018002 0
7699 1.500000000000523 0.6500000000017595 0
7700 0.3700000000000349 0.4199999999996133 0
7701 0.3800000000000054 0.4299999999995468 0
7702 0.3699999999999912 0.4399999999997076 0
7703 1.470000000000342 0.7800000000012632 0
7704 1.460000000000379 0.7700000000013129 0
7705 1.470000000000285 0.7600000000013531 0
7706 1.480000000000248 0.7700000000013036 0
7707 1.149999999997923 0.1800000000002735 0
7708 1.139999999997892 0.1700000000002635 0
7709 1.149999999997896 0.1600000000002605 0
7710 1.159999999997927 0.1700000000002705 0
7711 1.799999999999185 0.9899999999999776 0
7712 1.789999999999171 0.979999999999966 0
7713 0.4100000000011501 0.619999999999401 0
7714 0.4000000000006714 0.6099999999996157 0
7715 1.000000000002555 0.5500000000012872 0
7716 1.010000000002502 0.5400000000013918 0
7717 1.020000000002576 0.5500000000014849 0
7718 0.840000000003434 0.9299999999998197 0
7719 0.4299999999991175 0.1799999999995661 0
7720 0.4399999999990981 0.1899999999995432 0
7721 0.4299999999991495 0.1999999999995302 0
7722 0.419999999999169 0.1899999999995531 0
7723 0.3500000000001111 0.3799999999996197 0
7724 0.3600000000000903 0.3899999999995613 0
7725 0.350000000000091 0.3999999999997113 0
7726 0.2100000000008793 0.979999999999933 0
7727 0.2100000000008928 0.9599999999998761 0
7728 0.1599999999994452 0.6100000000015751 0
7729 0.1699999999994602 0.6000000000016115 0
7730 0.1799999999994275 0.6100000000015857 0
7731 0.1699999999994125 0.6200000000015491 0
7732 1.390000000000557 0.6600000000017884 0
7733 1.380000000000609 0.650000000001828 0
7734 0.5499999999993315 0.3999999999992596 0
7735 0.5599999999992576 0.4099999999992516 0
7736 0.5499999999994798 0.419999999999245 0
7737 0.5399999999995536 0.4099999999992531 0
7738 0.2899999999994164 0.09999999999974396 0
7739 0.2999999999994486 0.1099999999997659 0
7740 1.219999999998339 0.3300000000003007 0
7741 1.229999999998326 0.3200000000003118 0
7742 1.239999999998371 0.3300000000003096 0
7743 1.830000000000325 0.3599999999991447 0
7744 1.840000000000314 0.3699999999991445 0
7745 1.830000000000329 0.3799999999991692 0
7746 1.150000000003035 0.6600000000017909 0
7747 1.140000000002963 0.65000000000182 0
7748 1.150000000002899 0.6400000000018607 0
7749 1.160000000002971 0.6500000000018318 0
7750 0.7499999999977341 0.319999999999324 0
7751 0.759999999997736 0.329999999999308 0
7752 0.7499999999977571 0.3399999999992969 0
7753 0.7399999999977551 0.3299999999993129 0
7754 1.229999999998617 0.4200000000002219 0
7755 1.219999999998576 0.4100000000002273 0
7756 1.229999999998533 0.4000000000002367 0
7757 1.239999999998573 0.4100000000002312 0
7758 0.3700000000000691 0.3999999999995206 0
7759 0.3700000000000718 0.3799999999994778 0
7760 0.0498581093612345 0.01985810936131292 0
7761 0.05991195082387839 0.02991195082396196 0
7762 0.04988569077803154 0.03988569077812044 0
7763 1.920000000000101 0.1299999999998803 0
7764 1.129999999997959 0.2400000000002775 0
7765 1.139999999997989 0.2500000000002823 0
7766 1.119999999997962 0.2500000000002699 0
7767 1.470000000000421 0.80000000000117 0
7768 1.460000000000456 0.7900000000012208 0
7769 1.480000000000306 0.7900000000012124 0
7770 0.02000000000002582 0.4500000000018461 0
7771 0.3499999999998996 0.2999999999994764 0
7772 0.3500000000000294 0.3199999999994679 0
7773 1.900000000000167 0.1699999999997941 0
7774 1.890000000000188 0.1799999999998026 0
7775 1.94999999999989 0.799999999999484 0
7776 1.959999999999908 0.8099999999995053 0
7777 1.949999999999885 0.8199999999995329 0
7778 1.939999999999867 0.8099999999995116 0
7779 0.2200000000009403 0.9499999999998525 0
7780 0.2000000000008659 0.9499999999998552 0
7781 0.2100000000009135 0.9399999999998316 0
7782 0.5700000000004348 0.4799999999991938 0
7783 0.5600000000001621 0.4699999999992051 0
7784 0.5699999999997989 0.4599999999992128 0
7785 0.3899999999993382 0.2199999999995261 0
7786 0.3999999999993157 0.2299999999995026 0
7787 0.389999999999375 0.239999999999497 0
7788 0.3799999999993975 0.2299999999995204 0
7789 1.450000000000319 0.6800000000016876 0
7790 1.440000000000361 0.6700000000017292 0
7791 1.450000000000372 0.6600000000017595 0
7792 1.46000000000033 0.6700000000017179 0
7793 0.169999991711407 0.1599999917113214 0
7794 0.1599999810052712 0.1499999810051676 0
7795 0.1699999853150918 0.1399999853149745 0
7796 1.580000000000753 0.5300000000007119 0
7797 0.3499999999997518 0.2799999999994942 0
7798 0.4600000000010603 0.5499999999993604 0
7799 0.4500000000010623 0.5599999999994633 0
7800 0.5499999999991561 0.3799999999992764 0
7801 0.5599999999990848 0.3899999999992675 0
7802 0.5399999999994027 0.3899999999992685 0
7803 1.799999999999258 0.9499999999999056 0
7804 1.789999999999217 0.9599999999999411 0
7805 1.779999999999214 0.9499999999999613 0
7806 1.789999999999256 0.9399999999999258 0
7807 0.4099999999998124 0.3599999999993443 0
7808 0.4099999999999089 0.3799999999993403 0
7809 0.3999999999999237 0.3699999999993603 0
7810 0.1099982603112295 0.09999826031123582 0
7811 0.1499999509378732 0.1399999509377749 0
7812 0.1399998938126164 0.1299998938125366 0
7813 0.1499999158360562 0.1199999158359702 0
7814 0.1599999729613129 0.1299999729612085 0
7815 1.900000000000207 0.2499999999994663 0
7816 1.890000000000223 0.2599999999994399 0
7817 1.880000000000232 0.2499999999995159 0
7818 1.890000000000216 0.2399999999995422 0
7819 0.4999999999998893 0.4499999999992369 0
7820 0.4899999999998927 0.4599999999992426 0
7821 0.479999999999898 0.4499999999992482 0
7822 0.4899999999998945 0.4399999999992426 0
7823 0.03999518157377441 0.1099951815740998 0
7824 0.02999877274749849 0.1199987727478957 0
7825 0.01999684309241402 0.1099968430928042 0
7826 1.2000000000029 0.7700000000013494 0
7827 1.22000000000275 0.7700000000013503 0
7828 1.210000000002809 0.7800000000013025 0
7829 1.410000000000627 0.7400000000014638 0
7830 1.400000000000659 0.73000000000151 0
7831 1.41000000000056 0.7200000000015485 0
7832 1.420000000000528 0.7300000000015023 0
7833 1.289999999998438 0.3400000000003191 0
7834 1.299999999998466 0.3500000000003138 0
7835 1.289999999998481 0.3600000000003036 0
7836 1.279999999998453 0.350000000000309 0
7837 0.3800000000015917 0.9699999999998905 0
7838 0.3700000000015445 0.979999999999926 0
7839 0.3700000000015549 0.9599999999998567 0
7840 1.510000000000478 0.8800000000007495 0
7841 1.500000000000512 0.8700000000008061 0
7842 1.520000000000336 0.8700000000008006 0
7843 0.7899999999977372 0.339999999999293 0
7844 0.7999999999977465 0.3499999999992808 0
7845 0.7899999999977652 0.3599999999992674 0
7846 0.7799999999977558 0.3499999999992796 0
7847 0.3699999999993385 0.1799999999996048 0
7848 0.379999999999322 0.1899999999995809 0
7849 0.369999999999378 0.1999999999995737 0
7850 0.3599999999993946 0.1899999999995976 0
7851 0.5799999999990407 0.429999999999235 0
7852 0.5699999999993461 0.439999999999229 0
7853 0.5599999999994288 0.4299999999992373 0
7854 0.5699999999991234 0.4199999999992434 0
7855 1.899999999999623 0.9499999999998265 0
7856 1.889999999999566 0.9599999999998587 0
7857 1.879999999999533 0.9499999999998308 0
7858 0.1500000000000799 0.8599999999998025 0
7859 0.150000000000314 0.8799999999997972 0
7860 0.1400000000000776 0.8699999999998038 0
7861 0.01000000000002836 0.9399999999997575 0
7862 1.240000000002545 0.7700000000013496 0
7863 1.250000000002432 0.760000000001397 0
7864 1.260000000002304 0.7700000000013496 0
7865 1.250000000002417 0.7800000000013022 0
7866 0.1099999915436141 0.1799999915439873 0
7867 0.1199999964284084 0.1899999964287962 0
7868 0.1099999988027917 0.1999999988032962 0
7869 0.09999999391799741 0.1899999939184873 0
7870 1.889999999999911 0.6799999999993318 0
7871 1.87999999999993 0.6699999999993488 0
7872 1.889999999999935 0.6599999999993093 0
7873 1.869999999999478 0.9599999999998639 0
7874 1.859999999999447 0.9499999999998407 0
7875 1.869999999999501 0.9399999999998077 0
7876 1.750000000000285 0.5999999999996384 0
7877 1.740000000000324 0.5899999999996631 0
7878 1.750000000000317 0.5799999999996308 0
7879 1.929999999999815 0.8799999999996638 0
7880 1.939999999999835 0.8899999999996884 0
7881 1.929999999999799 0.8999999999997057 0
7882 1.919999999999778 0.8899999999996812 0
7883 0.589999999998377 0.3399999999993163 0
7884 0.5999999999982214 0.349999999999305 0
7885 0.589999999998378 0.3599999999992944 0
7886 0.5799999999985337 0.3499999999993058 0
7887 1.41000000000072 0.7600000000013752 0
7888 1.40000000000075 0.7500000000014231 0
7889 1.420000000000597 0.750000000001416 0
7890 1.000000000002265 0.5300000000012319 0
7891 1.010000000002037 0.5200000000012707 0
7892 1.020000000002274 0.5300000000014307 0
7893 0.4899999999995996 0.3799999999992785 0
7894 0.4999999999996715 0.3899999999992689 0
7895 0.4899999999997842 0.3999999999992629 0
7896 0.4799999999997124 0.3899999999992725 0
7897 1.559999999998744 0.370000000000325 0
7898 1.569999999998736 0.3600000000003322 0
7899 1.579999999998892 0.3700000000003107 0
7900 1.88999999999987 0.7199999999993638 0
7901 1.899999999999861 0.7299999999993676 0
7902 1.889999999999857 0.7399999999993946 0
7903 1.879999999999865 0.7299999999993909 0
7904 1.859999999999832 0.7699999999995113 0
7905 1.849999999999823 0.7799999999995778 0
7906 1.800000000000385 0.4499999999993078 0
7907 1.81000000000037 0.4399999999992812 0
7908 1.820000000000353 0.4499999999992621 0
7909 1.810000000000369 0.4599999999992889 0
7910 1.159999999997901 0.1500000000002549 0
7911 1.139999999997859 0.1500000000002488 0
7912 0.1000000000002168 0.370000000001399 0
7913 0.09000000000019734 0.3800000000014628 0
7914 0.0800000000001953 0.3700000000014609 0
7915 0.09000000000021481 0.3600000000013971 0
7916 0.409999999999329 0.2599999999994507 0
7917 0.4099999999993906 0.2799999999994242 0
7918 0.3999999999994054 0.2699999999994462 0
7919 0.2900000000012132 0.9599999999998661 0
7920 0.300000000001252 0.9699999999998967 0
7921 0.2900000000012086 0.9799999999999294 0
7922 0.2800000000011698 0.9699999999998987 0
7923 0.260000000001088 0.9699999999999011 0
7924 0.2500000000010441 0.9799999999999318 0
7925 0.130000000000182 0.4000000000013707 0
7926 0.1400000000001603 0.4100000000013516 0
7927 0.1300000000001377 0.4200000000014069 0
7928 1.799999999999221 0.9699999999999365 0
7929 0.230000000000337 0.7999999999997425 0
7930 0.2300000000005724 0.8199999999997272 0
7931 1.819999999999519 0.03000000000006382 0
7932 1.82999999999955 0.0200000000000437 0
7933 1.839999999999572 0.03000000000006179 0
7934 0.4099999999996012 0.3199999999993766 0
7935 0.4199999999995675 0.3299999999993563 0
7936 0.4099999999997094 0.3399999999993583 0
7937 0.7900000000032488 0.9399999999997983 0
7938 0.7900000000032741 0.9599999999998555 0
7939 0.7800000000032217 0.9499999999998234 0
7940 1.779999999999414 0.03000000000006769 0
7941 1.789999999999444 0.02000000000004569 0
7942 1.799999999999466 0.03000000000006557 0
7943 1.789999999999436 0.04000000000008758 0
7944 0.02999999999989288 0.8599999999996661 0
7945 0.01999999999991407 0.849999999999693 0
7946 0.02999999999986042 0.8399999999997541 0
7947 0.03999999999983923 0.8499999999997271 0
7948 1.969999999999936 0.739999999999321 0
7949 1.979999999999955 0.7499999999993449 0
7950 1.969999999999935 0.7599999999993741 0
7951 1.090000000003464 0.8200000000010377 0
7952 1.080000000003488 0.8100000000010605 0
7953 1.090000000003452 0.800000000001131 0
7954 1.100000000003428 0.8100000000011083 0
7955 1.98999999999999 0.5799999999989062 0
7956 1.979999999999984 0.5699999999988926 0
7957 1.600000000000684 0.5700000000010133 0
7958 1.590000000000699 0.5800000000013428 0
7959 1.580000000000731 0.5700000000013681 0
7960 1.590000000000716 0.5600000000010387 0
7961 1.620000000000657 0.4699999999998015 0
7962 1.640000000000631 0.4699999999996985 0
7963 1.630000000000656 0.4799999999997464 0
7964 0.1299999077524131 0.1399999077523944 0
7965 0.06999999999961128 0.7400000000003808 0
7966 0.07999999999956912 0.7500000000002828 0
7967 0.05999999999965715 0.7500000000003217 0
7968 0.2099999988676303 0.09999999886777954 0
7969 0.2099999995764196 0.07999999957663914 0
7970 0.2199999999272977 0.08999999992750946 0
7971 0.8500000000035431 0.9799999999999358 0
7972 0.8400000000034926 0.9699999999999036 0
7973 0.5200000000021768 0.9499999999998083 0
7974 0.5300000000022217 0.9399999999997712 0
7975 0.5400000000022586 0.9499999999998072 0
7976 0.5300000000022137 0.9599999999998442 0
7977 1.469999999998647 0.3400000000003502 0
7978 1.459999999998635 0.3300000000003542 0
7979 1.46999999999863 0.3200000000003594 0
7980 1.479999999998642 0.3300000000003555 0
7981 1.940000000000094 0.1299999999998115 0
7982 0.5799999999985712 0.3699999999992853 0
7983 0.5699999999987994 0.3799999999992758 0
7984 0.5599999999989437 0.3699999999992856 0
7985 0.5699999999987155 0.3599999999992951 0
7986 0.7899999999976833 0.2999999999993495 0
7987 0.7999999999976887 0.3099999999993351 0
7988 0.7899999999977059 0.3199999999993198 0
7989 0.7799999999977005 0.3099999999993342 0
7990 1.240000000002524 0.7900000000012524 0
7991 1.260000000002304 0.7900000000012525 0
7992 1.250000000002411 0.8000000000012026 0
7993 0.3599999999993541 0.1699999999996289 0
7994 0.3699999999993008 0.1599999999996382 0
7995 0.3799999999992852 0.169999999999614 0
7996 1.239999999998515 0.390000000000254 0
7997 1.219999999998503 0.3900000000002433 0
7998 0.3499999999995567 0.2399999999995382 0
7999 0.3599999999995387 0.2499999999995144 0
8000 0.3499999999996365 0.259999999999515 0
8001 1.650000000000016 0.3800000000000897 0
8002 1.639999999999726 0.3700000000001831 0
8003 1.649999999999656 0.3600000000001952 0
8004 1.659999999999946 0.3700000000001017 0
8005 1.389999999998399 0.0400000000000953 0
8006 1.399999999998425 0.05000000000011671 0
8007 1.3899999999984 0.06000000000013853 0
8008 0.5500000000023288 0.6199999999991683 0
8009 0.56000000000234 0.6299999999991757 0
8010 0.5500000000023306 0.6399999999991822 0
8011 0.5400000000023194 0.6299999999991749 0
8012 1.64000000000039 0.6700000000013699 0
8013 1.650000000000416 0.6600000000012451 0
8014 1.66000000000036 0.6700000000011537 0
8015 1.840000000000281 0.2699999999995026 0
8016 1.830000000000294 0.2799999999994541 0
8017 1.820000000000289 0.269999999999611 0
8018 0.08999999999966003 0.5600000000017077 0
8019 0.09999999999961837 0.5700000000016809 0
8020 0.08999999999961864 0.580000000001639 0
8021 1.899999999999793 0.8299999999995735 0
8022 1.88999999999977 0.8399999999996046 0
8023 1.889999999999792 0.819999999999566 0
8024 1.390000000000686 0.7200000000015562 0
8025 1.380000000000716 0.7100000000016007 0
8026 1.390000000000625 0.7000000000016374 0
8027 1.400000000000595 0.7100000000015929 0
8028 1.960000000000034 0.08999999999990137 0
8029 1.950000000000047 0.09999999999989911 0
8030 1.34999999999986 0.5000000000010909 0
8031 1.33999999999956 0.4900000000008407 0
8032 1.349999999999187 0.4800000000006064 0
8033 1.270000000002238 0.8200000000010983 0
8034 1.26000000000232 0.8100000000011507 0
8035 1.270000000002212 0.8000000000012022 0
8036 1.280000000002131 0.8100000000011497 0
8037 1.759999999999182 0.9500000000000317 0
8038 1.769999999999219 0.9399999999999997 0
8039 0.6800000000028266 0.9299999999997384 0
8040 0.6700000000027874 0.9399999999997706 0
8041 0.6600000000027443 0.9299999999997377 0
8042 0.5499999999989462 0.3399999999993162 0
8043 0.5599999999988645 0.3499999999993057 0
8044 0.549999999999023 0.3599999999992952 0
8045 0.5399999999991048 0.3499999999993058 0
8046 1.959999999999984 0.569999999998928 0
8047 1.959999999999933 0.6699999999991583 0
8048 1.949999999999918 0.6799999999991972 0
8049 1.939999999999915 0.6699999999991852 0
8050 1.709999999999047 0.1800000000002727 0
8051 1.699999999999031 0.1700000000002703 0
8052 1.709999999999058 0.1600000000002599 0
8053 1.719999999999074 0.1700000000002623 0
8054 0.1300000000005287 0.9799999999999354 0
8055 0.1200000000004703 0.969999999999908 0
8056 1.519999999998719 0.09000000000019652 0
8057 1.529999999998749 0.08000000000017821 0
8058 1.539999999998767 0.09000000000019559 0
8059 1.529999999998737 0.1000000000002139 0
8060 1.189999999998236 0.3200000000002891 0
8061 1.199999999998295 0.3300000000002885 0
8062 0.04000000000012553 0.3500000000014519 0
8063 0.03000000000009436 0.3600000000014939 0
8064 0.02000000000006652 0.3500000000014553 0
8065 0.03000000000009769 0.3400000000014133 0
8066 0.1099999997409278 0.2199999997415349 0
8067 0.09999999950142396 0.2099999995020174 0
8068 0.06000000000019465 0.2300000000009427 0
8069 0.05000000000016675 0.2400000000009871 0
8070 0.04000000000013828 0.2300000000009458 0
8071 1.520000000000826 0.5900000000018761 0
8072 1.530000000000831 0.5800000000018486 0
8073 1.540000000000794 0.5900000000018348 0
8074 1.530000000000789 0.6000000000018623 0
8075 1.200000000002875 0.7900000000012526 0
8076 1.220000000002719 0.7900000000012534 0
8077 1.210000000002786 0.8000000000012035 0
8078 1.399999999998427 0.09000000000019599 0
8079 1.40999999999845 0.08000000000017815 0
8080 1.419999999998477 0.09000000000019612 0
8081 1.429999999998983 0.460000000000387 0
8082 1.419999999998848 0.4500000000003018 0
8083 1.429999999998786 0.4400000000002707 0
8084 1.439999999998921 0.4500000000003559 0
8085 1.419999999998476 0.05000000000011701 0
8086 1.429999999998502 0.04000000000009521 0
8087 1.439999999998527 0.05000000000011671 0
8088 1.429999999998501 0.06000000000013851 0
8089 0.3900000000002304 0.5999999999998908 0
8090 0.3900000000007635 0.6199999999995798 0
8091 1.100000000003423 0.7900000000012015 0
8092 1.11000000000338 0.7800000000012628 0
8093 1.12000000000334 0.7900000000012314 0
8094 1.110000000003383 0.8000000000011702 0
8095 1.390000000000774 0.7400000000014708 0
8096 1.380000000000801 0.730000000001517 0
8097 0.5799999999985219 0.3299999999993285 0
8098 0.5699999999986827 0.3399999999993164 0
8099 0.5599999999988141 0.3299999999993281 0
8100 0.5699999999986534 0.3199999999993401 0
8101 1.98000000000001 0.06999999999990483 0
8102 1.970000000000019 0.07999999999990799 0
8103 1.969999999999993 0.0599999999999532 0
8104 0.1299992454329345 0.0399992454331156 0
8105 0.1399998474314441 0.04999984743161734 0
8106 0.1199983815911505 0.04999838159127419 0
8107 1.099999999998219 0.3700000000001714 0
8108 1.109999999998198 0.3600000000001927 0
8109 1.119999999998278 0.3700000000001908 0
8110 1.510000000000554 0.9000000000006375 0
8111 1.500000000000601 0.8900000000006957 0
8112 1.520000000000431 0.8900000000006913 0
8113 0.4500000000013377 0.5799999999993788 0
8114 0.4600000000017046 0.5899999999992557 0
8115 0.4500000000015461 0.5999999999992851 0
8116 0.4400000000011791 0.5899999999994082 0
8117 1.580000000000034 0.4300000000000931 0
8118 1.589999999999968 0.420000000000101 0
8119 1.600000000000277 0.4300000000000113 0
8120 1.590000000000343 0.4400000000000033 0
8121 1.640000000000466 0.6500000000013462 0
8122 1.650000000000476 0.6400000000011806 0
8123 0.04000000000009395 0.41000000000167 0
8124 0.0500000000001224 0.4000000000016204 0
8125 0.06000000000012493 0.4100000000016317 0
8126 0.6199999999980368 0.3299999999993277 0
8127 0.6099999999981283 0.3399999999993157 0
8128 0.5999999999982278 0.3299999999993281 0
8129 0.6099999999981365 0.3199999999993401 0
8130 0.02000000000006879 0.3300000000013725 0
8131 0.01000000000003357 0.3400000000014146 0
8132 0.01000000000003521 0.3200000000013311 0
8133 0.05000000000015355 0.3400000000014045 0
8134 0.04000000000013081 0.3300000000013693 0
8135 1.579999999998883 0.05000000000011665 0
8136 1.589999999998912 0.04000000000009495 0
8137 1.599999999998933 0.0500000000001162 0
8138 1.589999999998904 0.0600000000001379 0
8139 0.9200000000038546 0.9699999999999707 0
8140 0.06999999999999286 0.8999999999997415 0
8141 0.08000000000005789 0.909999999999773 0
8142 0.07000000000009851 0.9199999999997723 0
8143 1.230000000002622 0.8200000000010992 0
8144 1.22000000000271 0.8100000000011518 0
8145 1.230000000002611 0.8000000000012032 0
8146 1.240000000002524 0.8100000000011507 0
8147 0.06000000000017434 0.3500000000014342 0
8148 0.05000000000014632 0.3600000000014817 0
8149 1.470000000000629 0.8400000000009719 0
8150 1.460000000000669 0.8300000000010257 0
8151 1.470000000000517 0.820000000001073 0
8152 1.480000000000477 0.8300000000010191 0
8153 0.5899999999983774 0.2999999999993665 0
8154 0.5999999999982384 0.3099999999993533 0
8155 0.5899999999983727 0.3199999999993403 0
8156 0.5799999999985117 0.3099999999993535 0
8157 0.05000000000013737 0.3800000000015531 0
8158 0.6799999999987245 0.4699999999992069 0
8159 0.6599999999988873 0.4699999999992069 0
8160 0.6699999999983699 0.4599999999992054 0
8161 1.809999999999267 0.959999999999904 0
8162 1.819999999999282 0.9699999999999152 0
8163 1.809999999999236 0.9799999999999476 0
8164 1.299999999998609 0.4100000000002521 0
8165 1.309999999998597 0.4000000000002683 0
8166 1.319999999998633 0.4100000000002589 0
8167 1.309999999998645 0.4200000000002427 0
8168 1.520000000000871 0.5500000000015203 0
8169 1.540000000000836 0.550000000001441 0
8170 1.530000000000853 0.5600000000016707 0
8171 1.95999999999985 0.9699999999999056 0
8172 1.969999999999894 0.9599999999998809 0
8173 1.979999999999927 0.9699999999999134 0
8174 1.969999999999884 0.979999999999938 0
8175 1.580000000000629 0.6300000000017019 0
8176 1.590000000000644 0.6200000000016626 0
8177 1.600000000000596 0.6300000000016186 0
8178 1.590000000000581 0.6400000000016579 0
8179 0.5499999999988888 0.3199999999993395 0
8180 0.539999999999021 0.3299999999993276 0
8181 1.81999999999931 0.9499999999998741 0
8182 1.809999999999301 0.9399999999998755 0
8183 0.6800000000024123 0.5899999999992851 0
8184 0.6900000000024065 0.5799999999993086 0
8185 0.7000000000024241 0.5899999999993331 0
8186 0.03000000000010485 0.2000000000008194 0
8187 0.02000000000007203 0.1900000000007837 0
8188 0.02999999639518713 0.1799999963958187 0
8189 0.03999999639521995 0.1899999963958544 0
8190 0.3899999999992656 0.1799999999995899 0
8191 0.3999999999992454 0.1899999999995658 0
8192 0.3899999999993018 0.1999999999995569 0
8193 1.720000000000121 0.3300000000000185 0
8194 1.740000000000295 0.3299999999998765 0
8195 1.730000000000273 0.3399999999998858 0
8196 0.4899999999992113 0.3199999999993388 0
8197 0.4999999999992191 0.3299999999993261 0
8198 0.489999999999285 0.3399999999993164 0
8199 0.4799999999992772 0.3299999999993291 0
8200 1.58000000000054 0.6500000000016604 0
8201 1.590000000000478 0.6600000000016074 0
8202 1.37999999999863 0.3700000000003162 0
8203 1.389999999998623 0.3600000000003269 0
8204 1.399999999998651 0.3700000000003202 0
8205 1.160000000003123 0.7900000000012508 0
8206 1.170000000003072 0.7800000000013015 0
8207 1.180000000003005 0.7900000000012529 0
8208 1.170000000003056 0.8000000000012022 0
8209 0.5799999999985194 0.2899999999993804 0
8210 0.5699999999986343 0.2999999999993658 0
8211 0.5599999999987604 0.2899999999993791 0
8212 0.5699999999986456 0.2799999999993937 0
8213 1.470000000000743 0.8600000000008666 0
8214 1.460000000000788 0.8500000000009219 0
8215 1.480000000000584 0.8500000000009166 0
8216 0.3600000000017423 0.7099999999993831 0
8217 0.3700000000017932 0.6999999999993611 0
8218 0.380000000001927 0.7099999999993416 0
8219 0.6299999999980141 0.3999999999992526 0
8220 0.6399999999979673 0.4099999999992426 0
8221 0.6299999999980723 0.419999999999236 0
8222 0.6199999999981191 0.409999999999246 0
8223 0.03000000000010517 0.2200000000009068 0
8224 0.02000000000007233 0.210000000000868 0
8225 0.6199999999981042 0.2899999999993813 0
8226 0.6099999999981611 0.2999999999993668 0
8227 0.599999999998273 0.2899999999993809 0
8228 0.609999999998216 0.2799999999993954 0
8229 1.859999999999429 0.9699999999998989 0
8230 1.849999999999383 0.9799999999999327 0
8231 1.839999999999352 0.9699999999999063 0
8232 1.849999999999398 0.9599999999998725 0
8233 0.7100000000029483 0.9399999999997728 0
8234 0.7000000000029059 0.9299999999997398 0
8235 0.7100000000029396 0.9199999999997095 0
8236 0.720000000002982 0.9299999999997424 0
8237 1.939999999999904 0.689999999999233 0
8238 1.959999999999925 0.6899999999992064 0
8239 1.949999999999911 0.6999999999992421 0
8240 1.369999999998388 0.1600000000002966 0
8241 1.359999999998353 0.1500000000002844 0
8242 1.369999999998373 0.140000000000273 0
8243 1.379999999998409 0.1500000000002852 0
8244 0.0699996443458 0.1399996443461357 0
8245 0.05999884560089284 0.1299988456012254 0
8246 0.06999835988262383 0.1199983598828686 0
8247 0.07999915862753099 0.1299991586277789 0
8248 1.839999999999563 0.07000000000012269 0
8249 1.849999999999596 0.06000000000010831 0
8250 1.859999999999645 0.07000000000011411 0
8251 1.849999999999613 0.08000000000012848 0
8252 1.819999999999392 0.9099999999998272 0
8253 1.829999999999451 0.899999999999794 0
8254 1.839999999999453 0.9099999999997821 0
8255 0.3100000000012966 0.9599999999998632 0
8256 0.3200000000013353 0.9699999999998945 0
8257 0.3100000000012907 0.979999999999928 0
8258 1.86000000000029 0.4099999999991334 0
8259 1.850000000000306 0.4199999999991753 0
8260 1.84000000000032 0.4099999999991961 0
8261 1.850000000000304 0.3999999999991543 0
8262 1.60000000000071 0.5300000000003542 0
8263 1.620000000000666 0.5300000000000564 0
8264 1.610000000000683 0.5400000000003076 0
8265 1.949999999999803 0.9799999999999327 0
8266 1.939999999999771 0.9699999999998991 0
8267 1.949999999999818 0.959999999999872 0
8268 0.6899999999978552 0.3799999999992634 0
8269 0.6999999999978597 0.3899999999992513 0
8270 0.6899999999978799 0.3999999999992432 0
8271 0.6799999999978754 0.3899999999992553 0
8272 0.02000000000006431 0.9499999999998019 0
8273 0.0400000000001223 0.9499999999998177 0
8274 1.739999999999172 0.1300000000002235 0
8275 1.749999999999214 0.1200000000002113 0
8276 1.759999999999228 0.1300000000002156 0
8277 1.929999999999847 0.8199999999995387 0
8278 1.919999999999834 0.8099999999995202 0
8279 1.929999999999854 0.7999999999994931 0
8280 1.189999999998179 0.3000000000002999 0
8281 1.199999999998235 0.3100000000003009 0
8282 1.17999999999818 0.310000000000288 0
8283 0.07000000000021636 0.2800000000011282 0
8284 0.08000000000023698 0.2900000000011563 0
8285 1.71999999999909 0.1500000000002484 0
8286 1.699999999999053 0.1500000000002545 0
8287 0.6199999999981776 0.2699999999994112 0
8288 0.5999999999983361 0.2699999999994104 0
8289 0.6099999999982977 0.2599999999994262 0
8290 1.709999999999547 0.280000000000251 0
8291 1.699999999999291 0.2700000000002809 0
8292 1.709999999999356 0.2600000000002751 0
8293 1.86999999999954 0.9199999999997621 0
8294 1.859999999999528 0.9099999999997537 0
8295 1.829999999999929 0.1600000000001114 0
8296 1.139999999998052 0.2900000000002707 0
8297 1.12999999999806 0.3000000000002591 0
8298 1.119999999998033 0.2900000000002569 0
8299 0.0300000000001019 0.3200000000013284 0
8300 0.02000000000007118 0.3100000000012881 0
8301 1.519999999998688 0.1500000000002856 0
8302 1.529999999998712 0.1400000000002731 0
8303 1.539999999998727 0.1500000000002844 0
8304 0.1100000000004385 0.9799999999999344 0
8305 0.1100000000004083 0.9599999999998792 0
8306 1.450000000000414 0.7600000000013623 0
8307 1.440000000000451 0.7500000000014102 0
8308 1.450000000000363 0.7400000000014492 0
8309 1.460000000000326 0.7500000000014012 0
8310 0.06999999999960707 0.7000000000007029 0
8311 0.0799999999995623 0.7100000000006115 0
8312 0.06999999999960721 0.72000000000055 0
8313 0.05999999999965199 0.7100000000006415 0
8314 1.49999999999864 0.2100000000003432 0
8315 1.509999999998656 0.2000000000003359 0
8316 1.519999999998665 0.2100000000003419 0
8317 1.509999999998649 0.2200000000003493 0
8318 0.5900000000024541 0.839999999999483 0
8319 0.6000000000024862 0.8499999999995086 0
8320 0.5900000000024594 0.8599999999995301 0
8321 0.5800000000024275 0.8499999999995046 0
8322 0.409999999999258 0.2199999999995098 0
8323 0.4199999999992344 0.2299999999994865 0
8324 0.4099999999992922 0.2399999999994793 0
8325 0.3400000000001355 0.3499999999995489 0
8326 0.3300000000001478 0.3599999999997013 0
8327 0.3200000000001555 0.3499999999997501 0
8328 0.3300000000001432 0.3399999999995977 0
8329 1.42999999999873 0.4200000000002733 0
8330 1.439999999998763 0.4300000000002777 0
8331 1.419999999998752 0.4300000000002663 0
8332 1.079999999997719 0.170000000000232 0
8333 1.089999999997736 0.1600000000002343 0
8334 1.989999999999988 0.5999999999989554 0
8335 1.029999999997482 0.06000000000008009 0
8336 1.039999999997506 0.07000000000010612 0
8337 1.029999999997497 0.08000000000010325 0
8338 1.019999999997473 0.07000000000007722 0
8339 0.7600000000031458 0.949999999999817 0
8340 0.7700000000031735 0.9399999999997892 0
8341 0.7700000000031939 0.9599999999998512 0
8342 1.360000000001427 0.7900000000012452 0
8343 1.37000000000125 0.7800000000012929 0
8344 1.380000000001233 0.7900000000012428 0
8345 1.370000000001411 0.8000000000011951 0
8346 1.149999999997962 0.2200000000002876 0
8347 1.159999999997985 0.2300000000002939 0
8348 1.149999999997985 0.2400000000002893 0
8349 1.139999999997961 0.230000000000283 0
8350 1.919999999999812 0.8499999999996035 0
8351 1.909999999999785 0.8599999999996257 0
8352 1.899999999999774 0.8499999999996105 0
8353 1.909999999999801 0.8399999999995884 0
8354 0.01995087939674297 0.06995087939697252 0
8355 0.04000000000013861 0.2500000000010291 0
8356 0.03000000000010553 0.2600000000010735 0
8357 0.0200000000000726 0.2500000000010362 0
8358 0.03000000000010568 0.2400000000009918 0
8359 1.879999999999697 0.05000000000008605 0
8360 1.889999999999719 0.04000000000007194 0
8361 1.899999999999773 0.05000000000007683 0
8362 1.889999999999751 0.06000000000009094 0
8363 1.19000000000293 0.840000000000992 0
8364 1.18000000000299 0.830000000001046 0
8365 1.190000000002923 0.8200000000010998 0
8366 1.200000000002863 0.8300000000010457 0
8367 0.5799999999985832 0.2499999999994408 0
8368 0.5699999999986671 0.2599999999994239 0
8369 0.559999999998763 0.2499999999994389 0
8370 0.5699999999986791 0.2399999999994559 0
8371 0.09000000000002681 0.8999999999997734 0
8372 0.1000000000001239 0.9099999999997962 0
8373 0.09000000000015498 0.9199999999997956 0
8374 1.520000000000675 0.6300000000018062 0
8375 1.530000000000726 0.620000000001826 0
8376 1.530000000000624 0.640000000001767 0
8377 1.240000000002548 0.830000000001045 0
8378 1.250000000002434 0.8200000000010987 0
8379 1.260000000002354 0.8300000000010449 0
8380 1.250000000002467 0.8400000000009912 0
8381 0.01999999999994379 0.510000000001902 0
8382 0.009999999999963701 0.5200000000019089 0
8383 0.6199999999982672 0.249999999999443 0
8384 0.5999999999984074 0.249999999999442 0
8385 0.609999999998377 0.2399999999994588 0
8386 0.07000000000011811 0.4200000000016322 0
8387 0.08000000000010406 0.4300000000016274 0
8388 0.07000000000007833 0.4400000000016808 0
8389 1.949999999999906 0.7199999999992842 0
8390 1.959999999999918 0.7299999999992993 0
8391 0.0800000000000541 0.4500000000016731 0
8392 1.880000000000257 0.4099999999990671 0
8393 1.870000000000273 0.399999999999093 0
8394 1.879999999999792 0.8099999999995589 0
8395 1.889999999999809 0.799999999999527 0
8396 1.899999999999809 0.8099999999995341 0
8397 0.4899999999991479 0.2999999999993632 0
8398 0.4999999999991495 0.3099999999993496 0
8399 0.4799999999992098 0.3099999999993523 0
8400 1.580000000000256 0.6900000000015328 0
8401 1.59000000000034 0.6800000000015467 0
8402 1.590000000000173 0.7000000000014786 0
8403 1.920000000000077 0.5299999999989788 0
8404 1.930000000000077 0.5199999999989324 0
8405 1.940000000000046 0.5299999999989046 0
8406 1.930000000000047 0.5399999999989511 0
8407 1.410000000000981 0.8000000000011873 0
8408 1.400000000001011 0.7900000000012379 0
8409 1.410000000000839 0.7800000000012833 0
8410 1.420000000000809 0.7900000000012327 0
8411 1.81999999999926 0.98999999999997 0
8412 1.39000000000104 0.780000000001289 0
8413 1.380000000001064 0.7700000000013383 0
8414 1.390000000000892 0.7600000000013818 0
8415 1.400000000000868 0.7700000000013325 0
8416 0.6799999999978423 0.3099999999993508 0
8417 0.6699999999978494 0.3199999999993373 0
8418 0.6599999999978794 0.3099999999993515 0
8419 0.6699999999978722 0.2999999999993651 0
8420 1.809999999999339 0.9199999999998609 0
8421 1.799999999999336 0.9099999999998866 0
8422 0.6300000000025385 0.7999999999994161 0
8423 0.6200000000025065 0.7899999999993936 0
8424 0.6300000000025232 0.7799999999993811 0
8425 0.6400000000025552 0.7899999999994035 0
8426 0.09000000000025632 0.2800000000011112 0
8427 0.08000000000023995 0.2700000000010873 0
8428 0.09000000000025934 0.2600000000010506 0
8429 1.89999999999985 0.7499999999994047 0
8430 1.889999999999842 0.7599999999994387 0
8431 1.940000000000135 0.2099999999995579 0
8432 1.930000000000153 0.219999999999539 0
8433 1.920000000000168 0.2099999999995798 0
8434 1.93000000000015 0.1999999999995987 0
8435 1.579999999999866 0.7500000000013078 0
8436 1.589999999999887 0.7400000000013308 0
8437 1.59999999999983 0.7500000000012752 0
8438 1.589999999999809 0.7600000000012522 0
8439 0.1699999835364105 0.1199999835363477 0
8440 0.1799999958901893 0.1299999958901138 0
8441 1.749999999999691 0.2400000000002005 0
8442 0.1800000000008018 0.9299999999998224 0
8443 0.1700000000007421 0.9399999999998387 0
8444 0.1600000000006794 0.929999999999827 0
8445 0.1700000000007391 0.9199999999998106 0
8446 0.3400000000001319 0.3699999999996468 0
8447 1.939999999999822 0.9099999999997335 0
8448 1.92999999999978 0.9199999999997516 0
8449 1.919999999999756 0.9099999999997239 0
8450 0.6899999999978175 0.3399999999993095 0
8451 0.6999999999978124 0.349999999999296 0
8452 0.6899999999978312 0.3599999999992856 0
8453 0.6799999999978363 0.3499999999992991 0
8454 1.709999999999228 0.04000000000009135 0
8455 1.699999999999204 0.03000000000006939 0
8456 1.709999999999233 0.0200000000000472 0
8457 1.719999999999257 0.03000000000006916 0
8458 0.6199999999983488 0.2299999999994767 0
8459 0.599999999998465 0.2299999999994754 0
8460 0.6099999999984369 0.2199999999994933 0
8461 0.2299999999765497 0.07999999997681283 0
8462 0.21999999997623 0.06999999997649944 0
8463 0.2299999999959203 0.05999999999623167 0
8464 0.23999999999624 0.06999999999654505 0
8465 1.449999999998825 0.4400000000002866 0
8466 1.449999999998737 0.4200000000002773 0
8467 1.459999999998799 0.4300000000002862 0
8468 0.009997152449319906 0.09999715244970314 0
8469 0.009988258954030282 0.07998825895433087 0
8470 0.5800000000024221 0.9499999999998059 0
8471 0.5700000000023787 0.959999999999843 0
8472 0.5600000000023408 0.9499999999998063 0
8473 0.5700000000023843 0.9399999999997692 0
8474 1.130000000003291 0.7800000000012864 0
8475 1.140000000003236 0.7900000000012463 0
8476 1.130000000003285 0.8000000000011912 0
8477 1.080000000003605 0.9500000000003235 0
8478 1.070000000003664 0.9600000000002555 0
8479 1.060000000003712 0.9500000000003066 0
8480 1.019999999997643 0.2100000000001445 0
8481 1.009999999997642 0.220000000000111 0
8482 0.9999999999976167 0.2100000000000813 0
8483 0.6600000000027468 0.9499999999998068 0
8484 0.6500000000027064 0.9599999999998428 0
8485 0.6400000000026647 0.9499999999998063 0
8486 0.6500000000027051 0.9399999999997704 0
8487 0.7400000000030165 0.8899999999996486 0
8488 0.7600000000030704 0.8899999999996646 0
8489 0.5899999999984703 0.2599999999994252 0
8490 0.589999999998415 0.2799999999993947 0
8491 0.5799999999985492 0.2699999999994096 0
8492 1.109999999997659 0.04000000000008892 0
8493 1.099999999997632 0.0300000000000673 0
8494 1.109999999997658 0.02000000000004669 0
8495 1.119999999997684 0.03000000000006832 0
8496 0.08999999999989786 0.879999999999767 0
8497 0.0999999999999856 0.8899999999997847 0
8498 0.07999999999993906 0.8899999999997557 0
8499 0.05000000000017121 0.9599999999998559 0
8500 0.0500000000001305 0.9399999999997959 0
8501 0.06000000000017942 0.9499999999998341 0
8502 0.03999999999975797 0.7300000000004845 0
8503 0.0499999999997043 0.7200000000005633 0
8504 0.05999999999965416 0.7300000000004838 0
8505 0.04999999999970782 0.740000000000405 0
8506 0.3499999999994062 0.1799999999996197 0
8507 0.3499999999994476 0.1999999999995911 0
8508 0.3399999999994593 0.1899999999996132 0
8509 0.6100000000010863 0.49999999999918 0
8510 0.6200000000014152 0.5099999999991827 0
8511 0.6100000000019044 0.5199999999991722 0
8512 0.6000000000015755 0.5099999999991696 0
8513 0.4399999999999224 0.4499999999993088 0
8514 0.4199999999999339 0.4499999999993781 0
8515 0.4299999999999461 0.4399999999993117 0
8516 1.450000000000489 0.7800000000012716 0
8517 1.440000000000524 0.770000000001321 0
8518 1.929999999999905 0.6799999999992337 0
8519 0.5799999999986002 0.209999999999509 0
8520 0.5699999999986677 0.2199999999994898 0
8521 0.5599999999987063 0.2099999999995067 0
8522 0.5699999999986388 0.1999999999995258 0
8523 1.669999999999507 0.9800000000001199 0
8524 1.659999999999569 0.9700000000001822 0
8525 1.669999999999491 0.960000000000228 0
8526 1.679999999999428 0.9700000000001657 0
8527 0.08999994304637815 0.1599999430467288 0
8528 0.07999982773097428 0.1499998277313193 0
8529 0.08999974050571441 0.1399997405059556 0
8530 0.09999985582111828 0.1499998558213651 0
8531 1.749999999999505 0.2200000000002268 0
8532 1.73999999999931 0.2100000000002544 0
8533 1.749999999999388 0.2000000000002386 0
8534 1.189999999997962 0.1600000000002738 0
8535 1.179999999997938 0.1500000000002616 0
8536 1.189999999997946 0.1400000000002543 0
8537 1.19999999999797 0.1500000000002666 0
8538 1.360000000001591 0.8300000000010412 0
8539 1.370000000001505 0.8200000000010934 0
8540 1.380000000001452 0.8300000000010401 0
8541 1.370000000001538 0.840000000000988 0
8542 1.879999999999683 0.01000000000002045 0
8543 1.899999999999738 0.01000000000001922 0
8544 1.889999999999711 0.02000000000003966 0
8545 0.6799999999979305 0.2699999999994107 0
8546 0.6699999999979203 0.2799999999993948 0
8547 0.6599999999979891 0.2699999999994107 0
8548 0.6699999999979993 0.2599999999994265 0
8549 0.04999969353368824 0.1399996935340949 0
8550 0.05999976190738723 0.149999761907798 0
8551 0.04999996640387293 0.159999966404354 0
8552 1.760000000000362 0.3299999999996795 0
8553 1.750000000000357 0.3399999999997021 0
8554 0.9300000000038058 0.9200000000000166 0
8555 0.9400000000038773 0.9300000000000324 0
8556 0.9200000000038044 0.9299999999999793 0
8557 1.439999999998526 0.07000000000015844 0
8558 1.4299999999985 0.08000000000017826 0
8559 1.419999999998476 0.07000000000015832 0
8560 1.909999999999815 0.8199999999995482 0
8561 1.919999999999824 0.829999999999563 0
8562 1.580000000000091 0.7100000000014615 0
8563 1.600000000000087 0.7100000000014239 0
8564 1.590000000000005 0.7200000000014068 0
8565 1.62999999999976 0.3800000000001696 0
8566 1.64000000000008 0.3900000000000777 0
8567 1.839999999999372 0.9499999999998543 0
8568 1.829999999999328 0.9599999999998843 0
8569 1.660000000000581 0.5299999999997763 0
8570 1.680000000000539 0.5299999999997396 0
8571 1.670000000000551 0.5399999999997834 0
8572 0.04999286042176734 0.0999928604220153 0
8573 0.05999582747079522 0.109995827471046 0
8574 0.04999814862280228 0.1199981486231305 0
8575 0.1499998697070486 0.09999986970703185 0
8576 0.1599999688523014 0.1099999688522583 0
8577 1.799999999999295 0.9299999999998898 0
8578 1.779999999999254 0.9299999999999595 0
8579 1.789999999999293 0.9199999999999235 0
8580 1.039999999997474 0.0100000000000163 0
8581 1.059999999997526 0.01000000000002009 0
8582 0.5600000000023473 0.9299999999997348 0
8583 0.5700000000023897 0.9199999999997007 0
8584 0.5800000000024266 0.929999999999735 0
8585 0.3899999999992337 0.1599999999996249 0
8586 0.3999999999992141 0.1699999999996007 0
8587 1.530000000000486 0.6600000000017021 0
8588 1.540000000000414 0.6700000000016593 0
8589 1.530000000000322 0.6800000000016327 0
8590 0.3800000000016736 0.8899999999996525 0
8591 0.3900000000017183 0.8799999999996233 0
8592 0.4000000000017399 0.8899999999996451 0
8593 0.4099999999992234 0.1999999999995421 0
8594 0.4199999999992013 0.2099999999995188 0
8595 0.39999999999928 0.2099999999995331 0
8596 1.109999999999079 0.4400000000003963 0
8597 1.099999999998805 0.4300000000002732 0
8598 1.109999999998601 0.4200000000001727 0
8599 1.119999999998875 0.4300000000002958 0
8600 0.5600000000023426 0.6499999999991904 0
8601 0.5500000000023317 0.6599999999991986 0
8602 0.5400000000023197 0.6499999999991903 0
8603 1.390000000001204 0.800000000001192 0
8604 1.969999999999938 0.7199999999992708 0
8605 1.979999999999956 0.7299999999992925 0
8606 0.5399999999996745 0.4299999999992394 0
8607 0.5299999999997856 0.4399999999992342 0
8608 0.5199999999998197 0.429999999999241 0
8609 0.5299999999997087 0.4199999999992463 0
8610 0.110000000000252 0.3400000000012742 0
8611 0.1000000000002502 0.330000000001266 0
8612 0.110000000000267 0.320000000001206 0
8613 1.299999999998349 0.2900000000003431 0
8614 1.309999999998349 0.2800000000003472 0
8615 1.31999999999838 0.2900000000003475 0
8616 1.240000000002563 0.8500000000009355 0
8617 1.260000000002376 0.8500000000009356 0
8618 1.250000000002472 0.8600000000008798 0
8619 1.849999999999597 0.04000000000007919 0
8620 1.859999999999629 0.05000000000009146 0
8621 0.5799999999985884 0.189999999999546 0
8622 0.5599999999986711 0.1899999999995436 0
8623 0.5699999999986207 0.1799999999995638 0
8624 0.540000000002252 0.9699999999998821 0
8625 0.5300000000022081 0.979999999999921 0
8626 0.5200000000021698 0.9699999999998832 0
8627 0.2200000000009815 0.9099999999997822 0
8628 0.2100000000009354 0.9199999999997983 0
8629 0.2000000000009009 0.909999999999791 0
8630 0.1700000000006883 0.8999999999997941 0
8631 0.1800000000007899 0.9099999999997993 0
8632 1.339999999999022 0.4700000000004456 0
8633 1.349999999998836 0.4600000000003113 0
8634 1.359999999999001 0.470000000000472 0
8635 1.639999999999045 0.03000000000007102 0
8636 1.649999999999075 0.02000000000004807 0
8637 1.659999999999098 0.03000000000007041 0
8638 1.649999999999069 0.04000000000009336 0
8639 0.6799999999980147 0.2499999999994434 0
8640 0.6599999999980865 0.2499999999994431 0
8641 0.6699999999981019 0.23999999999946 0
8642 0.1199999999999203 0.869999999999802 0
8643 1.909999999999861 0.7399999999993709 0
8644 1.90999999999987 0.7199999999993366 0
8645 0.2800000000011776 0.9499999999998407 0
8646 0.2700000000011312 0.9599999999998692 0
8647 0.2700000000011414 0.9399999999998169 0
8648 1.410000000001128 0.8200000000010872 0
8649 1.400000000001162 0.8100000000011396 0
8650 1.420000000000948 0.8100000000011351 0
8651 1.939999999999896 0.7099999999992743 0
8652 1.91999999999988 0.7099999999993066 0
8653 1.929999999999893 0.6999999999992736 0
8654 1.86999999999967 0.06000000000010157 0
8655 1.87999999999974 0.0700000000001007 0
8656 0.3300000000013827 0.959999999999861 0
8657 0.3200000000013482 0.9499999999998324 0
8658 0.08999999885237783 0.1999999988529438 0
8659 0.07999999653533196 0.1899999965358651 0
8660 0.08999999160095155 0.1799999916014087 0
8661 1.200000000002866 0.850000000000936 0
8662 1.210000000002801 0.840000000000992 0
8663 1.220000000002731 0.8500000000009362 0
8664 1.210000000002796 0.8600000000008803 0
8665 1.120000000003324 0.8300000000010309 0
8666 1.130000000003274 0.8200000000010887 0
8667 1.140000000003217 0.830000000001041 0
8668 1.130000000003267 0.8400000000009832 0
8669 0.06000000000021793 0.9699999999998947 0
8670 0.05000000000019404 0.9799999999999245 0
8671 0.4400000000018358 0.9699999999998876 0
8672 0.4300000000017921 0.9799999999999242 0
8673 0.4200000000017542 0.9699999999998885 0
8674 0.4300000000017979 0.959999999999852 0
8675 1.759999999999259 0.1100000000001976 0
8676 1.73999999999921 0.1100000000002027 0
8677 0.08000000000024141 0.2500000000010205 0
8678 0.08999999999611086 0.2399999999968386 0
8679 0.09999999999612878 0.2499999999968686 0
8680 0.6400000000026629 0.9299999999997371 0
8681 0.630000000002624 0.9399999999997701 0
8682 0.6200000000025832 0.9299999999997366 0
8683 0.630000000002622 0.9199999999997036 0
8684 1.739999999999271 0.8900000000002277 0
8685 1.749999999999308 0.8800000000001826 0
8686 1.7599999999993 0.8900000000001017 0
8687 0.04000000000012038 0.370000000001529 0
8688 0.0600000000001633 0.3700000000015058 0
8689 1.429999999999964 0.500000000001166 0
8690 1.419999999999598 0.4900000000008808 0
8691 1.429999999999406 0.4800000000007167 0
8692 1.940000000000141 0.2499999999994272 0
8693 1.930000000000161 0.2599999999993942 0
8694 1.920000000000176 0.2499999999994382 0
8695 1.930000000000156 0.2399999999994713 0
8696 1.379999999998592 0.3500000000003319 0
8697 1.369999999998595 0.360000000000323 0
8698 1.359999999998555 0.350000000000328 0
8699 1.520000000000122 0.7100000000015296 0
8700 1.530000000000168 0.7000000000015603 0
8701 1.540000000000104 0.7100000000015152 0
8702 1.530000000000057 0.7200000000014846 0
8703 1.679999999998994 0.1700000000002783 0
8704 1.669999999998965 0.1800000000002895 0
8705 1.659999999998959 0.1700000000002847 0
8706 1.669999999998987 0.1600000000002735 0
8707 0.1900000000008376 0.8999999999997854 0
8708 0.1800000000007212 0.8899999999997862 0
8709 0.1900000000007706 0.8799999999997749 0
8710 0.6799999999981126 0.229999999999478 0
8711 0.6599999999981894 0.2299999999994774 0
8712 0.6699999999982 0.2199999999994953 0
8713 1.579999999998851 0.1100000000002274 0
8714 1.589999999998882 0.1000000000002113 0
8715 1.599999999998898 0.1100000000002259 0
8716 1.589999999998867 0.120000000000242 0
8717 1.920000000000154 0.1699999999997127 0
8718 1.910000000000171 0.1799999999997098 0
8719 0.4800000000020104 0.9499999999998127 0
8720 0.4700000000019641 0.9599999999998489 0
8721 0.4600000000019255 0.949999999999815 0
8722 0.5700000000023919 0.7999999999993959 0
8723 0.5800000000024181 0.8099999999994172 0
8724 0.5700000000023958 0.8199999999994361 0
8725 0.5600000000023696 0.8099999999994147 0
8726 1.719999999999181 0.9900000000000387 0
8727 1.729999999999159 0.9800000000000623 0
8728 1.739999999999083 0.9900000000000235 0
8729 0.08999999983401145 0.2199999998346645 0
8730 1.910000000000203 0.3999999999990111 0
8731 1.900000000000223 0.3899999999990339 0
8732 1.910000000000205 0.3799999999990435 0
8733 1.920000000000186 0.3899999999990208 0
8734 1.920000000000186 0.3099999999992188 0
8735 1.910000000000206 0.3199999999991869 0
8736 1.900000000000222 0.3099999999992163 0
8737 1.910000000000202 0.2999999999992483 0
8738 0.5499999999988341 0.2599999999994222 0
8739 0.5599999999987635 0.269999999999408 0
8740 0.5499999999988376 0.2799999999993924 0
8741 0.5399999999989082 0.2699999999994066 0
8742 1.249999999998032 0.08000000000017585 0
8743 1.239999999998006 0.07000000000015605 0
8744 1.249999999998029 0.06000000000013733 0
8745 1.259999999998055 0.07000000000015713 0
8746 0.6100000000025001 0.8199999999994463 0
8747 0.6000000000024683 0.8099999999994227 0
8748 0.6100000000024886 0.7999999999994072 0
8749 0.6200000000025203 0.8099999999994307 0
8750 0.1499999817590894 0.1599999817590468 0
8751 0.159999991838114 0.1699999918380973 0
8752 0.1499999957417444 0.179999995741844 0
8753 0.1700000000007115 0.9799999999999354 0
8754 0.1700000000007256 0.9599999999998809 0
8755 1.519999999998638 0.2900000000003661 0
8756 1.509999999998634 0.3000000000003656 0
8757 1.49999999999863 0.2900000000003667 0
8758 1.509999999998634 0.2800000000003672 0
8759 0.8300000000034535 0.9799999999999295 0
8760 0.8200000000034047 0.9699999999998955 0
8761 1.600000000000705 0.4899999999999627 0
8762 1.610000000000685 0.4799999999998467 0
8763 1.620000000000673 0.4899999999998373 0
8764 1.889999999999825 0.7799999999994847 0
8765 1.87999999999983 0.7699999999994744 0
8766 0.1800000000007859 0.949999999999858 0
8767 1.859999999999478 0.9299999999997925 0
8768 1.849999999999421 0.9399999999998225 0
8769 1.84999999999946 0.9199999999997829 0
8770 1.31000000000196 0.8800000000007642 0
8771 1.300000000002024 0.8700000000008218 0
8772 1.310000000001936 0.8600000000008792 0
8773 1.320000000001872 0.8700000000008214 0
8774 1.270000000002289 0.8800000000007646 0
8775 1.260000000002377 0.8700000000008224 0
8776 1.270000000002284 0.8600000000008796 0
8777 1.280000000002196 0.8700000000008217 0
8778 1.159999999999568 0.4500000000006746 0
8779 1.1699999999991 0.4400000000004243 0
8780 1.179999999999537 0.4500000000006728 0
8781 0.6799999999981994 0.2099999999995142 0
8782 0.6599999999982741 0.2099999999995134 0
8783 0.6699999999982734 0.1999999999995323 0
8784 0.610000000002544 0.93999999999977 0
8785 0.6000000000025048 0.9299999999997359 0
8786 0.6100000000025438 0.9199999999997026 0
8787 1.459999999998723 0.4100000000002898 0
8788 1.439999999998717 0.4100000000002866 0
8789 1.020000000003833 0.9300000000003227 0
8790 1.030000000003785 0.9200000000003961 0
8791 1.040000000003767 0.9300000000003796 0
8792 1.919999999999689 0.9699999999998934 0
8793 1.909999999999636 0.9799999999999263 0
8794 1.899999999999602 0.9699999999998912 0
8795 1.909999999999655 0.9599999999998585 0
8796 1.900000000000215 0.4499999999990308 0
8797 1.89000000000023 0.4599999999990755 0
8798 1.880000000000252 0.4499999999991057 0
8799 1.890000000000237 0.439999999999061 0
8800 1.700000000000498 0.5299999999997258 0
8801 1.710000000000489 0.5199999999996998 0
8802 1.720000000000456 0.5299999999996896 0
8803 1.710000000000465 0.5399999999997156 0
8804 0.2700000000011266 0.9799999999999306 0
8805 1.979999999999962 0.6699999999991419 0
8806 1.969999999999945 0.6799999999991759 0
8807 0.8900000000027708 0.6400000000002011 0
8808 0.9000000000028061 0.6500000000002568 0
8809 0.8900000000028199 0.6600000000001738 0
8810 0.8800000000027846 0.650000000000118 0
8811 0.1999999999999512 0.4700000000012561 0
8812 0.1899999999999126 0.4800000000013283 0
8813 0.1799999999999579 0.4700000000013388 0
8814 0.1899999999999964 0.4600000000012666 0
8815 1.899999999999875 0.7099999999993418 0
8816 1.909999999999885 0.6999999999993118 0
8817 1.910000000000179 0.1999999999996398 0
8818 1.900000000000186 0.1899999999997077 0
8819 1.920000000000164 0.1899999999996419 0
8820 1.989999999999986 0.6199999999990053 0
8821 1.979999999999974 0.6099999999989876 0
8822 0.9800000000039902 0.9700000000000724 0
8823 0.9900000000039518 0.9600000000001239 0
8824 1.000000000003968 0.9700000000001144 0
8825 0.009898803879037946 0.03989880387918015 0
8826 0.009919030837912511 0.01991903083799088 0
8827 1.150000000003165 0.8600000000008781 0
8828 1.140000000003217 0.8500000000009327 0
8829 1.15000000000316 0.8400000000009895 0
8830 1.160000000003108 0.8500000000009348 0
8831 0.3999999999999453 0.4499999999994927 0
8832 0.4099999999999619 0.4399999999993853 0
8833 0.06000000000011727 0.9299999999997823 0
8834 1.240000000002552 0.8700000000008221 0
8835 1.250000000002457 0.8800000000007648 0
8836 0.409999999999191 0.1799999999995768 0
8837 0.7500000000029341 0.8199999999995558 0
8838 0.7600000000029858 0.8299999999995828 0
8839 0.7500000000029796 0.8399999999995771 0
8840 0.7400000000029278 0.82999999999955 0
8841 0.6900000000028564 0.8999999999996502 0
8842 0.7000000000028985 0.9099999999996801 0
8843 0.6900000000028635 0.9199999999997071 0
8844 0.8300000000029377 0.7599999999997602 0
8845 0.8200000000029031 0.7499999999997259 0
8846 0.830000000002887 0.7399999999997677 0
8847 0.8400000000029216 0.7499999999998019 0
8848 0.1700000000000033 0.4600000000013465 0
8849 0.1699999999999195 0.4800000000014146 0
8850 0.2299999999994167 0.03999999999976852 0
8851 0.2399999999991173 0.04999999999946406 0
8852 0.2199999999962198 0.04999999999653613 0
8853 1.639999999999022 0.07000000000015415 0
8854 1.649999999999057 0.06000000000013495 0
8855 1.659999999999075 0.07000000000015251 0
8856 0.7200000000028994 0.8499999999995573 0
8857 0.7100000000028835 0.8599999999995673 0
8858 0.7000000000028253 0.8499999999995421 0
8859 0.3499999999993673 0.1599999999996516 0
8860 1.289999999998154 0.1400000000002691 0
8861 1.27999999999812 0.1300000000002555 0
8862 1.289999999998135 0.1200000000002427 0
8863 1.299999999998169 0.1300000000002563 0
8864 1.489999999998649 0.08000000000017909 0
8865 1.499999999998671 0.09000000000019723 0
8866 1.489999999998645 0.1000000000002151 0
8867 1.479999999998623 0.09000000000019695 0
8868 1.160000000003111 0.8700000000008217 0
8869 1.170000000003053 0.8600000000008798 0
8870 1.180000000002988 0.870000000000823 0
8871 1.170000000003046 0.8800000000007648 0
8872 0.5799999999985836 0.1499999999996258 0
8873 0.5699999999986174 0.1599999999996036 0
8874 0.5599999999986512 0.1499999999996234 0
8875 0.5699999999986175 0.1399999999996455 0
8876 0.5899999999985475 0.2199999999994918 0
8877 0.5899999999985203 0.2399999999994575 0
8878 0.5799999999986027 0.2299999999994739 0
8879 0.8700000000030608 0.7799999999999199 0
8880 0.8800000000031069 0.7899999999999578 0
8881 0.8700000000031221 0.7999999999999032 0
8882 0.8600000000030759 0.7899999999998653 0
8883 1.659999999998981 0.1500000000002661 0
8884 1.669999999999009 0.1400000000002536 0
8885 1.679999999999016 0.150000000000261 0
8886 0.8199999999977134 0.1899999999995452 0
8887 0.8299999999977039 0.1799999999995704 0
8888 0.8399999999976433 0.1899999999995579 0
8889 0.8299999999976528 0.1999999999995327 0
8890 0.07000000000018644 0.360000000001449 0
8891 1.8299999999996 0.8599999999997756 0
8892 1.839999999999598 0.8699999999997463 0
8893 1.829999999999526 0.8799999999997827 0
8894 1.810000000000121 0.6199999999994884 0
8895 1.800000000000157 0.6099999999995092 0
8896 1.810000000000155 0.5999999999994705 0
8897 1.099999999998139 0.3500000000001934 0
8898 1.109999999998124 0.3400000000002125 0
8899 1.119999999998183 0.3500000000002118 0
8900 0.1900000000008532 0.9199999999998049 0
8901 0.2000000000008897 0.9299999999998176 0
8902 0.1900000000008384 0.9399999999998352 0
8903 0.6300000000024011 0.6199999999992098 0
8904 0.6400000000024169 0.629999999999226 0
8905 0.6300000000024142 0.6399999999992214 0
8906 0.6200000000023985 0.6299999999992053 0
8907 0.7300000000030102 0.9199999999997158 0
8908 0.7300000000030251 0.9399999999997763 0
8909 0.4399999999999114 0.4099999999992811 0
8910 0.4499999999998599 0.3999999999992765 0
8911 0.4599999999998713 0.4099999999992666 0
8912 0.4499999999999227 0.4199999999992712 0
8913 0.1000000000001906 0.3900000000014554 0
8914 0.09000000000016689 0.4000000000015159 0
8915 1.849999999999783 0.1200000000001296 0
8916 1.769999999999254 0.9200000000000119 0
8917 0.6100000000022747 0.53999999999917 0
8918 0.6000000000021003 0.5299999999991627 0
8919 0.6200000000020789 0.5299999999991796 0
8920 1.129999999997711 0.04000000000009018 0
8921 1.12999999999771 0.02000000000004705 0
8922 1.139999999997737 0.03000000000006891 0
8923 1.200000000002853 0.8700000000008228 0
8924 1.22000000000271 0.8700000000008228 0
8925 1.210000000002766 0.8800000000007653 0
8926 1.659999999999096 0.3100000000003049 0
8927 1.66999999999912 0.3000000000003019 0
8928 1.679999999999353 0.3100000000002632 0
8929 1.66999999999933 0.3200000000002661 0
8930 0.09999997488554056 0.1699999748859102 0
8931 0.1099999605842097 0.1599999605844419 0
8932 1.27999999999813 0.1700000000002999 0
8933 1.289999999998163 0.1600000000002914 0
8934 1.299999999998187 0.1700000000003013 0
8935 1.289999999998154 0.1800000000003098 0
8936 1.059999999997538 0.05000000000009411 0
8937 1.049999999997521 0.06000000000010191 0
8938 1.039999999997494 0.05000000000007863 0
8939 1.899999999999911 0.09000000000006195 0
8940 1.910000000000079 0.5399999999990115 0
8941 1.900000000000112 0.5299999999990399 0
8942 1.910000000000111 0.5199999999990074 0
8943 0.1599999999010578 0.2299999999015858 0
8944 0.1499999999646324 0.239999999965244 0
8945 0.1399999998276374 0.2299999998282043 0
8946 1.959999999999921 0.709999999999252 0
8947 1.929999999999995 0.5799999999990024 0
8948 1.939999999999976 0.5899999999990009 0
8949 1.929999999999974 0.5999999999990346 0
8950 1.780000000000394 0.3899999999992667 0
8951 1.790000000000378 0.3799999999992232 0
8952 1.80000000000037 0.3899999999992176 0
8953 0.5499999999988165 0.239999999999454 0
8954 0.5399999999988876 0.2499999999994373 0
8955 1.089999999997613 0.06000000000012234 0
8956 1.079999999997586 0.05000000000010263 0
8957 1.089999999997608 0.04000000000008685 0
8958 1.099999999997635 0.05000000000010657 0
8959 0.4100000000017099 0.9799999999999245 0
8960 0.400000000001673 0.9699999999998891 0
8961 0.4100000000017173 0.9599999999998532 0
8962 0.01000000000003193 0.3800000000015791 0
8963 0.0199996721272313 0.1299996721277008 0
8964 0.03999899655559768 0.1299989965559999 0
8965 0.1600000000005201 0.8899999999997958 0
8966 1.640000000000521 0.4299999999998251 0
8967 1.650000000000494 0.4199999999998279 0
8968 1.660000000000548 0.4299999999997179 0
8969 1.61000000000063 0.6000000000013157 0
8970 1.600000000000665 0.5900000000013241 0
8971 1.610000000000651 0.5800000000010106 0
8972 1.289999999998572 0.4000000000002619 0
8973 1.279999999998538 0.3900000000002704 0
8974 1.289999999998525 0.3800000000002846 0
8975 1.29999999999856 0.3900000000002761 0
8976 0.2500000000011628 0.8799999999997261 0
8977 0.2400000000011136 0.8699999999997275 0
8978 0.7700000000031433 0.9199999999997365 0
8979 0.7800000000031924 0.929999999999769 0
8980 1.770000000000385 0.3599999999993829 0
8981 1.760000000000384 0.3499999999995351 0
8982 1.770000000000374 0.3399999999994832 0
8983 1.780000000000375 0.349999999999331 0
8984 1.019999999997456 0.05000000000005525 0
8985 1.029999999997467 0.0400000000000538 0
8986 0.1000000000002353 0.350000000001335 0
8987 0.08000000000021029 0.3500000000013913 0
8988 0.09000000000023076 0.3400000000013291 0
8989 0.650000000002702 0.9199999999997045 0
8990 0.1100000000002708 0.3000000000011362 0
8991 0.1200000000002756 0.310000000001146 0
8992 1.780000000000364 0.3299999999994551 0
8993 0.9700000000037936 0.9000000000002086 0
8994 0.9600000000037121 0.8900000000001835 0
8995 0.9700000000036775 0.8800000000002571 0
8996 0.980000000003759 0.8900000000002822 0
8997 1.039999999997647 0.1900000000001899 0
8998 1.029999999997646 0.2000000000001684 0
8999 1.679999999999355 0.9100000000004336 0
9000 1.689999999999304 0.9000000000004402 0
9001 1.699999999999265 0.9100000000003723 0
9002 1.689999999999317 0.9200000000003656 0
9003 0.4899999999990438 0.2399999999994499 0
9004 0.4999999999990348 0.2499999999994336 0
9005 0.4899999999990723 0.2599999999994187 0
9006 0.4799999999990813 0.249999999999435 0
9007 1.839999999999896 0.7299999999994478 0
9008 1.849999999999897 0.7199999999994082 0
9009 1.859999999999876 0.729999999999412 0
9010 1.88000000000024 0.2699999999994004 0
9011 1.870000000000256 0.2799999999993488 0
9012 1.860000000000263 0.2699999999994344 0
9013 1.870000000000247 0.2599999999994861 0
9014 1.940000000000144 0.4099999999989645 0
9015 1.930000000000164 0.4199999999989545 0
9016 1.920000000000184 0.4099999999989842 0
9017 1.930000000000164 0.3999999999989942 0
9018 1.939999999999996 0.5699999999989687 0
9019 1.949999999999979 0.5799999999989671 0
9020 1.189999999997927 0.1200000000002307 0
9021 1.199999999997955 0.1300000000002445 0
9022 1.179999999997918 0.1300000000002405 0
9023 0.7500000000031145 0.9599999999998479 0
9024 0.7400000000030689 0.9499999999998125 0
9025 1.480000000000691 0.8700000000008097 0
9026 1.490000000000549 0.8600000000008622 0
9027 1.490000000000653 0.8800000000007535 0
9028 0.1400000000002593 0.3500000000012212 0
9029 0.1300000000002447 0.3600000000012793 0
9030 0.1200000000002507 0.3500000000012777 0
9031 1.120000000003334 0.8100000000011347 0
9032 1.110000000003379 0.8200000000010728 0
9033 0.8800000000028279 0.6700000000000925 0
9034 0.9000000000028541 0.6700000000002275 0
9035 1.359999999998338 0.1300000000002587 0
9036 1.369999999998358 0.1200000000002451 0
9037 1.379999999998394 0.1300000000002594 0
9038 1.800000000000052 0.6699999999994808 0
9039 1.790000000000055 0.6799999999995121 0
9040 1.780000000000095 0.6699999999995341 0
9041 1.790000000000092 0.6599999999995027 0
9042 1.879999999999882 0.7099999999993701 0
9043 1.86999999999988 0.7199999999993852 0
9044 1.859999999999897 0.7099999999993916 0
9045 1.869999999999899 0.6999999999993765 0
9046 1.450000000000711 0.8200000000010794 0
9047 1.440000000000745 0.8100000000011316 0
9048 1.450000000000588 0.8000000000011774 0
9049 1.460000000000554 0.8100000000011252 0
9050 1.929999999999838 0.8399999999995826 0
9051 1.939999999999854 0.8499999999996035 0
9052 1.929999999999828 0.8599999999996244 0
9053 1.489999999998624 0.2800000000003675 0
9054 1.479999999998618 0.2700000000003664 0
9055 1.489999999998624 0.2600000000003654 0
9056 1.49999999999863 0.2700000000003665 0
9057 1.85999999999963 0.01000000000002078 0
9058 0.1800000000001522 0.4100000000012159 0
9059 0.1700000000001309 0.4200000000012634 0
9060 0.1600000000001575 0.4100000000012829 0
9061 0.1700000000001788 0.4000000000012354 0
9062 1.699999999999137 0.250000000000292 0
9063 1.709999999999169 0.2400000000002849 0
9064 1.420000000001083 0.8300000000010337 0
9065 1.430000000000918 0.8200000000010839 0
9066 1.440000000000885 0.830000000001031 0
9067 1.43000000000105 0.8400000000009809 0
9068 1.519999999998697 0.13000000000026 0
9069 1.529999999998723 0.1200000000002458 0
9070 1.539999999998739 0.1300000000002588 0
9071 1.989999999999978 0.739999999999317 0
9072 1.989999999999977 0.7599999999993696 0
9073 0.8499999999976326 0.1799999999995872 0
9074 0.8399999999976947 0.1699999999995945 0
9075 0.8499999999976873 0.1599999999996232 0
9076 0.1999999999986769 0.2699999999992833 0
9077 0.2099999999983947 0.2599999999988795 0
9078 0.219999999999494 0.269999999999939 0
9079 0.2099999999997762 0.2800000000003428 0
9080 0.7900000000028242 0.7199999999996207 0
9081 0.8000000000028491 0.7299999999996557 0
9082 0.7900000000028553 0.7399999999996206 0
9083 0.7800000000028304 0.7299999999995856 0
9084 0.4599999999999153 0.4299999999992613 0
9085 0.44999999999993 0.4399999999992731 0
9086 0.4399999999999374 0.4299999999992831 0
9087 1.44999999999858 0.18000000000032 0
9088 1.439999999998563 0.1700000000003095 0
9089 1.449999999998576 0.1600000000002996 0
9090 1.459999999998593 0.1700000000003102 0
9091 1.849999999999521 0.899999999999753 0
9092 1.839999999999522 0.8899999999997614 0
9093 1.849999999999593 0.8799999999997309 0
9094 1.929999999999956 0.6199999999990764 0
9095 1.91999999999997 0.6099999999990748 0
9096 1.119999999998544 0.4100000000001733 0
9097 1.349999999998293 0.060000000000138 0
9098 1.339999999998265 0.05000000000011628 0
9099 1.349999999998292 0.04000000000009506 0
9100 0.02999999999982685 0.6000000000014081 0
9101 0.03999999999976843 0.6100000000013448 0
9102 0.02999999999981895 0.620000000001264 0
9103 0.01999999999987738 0.6100000000013273 0
9104 1.899999999999823 0.7899999999994927 0
9105 1.919999999999843 0.7899999999994749 0
9106 1.909999999999827 0.7999999999995061 0
9107 1.81000000000036 0.3999999999992292 0
9108 1.820000000000344 0.3899999999992007 0
9109 0.110000000000234 0.3600000000013385 0
9110 0.1200000000002295 0.370000000001335 0
9111 0.1100000000002123 0.3800000000013955 0
9112 1.619999999999427 0.3700000000002442 0
9113 1.759999999999361 0.03000000000006841 0
9114 1.769999999999391 0.02000000000004676 0
9115 1.099999999997643 0.070000000000141 0
9116 1.109999999997664 0.06000000000012622 0
9117 1.119999999997695 0.07000000000014406 0
9118 1.109999999997674 0.08000000000015883 0
9119 1.889999999999887 0.699999999999348 0
9120 0.2300000000010044 0.919999999999791 0
9121 0.2300000000009852 0.9399999999998275 0
9122 0.2200000000009592 0.9299999999998123 0
9123 1.939999999999945 0.6299999999990804 0
9124 1.859999999999808 0.7899999999995623 0
9125 1.86999999999982 0.7799999999995191 0
9126 1.879999999999811 0.7899999999995191 0
9127 1.869999999999798 0.7999999999995622 0
9128 1.840000000000224 0.5299999999991952 0
9129 1.850000000000223 0.519999999999168 0
9130 1.860000000000187 0.5299999999991387 0
9131 1.850000000000188 0.5399999999991658 0
9132 1.73000000000045 0.519999999999652 0
9133 1.740000000000416 0.5299999999996308 0
9134 1.679999999999605 0.3300000000002091 0
9135 1.669999999999595 0.3400000000002121 0
9136 1.889999999999549 0.9799999999999264 0
9137 1.879999999999514 0.9699999999998938 0
9138 1.909999999999969 0.619999999999131 0
9139 1.91999999999995 0.6299999999991264 0
9140 0.0900000000001307 0.4200000000015688 0
9141 0.08000000000014319 0.4100000000015781 0
9142 0.01000000000003639 0.2200000000009132 0
9143 0.01000000000003595 0.2000000000008286 0
9144 0.6200000000023886 0.6099999999991946 0
9145 0.6300000000023904 0.5999999999992012 0
9146 0.6400000000024029 0.6099999999992165 0
9147 0.7099999999978404 0.379999999999259 0
9148 0.7199999999978451 0.3899999999992458 0
9149 0.7099999999978645 0.3999999999992382 0
9150 1.5699999999987 0.2600000000003587 0
9151 1.559999999998694 0.250000000000357 0
9152 1.569999999998714 0.2400000000003525 0
9153 0.02000000000007257 0.2300000000009528 0
9154 0.01000000000003618 0.2400000000009967 0
9155 1.089999999997624 0.08000000000015306 0
9156 1.079999999997594 0.0700000000001344 0
9157 0.5499999999987794 0.2199999999994878 0
9158 0.5599999999987441 0.2299999999994718 0
9159 0.5399999999988518 0.22999999999947 0
9160 0.07000000000021818 0.2600000000010574 0
9161 0.06000000000019511 0.2500000000010231 0
9162 0.07000000000021833 0.2400000000009862 0
9163 0.3400000000015961 0.8499999999995909 0
9164 0.3300000000015532 0.8599999999996186 0
9165 0.3200000000015387 0.8499999999996113 0
9166 0.3300000000015817 0.8399999999995835 0
9167 1.489999999998655 0.06000000000013898 0
9168 1.47999999999863 0.05000000000011717 0
9169 1.489999999998658 0.0400000000000954 0
9170 1.499999999998682 0.0500000000001172 0
9171 1.369999999998454 0.2800000000003571 0
9172 1.359999999998425 0.2700000000003554 0
9173 1.369999999998439 0.2600000000003563 0
9174 1.379999999998468 0.270000000000358 0
9175 1.240000000002529 0.8900000000007053 0
9176 1.260000000002375 0.8900000000007057 0
9177 1.250000000002447 0.9000000000006463 0
9178 0.3299999999993317 0.03999999999989733 0
9179 0.3399999999993087 0.04999999999987213 0
9180 0.3299999999993385 0.05999999999985112 0
9181 0.3199999999993614 0.04999999999987632 0
9182 0.07999995976178914 0.1699999597622272 0
9183 0.06999999323469272 0.1799999932351984 0
9184 0.0599999787654651 0.1699999787659528 0
9185 0.06999994529256151 0.1599999452929816 0
9186 1.449999999998559 0.120000000000247 0
9187 1.439999999998533 0.1100000000002303 0
9188 1.449999999998552 0.1000000000002146 0
9189 1.459999999998578 0.1100000000002314 0
9190 0.009962620442712688 0.05996262044293292 0
9191 0.4200000000020778 0.729999999999326 0
9192 0.4100000000020348 0.7399999999993463 0
9193 0.4000000000020172 0.7299999999993402 0
9194 0.4100000000020602 0.7199999999993199 0
9195 1.780000000000338 0.5299999999994839 0
9196 1.790000000000335 0.5199999999994174 0
9197 1.800000000000299 0.5299999999993814 0
9198 1.790000000000302 0.539999999999448 0
9199 1.830000000000338 0.4399999999992372 0
9200 1.820000000000353 0.4299999999992554 0
9201 1.830000000000337 0.4199999999992289 0
9202 1.840000000000322 0.4299999999992107 0
9203 1.439999999998576 0.2100000000003426 0
9204 1.449999999998585 0.2000000000003365 0
9205 1.459999999998598 0.2100000000003436 0
9206 1.449999999998589 0.2200000000003496 0
9207 1.45999999999862 0.3100000000003614 0
9208 1.469999999998618 0.300000000000365 0
9209 1.479999999998629 0.3100000000003629 0
9210 0.7800000000032385 0.9699999999998878 0
9211 0.770000000003202 0.9799999999999225 0
9212 0.7600000000031575 0.9699999999998857 0
9213 0.8600000000035239 0.9299999999998484 0
9214 0.8700000000035386 0.9199999999998625 0
9215 1.529999999999564 0.4400000000001851 0
9216 1.519999999999201 0.4300000000002358 0
9217 1.529999999999092 0.4200000000002486 0
9218 1.539999999999455 0.4300000000001978 0
9219 0.8699999999982955 0.4799999999993058 0
9220 0.8799999999987329 0.4899999999994253 0
9221 0.8699999999990198 0.4999999999994364 0
9222 0.8599999999985825 0.4899999999993168 0
9223 1.849999999999793 0.799999999999624 0
9224 1.85999999999978 0.8099999999996053 0
9225 1.849999999999755 0.8199999999996639 0
9226 1.939999999999873 0.7899999999994631 0
9227 1.159999999997789 0.03000000000006962 0
9228 1.169999999997814 0.02000000000004767 0
9229 1.179999999997841 0.0300000000000701 0
9230 1.169999999997816 0.04000000000009205 0
9231 0.4799999999999603 0.4899999999992576 0
9232 0.4700000000000044 0.4999999999993021 0
9233 0.4599999999999277 0.4899999999993213 0
9234 0.4699999999998836 0.4799999999992768 0
9235 1.97999999999992 0.9899999999999707 0
9236 1.989999999999962 0.9799999999999445 0
9237 1.98999999999998 0.6799999999991628 0
9238 1.929999999999832 0.02000000000003143 0
9239 1.549999999999828 0.4400000000001362 0
9240 1.54999999999936 0.4200000000002189 0
9241 1.559999999999732 0.4300000000001573 0
9242 1.359999999998643 0.3900000000002921 0
9243 1.369999999998636 0.3800000000003052 0
9244 1.34999999999844 0.300000000000351 0
9245 1.359999999998475 0.3100000000003493 0
9246 1.349999999998471 0.3200000000003441 0
9247 1.339999999998436 0.3100000000003458 0
9248 0.5900000000024643 0.9399999999997694 0
9249 0.590000000002467 0.9199999999997017 0
9250 1.420000000001175 0.8500000000009282 0
9251 1.440000000000998 0.8500000000009262 0
9252 1.430000000001124 0.8600000000008735 0
9253 1.859999999999654 0.8699999999996958 0
9254 1.849999999999659 0.8599999999997112 0
9255 1.499999999998677 0.07000000000015905 0
9256 1.479999999998627 0.07000000000015903 0
9257 1.510000000000594 0.92000000000052 0
9258 1.500000000000651 0.9100000000005801 0
9259 1.520000000000497 0.9100000000005773 0
9260 0.889999999998078 0.4599999999993608 0
9261 0.8999999999983876 0.469999999999457 0
9262 0.8899999999984883 0.4799999999994254 0
9263 0.8799999999981787 0.4699999999993293 0
9264 1.7199999999998 0.2900000000001986 0
9265 1.019999999997427 0.01000000000001029 0
9266 1.029999999997455 0.02000000000002659 0
9267 0.7300000000030344 0.9599999999998453 0
9268 0.7400000000030769 0.9699999999998836 0
9269 0.7300000000030373 0.9799999999999207 0
9270 0.7200000000029949 0.9699999999998825 0
9271 1.210000000002177 0.5400000000021421 0
9272 1.200000000002135 0.5300000000021338 0
9273 1.210000000001836 0.5200000000020542 0
9274 1.220000000001879 0.5300000000020625 0
9275 0.4800000000002551 0.5099999999992663 0
9276 0.4700000000003937 0.5199999999993279 0
9277 0.460000000000143 0.5099999999993636 0
9278 0.03999997997413167 0.1699999799746852 0
9279 0.01999999233877965 0.1699999923394094 0
9280 1.719999999999372 0.8500000000004547 0
9281 1.729999999999429 0.8400000000004137 0
9282 1.7399999999994 0.8500000000003192 0
9283 1.839999999999808 0.7899999999996395 0
9284 0.4899999999990036 0.2199999999994832 0
9285 0.4999999999989972 0.2299999999994659 0
9286 0.4799999999990501 0.2299999999994671 0
9287 1.499999999998668 0.3700000000003319 0
9288 1.509999999998659 0.3600000000003397 0
9289 1.519999999998668 0.3700000000003316 0
9290 1.509999999998676 0.3800000000003238 0
9291 1.609999999998927 0.1000000000002101 0
9292 1.619999999998941 0.1100000000002243 0
9293 1.609999999998912 0.1200000000002401 0
9294 1.200000000002823 0.8900000000007057 0
9295 1.220000000002676 0.8900000000007059 0
9296 1.210000000002733 0.9000000000006463 0
9297 1.4699999999987 0.4000000000003017 0
9298 1.479999999998725 0.4100000000002908 0
9299 1.469999999998748 0.4200000000002789 0
9300 1.879999999999958 0.649999999999323 0
9301 0.3899999999999256 0.4599999999996451 0
9302 0.3799999999999579 0.449999999999659 0
9303 0.3899999999999776 0.4399999999995066 0
9304 0.6900000000028689 0.939999999999771 0
9305 0.3300000000014757 0.8999999999996999 0
9306 0.3400000000014975 0.9099999999997195 0
9307 0.8600000000035838 0.9899999999999701 0
9308 1.819999999999808 0.7899999999997591 0
9309 1.979999999999959 0.6899999999991924 0
9310 1.969999999999939 0.6999999999992228 0
9311 0.05000000000016697 0.260000000001065 0
9312 0.450000000001915 0.8999999999996571 0
9313 0.4400000000018845 0.8899999999996322 0
9314 0.4500000000019371 0.8799999999996017 0
9315 0.42999999999907 0.1199999999996883 0
9316 0.4199999999990987 0.1099999999997135 0
9317 0.4299999999990586 0.09999999999973394 0
9318 0.4399999999990299 0.1099999999997087 0
9319 0.6700000000025184 0.6799999999993012 0
9320 0.68000000000255 0.6899999999993234 0
9321 0.6700000000025466 0.6999999999993163 0
9322 0.6600000000025148 0.6899999999992942 0
9323 1.549999999998675 0.3600000000003373 0
9324 1.539999999998652 0.3500000000003454 0
9325 1.559999999998676 0.350000000000342 0
9326 1.879999999999904 0.6899999999993599 0
9327 1.899999999999894 0.68999999999932 0
9328 0.3000000000001461 0.309999999999747 0
9329 0.3100000000000918 0.2999999999996282 0
9330 1.960000000000099 0.2499999999994216 0
9331 1.950000000000121 0.2599999999993894 0
9332 1.950000000000118 0.2399999999994595 0
9333 0.04000000000013851 0.27000000000111 0
9334 0.06000000000019459 0.2700000000010984 0
9335 0.109999999999793 0.8599999999997985 0
9336 0.1099999999999668 0.8799999999997903 0
9337 0.09999999999983952 0.8699999999997867 0
9338 1.209999999998171 0.280000000000318 0
9339 1.219999999998223 0.2900000000003197 0
9340 1.209999999998229 0.3000000000003115 0
9341 1.199999999998177 0.2900000000003098 0
9342 1.509999999998707 0.06000000000013896 0
9343 1.519999999998729 0.07000000000015885 0
9344 1.509999999998699 0.08000000000017893 0
9345 1.919999999999862 0.7499999999993813 0
9346 0.2300000000010332 0.859999999999731 0
9347 0.220000000000827 0.849999999999741 0
9348 0.2300000000008581 0.8399999999997247 0
9349 1.599999999999107 0.3700000000002909 0
9350 1.609999999999094 0.3600000000003014 0
9351 0.4700000000009462 0.539999999999313 0
9352 0.4800000000013885 0.5499999999992289 0
9353 0.4700000000015027 0.5599999999992762 0
9354 1.139999999997741 0.05000000000011004 0
9355 1.149999999997764 0.04000000000009113 0
9356 1.159999999997795 0.05000000000011139 0
9357 1.149999999997772 0.06000000000013031 0
9358 1.890000000000017 0.5999999999991386 0
9359 1.89999999999999 0.6099999999991333 0
9360 1.329999999998357 0.260000000000351 0
9361 1.339999999998387 0.2700000000003526 0
9362 1.329999999998382 0.2800000000003511 0
9363 1.319999999998352 0.2700000000003494 0
9364 1.87999999999974 0.8499999999996322 0
9365 1.889999999999743 0.8599999999996381 0
9366 0.4700000000019582 0.979999999999923 0
9367 0.4600000000019191 0.9699999999998866 0
9368 0.4800000000020033 0.9699999999998853 0
9369 0.7900000000032109 0.9199999999997526 0
9370 1.420000000001215 0.8700000000008181 0
9371 1.440000000001059 0.870000000000817 0
9372 1.430000000001149 0.8800000000007617 0
9373 1.169999999998039 0.2600000000002995 0
9374 1.179999999998077 0.2700000000003032 0
9375 1.16999999999808 0.280000000000295 0
9376 1.159999999998042 0.2700000000002915 0
9377 0.3300000000013743 0.9799999999999275 0
9378 0.619999999998462 0.1099999999997164 0
9379 0.6099999999984902 0.1199999999996928 0
9380 0.5999999999985208 0.109999999999715 0
9381 0.6099999999984926 0.09999999999973852 0
9382 1.319999999998681 0.4300000000002338 0
9383 1.309999999998701 0.4400000000002166 0
9384 1.299999999998665 0.4300000000002256 0
9385 1.849999999999671 0.1000000000001371 0
9386 1.83999999999959 0.09000000000014019 0
9387 0.730000000002978 0.8799999999996198 0
9388 0.7300000000029947 0.8999999999996635 0
9389 0.7200000000029563 0.8899999999996346 0
9390 0.5800000000024235 0.8299999999994588 0
9391 0.590000000002447 0.8199999999994397 0
9392 0.6000000000024778 0.8299999999994639 0
9393 0.2800000000011806 0.7699999999996102 0
9394 1.559999999998837 0.03000000000007204 0
9395 1.569999999998865 0.02000000000004878 0
9396 1.579999999998889 0.03000000000007191 0
9397 1.569999999998861 0.04000000000009517 0
9398 0.9699999999974417 0.05999999999997626 0
9399 0.9699999999974402 0.03999999999997938 0
9400 0.9799999999974272 0.04999999999999263 0
9401 0.9500000000038558 0.9200000000000832 0
9402 0.9400000000037873 0.9100000000000625 0
9403 0.9500000000037531 0.9000000000001204 0
9404 0.9600000000038216 0.910000000000141 0
9405 1.829999999999306 0.9799999999999373 0
9406 1.839999999999339 0.9899999999999672 0
9407 1.079999999997581 0.03000000000006537 0
9408 1.089999999997605 0.02000000000004582 0
9409 0.9099999999979914 0.4399999999994564 0
9410 0.9199999999981802 0.4499999999995261 0
9411 0.9099999999982316 0.4599999999994776 0
9412 0.8999999999980428 0.4499999999994079 0
9413 1.89000000000024 0.3599999999990875 0
9414 1.880000000000257 0.349999999999106 0
9415 1.89000000000024 0.3399999999991276 0
9416 1.900000000000224 0.349999999999109 0
9417 0.870000000003315 0.8599999999998679 0
9418 0.8600000000032597 0.8499999999998347 0
9419 0.8700000000032495 0.8399999999998766 0
9420 0.8800000000033048 0.8499999999999097 0
9421 0.600000000002504 0.9099999999996711 0
9422 0.5800000000024295 0.9099999999996697 0
9423 0.5900000000024664 0.8999999999996391 0
9424 1.349999999998735 0.4400000000002386 0
9425 1.359999999998795 0.4500000000002871 0
9426 1.339999999998776 0.4500000000002629 0
9427 0.6499999999979267 0.3999999999992495 0
9428 0.6599999999979167 0.4099999999992393 0
9429 0.6499999999979574 0.4199999999992324 0
9430 1.509999999998674 0.1400000000002745 0
9431 1.499999999998658 0.130000000000261 0
9432 1.509999999998682 0.1200000000002465 0
9433 0.1500000000001822 0.4000000000013023 0
9434 0.1500000000001356 0.4200000000013321 0
9435 0.7900000000030776 0.8399999999996506 0
9436 0.7800000000030354 0.8299999999996225 0
9437 0.7900000000030387 0.8199999999996392 0
9438 0.800000000003081 0.8299999999996673 0
9439 1.419999999998587 0.3100000000003582 0
9440 1.409999999998586 0.3200000000003539 0
9441 1.399999999998559 0.3100000000003555 0
9442 0.07000000000023875 0.9599999999998671 0
9443 0.07000000000018278 0.939999999999815 0
9444 0.1600000000006665 0.9899999999999676 0
9445 0.1400000000005787 0.989999999999968 0
9446 1.809999999999954 0.719999999999549 0
9447 1.819999999999923 0.7299999999995292 0
9448 1.679999999999042 0.1300000000002397 0
9449 1.659999999999003 0.1300000000002436 0
9450 0.789999999997999 0.09999999999973939 0
9451 0.7999999999979639 0.1099999999997156 0
9452 0.7899999999979943 0.1199999999996929 0
9453 0.7799999999980294 0.1099999999997168 0
9454 1.479999999998658 0.3500000000003444 0
9455 1.469999999998665 0.3600000000003375 0
9456 0.4200000000017625 0.9499999999998189 0
9457 0.400000000001684 0.9499999999998209 0
9458 0.4100000000017292 0.9399999999997866 0
9459 1.519999999998657 0.2300000000003535 0
9460 1.509999999998644 0.2400000000003591 0
9461 1.499999999998636 0.2300000000003548 0
9462 1.249999999998738 0.4400000000002362 0
9463 1.259999999998828 0.4500000000002894 0
9464 1.249999999999004 0.4600000000003961 0
9465 1.239999999998915 0.4500000000003429 0
9466 1.269999999998109 0.1600000000002899 0
9467 1.25999999999808 0.150000000000278 0
9468 1.269999999998102 0.1400000000002679 0
9469 1.279999999998131 0.1500000000002797 0
9470 0.8400000000032697 0.8699999999997767 0
9471 0.8500000000032674 0.8599999999998034 0
9472 0.8600000000033223 0.8699999999998308 0
9473 0.1800000000007523 0.9899999999999678 0
9474 1.419999999998476 0.03000000000007201 0
9475 1.429999999998501 0.02000000000004875 0
9476 1.439999999998528 0.03000000000007195 0
9477 1.389999999998428 0.1400000000002736 0
9478 1.389999999998413 0.1200000000002456 0
9479 0.5799999999985856 0.1099999999997136 0
9480 0.5699999999986178 0.1199999999996895 0
9481 0.5599999999986506 0.1099999999997117 0
9482 0.5699999999986185 0.09999999999973577 0
9483 0.5499999999987295 0.1999999999995237 0
9484 0.5399999999988025 0.2099999999995047 0
9485 0.7700000000031111 0.899999999999694 0
9486 0.7700000000030842 0.8799999999996589 0
9487 0.7800000000031247 0.8899999999996884 0
9488 1.789999999999391 0.8799999999999419 0
9489 1.779999999999397 0.8700000000000039 0
9490 1.789999999999461 0.8599999999999586 0
9491 0.9699999999974576 0.07999999999997512 0
9492 0.9799999999974615 0.09000000000000048 0
9493 0.9699999999974738 0.09999999999997577 0
9494 0.9599999999974699 0.08999999999995043 0
9495 1.019999999997661 0.23000000000014 0
9496 1.009999999997656 0.240000000000104 0
9497 0.070000000000272 0.979999999999929 0
9498 0.9500000000039225 0.940000000000049 0
9499 0.9600000000039479 0.9500000000000624 0
9500 0.6300000000024304 0.6599999999992356 0
9501 0.6200000000024106 0.6499999999992188 0
9502 0.640000000002434 0.6499999999992381 0
9503 1.439999999999272 0.470000000000607 0
9504 1.419999999999117 0.4700000000004967 0
9505 0.3900000000016369 0.9599999999998547 0
9506 0.3900000000016278 0.9799999999999249 0
9507 0.4999999999993197 0.3499999999993048 0
9508 0.489999999999406 0.3599999999992961 0
9509 0.4799999999993714 0.3499999999993077 0
9510 1.149999999997762 0.0200000000000474 0
9511 1.169999999997968 0.2000000000002914 0
9512 1.179999999997988 0.2100000000002993 0
9513 1.169999999997985 0.2200000000002978 0
9514 1.159999999997965 0.2100000000002899 0
9515 0.2099999999740672 0.03999999997439029 0
9516 0.2099999998486523 0.0599999998489318 0
9517 0.1999999998264997 0.04999999982678595 0
9518 1.31999999999832 0.2500000000003475 0
9519 1.329999999998329 0.240000000000347 0
9520 1.339999999998366 0.2500000000003506 0
9521 1.299999999998512 0.3700000000002967 0
9522 1.279999999998495 0.3700000000002914 0
9523 1.599999999998729 0.2700000000003537 0
9524 1.589999999998707 0.2800000000003575 0
9525 1.579999999998704 0.2700000000003585 0
9526 0.6399999999979165 0.3699999999992805 0
9527 0.6299999999979771 0.3799999999992713 0
9528 0.6199999999980287 0.3699999999992828 0
9529 0.6299999999979682 0.359999999999292 0
9530 0.6600000000027293 0.8899999999996207 0
9531 0.6700000000027623 0.8799999999995959 0
9532 0.6800000000028106 0.8899999999996226 0
9533 1.129999999997717 0.06000000000012844 0
9534 1.139999999997751 0.07000000000014647 0
9535 0.8100000000033678 0.9799999999999258 0
9536 0.8000000000033199 0.9699999999998913 0
9537 1.739999999999507 0.8300000000003676 0
9538 1.74999999999959 0.8200000000003103 0
9539 1.759999999999549 0.8300000000002092 0
9540 1.749999999999465 0.8400000000002665 0
9541 0.120000000000491 0.9899999999999674 0
9542 0.6500000000026327 0.8399999999995014 0
9543 0.6400000000025917 0.829999999999478 0
9544 0.6500000000026082 0.8199999999994618 0
9545 0.6600000000026491 0.8299999999994851 0
9546 0.2000000000008351 0.9899999999999666 0
9547 0.0200000000000728 0.2700000000011192 0
9548 0.120000000000243 0.2900000000010507 0
9549 0.1300000000002254 0.2800000000009837 0
9550 0.1400000000002622 0.2900000000010238 0
9551 0.1300000000002798 0.3000000000010908 0
9552 0.5500000000023032 0.9399999999997699 0
9553 0.5400000000022671 0.9299999999997365 0
9554 0.01000000000003295 0.3600000000014972 0
9555 0.02000000000006488 0.3700000000015367 0
9556 0.8300000000031654 0.8399999999997467 0
9557 0.8400000000032148 0.8499999999997743 0
9558 0.8300000000032167 0.8599999999997513 0
9559 0.8200000000031673 0.8499999999997239 0
9560 1.269999999998078 0.04000000000009535 0
9561 1.259999999998052 0.03000000000007224 0
9562 1.269999999998078 0.02000000000004884 0
9563 1.279999999998104 0.03000000000007196 0
9564 0.8000000000031181 0.8499999999996785 0
9565 0.8100000000031224 0.8399999999996955 0
9566 1.52000000000016 0.8300000000010056 0
9567 1.53000000000006 0.8200000000010501 0
9568 1.540000000000025 0.8300000000009975 0
9569 1.530000000000125 0.840000000000953 0
9570 0.389999999999189 0.09999999999974489 0
9571 0.3999999999991652 0.1099999999997195 0
9572 0.389999999999201 0.1199999999997022 0
9573 0.3799999999992247 0.1099999999997276 0
9574 0.1299999999975317 0.2599999999982442 0
9575 0.1199999999902722 0.2499999999909732 0
9576 0.1299999999772263 0.2399999999778762 0
9577 0.1399999999844858 0.2499999999851472 0
9578 0.7900000000029332 0.779999999999626 0
9579 0.7800000000028954 0.769999999999594 0
9580 0.7900000000028878 0.7599999999996223 0
9581 0.8000000000029257 0.7699999999996543 0
9582 0.5700000000023986 0.8399999999994797 0
9583 0.5600000000023709 0.8299999999994569 0
9584 1.280000000002226 0.9100000000005846 0
9585 1.290000000002143 0.9000000000006458 0
9586 1.300000000002071 0.9100000000005848 0
9587 1.290000000002155 0.9200000000005234 0
9588 1.129999999998251 0.3600000000002104 0
9589 1.139999999998329 0.3700000000002072 0
9590 1.129999999998357 0.3800000000001876 0
9591 1.570000000000203 0.9600000000002655 0
9592 1.560000000000269 0.9500000000003301 0
9593 1.570000000000194 0.9400000000003914 0
9594 1.580000000000128 0.9500000000003268 0
9595 0.6000000000007544 0.4899999999991831 0
9596 0.5900000000012366 0.4999999999991734 0
9597 0.5800000000008321 0.4899999999991824 0
9598 0.5899999999985497 0.1599999999996058 0
9599 0.5999999999985146 0.1699999999995868 0
9600 0.589999999998548 0.179999999999566 0
9601 0.5799999999985832 0.1699999999995849 0
9602 0.8300000000028049 0.6799999999998001 0
9603 0.8400000000028254 0.6899999999998396 0
9604 0.8300000000028299 0.6999999999997876 0
9605 0.8200000000028096 0.689999999999748 0
9606 0.1699999998956672 0.2199999998961077 0
9607 0.1799999999610653 0.2299999999615512 0
9608 0.1699999999664559 0.2399999999670292 0
9609 0.3400000000015349 0.8899999999996724 0
9610 0.3200000000014579 0.8899999999996844 0
9611 0.330000000001517 0.8799999999996571 0
9612 1.36999999999848 0.3000000000003541 0
9613 1.37999999999852 0.3100000000003521 0
9614 1.339999999998264 0.03000000000007183 0
9615 1.34999999999829 0.02000000000004886 0
9616 1.359999999998318 0.03000000000007209 0
9617 1.679999999999143 0.05000000000011218 0
9618 1.689999999999175 0.04000000000009168 0
9619 1.699999999999196 0.05000000000011147 0
9620 0.7099999999977924 0.339999999999306 0
9621 0.7199999999977923 0.3499999999992915 0
9622 0.7099999999978123 0.3599999999992816 0
9623 0.7000000000029132 0.9699999999998812 0
9624 0.6900000000028716 0.9799999999999199 0
9625 0.6800000000028305 0.9699999999998814 0
9626 0.6900000000028719 0.9599999999998428 0
9627 0.4899999999989544 0.1999999999995186 0
9628 0.4999999999989472 0.2099999999995004 0
9629 0.4799999999990108 0.2099999999995014 0
9630 1.859999999999706 0.8499999999996709 0
9631 1.839999999999664 0.849999999999731 0
9632 1.849999999999712 0.8399999999996908 0
9633 1.169999999998645 0.4200000000002105 0
9634 1.179999999998881 0.4300000000003299 0
9635 1.159999999998864 0.4300000000003049 0
9636 0.6800000000027495 0.8499999999995334 0
9637 0.6900000000027668 0.8399999999995185 0
9638 0.7800000000031577 0.9099999999997241 0
9639 1.809999999999472 0.0600000000001189 0
9640 1.799999999999453 0.05000000000010393 0
9641 1.809999999999488 0.0400000000000849 0
9642 1.450000000000843 0.8400000000009773 0
9643 1.100000000003407 0.7700000000012919 0
9644 1.110000000003367 0.7600000000013517 0
9645 1.12000000000334 0.7700000000013226 0
9646 0.9900000000039166 0.9400000000001838 0
9647 1.000000000003918 0.9500000000001851 0
9648 0.9800000000039506 0.9500000000001225 0
9649 1.479999999998632 0.03000000000007204 0
9650 1.469999999998606 0.04000000000009533 0
9651 1.45999999999858 0.03000000000007204 0
9652 1.469999999998606 0.02000000000004874 0
9653 1.869999999999703 0.8599999999996658 0
9654 1.289999999998131 0.0400000000000951 0
9655 1.289999999998131 0.02000000000004877 0
9656 1.299999999998157 0.03000000000007191 0
9657 0.8700000000031849 0.819999999999888 0
9658 0.8600000000031358 0.8099999999998528 0
9659 1.749999999999163 0.9600000000000546 0
9660 1.739999999999176 0.950000000000107 0
9661 1.829999999999528 0.08000000000013827 0
9662 1.819999999999494 0.07000000000012958 0
9663 0.590000000002431 0.7799999999993639 0
9664 0.5800000000024046 0.7699999999993439 0
9665 0.5900000000024215 0.7599999999993307 0
9666 0.6000000000024479 0.7699999999993506 0
9667 0.159999999999946 0.2900000000006766 0
9668 0.1500000000002937 0.3000000000010613 0
9669 0.1499999999999145 0.2800000000006391 0
9670 1.009999999997454 0.06000000000004888 0
9671 1.009999999997471 0.08000000000006577 0
9672 0.9999999999974517 0.07000000000003741 0
9673 0.9500000000033091 0.8200000000002809 0
9674 0.9400000000032669 0.8100000000002419 0
9675 0.9500000000032451 0.8000000000003233 0
9676 0.9600000000032873 0.8100000000003624 0
9677 0.09999999988624794 0.2299999998869218 0
9678 0.07999999994387437 0.2299999999445813 0
9679 1.899999999999749 0.8699999999996462 0
9680 1.889999999999707 0.879999999999673 0
9681 1.879999999999701 0.8699999999996648 0
9682 0.7000000000028854 0.8899999999996282 0
9683 1.090000000003498 0.9000000000006219 0
9684 1.080000000003537 0.8900000000006643 0
9685 1.090000000003476 0.880000000000732 0
9686 1.100000000003436 0.8900000000006894 0
9687 1.559999999998721 0.2100000000003375 0
9688 1.569999999998746 0.2000000000003297 0
9689 1.579999999998754 0.2100000000003349 0
9690 1.569999999998729 0.2200000000003426 0
9691 1.3500000000017 0.9200000000005233 0
9692 1.340000000001762 0.9100000000005846 0
9693 1.350000000001687 0.9000000000006458 0
9694 1.360000000001625 0.9100000000005846 0
9695 1.859999999999921 0.689999999999391 0
9696 1.869999999999926 0.6799999999993744 0
9697 1.069999999997558 0.04000000000008182 0
9698 1.069999999997554 0.02000000000004257 0
9699 0.5200000000022553 0.8499999999995052 0
9700 0.5300000000022902 0.8399999999994796 0
9701 0.5400000000023141 0.8499999999995029 0
9702 0.5300000000022793 0.8599999999995285 0
9703 1.080000000002567 0.5500000000019395 0
9704 1.090000000002531 0.5400000000020069 0
9705 1.100000000002546 0.5500000000020251 0
9706 0.1000000000002708 0.2900000000011322 0
9707 0.4099999999991255 0.0999999999997387 0
9708 0.4099999999991385 0.1199999999996944 0
9709 1.619999999999804 0.9300000000004309 0
9710 1.629999999999704 0.9200000000004768 0
9711 1.629999999999757 0.940000000000371 0
9712 1.359999999998378 0.1900000000003233 0
9713 1.349999999998351 0.2000000000003301 0
9714 1.339999999998312 0.1900000000003216 0
9715 0.9499999999974921 0.09999999999992087 0
9716 0.9599999999974818 0.1099999999999467 0
9717 0.9499999999974942 0.1199999999999128 0
9718 0.9399999999975046 0.109999999999887 0
9719 0.9299999999979475 0.4199999999995727 0
9720 0.9399999999980466 0.4299999999996188 0
9721 0.9299999999980721 0.4399999999995597 0
9722 0.919999999997973 0.4299999999995138 0
9723 1.160000000003088 0.9100000000005842 0
9724 1.170000000003025 0.9000000000006458 0
9725 1.180000000002941 0.9100000000005852 0
9726 1.170000000003004 0.9200000000005235 0
9727 0.8700000000034592 0.8999999999998597 0
9728 0.8700000000033824 0.8799999999998614 0
9729 0.880000000003454 0.8899999999998907 0
9730 0.770000000003061 0.8599999999996322 0
9731 0.7600000000030229 0.8499999999996044 0
9732 0.7700000000030316 0.8399999999996107 0
9733 0.7800000000030697 0.8499999999996386 0
9734 0.05999999503879629 0.1899999950393689 0
9735 0.2900000000012255 0.9399999999998112 0
9736 0.300000000001261 0.9499999999998364 0
9737 1.030000000003731 0.8800000000005634 0
9738 1.02000000000372 0.8700000000005573 0
9739 1.030000000003676 0.8600000000006425 0
9740 1.040000000003687 0.8700000000006487 0
9741 1.109999999998076 0.3200000000002293 0
9742 1.119999999998115 0.3300000000002296 0
9743 1.099999999998085 0.3300000000002123 0
9744 1.729999999999286 0.02000000000004728 0
9745 1.739999999999309 0.03000000000006924 0
9746 1.729999999999279 0.04000000000009112 0
9747 1.660000000000497 0.6100000000006707 0
9748 1.680000000000446 0.6100000000002886 0
9749 1.67000000000046 0.6200000000006191 0
9750 0.3400000000001029 0.3299999999995015 0
9751 1.120000000003347 0.9100000000005803 0
9752 1.130000000003287 0.9000000000006428 0
9753 1.140000000003226 0.9100000000005839 0
9754 1.130000000003286 0.9200000000005213 0
9755 1.119999999999564 0.4500000000006508 0
9756 1.099999999999475 0.4500000000006272 0
9757 0.7200000000029908 0.9499999999998091 0
9758 0.7100000000029536 0.9599999999998436 0
9759 0.7000000000029111 0.9499999999998072 0
9760 0.220000000000918 0.9899999999999665 0
9761 1.110000000003396 0.9000000000006371 0
9762 1.110000000003376 0.8800000000007513 0
9763 1.120000000003336 0.8900000000006989 0
9764 0.2900000000014141 0.8599999999996595 0
9765 0.3000000000014287 0.8699999999996642 0
9766 0.2900000000013553 0.879999999999689 0
9767 1.840000000000289 0.4899999999992043 0
9768 1.850000000000285 0.4799999999991862 0
9769 1.860000000000253 0.4899999999991578 0
9770 1.850000000000257 0.4999999999991759 0
9771 0.7400000000029687 0.8499999999995769 0
9772 0.6000000000025001 0.9699999999998814 0
9773 0.5900000000024572 0.97999999999992 0
9774 0.5800000000024179 0.9699999999998814 0
9775 0.5900000000024606 0.9599999999998428 0
9776 0.2799999999998407 0.4900000000010698 0
9777 0.2899999999998841 0.4800000000010267 0
9778 0.2999999999998352 0.490000000001022 0
9779 0.2899999999997917 0.5000000000010651 0
9780 0.2800000000012308 0.9099999999997495 0
9781 0.2700000000011651 0.9199999999997734 0
9782 1.799999999999435 0.07000000000013543 0
9783 1.839999999999665 0.1100000000001468 0
9784 1.869999999999465 0.9799999999999288 0
9785 1.839999999999947 0.6899999999994139 0
9786 1.829999999999949 0.6999999999994255 0
9787 1.819999999999979 0.6899999999994428 0
9788 1.829999999999978 0.6799999999994311 0
9789 1.569999999998856 0.06000000000013819 0
9790 1.579999999998875 0.0700000000001577 0
9791 1.569999999998847 0.08000000000017746 0
9792 1.559999999998828 0.07000000000015796 0
9793 0.7200000000029343 0.8699999999995931 0
9794 0.7100000000029126 0.879999999999608 0
9795 0.4500000000018801 0.9599999999998505 0
9796 0.4400000000018426 0.949999999999817 0
9797 0.4500000000018881 0.9399999999997816 0
9798 1.47000000000088 0.9200000000005224 0
9799 1.460000000000946 0.9100000000005832 0
9800 1.470000000000866 0.9000000000006422 0
9801 1.4800000000008 0.9100000000005812 0
9802 1.729999999999241 0.08000000000016422 0
9803 1.719999999999229 0.07000000000014797 0
9804 1.729999999999266 0.06000000000013021 0
9805 0.04999999233572384 0.1799999923362839 0
9806 1.919999999999894 0.6899999999992743 0
9807 1.849999999999602 0.02000000000004243 0
9808 0.4500000000019956 0.8399999999995043 0
9809 0.440000000001971 0.8299999999994867 0
9810 0.450000000002031 0.8199999999994613 0
9811 1.019999999997547 0.1500000000001354 0
9812 1.029999999997552 0.1400000000001513 0
9813 1.529999999998758 0.06000000000013873 0
9814 1.539999999998778 0.0700000000001581 0
9815 0.3600000000015756 0.9099999999997126 0
9816 0.3700000000016265 0.8999999999996821 0
9817 0.3700000000015976 0.9199999999997354 0
9818 1.339999999998345 0.2300000000003445 0
9819 1.349999999998366 0.2200000000003418 0
9820 1.359999999998402 0.2300000000003469 0
9821 1.34999999999838 0.2400000000003497 0
9822 1.669999999999092 0.08000000000016988 0
9823 1.679999999999104 0.09000000000018474 0
9824 1.010000000003537 0.840000000000605 0
9825 1.00000000000345 0.8300000000005763 0
9826 1.010000000003415 0.8200000000006729 0
9827 1.020000000003503 0.8300000000007017 0
9828 1.479999999998618 0.2300000000003548 0
9829 1.489999999998628 0.2200000000003501 0
9830 1.489999999998626 0.2400000000003595 0
9831 0.01999999999987649 0.7700000000001999 0
9832 0.02999999999981782 0.7600000000002638 0
9833 0.03999999999976299 0.7700000000001899 0
9834 0.02999999999982166 0.7800000000001259 0
9835 0.1699999999997737 0.2800000000004754 0
9836 0.1800000000001084 0.2900000000008179 0
9837 0.1700000000002808 0.3000000000010192 0
9838 0.4900000000020484 0.9599999999998472 0
9839 0.500000000002087 0.9699999999998841 0
9840 0.4900000000020419 0.9799999999999223 0
9841 1.829999999999668 0.8399999999997667 0
9842 0.7400000000028841 0.809999999999527 0
9843 0.7500000000028898 0.7999999999995369 0
9844 0.7600000000029398 0.8099999999995655 0
9845 0.2999999999997432 0.5100000000010599 0
9846 0.3099999999997888 0.5000000000010112 0
9847 0.3199999999997415 0.5100000000010049 0
9848 0.3099999999996961 0.5200000000010536 0
9849 0.7900000000031728 0.8999999999997168 0
9850 0.7900000000031395 0.8799999999996879 0
9851 0.5600000000023448 0.6699999999992083 0
9852 0.5500000000023326 0.6799999999992178 0
9853 0.5400000000023195 0.6699999999992079 0
9854 1.450000000000943 0.8600000000008708 0
9855 1.779999999999381 0.07000000000014034 0
9856 1.78999999999942 0.06000000000012318 0
9857 1.789999999999397 0.08000000000015259 0
9858 1.939999999999853 0.01000000000001373 0
9859 1.4899999999988 0.4200000000002756 0
9860 1.48999999999871 0.4000000000003023 0
9861 1.499999999998785 0.4100000000002871 0
9862 1.019999999997674 0.2500000000001324 0
9863 1.009999999997668 0.2600000000000943 0
9864 0.1899999999997449 0.2800000000004096 0
9865 0.1799999999969715 0.2699999999976358 0
9866 0.1899999999959036 0.2599999999965096 0
9867 0.9799999999992923 0.4700000000001225 0
9868 0.989999999998836 0.4600000000000304 0
9869 0.9999999999994266 0.4700000000002852 0
9870 0.7900000000032843 0.9799999999999236 0
9871 1.609999999998964 0.04000000000009463 0
9872 1.619999999998984 0.05000000000011553 0
9873 0.3000000000009941 0.7299999999995658 0
9874 0.2900000000010221 0.7399999999995868 0
9875 0.4299999999999519 0.4199999999992982 0
9876 0.4199999999999519 0.4099999999993157 0
9877 0.7300000000026224 0.6799999999994285 0
9878 0.7200000000025871 0.6699999999993984 0
9879 0.7300000000025837 0.6599999999994247 0
9880 0.740000000002619 0.6699999999994548 0
9881 1.659999999998953 0.2900000000003204 0
9882 1.669999999998983 0.2800000000003167 0
9883 0.4799999999998922 0.4299999999992501 0
9884 0.4699999999999128 0.4399999999992532 0
9885 0.4699999999998947 0.4199999999992582 0
9886 1.039999999997535 0.1100000000001488 0
9887 1.049999999997547 0.1000000000001509 0
9888 1.049999999997568 0.1200000000001696 0
9889 0.180000000000271 0.3100000000010216 0
9890 0.1700000000002862 0.320000000001076 0
9891 0.160000000000296 0.3100000000010737 0
9892 1.140000000002177 0.5100000000020678 0
9893 1.150000000001932 0.5000000000019675 0
9894 1.160000000002082 0.510000000002051 0
9895 1.150000000002328 0.5200000000021513 0
9896 0.3499999999993184 0.1199999999997223 0
9897 0.3599999999992968 0.1299999999996982 0
9898 0.349999999999339 0.1399999999996865 0
9899 1.339999999998703 0.4300000000002431 0
9900 1.329999999998716 0.440000000000228 0
9901 1.329999999998667 0.4200000000002487 0
9902 1.83999999999972 0.8299999999997126 0
9903 1.619999999999674 0.7900000000010765 0
9904 1.629999999999687 0.7800000000010925 0
9905 1.639999999999638 0.7900000000010299 0
9906 1.629999999999625 0.8000000000010139 0
9907 0.3699999999999338 0.4599999999998927 0
9908 0.359999999999967 0.4499999999999413 0
9909 0.1799999996161165 0.2099999996164382 0
9910 0.6499999999978885 0.3599999999992899 0
9911 0.6599999999978714 0.369999999999278 0
9912 0.6499999999978994 0.3799999999992686 0
9913 1.950000000000122 0.3999999999989837 0
9914 1.940000000000145 0.389999999999013 0
9915 1.950000000000123 0.379999999999037 0
9916 1.9600000000001 0.3899999999990076 0
9917 1.88000000000008 0.5699999999991034 0
9918 1.890000000000081 0.5599999999990658 0
9919 1.900000000000048 0.5699999999990524 0
9920 1.890000000000047 0.5799999999990899 0
9921 0.1000000000004052 0.989999999999967 0
9922 1.46000000000042 0.5100000000014184 0
9923 1.480000000000544 0.5100000000012784 0
9924 1.810000000000264 0.2599999999997821 0
9925 1.800000000000224 0.2499999999999169 0
9926 1.810000000000225 0.2399999999999344 0
9927 1.499999999999377 0.4500000000002779 0
9928 1.489999999999445 0.4600000000003409 0
9929 1.479999999999097 0.4500000000003248 0
9930 1.48999999999903 0.4400000000002617 0
9931 1.519999999998711 0.3900000000003125 0
9932 1.509999999998732 0.4000000000003016 0
9933 1.499999999998697 0.3900000000003129 0
9934 1.930000000000021 0.5599999999989753 0
9935 1.920000000000047 0.5499999999989911 0
9936 1.249999999998044 0.1200000000002402 0
9937 1.239999999998019 0.1100000000002242 0
9938 1.249999999998036 0.1000000000002101 0
9939 1.259999999998061 0.110000000000226 0
9940 0.1199989882998241 0.02999898830000473 0
9941 0.1099960298151035 0.03999602981523983 0
9942 0.09999505425330571 0.02999505425344505 0
9943 0.1099980127380263 0.01999801273820995 0
9944 1.469999999998603 0.06000000000013891 0
9945 1.4699999999986 0.08000000000017869 0
9946 1.459999999998576 0.07000000000015857 0
9947 1.499999999998665 0.110000000000231 0
9948 1.50999999999869 0.1000000000002148 0
9949 1.519999999998708 0.1100000000002303 0
9950 0.960000000003901 0.9300000000000999 0
9951 0.009999690643094118 0.1199996906435588 0
9952 1.809999999999497 0.0200000000000445 0
9953 0.9900000000038154 0.9000000000003041 0
9954 1.000000000003842 0.9100000000003201 0
9955 0.990000000003876 0.920000000000244 0
9956 0.9800000000038489 0.910000000000228 0
9957 1.21999999999801 0.1700000000002904 0
9958 1.229999999998023 0.1600000000002842 0
9959 1.239999999998042 0.1700000000002947 0
9960 0.7399999999979148 0.4499999999991861 0
9961 0.7299999999979856 0.4599999999991839 0
9962 0.7199999999979354 0.4499999999991926 0
9963 0.7299999999978644 0.4399999999991947 0
9964 0.1400000000002849 0.3100000000011028 0
9965 0.3000000000000845 0.2899999999996654 0
9966 0.3099999999999976 0.2799999999995928 0
9967 0.6400000000026589 0.9099999999996743 0
9968 0.6500000000026964 0.8999999999996455 0
9969 0.7500000000031197 0.9799999999999215 0
9970 1.780000000000026 0.7099999999997066 0
9971 1.790000000000022 0.699999999999577 0
9972 1.799999999999986 0.7099999999995633 0
9973 0.5600000000023537 0.7299999999992793 0
9974 0.5500000000023385 0.739999999999293 0
9975 0.5400000000023203 0.7299999999992789 0
9976 0.5500000000023355 0.7199999999992652 0
9977 0.3800000000016239 0.9299999999997617 0
9978 0.3700000000015725 0.9399999999997934 0
9979 0.3600000000015462 0.9299999999997671 0
9980 0.7800000000028612 0.749999999999589 0
9981 0.800000000002882 0.7499999999996541 0
9982 1.079999999997689 0.1500000000002213 0
9983 1.089999999997701 0.1400000000002206 0
9984 1.099999999997748 0.1500000000002337 0
9985 1.769999999999342 0.08000000000015782 0
9986 1.779999999999352 0.09000000000016782 0
9987 1.769999999999308 0.1000000000001834 0
9988 0.319999999999657 0.5300000000010451 0
9989 0.3299999999996958 0.5200000000009941 0
9990 0.3399999999996582 0.5300000000009835 0
9991 0.08000000000032251 0.9899999999999654 0
9992 0.06000000000024078 0.9899999999999638 0
9993 1.660000000000255 0.3899999999999775 0
9994 1.650000000000319 0.3999999999999655 0
9995 0.2000000000005702 0.8499999999997649 0
9996 0.1900000000005962 0.8599999999997724 0
9997 0.9999999999974349 0.05000000000002464 0
9998 1.009999999997437 0.04000000000003101 0
9999 0.3600000000017362 0.7899999999994651 0
10000 0.3500000000016864 0.799999999999493 0
10001 0.3400000000016719 0.7899999999994907 0
10002 0.3500000000017217 0.7799999999994628 0
10003 0.5400000000023193 0.7099999999992523 0
10004 0.5300000000023036 0.7199999999992663 0
10005 0.5200000000022889 0.7099999999992557 0
10006 0.5300000000023045 0.6999999999992417 0
10007 0.4899999999989079 0.1799999999995562 0
10008 0.4999999999988946 0.189999999999537 0
10009 0.4799999999989677 0.1899999999995378 0
10010 0.4000000000020385 0.7099999999993156 0
10011 0.4100000000020758 0.6999999999992962 0
10012 0.4200000000020975 0.7099999999993005 0
10013 0.4200000000020508 0.7499999999993542 0
10014 1.889999999999904 0.1000000000000673 0
10015 1.88999999999982 0.08000000000009058 0
10016 1.779999999999292 0.9099999999999668 0
10017 1.769999999999294 0.9000000000000302 0
10018 0.6600000000027475 0.9699999999998814 0
10019 0.6500000000027055 0.9799999999999198 0
10020 0.6400000000026644 0.9699999999998813 0
10021 0.7399999999977458 0.2899999999993709 0
10022 0.7299999999977549 0.2999999999993572 0
10023 0.7199999999977811 0.2899999999993745 0
10024 0.729999999997772 0.2799999999993882 0
10025 0.3899999999991758 0.07999999999979052 0
10026 0.3999999999991513 0.0899999999997647 0
10027 0.3799999999992135 0.08999999999977071 0
10028 0.1399999516916913 0.149999951691654 0
10029 1.159999999997947 0.1900000000002821 0
10030 1.169999999997952 0.1800000000002813 0
10031 1.179999999997972 0.1900000000002907 0
10032 1.939999999999845 0.8699999999996464 0
10033 1.919999999999797 0.8699999999996419 0
10034 1.069999999997731 0.2000000000002306 0
10035 1.059999999997689 0.190000000000219 0
10036 1.069999999997705 0.1800000000002269 0
10037 1.559999999999979 0.7300000000014158 0
10038 1.57000000000002 0.7200000000014398 0
10039 1.579999999999957 0.7300000000013862 0
10040 1.569999999999916 0.7400000000013622 0
10041 0.7899999999979905 0.07999999999978759 0
10042 0.7999999999979621 0.08999999999976305 0
10043 0.7799999999980274 0.08999999999976394 0
10044 0.3699999999992269 0.05999999999984272 0
10045 0.3799999999992021 0.06999999999981689 0
10046 0.369999999999237 0.07999999999979603 0
10047 0.3599999999992619 0.06999999999982184 0
10048 0.139999997142439 0.1899999971426801 0
10049 0.7900000000031102 0.8599999999996664 0
10050 0.139999999997807 0.2699999999985231 0
10051 0.1499999999963595 0.2599999999970417 0
10052 0.1599999999984669 0.2699999999991577 0
10053 1.049999999998119 0.3800000000000926 0
10054 1.059999999998178 0.3900000000000973 0
10055 1.049999999998187 0.4000000000000672 0
10056 1.039999999998128 0.3900000000000625 0
10057 1.589999999998918 0.02000000000004861 0
10058 1.599999999998941 0.03000000000007164 0
10059 0.3000000000013736 0.8899999999996986 0
10060 0.2900000000013001 0.8999999999997237 0
10061 0.2800000000000605 0.4300000000009768 0
10062 0.2700000000000375 0.4400000000010174 0
10063 0.2600000000000692 0.4300000000010248 0
10064 0.2700000000000922 0.4200000000009842 0
10065 1.229999999997994 0.1000000000002081 0
10066 1.219999999997968 0.09000000000019032 0
10067 1.229999999997985 0.08000000000017446 0
10068 1.239999999998011 0.09000000000019229 0
10069 0.8100000000030795 0.8199999999996903 0
10070 0.8200000000031209 0.8299999999997185 0
10071 1.669999999999128 0.02000000000004764 0
10072 1.679999999999152 0.03000000000006964 0
10073 1.669999999999122 0.04000000000009242 0
10074 1.069999999997577 0.08000000000014384 0
10075 1.059999999997548 0.07000000000012435 0
10076 1.069999999997565 0.06000000000011493 0
10077 0.219999999976514 0.2299999999767259 0
10078 0.2099999999899673 0.2399999999903271 0
10079 0.1999999999810988 0.2299999999814766 0
10080 0.2099999999676455 0.2199999999678754 0
10081 1.329999999998236 0.08000000000017707 0
10082 1.31999999999821 0.07000000000015746 0
10083 1.329999999998238 0.06000000000013789 0
10084 1.339999999998265 0.07000000000015748 0
10085 0.3500000000015191 0.9199999999997415 0
10086 0.3500000000015541 0.8999999999996905 0
10087 0.1499998459753359 0.07999984597541324 0
10088 0.1599999670962563 0.08999996709630986 0
10089 0.3200000000015779 0.749999999999482 0
10090 0.3300000000016198 0.7399999999994515 0
10091 0.3400000000017153 0.7499999999994392 0
10092 0.3300000000016733 0.7599999999994698 0
10093 0.979999999997589 0.2100000000000021 0
10094 0.9899999999975895 0.2000000000000448 0
10095 0.2400000000010916 0.8899999999997465 0
10096 0.2300000000010323 0.8999999999997635 0
10097 0.2300000000010575 0.8799999999997439 0
10098 0.269999999998514 0.1399999999986957 0
10099 0.2599999999983403 0.1299999999985355 0
10100 0.2400000000010009 0.9899999999999664 0
10101 0.2800000000011958 0.9299999999997914 0
10102 0.4800000000018447 0.5699999999992025 0
10103 0.4900000000017873 0.5599999999991904 0
10104 0.5000000000020278 0.569999999999165 0
10105 0.4900000000020852 0.579999999999177 0
10106 1.249999999998062 0.1600000000002875 0
10107 1.239999999998036 0.1500000000002753 0
10108 1.249999999998055 0.1400000000002658 0
10109 0.01999999999987445 0.7300000000004814 0
10110 0.02999999999981509 0.7200000000005566 0
10111 0.02999999999981732 0.7400000000004092 0
10112 0.1099999999864181 0.2399999999871092 0
10113 1.959999999999913 0.7699999999994029 0
10114 1.949999999999894 0.7799999999994338 0
10115 0.2900000000012548 0.9199999999997641 0
10116 0.9499999999979233 0.3999999999996984 0
10117 0.9599999999979945 0.4099999999997348 0
10118 0.9499999999980066 0.4199999999996721 0
10119 0.9399999999979354 0.4099999999996357 0
10120 0.4900000000011761 0.53999999999922 0
10121 0.500000000001575 0.5499999999991816 0
10122 0.8000000000030365 0.8099999999996605 0
10123 0.8100000000030286 0.7999999999996875 0
10124 0.8200000000030716 0.8099999999997173 0
10125 0.2700000000013175 0.8399999999996637 0
10126 0.2800000000013894 0.8499999999996597 0
10127 1.339999999998295 0.1500000000002832 0
10128 1.349999999998317 0.1400000000002721 0
10129 0.3100000000014408 0.8799999999996719 0
10130 1.829999999999922 0.7199999999994542 0
10131 1.129999999997813 0.1400000000002369 0
10132 1.119999999997767 0.1300000000002237 0
10133 1.129999999997776 0.1200000000002162 0
10134 0.04999999999970339 0.6600000000009911 0
10135 0.05999999999965036 0.6700000000009276 0
10136 0.04999999999970135 0.6800000000008546 0
10137 0.03999999999975438 0.6700000000009182 0
10138 1.469999999998612 0.2600000000003651 0
10139 1.459999999998604 0.2500000000003619 0
10140 1.46999999999861 0.2400000000003594 0
10141 1.479999999998618 0.2500000000003625 0
10142 0.570000000002304 0.5599999999991475 0
10143 0.5600000000021965 0.5499999999991461 0
10144 0.5700000000021825 0.5399999999991477 0
10145 0.58000000000229 0.5499999999991492 0
10146 1.909999999999734 0.8999999999997027 0
10147 1.909999999999705 0.9199999999997451 0
10148 1.499999999998683 0.03000000000007212 0
10149 1.509999999998709 0.02000000000004877 0
10150 1.519999999998735 0.03000000000007208 0
10151 1.509999999998709 0.04000000000009543 0
10152 1.619999999998956 0.09000000000019223 0
10153 1.599999999998911 0.09000000000019345 0
10154 1.289999999998223 0.2400000000003414 0
10155 1.279999999998172 0.2300000000003368 0
10156 1.289999999998176 0.2200000000003348 0
10157 1.299999999998227 0.2300000000003394 0
10158 1.189999999997866 0.02000000000004813 0
10159 1.199999999997893 0.03000000000007092 0
10160 1.189999999997868 0.0400000000000929 0
10161 1.379999999998424 0.1700000000003067 0
10162 1.389999999998444 0.1600000000002971 0
10163 1.399999999998479 0.1700000000003074 0
10164 1.980000000000031 0.489999999998769 0
10165 1.970000000000039 0.4999999999987795 0
10166 1.960000000000065 0.4899999999988092 0
10167 1.970000000000057 0.4799999999987986 0
10168 0.1000000000001092 0.4300000000015541 0
10169 0.09000000000008257 0.4400000000016127 0
10170 1.850000000000285 0.2999999999992515 0
10171 1.840000000000292 0.2899999999993312 0
10172 1.850000000000277 0.279999999999378 0
10173 1.860000000000271 0.2899999999992983 0
10174 1.979999999999951 0.8299999999995535 0
10175 1.989999999999976 0.8199999999995269 0
10176 1.989999999999975 0.8399999999995791 0
10177 1.96999999999991 0.9199999999997764 0
10178 1.959999999999884 0.9099999999997466 0
10179 1.969999999999916 0.8999999999997268 0
10180 1.979999999999943 0.9099999999997566 0
10181 0.03000000000002205 0.4600000000018509 0
10182 0.5000000000000414 0.4899999999992268 0
10183 0.4900000000000942 0.4999999999992426 0
10184 0.4899999999999075 0.4799999999992417 0
10185 0.6100000000025229 0.8599999999995345 0
10186 0.6100000000025325 0.8799999999995856 0
10187 0.6000000000024934 0.8699999999995576 0
10188 0.2800000000013698 0.8099999999996229 0
10189 0.2900000000014319 0.7999999999995946 0
10190 0.3000000000015182 0.8099999999995837 0
10191 0.290000000001456 0.819999999999612 0
10192 1.60999999999897 0.02000000000004861 0
10193 1.619999999998993 0.0300000000000716 0
10194 0.1199999239665053 0.1499999239666025 0
10195 0.1000000000000532 0.4500000000016018 0
10196 0.7399999999977696 0.2699999999994031 0
10197 0.7199999999978156 0.2699999999994063 0
10198 0.7299999999978131 0.2599999999994211 0
10199 0.7499999999981137 0.07999999999978846 0
10200 0.759999999998089 0.08999999999976438 0
10201 0.7499999999981201 0.09999999999974082 0
10202 0.7399999999981448 0.08999999999976491 0
10203 1.449999999998552 0.06000000000013853 0
10204 1.44999999999855 0.08000000000017848 0
10205 0.7100000000029292 0.8999999999996549 0
10206 0.5600000000023679 0.8699999999995531 0
10207 0.5700000000023997 0.8599999999995275 0
10208 0.5800000000024297 0.8699999999995546 0
10209 0.5700000000023978 0.8799999999995802 0
10210 0.5500000000023419 0.7599999999993234 0
10211 0.5600000000023633 0.7699999999993405 0
10212 0.5500000000023445 0.7799999999993572 0
10213 0.5400000000023231 0.7699999999993401 0
10214 1.24999999999956 0.4800000000007946 0
10215 1.259999999999792 0.4900000000009279 0
10216 1.489999999998638 0.1400000000002753 0
10217 1.479999999998622 0.1300000000002614 0
10218 1.489999999998642 0.1200000000002471 0
10219 1.269999999998279 0.2800000000003394 0
10220 1.259999999998237 0.2700000000003379 0
10221 1.269999999998232 0.2600000000003408 0
10222 1.279999999998274 0.2700000000003424 0
10223 1.779999999999337 0.8899999999999821 0
10224 1.769999999999342 0.8800000000000536 0
10225 0.4200000000015888 0.6299999999992907 0
10226 0.410000000001713 0.6399999999992851 0
10227 0.4000000000012743 0.6299999999993955 0
10228 1.28000000000223 0.9300000000004602 0
10229 1.300000000002081 0.9300000000004606 0
10230 1.290000000002157 0.9400000000003974 0
10231 1.310000000002008 0.9400000000003974 0
10232 1.310000000001999 0.9200000000005233 0
10233 1.320000000001926 0.9300000000004602 0
10234 1.219999999997947 0.03000000000007101 0
10235 1.229999999997972 0.02000000000004834 0
10236 1.239999999997999 0.03000000000007155 0
10237 1.229999999997974 0.04000000000009421 0
10238 1.689999999999022 0.160000000000267 0
10239 0.5899999999985521 0.1199999999996913 0
10240 0.5999999999985187 0.1299999999996702 0
10241 0.589999999998551 0.1399999999996475 0
10242 0.5799999999985845 0.1299999999996687 0
10243 0.7800000000030971 0.8699999999996597 0
10244 1.65999999999909 0.05000000000011376 0
10245 1.639999999999036 0.05000000000011455 0
10246 1.919999999999733 0.9299999999997725 0
10247 1.909999999999679 0.9399999999997978 0
10248 1.979999999999957 0.7099999999992415 0
10249 1.809999999999983 0.6999999999994793 0
10250 1.800000000000017 0.6899999999994961 0
10251 1.810000000000014 0.6799999999994597 0
10252 1.749999999999718 0.8000000000003515 0
10253 1.759999999999675 0.8100000000002474 0
10254 1.309999999998237 0.2200000000003371 0
10255 1.299999999998192 0.2100000000003306 0
10256 1.309999999998213 0.2000000000003262 0
10257 1.509999999998638 0.2600000000003649 0
10258 1.519999999998643 0.2700000000003656 0
10259 1.969999999999931 0.799999999999478 0
10260 1.979999999999952 0.8099999999995016 0
10261 1.969999999999929 0.819999999999529 0
10262 1.02999999999751 0.1000000000001229 0
10263 1.029999999997527 0.1200000000001388 0
10264 1.019999999997502 0.1100000000001129 0
10265 0.1800000000002587 0.3500000000011187 0
10266 0.1700000000002481 0.3600000000011646 0
10267 0.1600000000002608 0.3500000000011677 0
10268 0.1700000000002714 0.3400000000011218 0
10269 0.1200000000001992 0.3900000000013832 0
10270 0.7399999999978174 0.2499999999994371 0
10271 0.7199999999978792 0.2499999999994399 0
10272 0.7299999999978835 0.2399999999994559 0
10273 1.989999999999965 0.9599999999998901 0
10274 1.269999999998081 0.1000000000002112 0
10275 1.279999999998108 0.1100000000002269 0
10276 1.269999999998088 0.1200000000002417 0
10277 1.059999999997663 0.1700000000002139 0
10278 1.049999999997655 0.1800000000002032 0
10279 0.1799999999856145 0.2499999999862088 0
10280 0.189999999983174 0.2399999999836727 0
10281 0.1999999999934631 0.2499999999939735 0
10282 1.849999999999949 0.6799999999994066 0
10283 1.84999999999992 0.6999999999993982 0
10284 1.919999999999795 0.0100000000000177 0
10285 1.520000000000532 0.9300000000004575 0
10286 1.530000000000451 0.9200000000005182 0
10287 1.540000000000392 0.9300000000004565 0
10288 1.530000000000474 0.9400000000003956 0
10289 0.7700000000029408 0.799999999999581 0
10290 0.7600000000028957 0.7899999999995504 0
10291 0.7700000000028948 0.7799999999995704 0
10292 0.7800000000029399 0.789999999999601 0
10293 0.3000000000014785 0.8499999999996337 0
10294 0.2900000000014538 0.8399999999996339 0
10295 1.459999999998611 0.2900000000003654 0
10296 1.469999999998614 0.2800000000003669 0
10297 1.479999999998621 0.2900000000003664 0
10298 0.2600000000010836 0.9899999999999654 0
10299 1.050000000003768 0.9600000000002388 0
10300 1.050000000003743 0.9400000000003477 0
10301 1.239999999998002 0.05000000000011577 0
10302 1.229999999997978 0.06000000000013657 0
10303 1.459999999998575 0.09000000000019677 0
10304 1.469999999998599 0.100000000000215 0
10305 1.919999999999711 0.9499999999998296 0
10306 0.6400000000026504 0.8899999999996174 0
10307 0.6300000000026167 0.8999999999996434 0
10308 0.6200000000025727 0.8899999999996151 0
10309 1.579999999998815 0.1500000000002812 0
10310 1.58999999999885 0.1400000000002687 0
10311 1.599999999998862 0.150000000000279 0
10312 0.6500000000025707 0.7799999999993927 0
10313 0.6600000000026036 0.7899999999994147 0
10314 0.6500000000025881 0.7999999999994256 0
10315 1.95999999999991 0.7899999999994547 0
10316 1.519999999998734 0.05000000000011719 0
10317 1.529999999998761 0.04000000000009545 0
10318 1.539999999998785 0.05000000000011699 0
10319 0.080000000000164 0.929999999999805 0
10320 0.5900000000024634 0.879999999999582 0
10321 0.7799999999977486 0.2299999999994675 0
10322 0.7699999999977496 0.2399999999994501 0
10323 0.7599999999978135 0.2299999999994697 0
10324 0.7699999999978124 0.2199999999994871 0
10325 1.240000000002508 0.9300000000004605 0
10326 1.250000000002442 0.9200000000005237 0
10327 1.260000000002372 0.9300000000004608 0
10328 1.250000000002438 0.9400000000003975 0
10329 1.789999999999552 0.8399999999999792 0
10330 1.779999999999583 0.8300000000000549 0
10331 1.13999999999794 0.2100000000002802 0
10332 1.149999999997944 0.2000000000002825 0
10333 1.309999999998316 0.2600000000003476 0
10334 1.299999999998271 0.2500000000003444 0
10335 1.309999999998275 0.2400000000003443 0
10336 0.4300000000007473 0.5799999999996255 0
10337 0.5000000000004184 0.5099999999992193 0
10338 0.4900000000005793 0.519999999999243 0
10339 0.2099999999999897 0.4600000000011921 0
10340 0.2199999999999449 0.4700000000011813 0
10341 0.2099999999999064 0.4800000000012453 0
10342 0.7799999999979884 0.1499999999996277 0
10343 0.7699999999980124 0.1599999999996072 0
10344 0.7599999999980667 0.1499999999996293 0
10345 0.7699999999980427 0.1399999999996499 0
10346 1.53999999999866 0.2700000000003638 0
10347 1.549999999998676 0.2600000000003613 0
10348 1.55999999999868 0.2700000000003614 0
10349 1.549999999998664 0.280000000000364 0
10350 1.750000000000108 0.6999999999999622 0
10351 1.760000000000067 0.7099999999999111 0
10352 1.01000000000391 0.9600000000001725 0
10353 1.020000000003912 0.9700000000001474 0
10354 1.01000000000397 0.9800000000000892 0
10355 1.779999999999477 0.850000000000029 0
10356 1.769999999999409 0.8600000000000836 0
10357 1.759999999999437 0.8500000000001702 0
10358 1.769999999999504 0.8400000000001155 0
10359 1.010000000003842 0.9200000000003254 0
10360 1.010000000003873 0.9400000000002504 0
10361 1.000000000003884 0.9300000000002532 0
10362 1.31999999999821 0.1100000000002276 0
10363 1.329999999998234 0.1000000000002124 0
10364 1.339999999998266 0.1100000000002287 0
10365 0.1699999999956647 0.2599999999963181 0
10366 0.1599999999765062 0.2499999999771385 0
10367 1.059999999997742 0.230000000000218 0
10368 1.069999999997762 0.2200000000002307 0
10369 1.079999999997812 0.2300000000002406 0
10370 0.9399999999975042 0.1499999999998622 0
10371 0.929999999997513 0.1599999999998184 0
10372 0.919999999997521 0.1499999999997901 0
10373 1.379999999998455 0.2300000000003486 0
10374 1.389999999998481 0.2200000000003452 0
10375 1.399999999998508 0.2300000000003506 0
10376 1.389999999998482 0.240000000000354 0
10377 1.269999999998126 0.2200000000003321 0
10378 1.259999999998094 0.2100000000003255 0
10379 1.269999999998104 0.2000000000003218 0
10380 1.279999999998136 0.2100000000003284 0
10381 1.419999999998634 0.3500000000003388 0
10382 1.429999999998627 0.3400000000003466 0
10383 0.2800000000011664 0.9899999999999651 0
10384 1.16000000000307 0.9300000000004601 0
10385 1.180000000002922 0.9300000000004609 0
10386 1.170000000002988 0.9400000000003974 0
10387 0.2200000000001369 0.4100000000010923 0
10388 0.2300000000001571 0.4000000000010628 0
10389 0.2400000000001291 0.4100000000010463 0
10390 0.2300000000001089 0.4200000000010758 0
10391 1.33999999999841 0.290000000000351 0
10392 1.349999999998416 0.2800000000003542 0
10393 1.359999999998446 0.2900000000003542 0
10394 1.34999999999856 0.3600000000003188 0
10395 1.339999999998516 0.3500000000003239 0
10396 1.349999999998511 0.3400000000003331 0
10397 1.090000000003526 0.9200000000005082 0
10398 1.100000000003475 0.9300000000004532 0
10399 1.09000000000354 0.9400000000003883 0
10400 1.279999999998104 0.09000000000019427 0
10401 1.289999999998131 0.08000000000017704 0
10402 1.299999999998154 0.09000000000019481 0
10403 1.289999999998128 0.1000000000002121 0
10404 0.1499999999998216 0.8399999999998176 0
10405 1.120000000003348 0.9300000000004573 0
10406 1.140000000003213 0.9300000000004601 0
10407 1.130000000003275 0.9400000000003961 0
10408 1.739999999999298 0.0500000000001103 0
10409 1.749999999999331 0.04000000000009049 0
10410 1.150000000003133 0.9400000000003972 0
10411 1.15000000000315 0.9200000000005231 0
10412 1.47999999999955 0.4700000000005313 0
10413 1.499999999999842 0.4700000000004003 0
10414 0.8100000000029125 0.7599999999996886 0
10415 0.8200000000029548 0.7699999999997214 0
10416 0.8100000000029681 0.7799999999996872 0
10417 1.839999999999979 0.6699999999994262 0
10418 1.849999999999982 0.6599999999994128 0
10419 1.859999999999951 0.6699999999993935 0
10420 1.350000000001714 0.9400000000003974 0
10421 1.340000000001777 0.9300000000004606 0
10422 1.360000000001637 0.9300000000004602 0
10423 1.929999999999761 0.9399999999998043 0
10424 1.939999999999807 0.9299999999997834 0
10425 1.11999999999793 0.2300000000002713 0
10426 1.129999999997933 0.2200000000002768 0
10427 1.489999999998651 0.3400000000003511 0
10428 1.499999999998657 0.3500000000003457 0
10429 1.489999999998664 0.3600000000003389 0
10430 0.9899999999982788 0.4399999999998697 0
10431 0.9999999999986053 0.4500000000000108 0
10432 0.9799999999985094 0.4499999999998893 0
10433 0.2100000000001166 0.42000000000113 0
10434 0.2000000000001449 0.4100000000011501 0
10435 0.2100000000001651 0.4000000000011124 0
10436 0.88000000000354 0.9099999999998866 0
10437 0.860000000003458 0.9099999999998356 0
10438 1.959999999999863 0.9499999999998494 0
10439 1.969999999999904 0.9399999999998276 0
10440 1.979999999999934 0.9499999999998592 0
10441 1.429999999998567 0.2400000000003573 0
10442 1.439999999998586 0.250000000000361 0
10443 1.429999999998572 0.2600000000003626 0
10444 1.439999999998623 0.3300000000003525 0
10445 1.449999999998619 0.3200000000003579 0
10446 1.510000000000219 0.4800000000003845 0
10447 1.520000000000523 0.4900000000003698 0
10448 1.510000000000594 0.5000000000006209 0
10449 1.699999999999119 0.1100000000002111 0
10450 1.709999999999161 0.1000000000001967 0
10451 1.719999999999164 0.1100000000002078 0
10452 1.059999999997715 0.2100000000002203 0
10453 1.039999999997558 0.1300000000001643 0
10454 0.3200000000015019 0.8699999999996455 0
10455 0.3400000000015683 0.8699999999996301 0
10456 0.6200000000025485 0.8499999999995145 0
10457 0.6300000000025716 0.8399999999994949 0
10458 0.6400000000026131 0.8499999999995204 0
10459 1.529999999998647 0.2800000000003659 0
10460 1.539999999998651 0.2900000000003645 0
10461 1.529999999998642 0.3000000000003646 0
10462 1.40999999999877 0.4400000000002566 0
10463 1.399999999998747 0.4300000000002592 0
10464 1.409999999998729 0.4200000000002688 0
10465 1.319999999999606 0.4900000000007535 0
10466 1.329999999999211 0.480000000000546 0
10467 1.469999999998608 0.2000000000003372 0
10468 1.459999999998595 0.1900000000003287 0
10469 1.469999999998607 0.1800000000003204 0
10470 1.479999999998619 0.1900000000003289 0
10471 0.9099999999975321 0.1599999999997486 0
10472 0.9199999999975226 0.1699999999997717 0
10473 0.909999999997533 0.1799999999997275 0
10474 0.8999999999975425 0.1699999999997044 0
10475 1.529999999998696 0.3800000000003224 0
10476 1.539999999998796 0.3900000000003063 0
10477 1.529999999998811 0.4000000000002963 0
10478 0.4200000000018317 0.869999999999586 0
10479 0.4100000000017847 0.8799999999996149 0
10480 0.4000000000017627 0.8699999999995951 0
10481 0.4100000000018097 0.8599999999995662 0
10482 0.6700000000025662 0.7199999999993345 0
10483 0.6600000000025381 0.7099999999993124 0
10484 0.6800000000025748 0.7099999999993385 0
10485 0.7200000000026567 0.7099999999994135 0
10486 0.730000000002661 0.6999999999994341 0
10487 0.740000000002705 0.7099999999994637 0
10488 1.210000000002341 0.5600000000021232 0
10489 1.200000000002313 0.5500000000021421 0
10490 1.220000000002206 0.5500000000021232 0
10491 0.2999999999994792 0.1699999999996096 0
10492 0.2799999999993286 0.1699999999994209 0
10493 0.2899999999994096 0.1599999999995587 0
10494 0.3000000000012489 0.9899999999999642 0
10495 1.100000000003426 0.8300000000010108 0
10496 1.110000000003371 0.8400000000009691 0
10497 1.539999999998646 0.3100000000003617 0
10498 1.549999999998653 0.300000000000363 0
10499 1.559999999998656 0.3100000000003597 0
10500 0.1199999998410979 0.2299999998417223 0
10501 1.769999999999279 0.1200000000002027 0
10502 1.259999999998071 0.1300000000002541 0
10503 1.830000000000305 0.2999999999993024 0
10504 1.820000000000308 0.2899999999994252 0
10505 1.319999999998285 0.230000000000342 0
10506 1.579999999998671 0.3100000000003565 0
10507 1.589999999998688 0.3000000000003564 0
10508 1.599999999998704 0.3100000000003514 0
10509 1.589999999998687 0.3200000000003515 0
10510 0.5200000000022797 0.7899999999993779 0
10511 0.5300000000023026 0.7799999999993583 0
10512 0.5400000000023235 0.7899999999993752 0
10513 0.5300000000023006 0.7999999999993949 0
10514 0.3200000000015681 0.8299999999995795 0
10515 0.3300000000016055 0.8199999999995503 0
10516 0.3400000000016191 0.8299999999995543 0
10517 1.499999999998632 0.2500000000003623 0
10518 0.7799999999978118 0.2099999999995053 0
10519 0.7599999999978942 0.2099999999995075 0
10520 0.7699999999978935 0.1999999999995257 0
10521 0.7399999999978901 0.2299999999994729 0
10522 0.719999999997968 0.2299999999994753 0
10523 0.7299999999979747 0.2199999999994923 0
10524 1.179999999998126 0.2900000000002972 0
10525 1.189999999998124 0.2800000000003072 0
10526 0.930000000003149 0.7800000000002418 0
10527 0.9200000000031042 0.7700000000001986 0
10528 0.9300000000030846 0.7600000000002775 0
10529 0.9400000000031292 0.7700000000003207 0
10530 0.3499999999996224 0.5400000000009684 0
10531 0.3599999999996095 0.5500000000008975 0
10532 0.3499999999995824 0.5600000000009276 0
10533 1.119999999997687 0.05000000000010858 0
10534 0.9500000000031084 0.760000000000409 0
10535 0.9400000000030679 0.7500000000003597 0
10536 0.9500000000030486 0.7400000000004511 0
10537 0.9600000000030892 0.7500000000005004 0
10538 0.680000000002593 0.7299999999993566 0
10539 0.6700000000025814 0.7399999999993555 0
10540 0.6600000000025547 0.7299999999993334 0
10541 0.6000000000025028 0.9499999999998062 0
10542 0.6600000000027089 0.8699999999995709 0
10543 0.6700000000027322 0.8599999999995502 0
10544 1.910000000000048 0.5599999999990193 0
10545 1.900000000000079 0.5499999999990397 0
10546 1.719999999999084 0.1900000000002715 0
10547 1.709999999999048 0.2000000000002812 0
10548 1.639999999998945 0.1500000000002719 0
10549 1.629999999998916 0.1600000000002849 0
10550 1.619999999998906 0.1500000000002759 0
10551 1.629999999998935 0.1400000000002629 0
10552 0.5200000000017664 0.5499999999991618 0
10553 0.510000000001936 0.5599999999991629 0
10554 0.5100000000014051 0.5399999999991805 0
10555 1.349999999998691 0.4200000000002541 0
10556 1.359999999998723 0.4300000000002497 0
10557 0.7200000000029703 0.9099999999996843 0
10558 1.210000000002578 0.6000000000020098 0
10559 1.200000000002529 0.5900000000020393 0
10560 1.210000000002449 0.5800000000020701 0
10561 1.220000000002498 0.5900000000020406 0
10562 1.419999999998717 0.410000000000283 0
10563 1.429999999998704 0.4000000000002963 0
10564 1.760000000000105 0.6899999999997526 0
10565 1.770000000000099 0.6799999999996178 0
10566 1.78000000000006 0.6899999999995929 0
10567 1.770000000000065 0.6999999999997277 0
10568 1.559999999998666 0.2900000000003624 0
10569 1.569999999998684 0.2800000000003611 0
10570 1.579999999998686 0.2900000000003591 0
10571 1.569999999998668 0.3000000000003603 0
10572 0.4500000000018748 0.9799999999999236 0
10573 1.309999999999234 0.4800000000004906 0
10574 1.299999999999043 0.4700000000003626 0
10575 1.309999999998826 0.4600000000002508 0
10576 1.319999999999018 0.4700000000003788 0
10577 0.7800000000029905 0.8099999999996101 0
10578 0.7700000000029895 0.8199999999995946 0
10579 0.3400000000017034 0.7699999999994638 0
10580 0.3300000000016562 0.7799999999994933 0
10581 0.3200000000016261 0.7699999999994993 0
10582 1.399999999998425 0.07000000000015831 0
10583 1.389999999998399 0.08000000000017807 0
10584 1.379999999998373 0.07000000000015828 0
10585 0.7399999999979763 0.2099999999995103 0
10586 0.7199999999980606 0.2099999999995122 0
10587 0.7299999999980622 0.1999999999995302 0
10588 0.380000000001772 0.8099999999994807 0
10589 0.3700000000017212 0.8199999999995073 0
10590 0.3600000000017025 0.8099999999994986 0
10591 0.3700000000017533 0.7999999999994718 0
10592 0.9100000000031886 0.8000000000000974 0
10593 0.9200000000032413 0.8100000000001335 0
10594 0.9100000000032606 0.8200000000000693 0
10595 0.4400000000020093 0.8099999999994459 0
10596 0.4300000000019478 0.8199999999994697 0
10597 0.4200000000019274 0.8099999999994549 0
10598 0.4300000000019889 0.7999999999994312 0
10599 0.3700000000018377 0.7599999999994094 0
10600 0.3600000000018097 0.749999999999408 0
10601 0.4099999999991109 0.07999999999978583 0
10602 0.4199999999990851 0.08999999999975983 0
10603 1.729999999999244 0.9000000000002601 0
10604 1.719999999999255 0.8900000000003419 0
10605 1.549999999998755 0.1400000000002719 0
10606 1.559999999998769 0.1500000000002829 0
10607 1.549999999998741 0.1600000000002954 0
10608 1.449999999999084 0.4600000000004346 0
10609 1.459999999999374 0.4700000000006148 0
10610 1.539999999998753 0.1100000000002294 0
10611 1.29999999999818 0.1900000000003179 0
10612 1.289999999998152 0.2000000000003242 0
10613 1.279999999998126 0.1900000000003161 0
10614 1.329999999998829 0.4600000000002784 0
10615 1.319999999998769 0.4500000000002435 0
10616 0.9000000000031386 0.7900000000000581 0
10617 0.9100000000031199 0.7800000000001265 0
10618 0.9200000000031698 0.7900000000001658 0
10619 0.2399999999975673 0.2499999999976603 0
10620 0.2299999999988952 0.2599999999991544 0
10621 0.2199999999948989 0.2499999999952331 0
10622 0.229999999993571 0.2399999999937391 0
10623 1.019999999997441 0.03000000000003217 0
10624 1.489999999998658 0.02000000000004876 0
10625 1.559999999998834 0.05000000000011671 0
10626 0.4200000000017896 0.9099999999996931 0
10627 0.4300000000018355 0.8999999999996617 0
10628 0.4400000000018655 0.9099999999996892 0
10629 0.4300000000018195 0.9199999999997204 0
10630 0.7799999999978844 0.1899999999995446 0
10631 0.7599999999979735 0.1899999999995467 0
10632 0.7699999999979643 0.1799999999995656 0
10633 1.639999999998895 0.1900000000003077 0
10634 1.649999999998929 0.1800000000002969 0
10635 1.659999999998931 0.1900000000002997 0
10636 1.649999999998898 0.2000000000003105 0
10637 0.1600000000002357 0.3700000000012134 0
10638 0.1500000000002221 0.3800000000012667 0
10639 0.1400000000002352 0.3700000000012739 0
10640 0.1500000000002489 0.3600000000012206 0
10641 0.6900000000027289 0.8199999999994841 0
10642 0.6800000000026809 0.80999999999946 0
10643 0.6900000000027005 0.7999999999994527 0
10644 1.509999999999763 0.4600000000002601 0
10645 1.50999999999929 0.4400000000002302 0
10646 1.519999999999676 0.4500000000002124 0
10647 1.85999999999942 0.9899999999999654 0
10648 1.359999999998411 0.2500000000003529 0
10649 1.349999999998396 0.2600000000003538 0
10650 1.039999999997671 0.21000000000019 0
10651 1.029999999997667 0.2200000000001661 0
10652 1.529999999998673 0.2200000000003477 0
10653 1.53999999999868 0.2300000000003516 0
10654 1.729999999999167 0.1200000000002174 0
10655 1.729999999999207 0.1000000000001931 0
10656 1.269999999998104 0.1800000000003079 0
10657 1.259999999998082 0.1700000000002979 0
10658 0.3200000000013318 0.9899999999999638 0
10659 0.5400000000020122 0.5499999999991498 0
10660 0.5500000000019833 0.53999999999915 0
10661 0.5500000000022253 0.5599999999991458 0
10662 0.9899999999974571 0.08000000000002093 0
10663 0.9799999999974421 0.06999999999999604 0
10664 0.9899999999974367 0.06000000000001252 0
10665 0.6100000000024166 0.6799999999992368 0
10666 0.6200000000024404 0.6899999999992537 0
10667 0.6100000000024297 0.6999999999992583 0
10668 0.6000000000024058 0.6899999999992414 0
10669 0.5600000000023708 0.8499999999995026 0
10670 1.619999999998803 0.2300000000003369 0
10671 1.629999999998831 0.2200000000003292 0
10672 1.639999999998834 0.2300000000003297 0
10673 1.629999999998806 0.2400000000003373 0
10674 0.509999999999863 0.4399999999992372 0
10675 0.4999999999998783 0.4299999999992434 0
10676 0.509999999999835 0.4199999999992473 0
10677 0.9999999999975481 0.1700000000000833 0
10678 1.009999999997546 0.160000000000111 0
10679 1.189999999998516 0.4000000000002115 0
10680 1.179999999998476 0.3900000000002162 0
10681 1.18999999999845 0.3800000000002355 0
10682 1.199999999998491 0.3900000000002309 0
10683 1.609999999998754 0.2600000000003495 0
10684 1.619999999998761 0.2700000000003472 0
10685 1.609999999998736 0.2800000000003515 0
10686 1.209999999997919 0.02000000000004819 0
10687 1.059999999997561 0.09000000000015 0
10688 1.079999999997608 0.09000000000016276 0
10689 1.379999999998488 0.290000000000357 0
10690 0.1900000000001728 0.4000000000011708 0
10691 0.1900000000001243 0.4200000000011952 0
10692 1.189999999997878 0.06000000000013354 0
10693 1.179999999997847 0.05000000000011266 0
10694 0.7800000000027913 0.7099999999995845 0
10695 0.7900000000027841 0.6999999999996231 0
10696 0.8000000000028171 0.7099999999996593 0
10697 0.5000000000022337 0.7899999999993829 0
10698 0.4900000000022 0.7999999999994053 0
10699 0.4800000000021791 0.7899999999993914 0
10700 0.4900000000022128 0.779999999999369 0
10701 1.439999999998526 0.09000000000019631 0
10702 1.429999999998504 0.1000000000002142 0
10703 0.5700000000023744 0.9799999999999203 0
10704 0.5600000000023352 0.969999999999882 0
10705 1.7199999999992 0.09000000000018003 0
10706 1.699999999999154 0.09000000000018271 0
10707 1.709999999999193 0.08000000000016602 0
10708 1.730000000000452 0.3999999999995105 0
10709 1.72000000000044 0.3899999999996194 0
10710 1.730000000000423 0.3799999999996038 0
10711 1.740000000000435 0.3899999999994949 0
10712 0.9300000000029537 0.7000000000003876 0
10713 0.9200000000029267 0.6900000000003337 0
10714 0.9300000000029147 0.6800000000004229 0
10715 0.9400000000029418 0.6900000000004769 0
10716 0.870000000002937 0.7399999999999561 0
10717 0.8600000000028979 0.7299999999999107 0
10718 0.8700000000028932 0.7199999999999763 0
10719 1.729999999999186 0.960000000000117 0
10720 1.719999999999211 0.9500000000001756 0
10721 1.729999999999201 0.9400000000001654 0
10722 1.609999999998873 0.1600000000002886 0
10723 1.619999999998883 0.1700000000002962 0
10724 1.609999999998848 0.1800000000003076 0
10725 0.8999999999991135 0.4899999999996165 0
10726 0.8899999999993581 0.4999999999996164 0
10727 1.129999999997852 0.1600000000002532 0
10728 1.119999999997806 0.1500000000002413 0
10729 0.4800000000021941 0.7699999999993569 0
10730 0.4700000000021598 0.7799999999993777 0
10731 0.4600000000021416 0.7699999999993656 0
10732 0.1400000000002029 0.3900000000013171 0
10733 0.13000000000022 0.3800000000013296 0
10734 0.2299999999999011 0.4800000000011737 0
10735 0.2299999999999826 0.4600000000011295 0
10736 1.359999999998601 0.370000000000312 0
10737 0.4099999999999719 0.3999999999993379 0
10738 0.2199999999998549 0.4900000000012378 0
10739 0.2399999999998498 0.4900000000011689 0
10740 0.2299999999998036 0.500000000001233 0
10741 1.599999999998791 0.2100000000003314 0
10742 1.609999999998821 0.2000000000003229 0
10743 1.619999999998828 0.2100000000003266 0
10744 1.609999999998797 0.2200000000003351 0
10745 1.329999999998625 0.4000000000002742 0
10746 1.339999999998659 0.4100000000002641 0
10747 0.37999999999936 0.2099999999995499 0
10748 0.3699999999994171 0.2199999999995442 0
10749 0.3599999999994352 0.209999999999568 0
10750 0.7500000000028524 0.7799999999995221 0
10751 0.7400000000028144 0.7699999999994936 0
10752 0.7500000000028215 0.7599999999995101 0
10753 0.7600000000028596 0.7699999999995385 0
10754 0.8500000000034512 0.919999999999823 0
10755 0.820000000002865 0.7299999999997313 0
10756 0.8300000000028529 0.7199999999997762 0
10757 0.8400000000028749 0.7299999999998125 0
10758 0.01000000000003597 0.3000000000012469 0
10759 1.289999999998354 0.3000000000003389 0
10760 1.279999999998318 0.2900000000003392 0
10761 1.289999999998314 0.2800000000003435 0
10762 0.810000000002812 0.6999999999997017 0
10763 0.8000000000027818 0.6899999999996642 0
10764 0.8100000000027794 0.6799999999997105 0
10765 0.4900000000020673 0.9199999999997086 0
10766 0.4900000000020853 0.8999999999996466 0
10767 1.030000000003467 0.8200000000007948 0
10768 1.02000000000339 0.8100000000007723 0
10769 1.030000000003367 0.8000000000008687 0
10770 1.040000000003444 0.810000000000891 0
10771 1.579999999998737 0.2300000000003461 0
10772 1.589999999998762 0.2200000000003395 0
10773 1.59999999999877 0.2300000000003422 0
10774 0.6199999999984679 0.06999999999981212 0
10775 0.609999999998496 0.07999999999978649 0
10776 0.5999999999985273 0.06999999999981121 0
10777 0.6099999999984991 0.05999999999983684 0
10778 0.4900000000021093 0.8799999999995896 0
10779 1.259999999998057 0.09000000000019363 0
10780 1.269999999998081 0.08000000000017671 0
10781 0.4200000000018082 0.8899999999996373 0
10782 0.4100000000017633 0.8999999999996675 0
10783 1.759999999999355 0.8700000000001332 0
10784 1.749999999999371 0.8600000000002228 0
10785 0.7399999999980529 0.1899999999995492 0
10786 0.7199999999981346 0.1899999999995507 0
10787 0.7299999999981253 0.1799999999995696 0
10788 0.009999992338743564 0.1599999923393711 0
10789 0.009999981484137188 0.139999981484683 0
10790 1.249999999998026 0.04000000000009496 0
10791 1.259999999998054 0.05000000000011653 0
10792 1.119999999997903 0.2100000000002696 0
10793 1.109999999997891 0.2200000000002651 0
10794 1.559999999998801 0.1100000000002284 0
10795 1.569999999998834 0.1000000000002124 0
10796 0.3100000000014898 0.8599999999996377 0
10797 1.939999999999861 0.8299999999995583 0
10798 1.539999999999049 0.4100000000002631 0
10799 1.519999999998854 0.4100000000002818 0
10800 0.5200000000021864 0.9299999999997379 0
10801 0.5300000000022318 0.9199999999997031 0
10802 1.479999999998622 0.1100000000002312 0
10803 1.469999999998601 0.1200000000002475 0
10804 1.599999999998737 0.330000000000344 0
10805 1.589999999998729 0.3400000000003425 0
10806 1.579999999998678 0.33000000000035 0
10807 0.4099999999999838 0.4199999999993508 0
10808 0.4000000000000039 0.4099999999993729 0
10809 0.9699999999979027 0.3799999999998201 0
10810 0.9799999999979742 0.3899999999998545 0
10811 0.9699999999979836 0.3999999999997949 0
10812 0.9599999999979121 0.3899999999997605 0
10813 0.1899999999589901 0.219999999959355 0
10814 0.1999999998143045 0.209999999814536 0
10815 0.7100000000029546 0.97999999999992 0
10816 0.7300000000028698 0.8199999999995242 0
10817 0.7300000000029148 0.8399999999995515 0
10818 0.8600000000030124 0.7699999999998789 0
10819 0.8700000000029967 0.7599999999999369 0
10820 0.880000000003045 0.769999999999978 0
10821 1.559999999998707 0.2300000000003491 0
10822 0.369999999999637 0.5400000000008545 0
10823 0.3799999999996538 0.5500000000007279 0
10824 0.3699999999996264 0.560000000000771 0
10825 0.1900000000002669 0.3400000000010784 0
10826 0.1800000000002765 0.3300000000010778 0
10827 0.1900000000002799 0.3200000000010356 0
10828 0.6700000000025997 0.7599999999993796 0
10829 0.6800000000026346 0.7699999999994014 0
10830 0.6700000000026206 0.7799999999994067 0
10831 0.6600000000025857 0.769999999999385 0
10832 0.6500000000024836 0.6799999999992739 0
10833 0.6400000000024547 0.6699999999992536 0
10834 0.6500000000024577 0.6599999999992583 0
10835 0.6600000000024866 0.6699999999992785 0
10836 0.4400000000019088 0.8699999999995797 0
10837 0.4300000000018572 0.8799999999996078 0
10838 0.4300000000018832 0.8599999999995579 0
10839 1.820000000000013 0.6699999999994518 0
10840 1.830000000000014 0.6599999999994468 0
10841 1.419999999998609 0.3300000000003503 0
10842 1.409999999998612 0.3400000000003442 0
10843 1.39999999999859 0.3300000000003478 0
10844 0.1099999999996261 0.5600000000017081 0
10845 0.1199999999995857 0.5700000000016835 0
10846 0.109999999999578 0.5800000000016563 0
10847 1.159999999998127 0.3100000000002742 0
10848 1.169999999998126 0.3000000000002869 0
10849 0.8200000000027756 0.669999999999759 0
10850 0.8300000000027663 0.6599999999998136 0
10851 0.8400000000027956 0.6699999999998547 0
10852 1.07000000000302 0.6800000000015127 0
10853 1.060000000002961 0.6700000000014945 0
10854 1.070000000002927 0.6600000000015779 0
10855 1.080000000002987 0.670000000001596 0
10856 0.5500000000023326 0.87999999999958 0
10857 0.5400000000023052 0.8699999999995538 0
10858 0.5500000000023404 0.8599999999995269 0
10859 0.7499999999981053 0.05999999999983827 0
10860 0.7599999999980803 0.06999999999981318 0
10861 0.7399999999981387 0.06999999999981354 0
10862 0.579999999998589 0.06999999999981053 0
10863 0.5699999999986195 0.07999999999978438 0
10864 0.5599999999986505 0.06999999999980924 0
10865 0.5699999999986198 0.05999999999983539 0
10866 1.429999999998578 0.2800000000003641 0
10867 1.439999999998596 0.290000000000364 0
10868 1.429999999998588 0.3000000000003621 0
10869 1.689999999999114 0.1000000000001993 0
10870 1.689999999999078 0.120000000000226 0
10871 0.349999999999941 0.4600000000002389 0
10872 0.3399999999999755 0.4500000000003272 0
10873 1.32999999999858 0.3800000000002961 0
10874 1.339999999998617 0.3900000000002877 0
10875 1.319999999998588 0.3900000000002827 0
10876 0.7100000000025883 0.6799999999993775 0
10877 0.7000000000025541 0.66999999999935 0
10878 0.7100000000025528 0.6599999999993709 0
10879 0.7400000000027831 0.7499999999994813 0
10880 0.7300000000027693 0.7599999999994675 0
10881 0.7200000000027235 0.7499999999994402 0
10882 0.8799999999996797 0.5099999999996255 0
10883 0.4000000000017 0.9299999999997578 0
10884 0.4100000000017452 0.9199999999997247 0
10885 0.4200000000017745 0.9299999999997535 0
10886 1.720000000000314 0.6299999999998518 0
10887 1.710000000000324 0.6400000000000637 0
10888 1.700000000000366 0.6300000000001266 0
10889 1.710000000000356 0.6199999999999146 0
10890 0.3400000000014157 0.9899999999999636 0
10891 0.6900000000026768 0.7799999999994256 0
10892 0.6800000000026569 0.7899999999994289 0
10893 1.699999999999289 0.9500000000002293 0
10894 1.709999999999247 0.9400000000002364 0
10895 1.709999999999252 0.9600000000001684 0
10896 0.9800000000031805 0.7700000000006034 0
10897 0.9900000000031586 0.7600000000007088 0
10898 1.000000000003202 0.7700000000007583 0
10899 1.719999999999247 0.05000000000011103 0
10900 1.399999999998713 0.4100000000002785 0
10901 1.389999999998724 0.4200000000002641 0
10902 1.229999999998014 0.1400000000002632 0
10903 1.21999999999799 0.1300000000002491 0
10904 1.229999999998004 0.1200000000002378 0
10905 1.239999999998028 0.1300000000002519 0
10906 1.26999999999808 0.06000000000013797 0
10907 1.279999999998106 0.07000000000015755 0
10908 0.850000000003148 0.8199999999998108 0
10909 0.8600000000031967 0.829999999999842 0
10910 0.8500000000032073 0.8399999999998056 0
10911 0.8400000000031587 0.8299999999997743 0
10912 1.829999999999559 0.1000000000001535 0
10913 1.199999999997983 0.1700000000002848 0
10914 1.189999999997977 0.1800000000002891 0
10915 1.179999999997957 0.1700000000002782 0
10916 0.7100000000026198 0.6999999999993869 0
10917 0.7000000000025857 0.6899999999993602 0
10918 0.7200000000026224 0.6899999999994044 0
10919 0.7899999999979825 0.05999999999983767 0
10920 0.7999999999979545 0.06999999999981227 0
10921 0.7799999999980186 0.06999999999981299 0
10922 1.450000000000995 0.88000000000076 0
10923 1.46000000000088 0.8700000000008138 0
10924 1.959999999999904 0.8299999999995553 0
10925 1.94999999999988 0.8399999999995807 0
10926 1.499999999998995 0.4300000000002617 0
10927 1.479999999998834 0.4300000000002756 0
10928 1.749999999999338 0.02000000000004716 0
10929 1.779999999999391 0.1500000000002037 0
10930 1.789999999999419 0.1400000000001954 0
10931 0.5700000000023435 0.5999999999991605 0
10932 0.5800000000023551 0.6099999999991683 0
10933 0.5700000000023482 0.619999999999171 0
10934 0.5600000000023366 0.6099999999991632 0
10935 0.01000000000003638 0.2800000000011629 0
10936 0.3099999999998861 0.2599999999995805 0
10937 0.3199999999998906 0.2699999999995542 0
10938 1.089999999998089 0.3400000000001924 0
10939 1.079999999998051 0.3300000000001901 0
10940 1.089999999998047 0.32000000000021 0
10941 1.129999999997885 0.1800000000002651 0
10942 0.9700000000030715 0.740000000000602 0
10943 0.9600000000030315 0.7300000000005444 0
10944 0.9700000000030184 0.7200000000006489 0
10945 0.9800000000030584 0.7300000000007063 0
10946 1.669999999999111 0.06000000000013352 0
10947 1.719999999999217 0.930000000000232 0
10948 1.699999999999274 0.9300000000003035 0
10949 1.709999999999243 0.920000000000299 0
10950 0.6600000000026798 0.8499999999995258 0
10951 0.6500000000026602 0.8599999999995449 0
10952 1.58999999999954 0.4000000000001994 0
10953 1.589999999999137 0.3800000000002783 0
10954 1.03999999999769 0.2300000000001867 0
10955 1.029999999997683 0.2400000000001606 0
10956 0.6200000000025343 0.8299999999994709 0
10957 0.6100000000025119 0.8399999999994886 0
10958 0.6000000000024586 0.7899999999993852 0
10959 0.5900000000024395 0.7999999999994001 0
10960 0.5800000000024119 0.7899999999993788 0
10961 0.369999999999217 0.03999999999989239 0
10962 0.3799999999991915 0.04999999999986594 0
10963 0.3599999999992524 0.04999999999986916 0
10964 0.9199999999975361 0.1899999999997544 0
10965 0.9099999999975492 0.1999999999997084 0
10966 0.8999999999975462 0.1899999999996815 0
10967 0.6000000000023658 0.5899999999991696 0
10968 0.5900000000023609 0.599999999999168 0
10969 0.5800000000023489 0.589999999999159 0
10970 0.3800000000016047 0.9499999999998234 0
10971 0.9199999999986941 0.4699999999996345 0
10972 0.9099999999988501 0.4799999999996138 0
10973 0.01000000000003609 0.1800000000007456 0
10974 1.039999999997519 0.09000000000012945 0
10975 1.019999999997488 0.09000000000009674 0
10976 1.790000000000389 0.4799999999993617 0
10977 1.780000000000411 0.4699999999993826 0
10978 1.790000000000401 0.4599999999993407 0
10979 1.800000000000379 0.4699999999993197 0
10980 1.009999999997499 0.1200000000000942 0
10981 1.01999999999752 0.1300000000001258 0
10982 1.009999999997517 0.1400000000001045 0
10983 0.9999999999974956 0.1300000000000729 0
10984 0.5300000000022645 0.8799999999995816 0
10985 0.5400000000022925 0.8899999999996093 0
10986 0.5300000000022471 0.8999999999996396 0
10987 1.549999999998754 0.3800000000003179 0
10988 1.539999999998685 0.3700000000003303 0
10989 0.4600000000021842 0.70999999999928 0
10990 0.4500000000021565 0.7199999999992972 0
10991 0.4400000000021427 0.7099999999992899 0
10992 0.4500000000021704 0.6999999999992725 0
10993 0.5000000000021638 0.8699999999995605 0
10994 1.900000000000213 0.2699999999993737 0
10995 1.89000000000023 0.2799999999993342 0
10996 0.3500000000015872 0.8799999999996443 0
10997 0.3600000000016064 0.8899999999996624 0
10998 0.6900000000025823 0.6999999999993478 0
10999 0.7000000000026119 0.709999999999372 0
11000 0.6900000000026042 0.7199999999993628 0
11001 1.779999999999326 0.1300000000002018 0
11002 1.769999999999275 0.1400000000002147 0
11003 1.049999999997874 0.3000000000001701 0
11004 1.0399999999978 0.2900000000001586 0
11005 1.049999999997806 0.2800000000001825 0
11006 1.009999999997485 0.1000000000000812 0
11007 0.9999999999974682 0.09000000000005019 0
11008 0.6799999999983044 0.06999999999981324 0
11009 0.669999999998331 0.07999999999978799 0
11010 0.6599999999983579 0.06999999999981252 0
11011 0.6699999999983313 0.05999999999983778 0
11012 0.7300000000029534 0.8599999999995827 0
11013 0.9699999999976237 0.2599999999999323 0
11014 0.9599999999976103 0.2499999999998943 0
11015 0.9699999999976121 0.2399999999999448 0
11016 1.83999999999992 0.7099999999994148 0
11017 1.819999999999951 0.7099999999994649 0
11018 1.990000000000019 0.4799999999987611 0
11019 1.55999999999884 0.01000000000002449 0
11020 1.579999999998893 0.0100000000000243 0
11021 0.8800000000033752 0.8699999999998985 0
11022 1.299999999998157 0.01000000000002444 0
11023 1.31999999999821 0.01000000000002432 0
11024 1.309999999998184 0.02000000000004876 0
11025 0.9800000000039093 0.9300000000001745 0
11026 1.989999999999978 0.7199999999992646 0
11027 1.279999999998105 0.05000000000011678 0
11028 1.939999999999789 0.9499999999998386 0
11029 1.929999999999739 0.9599999999998639 0
11030 0.4000000000017867 0.8499999999995485 0
11031 0.3900000000017408 0.8599999999995761 0
11032 0.3800000000017177 0.8499999999995598 0
11033 1.169999999997908 0.140000000000249 0
11034 1.169999999997932 0.1600000000002674 0
11035 0.3700000000016535 0.8799999999996329 0
11036 1.840000000000115 0.5899999999993194 0
11037 1.850000000000115 0.5799999999992396 0
11038 1.86000000000008 0.5899999999992265 0
11039 1.04999999999801 0.3400000000001365 0
11040 1.039999999997947 0.3300000000001277 0
11041 1.049999999997944 0.3200000000001548 0
11042 1.059999999998007 0.3300000000001637 0
11043 0.6800000000027122 0.829999999999495 0
11044 0.8300000000030618 0.7999999999997487 0
11045 0.8400000000031043 0.8099999999997775 0
11046 0.8300000000031141 0.819999999999746 0
11047 0.4600000000021179 0.7899999999994001 0
11048 0.4500000000020664 0.7999999999994223 0
11049 0.4400000000020481 0.7899999999994088 0
11050 0.4500000000020996 0.7799999999993866 0
11051 0.700000000002663 0.7499999999994049 0
11052 0.7100000000026778 0.7399999999994136 0
11053 1.209999999997953 0.1000000000002055 0
11054 1.219999999997979 0.1100000000002217 0
11055 1.209999999997966 0.1200000000002345 0
11056 1.19999999999794 0.1100000000002184 0
11057 1.109999999997757 0.1400000000002299 0
11058 0.8400000000028462 0.7099999999998254 0
11059 0.8200000000028365 0.7099999999997383 0
11060 0.3299999999993249 0.01999999999994733 0
11061 0.3399999999993005 0.02999999999992116 0
11062 0.3199999999993561 0.0299999999999235 0
11063 0.9999999999975162 0.1500000000000801 0
11064 0.6400000000025726 0.8099999999994394 0
11065 0.6300000000025544 0.8199999999994541 0
11066 1.109999999997721 0.1200000000002104 0
11067 1.099999999997681 0.1100000000001959 0
11068 1.109999999997693 0.1000000000001869 0
11069 1.119999999997734 0.1100000000002015 0
11070 1.729999999999129 0.1400000000002365 0
11071 0.6500000000025403 0.7399999999993363 0
11072 0.6600000000025692 0.7499999999993578 0
11073 0.6500000000025541 0.759999999999363 0
11074 0.6400000000025252 0.7499999999993414 0
11075 1.069999999998104 0.3600000000001475 0
11076 1.059999999998061 0.3500000000001443 0
11077 1.069999999998055 0.3400000000001682 0
11078 1.079999999998098 0.3500000000001714 0
11079 1.579999999998865 0.09000000000019454 0
11080 1.589999999998894 0.08000000000017671 0
11081 1.529999999998648 0.3400000000003517 0
11082 1.519999999998646 0.3300000000003561 0
11083 1.529999999998644 0.3200000000003599 0
11084 1.079999999998246 0.3900000000001244 0
11085 1.089999999998231 0.3800000000001487 0
11086 1.709999999999215 0.06000000000013114 0
11087 0.429999999999046 0.07999999999978206 0
11088 0.4199999999990726 0.06999999999980877 0
11089 0.4299999999990369 0.059999999999833 0
11090 0.4399999999990103 0.06999999999980629 0
11091 1.089999999997668 0.1200000000002026 0
11092 1.099999999997711 0.1300000000002167 0
11093 0.2399999999997524 0.5100000000012241 0
11094 0.2499999999998 0.5000000000011662 0
11095 0.25999999999975 0.5100000000011595 0
11096 0.2499999999997024 0.5200000000012175 0
11097 0.560000000002367 0.7899999999993759 0
11098 0.570000000002387 0.7799999999993588 0
11099 0.04000000000016137 0.9899999999999608 0
11100 0.8700000000028372 0.6800000000000177 0
11101 0.8600000000028106 0.6699999999999654 0
11102 0.8700000000028014 0.6600000000000403 0
11103 1.359999999998316 0.01000000000002447 0
11104 1.379999999998369 0.01000000000002436 0
11105 1.369999999998344 0.02000000000004883 0
11106 0.5500000000023092 0.5799999999991492 0
11107 0.5600000000023285 0.5899999999991539 0
11108 0.5500000000023256 0.5999999999991572 0
11109 0.5400000000023063 0.5899999999991525 0
11110 1.559999999998817 0.09000000000019534 0
11111 1.339999999998263 0.09000000000019509 0
11112 1.349999999998292 0.08000000000017765 0
11113 1.35999999999832 0.09000000000019559 0
11114 1.349999999998291 0.100000000000213 0
11115 0.7500000000027038 0.6999999999994897 0
11116 0.7600000000027515 0.7099999999995205 0
11117 0.7500000000027527 0.7199999999994946 0
11118 0.4199999999991103 0.1299999999996698 0
11119 0.4099999999991492 0.1399999999996527 0
11120 0.3999999999991774 0.1299999999996773 0
11121 0.8900000000034418 0.8799999999999275 0
11122 0.9000000000035245 0.8899999999999533 0
11123 0.8900000000035367 0.8999999999999164 0
11124 1.769999999999351 0.1600000000002152 0
11125 1.079999999999276 0.4500000000005671 0
11126 1.089999999998958 0.4400000000003585 0
11127 1.839999999999578 0.01000000000002165 0
11128 1.169999999997883 0.1200000000002263 0
11129 0.7200000000025489 0.649999999999394 0
11130 0.7300000000025424 0.6399999999994227 0
11131 0.740000000002577 0.6499999999994535 0
11132 0.510000000002212 0.859999999999532 0
11133 0.5100000000022299 0.8399999999994836 0
11134 0.6200000000023181 0.5499999999991798 0
11135 0.6100000000023562 0.5599999999991714 0
11136 0.6000000000023129 0.5499999999991617 0
11137 1.729999999999112 0.1600000000002508 0
11138 1.739999999999165 0.1700000000002495 0
11139 1.729999999999127 0.1800000000002611 0
11140 1.67999999999892 0.230000000000309 0
11141 1.669999999998886 0.2400000000003177 0
11142 1.659999999998867 0.2300000000003203 0
11143 1.669999999998901 0.2200000000003115 0
11144 0.9000000000027045 0.6100000000003158 0
11145 0.8900000000027171 0.6200000000002286 0
11146 0.8800000000026742 0.610000000000168 0
11147 0.5200000000002472 0.4899999999992082 0
11148 0.5300000000001688 0.4799999999992096 0
11149 0.6100000000024646 0.759999999999339 0
11150 0.6200000000024933 0.7699999999993601 0
11151 0.6100000000024767 0.7799999999993716 0
11152 1.989999999999978 0.6999999999992134 0
11153 1.860000000000152 0.5499999999991412 0
11154 1.850000000000152 0.5599999999991875 0
11155 1.840000000000188 0.5499999999992121 0
11156 0.5300000000023088 0.639999999999183 0
11157 0.5200000000022975 0.6299999999991769 0
11158 0.5300000000023082 0.6199999999991688 0
11159 0.01000000000003642 0.2600000000010798 0
11160 1.419999999998474 0.01000000000002433 0
11161 1.439999999998526 0.01000000000002442 0
11162 1.629999999998989 0.08000000000017397 0
11163 1.629999999998971 0.1000000000002076 0
11164 0.5200000000022387 0.8699999999995562 0
11165 0.3600000000015002 0.9899999999999634 0
11166 0.3900000000016517 0.9399999999997897 0
11167 0.5700000000023742 0.7399999999992951 0
11168 0.5800000000023966 0.7499999999993123 0
11169 0.5700000000023808 0.7599999999993257 0
11170 0.5600000000023585 0.7499999999993084 0
11171 0.8899999999975827 0.2199999999996173 0
11172 0.8999999999975974 0.2299999999996402 0
11173 0.8899999999976134 0.2399999999995951 0
11174 1.720000000000195 0.6900000000003548 0
11175 1.730000000000195 0.6800000000000836 0
11176 1.74000000000015 0.6900000000000077 0
11177 1.18999999999791 0.1000000000002025 0
11178 1.179999999997878 0.09000000000018467 0
11179 1.189999999997893 0.08000000000016995 0
11180 1.199999999997925 0.09000000000018782 0
11181 1.139999999997919 0.1900000000002739 0
11182 1.12999999999791 0.2000000000002729 0
11183 0.5000000000022724 0.6499999999991974 0
11184 0.510000000002286 0.6399999999991863 0
11185 0.5200000000022968 0.6499999999991923 0
11186 0.5100000000022833 0.6599999999992034 0
11187 1.819999999999525 0.01000000000002205 0
11188 0.6800000000028297 0.9499999999998066 0
11189 0.420000000001972 0.7899999999994182 0
11190 0.410000000001907 0.7999999999994414 0
11191 0.40000000000189 0.78999999999943 0
11192 0.4400000000021581 0.6899999999992665 0
11193 0.4300000000021277 0.6999999999992832 0
11194 0.4200000000021087 0.6899999999992784 0
11195 0.4300000000021391 0.6799999999992618 0
11196 0.9999999999974221 0.03000000000001261 0
11197 1.009999999997426 0.02000000000001376 0
11198 0.480000000002231 0.689999999999246 0
11199 0.4700000000022087 0.6999999999992622 0
11200 0.4600000000021962 0.6899999999992565 0
11201 0.4700000000022185 0.6799999999992403 0
11202 1.099999999997658 0.09000000000017078 0
11203 1.089999999997642 0.1000000000001805 0
11204 0.5000000000022707 0.6299999999991817 0
11205 0.4900000000022544 0.6399999999991937 0
11206 0.4800000000022051 0.6299999999991928 0
11207 0.4900000000022214 0.6199999999991808 0
11208 1.179999999997897 0.1100000000002148 0
11209 0.2800000000014036 0.8299999999996386 0
11210 0.2700000000012688 0.8199999999996485 0
11211 1.92999999999972 0.9799999999999286 0
11212 1.909999999999762 0.8799999999996624 0
11213 1.199999999998118 0.270000000000315 0
11214 1.209999999998111 0.2600000000003211 0
11215 1.219999999998163 0.2700000000003241 0
11216 0.9400000000036608 0.8900000000000965 0
11217 0.9300000000036945 0.9000000000000439 0
11218 0.9200000000035944 0.890000000000021 0
11219 1.209999999997979 0.1400000000002591 0
11220 1.199999999997995 0.1900000000002987 0
11221 1.18999999999799 0.2000000000003002 0
11222 1.759999999999317 0.1700000000002285 0
11223 1.199999999997893 0.01000000000002416 0
11224 1.219999999997946 0.01000000000002404 0
11225 0.9100000000033286 0.8400000000000432 0
11226 0.9200000000033843 0.8500000000000736 0
11227 0.9100000000034026 0.860000000000019 0
11228 0.9000000000033468 0.8499999999999885 0
11229 1.699999999998999 0.210000000000291 0
11230 1.689999999998959 0.2200000000003004 0
11231 1.679999999998937 0.2100000000003022 0
11232 0.1499998672333321 0.05999986723349664 0
11233 0.1599999639946414 0.06999996399478792 0
11234 0.3000000000015062 0.8299999999996074 0
11235 0.8500000000030921 0.7999999999998195 0
11236 1.629999999999005 0.06000000000013597 0
11237 1.629999999999016 0.04000000000009411 0
11238 1.769999999999627 0.8200000000001486 0
11239 0.4200000000018894 0.8299999999994947 0
11240 0.4300000000019126 0.8399999999995116 0
11241 0.5200000000022913 0.6899999999992319 0
11242 0.5100000000022746 0.6999999999992459 0
11243 0.5000000000022622 0.6899999999992374 0
11244 0.5100000000022789 0.6799999999992233 0
11245 1.479999999998631 0.01000000000002442 0
11246 1.499999999998683 0.01000000000002434 0
11247 1.549999999998799 0.08000000000017771 0
11248 1.549999999998785 0.1000000000002132 0
11249 1.689999999999046 0.1400000000002484 0
11250 1.049999999997757 0.2600000000001926 0
11251 1.039999999997711 0.2500000000001802 0
11252 1.049999999997727 0.2400000000002001 0
11253 1.039999999997745 0.2700000000001708 0
11254 1.960000000000094 0.449999999998863 0
11255 1.950000000000113 0.4599999999988617 0
11256 1.940000000000137 0.4499999999988945 0
11257 1.950000000000118 0.4399999999988958 0
11258 0.6700000000026645 0.8199999999994712 0
11259 0.6600000000026236 0.8099999999994481 0
11260 0.67000000000264 0.7999999999994369 0
11261 0.4800000000022376 0.6499999999992072 0
11262 0.4700000000022229 0.6599999999992208 0
11263 0.4600000000021747 0.6499999999992185 0
11264 0.4700000000021894 0.639999999999205 0
11265 1.189999999998032 0.2400000000003111 0
11266 1.199999999998068 0.2500000000003163 0
11267 1.189999999998071 0.260000000000311 0
11268 1.179999999998036 0.2500000000003058 0
11269 1.169999999997842 0.08000000000016753 0
11270 1.159999999997807 0.07000000000014872 0
11271 1.169999999997826 0.06000000000013199 0
11272 1.179999999997861 0.07000000000015082 0
11273 1.74000000000019 0.6699999999998451 0
11274 1.750000000000185 0.6599999999996933 0
11275 1.760000000000141 0.6699999999996463 0
11276 1.750000000000147 0.6799999999997981 0
11277 1.299999999998158 0.05000000000011638 0
11278 1.289999999998132 0.06000000000013807 0
11279 1.309999999998184 0.04000000000009508 0
11280 1.319999999998211 0.05000000000011665 0
11281 1.309999999998185 0.06000000000013796 0
11282 0.4500000000018987 0.919999999999717 0
11283 0.1899999968874235 0.1199999968874237 0
11284 0.5000000000022679 0.6699999999992162 0
11285 0.49000000000225 0.6799999999992307 0
11286 0.4800000000022377 0.6699999999992254 0
11287 0.4900000000022556 0.659999999999211 0
11288 1.969999999999926 0.8399999999995799 0
11289 0.599999999998271 0.3899999999992652 0
11290 0.5799999999986719 0.3899999999992668 0
11291 0.5899999999984161 0.3799999999992749 0
11292 1.979999999999954 0.7699999999993976 0
11293 1.969999999999933 0.7799999999994265 0
11294 0.5600000000013919 0.5099999999991673 0
11295 0.5500000000015368 0.5199999999991634 0
11296 1.980000000000051 0.4099999999989477 0
11297 1.970000000000075 0.4199999999989227 0
11298 1.960000000000099 0.4099999999989529 0
11299 1.970000000000076 0.3999999999989778 0
11300 0.5200000000022968 0.6099999999991639 0
11301 0.5100000000022823 0.6199999999991722 0
11302 0.500000000002254 0.6099999999991701 0
11303 0.5100000000022685 0.5999999999991618 0
11304 0.589999999998557 0.07999999999978555 0
11305 0.599999999998524 0.08999999999976191 0
11306 0.5899999999985543 0.09999999999973727 0
11307 0.5799999999985873 0.08999999999976091 0
11308 1.320000000001936 0.9500000000003325 0
11309 1.330000000001858 0.9400000000003974 0
11310 1.34000000000179 0.9500000000003328 0
11311 1.330000000001867 0.960000000000268 0
11312 1.149999999997786 0.08000000000016488 0
11313 1.249999999998192 0.2600000000003361 0
11314 1.249999999998132 0.2400000000003342 0
11315 1.259999999998181 0.2500000000003378 0
11316 0.1900000000002646 0.3000000000009732 0
11317 0.2000000000002735 0.3100000000009872 0
11318 0.9500000000029249 0.6800000000005748 0
11319 0.9400000000029001 0.670000000000515 0
11320 0.950000000002881 0.6600000000006154 0
11321 0.9600000000029059 0.6700000000006753 0
11322 0.3999999999997549 0.5300000000004121 0
11323 0.3899999999997074 0.5400000000006331 0
11324 0.3799999999996768 0.5300000000006931 0
11325 0.3899999999997243 0.5200000000004722 0
11326 1.689999999999181 0.02000000000004734 0
11327 0.3500000000017568 0.7599999999994353 0
11328 0.3600000000017751 0.7699999999994344 0
11329 0.4600000000020751 0.6299999999992083 0
11330 0.4500000000020778 0.6399999999992199 0
11331 0.440000000001846 0.6299999999992419 0
11332 0.4500000000018433 0.6199999999992304 0
11333 1.169999999997861 0.1000000000001987 0
11334 1.349999999998301 0.1200000000002447 0
11335 1.359999999998326 0.1100000000002291 0
11336 0.6900000000026503 0.7599999999994016 0
11337 0.5000000000022132 0.5899999999991624 0
11338 0.490000000002176 0.5999999999991732 0
11339 0.480000000002048 0.5899999999991877 0
11340 0.5400000000016092 0.5299999999991611 0
11341 0.5300000000016916 0.5399999999991609 0
11342 0.5200000000012661 0.5299999999991771 0
11343 1.280000000002227 0.9500000000003324 0
11344 1.300000000002083 0.9500000000003328 0
11345 1.290000000002155 0.9600000000002679 0
11346 1.20999999999803 0.220000000000316 0
11347 1.219999999998059 0.2300000000003224 0
11348 1.209999999998061 0.2400000000003206 0
11349 1.199999999998032 0.2300000000003141 0
11350 1.269999999998378 0.320000000000326 0
11351 1.25999999999834 0.3100000000003279 0
11352 1.269999999998327 0.3000000000003343 0
11353 1.279999999998364 0.3100000000003325 0
11354 0.3100000000015704 0.7799999999995317 0
11355 0.3000000000014827 0.7699999999995475 0
11356 0.3100000000015384 0.7599999999995151 0
11357 1.980000000000051 0.249999999999416 0
11358 1.970000000000076 0.2599999999993865 0
11359 1.970000000000074 0.2399999999994511 0
11360 1.429999999998559 0.2000000000003357 0
11361 1.419999999998539 0.190000000000327 0
11362 1.42999999999855 0.1800000000003191 0
11363 1.43999999999857 0.1900000000003278 0
11364 0.740000000002661 0.6899999999994582 0
11365 1.349999999998651 0.400000000000279 0
11366 1.249999999998299 0.3000000000003291 0
11367 1.239999999998259 0.2900000000003288 0
11368 1.249999999998248 0.2800000000003343 0
11369 1.259999999998288 0.2900000000003345 0
11370 0.5000000000020947 0.9499999999998103 0
11371 0.5100000000021399 0.939999999999773 0
11372 0.5100000000021316 0.9599999999998456 0
11373 0.3900000000018731 0.7799999999994212 0
11374 0.3800000000018555 0.7699999999994138 0
11375 0.8500000000030311 0.7799999999998293 0
11376 0.8400000000030472 0.7899999999997837 0
11377 0.4400000000018522 0.9299999999997509 0
11378 0.4300000000018073 0.9399999999997839 0
11379 0.9599999999974571 0.06999999999995535 0
11380 0.6500000000026833 0.8799999999995927 0
11381 1.780000000000268 0.5699999999995378 0
11382 1.790000000000266 0.5599999999994819 0
11383 1.800000000000228 0.5699999999994576 0
11384 0.4800000000021435 0.6099999999991839 0
11385 0.4700000000020909 0.6199999999991962 0
11386 0.4600000000018978 0.6099999999992205 0
11387 0.4700000000019505 0.5999999999992081 0
11388 1.880000000000047 0.5899999999991454 0
11389 1.159999999997825 0.0900000000001816 0
11390 1.520000000000861 0.5700000000017871 0
11391 1.540000000000823 0.5700000000017322 0
11392 1.179999999998006 0.2300000000003044 0
11393 1.189999999998006 0.2200000000003075 0
11394 1.169999999998007 0.2400000000003005 0
11395 1.369999999998431 0.2400000000003518 0
11396 1.379999999998459 0.2500000000003552 0
11397 1.309999999998179 0.1000000000002121 0
11398 1.309999999998182 0.08000000000017707 0
11399 1.319999999998207 0.0900000000001944 0
11400 0.9700000000028832 0.6600000000007844 0
11401 0.9600000000028601 0.6500000000007172 0
11402 0.9700000000028348 0.6400000000008284 0
11403 0.9800000000028579 0.6500000000008956 0
11404 0.6700000000027893 0.9599999999998428 0
11405 0.3800000000015839 0.9899999999999627 0
11406 0.5500000000023445 0.8399999999994787 0
11407 1.229999999998056 0.2200000000003231 0
11408 1.239999999998091 0.2300000000003291 0
11409 1.15999999999801 0.2500000000002943 0
11410 0.6300000000026238 0.9599999999998428 0
11411 0.6200000000025833 0.9499999999998066 0
11412 1.470000000000889 0.9400000000003974 0
11413 1.460000000000955 0.9300000000004605 0
11414 1.480000000000815 0.9300000000004593 0
11415 1.41999999999856 0.2700000000003624 0
11416 1.43999999999859 0.2700000000003643 0
11417 1.970000000000051 0.1199999999997924 0
11418 1.980000000000039 0.1299999999997559 0
11419 1.97000000000006 0.1399999999997341 0
11420 1.960000000000071 0.1299999999997706 0
11421 1.010000000003183 0.7600000000008623 0
11422 1.000000000003142 0.7500000000008158 0
11423 1.010000000003127 0.7400000000009226 0
11424 1.020000000003168 0.7500000000009692 0
11425 1.329999999998474 0.3400000000003291 0
11426 1.319999999998441 0.3300000000003324 0
11427 1.329999999998437 0.3200000000003401 0
11428 1.33999999999847 0.3300000000003369 0
11429 1.079999999998158 0.3700000000001495 0
11430 1.069999999998167 0.3800000000001239 0
11431 1.059999999998112 0.3700000000001218 0
11432 1.299999999998158 0.07000000000015756 0
11433 1.240000000002504 0.9500000000003326 0
11434 1.260000000002367 0.9500000000003329 0
11435 1.250000000002433 0.960000000000268 0
11436 1.199999999998009 0.2100000000003084 0
11437 0.61000000000254 0.8999999999996413 0
11438 0.6200000000025798 0.9099999999996727 0
11439 1.149999999998014 0.2600000000002874 0
11440 1.029999999997872 0.3200000000001111 0
11441 1.019999999997795 0.3100000000000931 0
11442 1.029999999997796 0.3000000000001267 0
11443 1.039999999997873 0.3100000000001447 0
11444 0.6300000000018058 0.5199999999991911 0
11445 0.6400000000019949 0.5299999999992033 0
11446 0.6300000000022681 0.5399999999991918 0
11447 0.8199999999977743 0.1699999999995851 0
11448 0.8299999999977652 0.1599999999996092 0
11449 1.20999999999794 0.0800000000001726 0
11450 1.989999999999977 0.7799999999994223 0
11451 0.5800000000024301 0.8899999999996094 0
11452 0.6000000000024998 0.8899999999996118 0
11453 1.239999999998203 0.2700000000003326 0
11454 1.229999999998213 0.2800000000003272 0
11455 0.4600000000022035 0.6699999999992357 0
11456 0.4500000000021839 0.6799999999992504 0
11457 0.4400000000021559 0.6699999999992463 0
11458 0.4500000000021756 0.6599999999992315 0
11459 0.8800000000027323 0.6300000000001431 0
11460 0.9000000000027557 0.6300000000002866 0
11461 0.7100000000026487 0.7199999999993987 0
11462 1.489999999998637 0.3200000000003601 0
11463 1.489999999998627 0.3000000000003656 0
11464 1.499999999998635 0.3100000000003629 0
11465 1.73999999999922 0.1900000000002553 0
11466 1.749999999999281 0.1800000000002407 0
11467 0.5200000000022832 0.7699999999993428 0
11468 0.5300000000023036 0.7599999999993245 0
11469 1.329999999998237 0.04000000000009505 0
11470 0.4200000000018587 0.8499999999995385 0
11471 0.4400000000019372 0.8499999999995311 0
11472 1.209999999998013 0.2000000000003076 0
11473 1.219999999998034 0.2100000000003152 0
11474 1.680000000000536 0.4299999999996199 0
11475 1.670000000000563 0.4399999999996191 0
11476 0.5200000000021223 0.5699999999991535 0
11477 0.510000000002214 0.5799999999991556 0
11478 0.4700000000018021 0.5799999999992353 0
11479 0.4600000000014601 0.5699999999993091 0
11480 1.150000000003123 0.9600000000002678 0
11481 1.140000000003199 0.9500000000003326 0
11482 1.160000000003056 0.9500000000003324 0
11483 0.320000000001613 0.7899999999995226 0
11484 0.3100000000015635 0.7999999999995537 0
11485 0.3000000000015209 0.7899999999995629 0
11486 1.249999999998087 0.2200000000003285 0
11487 1.259999999998128 0.2300000000003337 0
11488 1.549999999998769 0.1200000000002446 0
11489 1.50999999999865 0.3400000000003518 0
11490 1.519999999998653 0.3500000000003458 0
11491 0.6100000000025421 0.9599999999998428 0
11492 1.309999999998207 0.1400000000002699 0
11493 1.319999999998241 0.1500000000002822 0
11494 1.30999999999822 0.160000000000293 0
11495 1.299999999998186 0.1500000000002807 0
11496 1.559999999998737 0.1900000000003227 0
11497 1.569999999998764 0.1800000000003134 0
11498 0.5300000000023066 0.5999999999991574 0
11499 0.5400000000023178 0.6099999999991623 0
11500 1.080000000002415 0.5300000000019581 0
11501 1.090000000002322 0.5200000000020006 0
11502 1.100000000002437 0.5300000000020494 0
11503 0.4800000000022227 0.7099999999992695 0
11504 0.4900000000022432 0.6999999999992528 0
11505 0.5000000000022571 0.709999999999261 0
11506 0.4900000000022365 0.7199999999992778 0
11507 1.219999999998001 0.1500000000002721 0
11508 1.209999999997991 0.1600000000002796 0
11509 1.249999999998066 0.2000000000003188 0
11510 1.249999999998062 0.1800000000003051 0
11511 1.259999999998081 0.1900000000003136 0
11512 0.5100000000022533 0.7999999999993989 0
11513 0.5100000000022601 0.7799999999993619 0
11514 1.099999999997883 0.2300000000002585 0
11515 1.089999999997865 0.240000000000249 0
11516 1.200000000002776 0.9500000000003326 0
11517 1.210000000002709 0.9400000000003976 0
11518 1.220000000002639 0.9500000000003329 0
11519 1.210000000002706 0.960000000000268 0
11520 1.309999999998213 0.1800000000003115 0
11521 1.319999999998246 0.1900000000003197 0
11522 1.740000000000085 0.290000000000104 0
11523 1.639999999998812 0.2500000000003355 0
11524 1.649999999998837 0.2400000000003286 0
11525 1.659999999998852 0.2500000000003257 0
11526 1.649999999998827 0.2600000000003325 0
11527 1.379999999998372 0.03000000000007211 0
11528 1.389999999998397 0.0200000000000488 0
11529 1.399999999998424 0.03000000000007199 0
11530 1.439999999998555 0.1500000000002872 0
11531 1.449999999998568 0.1400000000002755 0
11532 1.459999999998589 0.1500000000002878 0
11533 0.4100000000018357 0.8399999999995207 0
11534 0.4100000000018666 0.8199999999994791 0
11535 1.540000000000796 0.5100000000005235 0
11536 1.550000000000771 0.500000000000291 0
11537 0.2399999999995633 0.009999999999981401 0
11538 0.2299999999995789 0.01999999999996539 0
11539 0.2199999999995981 0.009999999999983984 0
11540 0.9800000000029544 0.6900000000008026 0
11541 0.9900000000029352 0.6800000000009159 0
11542 1.000000000002972 0.6900000000009792 0
11543 1.289999999998273 0.2600000000003443 0
11544 1.299999999998312 0.2700000000003454 0
11545 0.4000000000016667 0.9899999999999622 0
11546 1.420000000001237 0.950000000000333 0
11547 1.430000000001166 0.9400000000003981 0
11548 1.440000000001101 0.9500000000003335 0
11549 1.430000000001172 0.9600000000002683 0
11550 0.640000000002539 0.7699999999993707 0
11551 1.369999999998346 0.08000000000017794 0
11552 1.379999999998374 0.09000000000019587 0
11553 1.369999999998348 0.1000000000002135 0
11554 0.5000000000022524 0.7299999999992873 0
11555 0.4900000000022302 0.7399999999993054 0
11556 1.019999999997952 0.3500000000000559 0
11557 1.029999999997949 0.3400000000000926 0
11558 1.039999999998014 0.3500000000001079 0
11559 1.279999999998104 0.01000000000002433 0
11560 1.27999999999841 0.3300000000003226 0
11561 1.289999999998397 0.320000000000331 0
11562 1.299999999998425 0.3300000000003275 0
11563 0.5200000000022943 0.6699999999992106 0
11564 0.8500000000026675 0.6199999999999566 0
11565 0.8600000000027104 0.6300000000000058 0
11566 0.8500000000027317 0.6399999999999374 0
11567 0.8400000000026888 0.6299999999998882 0
11568 0.5900000000023733 0.6399999999991909 0
11569 0.5800000000023604 0.6299999999991799 0
11570 0.5900000000023671 0.6199999999991775 0
11571 0.6000000000023799 0.6299999999991885 0
11572 1.56000000000072 0.4900000000001696 0
11573 1.570000000000685 0.4800000000000259 0
11574 1.580000000000723 0.4900000000000928 0
11575 0.2599999999996589 0.5300000000012034 0
11576 0.2699999999997002 0.520000000001154 0
11577 0.2799999999996575 0.5300000000011436 0
11578 0.7000000000026361 0.7299999999993867 0
11579 1.600000000000665 0.4699999999998919 0
11580 1.610000000000637 0.4599999999998466 0
11581 1.379999999998381 0.1100000000002296 0
11582 1.389999999998402 0.1000000000002138 0
11583 1.479999999998618 0.2100000000003438 0
11584 1.48999999999863 0.2000000000003369 0
11585 1.059999999998285 0.4100000000000859 0
11586 1.069999999998258 0.4000000000000978 0
11587 1.299999999998155 0.1100000000002278 0
11588 0.8500000000027856 0.6599999999999189 0
11589 0.8400000000027485 0.6499999999998713 0
11590 0.8600000000027687 0.6499999999999849 0
11591 0.8400000000026288 0.6099999999999055 0
11592 0.8500000000026076 0.5999999999999754 0
11593 0.8600000000026464 0.6100000000000266 0
11594 0.4200000000017492 0.9899999999999621 0
11595 1.369999999998401 0.1800000000003161 0
11596 1.239999999998059 0.2100000000003218 0
11597 0.6700000000024875 0.6599999999992886 0
11598 0.6800000000025193 0.6699999999993113 0
11599 1.350000000001725 0.960000000000268 0
11600 1.360000000001648 0.9500000000003326 0
11601 1.139999999997736 0.0100000000000237 0
11602 1.159999999997788 0.01000000000002371 0
11603 0.5500000000022962 0.9599999999998435 0
11604 1.649999999998973 0.1400000000002586 0
11605 1.649999999998953 0.1600000000002795 0
11606 1.389999999998497 0.2800000000003596 0
11607 1.389999999998486 0.2600000000003586 0
11608 1.399999999998516 0.2700000000003602 0
11609 0.6000000000023962 0.6699999999992208 0
11610 0.6100000000024044 0.6599999999992187 0
11611 0.6200000000024248 0.6699999999992345 0
11612 0.650000000002418 0.6199999999992363 0
11613 0.6500000000024027 0.5999999999992287 0
11614 0.6600000000024179 0.6099999999992486 0
11615 0.5200000000022693 0.589999999999155 0
11616 0.5400000000022338 0.5699999999991474 0
11617 0.5600000000023007 0.5699999999991476 0
11618 0.5600000000023618 0.8899999999996084 0
11619 1.40999999999853 0.220000000000347 0
11620 1.419999999998552 0.2300000000003521 0
11621 0.199999998085858 0.1099999980859356 0
11622 0.1799999935795266 0.1099999935795373 0
11623 1.219999999997958 0.07000000000015498 0
11624 1.19999999999791 0.07000000000015268 0
11625 0.540000000002322 0.7499999999993081 0
11626 1.329999999998275 0.1800000000003131 0
11627 1.389999999998861 0.4600000000003117 0
11628 1.3799999999988 0.450000000000276 0
11629 1.389999999998761 0.4400000000002484 0
11630 1.399999999998822 0.4500000000002841 0
11631 0.9899999999974254 0.04000000000000475 0
11632 0.9799999999974252 0.02999999999999148 0
11633 0.9899999999974217 0.01999999999999933 0
11634 1.419999999998526 0.1700000000003085 0
11635 1.40999999999851 0.1800000000003181 0
11636 1.169999999998427 0.3800000000002202 0
11637 1.159999999998368 0.3700000000002235 0
11638 1.169999999998339 0.3600000000002418 0
11639 1.179999999998399 0.3700000000002385 0
11640 0.9399999999983257 0.4499999999996583 0
11641 0.9299999999984336 0.4599999999996246 0
11642 0.560000000001911 0.5299999999991524 0
11643 0.5700000000018262 0.5199999999991565 0
11644 0.5800000000020977 0.5299999999991518 0
11645 1.810000000000051 0.6599999999994728 0
11646 0.6000000000023875 0.6499999999992032 0
11647 0.5900000000023795 0.6599999999992072 0
11648 0.5800000000023653 0.6499999999991949 0
11649 1.479999999998689 0.3900000000003126 0
11650 1.489999999998676 0.3800000000003232 0
11651 1.620000000000652 0.5500000000002869 0
11652 1.630000000000638 0.5400000000000253 0
11653 1.640000000000607 0.550000000000033 0
11654 1.630000000000621 0.5600000000002946 0
11655 1.229999999999246 0.4600000000005401 0
11656 1.239999999999403 0.4700000000006795 0
11657 0.3100000000015276 0.8399999999996073 0
11658 0.3100000000015467 0.8199999999995795 0
11659 1.659999999998898 0.2100000000003114 0
11660 1.649999999998864 0.2200000000003213 0
11661 1.639999999998863 0.2100000000003204 0
11662 1.289999999998821 0.4600000000002389 0
11663 1.279999999998759 0.4500000000002256 0
11664 1.289999999998696 0.4400000000002105 0
11665 1.299999999998757 0.4500000000002239 0
11666 0.9899999999974727 0.1000000000000297 0
11667 0.6600000000024371 0.629999999999256 0
11668 0.6500000000024359 0.6399999999992456 0
11669 1.660000000000603 0.4699999999995991 0
11670 1.670000000000585 0.4599999999995731 0
11671 1.409999999999243 0.4800000000005983 0
11672 1.399999999999026 0.4700000000004309 0
11673 1.409999999998899 0.4600000000003293 0
11674 1.459999999998579 0.05000000000011707 0
11675 1.319999999998536 0.3700000000003029 0
11676 1.329999999998525 0.3600000000003143 0
11677 1.339999999998569 0.3700000000003075 0
11678 1.269999999999308 0.4800000000005775 0
11679 1.279999999999663 0.4900000000007534 0
11680 0.2599999999995187 0.009999999999978705 0
11681 0.2499999999995379 0.01999999999996011 0
11682 1.269999999998174 0.2400000000003384 0
11683 1.149999999998048 0.2800000000002822 0
11684 0.5900000000023944 0.6999999999992486 0
11685 0.5800000000023751 0.6899999999992334 0
11686 0.5900000000023866 0.6799999999992263 0
11687 1.249999999998025 0.02000000000004882 0
11688 1.129999999998161 0.3400000000002296 0
11689 1.139999999998229 0.3500000000002281 0
11690 1.369999999998845 0.4600000000003193 0
11691 1.37999999999902 0.4700000000004606 0
11692 1.209999999998412 0.3600000000002704 0
11693 1.209999999998348 0.3400000000002877 0
11694 0.3700000000016965 0.8399999999995456 0
11695 0.3600000000016756 0.8299999999995342 0
11696 1.229999999998268 0.3000000000003213 0
11697 1.209999999998002 0.1800000000002956 0
11698 0.9099999999975787 0.21999999999969 0
11699 0.8999999999975679 0.2099999999996611 0
11700 0.9199999999975601 0.2099999999997373 0
11701 0.199999999999901 0.2900000000005648 0
11702 0.2200000000001062 0.290000000000629 0
11703 0.210000000000231 0.300000000000851 0
11704 0.9900000000024987 0.5400000000011937 0
11705 0.9800000000022802 0.5300000000010419 0
11706 0.9900000000020464 0.52000000000108 0
11707 0.9500000000034849 0.8600000000001982 0
11708 0.9600000000035809 0.870000000000227 0
11709 0.9500000000036199 0.8800000000001597 0
11710 1.619999999998925 0.1300000000002519 0
11711 1.629999999998953 0.1200000000002374 0
11712 1.639999999998964 0.1300000000002484 0
11713 1.649999999998994 0.1200000000002334 0
11714 1.149999999998204 0.3400000000002452 0
11715 1.159999999998274 0.3500000000002436 0
11716 1.149999999998299 0.3600000000002264 0
11717 1.799999999999472 0.01000000000002244 0
11718 0.5100000000021252 0.9799999999999216 0
11719 1.269999999998618 0.4200000000002286 0
11720 1.259999999998579 0.4100000000002383 0
11721 1.269999999998553 0.4000000000002551 0
11722 1.279999999998592 0.4100000000002454 0
11723 1.669999999998935 0.2000000000003021 0
11724 1.629999999998786 0.2600000000003422 0
11725 1.61999999999878 0.250000000000344 0
11726 1.009999999997876 0.3400000000000315 0
11727 0.9999999999977948 0.3300000000000056 0
11728 1.009999999997792 0.3200000000000502 0
11729 1.019999999997874 0.330000000000076 0
11730 1.47999999999862 0.1700000000003102 0
11731 1.489999999998636 0.1600000000002997 0
11732 1.499999999998648 0.1700000000003096 0
11733 1.489999999998632 0.1800000000003201 0
11734 1.67999999999988 0.7500000000009899 0
11735 1.689999999999975 0.7400000000009456 0
11736 1.159999999998571 0.410000000000194 0
11737 1.169999999998508 0.4000000000001961 0
11738 1.179999999998582 0.4100000000002127 0
11739 1.959999999999839 0.9899999999999674 0
11740 1.920000000000139 0.489999999998958 0
11741 1.930000000000134 0.4799999999989132 0
11742 1.940000000000101 0.4899999999988699 0
11743 1.930000000000107 0.4999999999989148 0
11744 1.500000000000652 0.510000000000959 0
11745 0.5000000000022224 0.8099999999994215 0
11746 0.4900000000021822 0.8199999999994456 0
11747 1.599999999999897 0.410000000000117 0
11748 0.2000000000002255 0.3700000000011022 0
11749 0.2100000000002359 0.3600000000010669 0
11750 0.2200000000002169 0.370000000001056 0
11751 0.2100000000002065 0.3800000000010914 0
11752 0.5000000000021043 0.9299999999997404 0
11753 0.4900000000020567 0.9399999999997759 0
11754 1.42999999999854 0.1600000000002989 0
11755 1.76999999999975 0.8000000000001778 0
11756 1.549999999998688 0.2400000000003551 0
11757 1.5499999999987 0.2200000000003456 0
11758 1.109999999997958 0.2600000000002607 0
11759 1.099999999997918 0.2500000000002555 0
11760 1.109999999997922 0.2400000000002646 0
11761 1.309999999998186 0.1200000000002433 0
11762 0.7400000000028464 0.7899999999995085 0
11763 1.449999999998592 0.2400000000003588 0
11764 1.449999999998597 0.2600000000003641 0
11765 0.6200000000023804 0.5899999999991867 0
11766 0.6300000000023818 0.5799999999991954 0
11767 0.6400000000023918 0.5899999999992098 0
11768 0.610000000002442 0.7199999999992825 0
11769 0.600000000002416 0.7099999999992648 0
11770 0.7200000000023727 0.5699999999993877 0
11771 0.730000000002321 0.5599999999994155 0
11772 1.559999999998753 0.1700000000003046 0
11773 1.569999999998783 0.1600000000002937 0
11774 1.629999999999022 0.02000000000004851 0
11775 1.069999999997678 0.160000000000219 0
11776 1.249999999998355 0.3200000000003199 0
11777 1.239999999998314 0.3100000000003211 0
11778 1.640000000000641 0.4899999999997238 0
11779 1.650000000000625 0.4799999999996465 0
11780 1.650000000000621 0.4999999999997161 0
11781 0.9899999999978867 0.3599999999999324 0
11782 0.979999999997805 0.3499999999999006 0
11783 0.9899999999977986 0.3399999999999536 0
11784 0.9999999999978804 0.3499999999999854 0
11785 1.449999999998554 0.02000000000004874 0
11786 1.449999999998554 0.04000000000009524 0
11787 1.21999999999828 0.310000000000312 0
11788 1.429999999998514 0.1200000000002461 0
11789 1.469999999998606 0.1600000000003 0
11790 1.499999999998653 0.1500000000002872 0
11791 1.479999999998621 0.1500000000002878 0
11792 1.319999999998246 0.1700000000003031 0
11793 1.209999999998941 0.4400000000003506 0
11794 1.199999999998805 0.4300000000002942 0
11795 1.209999999998626 0.420000000000221 0
11796 1.219999999998762 0.4300000000002773 0
11797 1.639999999998899 0.3100000000003291 0
11798 1.629999999998875 0.3200000000003316 0
11799 1.61999999999877 0.3100000000003433 0
11800 1.629999999998794 0.3000000000003409 0
11801 1.549999999998811 0.04000000000009535 0
11802 1.539999999998787 0.03000000000007227 0
11803 1.549999999998813 0.02000000000004897 0
11804 1.329999999998275 0.1600000000002942 0
11805 0.1600000000002014 0.3900000000012519 0
11806 1.639999999998924 0.1700000000002916 0
11807 0.6300000000024492 0.6799999999992526 0
11808 0.6400000000024773 0.6899999999992721 0
11809 1.410000000001303 0.9400000000003979 0
11810 1.400000000001368 0.9300000000004609 0
11811 1.410000000001297 0.9200000000005238 0
11812 1.420000000001232 0.9300000000004607 0
11813 1.15999999999808 0.2900000000002847 0
11814 1.149999999998085 0.3000000000002732 0
11815 1.329999999998408 0.3000000000003474 0
11816 1.209999999998286 0.3200000000003015 0
11817 0.9799999999975567 0.1900000000000091 0
11818 0.9899999999975524 0.1800000000000481 0
11819 1.869999999999955 0.6599999999993678 0
11820 1.859999999999984 0.649999999999383 0
11821 0.58000000000237 0.6699999999992128 0
11822 1.129999999998098 0.3200000000002458 0
11823 1.139999999998145 0.3300000000002458 0
11824 1.269999999998427 0.3400000000003138 0
11825 1.259999999998394 0.3300000000003173 0
11826 0.5500000000023462 0.7999999999993939 0
11827 1.699999999999031 0.2300000000002947 0
11828 1.709999999999072 0.2200000000002856 0
11829 1.019999999997693 0.2700000000001219 0
11830 1.009999999997686 0.280000000000082 0
11831 1.139999999998089 0.31000000000026 0
11832 1.119999999998069 0.3100000000002449 0
11833 1.26999999999847 0.3600000000002977 0
11834 1.259999999998443 0.3500000000003027 0
11835 0.6200000000023715 0.5699999999991818 0
11836 0.6300000000023716 0.5599999999991924 0
11837 0.6400000000023819 0.569999999999206 0
11838 1.499999999998644 0.1900000000003282 0
11839 1.509999999998661 0.1800000000003191 0
11840 0.6500000000025086 0.6999999999992925 0
11841 1.679999999998945 0.2500000000003119 0
11842 1.669999999998911 0.2600000000003199 0
11843 1.649999999998922 0.3000000000003256 0
11844 0.6100000000023846 0.6199999999991905 0
11845 0.6000000000023729 0.6099999999991772 0
11846 0.6100000000023769 0.5999999999991814 0
11847 1.429999999998565 0.2200000000003484 0
11848 1.43999999999858 0.2300000000003536 0
11849 0.3600000000016546 0.8499999999995731 0
11850 0.3500000000016142 0.8599999999996015 0
11851 0.3500000000016364 0.8399999999995623 0
11852 1.619999999998855 0.1900000000003131 0
11853 1.62999999999889 0.180000000000303 0
11854 1.62999999999886 0.2000000000003178 0
11855 0.3300000000016287 0.79999999999952 0
11856 1.039999999998364 0.4300000000000804 0
11857 1.0499999999983 0.420000000000061 0
11858 1.989999999999976 0.7999999999994745 0
11859 1.979999999999953 0.7899999999994498 0
11860 1.389999999998523 0.3000000000003569 0
11861 1.389999999998556 0.3200000000003508 0
11862 1.9599999999999 0.8499999999996044 0
11863 1.949999999999874 0.8599999999996271 0
11864 1.209999999998524 0.400000000000225 0
11865 1.20999999999847 0.3800000000002492 0
11866 1.429999999998527 0.1400000000002743 0
11867 1.35999999999832 0.07000000000015817 0
11868 1.409999999998523 0.2000000000003342 0
11869 1.419999999998548 0.2100000000003415 0
11870 1.399999999998505 0.2100000000003397 0
11871 1.279999999998225 0.2500000000003414 0
11872 1.019999999997732 0.2900000000001089 0
11873 1.009999999997725 0.3000000000000673 0
11874 1.309999999998451 0.3400000000003242 0
11875 1.26999999999851 0.3800000000002784 0
11876 1.259999999998485 0.3700000000002847 0
11877 1.409999999998672 0.3800000000003134 0
11878 1.419999999998691 0.3900000000003052 0
11879 1.409999999998701 0.4000000000002927 0
11880 1.239999999998683 0.4300000000002327 0
11881 1.24999999999861 0.4200000000002228 0
11882 1.259999999998666 0.4300000000002263 0
11883 0.670000000002697 0.839999999999509 0
11884 0.7700000000027962 0.719999999999553 0
11885 0.7700000000028318 0.7399999999995566 0
11886 0.7600000000027975 0.7299999999995238 0
11887 1.680000000000517 0.5499999999997862 0
11888 1.690000000000507 0.5399999999997462 0
11889 1.700000000000473 0.5499999999997427 0
11890 1.690000000000482 0.5599999999997827 0
11891 1.389999999998589 0.3400000000003409 0
11892 1.39999999999862 0.3500000000003359 0
11893 0.7500000000025708 0.6399999999994879 0
11894 0.7400000000025346 0.6299999999994541 0
11895 0.7500000000025295 0.619999999999491 0
11896 1.469999999998885 0.4400000000002828 0
11897 1.389999999999185 0.4800000000005797 0
11898 1.399999999999463 0.4900000000007819 0
11899 1.529999999998761 0.02000000000004891 0
11900 1.619999999998872 0.3300000000003309 0
11901 1.189999999999047 0.4400000000004043 0
11902 1.199999999999369 0.4500000000005918 0
11903 1.409999999998449 0.02000000000004877 0
11904 1.409999999998451 0.04000000000009524 0
11905 0.9999999999980294 0.3899999999999385 0
11906 1.009999999998025 0.3799999999999861 0
11907 1.019999999998081 0.3900000000000085 0
11908 1.609999999998895 0.1400000000002663 0
11909 1.599999999998882 0.1300000000002544 0
11910 0.8200000000030151 0.7899999999997183 0
11911 0.8000000000029817 0.7899999999996563 0
11912 0.2900000000013926 0.7799999999995813 0
11913 0.2900000000012708 0.7599999999995763 0
11914 1.619999999998753 0.290000000000347 0
11915 1.629999999998774 0.2800000000003435 0
11916 1.639999999998816 0.2900000000003375 0
11917 1.549999999998728 0.1800000000003155 0
11918 1.319999999998483 0.3500000000003195 0
11919 1.309999999998498 0.3600000000003092 0
11920 1.469999999999202 0.4600000000004072 0
11921 1.459999999998989 0.4500000000003653 0
11922 1.719999999999122 0.2100000000002759 0
11923 1.729999999999177 0.2000000000002657 0
11924 1.459999999998607 0.2700000000003656 0
11925 1.4499999999986 0.2800000000003658 0
11926 0.4000000000017532 0.6499999999992983 0
11927 0.4200000000019485 0.6499999999992553 0
11928 0.4100000000019887 0.6599999999992684 0
11929 1.30999999999855 0.3800000000002904 0
11930 1.31999999999821 0.03000000000007193 0
11931 1.409999999998641 0.3600000000003306 0
11932 1.36999999999875 0.4400000000002438 0
11933 1.469999999998604 0.1400000000002757 0
11934 1.459999999998584 0.1300000000002618 0
11935 1.469999999998681 0.3800000000003212 0
11936 1.040000000003273 0.7700000000010385 0
11937 1.050000000003268 0.7600000000011305 0
11938 1.060000000003339 0.7700000000011484 0
11939 0.8400000000034964 0.9899999999999658 0
11940 0.820000000003411 0.9899999999999638 0
11941 1.460000000000944 0.5500000000019427 0
11942 1.480000000000937 0.5500000000018344 0
11943 1.470000000000961 0.560000000001956 0
11944 0.360000000001633 0.8699999999996157 0
11945 1.649999999998847 0.2800000000003323 0
11946 0.8500000000028207 0.6799999999999012 0
11947 0.860000000002838 0.689999999999946 0
11948 0.8500000000028427 0.6999999999998844 0
11949 1.609999999998862 0.3400000000003304 0
11950 1.609999999998748 0.3200000000003446 0
11951 1.259999999998525 0.3900000000002631 0
11952 1.409999999998451 0.0600000000001385 0
11953 1.880000000000115 0.5499999999990868 0
11954 1.890000000000114 0.5399999999990608 0
11955 1.099999999998045 0.3100000000002277 0
11956 1.109999999998038 0.3000000000002433 0
11957 1.379999999998738 0.4300000000002533 0
11958 0.3800000000016346 0.6699999999993649 0
11959 0.3700000000015644 0.6799999999993969 0
11960 1.659999999999613 0.3500000000002021 0
11961 1.679999999999864 0.3500000000001242 0
11962 1.669999999999882 0.3600000000001142 0
11963 1.199999999998429 0.3700000000002538 0
11964 0.370000000001793 0.7799999999994388 0
11965 0.38000000000181 0.7899999999994456 0
11966 1.720000000000508 0.4699999999995843 0
11967 1.740000000000475 0.4699999999995236 0
11968 1.73000000000049 0.4799999999995805 0
11969 1.249999999998542 0.4000000000002467 0
11970 0.02999999999998769 0.4800000000018906 0
11971 0.03999999999995441 0.4900000000018611 0
11972 0.02999999999994314 0.5000000000018953 0
11973 1.089999999998002 0.3000000000002239 0
11974 1.639999999998983 0.1100000000002207 0
11975 0.4400000000018321 0.989999999999962 0
11976 0.650000000002527 0.7199999999993127 0
11977 1.659999999998874 0.2700000000003263 0
11978 1.639999999998799 0.2700000000003385 0
11979 1.289999999999247 0.4800000000004866 0
11980 1.299999999999663 0.4900000000007272 0
11981 0.9499999999975779 0.219999999999866 0
11982 0.9599999999975937 0.2299999999999066 0
11983 0.9499999999976024 0.2399999999998537 0
11984 0.9399999999975867 0.2299999999998131 0
11985 1.099999999998003 0.2900000000002397 0
11986 1.109999999997998 0.2800000000002535 0
11987 1.269999999998879 0.4600000000002967 0
11988 1.279999999999026 0.4700000000003629 0
11989 1.259999999999162 0.4700000000005112 0
11990 1.700000000000534 0.4899999999996493 0
11991 1.710000000000524 0.4799999999996196 0
11992 1.7200000000005 0.4899999999996361 0
11993 1.71000000000051 0.4999999999996657 0
11994 0.2200000000002336 0.3100000000008362 0
11995 1.549999999998713 0.200000000000332 0
11996 1.549999999999886 0.7800000000012208 0
11997 1.539999999999927 0.770000000001273 0
11998 1.549999999999899 0.7600000000013061 0
11999 1.559999999999858 0.7700000000012537 0
12000 1.479999999998672 0.3700000000003302 0
12001 1.28999999999863 0.4200000000002356 0
12002 1.279999999998661 0.4300000000002205 0
12003 1.329999999998237 0.02000000000004871 0
12004 0.8100000000028416 0.7199999999996958 0
12005 1.269999999998708 0.4400000000002183 0
12006 0.7700000000028602 0.7599999999995621 0
12007 0.7600000000028307 0.7499999999995297 0
12008 1.229999999998828 0.4400000000002882 0
12009 1.219999999999159 0.4500000000004853 0
12010 1.529999999998656 0.3600000000003394 0
12011 0.6900000000026248 0.7399999999993805 0
12012 0.6800000000026121 0.7499999999993773 0
12013 1.049999999997533 0.08000000000012857 0
12014 0.910000000003502 0.8799999999999971 0
12015 0.9000000000034267 0.8699999999999699 0
12016 1.82000000000005 0.6499999999994668 0
12017 1.800000000000089 0.6499999999994945 0
12018 1.810000000000088 0.6399999999994885 0
12019 1.569999999998659 0.3200000000003558 0
12020 0.9699999999976771 0.3199999999998837 0
12021 0.9599999999976453 0.3099999999998467 0
12022 0.969999999997645 0.2999999999999013 0
12023 1.680000000000347 0.3899999999998658 0
12024 1.700000000000411 0.3899999999997453 0
12025 1.149999999998399 0.3800000000002042 0
12026 0.870000000002503 0.5800000000001151 0
12027 0.8600000000022727 0.5700000000000099 0
12028 0.8700000000020824 0.5600000000000529 0
12029 1.449999999998607 0.3000000000003636 0
12030 1.509999999998906 0.4200000000002673 0
12031 1.680000000000562 0.4499999999995609 0
12032 1.690000000000542 0.4399999999995506 0
12033 1.700000000000534 0.4499999999995431 0
12034 0.4600000000019152 0.9899999999999616 0
12035 1.459999999998601 0.2300000000003548 0
12036 1.569999999998675 0.3400000000003471 0
12037 1.640000000000588 0.5700000000003143 0
12038 1.650000000000574 0.5600000000000427 0
12039 1.66000000000054 0.5700000000000673 0
12040 1.610000000000668 0.5600000000006442 0
12041 1.620000000000636 0.5700000000006414 0
12042 0.5700000000023941 0.8999999999996378 0
12043 0.350000000001694 0.719999999999401 0
12044 0.3400000000014267 0.7099999999994531 0
12045 1.189999999998639 0.4200000000002198 0
12046 0.3899999999991549 0.03999999999988986 0
12047 0.3999999999991277 0.04999999999986282 0
12048 0.3899999999991642 0.0599999999998389 0
12049 0.810000000002306 0.55999999999975 0
12050 0.8000000000020844 0.5499999999996766 0
12051 0.8100000000017196 0.539999999999669 0
12052 0.8200000000019412 0.5499999999997423 0
12053 1.439999999998544 0.1300000000002607 0
12054 0.620000000002582 0.9699999999998813 0
12055 0.6100000000025401 0.9799999999999199 0
12056 0.6700000000024364 0.6199999999992702 0
12057 0.6700000000024604 0.639999999999278 0
12058 0.6100000000023937 0.6399999999992033 0
12059 1.199999999998574 0.4100000000002186 0
12060 0.4800000000019989 0.9899999999999614 0
12061 0.9999999999974821 0.1100000000000625 0
12062 1.759999999999732 0.2300000000001854 0
12063 1.779999999999983 0.23000000000011 0
12064 0.999999999997961 0.3699999999999637 0
12065 0.9899999999979679 0.3799999999999096 0
12066 0.9799999999978937 0.3699999999998784 0
12067 0.6300000000026227 0.9799999999999198 0
12068 1.67999999999902 0.2700000000003102 0
12069 1.68999999999909 0.2600000000003005 0
12070 1.429999999998605 0.3200000000003562 0
12071 0.5700000000023591 0.6799999999992203 0
12072 0.5700000000023557 0.6599999999992008 0
12073 1.589999999998861 0.3600000000003232 0
12074 0.1699999789621999 0.07999997896232622 0
12075 0.1699999788954175 0.09999997889544784 0
12076 0.89000000000336 0.859999999999941 0
12077 0.3900000000019913 0.7199999999993372 0
12078 0.3900000000019742 0.6999999999993201 0
12079 1.439999999998606 0.3100000000003601 0
12080 1.349999999998609 0.3800000000003008 0
12081 1.739999999999314 0.01000000000002365 0
12082 1.759999999999367 0.01000000000002351 0
12083 1.549999999998807 0.06000000000013836 0
12084 0.3400000000016503 0.7299999999994249 0
12085 0.3200000000013746 0.7299999999994825 0
12086 0.3300000000014052 0.7199999999994559 0
12087 1.599999999998709 0.2900000000003548 0
12088 1.159999999998459 0.3900000000002001 0
12089 1.149999999998494 0.40000000000018 0
12090 1.139999999998433 0.3900000000001841 0
12091 1.609999999998726 0.3000000000003502 0
12092 0.2599999999999281 0.2699999999997784 0
12093 0.2500000000000982 0.2800000000001224 0
12094 0.239999999999476 0.269999999999634 0
12095 0.2499999999993059 0.2599999999992899 0
12096 0.8899999999976909 0.3599999999994572 0
12097 0.8999999999977009 0.3699999999994877 0
12098 0.8899999999977126 0.3799999999994353 0
12099 0.8799999999977024 0.3699999999994048 0
12100 0.7499999999980993 0.03999999999989022 0
12101 0.7599999999980723 0.0499999999998641 0
12102 0.7399999999981322 0.04999999999986439 0
12103 0.5400000000023226 0.8099999999994137 0
12104 0.5300000000022972 0.8199999999994352 0
12105 0.5200000000022753 0.8099999999994163 0
12106 0.06999999999978705 0.8599999999997454 0
12107 0.05999999999977702 0.8499999999997601 0
12108 0.06999999999971733 0.8399999999998016 0
12109 0.07999999999972737 0.8499999999997869 0
12110 0.9099999999976534 0.2999999999996114 0
12111 0.9199999999976479 0.3099999999996487 0
12112 0.9099999999976591 0.3199999999995903 0
12113 0.8999999999976647 0.3099999999995531 0
12114 1.779999999999419 0.01000000000002325 0
12115 0.6600000000024596 0.6499999999992658 0
12116 1.679999999999366 0.850000000000664 0
12117 1.669999999999378 0.8600000000006611 0
12118 1.659999999999426 0.8500000000007337 0
12119 1.669999999999414 0.8400000000007365 0
12120 1.780000000000131 0.6499999999995283 0
12121 1.790000000000128 0.6399999999995202 0
12122 1.149999999998648 0.4200000000002 0
12123 1.149999999999105 0.4400000000004111 0
12124 1.139999999998889 0.4300000000003062 0
12125 0.1900000000002143 0.3800000000011439 0
12126 0.1800000000002321 0.3700000000011552 0
12127 0.1900000000002433 0.3600000000011135 0
12128 1.469999999998609 0.2200000000003502 0
12129 1.51999999999864 0.3100000000003629 0
12130 0.9300000000027118 0.6000000000005657 0
12131 0.9200000000026751 0.5900000000004995 0
12132 0.9300000000026575 0.5800000000005974 0
12133 0.9400000000026942 0.5900000000006635 0
12134 0.9699999999974475 0.01999999999998598 0
12135 0.4500000000019641 0.859999999999551 0
12136 1.609999999998776 0.2400000000003439 0
12137 1.549999999998977 0.4000000000002826 0
12138 1.440000000000758 0.5300000000018306 0
12139 1.450000000000621 0.5200000000016562 0
12140 1.45000000000092 0.540000000001933 0
12141 1.539999999998691 0.2100000000003401 0
12142 0.6300000000025091 0.7599999999993496 0
12143 0.6200000000024808 0.7499999999993295 0
12144 1.750000000000463 0.4599999999994644 0
12145 1.760000000000443 0.4699999999994492 0
12146 0.8699999999977144 0.3799999999993613 0
12147 0.8799999999977244 0.3899999999993828 0
12148 0.8699999999977361 0.3999999999993382 0
12149 0.8599999999977261 0.3899999999993167 0
12150 1.049999999998065 0.3600000000001158 0
12151 0.6900000000025532 0.6799999999993358 0
12152 1.509999999998667 0.1600000000002983 0
12153 1.149999999998132 0.3200000000002609 0
12154 0.4300000000020676 0.7599999999993634 0
12155 0.4400000000020832 0.7699999999993747 0
12156 0.4300000000020313 0.7799999999993958 0
12157 0.3900000000018269 0.7999999999994545 0
12158 0.4000000000018462 0.8099999999994656 0
12159 1.04999999999768 0.2000000000002057 0
12160 0.7100000000024469 0.5999999999993624 0
12161 0.7200000000024729 0.6099999999993907 0
12162 0.7100000000024788 0.6199999999993628 0
12163 0.3500000000016583 0.8199999999995262 0
12164 0.5100000000022444 0.819999999999439 0
12165 0.8100000000028725 0.7399999999996913 0
12166 1.139999999998571 0.4100000000001861 0
12167 1.599999999998855 0.3500000000003284 0
12168 0.6500000000023909 0.5799999999992246 0
12169 0.6600000000024018 0.5899999999992435 0
12170 0.5900000000022654 0.5399999999991546 0
12171 0.5900000000019326 0.51999999999916 0
12172 0.7700000000026961 0.6799999999995533 0
12173 0.7800000000027429 0.6899999999995868 0
12174 0.7700000000027466 0.6999999999995521 0
12175 0.7600000000026996 0.6899999999995186 0
12176 1.699999999999298 0.8700000000005049 0
12177 1.689999999999305 0.8800000000005124 0
12178 1.679999999999336 0.8700000000005905 0
12179 1.689999999999329 0.860000000000583 0
12180 1.139999999999589 0.4500000000006676 0
12181 0.500000000002248 0.7499999999993161 0
12182 0.4900000000022233 0.7599999999993357 0
12183 0.5700000000023339 0.5799999999991524 0
12184 0.5199999999987708 0.1099999999997082 0
12185 0.509999999998802 0.1199999999996839 0
12186 0.4999999999988323 0.1099999999997067 0
12187 0.509999999998801 0.09999999999973097 0
12188 0.3900000000000129 0.4199999999994494 0
12189 0.3800000000000403 0.4099999999994816 0
12190 0.2400000000004733 0.7899999999997318 0
12191 0.2200000000000071 0.7899999999997849 0
12192 0.2300000000001434 0.7799999999997742 0
12193 1.939999999999756 0.9899999999999654 0
12194 0.9400000000031987 0.7900000000002813 0
12195 0.9300000000032196 0.8000000000002052 0
12196 0.8600000000029497 0.7499999999998945 0
12197 0.850000000002491 0.5799999999999805 0
12198 0.8600000000025465 0.5900000000000387 0
12199 0.840000000002552 0.5899999999999173 0
12200 0.3800000000016963 0.8699999999996042 0
12201 0.5500000000023461 0.8199999999994346 0
12202 1.659999999999103 0.01000000000002386 0
12203 1.679999999999156 0.01000000000002378 0
12204 1.579999999998735 0.3500000000003373 0
12205 1.6100000000006 0.6200000000015056 0
12206 1.620000000000553 0.6300000000014461 0
12207 1.760000000000178 0.649999999999594 0
12208 1.770000000000173 0.6399999999995598 0
12209 1.770000000000136 0.6599999999995625 0
12210 1.800000000000264 0.5499999999994178 0
12211 1.780000000000304 0.549999999999512 0
12212 0.6700000000027887 0.97999999999992 0
12213 0.610000000002453 0.7399999999993094 0
12214 0.6000000000024264 0.7299999999992904 0
12215 0.8899999999976811 0.3399999999994798 0
12216 0.8999999999976793 0.3499999999995101 0
12217 0.8799999999976926 0.3499999999994268 0
12218 0.1100000000001201 0.8999999999997942 0
12219 0.1200000000002502 0.9099999999998077 0
12220 0.4099999999999016 0.54000000000028 0
12221 0.4100000000000819 0.5600000000001577 0
12222 0.3999999999998228 0.5500000000004208 0
12223 0.9899999999981064 0.4199999999998583 0
12224 0.9799999999980451 0.4099999999998279 0
12225 0.9899999999980356 0.3999999999998833 0
12226 0.9599999999978222 0.3699999999997847 0
12227 0.9699999999978131 0.3599999999998429 0
12228 0.1700000000002198 0.3800000000012039 0
12229 0.7100000000024185 0.5799999999993626 0
12230 0.9100000000036169 0.8999999999999772 0
12231 0.920000000003713 0.9099999999999979 0
12232 0.9100000000037227 0.9199999999999606 0
12233 0.9000000000036266 0.90999999999994 0
12234 0.7600000000024905 0.5899999999995359 0
12235 0.7500000000024928 0.5999999999994949 0
12236 0.500000000002082 0.9899999999999609 0
12237 0.5800000000015937 0.5099999999991638 0
12238 1.719999999999228 0.9100000000002871 0
12239 1.709999999999251 0.9000000000003603 0
12240 0.1400000000001086 0.4300000000013865 0
12241 0.1300000000000819 0.4400000000014477 0
12242 0.120000000000111 0.4300000000014682 0
12243 0.9699999999975637 0.199999999999964 0
12244 0.9699999999975928 0.2199999999999554 0
12245 0.9599999999975676 0.2099999999999173 0
12246 0.7900000000029883 0.7999999999996315 0
12247 0.5600000000023466 0.6899999999992291 0
12248 0.5500000000023334 0.6999999999992399 0
12249 0.5400000000023193 0.6899999999992286 0
12250 1.699999999999209 0.01000000000002356 0
12251 0.6100000000001227 0.4799999999991933 0
12252 0.6200000000004546 0.4899999999991902 0
12253 1.789999999999336 0.8999999999999297 0
12254 0.8799999999976508 0.2699999999995237 0
12255 0.8699999999976633 0.2799999999994828 0
12256 0.859999999997652 0.2699999999994673 0
12257 0.5300000000023077 0.6599999999991997 0
12258 0.5300000000023062 0.6799999999992188 0
12259 1.660000000000562 0.5499999999998736 0
12260 1.650000000000594 0.5399999999998639 0
12261 0.320000000001592 0.8099999999995496 0
12262 0.5200000000021654 0.9899999999999607 0
12263 0.4400000000021275 0.7299999999993152 0
12264 0.4300000000020928 0.7399999999993341 0
12265 0.4300000000021125 0.7199999999993072 0
12266 0.8599999999977541 0.1099999999997301 0
12267 0.8499999999977803 0.1199999999997032 0
12268 0.8399999999978213 0.1099999999997205 0
12269 0.849999999997795 0.09999999999974743 0
12270 1.840000000000015 0.6499999999994313 0
12271 1.850000000000016 0.6399999999994014 0
12272 0.9699999999976315 0.2799999999999178 0
12273 0.9599999999976203 0.2699999999998802 0
12274 0.5900000000024027 0.719999999999273 0
12275 0.5800000000023811 0.7099999999992568 0
12276 0.5300000000023039 0.7399999999992941 0
12277 0.5200000000022872 0.7299999999992817 0
12278 0.9599999999976288 0.2899999999998642 0
12279 0.6700000000024158 0.5999999999992656 0
12280 1.049999999997705 0.2200000000002046 0
12281 1.050000000003067 0.7000000000013329 0
12282 1.040000000003017 0.6900000000012998 0
12283 1.050000000002993 0.6800000000013962 0
12284 1.060000000003043 0.6900000000014292 0
12285 0.3800000000018399 0.6899999999993374 0
12286 0.3900000000019007 0.6799999999993128 0
12287 0.4000000000020351 0.6899999999992954 0
12288 0.05999999999993936 0.8899999999997155 0
12289 0.06999999999988557 0.8799999999997297 0
12290 0.259999999998001 0.2099999999979048 0
12291 0.2799999999991057 0.2099999999990236 0
12292 0.2699999999990473 0.2199999999989222 0
12293 0.3000000000013293 0.7499999999995425 0
12294 0.3100000000013687 0.7399999999995095 0
12295 0.7100000000025151 0.6399999999993655 0
12296 0.6500000000023755 0.559999999999222 0
12297 0.6600000000023845 0.5699999999992407 0
12298 1.719999999999261 0.01000000000002363 0
12299 0.969999999997734 0.3399999999998648 0
12300 0.9599999999976825 0.3299999999998278 0
12301 0.9799999999977285 0.3299999999999208 0
12302 1.089999999998147 0.3600000000001723 0
12303 0.4400000000009399 0.569999999999533 0
12304 0.4200000000003614 0.5699999999998646 0
12305 0.4400000000020788 0.6499999999992329 0
12306 0.4300000000021068 0.659999999999245 0
12307 0.4300000000019204 0.6399999999992432 0
12308 0.1800000000001972 0.3900000000011875 0
12309 0.9300000000032885 0.8200000000001701 0
12310 0.9400000000033324 0.8300000000002034 0
12311 0.9300000000033549 0.8400000000001357 0
12312 0.9200000000033111 0.8300000000001025 0
12313 0.9199999999976574 0.329999999999628 0
12314 0.9099999999976682 0.3399999999995694 0
12315 0.89999999999767 0.3299999999995317 0
12316 1.770000000000342 0.5399999999995373 0
12317 1.770000000000308 0.5599999999995596 0
12318 0.6600000000011033 0.5099999999992222 0
12319 0.6500000000017014 0.5199999999992158 0
12320 0.6400000000012219 0.5099999999992011 0
12321 0.5700000000023522 0.6399999999991846 0
12322 0.5000000000022066 0.8299999999994641 0
12323 0.5200000000022678 0.8299999999994585 0
12324 0.5500000000022911 0.9799999999999205 0
12325 0.3399999999997585 0.2699999999995183 0
12326 0.6700000000021628 0.5399999999992553 0
12327 0.6800000000022153 0.549999999999278 0
12328 0.6700000000023599 0.5599999999992606 0
12329 0.6600000000023074 0.549999999999238 0
12330 1.129999999999114 0.4400000000004063 0
12331 1.919999999999672 0.9899999999999632 0
12332 0.3500000000017681 0.7399999999994118 0
12333 0.4500000000021251 0.7599999999993539 0
12334 1.020000000003059 0.7100000000010904 0
12335 1.030000000003041 0.7000000000011946 0
12336 1.040000000003083 0.7100000000012378 0
12337 0.42000000000209 0.6699999999992603 0
12338 0.4100000000020679 0.6799999999992776 0
12339 0.4000000000019666 0.6699999999992857 0
12340 0.7500000000026147 0.6599999999994864 0
12341 0.7600000000026526 0.6699999999995188 0
12342 0.7500000000026568 0.679999999999487 0
12343 0.01999999999993908 0.8699999999996215 0
12344 0.03999999999989019 0.8699999999996717 0
12345 1.779999999999945 0.7499999999999877 0
12346 0.9299999999976328 0.2799999999997267 0
12347 0.9399999999976294 0.2899999999997677 0
12348 0.9299999999976387 0.2999999999997087 0
12349 0.919999999997642 0.2899999999996679 0
12350 0.6500000000022534 0.5399999999992204 0
12351 0.6400000000023215 0.5499999999992045 0
12352 1.699999999999271 0.8900000000004391 0
12353 1.679999999999337 0.8900000000005136 0
12354 1.10000000000342 0.8500000000009076 0
12355 1.12000000000332 0.8500000000009241 0
12356 1.110000000003368 0.8600000000008627 0
12357 0.4099999999994836 0.2999999999993992 0
12358 0.1399999999995616 0.5700000000016776 0
12359 0.1499999999995812 0.5600000000016787 0
12360 0.159999999999546 0.5700000000016608 0
12361 0.1499999999995263 0.5800000000016596 0
12362 0.969999999997492 0.1399999999999762 0
12363 0.9599999999974886 0.1299999999999428 0
12364 0.9699999999974831 0.1199999999999762 0
12365 0.9799999999974864 0.1300000000000097 0
12366 0.3900000000017004 0.6599999999993378 0
12367 0.9499999999974849 0.07999999999992974 0
12368 0.9399999999975084 0.06999999999991594 0
12369 0.3900000000013526 0.6399999999993995 0
12370 0.6700000000023985 0.5799999999992631 0
12371 0.3400000000016421 0.8099999999995207 0
12372 1.830000000000226 0.5399999999992398 0
12373 1.820000000000261 0.5299999999992752 0
12374 1.83000000000026 0.5199999999992306 0
12375 1.840000000000307 0.3299999999991489 0
12376 1.830000000000321 0.3399999999991408 0
12377 1.820000000000329 0.3299999999991815 0
12378 1.830000000000315 0.3199999999991896 0
12379 0.2400000000001786 0.2900000000004201 0
12380 0.2300000000002099 0.3000000000006305 0
12381 0.2300000000000748 0.2800000000004186 0
12382 0.4400000000021096 0.7499999999993434 0
12383 0.950000000002672 0.5800000000007692 0
12384 0.940000000002627 0.5700000000006933 0
12385 0.9500000000026025 0.5600000000007991 0
12386 0.9600000000026476 0.5700000000008751 0
12387 0.9500000000033838 0.8400000000002386 0
12388 1.060000000003189 0.7300000000012956 0
12389 1.070000000003185 0.7200000000013789 0
12390 1.080000000003256 0.7300000000013892 0
12391 0.7100000000023103 0.5599999999993559 0
12392 0.700000000002356 0.5699999999993308 0
12393 0.5400000000022482 0.9899999999999602 0
12394 1.770000000000432 0.4599999999993974 0
12395 1.770000000000422 0.4799999999994344 0
12396 1.000000000003787 0.8900000000003858 0
12397 0.6800000000023738 0.5699999999992831 0
12398 0.970000000003877 0.9200000000001602 0
12399 0.959999999998107 0.4299999999997207 0
12400 0.9499999999981471 0.4399999999996674 0
12401 1.599999999998945 0.01000000000002431 0
12402 1.619999999998998 0.0100000000000243 0
12403 1.029999999998966 0.4600000000003095 0
12404 1.019999999998616 0.4500000000001041 0
12405 1.029999999998412 0.4400000000000643 0
12406 0.5400000000023196 0.8299999999994564 0
12407 1.959999999999896 0.8699999999996522 0
12408 1.949999999999867 0.8799999999996714 0
12409 0.9799999999981677 0.4299999999998192 0
12410 0.9999999999982176 0.4299999999999088 0
12411 0.5600000000023495 0.7099999999992528 0
12412 0.6700000000015256 0.5199999999992415 0
12413 0.6800000000017283 0.5299999999992639 0
12414 0.6600000000019601 0.5299999999992328 0
12415 0.02999999999981409 0.6600000000009822 0
12416 0.02999999999981313 0.6800000000008446 0
12417 0.01999999999987283 0.6700000000009088 0
12418 0.6900000000023234 0.5599999999993053 0
12419 0.2899999999996981 0.5200000000011018 0
12420 0.2799999999997465 0.5100000000011069 0
12421 1.810000000000189 0.5799999999994312 0
12422 1.820000000000152 0.5899999999994101 0
12423 0.500000000002242 0.7699999999993478 0
12424 1.68999999999962 0.3200000000002047 0
12425 0.9699999999987425 0.4599999999999032 0
12426 0.9599999999984518 0.4499999999997859 0
12427 0.9699999999982187 0.439999999999772 0
12428 0.02000000000008076 0.9899999999999595 0
12429 1.910000000000206 0.3399999999991356 0
12430 1.900000000000224 0.329999999999158 0
12431 1.920000000000188 0.3299999999991646 0
12432 0.5100000000022651 0.7599999999993285 0
12433 0.690000000001996 0.539999999999292 0
12434 0.7000000000021042 0.5499999999993194 0
12435 1.810000000000319 0.2999999999994246 0
12436 1.800000000000314 0.2899999999995911 0
12437 1.810000000000302 0.2799999999995917 0
12438 1.060000000003656 0.9100000000005239 0
12439 1.070000000003594 0.9000000000005933 0
12440 1.080000000003563 0.9100000000005561 0
12441 1.769999999999927 0.760000000000153 0
12442 1.759999999999967 0.7500000000002116 0
12443 0.9899999999974973 0.1400000000000445 0
12444 0.9899999999974847 0.1200000000000381 0
12445 0.810000000002679 0.6399999999997306 0
12446 0.8200000000027263 0.6499999999997703 0
12447 0.8100000000027355 0.6599999999997199 0
12448 0.8000000000026882 0.6499999999996802 0
12449 0.7800000000013598 0.5299999999995078 0
12450 0.7700000000018494 0.5399999999995198 0
12451 1.63999999999905 0.01000000000002421 0
12452 1.870000000000238 0.23999999999962 0
12453 0.949999999997617 0.2599999999998402 0
12454 0.9399999999976091 0.2499999999997996 0
12455 0.1100000000000838 0.4400000000015327 0
12456 1.029999999998211 0.4200000000000048 0
12457 1.029999999998134 0.4000000000000233 0
12458 1.039999999998202 0.4100000000000424 0
12459 0.9499999999977513 0.3599999999997466 0
12460 0.9399999999976993 0.349999999999708 0
12461 0.9499999999976901 0.3399999999997685 0
12462 0.9599999999977421 0.3499999999998071 0
12463 0.7300000000025016 0.6199999999994221 0
12464 0.7200000000025093 0.6299999999993906 0
12465 0.7400000000024958 0.6099999999994556 0
12466 0.07999999999991705 0.4900000000017611 0
12467 0.06999999999988636 0.5000000000017977 0
12468 0.05999999999993436 0.4900000000018087 0
12469 0.5100000000022684 0.7399999999992981 0
12470 0.5200000000022855 0.7499999999993106 0
12471 0.9699999999975059 0.1599999999999751 0
12472 0.9599999999974981 0.1499999999999385 0
12473 0.9799999999974998 0.1500000000000128 0
12474 0.7900000000025962 0.6199999999996514 0
12475 0.8000000000026372 0.6299999999996903 0
12476 0.7900000000026424 0.6399999999996422 0
12477 1.899999999999588 0.9899999999999629 0
12478 0.3700000000016759 0.8599999999995873 0
12479 0.3300000000000111 0.440000000000429 0
12480 0.3200000000000416 0.4300000000005214 0
12481 0.3300000000000621 0.420000000000213 0
12482 0.7200000000020519 0.5499999999993657 0
12483 0.5700000000023628 0.6999999999992423 0
12484 0.2699999999997962 0.5000000000011124 0
12485 0.2599999999998454 0.4900000000011158 0
12486 0.2699999999998899 0.480000000001073 0
12487 1.550000000000791 0.5800000000017705 0
12488 1.560000000000755 0.5900000000017463 0
12489 1.099999999997631 0.01000000000002334 0
12490 1.119999999997683 0.01000000000002335 0
12491 0.5700000000023677 0.7199999999992672 0
12492 1.759999999999795 0.790000000000277 0
12493 1.769999999999851 0.7800000000001897 0
12494 1.689999999998993 0.2400000000003033 0
12495 1.029999999997736 0.2800000000001408 0
12496 1.499999999998646 0.3300000000003559 0
12497 0.7700000000023627 0.5599999999995746 0
12498 0.7800000000024294 0.5699999999996219 0
12499 0.7700000000024863 0.5799999999995822 0
12500 1.840000000000151 0.5699999999992573 0
12501 1.860000000000115 0.5699999999991696 0
12502 0.6000000000024368 0.7499999999993189 0
12503 0.5100000000022712 0.7199999999992708 0
12504 0.9399999999976385 0.3099999999997493 0
12505 0.9299999999976477 0.3199999999996892 0
12506 1.690000000000546 0.4999999999996684 0
12507 0.9799999999974751 0.1100000000000053 0
12508 1.670000000000218 0.7000000000011163 0
12509 1.68000000000016 0.7100000000010338 0
12510 1.980000000000052 0.3699999999990634 0
12511 1.970000000000077 0.3799999999990352 0
12512 1.960000000000101 0.369999999999064 0
12513 1.970000000000077 0.3599999999990922 0
12514 0.9899999999975185 0.1600000000000484 0
12515 0.9199999999976785 0.3499999999996064 0
12516 0.9099999999976895 0.3599999999995471 0
12517 1.519999999998736 0.01000000000002443 0
12518 1.539999999998788 0.01000000000002448 0
12519 1.740000000000228 0.6499999999997371 0
12520 1.750000000000221 0.6399999999996379 0
12521 1.72000000000024 0.6700000000001528 0
12522 1.730000000000235 0.6599999999999142 0
12523 0.5800000000023883 0.729999999999283 0
12524 0.3899999999994944 0.2799999999994439 0
12525 0.3799999999995051 0.2699999999994669 0
12526 0.3899999999994161 0.2599999999994693 0
12527 0.8000000000012786 0.5299999999995724 0
12528 0.5300000000022691 0.5799999999991501 0
12529 1.459999999998579 0.01000000000002432 0
12530 0.8500000000028661 0.7199999999998683 0
12531 0.8500000000029067 0.7399999999998548 0
12532 0.8400000000029834 0.769999999999792 0
12533 0.8300000000030006 0.7799999999997533 0
12534 0.5900000000024119 0.7399999999993006 0
12535 0.8199999999976639 0.2099999999995074 0
12536 0.8099999999976746 0.2199999999994869 0
12537 0.7999999999977354 0.2099999999995042 0
12538 0.8099999999977248 0.1999999999995247 0
12539 0.530000000002087 0.5599999999991507 0
12540 0.2199999997299422 0.1499999997299609 0
12541 1.820000000000188 0.5699999999993587 0
12542 1.830000000000188 0.5599999999992797 0
12543 1.830000000000151 0.5799999999993364 0
12544 0.2400000000002331 0.3500000000009142 0
12545 0.2300000000002262 0.3600000000010014 0
12546 0.220000000000243 0.3500000000010191 0
12547 1.700000000000288 0.6700000000005244 0
12548 1.710000000000287 0.660000000000234 0
12549 1.710000000000241 0.6800000000004431 0
12550 0.9399999999978439 0.3899999999996608 0
12551 0.9499999999978327 0.379999999999723 0
12552 1.790000000000118 0.2400000000000327 0
12553 0.4500000000021427 0.7399999999993241 0
12554 1.879999999999503 0.9899999999999634 0
12555 0.9400000000034117 0.8500000000001654 0
12556 0.830000000003265 0.8799999999997592 0
12557 1.709999999999324 0.8600000000004816 0
12558 1.699999999999355 0.8500000000005701 0
12559 1.709999999999403 0.8400000000005432 0
12560 0.2000000000002515 0.3500000000010733 0
12561 1.54000000000067 0.4900000000002167 0
12562 1.530000000000725 0.5000000000003856 0
12563 0.5700000000011594 0.4999999999991745 0
12564 1.620000000000107 0.7100000000013722 0
12565 1.630000000000204 0.700000000001371 0
12566 1.630000000000032 0.7200000000013096 0
12567 0.5799999999985904 0.02999999999991645 0
12568 0.5699999999986199 0.03999999999988863 0
12569 0.5599999999986496 0.0299999999999159 0
12570 0.5699999999986201 0.01999999999994372 0
12571 0.5499999999986807 0.07999999999978312 0
12572 0.5599999999986507 0.08999999999975924 0
12573 0.5499999999986809 0.09999999999973416 0
12574 0.5399999999987108 0.08999999999975804 0
12575 0.8599999999980963 0.4699999999992542 0
12576 0.8699999999979795 0.4599999999992778 0
12577 1.399999999998422 0.01000000000002444 0
12578 1.780000000000384 0.369999999999272 0
12579 1.790000000000369 0.3599999999992394 0
12580 0.8700000000028645 0.6999999999999962 0
12581 1.079999999997578 0.01000000000002248 0
12582 0.6100000000023692 0.579999999999175 0
12583 0.7100000000018458 0.5399999999993292 0
12584 0.7000000000014646 0.5299999999992917 0
12585 1.870000000000151 0.5399999999991094 0
12586 1.870000000000116 0.5599999999991188 0
12587 1.609999999999928 0.9800000000001337 0
12588 1.599999999999996 0.9700000000001987 0
12589 1.609999999999924 0.9600000000002611 0
12590 1.619999999999856 0.970000000000196 0
12591 0.4399999999990006 0.02999999999991403 0
12592 0.4499999999989704 0.01999999999994229 0
12593 0.4599999999989421 0.02999999999991417 0
12594 0.4499999999989723 0.03999999999988592 0
12595 1.759999999999892 0.7700000000002751 0
12596 0.1200000000000513 0.4500000000015187 0
12597 0.3699999999994606 0.2399999999995166 0
12598 0.3599999999994803 0.2299999999995403 0
12599 0.5600000000023315 0.9899999999999602 0
12600 0.7300000000028325 0.7999999999995017 0
12601 1.019999999999418 0.4700000000004175 0
12602 1.239999999997999 0.01000000000002431 0
12603 0.3099999999996176 0.5400000000010854 0
12604 0.2999999999996567 0.5300000000010939 0
12605 0.2299999999997052 0.5200000000012943 0
12606 0.2199999999997563 0.5100000000013032 0
12607 0.2899999999996161 0.5400000000011356 0
12608 0.2999999999995852 0.5500000000011226 0
12609 0.2899999999995529 0.560000000001164 0
12610 1.890000000000148 0.5199999999990663 0
12611 1.88000000000015 0.5299999999990871 0
12612 1.009999999997956 0.3600000000000099 0
12613 0.04999999999990509 0.879999999999681 0
12614 0.04999999999983409 0.8599999999997083 0
12615 0.05999999999984898 0.8699999999997177 0
12616 0.7900000000025065 0.5799999999996719 0
12617 0.8000000000025413 0.5899999999997129 0
12618 0.7900000000025545 0.5999999999996621 0
12619 0.7800000000025198 0.5899999999996213 0
12620 1.630000000000657 0.4999999999998146 0
12621 0.6499999999981786 0.2399999999994597 0
12622 0.6499999999980722 0.2599999999994266 0
12623 0.6399999999981644 0.2499999999994431 0
12624 0.83999999999783 0.06999999999981547 0
12625 0.8299999999978609 0.07999999999978932 0
12626 0.8199999999978911 0.0699999999998128 0
12627 0.8299999999978602 0.05999999999983895 0
12628 0.8299999999976405 0.2599999999994317 0
12629 0.8399999999976495 0.2699999999994267 0
12630 0.8299999999976601 0.2799999999994014 0
12631 1.01999999999826 0.4299999999999887 0
12632 0.6199999999984731 0.02999999999991693 0
12633 0.6099999999985015 0.03999999999988949 0
12634 0.5999999999985313 0.02999999999991662 0
12635 0.6099999999985029 0.01999999999994407 0
12636 0.8600000000028625 0.7099999999999274 0
12637 0.01000000000003912 0.9799999999999178 0
12638 0.01000000000003595 0.9599999999998363 0
12639 1.57000000000072 0.6000000000017196 0
12640 1.580000000000682 0.6100000000016879 0
12641 1.570000000000677 0.6200000000017416 0
12642 1.140000000003225 0.8100000000011454 0
12643 0.9299999999976227 0.259999999999744 0
12644 0.9399999999976218 0.2699999999997846 0
12645 0.9199999999976338 0.269999999999686 0
12646 0.3200000000000895 0.4100000000003008 0
12647 0.3100000000000728 0.4200000000005879 0
12648 0.3000000000000997 0.4100000000006651 0
12649 0.5899999999985605 0.03999999999988914 0
12650 0.5999999999985297 0.04999999999986288 0
12651 0.589999999998559 0.05999999999983621 0
12652 0.5799999999985899 0.04999999999986247 0
12653 1.339999999998263 0.01000000000002439 0
12654 1.810000000000227 0.5599999999993852 0
12655 1.4700000000009 0.980000000000135 0
12656 1.460000000000967 0.9700000000002016 0
12657 1.470000000000896 0.960000000000268 0
12658 1.480000000000829 0.9700000000002014 0
12659 0.9100000000029664 0.7200000000002195 0
12660 0.9200000000030031 0.7300000000002667 0
12661 0.9100000000030088 0.7400000000001883 0
12662 1.390000000001431 0.9200000000005242 0
12663 1.380000000001494 0.9100000000005855 0
12664 1.390000000001426 0.9000000000006462 0
12665 1.400000000001363 0.9100000000005849 0
12666 0.9399999999990091 0.4699999999998273 0
12667 0.9499999999986304 0.4599999999997768 0
12668 0.959999999999211 0.4699999999999904 0
12669 0.7300000000028005 0.7799999999994832 0
12670 1.510000000000895 0.5600000000017675 0
12671 1.510000000000868 0.5800000000019037 0
12672 0.8500000000029646 0.7599999999998416 0
12673 0.9199999999995816 0.4899999999998542 0
12674 0.299999999999442 0.1499999999996379 0
12675 0.2799999999993001 0.149999999999465 0
12676 1.649999999999665 0.7800000000010319 0
12677 1.659999999999616 0.7900000000009593 0
12678 1.64999999999959 0.8000000000009574 0
12679 1.029999999997702 0.260000000000152 0
12680 0.7500000000027922 0.7399999999995009 0
12681 0.3699999999992081 0.01999999999994481 0
12682 0.3799999999991823 0.02999999999991764 0
12683 0.3599999999992426 0.02999999999991956 0
12684 1.259999999998052 0.01000000000002451 0
12685 1.510000000000623 0.9800000000001351 0
12686 1.500000000000691 0.9700000000002016 0
12687 1.51000000000062 0.9600000000002678 0
12688 1.520000000000552 0.9700000000002011 0
12689 1.410000000000665 0.6200000000019147 0
12690 1.420000000000574 0.6300000000018768 0
12691 0.5800000000024147 0.98999999999996 0
12692 0.8100000000025793 0.5999999999997563 0
12693 0.8200000000026139 0.6099999999997975 0
12694 0.8100000000026257 0.6199999999997429 0
12695 0.8000000000025911 0.6099999999997017 0
12696 0.6300000000008315 0.4999999999991926 0
12697 0.9599999999975379 0.1899999999999261 0
12698 0.9699999999975308 0.1799999999999712 0
12699 1.840000000000259 0.509999999999197 0
12700 1.820000000000296 0.5099999999992618 0
12701 1.830000000000294 0.4999999999992283 0
12702 1.400000000000961 0.5500000000019833 0
12703 1.410000000000877 0.5400000000019252 0
12704 1.420000000000957 0.5500000000019991 0
12705 1.410000000001042 0.5600000000020573 0
12706 1.179999999997841 0.01000000000002397 0
12707 1.949999999999859 0.8999999999997159 0
12708 1.949999999999847 0.9199999999997641 0
12709 0.81999999999787 0.1299999999996714 0
12710 0.809999999997894 0.1399999999996482 0
12711 0.7999999999979475 0.1299999999996698 0
12712 0.8099999999979235 0.119999999999693 0
12713 1.2400000000025 0.9700000000002014 0
12714 1.260000000002363 0.9700000000002016 0
12715 1.25000000000243 0.980000000000135 0
12716 1.709999999999504 0.8200000000006041 0
12717 1.699999999999536 0.8100000000006986 0
12718 1.709999999999612 0.800000000000664 0
12719 0.9399999999975572 0.2099999999998257 0
12720 0.949999999997547 0.1999999999998769 0
12721 1.749999999999832 0.7800000000003813 0
12722 1.749999999999929 0.7600000000003668 0
12723 0.9299999999975433 0.1999999999997886 0
12724 0.9299999999975239 0.1799999999998036 0
12725 0.9399999999975311 0.1899999999998378 0
12726 1.40000000000063 0.530000000001721 0
12727 1.420000000000665 0.530000000001758 0
12728 0.9700000000039333 0.9400000000001141 0
12729 1.840000000000048 0.6299999999994162 0
12730 0.2099999999998082 0.5000000000013138 0
12731 0.1999999999998597 0.4900000000013213 0
12732 1.190000000002843 0.980000000000135 0
12733 1.180000000002912 0.9700000000002016 0
12734 1.190000000002843 0.960000000000268 0
12735 1.200000000002774 0.9700000000002014 0
12736 0.9100000000028436 0.6600000000003132 0
12737 0.9200000000028812 0.6700000000003676 0
12738 0.9100000000028916 0.6800000000002819 0
12739 0.8300000000027086 0.639999999999828 0
12740 1.730000000000304 0.6199999999997358 0
12741 1.740000000000262 0.6299999999996826 0
12742 1.730000000000272 0.6399999999997986 0
12743 1.160000000003052 0.9700000000002014 0
12744 1.170000000002982 0.9600000000002679 0
12745 1.170000000002982 0.980000000000135 0
12746 0.9399999999976584 0.3299999999997296 0
12747 0.929999999997668 0.3399999999996685 0
12748 1.670000000000528 0.5599999999998764 0
12749 1.110000000003399 0.9800000000001348 0
12750 1.100000000003471 0.9700000000002003 0
12751 1.110000000003404 0.9600000000002665 0
12752 1.120000000003333 0.970000000000201 0
12753 0.2000000000001899 0.3900000000011272 0
12754 0.9199999999978676 0.409999999999535 0
12755 0.9299999999978554 0.3999999999995979 0
12756 1.400000000000925 0.59000000000201 0
12757 1.410000000000981 0.5800000000020328 0
12758 1.420000000000896 0.5900000000019995 0
12759 1.410000000000839 0.6000000000019767 0
12760 1.970000000000077 0.2999999999992591 0
12761 1.960000000000101 0.2899999999992878 0
12762 1.970000000000076 0.2799999999993209 0
12763 1.980000000000052 0.2899999999992922 0
12764 0.969999999998056 0.4199999999997678 0
12765 0.3299999999995121 0.1999999999996062 0
12766 0.3199999999995166 0.1899999999996222 0
12767 0.8799999999979471 0.4499999999993184 0
12768 0.889999999997912 0.4399999999993655 0
12769 1.719999999999468 0.8300000000005122 0
12770 1.699999999999439 0.8300000000006351 0
12771 1.689999999999392 0.840000000000651 0
12772 1.679999999999432 0.8300000000007353 0
12773 1.689999999999479 0.8200000000007193 0
12774 1.460000000000275 0.7100000000015668 0
12775 1.470000000000237 0.7000000000016005 0
12776 1.480000000000195 0.7100000000015554 0
12777 1.470000000000233 0.7200000000015216 0
12778 0.9299999999975328 0.09999999999986789 0
12779 0.1599999999997745 0.5100000000015728 0
12780 0.1699999999998205 0.5000000000014946 0
12781 0.1799999999997662 0.5100000000014884 0
12782 0.1699999999997202 0.5200000000015665 0
12783 0.8300000000025949 0.5999999999998595 0
12784 0.8300000000026477 0.6199999999998433 0
12785 1.460000000000962 0.950000000000333 0
12786 1.480000000000823 0.9500000000003324 0
12787 0.9399999999975142 0.1699999999998503 0
12788 1.780000000000167 0.6299999999995447 0
12789 1.760000000000213 0.629999999999592 0
12790 1.770000000000207 0.6199999999995769 0
12791 0.3399999999995573 0.5700000000009515 0
12792 0.3299999999995256 0.5800000000009895 0
12793 0.3199999999995333 0.570000000001069 0
12794 0.8199999999978935 0.08999999999976405 0
12795 0.8099999999979305 0.0999999999997396 0
12796 0.8099999999979253 0.07999999999978746 0
12797 0.9299999999976037 0.2399999999997593 0
12798 0.9199999999975912 0.2299999999997207 0
12799 0.9299999999975741 0.2199999999997744 0
12800 0.2600000000002241 0.3100000000002812 0
12801 0.2400000000002391 0.3100000000006071 0
12802 0.250000000000216 0.3000000000003448 0
12803 1.820000000000345 0.4699999999992618 0
12804 1.830000000000335 0.4599999999992392 0
12805 1.84000000000031 0.469999999999212 0
12806 1.83000000000032 0.4799999999992346 0
12807 1.570000000000205 0.9800000000001344 0
12808 1.560000000000274 0.9700000000002007 0
12809 1.580000000000134 0.9700000000001993 0
12810 0.9299999999977731 0.3799999999996225 0
12811 0.9199999999977209 0.3699999999995836 0
12812 0.9299999999977098 0.3599999999996459 0
12813 0.939999999997762 0.369999999999685 0
12814 0.7400000000030789 0.9899999999999607 0
12815 0.720000000002996 0.9899999999999601 0
12816 0.7000000000029131 0.9899999999999598 0
12817 0.6800000000028299 0.98999999999996 0
12818 0.6400000000026635 0.9899999999999598 0
12819 0.6200000000025806 0.98999999999996 0
12820 0.6000000000024976 0.9899999999999599 0
12821 0.6899999999982741 0.03999999999989018 0
12822 0.6999999999982474 0.04999999999986414 0
12823 0.6899999999982764 0.05999999999983811 0
12824 0.6799999999983033 0.04999999999986415 0
12825 0.8000000000033274 0.989999999999962 0
12826 0.7800000000032443 0.9899999999999616 0
12827 0.7600000000031618 0.9899999999999609 0
12828 0.2200000000001818 0.3900000000010765 0
12829 1.920000000000109 0.5099999999989673 0
12830 1.940000000000074 0.5099999999988799 0
12831 0.7900000000018369 0.5399999999996026 0
12832 0.7900000000023611 0.5599999999996652 0
12833 0.7800000000021137 0.5499999999995911 0
12834 0.8200000000026675 0.6299999999997832 0
12835 0.1600000000001049 0.4300000000013143 0
12836 0.150000000000078 0.4400000000013686 0
12837 0.8499999999976633 0.2799999999994331 0
12838 0.8599999999976743 0.2899999999994409 0
12839 0.8499999999976835 0.2999999999994072 0
12840 0.8399999999976724 0.2899999999993994 0
12841 0.9499999999975219 0.179999999999887 0
12842 0.9499999999975061 0.1599999999998964 0
12843 0.9599999999975138 0.1699999999999331 0
12844 1.690000000000377 0.6400000000004261 0
12845 1.700000000000332 0.6500000000003221 0
12846 1.690000000000336 0.6600000000006176 0
12847 0.8699999999977072 0.1199999999997213 0
12848 0.869999999997731 0.099999999999761 0
12849 0.8799999999976841 0.1099999999997521 0
12850 1.900000000000218 0.2899999999992875 0
12851 1.9100000000002 0.2799999999993208 0
12852 1.920000000000184 0.2899999999992815 0
12853 0.9399999999975071 0.08999999999990019 0
12854 0.9199999999976174 0.2499999999997037 0
12855 1.680000000000493 0.5699999999998873 0
12856 0.829999999997737 0.3599999999992972 0
12857 0.8399999999977339 0.369999999999298 0
12858 0.8299999999977468 0.3799999999992726 0
12859 0.8199999999977499 0.3699999999992717 0
12860 0.949999999997633 0.2999999999998073 0
12861 0.9499999999976507 0.3199999999997888 0
12862 0.8400000000017452 0.5499999999998049 0
12863 0.8300000000022085 0.5599999999998323 0
12864 0.8399999999978327 0.02999999999991796 0
12865 0.8299999999978611 0.03999999999989058 0
12866 0.8199999999978904 0.02999999999991702 0
12867 0.829999999997862 0.0199999999999444 0
12868 1.410000000001314 0.9800000000001351 0
12869 1.40000000000138 0.9700000000002016 0
12870 1.410000000001309 0.9600000000002681 0
12871 1.420000000001242 0.9700000000002016 0
12872 0.9799999999975229 0.1700000000000132 0
12873 0.899999999997898 0.429999999999418 0
12874 0.9099999999978796 0.4199999999994753 0
12875 0.6600000000027468 0.98999999999996 0
12876 0.9099999999976098 0.2399999999996708 0
12877 0.9700000000032024 0.7800000000005045 0
12878 0.9700000000032657 0.8000000000004548 0
12879 0.9600000000032238 0.790000000000409 0
12880 0.7899999999979783 0.0199999999999442 0
12881 0.7999999999979488 0.02999999999991688 0
12882 0.7899999999979785 0.03999999999988988 0
12883 0.7799999999980082 0.0299999999999172 0
12884 1.609999999999868 0.7400000000012918 0
12885 1.619999999999815 0.7500000000012326 0
12886 0.8700000000026297 0.6000000000001084 0
12887 0.8700000000026908 0.6200000000000863 0
12888 1.689999999999359 0.9600000000002034 0
12889 1.679999999999407 0.9500000000002637 0
12890 1.689999999999337 0.9400000000002897 0
12891 1.24999999999841 0.3400000000003069 0
12892 1.249999999998458 0.3600000000002902 0
12893 0.8599999999977668 0.08999999999977371 0
12894 0.8699999999977417 0.0799999999998032 0
12895 0.879999999997706 0.0899999999997905 0
12896 1.760000000000244 0.2899999999999662 0
12897 0.8700000000027518 0.6400000000000626 0
12898 0.8200000000023837 0.5699999999998016 0
12899 0.810000000002516 0.5799999999997666 0
12900 0.8000000000024382 0.5699999999997151 0
12901 0.2899999999994367 0.01999999999995067 0
12902 0.2999999999994105 0.02999999999992546 0
12903 0.2899999999994382 0.0399999999999054 0
12904 0.2799999999994643 0.02999999999993061 0
12905 0.2700000000001385 0.40000000000091 0
12906 0.2600000000001627 0.3900000000009403 0
12907 1.249999999998499 0.3800000000002705 0
12908 0.689999999998272 0.01999999999994435 0
12909 0.6999999999982442 0.02999999999991722 0
12910 0.6799999999983017 0.02999999999991731 0
12911 0.9499999999974962 0.1399999999999043 0
12912 1.730000000000474 0.4999999999996236 0
12913 0.8300000000025114 0.5799999999998677 0
12914 0.820000000002554 0.58999999999981 0
12915 0.2600000000002196 0.3500000000006908 0
12916 0.2500000000002154 0.3600000000008734 0
12917 0.9900000000026263 0.5600000000011864 0
12918 0.9800000000025696 0.5500000000010931 0
12919 1.030000000002762 0.6200000000014171 0
12920 1.020000000002743 0.6100000000013598 0
12921 1.030000000002714 0.6000000000014672 0
12922 1.040000000002733 0.6100000000015245 0
12923 0.7699999999980389 0.03999999999989011 0
12924 0.759999999998068 0.02999999999991718 0
12925 0.7699999999980371 0.01999999999994428 0
12926 1.520000000000759 0.510000000000656 0
12927 1.750000000000254 0.6199999999996368 0
12928 0.9199999999977846 0.3899999999995596 0
12929 0.869999999997849 0.439999999999292 0
12930 0.8599999999977948 0.4299999999992718 0
12931 0.8699999999977801 0.4199999999993157 0
12932 0.8799999999978344 0.4299999999993358 0
12933 0.9099999999976324 0.2599999999996518 0
12934 0.8999999999976247 0.2499999999996189 0
12935 0.8899999999976691 0.2999999999995258 0
12936 0.8799999999976691 0.2899999999994995 0
12937 0.8899999999976573 0.2799999999995489 0
12938 0.8999999999976573 0.2899999999995752 0
12939 1.400000000001374 0.9500000000003329 0
12940 1.880000000000184 0.5099999999990975 0
12941 1.890000000000182 0.4999999999990741 0
12942 1.900000000000146 0.5099999999990429 0
12943 0.86999999999768 0.2999999999994576 0
12944 1.009999999998323 0.4399999999999589 0
12945 0.8899999999978204 0.4199999999993883 0
12946 0.8799999999977679 0.40999999999936 0
12947 0.8899999999977557 0.3999999999994125 0
12948 0.8999999999978083 0.4099999999994408 0
12949 1.910000000000192 0.4599999999989919 0
12950 1.910000000000199 0.4399999999989905 0
12951 1.920000000000176 0.4499999999989515 0
12952 0.9299999999992694 0.4799999999998372 0
12953 1.83000000000005 0.6399999999994512 0
12954 1.820000000000085 0.6299999999994688 0
12955 0.1999999999997609 0.5100000000013938 0
12956 0.1899999999997134 0.5200000000014788 0
12957 0.1899999999998137 0.5000000000014033 0
12958 1.600000000000699 0.5500000000006648 0
12959 1.509999999998641 0.3200000000003602 0
12960 0.9099999999977962 0.3999999999995005 0
12961 0.8999999999977438 0.3899999999994651 0
12962 0.9099999999977322 0.3799999999995242 0
12963 0.8099999999984165 0.4799999999992226 0
12964 0.7999999999981992 0.4699999999991986 0
12965 0.8099999999979262 0.4599999999991773 0
12966 0.8199999999981435 0.4699999999992014 0
12967 0.8899999999975579 0.1999999999996402 0
12968 1.979999999999949 0.8499999999996051 0
12969 1.969999999999923 0.8599999999996297 0
12970 1.920000000000019 0.569999999999009 0
12971 1.93000000000016 0.4399999999989322 0
12972 1.930000000000153 0.4599999999989137 0
12973 1.560000000000417 0.6700000000016333 0
12974 1.570000000000488 0.6600000000016488 0
12975 1.580000000000412 0.6700000000015995 0
12976 1.570000000000342 0.680000000001584 0
12977 0.9100000000027413 0.6200000000003765 0
12978 0.9200000000027777 0.6300000000004349 0
12979 0.9100000000027921 0.640000000000345 0
12980 0.7099999999981959 0.1799999999995708 0
12981 0.7099999999981388 0.1999999999995318 0
12982 0.6999999999982001 0.1899999999995518 0
12983 1.009999999998898 0.4600000000001561 0
12984 1.050000000003639 0.860000000000729 0
12985 1.060000000003618 0.8700000000007198 0
12986 1.050000000003667 0.8800000000006394 0
12987 0.1400000000000461 0.4500000000014357 0
12988 0.8499999999976988 0.3199999999993812 0
12989 0.859999999997701 0.3299999999993903 0
12990 0.8499999999977115 0.339999999999357 0
12991 0.8399999999977092 0.329999999999348 0
12992 0.3499999999992933 0.07999999999980206 0
12993 0.3599999999992711 0.08999999999977783 0
12994 0.3499999999993034 0.0999999999997607 0
12995 0.3399999999993256 0.08999999999978492 0
12996 1.760000000000312 0.5699999999995993 0
12997 0.9499999999976252 0.2799999999998246 0
12998 0.9500000000030022 0.7200000000004931 0
12999 0.9400000000030193 0.7300000000003997 0
13000 0.4399999999989994 0.009999999999971096 0
13001 0.459999999998941 0.009999999999971195 0
13002 0.2500000000001867 0.3800000000009574 0
13003 0.2400000000002068 0.3700000000009883 0
13004 0.419999999999058 0.00999999999997132 0
13005 0.429999999999029 0.01999999999994242 0
13006 0.1800000000000984 0.4300000000012446 0
13007 0.2000000000000915 0.4300000000011733 0
13008 0.1900000000000656 0.4400000000012227 0
13009 0.8099999999977726 0.3999999999992291 0
13010 0.8199999999977674 0.4099999999992233 0
13011 0.8099999999977802 0.4199999999992062 0
13012 0.7999999999977854 0.409999999999212 0
13013 1.590000000000702 0.4799999999999418 0
13014 1.560000000000102 0.7100000000014917 0
13015 1.570000000000173 0.7000000000015132 0
13016 1.960000000000057 0.1099999999998354 0
13017 1.970000000000039 0.09999999999985063 0
13018 1.980000000000033 0.1099999999998076 0
13019 1.709999999999734 0.780000000000719 0
13020 1.65000000000061 0.5199999999997849 0
13021 1.640000000000635 0.5099999999997902 0
13022 1.800000000000124 0.6299999999995081 0
13023 1.790000000000162 0.6199999999995327 0
13024 1.690000000000107 0.7200000000009458 0
13025 0.8699999999976976 0.3399999999994081 0
13026 0.8699999999976906 0.3199999999994325 0
13027 0.8799999999976873 0.3299999999994504 0
13028 1.59000000000059 0.4599999999999314 0
13029 1.580000000000626 0.4699999999999812 0
13030 0.2099999999985682 0.01999999999892418 0
13031 0.1999999999985841 0.009999999998940199 0
13032 0.8899999999976381 0.2599999999995721 0
13033 0.8999999999976447 0.2699999999995973 0
13034 1.690000000000209 0.700000000000903 0
13035 0.8599999999976902 0.3099999999994152 0
13036 0.8799999999976805 0.309999999999475 0
13037 0.839999999997828 0.08999999999976718 0
13038 0.8299999999978607 0.09999999999974191 0
13039 1.900000000000202 0.4699999999990397 0
13040 1.890000000000211 0.4799999999990765 0
13041 1.880000000000239 0.4699999999991124 0
13042 0.9700000000029734 0.700000000000695 0
13043 0.9600000000029869 0.7100000000005888 0
13044 1.890000000000239 0.4199999999990425 0
13045 1.90000000000022 0.4299999999990188 0
13046 0.8599999999978813 0.4499999999992513 0
13047 0.5499999999986798 0.05999999999983444 0
13048 0.53999999999871 0.06999999999980833 0
13049 0.2199999999994099 0.6100000000014741 0
13050 0.2299999999994347 0.6000000000014445 0
13051 0.2399999999994078 0.6100000000013508 0
13052 0.229999999999383 0.6200000000013806 0
13053 0.2900000000000829 0.42000000000086 0
13054 0.3000000000000516 0.4300000000008334 0
13055 0.2900000000000292 0.4400000000009501 0
13056 0.04999999999997674 0.4800000000018301 0
13057 0.04000000000000431 0.4700000000018408 0
13058 1.640000000000516 0.6300000000012426 0
13059 1.65000000000051 0.6200000000009915 0
13060 1.66000000000047 0.6300000000009296 0
13061 1.7800000000002 0.6099999999995553 0
13062 1.630000000000343 0.680000000001413 0
13063 1.55000000000081 0.5600000000015637 0
13064 0.4199999999991227 0.1499999999996285 0
13065 0.4099999999991648 0.1599999999996136 0
13066 0.3999999999991912 0.1499999999996378 0
13067 1.680000000000259 0.6900000000009907 0
13068 1.670000000000311 0.6800000000010696 0
13069 0.4999999999999104 0.4699999999992324 0
13070 0.509999999999905 0.4599999999992306 0
13071 0.5199999999999885 0.4699999999992208 0
13072 0.509999999999994 0.4799999999992227 0
13073 0.4899999999988571 0.05999999999983181 0
13074 0.499999999998828 0.06999999999980588 0
13075 0.4899999999988608 0.07999999999977989 0
13076 0.4799999999988898 0.06999999999980583 0
13077 0.1499999999997301 0.5200000000016397 0
13078 0.1399999999997846 0.5100000000016442 0
13079 0.149999999999829 0.5000000000015774 0
13080 0.4499999999999029 0.4599999999993052 0
13081 0.4599999999998895 0.4699999999992895 0
13082 0.4499999999998761 0.479999999999345 0
13083 1.030000000003286 0.7800000000009386 0
13084 1.0200000000033 0.7900000000008399 0
13085 0.9900000000028304 0.6400000000010121 0
13086 1.000000000002853 0.6500000000010806 0
13087 0.990000000002881 0.660000000000964 0
13088 0.1899999999994465 0.6000000000015913 0
13089 0.1999999999994163 0.6100000000015513 0
13090 0.1899999999993973 0.6200000000015456 0
13091 0.2099999997918298 0.1999999997919315 0
13092 0.909999999997646 0.2799999999996315 0
13093 1.590000000000678 0.6000000000015646 0
13094 1.580000000000712 0.5900000000015833 0
13095 0.9700000000026239 0.5600000000009895 0
13096 0.9800000000026475 0.5700000000010674 0
13097 0.9700000000026713 0.5800000000009531 0
13098 1.090000000003469 0.8400000000009402 0
13099 1.090000000003468 0.8600000000008374 0
13100 1.080000000003518 0.8500000000008699 0
13101 1.640000000000547 0.6100000000010155 0
13102 1.129999999998465 0.4000000000001638 0
13103 0.8599999999994863 0.50999999999948 0
13104 1.000000000003347 0.8100000000006382 0
13105 0.9900000000033706 0.820000000000539 0
13106 0.9800000000033136 0.8100000000004969 0
13107 0.9000000000030763 0.7700000000000853 0
13108 0.8900000000030907 0.7800000000000197 0
13109 1.630000000000513 0.6400000000014068 0
13110 1.630000000000444 0.6600000000014317 0
13111 0.8500000000021178 0.5599999999999279 0
13112 0.840000000002336 0.5699999999998984 0
13113 1.700000000000395 0.6099999999999703 0
13114 1.690000000000408 0.6200000000002248 0
13115 0.9900000000026705 0.580000000001146 0
13116 1.000000000002697 0.5900000000012215 0
13117 0.9900000000027218 0.6000000000011027 0
13118 0.9800000000026952 0.590000000001027 0
13119 1.780000000000369 0.5099999999994521 0
13120 1.770000000000373 0.5199999999995089 0
13121 1.760000000000406 0.509999999999533 0
13122 1.770000000000402 0.4999999999994764 0
13123 0.3999999999993524 0.2499999999994735 0
13124 0.3799999999994386 0.2499999999994927 0
13125 1.710000000000383 0.5999999999998322 0
13126 1.720000000000344 0.6099999999997765 0
13127 1.700000000000231 0.6900000000007014 0
13128 1.690000000000281 0.6800000000007891 0
13129 0.8499999999977212 0.3599999999993317 0
13130 0.8599999999977161 0.3699999999993406 0
13131 0.8499999999977288 0.3799999999993069 0
13132 0.239999999999543 0.02999999999992763 0
13133 0.2199999999994526 0.02999999999980628 0
13134 0.9300000000003208 0.5000000000001124 0
13135 1.760000000000245 0.6099999999996042 0
13136 1.740000000000294 0.609999999999671 0
13137 0.9300000000028127 0.6400000000004954 0
13138 0.9400000000028497 0.6500000000005538 0
13139 0.9300000000028665 0.6600000000004597 0
13140 0.9200000000028294 0.6500000000004013 0
13141 1.060000000000827 0.4900000000013301 0
13142 1.05000000000125 0.5000000000014229 0
13143 1.989999999999971 0.9199999999997857 0
13144 1.989999999999972 0.899999999999734 0
13145 1.549999999999899 0.800000000001132 0
13146 1.539999999999939 0.7900000000011846 0
13147 1.559999999999846 0.7900000000011682 0
13148 0.9400000000029791 0.7100000000004392 0
13149 0.9300000000029902 0.7200000000003517 0
13150 0.9200000000029647 0.7100000000003003 0
13151 1.680000000000329 0.6700000000008823 0
13152 1.050000000002698 0.6000000000016235 0
13153 1.04000000000269 0.5900000000015755 0
13154 1.05000000000266 0.5800000000016746 0
13155 1.060000000002669 0.5900000000017226 0
13156 1.989999999999974 0.8599999999996311 0
13157 1.070000000002832 0.640000000001637 0
13158 1.060000000002785 0.6300000000016135 0
13159 1.070000000002746 0.620000000001697 0
13160 1.080000000002793 0.6300000000017204 0
13161 0.3099999999996342 0.2199999999995766 0
13162 0.3099999999997554 0.2399999999995784 0
13163 0.8600000000016237 0.5499999999998944 0
13164 1.72000000000028 0.6499999999999757 0
13165 0.4199999999999678 0.530000000000007 0
13166 0.4699999999989118 0.01999999999994238 0
13167 0.4799999999988825 0.009999999999971188 0
13168 0.1700000000000724 0.4400000000012955 0
13169 0.2699999999999702 0.4600000000010395 0
13170 0.279999999999927 0.470000000001036 0
13171 1.12999999999865 0.4200000000001957 0
13172 0.9800000000029054 0.6700000000008495 0
13173 0.9700000000029282 0.6800000000007403 0
13174 1.630000000000556 0.6200000000012817 0
13175 1.700000000000104 0.3500000000000179 0
13176 1.689999999999872 0.3400000000001302 0
13177 1.550000000000171 0.7000000000015407 0
13178 1.550000000000035 0.7200000000014661 0
13179 1.990000000000018 0.1199999999997828 0
13180 1.990000000000014 0.09999999999982369 0
13181 0.2399999999886724 0.1099999999888788 0
13182 0.2499999999961793 0.09999999999643394 0
13183 0.2499999999915075 0.119999999991708 0
13184 0.6499999999983819 0.1399999999996513 0
13185 0.6599999999983563 0.149999999999631 0
13186 0.6499999999983808 0.1599999999996098 0
13187 0.6399999999984062 0.1499999999996302 0
13188 1.699999999999888 0.3300000000001258 0
13189 0.4199999999998494 0.4899999999996362 0
13190 0.4399999999998946 0.4899999999994445 0
13191 1.750000000000434 0.3999999999994108 0
13192 1.750000000000448 0.4199999999994021 0
13193 1.740000000000453 0.4099999999994468 0
13194 1.620000000000591 0.6100000000012822 0
13195 1.60000000000064 0.6100000000015391 0
13196 0.8599999999977483 0.4099999999992939 0
13197 0.1099968862694835 0.07999688626950763 0
13198 0.8199999999988302 0.4899999999992817 0
13199 0.07999999999982364 0.8699999999997574 0
13200 0.0899999999997653 0.8599999999997773 0
13201 1.680000000000419 0.6300000000005244 0
13202 1.910000000000144 0.4999999999990028 0
13203 1.760000000000416 0.3899999999993726 0
13204 0.9500000000027724 0.6200000000006942 0
13205 0.9600000000028062 0.6300000000007588 0
13206 0.9500000000028288 0.6400000000006556 0
13207 0.940000000002795 0.630000000000591 0
13208 0.2300000000001975 0.3800000000010429 0
13209 1.350000000000604 0.5200000000015659 0
13210 1.679999999999518 0.8100000000008053 0
13211 1.669999999999486 0.8200000000008099 0
13212 1.659999999999538 0.8100000000008862 0
13213 1.669999999999569 0.8000000000008816 0
13214 1.730000000000333 0.5999999999997118 0
13215 0.2999999999999925 0.4500000000009281 0
13216 0.2899999999999631 0.4600000000009886 0
13217 0.2799999999999998 0.4500000000010106 0
13218 0.2700000000000814 0.2799999999998358 0
13219 0.9600000000029472 0.6900000000006327 0
13220 0.9500000000029638 0.7000000000005349 0
13221 0.3799999999998207 0.4900000000001475 0
13222 0.3899999999998609 0.4799999999998574 0
13223 0.399999999999828 0.489999999999865 0
13224 0.3899999999997878 0.5000000000001551 0
13225 1.53999999999994 0.450000000000137 0
13226 1.940000000000142 0.4299999999989248 0
13227 1.920000000000182 0.4299999999989619 0
13228 0.2600000000001356 0.290000000000047 0
13229 0.3000000000001833 0.35 0
13230 0.3599999999999022 0.4700000000001833 0
13231 0.3799999999998956 0.4699999999998627 0
13232 0.3699999999998641 0.4800000000001533 0
13233 0.829999999997626 0.239999999999464 0
13234 0.8399999999976276 0.2499999999994577 0
13235 0.8199999999976388 0.2499999999994381 0
13236 0.1799999999998666 0.4900000000014102 0
13237 0.1599999999998734 0.490000000001499 0
13238 0.2800000000001386 0.2899999999998162 0
13239 0.2700000000001929 0.3000000000000274 0
13240 0.2800000000001956 0.3099999999999662 0
13241 0.2900000000001529 0.2999999999997898 0
13242 1.740000000000361 0.349999999999735 0
13243 1.73000000000036 0.3599999999997423 0
13244 1.720000000000272 0.3499999999998932 0
13245 0.2400000000001728 0.3900000000010293 0
13246 1.770000000000429 0.4399999999993695 0
13247 1.780000000000415 0.4499999999993547 0
13248 1.760000000000445 0.4499999999994122 0
13249 0.4499999999999463 0.4999999999994209 0
13250 0.3599999999996073 0.5700000000007746 0
13251 0.3799999999996988 0.570000000000543 0
13252 0.3999999999999851 0.4299999999994092 0
13253 0.3399999999996871 0.6100000000005541 0
13254 0.3299999999996451 0.6200000000005774 0
13255 0.3199999999994978 0.6100000000008556 0
13256 0.3299999999995397 0.6000000000008323 0
13257 0.8499999999979171 0.4599999999992197 0
13258 0.8499999999982421 0.4799999999992422 0
13259 0.839999999998063 0.4699999999992077 0
13260 0.3299999999997864 0.5000000000009065 0
13261 0.3399999999997406 0.5100000000008957 0
13262 1.72000000000048 0.5099999999996698 0
13263 1.700000000000518 0.5099999999996956 0
13264 0.340000000000078 0.4099999999999241 0
13265 1.720000000000371 0.5899999999997378 0
13266 0.2999999999994302 0.6100000000010105 0
13267 0.3099999999994628 0.6000000000010297 0
13268 1.560000000000259 0.6900000000015644 0
13269 1.810000000000263 0.5399999999993401 0
13270 1.820000000000226 0.5499999999993075 0
13271 1.619999999999596 0.8300000000009116 0
13272 1.609999999999639 0.8400000000008835 0
13273 1.599999999999682 0.8300000000009431 0
13274 1.609999999999639 0.8200000000009711 0
13275 1.040000000003545 0.8300000000008128 0
13276 1.030000000003581 0.8400000000007197 0
13277 0.2800000000002039 0.3500000000003463 0
13278 0.9600000000031566 0.7700000000004552 0
13279 0.9500000000031774 0.7800000000003668 0
13280 1.110000000002512 0.5400000000020811 0
13281 1.110000000002376 0.5200000000020863 0
13282 1.120000000002451 0.5300000000021181 0
13283 1.920000000000163 0.469999999998951 0
13284 1.940000000000124 0.4699999999988759 0
13285 0.8299999999976265 0.2199999999994971 0
13286 0.8399999999976154 0.2099999999995224 0
13287 1.020000000003626 0.8500000000006304 0
13288 1.010000000003665 0.8600000000005383 0
13289 1.629999999999556 0.860000000000763 0
13290 1.6199999999996 0.8500000000008239 0
13291 1.629999999999544 0.8400000000008501 0
13292 1.639999999999499 0.8500000000007892 0
13293 0.7999999999977996 0.1899999999995433 0
13294 0.809999999997788 0.1799999999995638 0
13295 0.4199999999993804 0.2899999999994025 0
13296 0.3999999999994937 0.2899999999994208 0
13297 1.560000000000551 0.6500000000016966 0
13298 1.570000000000603 0.6400000000017081 0
13299 0.8899999999976761 0.3199999999995023 0
13300 1.950000000000124 0.2999999999992533 0
13301 1.940000000000145 0.2899999999992833 0
13302 1.950000000000122 0.2799999999993179 0
13303 1.470000000000918 0.5800000000019769 0
13304 1.460000000000952 0.5700000000019949 0
13305 0.6299999999997805 0.4799999999991981 0
13306 1.669999999999378 0.8800000000005823 0
13307 1.65999999999942 0.8700000000006531 0
13308 0.2500000000001488 0.4000000000010121 0
13309 0.9400000000027426 0.6100000000006278 0
13310 0.9300000000027601 0.6200000000005305 0
13311 0.9200000000027292 0.6100000000004684 0
13312 0.81999999999783 0.1499999999996274 0
13313 0.809999999997847 0.1599999999996053 0
13314 0.799999999997911 0.1499999999996262 0
13315 1.740000000000443 0.5099999999996058 0
13316 0.3600000000000636 0.4099999999996524 0
13317 0.8299999999977541 0.3999999999992478 0
13318 0.8399999999977514 0.4099999999992484 0
13319 0.8299999999977647 0.4199999999992238 0
13320 1.649999999999458 0.8600000000007206 0
13321 1.649999999999468 0.8400000000008023 0
13322 1.010000000003805 0.9000000000003989 0
13323 1.020000000003805 0.9100000000004043 0
13324 0.169999975697578 0.0599999756977846 0
13325 0.1799999906651364 0.06999999066532291 0
13326 0.3099999999998783 0.4800000000009447 0
13327 0.3199999999998319 0.4900000000009339 0
13328 0.3599999999997394 0.510000000000709 0
13329 0.3699999999997812 0.5000000000004512 0
13330 0.3799999999997423 0.5100000000004569 0
13331 0.3699999999997006 0.5200000000007148 0
13332 0.3499999999996966 0.5200000000008911 0
13333 0.3599999999996607 0.530000000000876 0
13334 0.9700000000039654 0.9600000000000708 0
13335 0.2499999999816723 0.1399999999818122 0
13336 0.1699999999995704 0.5600000000016365 0
13337 0.1599999999996067 0.5500000000016587 0
13338 0.1699999999996352 0.5400000000016176 0
13339 1.800000000000332 0.5099999999993525 0
13340 1.81000000000033 0.4999999999992979 0
13341 1.810000000000297 0.5199999999993166 0
13342 0.28000000000011 0.4100000000008943 0
13343 0.3700000000000184 0.3399999999994208 0
13344 0.3600000000000294 0.3299999999994433 0
13345 1.550000000000494 0.6600000000016801 0
13346 1.550000000000338 0.6800000000016124 0
13347 0.2799999999995221 0.5700000000012015 0
13348 0.299999999999525 0.5700000000011396 0
13349 1.870000000000185 0.5199999999991165 0
13350 1.860000000000221 0.5099999999991469 0
13351 1.87000000000022 0.499999999999128 0
13352 0.2599999999994083 0.6100000000012111 0
13353 0.2699999999994351 0.600000000001224 0
13354 0.2799999999994137 0.6100000000010903 0
13355 0.2699999999993869 0.6200000000010775 0
13356 0.3399999999998833 0.630000000000267 0
13357 0.3499999999999634 0.620000000000222 0
13358 1.470000000000703 0.6200000000018786 0
13359 1.460000000000758 0.6100000000019166 0
13360 1.470000000000831 0.6000000000019385 0
13361 1.820000000000239 0.2299999999999401 0
13362 1.800000000000167 0.230000000000026 0
13363 1.810000000000182 0.2200000000000317 0
13364 0.6999999999982534 0.1499999999996322 0
13365 0.7099999999982296 0.1399999999996528 0
13366 0.7199999999981987 0.1499999999996317 0
13367 0.7099999999982224 0.1599999999996111 0
13368 1.549999999999937 0.8200000000010395 0
13369 1.539999999999974 0.8100000000010925 0
13370 1.559999999999863 0.810000000001079 0
13371 0.2699999999994914 0.5800000000012524 0
13372 0.2599999999995213 0.5700000000012798 0
13373 0.8299999999977221 0.3399999999993217 0
13374 0.8199999999977142 0.3299999999993207 0
13375 0.9100000000023869 0.5600000000004189 0
13376 0.920000000002553 0.5700000000005141 0
13377 0.9100000000026125 0.5800000000004315 0
13378 1.900000000000178 0.4899999999990435 0
13379 1.880000000000215 0.489999999999107 0
13380 0.3099999999994271 0.1399999999996756 0
13381 0.3199999999994376 0.1499999999996769 0
13382 0.3099999999994527 0.1599999999996392 0
13383 0.2600000000001206 0.4100000000009998 0
13384 0.2500000000001009 0.420000000001034 0
13385 0.8599999999977093 0.3499999999993655 0
13386 0.8399999999977235 0.3499999999993233 0
13387 1.590000000000729 0.5400000000006941 0
13388 0.159999999999493 0.5900000000016346 0
13389 0.1499999999994798 0.6000000000016013 0
13390 0.1399999999995132 0.5900000000016263 0
13391 1.470000000000389 0.6600000000017465 0
13392 1.460000000000446 0.6500000000017876 0
13393 1.470000000000542 0.6400000000018146 0
13394 0.8499999999976381 0.259999999999461 0
13395 0.209999999999709 0.5200000000013831 0
13396 0.3100000000000204 0.4400000000007668 0
13397 1.070000000002683 0.6000000000017509 0
13398 1.070000000002639 0.580000000001806 0
13399 1.080000000002653 0.5900000000018342 0
13400 1.710000000000514 0.4399999999995164 0
13401 1.710000000000524 0.4599999999995562 0
13402 0.8499999999976147 0.2399999999994903 0
13403 0.8399999999976134 0.2299999999994897 0
13404 0.8499999999976005 0.2199999999995214 0
13405 0.8399999999977543 0.149999999999633 0
13406 0.8299999999978191 0.1399999999996512 0
13407 0.3099999999994967 0.1799999999996157 0
13408 0.8499999999977609 0.4199999999992595 0
13409 0.8499999999978096 0.4399999999992371 0
13410 0.8399999999977757 0.4299999999992248 0
13411 0.2199999999996637 0.5300000000013665 0
13412 0.2399999999996606 0.5300000000012789 0
13413 1.780000000000304 0.2899999999997893 0
13414 1.820000000000335 0.3499999999991528 0
13415 1.800000000000356 0.3499999999992006 0
13416 1.810000000000343 0.3399999999991824 0
13417 0.8699999999977042 0.3599999999993841 0
13418 0.2200000000000834 0.4300000000011102 0
13419 0.2100000000000583 0.4400000000011535 0
13420 1.840000000000311 0.3499999999991327 0
13421 0.9700000000027207 0.6000000000009127 0
13422 0.9800000000027516 0.6100000000009845 0
13423 0.9700000000027795 0.6200000000008712 0
13424 0.9600000000027487 0.6100000000007995 0
13425 1.80000000000036 0.489999999999332 0
13426 1.790000000000366 0.4999999999993873 0
13427 1.780000000000395 0.489999999999417 0
13428 0.829999999997914 0.4599999999991904 0
13429 0.8199999999978625 0.4499999999991863 0
13430 0.8299999999977941 0.4399999999992014 0
13431 0.8399999999978454 0.4499999999992056 0
13432 0.2399999999934947 0.08999999999375383 0
13433 0.2499999999966189 0.07999999999692051 0
13434 0.2599999999993035 0.08999999999960064 0
13435 0.309999999999568 0.1999999999996095 0
13436 1.84000000000032 0.4499999999992144 0
13437 1.840000000000249 0.2299999999998425 0
13438 1.830000000000233 0.2199999999999507 0
13439 0.5199999999987661 0.02999999999991491 0
13440 0.5099999999987954 0.03999999999988663 0
13441 0.4999999999988243 0.02999999999991447 0
13442 0.5099999999987949 0.01999999999994275 0
13443 1.659999999999711 0.7700000000010302 0
13444 1.639999999999711 0.7700000000011057 0
13445 1.649999999999758 0.760000000001104 0
13446 1.460000000000293 0.7300000000014858 0
13447 1.480000000000192 0.7300000000014751 0
13448 1.470000000000251 0.7400000000014393 0
13449 0.250000000000045 0.4400000000010509 0
13450 0.2400000000000767 0.4300000000010601 0
13451 0.8399999999977417 0.3899999999992731 0
13452 0.8199999999977593 0.3899999999992473 0
13453 1.000000000001564 0.5100000000010159 0
13454 1.02000000000158 0.510000000001215 0
13455 1.750000000000411 0.5199999999995855 0
13456 1.760000000000377 0.5299999999995622 0
13457 0.03999999999977753 0.8099999999999323 0
13458 0.04999999999972132 0.7999999999999873 0
13459 0.05999999999968604 0.8099999999999303 0
13460 0.04999999999974225 0.8199999999998755 0
13461 0.9100000000029318 0.7000000000002506 0
13462 0.8199999999977355 0.3499999999992955 0
13463 0.8099999999977301 0.3399999999993004 0
13464 0.8099999999977519 0.359999999999276 0
13465 0.329999999999874 0.4800000000007776 0
13466 0.3399999999998286 0.4900000000007503 0
13467 0.2599999999970094 0.1499999999971414 0
13468 0.2699999999977954 0.1599999999979107 0
13469 1.550000000000619 0.4800000000000953 0
13470 1.550000000000288 0.4600000000000778 0
13471 1.560000000000527 0.4700000000000522 0
13472 1.910000000000173 0.4799999999989989 0
13473 0.6499999999983719 0.1799999999995699 0
13474 0.6599999999983275 0.189999999999551 0
13475 0.6499999999983396 0.1999999999995315 0
13476 0.6399999999983841 0.1899999999995504 0
13477 0.3600000000001016 0.3699999999994981 0
13478 0.3500000000001223 0.3599999999995252 0
13479 0.3099999999994345 0.1199999999997433 0
13480 0.2299999999442427 0.09999999994445044 0
13481 0.8099999999976524 0.2399999999994512 0
13482 0.7999999999976879 0.2299999999994666 0
13483 0.8199999999976391 0.2299999999994715 0
13484 1.629999999999757 0.7600000000011695 0
13485 0.1800000000000341 0.4500000000012832 0
13486 0.1600000000000415 0.4500000000013589 0
13487 0.3799999999999935 0.3499999999994001 0
13488 0.3700000000000648 0.3599999999994324 0
13489 0.3600000000000897 0.349999999999453 0
13490 1.48000000000021 0.7500000000013911 0
13491 1.570000000000746 0.5800000000016099 0
13492 1.540000000000275 0.8900000000006879 0
13493 1.550000000000152 0.8800000000007395 0
13494 1.550000000000247 0.9000000000006306 0
13495 1.690000000000529 0.519999999999719 0
13496 1.87000000000008 0.5799999999991543 0
13497 1.050000000002823 0.6400000000015145 0
13498 1.060000000002871 0.6500000000015553 0
13499 1.050000000002909 0.6600000000014565 0
13500 1.040000000002861 0.6500000000014159 0
13501 1.510000000000612 0.6400000000017844 0
13502 1.520000000000547 0.650000000001743 0
13503 0.9700000000024809 0.5400000000009939 0
13504 0.9600000000025353 0.5500000000008904 0
13505 0.6899999999982769 0.1599999999996114 0
13506 0.6799999999983051 0.1499999999996321 0
13507 0.6899999999982814 0.1399999999996529 0
13508 0.2199999999993624 0.6300000000013954 0
13509 0.2399999999993596 0.6300000000012258 0
13510 1.62999999999987 0.7400000000012419 0
13511 1.619999999999943 0.7300000000013042 0
13512 1.639999999999959 0.7300000000012472 0
13513 1.870000000000248 0.4799999999991368 0
13514 0.2399999999995211 0.5700000000013692 0
13515 0.2499999999995519 0.5600000000013076 0
13516 0.4899999999998761 0.4199999999992509 0
13517 1.899999999999718 0.8899999999996839 0
13518 0.6499999999983821 0.1199999999996946 0
13519 0.6599999999983569 0.1299999999996733 0
13520 0.639999999998407 0.1299999999996727 0
13521 1.890000000000239 0.3999999999990419 0
13522 1.880000000000257 0.3899999999990626 0
13523 1.89000000000024 0.3799999999990546 0
13524 0.5599999999996963 0.4499999999992227 0
13525 0.5499999999999086 0.4599999999992173 0
13526 0.5399999999998357 0.4499999999992264 0
13527 0.5499999999996235 0.4399999999992318 0
13528 0.200000000000028 0.4500000000012062 0
13529 0.380000000000035 0.3699999999994121 0
13530 0.7699999999985201 0.4799999999992134 0
13531 0.4999999999988242 0.009999999999971327 0
13532 0.4899999999988532 0.01999999999994252 0
13533 0.319999999999579 0.2099999999996 0
13534 0.339999999999508 0.2099999999995875 0
13535 0.980000000003117 0.7500000000006556 0
13536 0.9700000000031348 0.760000000000554 0
13537 0.849999999997739 0.3999999999992828 0
13538 1.860000000000288 0.3899999999991142 0
13539 1.870000000000272 0.3799999999990838 0
13540 0.2099999999993878 0.6200000000014916 0
13541 0.5100000000002947 0.4999999999992124 0
13542 0.3199999999999842 0.4500000000007053 0
13543 0.3099999999999563 0.4600000000008665 0
13544 1.510000000000818 0.6000000000018968 0
13545 1.520000000000767 0.6100000000018587 0
13546 1.510000000000734 0.6200000000018462 0
13547 0.3999999999998444 0.3499999999993646 0
13548 0.389999999999957 0.3599999999993788 0
13549 0.1099999999996795 0.5400000000017411 0
13550 0.09999999999966661 0.5500000000017298 0
13551 1.989999999999973 0.8799999999996825 0
13552 1.979999999999948 0.8699999999996557 0
13553 0.81999999999789 0.109999999999717 0
13554 0.7299999999978271 0.3799999999992537 0
13555 0.7199999999978187 0.3699999999992678 0
13556 0.7299999999977983 0.3599999999992768 0
13557 1.560000000000778 0.570000000001602 0
13558 0.4699999999989136 0.03999999999988613 0
13559 0.4799999999988833 0.02999999999991433 0
13560 1.860000000000275 0.4699999999991658 0
13561 1.870000000000266 0.4599999999991413 0
13562 1.599999999999935 0.7300000000013513 0
13563 0.4099999999990884 0.01999999999994306 0
13564 0.399999999999117 0.009999999999971738 0
13565 1.959999999999875 0.9299999999997968 0
13566 1.979999999999939 0.9299999999998074 0
13567 1.910000000000202 0.4199999999989903 0
13568 1.699999999999645 0.7900000000007608 0
13569 1.689999999999575 0.8000000000007846 0
13570 1.679999999999616 0.790000000000871 0
13571 0.4199999999996774 0.3499999999993381 0
13572 0.22000000000002 0.4500000000011394 0
13573 0.8199999999977829 0.4299999999992004 0
13574 0.809999999997765 0.379999999999252 0
13575 0.7999999999977783 0.3899999999992338 0
13576 0.9300000000021531 0.5400000000005557 0
13577 0.9400000000024263 0.5500000000006863 0
13578 0.9300000000025225 0.56000000000061 0
13579 0.9200000000022492 0.5500000000004794 0
13580 0.5100000000008418 0.5199999999992004 0
13581 0.1799999999996737 0.5300000000015542 0
13582 0.1999999999996677 0.530000000001463 0
13583 1.610000000000492 0.4399999999999137 0
13584 1.610000000000207 0.4200000000000199 0
13585 1.620000000000422 0.4299999999999224 0
13586 0.9800000000015214 0.5100000000008222 0
13587 0.9700000000019462 0.5200000000008649 0
13588 0.960000000001344 0.5100000000006042 0
13589 0.9099999999976264 0.01999999999995673 0
13590 0.9199999999975903 0.02999999999994233 0
13591 0.909999999997622 0.03999999999991709 0
13592 0.899999999997658 0.0299999999999315 0
13593 0.2600000000000079 0.4500000000010462 0
13594 0.8099999999977987 0.4399999999991844 0
13595 0.7999999999977958 0.4299999999991901 0
13596 0.8299999999982925 0.4799999999992187 0
13597 1.630000000000651 0.5199999999999037 0
13598 0.5499999999986785 0.01999999999994341 0
13599 0.549999999998679 0.03999999999988801 0
13600 0.539999999998708 0.02999999999991553 0
13601 1.62999999999964 0.9000000000005783 0
13602 1.820000000000325 0.4899999999992586 0
13603 1.640000000000623 0.5299999999998726 0
13604 0.9200000000015891 0.5300000000003424 0
13605 0.91000000000182 0.5400000000003149 0
13606 1.589999999999853 0.8800000000007162 0
13607 1.58999999999979 0.8600000000008146 0
13608 1.599999999999753 0.8700000000007573 0
13609 0.7299999999977728 0.3399999999993016 0
13610 0.7399999999977788 0.3499999999992869 0
13611 0.3499999999992852 0.05999999999984656 0
13612 0.3399999999993167 0.06999999999982676 0
13613 0.3499999999994956 0.2199999999995644 0
13614 1.880000000000255 0.3299999999991485 0
13615 1.890000000000239 0.3199999999991789 0
13616 0.2300000000000512 0.4400000000010945 0
13617 1.649999999999894 0.7400000000011712 0
13618 1.900000000000222 0.4099999999990173 0
13619 1.860000000000202 0.1899999999999273 0
13620 1.840000000000174 0.1900000000000157 0
13621 0.6899999999982053 0.1999999999995326 0
13622 0.679999999998261 0.189999999999552 0
13623 0.6899999999982558 0.1799999999995713 0
13624 0.6699999999978962 0.3999999999992466 0
13625 0.6799999999978962 0.4099999999992364 0
13626 0.6699999999979167 0.419999999999229 0
13627 0.6999999999981322 0.2099999999995137 0
13628 0.6899999999981263 0.2199999999994954 0
13629 0.3699999999995167 0.2599999999994905 0
13630 0.6999999999982387 0.1699999999995913 0
13631 0.7199999999981794 0.1699999999995905 0
13632 0.5400000000001091 0.4699999999992117 0
13633 0.5299999999999288 0.4599999999992229 0
13634 0.2999999999999203 0.4700000000009794 0
13635 0.6099999999981315 0.3799999999992734 0
13636 0.6199999999980569 0.3899999999992634 0
13637 0.6099999999981964 0.3999999999992552 0
13638 0.679999999998294 0.1699999999995913 0
13639 0.5099999999995394 0.3799999999992765 0
13640 0.519999999999593 0.3899999999992685 0
13641 0.5099999999997251 0.3999999999992609 0
13642 1.860000000000242 0.2299999999997299 0
13643 0.8499999999977998 0.07999999999979346 0
13644 0.7399999999981058 0.1699999999995894 0
13645 0.74999999999809 0.1599999999996089 0
13646 0.7599999999980314 0.1699999999995874 0
13647 0.7499999999980473 0.1799999999995678 0
13648 0.5999999999985172 0.1499999999996275 0
13649 0.779999999997687 0.2699999999993966 0
13650 0.7899999999976742 0.259999999999413 0
13651 0.7899999999976715 0.2799999999993799 0
13652 0.3499999999998696 0.4800000000004936 0
13653 0.3599999999998246 0.4900000000004571 0
13654 0.3499999999997836 0.5000000000007137 0
13655 0.4699999999996474 0.3799999999992826 0
13656 0.4699999999998176 0.3999999999992677 0
13657 0.4599999999997526 0.3899999999992778 0
13658 1.800000000000383 0.4299999999992899 0
13659 1.7900000000004 0.4399999999993219 0
13660 1.780000000000411 0.4299999999993278 0
13661 0.6199999999995105 0.469999999999201 0
13662 0.629999999998863 0.4599999999992073 0
13663 0.639999999999133 0.4699999999992044 0
13664 0.4499999999989772 0.05999999999983199 0
13665 0.4599999999989509 0.06999999999980594 0
13666 0.449999999998984 0.07999999999978022 0
13667 0.6599999999978918 0.3899999999992576 0
13668 0.669999999997871 0.3799999999992663 0
13669 0.55999999999865 0.04999999999986154 0
13670 0.5399999999987088 0.04999999999986091 0
13671 0.1399999999998824 0.4900000000015777 0
13672 0.7899999999978764 0.1799999999995638 0
13673 0.7899999999978076 0.1999999999995241 0
13674 0.7899999999977916 0.3999999999992222 0
13675 0.7799999999977958 0.3899999999992322 0
13676 0.7899999999977824 0.3799999999992438 0
13677 0.8499999999990102 0.4999999999993584 0
13678 0.8399999999986698 0.4899999999992838 0
13679 0.5299999999992338 0.3599999999992951 0
13680 0.5399999999992354 0.369999999999286 0
13681 0.5299999999994098 0.3799999999992765 0
13682 0.519999999999408 0.3699999999992856 0
13683 0.5299999999995859 0.3999999999992604 0
13684 0.519999999999741 0.4099999999992536 0
13685 0.3499999999992672 0.01999999999994597 0
13686 0.3499999999992759 0.03999999999989474 0
13687 1.589999999999934 0.9000000000006122 0
13688 0.4699999999992068 0.2999999999993659 0
13689 0.4699999999992713 0.319999999999342 0
13690 0.4599999999992684 0.3099999999993557 0
13691 0.4899999999988544 0.03999999999988629 0
13692 0.4699999999993426 0.33999999999932 0
13693 0.4599999999993367 0.3299999999993329 0
13694 0.5299999999988129 0.1999999999995214 0
13695 0.5299999999988703 0.2199999999994855 0
13696 0.5199999999988805 0.2099999999995022 0
13697 0.5299999999990483 0.3199999999993385 0
13698 0.5299999999991232 0.3399999999993155 0
13699 0.5199999999991505 0.3299999999993264 0
13700 0.4799999999998898 0.4699999999992518 0
13701 1.540000000000002 0.7300000000014382 0
13702 1.529999999999994 0.7400000000014051 0
13703 1.52000000000005 0.7300000000014516 0
13704 0.7799999999979453 0.1699999999995854 0
13705 0.7899999999979297 0.1599999999996056 0
13706 0.7999999999978609 0.1699999999995839 0
13707 0.5299999999989169 0.239999999999452 0
13708 0.5299999999989481 0.2599999999994204 0
13709 0.5199999999989775 0.249999999999435 0
13710 0.5299999999987373 0.03999999999988736 0
13711 0.5299999999987368 0.01999999999994307 0
13712 1.960000000000043 0.5099999999988106 0
13713 1.810000000000334 0.3199999999992752 0
13714 1.800000000000348 0.3299999999992761 0
13715 0.7699999999977765 0.3599999999992679 0
13716 0.7599999999977658 0.3499999999992818 0
13717 0.7699999999977452 0.3399999999992934 0
13718 0.5199999999987659 0.009999999999971426 0
13719 0.0499999999997154 0.6200000000012852 0
13720 0.05999999999966116 0.6300000000012194 0
13721 0.04999999999970465 0.6400000000011323 0
13722 0.03999999999975888 0.630000000001198 0
13723 0.1299999999998397 0.5000000000016486 0
13724 0.1199999999998921 0.4900000000016494 0
13725 0.4699999999998956 0.4599999999992646 0
13726 0.7299999999981732 0.1399999999996523 0
13727 0.7399999999981346 0.149999999999631 0
13728 0.7299999999981601 0.1599999999996103 0
13729 1.060000000002716 0.6100000000016692 0
13730 1.050000000002751 0.6200000000015703 0
13731 1.400000000000766 0.6100000000019508 0
13732 1.390000000000916 0.5400000000019285 0
13733 1.390000000001103 0.5600000000020666 0
13734 0.519999999998767 0.04999999999985992 0
13735 0.5099999999987972 0.05999999999983238 0
13736 0.4999999999988256 0.04999999999985909 0
13737 0.4699999999990612 0.2199999999994848 0
13738 0.4699999999990941 0.2399999999994516 0
13739 0.4599999999991051 0.2299999999994692 0
13740 0.449999999999119 0.2199999999994882 0
13741 0.449999999999149 0.2399999999994554 0
13742 0.4399999999991628 0.2299999999994744 0
13743 0.4599999999999105 0.4499999999992695 0
13744 1.960000000000084 0.4699999999988299 0
13745 1.970000000000069 0.4599999999988304 0
13746 1.980000000000043 0.4699999999987992 0
13747 0.8199999999978899 0.0499999999998639 0
13748 0.8099999999979204 0.0599999999998376 0
13749 0.7999999999979497 0.0499999999998635 0
13750 0.8099999999979193 0.03999999999988981 0
13751 0.6499999999983839 0.07999999999978746 0
13752 0.6399999999984117 0.06999999999981232 0
13753 0.6499999999983858 0.05999999999983738 0
13754 0.1499999999996442 0.540000000001678 0
13755 0.7899999999977396 0.2199999999994854 0
13756 1.360000000000803 0.5300000000017454 0
13757 1.350000000001213 0.5400000000019429 0
13758 1.880000000000201 0.189999999999814 0
13759 1.589999999999747 0.8400000000009089 0
13760 1.57999999999979 0.8300000000009657 0
13761 1.589999999999725 0.8200000000009999 0
13762 0.6999999999979456 0.2499999999994423 0
13763 0.6899999999979332 0.2599999999994259 0
13764 0.6899999999980271 0.2399999999994598 0
13765 0.3500000000001029 0.3399999999994768 0
13766 1.760000000000439 0.4299999999993829 0
13767 1.750000000000457 0.4399999999994278 0
13768 1.740000000000466 0.429999999999447 0
13769 0.3199999999994942 0.590000000001015 0
13770 1.600000000000538 0.4499999999999248 0
13771 0.7099999999982166 0.03999999999989007 0
13772 0.7199999999981903 0.04999999999986399 0
13773 0.7099999999982209 0.05999999999983806 0
13774 0.7699999999980622 0.09999999999974019 0
13775 0.7699999999980542 0.07999999999978813 0
13776 1.490000000000267 0.8000000000011622 0
13777 1.490000000000205 0.7800000000012548 0
13778 1.000000000003088 0.7300000000008716 0
13779 0.9900000000031004 0.7400000000007626 0
13780 0.6399999999982624 0.2299999999994771 0
13781 0.6299999999982646 0.2399999999994595 0
13782 0.6299999999983465 0.2199999999994943 0
13783 0.2899999999994035 0.6200000000009687 0
13784 0.3199999999999142 0.4700000000008319 0
13785 0.4199999999999606 0.4299999999993269 0
13786 0.7799999999982545 0.4699999999991986 0
13787 0.789999999997935 0.4599999999991726 0
13788 0.4699999999989281 0.09999999999973039 0
13789 0.4799999999988974 0.1099999999997067 0
13790 0.4699999999989325 0.1199999999996833 0
13791 0.459999999998963 0.109999999999707 0
13792 0.4699999999994575 0.3599999999992997 0
13793 0.4599999999994288 0.349999999999312 0
13794 0.5199999999998787 0.4499999999992308 0
13795 0.2400000000000138 0.4500000000010846 0
13796 1.1400000000031 0.6700000000017495 0
13797 1.160000000003093 0.6700000000017603 0
13798 1.150000000003158 0.6800000000017188 0
13799 0.63999999999794 0.3099999999993525 0
13800 0.6299999999979826 0.3199999999993394 0
13801 0.6199999999980592 0.3099999999993535 0
13802 0.6299999999980166 0.2999999999993665 0
13803 0.6399999999980645 0.269999999999411 0
13804 0.629999999998075 0.2799999999993955 0
13805 0.6299999999981669 0.2599999999994267 0
13806 0.3899999999997693 0.5600000000005155 0
13807 1.380000000001479 0.8500000000009329 0
13808 1.370000000001546 0.8600000000008782 0
13809 1.360000000001605 0.8500000000009332 0
13810 0.4699999999989809 0.1799999999995573 0
13811 0.4699999999990211 0.1999999999995197 0
13812 0.4599999999990343 0.1899999999995392 0
13813 0.3599999999996297 0.2699999999994909 0
13814 0.7899999999976968 0.2399999999994487 0
13815 0.7699999999977167 0.3199999999993205 0
13816 0.7799999999977258 0.3299999999993059 0
13817 0.6399999999984094 0.08999999999976352 0
13818 0.6299999999984358 0.09999999999973944 0
13819 0.6199999999984647 0.0899999999997631 0
13820 0.6299999999984383 0.07999999999978719 0
13821 0.3299999999999487 0.4600000000006035 0
13822 1.990000000000026 0.3199999999992065 0
13823 1.980000000000053 0.3099999999992333 0
13824 1.990000000000026 0.2999999999992642 0
13825 1.830000000000175 0.2000000000000166 0
13826 1.820000000000186 0.2100000000000221 0
13827 1.810000000000076 0.2000000000000791 0
13828 0.4499999999990486 0.1799999999995598 0
13829 0.4499999999990837 0.1999999999995227 0
13830 1.020000000003229 0.7700000000009051 0
13831 1.010000000003248 0.7800000000008009 0
13832 0.3199999999993783 0.08999999999979361 0
13833 0.3299999999993457 0.07999999999980874 0
13834 0.3299999999993583 0.0999999999997698 0
13835 0.3399999999999085 0.4700000000005493 0
13836 1.170000000002904 0.6400000000018705 0
13837 1.160000000002837 0.6300000000018999 0
13838 1.170000000002764 0.6200000000019372 0
13839 1.210000000002786 0.8200000000010998 0
13840 1.200000000002862 0.8100000000011515 0
13841 0.3099999999995016 0.5800000000011045 0
13842 1.979999999999994 0.04999999999994595 0
13843 0.6199999999984589 0.1499999999996293 0
13844 0.6299999999984331 0.1399999999996505 0
13845 0.629999999998432 0.1599999999996089 0
13846 0.749999999997979 0.1999999999995281 0
13847 0.7499999999978915 0.2199999999994897 0
13848 0.6999999999978246 0.2899999999993778 0
13849 0.68999999999783 0.2999999999993637 0
13850 0.6799999999978736 0.2899999999993798 0
13851 0.6899999999978681 0.2799999999993939 0
13852 0.7799999999977806 0.3699999999992548 0
13853 0.7999999999977669 0.3699999999992564 0
13854 0.6699999999978528 0.359999999999288 0
13855 0.6599999999978614 0.3499999999993005 0
13856 0.6699999999978449 0.3399999999993116 0
13857 1.970000000000073 0.439999999998875 0
13858 1.980000000000048 0.4499999999988423 0
13859 1.070000000003566 0.8600000000007939 0
13860 1.080000000003523 0.8700000000007688 0
13861 1.070000000003576 0.8800000000006947 0
13862 0.5399999999987143 0.1499999999996213 0
13863 0.5499999999986817 0.1399999999996434 0
13864 0.5499999999986839 0.1599999999996013 0
13865 1.529999999999979 0.780000000001235 0
13866 1.520000000000022 0.7700000000012843 0
13867 1.52999999999997 0.7600000000013223 0
13868 0.4699999999989513 0.1599999999995967 0
13869 0.4799999999989313 0.1699999999995764 0
13870 0.459999999999001 0.1699999999995776 0
13871 1.54000000000025 0.6900000000015889 0
13872 0.3999999999999284 0.5700000000002272 0
13873 0.3899999999998579 0.5800000000002545 0
13874 0.9600000000026968 0.5900000000008386 0
13875 0.9500000000027189 0.6000000000007331 0
13876 1.53000000000001 0.800000000001144 0
13877 0.8099999999977012 0.3199999999993272 0
13878 0.4499999999993401 0.3199999999993474 0
13879 0.449999999999271 0.299999999999371 0
13880 0.7999999999978623 0.4499999999991754 0
13881 0.8299999999978506 0.1199999999996957 0
13882 1.900000000000201 0.2299999999995496 0
13883 1.880000000000224 0.2299999999996223 0
13884 1.890000000000209 0.2199999999996297 0
13885 0.7799999999978041 0.4099999999992106 0
13886 0.7899999999977978 0.4199999999992005 0
13887 0.7599999999978239 0.4099999999992131 0
13888 0.7499999999978362 0.419999999999206 0
13889 0.7399999999978422 0.4099999999992193 0
13890 0.7499999999978297 0.3999999999992264 0
13891 0.6099999999983023 0.419999999999239 0
13892 0.7899999999979697 0.1399999999996483 0
13893 0.7799999999980165 0.1299999999996714 0
13894 0.4699999999989376 0.1399999999996387 0
13895 0.4799999999989097 0.1499999999996173 0
13896 0.4599999999989791 0.1499999999996182 0
13897 1.490000000000436 0.8400000000009663 0
13898 0.1999999999995276 0.5700000000015508 0
13899 0.2099999999995564 0.5600000000014893 0
13900 0.2199999999995234 0.5700000000014636 0
13901 0.5599999999987759 0.3099999999993525 0
13902 0.9500000000017381 0.5200000000006342 0
13903 0.9400000000010842 0.5100000000003806 0
13904 0.3099999999993814 0.01999999999994857 0
13905 0.3099999999993853 0.03999999999990039 0
13906 0.6099999999984873 0.1599999999996076 0
13907 0.6099999999984889 0.1399999999996492 0
13908 0.3099999999995568 0.5600000000011041 0
13909 1.520000000000554 0.9900000000000675 0
13910 1.530000000000484 0.9800000000001351 0
13911 1.540000000000415 0.9900000000000676 0
13912 0.5699999999989573 0.3999999999992585 0
13913 0.8599999999977721 0.0699999999998199 0
13914 0.8699999999977459 0.05999999999984822 0
13915 0.8799999999977155 0.0699999999998315 0
13916 1.430000000000775 0.8000000000011829 0
13917 1.390000000001037 0.5800000000020442 0
13918 1.390000000000882 0.6000000000019868 0
13919 1.810000000000355 0.4799999999992927 0
13920 0.6299999999984414 0.05999999999983727 0
13921 1.430000000000655 0.7800000000012779 0
13922 1.420000000000691 0.7700000000013261 0
13923 1.43000000000056 0.7600000000013691 0
13924 1.670000000000187 0.3799999999999914 0
13925 0.7599999999978925 0.4499999999991798 0
13926 0.7499999999979652 0.4599999999991786 0
13927 0.7499999999978419 0.4399999999991873 0
13928 0.6199999999984553 0.1699999999995885 0
13929 0.6399999999984021 0.1699999999995894 0
13930 0.6299999999984256 0.179999999999569 0
13931 0.4999999999994793 0.3699999999992857 0
13932 0.5099999999993481 0.3599999999992948 0
13933 0.4999999999998193 0.4099999999992545 0
13934 1.400000000001026 0.5700000000020482 0
13935 0.4799999999989011 0.1299999999996607 0
13936 0.459999999998969 0.1299999999996613 0
13937 0.6699999999983295 0.1599999999996108 0
13938 0.6699999999983151 0.1799999999995708 0
13939 0.6599999999983506 0.1699999999995902 0
13940 1.700000000000518 0.4299999999995482 0
13941 1.710000000000496 0.4199999999995332 0
13942 1.720000000000493 0.4299999999995016 0
13943 0.6799999999978523 0.3699999999992762 0
13944 0.6999999999978339 0.3699999999992727 0
13945 1.979999999999945 0.8899999999997061 0
13946 1.210000000002728 0.6200000000019459 0
13947 1.860000000000286 0.4499999999991642 0
13948 1.61000000000001 0.7200000000013638 0
13949 0.6199999999984089 0.2099999999995122 0
13950 0.629999999998401 0.1999999999995308 0
13951 0.6399999999983387 0.2099999999995129 0
13952 0.2199999999993093 0.6700000000008535 0
13953 0.2399999999993315 0.6700000000006012 0
13954 0.5399999999987077 0.009999999999971646 0
13955 0.6799999999983003 0.009999999999972208 0
13956 0.6699999999983299 0.01999999999994423 0
13957 0.6599999999983583 0.009999999999972023 0
13958 0.4699999999989229 0.07999999999977989 0
13959 0.4799999999988939 0.0899999999997551 0
13960 0.459999999998957 0.08999999999975519 0
13961 0.5099999999992236 0.3399999999993149 0
13962 0.5099999999991458 0.3199999999993375 0
13963 1.140000000002835 0.6300000000018869 0
13964 0.3999999999991379 0.06999999999981253 0
13965 0.4099999999990997 0.05999999999983549 0
13966 0.9100000000030607 0.7600000000001574 0
13967 0.9200000000030488 0.7500000000002324 0
13968 1.000000000002911 0.6700000000010304 0
13969 0.7799999999978153 0.4299999999991904 0
13970 0.7899999999978133 0.43999999999918 0
13971 0.6999999999979041 0.4299999999992145 0
13972 0.6899999999979519 0.4399999999992095 0
13973 0.6799999999979434 0.42999999999922 0
13974 0.6899999999978955 0.419999999999225 0
13975 0.6699999999983319 0.1399999999996523 0
13976 1.150000000003227 0.7200000000015614 0
13977 1.150000000003213 0.7400000000014773 0
13978 0.4499999999994144 0.3399999999993256 0
13979 0.4399999999994179 0.3299999999993401 0
13980 1.140000000002622 0.5900000000020116 0
13981 1.160000000002599 0.5900000000020262 0
13982 0.7499999999978122 0.2399999999994529 0
13983 0.7599999999977542 0.2499999999994335 0
13984 0.7499999999977596 0.2599999999994177 0
13985 0.8499999999977439 0.1399999999996616 0
13986 0.8399999999977996 0.1299999999996755 0
13987 0.8599999999977246 0.1299999999996894 0
13988 0.9300000000013862 0.5200000000003817 0
13989 0.4499999999990004 0.1199999999996845 0
13990 0.4499999999989925 0.09999999999973114 0
13991 1.100000000003421 0.8700000000008004 0
13992 0.6999999999980409 0.2299999999994772 0
13993 1.070000000002609 0.5600000000018563 0
13994 1.060000000002636 0.5700000000017726 0
13995 0.7199999999978721 0.4299999999992072 0
13996 0.7099999999978993 0.4399999999992025 0
13997 0.709999999997877 0.4199999999992192 0
13998 0.5899999999985612 0.01999999999994394 0
13999 1.56999999999985 0.760000000001282 0
14000 1.5599999999999 0.7500000000013365 0
14001 1.150000000003164 0.900000000000645 0
14002 1.540000000000179 0.8700000000007957 0
14003 1.550000000000058 0.8600000000008443 0
14004 0.429999999999183 0.2199999999994964 0
14005 0.4299999999992142 0.2399999999994646 0
14006 0.6999999999978792 0.4099999999992318 0
14007 0.9400000000019501 0.5300000000005949 0
14008 1.530000000000308 0.8800000000007449 0
14009 1.530000000000207 0.8600000000008514 0
14010 1.490000000000167 0.7600000000013436 0
14011 1.490000000000147 0.7400000000014288 0
14012 1.500000000000104 0.7500000000013812 0
14013 0.7199999999982636 0.4699999999991913 0
14014 0.7099999999986704 0.4799999999992001 0
14015 0.6999999999984656 0.4699999999992004 0
14016 0.7099999999980589 0.4599999999991915 0
14017 0.5299999999987385 0.05999999999983348 0
14018 0.5299999999987399 0.07999999999978184 0
14019 0.5199999999987684 0.06999999999980699 0
14020 0.5099999999990223 0.2599999999994187 0
14021 0.5099999999989899 0.23999999999945 0
14022 0.9100000000026924 0.6000000000004078 0
14023 1.12000000000252 0.5500000000020862 0
14024 1.110000000002554 0.56000000000203 0
14025 0.6799999999981516 0.4499999999992084 0
14026 0.6999999999980229 0.4499999999992014 0
14027 0.6899999999982226 0.4599999999992003 0
14028 1.140000000003209 0.6900000000016757 0
14029 1.160000000003167 0.6900000000016853 0
14030 1.150000000003218 0.7000000000016421 0
14031 1.390000000001453 0.9800000000001352 0
14032 1.380000000001519 0.9700000000002018 0
14033 1.390000000001446 0.9600000000002682 0
14034 0.8399999999978314 0.04999999999986562 0
14035 0.4699999999989177 0.05999999999983187 0
14036 1.330000000001845 0.9200000000005233 0
14037 1.320000000001913 0.9100000000005842 0
14038 1.33000000000183 0.9000000000006454 0
14039 0.7399999999977426 0.3099999999993409 0
14040 0.7299999999977569 0.3199999999993284 0
14041 0.7199999999977693 0.3099999999993448 0
14042 0.4499999999995312 0.359999999999306 0
14043 0.4399999999995169 0.3499999999993197 0
14044 1.170000000002638 0.6000000000020009 0
14045 0.6399999999979874 0.2899999999993808 0
14046 1.020000000002698 0.5900000000014063 0
14047 1.030000000002674 0.5800000000015146 0
14048 0.7599999999982163 0.4699999999991897 0
14049 0.7699999999979508 0.459999999999175 0
14050 0.6599999999979189 0.2899999999993801 0
14051 0.4899999999988688 0.1399999999996383 0
14052 0.4999999999988385 0.1499999999996171 0
14053 0.4899999999988793 0.159999999999596 0
14054 0.6199999999984425 0.1899999999995495 0
14055 0.1099957896556606 0.05999578965573751 0
14056 1.390000000001439 0.9400000000003981 0
14057 1.380000000001501 0.9300000000004612 0
14058 1.430000000000488 0.740000000001457 0
14059 1.130000000002384 0.5200000000021391 0
14060 1.120000000002159 0.5100000000020173 0
14061 1.130000000001952 0.500000000001946 0
14062 0.6999999999978708 0.2699999999994092 0
14063 1.49000000000015 0.7200000000015104 0
14064 1.500000000000106 0.7300000000014641 0
14065 0.4799999999988859 0.04999999999985903 0
14066 1.110000000003411 0.9200000000005171 0
14067 1.110000000003411 0.9400000000003934 0
14068 1.579999999999769 0.8100000000010565 0
14069 1.569999999999826 0.8200000000010226 0
14070 1.569999999999806 0.8000000000011129 0
14071 0.6999999999978035 0.3099999999993485 0
14072 0.6899999999978157 0.3199999999993356 0
14073 1.540000000000562 0.6500000000017261 0
14074 0.950000000002359 0.5400000000007776 0
14075 1.380000000001511 0.9500000000003332 0
14076 0.09999999999981191 0.5100000000017464 0
14077 0.1099999999998524 0.5000000000017082 0
14078 0.1199999999997974 0.5100000000017018 0
14079 0.1099999999997569 0.52000000000174 0
14080 1.709999999999276 0.8800000000004207 0
14081 1.300000000002081 0.9900000000000675 0
14082 1.310000000002012 0.980000000000135 0
14083 1.320000000001942 0.9900000000000675 0
14084 0.8499999999978022 0.05999999999984191 0
14085 0.489999999998866 0.1199999999996831 0
14086 0.4899999999988637 0.09999999999973028 0
14087 1.070000000003513 0.8200000000009806 0
14088 1.080000000003507 0.8300000000009671 0
14089 1.070000000003545 0.8400000000008887 0
14090 1.060000000003551 0.8300000000009022 0
14091 0.2499999999993823 0.6200000000012271 0
14092 1.010000000002825 0.6400000000011941 0
14093 1.020000000002855 0.6500000000012567 0
14094 1.010000000002883 0.6600000000011432 0
14095 0.3599999999993195 0.1499999999996623 0
14096 0.3399999999993867 0.1499999999996758 0
14097 0.6199999999987351 0.4499999999992145 0
14098 0.6299999999982806 0.4399999999992206 0
14099 0.6399999999984084 0.4499999999992134 0
14100 1.240000000001606 0.5300000000019329 0
14101 1.230000000002008 0.5400000000020877 0
14102 1.280000000002221 0.9900000000000675 0
14103 1.290000000002152 0.980000000000135 0
14104 0.8599999999977748 0.04999999999986861 0
14105 0.8699999999977476 0.0399999999998961 0
14106 0.8799999999977188 0.0499999999998757 0
14107 0.4199999999991417 0.1699999999995896 0
14108 0.2499999999996171 0.5400000000012648 0
14109 1.01000000000295 0.6800000000010898 0
14110 1.020000000002995 0.6900000000011466 0
14111 1.010000000003017 0.7000000000010358 0
14112 1.150000000003173 0.8000000000011989 0
14113 1.160000000003111 0.8100000000011491 0
14114 1.150000000003164 0.8200000000010956 0
14115 1.460000000000604 0.6300000000018541 0
14116 1.48000000000064 0.6300000000018391 0
14117 0.960000000002147 0.5300000000008169 0
14118 1.070000000002213 0.5200000000018643 0
14119 1.06000000000174 0.5100000000016656 0
14120 1.070000000001465 0.5000000000016427 0
14121 1.080000000001938 0.5100000000018414 0
14122 0.7699999999980447 0.05999999999983804 0
14123 1.29000000000212 0.8800000000007643 0
14124 1.290000000002099 0.8600000000008792 0
14125 0.5999999999984973 0.2099999999995107 0
14126 0.6099999999984693 0.1999999999995296 0
14127 0.4499999999997103 0.3799999999992896 0
14128 1.730000000000473 0.4199999999994664 0
14129 1.720000000000472 0.4099999999995301 0
14130 1.140000000003259 0.7100000000015976 0
14131 1.130000000003015 0.6600000000017712 0
14132 1.130000000003149 0.6800000000016992 0
14133 1.120000000003064 0.6700000000017209 0
14134 0.7199999999977745 0.3299999999993171 0
14135 1.010000000002771 0.6200000000012444 0
14136 1.000000000002749 0.610000000001176 0
14137 1.010000000002721 0.6000000000012913 0
14138 1.070000000002535 0.5400000000018972 0
14139 1.060000000002577 0.5500000000018141 0
14140 1.050000000002121 0.5200000000016851 0
14141 1.040000000001631 0.5100000000014423 0
14142 0.4199999999992687 0.2499999999994565 0
14143 1.710000000000457 0.3999999999996192 0
14144 1.130000000002584 0.5800000000020238 0
14145 1.120000000002566 0.5700000000020338 0
14146 1.130000000002522 0.5600000000020793 0
14147 0.7699999999976964 0.2799999999993811 0
14148 0.7599999999977212 0.2699999999993991 0
14149 0.7699999999977118 0.2599999999994145 0
14150 0.6399999999979342 0.3899999999992605 0
14151 0.7699999999978169 0.4199999999992013 0
14152 0.7699999999978276 0.4399999999991822 0
14153 0.7599999999978292 0.4299999999991932 0
14154 0.5499999999986812 0.1199999999996876 0
14155 0.5399999999987115 0.1099999999997101 0
14156 1.19000000000295 0.7800000000013021 0
14157 1.19000000000293 0.8000000000012033 0
14158 0.6099999999984826 0.1799999999995677 0
14159 0.7699999999977989 0.3799999999992443 0
14160 1.170000000002528 0.5800000000020606 0
14161 1.170000000002443 0.5600000000021172 0
14162 0.6199999999982873 0.4299999999992298 0
14163 0.6399999999980656 0.4299999999992267 0
14164 0.7699999999976994 0.29999999999935 0
14165 0.7599999999977094 0.2899999999993666 0
14166 0.7799999999976863 0.2899999999993644 0
14167 0.5999999999985095 0.1899999999995478 0
14168 0.619999999998027 0.3499999999993042 0
14169 0.6099999999981202 0.3599999999992934 0
14170 1.460000000000878 0.5900000000019712 0
14171 1.48000000000087 0.5900000000019443 0
14172 0.5299999999987415 0.1199999999996857 0
14173 0.5299999999987408 0.09999999999973258 0
14174 1.020000000003981 0.9900000000000504 0
14175 1.910000000000188 0.2399999999994951 0
14176 1.910000000000195 0.2599999999994094 0
14177 0.3799999999992559 0.1499999999996496 0
14178 0.3899999999992135 0.1399999999996624 0
14179 1.410000000001294 0.9000000000006456 0
14180 1.420000000001228 0.9100000000005846 0
14181 0.2999999999996232 0.2099999999995861 0
14182 1.030000000002517 0.5400000000015819 0
14183 1.030000000002067 0.5200000000014806 0
14184 1.04000000000231 0.5300000000016318 0
14185 0.8199999999978912 0.00999999999997204 0
14186 0.8399999999978331 0.009999999999972363 0
14187 1.400000000001385 0.9900000000000676 0
14188 1.420000000001247 0.9900000000000675 0
14189 0.4799999999995264 0.3699999999992889 0
14190 0.5399999999987248 0.1699999999995804 0
14191 0.5599999999986549 0.1699999999995825 0
14192 0.5499999999986958 0.1799999999995615 0
14193 1.430000000000409 0.700000000001621 0
14194 1.44000000000037 0.7100000000015774 0
14195 1.430000000000441 0.720000000001541 0
14196 1.420000000000481 0.7100000000015847 0
14197 1.880000000000257 0.3699999999990762 0
14198 1.900000000000224 0.369999999999066 0
14199 1.160000000003106 0.8300000000010439 0
14200 1.590000000000064 0.9600000000002639 0
14201 1.590000000000066 0.9800000000001341 0
14202 1.870000000000271 0.3599999999990977 0
14203 1.860000000000287 0.3699999999991054 0
14204 0.7999999999976639 0.2499999999994306 0
14205 0.9900000000027787 0.6200000000010579 0
14206 1.000000000002801 0.6300000000011293 0
14207 0.9800000000028082 0.6300000000009407 0
14208 1.020000000002794 0.6300000000013093 0
14209 0.6299999999979722 0.3399999999993146 0
14210 0.6399999999979133 0.3499999999993024 0
14211 1.060000000002333 0.5300000000018035 0
14212 0.2499999999995209 0.03999999999990515 0
14213 0.2599999999995162 0.04999999999989785 0
14214 0.2499999999991126 0.05999999999945675 0
14215 1.090000000002752 0.6200000000017913 0
14216 1.080000000002712 0.6100000000017786 0
14217 1.090000000002674 0.6000000000018495 0
14218 1.100000000002714 0.6100000000018624 0
14219 1.130000000002772 0.6200000000019035 0
14220 1.120000000002721 0.6100000000019172 0
14221 1.130000000002672 0.6000000000019645 0
14222 0.849999999997804 0.03999999999989233 0
14223 0.4999999999988337 0.1299999999996607 0
14224 0.5099999999989425 0.2199999999994834 0
14225 0.5099999999988851 0.1999999999995192 0
14226 1.990000000000026 0.3999999999989756 0
14227 1.980000000000052 0.3899999999990054 0
14228 1.990000000000026 0.3799999999990339 0
14229 0.5299999999987469 0.159999999999599 0
14230 0.5199999999987748 0.1499999999996189 0
14231 0.5299999999987421 0.1399999999996412 0
14232 1.110000000002602 0.5800000000019763 0
14233 0.8499999999978043 0.01999999999994523 0
14234 0.8599999999977757 0.0299999999999196 0
14235 0.2599999999994914 0.06999999999983221 0
14236 0.5899999999985499 0.1999999999995279 0
14237 0.5399999999989631 0.3099999999993517 0
14238 0.5499999999988502 0.2999999999993648 0
14239 1.450000000000992 0.5600000000020209 0
14240 1.450000000000939 0.5800000000020062 0
14241 1.09000000000173 0.5000000000018067 0
14242 1.100000000002114 0.5100000000019658 0
14243 1.96999999999992 0.8799999999996783 0
14244 0.4999999999988306 0.08999999999975508 0
14245 0.5299999999989953 0.2999999999993634 0
14246 0.5199999999990335 0.2899999999993763 0
14247 0.5299999999989655 0.2799999999993908 0
14248 0.5399999999989274 0.289999999999378 0
14249 0.4799999999998411 0.4099999999992593 0
14250 1.240000000002466 0.5900000000020404 0
14251 0.3899999999991482 0.01999999999994385 0
14252 0.3799999999991761 0.009999999999972115 0
14253 0.5199999999989353 0.2299999999994675 0
14254 0.599999999998223 0.369999999999284 0
14255 0.5199999999988261 0.189999999999539 0
14256 0.5299999999987675 0.1799999999995591 0
14257 0.5399999999987543 0.1899999999995415 0
14258 1.130000000002886 0.6400000000018383 0
14259 1.120000000002824 0.6300000000018549 0
14260 0.169999999999511 0.5800000000016439 0
14261 0.1799999999994783 0.5900000000016209 0
14262 1.370000000001077 0.7600000000013866 0
14263 1.990000000000025 0.4399999999988626 0
14264 1.98000000000005 0.429999999998893 0
14265 1.990000000000026 0.4199999999989179 0
14266 1.050000000002627 0.5600000000017219 0
14267 1.040000000002573 0.5500000000016581 0
14268 1.050000000002522 0.5400000000017502 0
14269 1.170000000003049 0.8400000000009913 0
14270 1.170000000003047 0.8200000000010986 0
14271 1.71000000000011 0.3400000000000222 0
14272 0.4299999999995384 0.3399999999993376 0
14273 0.639999999997918 0.3299999999993263 0
14274 1.450000000000826 0.600000000001954 0
14275 1.450000000000671 0.6200000000018931 0
14276 0.7999999999977172 0.3299999999993068 0
14277 0.6799999999978318 0.3299999999993239 0
14278 0.6599999999978625 0.3299999999993249 0
14279 0.5599999999986494 0.009999999999971766 0
14280 0.5799999999985909 0.009999999999971948 0
14281 0.7299999999981552 0.01999999999994432 0
14282 0.7199999999981836 0.009999999999972092 0
14283 0.7399999999981255 0.009999999999972226 0
14284 1.450000000001035 0.9600000000002683 0
14285 1.450000000001028 0.9400000000003981 0
14286 0.6199999999984709 0.04999999999986345 0
14287 0.6299999999984438 0.03999999999988967 0
14288 0.6399999999984143 0.04999999999986349 0
14289 0.6799999999983066 0.1299999999996744 0
14290 0.6899999999982811 0.119999999999696 0
14291 0.6999999999982558 0.1299999999996745 0
14292 0.1899999999993554 0.6400000000014565 0
14293 0.1999999999993358 0.6500000000013215 0
14294 0.1799999999993503 0.6500000000013384 0
14295 0.9300000000030322 0.7400000000003146 0
14296 0.5199999999990805 0.3099999999993502 0
14297 1.110000000002672 0.6000000000019201 0
14298 1.100000000002641 0.5900000000019199 0
14299 1.120000000002634 0.5900000000019766 0
14300 0.1999999999731828 0.02999999997350819 0
14301 1.850000000000301 0.4599999999991916 0
14302 0.7699999999978111 0.3999999999992224 0
14303 0.7599999999978143 0.3899999999992345 0
14304 1.290000000002246 0.5800000000020676 0
14305 1.28000000000224 0.5700000000020761 0
14306 1.290000000002137 0.5600000000020866 0
14307 1.990000000000026 0.2199999999995028 0
14308 1.98000000000005 0.2099999999995344 0
14309 1.990000000000025 0.1999999999995603 0
14310 0.7099999999982249 0.07999999999978835 0
14311 0.7199999999981997 0.0899999999997646 0
14312 0.7099999999982278 0.09999999999974103 0
14313 0.6999999999982529 0.08999999999976478 0
14314 0.219999999918564 0.1899999999185871 0
14315 1.820000000000319 0.309999999999278 0
14316 1.840000000000301 0.309999999999214 0
14317 1.090000000002951 0.6600000000016671 0
14318 1.080000000002888 0.6500000000016596 0
14319 1.090000000002847 0.640000000001731 0
14320 1.100000000002911 0.6500000000017385 0
14321 1.040000000002652 0.5700000000016239 0
14322 0.7199999999981954 0.06999999999981313 0
14323 0.6999999999982505 0.06999999999981327 0
14324 0.4699999999991198 0.2599999999994207 0
14325 0.4599999999991326 0.2499999999994373 0
14326 0.4599999999992075 0.2899999999993805 0
14327 0.4699999999991533 0.2799999999993921 0
14328 0.4799999999991527 0.2899999999993775 0
14329 1.2500000000025 0.6000000000020107 0
14330 1.250000000002391 0.5800000000020706 0
14331 0.6199999999984741 0.00999999999997208 0
14332 0.6399999999984163 0.009999999999972035 0
14333 0.6299999999984449 0.01999999999994411 0
14334 0.2599999999995158 0.02999999999993764 0
14335 0.7099999999982296 0.119999999999696 0
14336 0.7199999999982034 0.1299999999996742 0
14337 1.579999999999774 0.7900000000011438 0
14338 1.569999999999814 0.7800000000011991 0
14339 0.4599999999991623 0.2699999999994078 0
14340 0.4799999999991108 0.269999999999405 0
14341 0.7799999999980114 0.04999999999986404 0
14342 1.930000000000166 0.3599999999990906 0
14343 1.940000000000146 0.3699999999990649 0
14344 1.930000000000166 0.3799999999990397 0
14345 1.920000000000186 0.3699999999990653 0
14346 1.190000000002974 0.7600000000013969 0
14347 1.180000000003049 0.7500000000014415 0
14348 1.190000000003005 0.7400000000014866 0
14349 0.7699999999980596 0.1199999999996942 0
14350 0.7599999999980924 0.1099999999997176 0
14351 0.499999999998856 0.1699999999995759 0
14352 0.8499999999976042 0.1999999999995535 0
14353 1.020000000002923 0.6700000000012026 0
14354 0.4599999999995785 0.3699999999992933 0
14355 0.6199999999984603 0.1299999999996719 0
14356 0.6299999999984341 0.119999999999694 0
14357 1.230000000002697 0.7400000000014875 0
14358 1.240000000002575 0.7500000000014421 0
14359 1.230000000002663 0.7600000000013973 0
14360 1.030000000002894 0.6600000000013091 0
14361 1.030000000002822 0.6400000000013635 0
14362 0.3199999999993675 0.0699999999998331 0
14363 0.4399999999990195 0.08999999999975618 0
14364 1.729999999999217 0.9200000000002124 0
14365 0.2099999999996224 0.5400000000014462 0
14366 0.5199999999987894 0.1699999999995778 0
14367 1.770000000000399 0.3799999999993168 0
14368 0.5199999999990053 0.2699999999994046 0
14369 0.5199999999992521 0.3499999999993049 0
14370 0.4299999999990317 0.03999999999988654 0
14371 0.439999999999004 0.04999999999985895 0
14372 0.4199999999990645 0.04999999999986059 0
14373 1.669999999999785 0.7600000000010136 0
14374 1.659999999999841 0.7500000000010966 0
14375 0.3699999999992477 0.09999999999975251 0
14376 1.110000000003107 0.6800000000016624 0
14377 1.100000000003025 0.6700000000016721 0
14378 1.110000000002982 0.6600000000017306 0
14379 0.5199999999987714 0.1299999999996624 0
14380 0.5399999999987122 0.1299999999996646 0
14381 0.1899999999995009 0.5800000000015983 0
14382 1.440000000001094 0.9300000000004613 0
14383 1.450000000001021 0.9200000000005237 0
14384 1.669999999999663 0.7800000000009487 0
14385 0.6999999999978015 0.3299999999993212 0
14386 1.040000000002788 0.6300000000014714 0
14387 1.500000000000913 0.5500000000016819 0
14388 0.719999999999084 0.4899999999992168 0
14389 0.7299999999985389 0.4799999999991986 0
14390 0.6399999999984158 0.02999999999991686 0
14391 1.430000000000486 0.6400000000018393 0
14392 1.440000000000424 0.6500000000018 0
14393 1.430000000000405 0.6600000000017698 0
14394 0.4199999999990601 0.02999999999991492 0
14395 0.4599999999990715 0.2099999999995032 0
14396 0.6499999999982732 0.2199999999994948 0
14397 1.080000000001104 0.4900000000015172 0
14398 1.370000000000746 0.7000000000016435 0
14399 1.370000000000827 0.7200000000015617 0
14400 1.40000000000134 0.8500000000009307 0
14401 1.410000000001234 0.8400000000009835 0
14402 1.410000000001281 0.8600000000008754 0
14403 0.7399999999978293 0.3899999999992402 0
14404 0.4399999999990688 0.169999999999581 0
14405 0.4499999999990212 0.1599999999995989 0
14406 0.6599999999983589 0.04999999999986354 0
14407 0.669999999998331 0.03999999999988992 0
14408 1.190000000003035 0.7200000000015717 0
14409 1.190000000003064 0.7000000000016534 0
14410 0.5999999999985324 0.009999999999971988 0
14411 0.6999999999982421 0.009999999999972146 0
14412 0.7599999999980667 0.009999999999972127 0
14413 0.7799999999980078 0.009999999999972149 0
14414 0.3199999999993974 0.1099999999997572 0
14415 0.3399999999993397 0.1099999999997463 0
14416 0.6399999999984078 0.109999999999717 0
14417 0.3799999999992371 0.1299999999996873 0
14418 1.850000000000305 0.4399999999991869 0
14419 1.040000000002942 0.6700000000013583 0
14420 1.030000000002971 0.6800000000012518 0
14421 1.480000000000832 0.9900000000000675 0
14422 1.46000000000097 0.9900000000000675 0
14423 0.6799999999983052 0.08999999999976471 0
14424 0.6899999999982782 0.07999999999978841 0
14425 0.6899999999982798 0.0999999999997411 0
14426 0.5599999999986507 0.1299999999996664 0
14427 1.370000000000662 0.6600000000017955 0
14428 1.38000000000062 0.670000000001756 0
14429 1.370000000000694 0.6800000000017214 0
14430 1.360000000000736 0.670000000001761 0
14431 1.110000000002867 0.6400000000017974 0
14432 1.100000000002806 0.6300000000018019 0
14433 1.110000000002763 0.6200000000018595 0
14434 0.7799999999978859 0.4499999999991773 0
14435 0.6599999999982156 0.4499999999992113 0
14436 0.649999999998545 0.4599999999992071 0
14437 0.649999999998079 0.4399999999992175 0
14438 0.5199999999987699 0.08999999999975639 0
14439 1.910000000000184 0.2199999999995683 0
14440 1.920000000000172 0.2299999999995138 0
14441 0.6799999999983061 0.1099999999997185 0
14442 0.6999999999982548 0.1099999999997186 0
14443 0.8599999999975936 0.1899999999995828 0
14444 1.520000000000019 0.75000000000137 0
14445 1.510000000000062 0.7600000000013336 0
14446 1.510000000000062 0.7400000000014176 0
14447 0.6499999999979813 0.2799999999993951 0
14448 0.7299999999981701 0.07999999999978846 0
14449 0.7299999999981744 0.09999999999974105 0
14450 1.579999999999806 0.7700000000012273 0
14451 0.7599999999977156 0.3099999999993363 0
14452 1.200000000003004 0.6700000000017692 0
14453 1.190000000003059 0.6800000000017307 0
14454 1.18000000000307 0.6700000000017667 0
14455 1.190000000003014 0.6600000000018053 0
14456 1.430000000000394 0.6800000000016969 0
14457 0.7799999999977072 0.2499999999994311 0
14458 1.810000000000366 0.4199999999992642 0
14459 1.38000000000069 0.5300000000017503 0
14460 0.7399999999981277 0.02999999999991739 0
14461 0.7499999999980964 0.01999999999994435 0
14462 0.7099999999979549 0.2399999999994583 0
14463 0.7099999999980541 0.2199999999994942 0
14464 0.4599999999989455 0.04999999999985896 0
14465 1.940000000000132 0.1899999999996121 0
14466 1.930000000000146 0.1799999999996553 0
14467 1.840000000000317 0.3899999999991698 0
14468 1.850000000000302 0.3799999999991297 0
14469 0.3999999999991208 0.02999999999991607 0
14470 0.729999999998164 0.05999999999983822 0
14471 0.7299999999981585 0.03999999999989016 0
14472 0.659999999998357 0.08999999999976388 0
14473 0.6499999999983825 0.09999999999973994 0
14474 0.4499999999990075 0.1399999999996404 0
14475 0.439999999999039 0.1299999999996637 0
14476 1.120000000001478 0.4900000000016794 0
14477 1.110000000001896 0.5000000000018968 0
14478 1.100000000001397 0.4900000000016512 0
14479 1.930000000000166 0.299999999999249 0
14480 1.930000000000164 0.2799999999993158 0
14481 1.130000000003247 0.7000000000016257 0
14482 1.120000000003187 0.6900000000016493 0
14483 1.830000000000333 0.3999999999992012 0
14484 1.110000000003341 0.7400000000014364 0
14485 1.120000000003338 0.7500000000014122 0
14486 1.100000000003369 0.7500000000013758 0
14487 0.7299999999978475 0.3999999999992323 0
14488 1.400000000001358 0.8700000000008199 0
14489 1.410000000001292 0.8800000000007627 0
14490 1.330000000000982 0.680000000001729 0
14491 1.33000000000106 0.7000000000016506 0
14492 1.010000000003075 0.7200000000009809 0
14493 0.489999999999101 0.2799999999993897 0
14494 0.4999999999990963 0.2899999999993754 0
14495 1.440000000001088 0.9100000000005849 0
14496 1.450000000001014 0.9000000000006445 0
14497 1.639999999999811 0.7500000000011786 0
14498 0.2599999999993635 0.6300000000010193 0
14499 0.2799999999993774 0.6300000000008679 0
14500 0.7099999999977835 0.3199999999993324 0
14501 0.7099999999977892 0.2999999999993609 0
14502 0.649999999997925 0.2999999999993657 0
14503 1.120000000002938 0.6500000000017895 0
14504 0.6699999999983317 0.1199999999996954 0
14505 1.39000000000142 0.8600000000008774 0
14506 1.390000000001399 0.8400000000009862 0
14507 0.4399999999990496 0.1499999999996211 0
14508 0.7599999999980857 0.1299999999996727 0
14509 1.370000000000936 0.7400000000014761 0
14510 1.360000000000962 0.7300000000015208 0
14511 0.749999999997724 0.2999999999993531 0
14512 0.6099999999985726 0.4399999999992232 0
14513 0.5999999999985877 0.4299999999992324 0
14514 0.3699999999992593 0.1199999999997118 0
14515 0.3599999999992822 0.1099999999997367 0
14516 0.7099999999982136 0.01999999999994424 0
14517 0.7199999999981861 0.02999999999991709 0
14518 0.659999999998359 0.02999999999991684 0
14519 0.7499999999981113 0.1399999999996513 0
14520 1.480000000000384 0.8100000000011176 0
14521 0.009999999999950764 0.5400000000017933 0
14522 0.01999999999989646 0.5500000000017246 0
14523 0.009999999999945695 0.5600000000016652 0
14524 0.7999999999979495 0.009999999999972052 0
14525 0.8599999999977752 0.009999999999972864 0
14526 0.8899999999976884 0.01999999999995094 0
14527 0.8799999999977175 0.00999999999997413 0
14528 0.8999999999976585 0.009999999999976805 0
14529 1.510000000000094 0.7200000000014981 0
14530 0.7099999999978699 0.259999999999424 0
14531 1.340000000001469 0.550000000002021 0
14532 1.330000000001724 0.5600000000020786 0
14533 1.320000000001692 0.5500000000019944 0
14534 1.440000000000317 0.510000000001454 0
14535 1.430000000000516 0.5200000000016305 0
14536 0.1699999999993725 0.6400000000014356 0
14537 0.1699999999993503 0.6600000000011836 0
14538 0.1599999999993724 0.6500000000012809 0
14539 1.360000000001542 0.8100000000011451 0
14540 1.380000000001374 0.8100000000011434 0
14541 1.0500000000032 0.7400000000012008 0
14542 1.050000000003134 0.7200000000012675 0
14543 1.220000000002823 0.7300000000015308 0
14544 1.230000000002735 0.7200000000015736 0
14545 1.170000000003039 0.6600000000018003 0
14546 1.170000000003125 0.6800000000017268 0
14547 1.370000000000808 0.6200000000019321 0
14548 1.37000000000068 0.6400000000018656 0
14549 0.5099999999987994 0.0799999999997805 0
14550 0.7099999999978166 0.2799999999993915 0
14551 0.2299999999994913 0.5800000000014356 0
14552 0.1599999999996817 0.5300000000016301 0
14553 1.120000000003278 0.7100000000015757 0
14554 0.8899999999975523 0.1799999999996651 0
14555 0.879999999997564 0.1899999999996238 0
14556 0.7299999999978568 0.4199999999992126 0
14557 0.7199999999978621 0.4099999999992256 0
14558 0.04999999999979432 0.5400000000017686 0
14559 0.0499999999997672 0.5600000000016827 0
14560 0.03999999999981382 0.5500000000017227 0
14561 1.010000000003754 0.880000000000469 0
14562 1.020000000003772 0.8900000000004822 0
14563 0.6499999999978943 0.3199999999993382 0
14564 0.6599999999979709 0.4299999999992232 0
14565 1.080000000003084 0.6900000000015305 0
14566 1.09000000000306 0.6800000000016011 0
14567 1.100000000003138 0.6900000000016032 0
14568 1.200000000001713 0.5100000000019527 0
14569 1.230000000002763 0.7000000000016555 0
14570 1.230000000002788 0.6800000000017339 0
14571 1.8900000000002 0.1999999999997191 0
14572 1.900000000000195 0.2099999999996282 0
14573 1.790000000000362 0.3399999999992921 0
14574 0.4999999999990625 0.2699999999994034 0
14575 0.4399999999992765 0.2899999999993874 0
14576 1.380000000001113 0.5700000000020627 0
14577 1.190000000002121 0.5200000000021351 0
14578 1.180000000002013 0.5100000000020577 0
14579 1.190000000001605 0.5000000000018752 0
14580 0.7399999999982609 0.4699999999991912 0
14581 1.629999999999782 0.9600000000002562 0
14582 1.639999999999715 0.970000000000192 0
14583 1.629999999999789 0.9800000000001319 0
14584 1.180000000002566 0.5900000000020352 0
14585 1.330000000001871 0.980000000000135 0
14586 1.340000000001802 0.9900000000000675 0
14587 0.7399999999981479 0.1099999999997184 0
14588 0.7299999999981761 0.1199999999996958 0
14589 0.7199999999982026 0.1099999999997184 0
14590 0.6099999999992174 0.4599999999992074 0
14591 1.460000000000928 0.890000000000701 0
14592 1.470000000000828 0.8800000000007568 0
14593 1.480000000000765 0.890000000000698 0
14594 0.4099999999990925 0.03999999999988793 0
14595 1.260000000002375 0.9100000000005851 0
14596 1.240000000002515 0.9100000000005848 0
14597 0.7499999999977313 0.2799999999993844 0
14598 1.380000000000658 0.6900000000016802 0
14599 1.32000000000117 0.6500000000018402 0
14600 1.310000000001438 0.6400000000018768 0
14601 1.48000000000024 0.6900000000016315 0
14602 1.46000000000028 0.6900000000016444 0
14603 1.470000000000282 0.6800000000016755 0
14604 0.739999999997849 0.4299999999992001 0
14605 1.160000000001455 0.4900000000017214 0
14606 1.140000000001545 0.4900000000017416 0
14607 1.26000000000236 0.9900000000000675 0
14608 1.270000000002292 0.980000000000135 0
14609 1.240000000002498 0.9900000000000675 0
14610 1.82000000000035 0.409999999999234 0
14611 1.180000000001373 0.490000000001714 0
14612 1.390000000000583 0.6800000000017148 0
14613 0.6599999999983568 0.1099999999997175 0
14614 0.6699999999983312 0.0999999999997406 0
14615 1.450000000000331 0.7200000000015323 0
14616 1.450000000000314 0.7000000000016118 0
14617 1.170000000001836 0.5000000000019529 0
14618 1.17000000000226 0.520000000002156 0
14619 1.36000000000161 0.8700000000008211 0
14620 1.350000000001676 0.8800000000007642 0
14621 1.340000000001735 0.8700000000008217 0
14622 1.350000000001669 0.8600000000008785 0
14623 1.180000000002994 0.8500000000009365 0
14624 1.220000000002901 0.670000000001771 0
14625 1.230000000002803 0.6600000000018083 0
14626 1.200000000002774 0.9900000000000675 0
14627 1.180000000002912 0.9900000000000675 0
14628 1.160000000003051 0.9900000000000675 0
14629 1.140000000003191 0.9900000000000675 0
14630 1.150000000003121 0.980000000000135 0
14631 1.130000000003261 0.980000000000135 0
14632 1.12000000000333 0.9900000000000675 0
14633 1.070000000003669 0.9800000000001302 0
14634 1.080000000003606 0.9900000000000666 0
14635 1.060000000003739 0.9900000000000635 0
14636 1.390000000001332 0.820000000001091 0
14637 1.260000000002326 0.7100000000016148 0
14638 1.12000000000334 0.950000000000331 0
14639 1.100000000003476 0.950000000000329 0
14640 0.19999999999937 0.6300000000014914 0
14641 0.1799999999993828 0.6300000000015107 0
14642 1.250000000002608 0.6400000000018797 0
14643 1.260000000002442 0.6500000000018444 0
14644 1.24000000000271 0.6500000000018439 0
14645 1.160000000002441 0.5500000000021379 0
14646 1.140000000002484 0.5500000000021232 0
14647 1.15000000000244 0.5400000000021558 0
14648 1.200000000002936 0.6500000000018418 0
14649 1.180000000002971 0.650000000001839 0
14650 1.850000000000297 0.3399999999991271 0
14651 1.860000000000285 0.3499999999991144 0
14652 1.850000000000299 0.3599999999991201 0
14653 1.180000000002294 0.5300000000021663 0
14654 1.170000000002387 0.5400000000021665 0
14655 1.160000000002353 0.5300000000021561 0
14656 0.2399999999559582 0.1499999999560392 0
14657 1.220000000002724 0.830000000001046 0
14658 1.180000000003108 0.690000000001691 0
14659 1.549999999999946 0.7400000000013879 0
14660 1.240000000002678 0.6300000000019131 0
14661 1.230000000002779 0.6400000000018793 0
14662 1.22000000000278 0.6300000000019129 0
14663 1.530000000000397 0.9000000000006344 0
14664 1.260000000002508 0.6100000000019793 0
14665 1.250000000002592 0.6200000000019472 0
14666 0.6699999999979974 0.4399999999992142 0
14667 1.430000000001156 0.9000000000006454 0
14668 1.43000000000116 0.920000000000524 0
14669 1.380000000000916 0.7500000000014295 0
14670 1.200000000002962 0.7300000000015296 0
14671 0.1799999999994678 0.7899999999998697 0
14672 0.189999999999491 0.7799999999998725 0
14673 0.1999999999996518 0.7899999999998302 0
14674 0.1899999999996287 0.7999999999998273 0
14675 1.190000000002931 0.8600000000008805 0
14676 1.140000000003229 0.890000000000704 0
14677 0.7399999999981459 0.1299999999996739 0
14678 1.410000000000515 0.7000000000016291 0
14679 1.300000000001781 0.6300000000019117 0
14680 1.280000000002188 0.6300000000019124 0
14681 0.009999999999941308 0.5800000000015304 0
14682 0.01999999999988115 0.5900000000014662 0
14683 0.009999999999939842 0.6000000000013924 0
14684 0.1299999999997423 0.5200000000016975 0
14685 0.2799999999994891 0.6700000000002073 0
14686 0.2599999999993856 0.670000000000365 0
14687 1.450000000000497 0.6400000000018282 0
14688 0.6499999999978863 0.339999999999313 0
14689 1.430000000001176 0.9800000000001351 0
14690 1.440000000001109 0.9900000000000676 0
14691 1.270000000002303 0.9200000000005235 0
14692 1.270000000002298 0.9000000000006461 0
14693 1.290000000001611 0.6800000000017323 0
14694 1.920000000000187 0.3499999999991144 0
14695 1.930000000000168 0.3399999999991415 0
14696 1.940000000000147 0.3499999999991177 0
14697 0.2899999999997039 0.6799999999999898 0
14698 1.210000000002863 0.6400000000018781 0
14699 1.270000000002408 0.6200000000019468 0
14700 1.300000000002173 0.5900000000020384 0
14701 1.500000000000693 0.9900000000000676 0
14702 1.320000000001857 0.8500000000009343 0
14703 1.300000000002 0.8500000000009349 0
14704 1.310000000001921 0.8400000000009902 0
14705 1.290000000002038 0.8000000000012012 0
14706 1.300000000001966 0.8100000000011494 0
14707 1.290000000002058 0.8200000000010979 0
14708 1.210000000002716 0.9200000000005238 0
14709 1.220000000002643 0.9300000000004609 0
14710 1.200000000002782 0.9300000000004605 0
14711 1.200000000002796 0.9100000000005849 0
14712 1.190000000002858 0.9200000000005238 0
14713 1.19000000000288 0.9000000000006463 0
14714 1.090000000003424 0.7800000000012202 0
14715 1.080000000003453 0.7900000000011496 0
14716 1.220000000002872 0.6500000000018435 0
14717 0.09999999999990392 0.4900000000017106 0
14718 0.08999999999986689 0.5000000000017566 0
14719 1.270000000002302 0.6400000000018793 0
14720 1.260000000002522 0.6300000000019137 0
14721 1.380000000000816 0.6100000000019605 0
14722 1.430000000000907 0.540000000001958 0
14723 1.440000000000968 0.5500000000020111 0
14724 1.230000000002573 0.9400000000003975 0
14725 1.230000000002578 0.9200000000005238 0
14726 1.15000000000317 0.8800000000007637 0
14727 1.230000000002649 0.8400000000009917 0
14728 1.280000000001966 0.5500000000020031 0
14729 1.270000000002209 0.5600000000020937 0
14730 1.180000000002389 0.5500000000021459 0
14731 1.060000000003118 0.7100000000013627 0
14732 1.070000000003107 0.7000000000014471 0
14733 1.370000000001585 0.9600000000002681 0
14734 1.370000000001592 0.9800000000001351 0
14735 1.360000000001658 0.9700000000002014 0
14736 1.95999999999989 0.8899999999996989 0
14737 1.370000000001555 0.9000000000006463 0
14738 1.370000000001564 0.9200000000005237 0
14739 1.180000000002992 0.8100000000011517 0
14740 1.280000000002106 0.790000000001251 0
14741 1.270000000002197 0.7800000000013014 0
14742 1.260000000002309 0.5700000000020868 0
14743 1.490000000000761 0.9800000000001351 0
14744 1.950000000000074 0.1199999999998255 0
14745 1.130000000003265 0.9600000000002675 0
14746 1.230000000002646 0.8600000000008801 0
14747 1.300000000001983 0.8300000000010443 0
14748 1.29000000000208 0.8400000000009904 0
14749 1.280000000002156 0.830000000001044 0
14750 1.030000000002632 0.5600000000015609 0
14751 0.1799999999995354 0.5700000000016195 0
14752 1.400000000001361 0.8900000000007047 0
14753 1.420000000001225 0.8900000000007037 0
14754 1.010000000003322 0.8000000000007376 0
14755 1.210000000002944 0.6600000000018073 0
14756 1.350000000001731 0.980000000000135 0
14757 1.340000000001798 0.9700000000002016 0
14758 1.220000000002653 0.9100000000005852 0
14759 1.870000000000271 0.3399999999991228 0
14760 1.230000000002615 0.8800000000007649 0
14761 1.40000000000128 0.8300000000010371 0
14762 0.7499999999981202 0.1199999999996952 0
14763 1.180000000002967 0.8900000000007059 0
14764 1.160000000003104 0.8900000000007049 0
14765 1.100000000003313 0.7300000000014546 0
14766 1.110000000003297 0.7200000000015154 0
14767 1.300000000001359 0.5300000000017291 0
14768 1.290000000001751 0.5400000000019314 0
14769 1.240000000002638 0.7100000000016146 0
14770 1.950000000000046 0.5199999999988556 0
14771 1.950000000000071 0.4999999999988349 0
14772 0.1399999999996926 0.5300000000016878 0
14773 1.110000000003218 0.70000000000159 0
14774 1.10000000000346 0.9100000000005738 0
14775 1.190000000002846 0.9400000000003975 0
14776 1.23000000000259 0.9000000000006463 0
14777 1.37000000000155 0.8800000000007644 0
14778 1.380000000001489 0.8900000000007056 0
14779 1.360000000001615 0.890000000000705 0
14780 1.589999999999729 0.8000000000010874 0
14781 1.589999999999756 0.7800000000011718 0
14782 1.599999999999711 0.7900000000011154 0
14783 1.320000000001221 0.7100000000016105 0
14784 1.580000000000137 0.990000000000067 0
14785 1.560000000000276 0.9900000000000675 0
14786 1.490000000000758 0.9600000000002678 0
14787 1.530000000000482 0.9600000000002675 0
14788 1.540000000000413 0.9700000000002014 0
14789 1.19000000000291 0.8800000000007653 0
14790 1.280000000002179 0.8500000000009347 0
14791 0.4399999999991919 0.2499999999994432 0
14792 1.500000000000671 0.6300000000018244 0
14793 1.320000000001397 0.6300000000019091 0
14794 1.31000000000174 0.6200000000019441 0
14795 1.380000000001524 0.9900000000000676 0
14796 1.360000000001663 0.9900000000000675 0
14797 1.599999999999998 0.990000000000067 0
14798 1.050000000003712 0.92000000000045 0
14799 1.300000000002051 0.8900000000007051 0
14800 1.280000000002212 0.8900000000007049 0
14801 1.3300000000013 0.7400000000014824 0
14802 1.330000000001474 0.760000000001392 0
14803 1.500000000000859 0.5900000000019244 0
14804 1.190000000002308 0.540000000002165 0
14805 1.450000000001038 0.9800000000001352 0
14806 1.440000000001106 0.9700000000002018 0
14807 1.749999999999115 0.9800000000000288 0
14808 1.739999999999143 0.970000000000067 0
14809 1.300000000002083 0.9700000000002016 0
14810 1.280000000002224 0.9700000000002014 0
14811 1.320000000001847 0.830000000001043 0
14812 1.310000000001909 0.8200000000010972 0
14813 1.910000000000205 0.3599999999990878 0
14814 1.330000000001788 0.8400000000009895 0
14815 1.340000000001727 0.8500000000009342 0
14816 1.330000000001796 0.860000000000879 0
14817 1.170000000003091 0.7600000000013953 0
14818 1.160000000003156 0.7500000000014374 0
14819 1.320000000001894 0.8900000000007046 0
14820 1.310000000001984 0.9000000000006456 0
14821 1.370000000001574 0.9400000000003976 0
14822 1.330000000001812 0.8800000000007642 0
14823 0.2099999999997423 0.7799999999998278 0
14824 1.330000000001168 0.7200000000015685 0
14825 1.490000000000185 0.7000000000015882 0
14826 1.440000000000564 0.6300000000018673 0
14827 0.1799999989373215 0.02999999893761726 0
14828 0.1899999999774274 0.01999999997775443 0
14829 0.1899999989330769 0.03999999893337102 0
14830 1.310000000002012 0.960000000000268 0
14831 1.420000000000449 0.6900000000016628 0
14832 1.40000000000055 0.6900000000016719 0
14833 1.440000000000353 0.6900000000016551 0
14834 1.220000000002636 0.9900000000000675 0
14835 1.230000000002568 0.980000000000135 0
14836 1.210000000002705 0.980000000000135 0
14837 1.659999999999469 0.8300000000008112 0
14838 1.320000000001829 0.8100000000011479 0
14839 1.310000000001887 0.8000000000012002 0
14840 1.270000000002271 0.8400000000009906 0
14841 1.50000000000014 0.7100000000015434 0
14842 1.340000000001748 0.890000000000705 0
14843 1.820000000000087 0.1900000000000728 0
14844 1.830000000000085 0.1800000000000719 0
14845 1.040000000003205 0.7500000000011064 0
14846 1.330000000001084 0.6400000000018744 0
14847 1.340000000000888 0.6500000000018379 0
14848 1.330000000000974 0.6600000000018036 0
14849 1.310000000001986 0.6000000000020076 0
14850 1.100000000003468 0.9900000000000673 0
14851 1.040000000003866 0.9900000000000593 0
14852 1.050000000003791 0.9800000000001228 0
14853 1.030000000003894 0.9800000000001096 0
14854 1.390000000001424 0.8800000000007639 0
14855 1.890000000000234 0.2999999999992475 0
14856 1.880000000000251 0.3099999999992101 0
14857 0.5099999999990456 0.2799999999993893 0
14858 0.5099999999990842 0.2999999999993623 0
14859 0.009999999999936848 0.7200000000005541 0
14860 0.009999999999937604 0.7400000000004128 0
14861 1.220000000002637 0.9700000000002016 0
14862 1.23000000000257 0.960000000000268 0
14863 1.180000000002913 0.9500000000003328 0
14864 1.270000000002295 0.9600000000002679 0
14865 1.2700000000023 0.9400000000003974 0
14866 1.539999999999945 0.7500000000013574 0
14867 0.5099999999988032 0.1399999999996391 0
14868 0.5099999999988101 0.1599999999995968 0
14869 0.009999999999936105 0.640000000001113 0
14870 0.01999999999987273 0.6500000000010472 0
14871 0.009999999999936622 0.6600000000009746 0
14872 0.2199999997559302 0.1099999997560754 0
14873 1.290000000001822 0.7400000000014854 0
14874 1.290000000001919 0.7600000000013951 0
14875 1.280000000002012 0.7500000000014406 0
14876 1.380000000001486 0.8700000000008214 0
14877 1.490000000000343 0.8200000000010662 0
14878 1.440000000000401 0.7300000000014957 0
14879 1.320000000001941 0.9700000000002014 0
14880 1.290000000002001 0.7800000000013003 0
14881 1.300000000001934 0.7900000000012504 0
14882 1.330000000001645 0.7800000000012977 0
14883 1.340000000001618 0.7900000000012479 0
14884 1.330000000001746 0.8000000000011991 0
14885 1.320000000001773 0.7900000000012488 0
14886 1.300000000001922 0.5500000000020149 0
14887 1.140000000003193 0.9700000000002016 0
14888 0.8699999999977468 0.01999999999994699 0
14889 0.8799999999977188 0.02999999999992349 0
14890 0.8899999999976804 0.07999999999982194 0
14891 0.8899999999976862 0.05999999999986144 0
14892 0.8999999999976511 0.06999999999985188 0
14893 1.940000000000138 0.2299999999994965 0
14894 1.950000000000117 0.2199999999995227 0
14895 1.960000000000097 0.2299999999994856 0
14896 1.310000000001639 0.5400000000019294 0
14897 1.140000000002415 0.530000000002151 0
14898 1.150000000003199 0.7600000000013908 0
14899 1.140000000003256 0.7500000000014306 0
14900 1.500000000000125 0.7700000000012948 0
14901 0.6499999999983874 0.03999999999988965 0
14902 0.3699999999992746 0.1399999999996737 0
14903 0.4399999999991312 0.2099999999995077 0
14904 1.440000000000621 0.7900000000012282 0
14905 1.080000000003397 0.7700000000012321 0
14906 1.09000000000338 0.7600000000013039 0
14907 1.030000000003216 0.7600000000010049 0
14908 1.440000000000887 0.5900000000019892 0
14909 1.150000000003186 0.7800000000012982 0
14910 0.1799999999993116 0.7100000000003246 0
14911 0.1899999999993085 0.70000000000045 0
14912 0.1999999999993056 0.7100000000002813 0
14913 1.599999999999706 0.8500000000008519 0
14914 1.579999999999831 0.8500000000008716 0
14915 1.949999999999835 0.9399999999998161 0
14916 0.09999999999970738 0.8499999999998071 0
14917 0.1099999999996472 0.8399999999998248 0
14918 1.540000000000092 0.850000000000899 0
14919 0.05999999999979407 0.5300000000017866 0
14920 0.06999999999980777 0.5200000000017941 0
14921 0.07999999999975638 0.5300000000017711 0
14922 1.649999999999518 0.820000000000881 0
14923 1.63999999999957 0.8100000000009522 0
14924 1.340000000001697 0.8100000000011474 0
14925 1.33000000000178 0.8200000000010962 0
14926 0.4499999999991756 0.2599999999994251 0
14927 0.4499999999992129 0.279999999999397 0
14928 1.809999999999938 0.1800000000001192 0
14929 0.3099999999994116 0.09999999999977979 0
14930 0.5099999999988354 0.1799999999995568 0
14931 1.360000000000733 0.6500000000018331 0
14932 1.350000000000787 0.6600000000018003 0
14933 1.070000000003466 0.8000000000010681 0
14934 1.070000000003403 0.7800000000011503 0
14935 1.520000000000547 0.9500000000003317 0
14936 1.500000000000686 0.9500000000003326 0
14937 1.510000000000612 0.9400000000003965 0
14938 1.54000000000035 0.9100000000005752 0
14939 1.490000000000751 0.940000000000397 0
14940 0.4299999999990931 0.1599999999996045 0
14941 1.490000000000739 0.9200000000005213 0
14942 1.500000000000675 0.9300000000004591 0
14943 0.2999999999994292 0.08999999999980263 0
14944 0.3099999999993959 0.07999999999981644 0
14945 1.300000000001855 0.7700000000013473 0
14946 1.280000000002065 0.7700000000013481 0
14947 1.340000000000865 0.6700000000017654 0
14948 1.990000000000025 0.2399999999994442 0
14949 1.980000000000051 0.2299999999994765 0
14950 0.8899999999976634 0.09999999999978565 0
14951 1.090000000003319 0.7400000000013833 0
14952 1.960000000000098 0.4299999999989046 0
14953 1.940000000000147 0.3099999999992225 0
14954 1.930000000000168 0.3199999999991923 0
14955 0.8099999999979199 0.01999999999994409 0
14956 1.260000000002308 0.7500000000014422 0
14957 0.119999999999708 0.5300000000017273 0
14958 0.09999999999972846 0.5300000000017537 0
14959 1.320000000001653 0.7700000000013453 0
14960 1.270000000002172 0.7600000000013963 0
14961 1.960000000000091 0.1699999999996504 0
14962 1.950000000000112 0.1799999999996307 0
14963 1.940000000000127 0.1699999999996686 0
14964 1.950000000000105 0.1599999999996884 0
14965 0.9099999999976116 0.07999999999985018 0
14966 0.9199999999975675 0.08999999999985475 0
14967 0.8999999999976379 0.08999999999981709 0
14968 1.230000000002632 0.7800000000013025 0
14969 1.340000000001127 0.7300000000015245 0
14970 1.990000000000026 0.3599999999990918 0
14971 0.1999999994488418 0.06999999944907148 0
14972 1.619999999999631 0.8700000000007331 0
14973 1.609999999999668 0.8600000000007924 0
14974 1.540000000000409 0.9500000000003315 0
14975 0.09999999999951537 0.7899999999999979 0
14976 0.1099999999994775 0.7800000000000271 0
14977 0.1199999999994585 0.7899999999999685 0
14978 0.1099999999994964 0.7999999999999394 0
14979 0.2099999999993031 0.6800000000007587 0
14980 0.2099999999993156 0.7000000000003677 0
14981 0.199999999999304 0.6900000000006348 0
14982 0.1799999999784878 0.00999999997881423 0
14983 1.340000000001721 0.8300000000010428 0
14984 0.6499999999983874 0.01999999999994406 0
14985 1.180000000003025 0.7700000000013496 0
14986 1.350000000001664 0.8400000000009888 0
14987 1.960000000000102 0.3499999999991195 0
14988 1.970000000000078 0.3399999999991477 0
14989 1.980000000000053 0.3499999999991203 0
14990 1.35000000000159 0.8000000000011975 0
14991 0.1399999999994264 0.7899999999999382 0
14992 0.1499999999993943 0.7799999999999522 0
14993 0.1599999999994175 0.7899999999999049 0
14994 0.1499999999994496 0.7999999999998909 0
14995 1.31000000000182 0.780000000001299 0
14996 0.4299999999990792 0.1399999999996452 0
14997 1.62999999999957 0.8200000000009336 0
14998 1.639999999999517 0.8300000000008723 0
14999 1.500000000000303 0.8300000000010134 0
15000 0.2099999999993198 0.6600000000011111 0
15001 1.130000000002482 0.5400000000021299 0
15002 1.960000000000094 0.1899999999995978 0
15003 1.950000000000114 0.1999999999995792 0
15004 0.2499999999995327 0.7000000000000497 0
15005 0.2499999999993785 0.6800000000003057 0
15006 1.040000000003632 0.8500000000007319 0
15007 0.08999999999952397 0.6800000000008339 0
15008 0.08999999999952485 0.7000000000006577 0
15009 0.07999999999956145 0.6900000000007698 0
15010 1.050000000003586 0.8400000000008155 0
15011 1.050000000003509 0.8200000000008995 0
15012 0.3199999999993512 0.00999999999997405 0
15013 0.3399999999992935 0.00999999999997328 0
15014 1.490000000000713 0.9000000000006401 0
15015 0.2399999999994906 0.7100000000000382 0
15016 0.2099999999993445 0.6400000000013952 0
15017 1.970000000000078 0.3199999999992024 0
15018 1.960000000000102 0.3099999999992281 0
15019 1.03000000000376 0.9000000000004814 0
15020 1.040000000003718 0.8900000000005628 0
15021 1.060000000003491 0.8100000000009882 0
15022 1.989999999999969 0.9399999999998374 0
15023 0.2299999999996539 0.7399999999998879 0
15024 0.2199999999994186 0.7299999999999922 0
15025 0.229999999999454 0.719999999999998 0
15026 1.160000000003138 0.7700000000013472 0
15027 1.549999999999989 0.8400000000009438 0
15028 1.559999999999955 0.850000000000889 0
15029 1.350000000001649 0.8200000000010951 0
15030 1.990000000000026 0.3399999999991492 0
15031 1.060000000003593 0.8500000000008126 0
15032 1.550000000000309 0.920000000000516 0
15033 1.560000000000205 0.9100000000005712 0
15034 1.860000000000283 0.3299999999991423 0
15035 1.870000000000268 0.319999999999168 0
15036 0.3599999999992352 0.009999999999972694 0
15037 0.1899999956138262 0.05999999561407014 0
15038 0.1799999947204033 0.04999999472065522 0
15039 1.970000000000074 0.2199999999995111 0
15040 1.850000000000293 0.3199999999991641 0
15041 1.960000000000096 0.209999999999544 0
15042 0.1199999999995006 0.6100000000014989 0
15043 0.1099999999995053 0.6200000000014094 0
15044 0.1099999999995411 0.6000000000015528 0
15045 0.129999999999402 0.7000000000005335 0
15046 1.920000000000181 0.2699999999993565 0
15047 1.060000000003633 0.8900000000006237 0
15048 0.2999999999994178 0.06999999999983979 0
15049 0.3099999999993893 0.05999999999985645 0
15050 1.880000000000247 0.2899999999992942 0
15051 1.990000000000026 0.2799999999993235 0
15052 0.8899999999976885 0.03999999999990406 0
15053 0.899999999997656 0.0499999999998898 0
15054 1.950000000000095 0.4799999999988442 0
15055 1.590000000000009 0.920000000000503 0
15056 1.599999999999958 0.930000000000442 0
15057 1.590000000000052 0.940000000000387 0
15058 1.580000000000103 0.930000000000448 0
15059 0.9099999999976172 0.05999999999988169 0
15060 0.9199999999975778 0.06999999999987999 0
15061 1.870000000000262 0.2999999999992436 0
15062 0.2699999999994916 0.05999999999987343 0
15063 0.2799999999994672 0.06999999999984736 0
15064 0.269999999999467 0.07999999999980614 0
15065 1.99000000000001 0.07999999999986347 0
15066 1.990000000000001 0.05999999999990314 0
15067 0.1399999999994044 0.6500000000012025 0
15068 0.2199999999993393 0.7100000000001797 0
15069 1.9600000000001 0.2699999999993538 0
15070 1.980000000000052 0.2699999999993536 0
15071 1.440000000001081 0.8900000000007035 0
15072 1.619999999999625 0.8100000000009953 0
15073 1.940000000000144 0.2699999999993534 0
15074 0.1799999999996678 0.8099999999998296 0
15075 1.130000000003296 0.760000000001378 0
15076 0.4800000000007746 0.5299999999992593 0
15077 0.5000000000009808 0.5299999999992038 0
15078 0.229999999999873 0.7599999999998198 0
15079 0.2199999999995725 0.7499999999998936 0
15080 1.990000000000026 0.2599999999993839 0
15081 0.2699999999994903 0.03999999999991339 0
15082 0.2799999999994658 0.04999999999988897 0
15083 1.950000000000125 0.3199999999991973 0
15084 1.950000000000125 0.3399999999991452 0
15085 1.950000000000124 0.3599999999990919 0
15086 0.1399999999994691 0.6100000000015402 0
15087 1.679999999999441 0.9900000000000573 0
15088 1.65999999999958 0.9900000000000625 0
15089 1.550000000000345 0.980000000000135 0
15090 1.599999999999684 0.8100000000010308 0
15091 1.860000000000278 0.3099999999992016 0
15092 0.2999999999994132 0.04999999999988052 0
15093 0.2099999999994153 0.7399999999999562 0
15094 0.2099999999993293 0.7200000000000932 0
15095 1.980000000000024 0.08999999999985725 0
15096 1.970000000000072 0.1999999999995673 0
15097 0.07999999999962834 0.5900000000015637 0
15098 0.06999999999965101 0.6000000000014774 0
15099 0.05999999999969528 0.5900000000015218 0
15100 1.090000000003537 0.980000000000134 0
15101 1.639999999999514 0.870000000000703 0
15102 1.629999999999589 0.8800000000006731 0
15103 0.1799999999993743 0.7699999999999211 0
15104 0.189999999999377 0.7599999999999263 0
15105 0.1999999999994936 0.7699999999998777 0
15106 0.2799999999994313 0.08999999999976439 0
15107 0.01999999999991446 0.5300000000018296 0
15108 1.09000000000354 0.9600000000002642 0
15109 0.1699999998938133 0.01999999989411068 0
15110 0.1599999999150006 0.009999999915296452 0
15111 0.159999999999338 0.7100000000003474 0
15112 1.689999999999371 0.9800000000001086 0
15113 1.699999999999306 0.9900000000000512 0
15114 1.550000000000343 0.9600000000002671 0
15115 0.2199999999997853 0.7699999999998299 0
15116 1.940000000000148 0.3299999999991692 0
15117 1.609999999999669 0.800000000001055 0
15118 0.1299999999994641 0.6200000000014596 0
15119 0.1299999999995056 0.6000000000015795 0
15120 0.1599999999995551 0.8099999999998576 0
15121 0.1499999999996034 0.8199999999998466 0
15122 0.1399999999994979 0.8099999999998799 0
15123 0.2999999999994083 0.009999999999974519 0
15124 1.950000000000091 0.1399999999997566 0
15125 1.960000000000083 0.149999999999708 0
15126 0.2899999999994441 0.07999999999982307 0
15127 0.1399999888661478 0.009999988866410884 0
15128 0.1299996918671272 0.01999969186735314 0
15129 0.1199997030007182 0.009999703000942259 0
15130 1.080000000003606 0.9700000000001978 0
15131 1.649999999999476 0.8800000000006355 0
15132 0.2099999999995366 0.7599999999998799 0
15133 1.990000000000021 0.139999999999731 0
15134 0.05999999999966894 0.790000000000042 0
15135 0.07999999999958415 0.7900000000000215 0
15136 0.06999999999963137 0.799999999999975 0
15137 0.019999999999887 0.5700000000016004 0
15138 0.1999999999993795 0.7499999999999424 0
15139 0.1799999999993329 0.7499999999999925 0
15140 0.2699999999994898 0.01999999999995485 0
15141 0.08999999999977801 0.5200000000017699 0
15142 0.079999999999833 0.5100000000017801 0
15143 1.560000000000252 0.930000000000454 0
15144 1.550000000000336 0.9400000000003945 0
15145 0.06999999999962991 0.6200000000013204 0
15146 0.05999999999967745 0.6100000000013766 0
15147 0.1199999999995038 0.8099999999998986 0
15148 0.1099999999995534 0.8199999999998724 0
15149 0.09999999999954598 0.8099999999999132 0
15150 1.970000000000071 0.1799999999996207 0
15151 1.980000000000049 0.1899999999995902 0
15152 1.61999999999986 0.9900000000000666 0
15153 0.09999999999949127 0.6700000000009126 0
15154 0.07999999999956312 0.6700000000009266 0
15155 0.08999999999953041 0.6600000000010053 0
15156 0.03999999999989622 0.510000000001849 0
15157 0.04999999999991202 0.5000000000018396 0
15158 0.05999999999986113 0.5100000000018118 0
15159 0.04999999999984532 0.520000000001821 0
15160 1.990000000000025 0.1799999999996169 0
15161 0.1699999920714032 0.03999999207166573 0
15162 0.1599999730485779 0.04999997304879511 0
15163 1.709999999999251 0.9800000000000899 0
15164 0.009999999999937536 0.6200000000012527 0
15165 0.1299999999995446 0.8199999999998622 0
15166 0.1399999999996406 0.8299999999998398 0
15167 0.1199999999995902 0.8299999999998475 0
15168 1.140000000003247 0.7700000000013418 0
15169 0.08999999999959915 0.8199999999998784 0
15170 0.09999999999961033 0.8299999999998495 0
15171 0.08999999999966943 0.8399999999998167 0
15172 0.07999999999965826 0.8299999999998455 0
15173 1.950000000000121 0.4199999999989337 0
15174 1.569999999999865 0.8400000000009289 0
15175 0.2799999999994648 0.009999999999976149 0
15176 0.1399999999993826 0.7500000000000988 0
15177 0.1199999999994335 0.7500000000001611 0
15178 1.980000000000053 0.3299999999991767 0
15179 1.960000000000103 0.3299999999991733 0
15180 1.990000000000024 0.1599999999996736 0
15181 1.980000000000044 0.149999999999701 0
15182 0.1499999887814427 0.01999998878170733 0
15183 1.990000000000024 0.4599999999988089 0
15184 0.1599999930278951 0.02999999302815915 0
15185 0.1499999532466899 0.03999995324691583 0
15186 0.1399999490002375 0.02999994900046401 0
15187 0.03999999999984558 0.5300000000018033 0
15188 0.129999999999457 0.7999999999999164 0
15189 0.1699999999993945 0.7799999999999128 0
15190 0.159999999999366 0.7699999999999654 0
15191 0.1699999999993458 0.7599999999999738 0
15192 1.819999999999938 0.1700000000001148 0
15193 1.659999999999438 0.8900000000005694 0
15194 1.639999999999549 0.8900000000006132 0
15195 0.009999999999936872 0.7000000000006958 0
15196 0.009999999999936211 0.6800000000008358 0
15197 0.01999999999987308 0.6900000000007687 0
15198 0.1399999999993765 0.7100000000003949 0
15199 0.1199999999994257 0.7100000000004592 0
15200 0.2899999999994408 0.05999999999986409 0
15201 0.03999999999976802 0.7900000000000565 0
15202 0.04999999999971564 0.7800000000001113 0
15203 1.63999999999972 0.9900000000000653 0
15204 1.580000000000048 0.9100000000005621 0
15205 1.04000000000374 0.9100000000004731 0
15206 1.050000000003684 0.900000000000547 0
15207 0.1599999999993469 0.7500000000000435 0
15208 0.1499999999993684 0.7600000000000233 0
15209 1.559999999999901 0.8300000000009857 0
15210 0.1699999999994908 0.7999999999998618 0
15211 0.09999999999957872 0.5900000000015948 0
15212 0.1199999999995404 0.5900000000016141 0
15213 1.570000000000161 0.9200000000005106 0
15214 0.02999999999981358 0.6400000000011206 0
15215 0.03999999999975493 0.6500000000010556 0
15216 0.06994268194525564 0.0199426819453594 0
15217 0.07997316781772326 0.02997316781782969 0
15218 0.06994243669634602 0.03994243669643226 0
15219 0.07999999999960991 0.8099999999999242 0
15220 0.06999999999966458 0.8199999999998797 0
15221 0.01999999999987372 0.7100000000006257 0
15222 0.09999999999948728 0.7100000000005382 0
15223 0.08999999999970683 0.5400000000017547 0
15224 0.09999999999949427 0.7500000000002243 0
15225 0.08999999999953401 0.7600000000001809 0
15226 0.1099999999994661 0.7600000000001299 0
15227 0.08999999999954279 0.7800000000000604 0
15228 0.0999999999995019 0.770000000000101 0
15229 0.03999999999975664 0.7100000000006346 0
15230 0.02999999999981526 0.7000000000007036 0
15231 0.00999999999993882 0.7800000000001349 0
15232 0.009999999999937673 0.7600000000002729 0
15233 0.1199999999994465 0.6500000000011379 0
15234 0.1299999999994334 0.6400000000012834 0
15235 0.01999999999987528 0.750000000000339 0
15236 0.03999999999975531 0.6900000000007795 0
15237 1.649999999999648 0.9800000000001279 0
15238 0.1099999999994671 0.6600000000010201 0
15239 0.09999999999950018 0.6500000000011034 0
15240 0.1099999999994795 0.6400000000012211 0
15241 0.03999999999975987 0.750000000000334 0
15242 0.09999830973708612 0.009998309737267693 0
15243 0.08999999999955673 0.799999999999959 0
15244 0.04999999999970433 0.7000000000007128 0
15245 0.07999999999956862 0.6500000000010848 0
15246 0.01999999999987873 0.7900000000000645 0
15247 0.009999999999939908 0.7999999999999987 0
15248 0.05999999999972365 0.8299999999998358 0
15249 0.04999999999978216 0.8399999999997789 0
15250 0.03999999999980076 0.8299999999998187 0
15251 1.060000000003728 0.9700000000001879 0
15252 1.040000000003832 0.9700000000001736 0
15253 0.1299999999995479 0.5800000000016612 0
15254 0.009999999999952018 0.8399999999997327 0
15255 0.009999999999943339 0.8199999999998633 0
15256 0.01999999999989536 0.8299999999998044 0
15257 0.04999999999973048 0.6000000000014362 0
15258 0.06999999999960474 0.6800000000008547 0
15259 0.06999999999960875 0.6600000000009996 0
15260 0.04999999999970919 0.7600000000002507 0
15261 1.970000000000068 0.159999999999675 0
15262 0.05995419898915326 0.009954198989253281 0
15263 0.0799884829559673 0.00998848295610612 0
15264 0.05999999999965037 0.6900000000007879 0
15265 1.669999999999397 0.9000000000005006 0
15266 1.980000000000048 0.1699999999996452 0
15267 1.719999999999202 0.9700000000001122 0
15268 0.08998679269323191 0.01998679269337381 0
15269 0.02999999999982508 0.7999999999999952 0
15270 1.599999999999988 0.950000000000324 0
15271 0.01999999999987364 0.6300000000011865 0
15272 1.609999999999906 0.9400000000003806 0
15273 0.9299999999975419 0.07999999999988705 0
15274 1.619999999999842 0.9500000000003177 0
15275 1.659999999999546 0.9500000000002906 0
15276 0.05993297014304412 0.04993297014313541 0
15277 0.02999999999989686 0.5200000000018556 0
15278 0.02999999999986317 0.5400000000017771 0
15279 0.05999999999965311 0.6500000000010678 0
15280 0.9999999999974027 0.01000000000000347 0
15281 0.1199999999994674 0.6300000000013368 0
15282 1.639999999999697 0.9500000000003096 0
15283 0.9799999999974259 0.009999999999995858 0
15284 1.649999999999636 0.9600000000002464 0
15285 0.9199999999975972 0.009999999999979929 0
15286 0.06999999999961298 0.6400000000011532 0
15287 0.01999999999988325 0.8099999999999317 0
15288 0.9299999999975609 0.01999999999996399 0
15289 0.04999999999974333 0.5800000000015726 0
15290 0.03999999999977855 0.5900000000014869 0
15291 1.989999999999993 0.03999999999994292 0
15292 0.01991903083789361 0.00991903083794924 0
15293 0.03990391037198666 0.009903910372059633 0
15294 0.0299999999998357 0.8199999999998691 0
15295 0.9399999999975346 0.00999999999998406 0
15296 0.959999999997476 0.009999999999990121 0
15297 0.03999999999979294 0.570000000001615 0
15298 0.02999999999983284 0.5800000000015452 0
15299 0.02999999999984711 0.5600000000016703 0
15300 1.699999999999302 0.9700000000001461 0
15301 0.00999999999996205 0.8599999999996132 0
$EndNodes
$Elements
5300
1 8 2 1 1 1 5 104
2 8 2 1 1 5 6 105
3 8 2 1 1 6 7 106
4 8 2 1 1 7 8 107
5 8 2 1 1 8 9 108
6 8 2 1 1 9 10 109
7 8 2 1 1 10 11 110
8 8 2 1 1 11 12 111
9 8 2 1 1 12 13 112
10 8 2 1 1 13 14 113
11 8 2 1 1 14 15 114
12 8 2 1 1 15 16 115
13 8 2 1 1 16 17 116
14 8 2 1 1 17 18 117
15 8 2 1 1 18 19 118
16 8 2 1 1 19 20 119
17 8 2 1 1 20 21 120
18 8 2 1 1 21 22 121
19 8 2 1 1 22 23 122
20 8 2 1 1 23 24 123
21 8 2 1 1 24 25 124
22 8 2 1 1 25 26 125
23 8 2 1 1 26 27 126
24 8 2 1 1 27 28 127
25 8 2 1 1 28 29 128
26 8 2 1 1 29 30 129
27 8 2 1 1 30 31 130
28 8 2 1 1 31 32 131
29 8 2 1 1 32 33 132
30 8 2 1 1 33 34 133
31 8 2 1 1 34 35 134
32 8 2 1 1 35 36 135
33 8 2 1 1 36 37 136
34 8 2 1 1 37 38 137
35 8 2 1 1 38 39 138
36 8 2 1 1 39 40 139
37 8 2 1 1 40 41 140
38 8 2 1 1 41 42 141
39 8 2 1 1 42 43 142
40 8 2 1 1 43 44 143
41 8 2 1 1 44 45 144
42 8 2 1 1 45 46 145
43 8 2 1 1 46 47 146
44 8 2 1 1 47 48 147
45 8 2 1 1 48 49 148
46 8 2 1 1 49 50 149
47 8 2 1 1 50 51 150
48 8 2 1 1 51 52 151
49 8 2 1 1 52 53 152
50 8 2 1 1 53 54 153
51 8 2 1 1 54 55 154
52 8 2 1 1 55 56 155
53 8 2 1 1 56 57 156
54 8 2 1 1 57 58 157
55 8 2 1 1 58 59 158
56 8 2 1 1 59 60 159
57 8 2 1 1 60 61 160
58 8 2 1 1 61 62 161
59 8 2 1 1 62 63 162
60 8 2 1 1 63 64 163
61 8 2 1 1 64 65 164
62 8 2 1 1 65 66 165
63 8 2 1 1 66 67 166
64 8 2 1 1 67 68 167
65 8 2 1 1 68 69 168
66 8 2 1 1 69 70 169
67 8 2 1 1 70 71 170
68 8 2 1 1 71 72 171
69 8 2 1 1 72 73 172
70 8 2 1 1 73 74 173
71 8 2 1 1 74 75 174
72 8 2 1 1 75 76 175
73 8 2 1 1 76 77 176
74 8 2 1 1 77 78 177
75 8 2 1 1 78 79 178
76 8 2 1 1 79 80 179
77 8 2 1 1 80 81 180
78 8 2 1 1 81 82 181
79 8 2 1 1 82 83 182
80 8 2 1 1 83 84 183
81 8 2 1 1 84 85 184
82 8 2 1 1 85 86 185
83 8 2 1 1 86 87 186
84 8 2 1 1 87 88 187
85 8 2 1 1 88 89 188
86 8 2 1 1 89 90 189
87 8 2 1 1 90 91 190
88 8 2 1 1 91 92 191
89 8 2 1 1 92 93 192
90 8 2 1 1 93 94 193
91 8 2 1 1 94 95 194
92 8 2 1 1 95 96 195
93 8 2 1 1 96 97 196
94 8 2 1 1 97 98 197
95 8 2 1 1 98 99 198
96 8 2 1 1 99 100 199
97 8 2 1 1 100 101 200
98 8 2 1 1 101 102 201
99 8 2 1 1 102 103 202
100 8 2 1 1 103 2 203
101 8 2 2 2 2 204 253
102 8 2 2 2 204 205 254
103 8 2 2 2 205 206 255
104 8 2 2 2 206 207 256
105 8 2 2 2 207 208 257
106 8 2 2 2 208 209 258
107 8 2 2 2 209 210 259
108 8 2 2 2 210 211 260
109 8 2 2 2 211 212 261
110 8 2 2 2 212 213 262
111 8 2 2 2 213 214 263
112 8 2 2 2 214 215 264
113 8 2 2 2 215 216 265
114 8 2 2 2 216 217 266
115 8 2 2 2 217 218 267
116 8 2 2 2 218 219 268
117 8 2 2 2 219 220 269
118 8 2 2 2 220 221 270
119 8 2 2 2 221 222 271
120 8 2 2 2 222 223 272
121 8 2 2 2 223 224 273
122 8 2 2 2 224 225 274
123 8 2 2 2 225 226 275
124 8 2 2 2 226 227 276
125 8 2 2 2 227 228 277
126 8 2 2 2 228 229 278
127 8 2 2 2 229 230 279
128 8 2 2 2 230 231 280
129 8 2 2 2 231 232 281
130 8 2 2 2 232 233 282
131 8 2 2 2 233 234 283
132 8 2 2 2 234 235 284
133 8 2 2 2 235 236 285
134 8 2 2 2 236 237 286
135 8 2 2 2 237 238 287
136 8 2 2 2 238 239 288
137 8 2 2 2 239 240 289
138 8 2 2 2 240 241 290
139 8 2 2 2 241 242 291
140 8 2 2 2 242 243 292
141 8 2 2 2 243 244 293
142 8 2 2 2 244 245 294
143 8 2 2 2 245 246 295
144 8 2 2 2 246 247 296
145 8 2 2 2 247 248 297
146 8 2 2 2 248 249 298
147 8 2 2 2 249 250 299
148 8 2 2 2 250 251 300
149 8 2 2 2 251 252 301
150 8 2 2 2 252 3 302
151 8 2 3 3 3 303 402
152 8 2 3 3 303 304 403
153 8 2 3 3 304 305 404
154 8 2 3 3 305 306 405
155 8 2 3 3 306 307 406
156 8 2 3 3 307 308 407
157 8 2 3 3 308 309 408
158 8 2 3 3 309 310 409
159 8 2 3 3 310 311 410
160 8 2 3 3 311 312 411
161 8 2 3 3 312 313 412
162 8 2 3 3 313 314 413
163 8 2 3 3 314 315 414
164 8 2 3 3 315 316 415
165 8 2 3 3 316 317 416
166 8 2 3 3 317 318 417
167 8 2 3 3 318 319 418
168 8 2 3 3 319 320 419
169 8 2 3 3 320 321 420
170 8 2 3 3 321 322 421
171 8 2 3 3 322 323 422
172 8 2 3 3 323 324 423
173 8 2 3 3 324 325 424
174 8 2 3 3 325 326 425
175 8 2 3 3 326 327 426
176 8 2 3 3 327 328 427
177 8 2 3 3 328 329 428
178 8 2 3 3 329 330 429
179 8 2 3 3 330 331 430
180 8 2 3 3 331 332 431
181 8 2 3 3 332 333 432
182 8 2 3 3 333 334 433
183 8 2 3 3 334 335 434
184 8 2 3 3 335 336 435
185 8 2 3 3 336 337 436
186 8 2 3 3 337 338 437
187 8 2 3 3 338 339 438
188 8 2 3 3 339 340 439
189 8 2 3 3 340 341 440
190 8 2 3 3 341 342 441
191 8 2 3 3 342 343 442
192 8 2 3 3 343 344 443
193 8 2 3 3 344 345 444
194 8 2 3 3 345 346 445
195 8 2 3 3 346 347 446
196 8 2 3 3 347 348 447
197 8 2 3 3 348 349 448
198 8 2 3 3 349 350 449
199 8 2 3 3 350 351 450
200 8 2 3 3 351 352 451
201 8 2 3 3 352 353 452
202 8 2 3 3 353 354 453
203 8 2 3 3 354 355 454
204 8 2 3 3 355 356 455
205 8 2 3 3 356 357 456
206 8 2 3 3 357 358 457
207 8 2 3 3 358 359 458
208 8 2 3 3 359 360 459
209 8 2 3 3 360 361 460
210 8 2 3 3 361 362 461
211 8 2 3 3 362 363 462
212 8 2 3 3 363 364 463
213 8 2 3 3 364 365 464
214 8 2 3 3 365 366 465
215 8 2 3 3 366 367 466
216 8 2 3 3 367 368 467
217 8 2 3 3 368 369 468
218 8 2 3 3 369 370 469
219 8 2 3 3 370 371 470
220 8 2 3 3 371 372 471
221 8 2 3 3 372 373 472
222 8 2 3 3 373 374 473
223 8 2 3 3 374 375 474
224 8 2 3 3 375 376 475
225 8 2 3 3 376 377 476
226 8 2 3 3 377 378 477
227 8 2 3 3 378 379 478
228 8 2 3 3 379 380 479
229 8 2 3 3 380 381 480
230 8 2 3 3 381 382 481
231 8 2 3 3 382 383 482
232 8 2 3 3 383 384 483
233 8 2 3 3 384 385 484
234 8 2 3 3 385 386 485
235 8 2 3 3 386 387 486
236 8 2 3 3 387 388 487
237 8 2 3 3 388 389 488
238 8 2 3 3 389 390 489
239 8 2 3 3 390 391 490
240 8 2 3 3 391 392 491
241 8 2 3 3 392 393 492
242 8 2 3 3 393 394 493
243 8 2 3 3 394 395 494
244 8 2 3 3 395 396 495
245 8 2 3 3 396 397 496
246 8 2 3 3 397 398 497
247 8 2 3 3 398 399 498
248 8 2 3 3 399 400 499
249 8 2 3 3 400 401 500
250 8 2 3 3 401 4 501
251 8 2 4 4 4 502 551
252 8 2 4 4 502 503 552
253 8 2 4 4 503 504 553
254 8 2 4 4 504 505 554
255 8 2 4 4 505 506 555
256 8 2 4 4 506 507 556
257 8 2 4 4 507 508 557
258 8 2 4 4 508 509 558
259 8 2 4 4 509 510 559
260 8 2 4 4 510 511 560
261 8 2 4 4 511 512 561
262 8 2 4 4 512 513 562
263 8 2 4 4 513 514 563
264 8 2 4 4 514 515 564
265 8 2 4 4 515 516 565
266 8 2 4 4 516 517 566
267 8 2 4 4 517 518 567
268 8 2 4 4 518 519 568
269 8 2 4 4 519 520 569
270 8 2 4 4 520 521 570
271 8 2 4 4 521 522 571
272 8 2 4 4 522 523 572
273 8 2 4 4 523 524 573
274 8 2 4 4 524 525 574
275 8 2 4 4 525 526 575
276 8 2 4 4 526 527 576
277 8 2 4 4 527 528 577
278 8 2 4 4 528 529 578
279 8 2 4 4 529 530 579
280 8 2 4 4 530 531 580
281 8 2 4 4 531 532 581
282 8 2 4 4 532 533 582
283 8 2 4 4 533 534 583
284 8 2 4 4 534 535 584
285 8 2 4 4 535 536 585
286 8 2 4 4 536 537 586
287 8 2 4 4 537 538 587
288 8 2 4 4 538 539 588
289 8 2 4 4 539 540 589
290 8 2 4 4 540 541 590
291 8 2 4 4 541 542 591
292 8 2 4 4 542 543 592
293 8 2 4 4 543 544 593
294 8 2 4 4 544 545 594
295 8 2 4 4 545 546 595
296 8 2 4 4 546 547 596
297 8 2 4 4 547 548 597
298 8 2 4 4 548 549 598
299 8 2 4 4 549 550 599
300 8 2 4 4 550 1 600
301 16 2 1 1 4458 4633 4569 4477 5452 5453 5454 5455
302 16 2 1 1 5126 5004 4975 4824 5456 5457 5458 5459
303 16 2 1 1 3848 3742 3688 3589 5460 5461 5462 5463
304 16 2 1 1 5162 5232 5149 5181 5464 5465 5466 5467
305 16 2 1 1 5075 5181 5149 5065 5468 5466 5469 5470
306 16 2 1 1 5325 5393 5431 5358 5471 5472 5473 5474
307 16 2 1 1 5358 5361 5396 5325 5475 5476 5477 5474
308 16 2 1 1 5281 5376 5440 5359 5478 5479 5480 5481
309 16 2 1 1 5359 5431 5393 5281 5482 5472 5483 5481
310 16 2 1 1 5360 5364 5341 5303 5484 5485 5486 5487
311 16 2 1 1 5387 5389 5439 5388 5488 5489 5490 5491
312 16 2 1 1 5361 5416 5362 5396 5492 5493 5494 5476
313 16 2 1 1 5347 5425 5424 5363 5495 5496 5497 5498
314 16 2 1 1 5376 5296 5387 5440 5499 5500 5501 5479
315 16 2 1 1 5388 5399 5440 5387 5502 5503 5501 5491
316 16 2 1 1 5348 5414 5445 5417 5504 5505 5506 5507
317 16 2 1 1 5363 5403 5439 5347 5508 5509 5510 5498
318 16 2 1 1 5417 5424 5425 5348 5511 5496 5512 5507
319 16 2 1 1 5416 5419 5380 5362 5513 5514 5515 5493
320 16 2 1 1 5444 5421 5446 5409 5516 5517 5518 5519
321 16 2 1 1 5408 5445 5414 5418 5520 5505 5521 5522
322 16 2 1 1 5409 5451 5442 5444 5523 5524 5525 5519
323 16 2 1 1 5395 5292 5433 5420 5526 5527 5528 5529
324 16 2 1 1 5421 5443 5410 5446 5530 5531 5532 5517
325 16 2 1 1 5292 5364 5360 5433 5533 5484 5534 5527
326 16 2 1 1 5419 5422 5309 5380 5535 5536 5537 5514
327 16 2 1 1 4781 4555 4714 4663 5538 5539 5540 5541
328 16 2 1 1 5357 5366 5293 5365 5542 5543 5544 5545
329 16 2 1 1 4478 4605 4556 4358 5546 5547 5548 5549
330 16 2 1 1 5366 5367 5350 5293 5550 5551 5552 5543
331 16 2 1 1 4915 4926 4736 4843 5553 5554 5555 5556
332 16 2 1 1 5367 5368 5375 5350 5557 5558 5559 5551
333 16 2 1 1 2404 2548 2236 2479 5560 5561 5562 5563
334 16 2 1 1 5368 5369 5294 5375 5564 5565 5566 5558
335 16 2 1 1 5369 5423 5311 5294 5567 5568 5569 5565
336 16 2 1 1 5356 5371 5323 5370 5570 5571 5572 5573
337 16 2 1 1 2918 3053 2841 2741 5574 5575 5576 5577
338 16 2 1 1 5300 5224 5305 5372 5578 5579 5580 5581
339 16 2 1 1 5224 5315 5304 5305 5582 5583 5584 5579
340 16 2 1 1 5315 5225 5306 5304 5585 5586 5587 5583
341 16 2 1 1 5147 5235 5304 5306 5588 5589 5587 5590
342 16 2 1 1 5306 5307 5221 5147 5591 5592 5593 5590
343 16 2 1 1 2970 2943 3064 3243 5594 5595 5596 5597
344 16 2 1 1 1971 1784 1887 1815 5598 5599 5600 5601
345 16 2 1 1 3370 3339 3469 3616 5602 5603 5604 5605
346 16 2 1 1 5307 5373 5313 5221 5606 5607 5608 5592
347 16 2 1 1 3732 3712 3822 3960 5609 5610 5611 5612
348 16 2 1 1 3338 3369 3074 3244 5613 5614 5615 5616
349 16 2 1 1 5373 5374 5351 5313 5617 5618 5619 5607
350 16 2 1 1 1270 1414 1595 1320 5620 5621 5622 5623
351 16 2 1 1 3489 3473 3637 3613 5624 5625 5626 5627
352 16 2 1 1 5006 4905 4845 4827 5628 5629 5630 5631
353 16 2 1 1 4827 4845 4759 4650 5630 5632 5633 5634
354 16 2 1 1 3848 3589 3790 4026 5463 5635 5636 5637
355 16 2 1 1 3217 3116 2950 3245 5638 5639 5640 5641
356 16 2 1 1 1320 1189 1017 1270 5642 5643 5644 5623
357 16 2 1 1 4478 4358 4283 4148 5549 5645 5646 5647
358 16 2 1 1 2269 2557 2376 2083 5648 5649 5650 5651
359 16 2 1 1 4148 4283 4072 3931 5646 5652 5653 5654
360 16 2 1 1 3931 4072 3858 3859 5653 5655 5656 5657
361 16 2 1 1 3937 4071 3860 3705 5658 5659 5660 5661
362 16 2 1 1 2270 2123 2124 2409 5662 5663 5664 5665
363 16 2 1 1 3244 3074 2972 2942 5615 5666 5667 5668
364 16 2 1 1 3705 3860 3621 3592 5660 5669 5670 5671
365 16 2 1 1 3485 3441 3554 3688 5672 5673 5674 5675
366 16 2 1 1 1164 1149 1001 1006 5676 5677 5678 5679
367 16 2 1 1 2527 2410 2231 2556 5680 5681 5682 5683
368 16 2 1 1 2971 3086 3118 2973 5684 5685 5686 5687
369 16 2 1 1 3861 3830 3926 4073 5688 5689 5690 5691
370 16 2 1 1 2555 2511 2411 2217 5692 5693 5694 5695
371 16 2 1 1 2116 2117 2217 2411 5696 5697 5694 5698
372 16 2 1 1 4449 4575 4379 4247 5699 5700 5701 5702
373 16 2 1 1 5377 5434 5413 5427 5703 5704 5705 5706
374 16 2 1 1 3220 3496 3376 3247 5707 5708 5709 5710
375 16 2 1 1 2268 2237 2092 2119 5711 5712 5713 5714
376 16 2 1 1 2655 2846 2560 2372 5715 5716 5717 5718
377 16 2 1 1 4168 4169 4076 3964 5719 5720 5721 5722
378 16 2 1 1 4932 4912 4989 5082 5723 5724 5725 5726
379 16 2 1 1 5422 5365 5236 5309 5727 5728 5729 5536
380 16 2 1 1 4344 4488 4142 4287 5730 5731 5732 5733
381 16 2 1 1 5164 5145 5309 5236 5734 5735 5729 5736
382 16 2 1 1 2113 1969 1783 1953 5737 5738 5739 5740
383 16 2 1 1 5080 5067 5239 5145 5741 5742 5743 5744
384 16 2 1 1 3112 3082 2947 2976 5745 5746 5747 5748
385 16 2 1 1 3335 3495 3248 3077 5749 5750 5751 5752
386 16 2 1 1 1286 1497 1169 944 5753 5754 5755 5756
387 16 2 1 1 5010 4997 5168 5067 5757 5758 5759 5760
388 16 2 1 1 2907 2808 2691 2570 5761 5762 5763 5764
389 16 2 1 1 2274 2242 2561 2381 5765 5766 5767 5768
390 16 2 1 1 2667 2689 2381 2561 5769 5770 5767 5771
391 16 2 1 1 4929 4816 5084 4997 5772 5773 5774 5775
392 16 2 1 1 4180 4158 4259 4385 5776 5777 5778 5779
393 16 2 1 1 2947 2848 2668 2976 5780 5781 5782 5747
394 16 2 1 1 5137 5240 5310 5284 5783 5784 5785 5786
395 16 2 1 1 4384 4487 4308 4309 5787 5788 5789 5790
396 16 2 1 1 3369 3338 3519 3473 5613 5791 5792 5793
397 16 2 1 1 3949 4078 4158 4180 5794 5795 5776 5796
398 16 2 1 1 4038 4250 4386 4181 5797 5798 5799 5800
399 16 2 1 1 2848 2371 2564 2668 5801 5802 5803 5781
400 16 2 1 1 3368 3232 3433 3563 5804 5805 5806 5807
401 16 2 1 1 994 1168 1418 1325 5808 5809 5810 5811
402 16 2 1 1 3864 3966 3739 3715 5812 5813 5814 5815
403 16 2 1 1 3678 3590 3509 3512 5816 5817 5818 5819
404 16 2 1 1 4934 4913 4985 5085 5820 5821 5822 5823
405 16 2 1 1 1818 1631 1659 1976 5824 5825 5826 5827
406 16 2 1 1 5427 5352 5441 5377 5828 5829 5830 5706
407 16 2 1 1 4483 4386 4250 4480 5831 5798 5832 5833
408 16 2 1 1 2074 1979 1766 2275 5834 5835 5836 5837
409 16 2 1 1 1631 1501 1311 1659 5838 5839 5840 5825
410 16 2 1 1 4045 3962 3823 4068 5841 5842 5843 5844
411 16 2 1 1 3077 3248 2980 2802 5751 5845 5846 5847
412 16 2 1 1 785 694 941 693 5848 5849 5850 5851
413 16 2 1 1 2846 2655 2978 2942 5715 5852 5853 5854
414 16 2 1 1 2997 2978 2655 2852 5855 5852 5856 5857
415 16 2 1 1 2372 2560 2276 2080 5717 5858 5859 5860
416 16 2 1 1 4987 5086 4935 4914 5861 5862 5863 5864
417 16 2 1 1 3700 3458 3624 3862 5865 5866 5867 5868
418 16 2 1 1 2240 2407 2125 1941 5869 5870 5871 5872
419 16 2 1 1 2812 2840 3030 3186 5873 5874 5875 5876
420 16 2 1 1 3723 3827 3969 3733 5877 5878 5879 5880
421 16 2 1 1 2126 2127 2277 2415 5881 5882 5883 5884
422 16 2 1 1 3942 4047 4182 3961 5885 5886 5887 5888
423 16 2 1 1 4288 4182 4047 4265 5889 5886 5890 5891
424 16 2 1 1 2120 1941 1825 1785 5892 5893 5894 5895
425 16 2 1 1 3939 4065 4198 4171 5896 5897 5898 5899
426 16 2 1 1 2080 2276 1981 1952 5859 5900 5901 5902
427 16 2 1 1 2242 2274 1983 2128 5765 5903 5904 5905
428 16 2 1 1 1324 1179 950 1287 5906 5907 5908 5909
429 16 2 1 1 2555 2699 2816 2855 5910 5911 5912 5913
430 16 2 1 1 2217 2408 2699 2555 5914 5915 5910 5695
431 16 2 1 1 1629 1304 1506 1658 5916 5917 5918 5919
432 16 2 1 1 2128 1983 1662 1826 5904 5920 5921 5922
433 16 2 1 1 2114 1919 2417 2239 5923 5924 5925 5926
434 16 2 1 1 1172 955 832 619 5927 5928 5929 5930
435 16 2 1 1 4150 4291 4081 3936 5931 5932 5933 5934
436 16 2 1 1 3125 2925 3209 3385 5935 5936 5937 5938
437 16 2 1 1 1292 1503 1826 1662 5939 5940 5921 5941
438 16 2 1 1 668 695 353 354 5942 5943 453 5944
439 16 2 1 1 3476 3540 3289 3208 5945 5946 5947 5948
440 16 2 1 1 2418 2567 2279 2246 5949 5950 5951 5952
441 16 2 1 1 3116 2651 2856 2950 5953 5954 5955 5639
442 16 2 1 1 827 667 784 696 5956 5957 5958 5959
443 16 2 1 1 3627 3744 3534 3535 5960 5961 5962 5963
444 16 2 1 1 1633 1505 1289 1661 5964 5965 5966 5967
445 16 2 1 1 2345 2405 2280 2164 5968 5969 5970 5971
446 16 2 1 1 3507 3626 3387 3254 5972 5973 5974 5975
447 16 2 1 1 1969 1774 1462 1657 5976 5977 5978 5979
448 16 2 1 1 5352 5297 5381 5441 5980 5981 5982 5829
449 16 2 1 1 5442 5344 5426 5444 5983 5984 5985 5525
450 16 2 1 1 1474 1664 1329 1299 5986 5987 5988 5989
451 16 2 1 1 3628 3597 3695 3869 5990 5991 5992 5993
452 16 2 1 1 3936 4081 3870 3708 5933 5994 5995 5996
453 16 2 1 1 3253 3508 3334 3072 5997 5998 5999 6000
454 16 2 1 1 1887 1784 1667 1687 5599 6001 6002 6003
455 16 2 1 1 5432 5353 5441 5381 6004 6005 5982 6006
456 16 2 1 1 1710 1652 1508 1326 6007 6008 6009 6010
457 16 2 1 1 4733 4852 4676 4542 6011 6012 6013 6014
458 16 2 1 1 2410 1935 2131 2231 6015 6016 6017 5681
459 16 2 1 1 3254 3387 3135 3091 5974 6018 6019 6020
460 16 2 1 1 4917 4938 4750 4853 6021 6022 6023 6024
461 16 2 1 1 3344 3511 3598 3629 6025 6026 6027 6028
462 16 2 1 1 4252 4374 4492 4479 6029 6030 6031 6032
463 16 2 1 1 4153 4173 4293 4277 6033 6034 6035 6036
464 16 2 1 1 3123 3075 2990 2784 6037 6038 6039 6040
465 16 2 1 1 3373 3297 3131 3256 6041 6042 6043 6044
466 16 2 1 1 955 1172 1328 1321 5927 6045 6046 6047
467 16 2 1 1 2628 2709 2571 2405 6048 6049 6050 6051
468 16 2 1 1 1006 1001 830 654 5678 6052 6053 6054
469 16 2 1 1 1623 1828 1507 1291 6055 6056 6057 6058
470 16 2 1 1 3708 3870 3630 3467 5995 6059 6060 6061
471 16 2 1 1 1657 1287 1508 1652 6062 6063 6008 6064
472 16 2 1 1 3946 4083 4159 4184 6065 6066 6067 6068
473 16 2 1 1 2502 2704 2784 2990 6069 6070 6039 6071
474 16 2 1 1 5437 5436 5355 5415 6072 6073 6074 6075
475 16 2 1 1 2280 2405 2571 2082 5969 6050 6076 6077
476 16 2 1 1 1935 1789 1832 2131 6078 6079 6080 6016
477 16 2 1 1 4173 4153 4086 3933 6033 6081 6082 6083
478 16 2 1 1 829 505 506 635 6084 555 6085 6086
479 16 2 1 1 3186 3113 2991 2812 6087 6088 6089 5876
480 16 2 1 1 4360 4390 4156 4295 6090 6091 6092 6093
481 16 2 1 1 2532 2569 2245 2428 6094 6095 6096 6097
482 16 2 1 1 2375 2565 2717 2665 6098 6099 6100 6101
483 16 2 1 1 5065 5006 4925 5075 6102 6103 6104 5470
484 16 2 1 1 4276 4255 4188 4187 6105 6106 6107 6108
485 16 2 1 1 2658 2536 2573 2862 6109 6110 6111 6112
486 16 2 1 1 4169 4168 4341 4440 5719 6113 6114 6115
487 16 2 1 1 3467 3630 3389 3210 6060 6116 6117 6118
488 16 2 1 1 352 353 695 711 452 5943 6119 6120
489 16 2 1 1 4224 4341 4168 4063 6121 6113 6122 6123
490 16 2 1 1 2413 2285 2104 2423 6124 6125 6126 6127
491 16 2 1 1 4071 3937 4295 4156 5658 6128 6092 6129
492 16 2 1 1 4926 4915 5091 4993 5553 6130 6131 6132
493 16 2 1 1 2130 1928 2428 2245 6133 6134 6096 6135
494 16 2 1 1 1776 1829 2135 1943 6136 6137 6138 6139
495 16 2 1 1 4134 4323 4147 4062 6140 6141 6142 6143
496 16 2 1 1 3091 3135 2853 2992 6019 6144 6145 6146
497 16 2 1 1 5160 5126 4993 5274 6147 6148 6149 6150
498 16 2 1 1 2386 2427 2108 2286 6151 6152 6153 6154
499 16 2 1 1 507 698 635 506 6155 6156 6085 556
500 16 2 1 1 1665 1634 1986 1829 6157 6158 6159 6160
501 16 2 1 1 3137 2921 2864 2819 6161 6162 6163 6164
502 16 2 1 1 3057 3311 3069 2793 6165 6166 6167 6168
503 16 2 1 1 2693 2498 2992 2853 6169 6170 6145 6171
504 16 2 1 1 2817 2859 2526 2707 6172 6173 6174 6175
505 16 2 1 1 2097 2137 1797 1989 6176 6177 6178 6179
506 16 2 1 1 1511 1290 1834 1634 6180 6181 6182 6183
507 16 2 1 1 3120 2955 3390 3206 6184 6185 6186 6187
508 16 2 1 1 2407 2240 2707 2526 5869 6188 6174 6189
509 16 2 1 1 1167 964 1228 1323 6190 6191 6192 6193
510 16 2 1 1 1611 1830 1502 1514 6194 6195 6196 6197
511 16 2 1 1 3245 3371 3391 3217 6198 6199 6200 5641
512 16 2 1 1 3511 3344 3257 3090 6025 6201 6202 6203
513 16 2 1 1 1664 1474 1837 1785 5986 6204 6205 6206
514 16 2 1 1 3334 3468 3490 3371 6207 6208 6209 6210
515 16 2 1 1 2275 2371 2576 2074 6211 6212 6213 5837
516 16 2 1 1 4569 4633 4475 4725 5453 6214 6215 6216
517 16 2 1 1 2993 2804 3090 3257 6217 6218 6202 6219
518 16 2 1 1 1838 1837 1474 1669 6220 6204 6221 6222
519 16 2 1 1 1432 1683 1443 1318 6223 6224 6225 6226
520 16 2 1 1 1447 1333 1176 1660 6227 6228 6229 6230
521 16 2 1 1 2289 2251 2141 1958 6231 6232 6233 6234
522 16 2 1 1 1950 2252 2292 2136 6235 6236 6237 6238
523 16 2 1 1 3386 3224 3138 2921 6239 6240 6241 6242
524 16 2 1 1 3618 3733 3746 3591 6243 6244 6245 6246
525 16 2 1 1 1937 2140 1845 1793 6247 6248 6249 6250
526 16 2 1 1 1299 1329 967 1180 5988 6251 6252 6253
527 16 2 1 1 3210 3389 3139 2936 6117 6254 6255 6256
528 16 2 1 1 2840 2812 2710 2709 5873 6257 6258 6259
529 16 2 1 1 1613 1835 1516 1478 6260 6261 6262 6263
530 16 2 1 1 2121 1927 1839 1841 6264 6265 6266 6267
531 16 2 1 1 4740 4842 4942 4925 6268 6269 6270 6271
532 16 2 1 1 1766 1672 1455 1990 6272 6273 6274 6275
533 16 2 1 1 3453 3632 3874 3694 6276 6277 6278 6279
534 16 2 1 1 4078 3949 3873 3707 5794 6280 6281 6282
535 16 2 1 1 2497 2755 2508 2475 6283 6284 6285 6286
536 16 2 1 1 3441 3485 3400 3239 5672 6287 6288 6289
537 16 2 1 1 2246 2279 1986 2144 5951 6290 6291 6292
538 16 2 1 1 2232 2308 2145 2102 6293 6294 6295 6296
539 16 2 1 1 4265 4380 4393 4288 6297 6298 6299 5891
540 16 2 1 1 2618 2778 2777 2364 6300 6301 6302 6303
541 16 2 1 1 4463 4394 4255 4498 6304 6305 6306 6307
542 16 2 1 1 4650 4759 4705 4590 5633 6308 6309 6310
543 16 2 1 1 1508 1287 950 1181 6063 5908 6311 6312
544 16 2 1 1 3634 3452 3707 3873 6313 6314 6281 6315
545 16 2 1 1 3509 3395 3215 3512 6316 6317 6318 5818
546 16 2 1 1 5413 5286 5386 5427 6319 6320 6321 5705
547 16 2 1 1 4458 4477 4408 4407 5455 6322 6323 6324
548 16 2 1 1 2711 2433 2228 2514 6325 6326 6327 6328
549 16 2 1 1 4354 4440 4341 4147 6329 6114 6330 6331
550 16 2 1 1 2572 2533 2866 2672 6332 6333 6334 6335
551 16 2 1 1 3240 3241 3109 2935 6336 6337 6338 6339
552 16 2 1 1 1327 1124 1514 1502 6340 6341 6196 6342
553 16 2 1 1 619 832 529 530 5929 6343 579 6344
554 16 2 1 1 1435 1493 1346 1147 6345 6346 6347 6348
555 16 2 1 1 3381 3458 3635 3348 6349 6350 6351 6352
556 16 2 1 1 1941 2120 2432 2240 5892 6353 6354 5872
557 16 2 1 1 2580 2708 2441 2442 6355 6356 6357 6358
558 16 2 1 1 2082 1772 1998 2280 6359 6360 6361 6077
559 16 2 1 1 4979 5088 4944 4813 6362 6363 6364 6365
560 16 2 1 1 5449 5415 5379 5412 6366 6367 6368 6369
561 16 2 1 1 1824 1977 2032 1803 6370 6371 6372 6373
562 16 2 1 1 5381 5384 5354 5432 6374 6375 6376 6006
563 16 2 1 1 798 1008 839 670 6377 6378 6379 6380
564 16 2 1 1 3933 4066 4201 4173 6381 6382 6383 6083
565 16 2 1 1 1634 1834 2144 1986 6182 6384 6291 6158
566 16 2 1 1 3457 3351 3396 3633 6385 6386 6387 6388
567 16 2 1 1 2425 2385 2713 2533 6389 6390 6391 6392
568 16 2 1 1 3694 3874 3946 4009 6278 6393 6394 6395
569 16 2 1 1 2348 2618 2364 2071 6396 6303 6397 6398
570 16 2 1 1 2548 2404 2439 2764 5560 6399 6400 6401
571 16 2 1 1 3251 3348 3514 3078 6402 6403 6404 6405
572 16 2 1 1 654 830 230 231 6053 6406 280 6407
573 16 2 1 1 2810 2889 2664 2775 6408 6409 6410 6411
574 16 2 1 1 3964 4129 4063 4168 6412 6413 6122 5722
575 16 2 1 1 4029 3851 4062 4224 6414 6415 6416 6417
576 16 2 1 1 3554 3333 3589 3688 6418 6419 5462 5674
577 16 2 1 1 3933 4086 3875 3703 6082 6420 6421 6422
578 16 2 1 1 1450 1717 1319 1433 6423 6424 6425 6426
579 16 2 1 1 4579 4671 4680 4583 6427 6428 6429 6430
580 16 2 1 1 3959 3940 3704 3853 6431 6432 6433 6434
581 16 2 1 1 2434 2147 1932 2253 6435 6436 6437 6438
582 16 2 1 1 4026 4129 3990 3848 6439 6440 6441 5637
583 16 2 1 1 2287 2250 2582 2385 6442 6443 6444 6445
584 16 2 1 1 3919 3714 3851 4029 6446 6447 6414 6448
585 16 2 1 1 1672 1335 1342 1455 6449 6450 6451 6273
586 16 2 1 1 1660 1787 1997 1447 6452 6453 6454 6230
587 16 2 1 1 1777 1638 1675 1996 6455 6456 6457 6458
588 16 2 1 1 2519 2430 2436 2700 6459 6460 6461 6462
589 16 2 1 1 951 1177 1338 1326 6463 6464 6465 6466
590 16 2 1 1 4129 3964 3849 3990 6412 6467 6468 6440
591 16 2 1 1 707 613 228 229 6469 6470 278 6471
592 16 2 1 1 2656 2843 2867 2690 6472 6473 6474 6475
593 16 2 1 1 3613 3637 3617 3724 5626 6476 6477 6478
594 16 2 1 1 941 1017 840 693 6479 6480 6481 5850
595 16 2 1 1 3468 3617 3637 3490 6482 6476 6483 6208
596 16 2 1 1 3610 3498 3714 3919 6484 6485 6446 6486
597 16 2 1 1 1300 1183 1003 1330 6487 6488 6489 6490
598 16 2 1 1 2387 2429 2132 2295 6491 6492 6493 6494
599 16 2 1 1 3552 3345 3498 3610 6495 6496 6484 6497
600 16 2 1 1 2288 2000 1772 2082 6498 6499 6359 6500
601 16 2 1 1 1258 1147 1019 824 6501 6502 6503 6504
602 16 2 1 1 4671 4855 4771 4680 6505 6506 6507 6428
603 16 2 1 1 2140 1937 2435 2250 6247 6508 6509 6510
604 16 2 1 1 964 1002 668 828 6511 6512 6513 6514
605 16 2 1 1 2914 2903 3111 3049 6515 6516 6517 6518
606 16 2 1 1 3688 3742 3649 3485 5461 6519 6520 5675
607 16 2 1 1 667 102 103 784 6521 202 6522 5957
608 16 2 1 1 2775 2664 2634 2466 6410 6523 6524 6525
609 16 2 1 1 3073 3261 2995 2957 6526 6527 6528 6529
610 16 2 1 1 3710 3854 3983 3951 6530 6531 6532 6533
611 16 2 1 1 3790 3787 3821 4026 6534 6535 6536 5636
612 16 2 1 1 2758 2630 2903 2914 6537 6538 6515 6539
613 16 2 1 1 1003 635 698 816 6540 6156 6541 6542
614 16 2 1 1 1772 1677 1458 1998 6543 6544 6545 6360
615 16 2 1 1 1650 2047 1913 1756 6546 6547 6548 6549
616 16 2 1 1 3569 3367 3240 3421 6550 6551 6552 6553
617 16 2 1 1 4943 4813 4637 4772 6554 6555 6556 6557
618 16 2 1 1 2479 2236 2152 1939 5562 6558 6559 6560
619 16 2 1 1 2149 1836 1848 1954 6561 6562 6563 6564
620 16 2 1 1 2430 2296 2099 2436 6565 6566 6567 6460
621 16 2 1 1 4337 4338 4219 4046 6568 6569 6570 6571
622 16 2 1 1 3448 3437 3691 3571 6572 6573 6574 6575
623 16 2 1 1 1492 1595 1414 1148 6576 5621 6577 6578
624 16 2 1 1 3921 4087 3879 3693 6579 6580 6581 6582
625 16 2 1 1 3805 3609 3569 3568 6583 6584 6585 6586
626 16 2 1 1 2684 2524 2438 2388 6587 6588 6589 6590
627 16 2 1 1 1545 1466 1303 1343 6591 6592 6593 6594
628 16 2 1 1 4721 4663 4567 4520 6595 6596 6597 6598
629 16 2 1 1 1327 837 1024 1124 6599 6600 6601 6340
630 16 2 1 1 1638 1520 1308 1675 6602 6603 6604 6456
631 16 2 1 1 5413 5374 5319 5286 6605 6606 6607 6319
632 16 2 1 1 4046 4219 4027 3819 6570 6608 6609 6610
633 16 2 1 1 2489 2488 2630 2758 6611 6612 6537 6613
634 16 2 1 1 5005 5052 4923 4874 6614 6615 6616 6617
635 16 2 1 1 3568 3569 3421 3212 6585 6553 6618 6619
636 16 2 1 1 1179 634 843 950 6620 6621 6622 5907
637 16 2 1 1 3473 3519 3490 3637 5792 6623 6483 5625
638 16 2 1 1 2484 2345 2199 2198 6624 6625 6626 6627
639 16 2 1 1 705 833 527 528 6628 6629 577 6630
640 16 2 1 1 807 671 844 1011 6631 6632 6633 6634
641 16 2 1 1 4831 4854 4673 4775 6635 6636 6637 6638
642 16 2 1 1 4875 4876 4946 4945 6639 6640 6641 6642
643 16 2 1 1 2918 2741 2636 2402 5577 6643 6644 6645
644 16 2 1 1 1996 2099 2296 1777 6646 6566 6647 6458
645 16 2 1 1 2978 2997 2979 3085 5855 6648 6649 6650
646 16 2 1 1 2740 2918 2402 2552 6651 6645 6652 6653
647 16 2 1 1 4355 4436 4262 4339 6654 6655 6656 6657
648 16 2 1 1 3371 3490 3519 3391 6209 6623 6658 6199
649 16 2 1 1 3092 2998 2815 3142 6659 6660 6661 6662
650 16 2 1 1 5286 5319 5141 5249 6607 6663 6664 6665
651 16 2 1 1 5204 5129 5205 5337 6666 6667 6668 6669
652 16 2 1 1 526 527 833 689 576 6629 6670 6671
653 16 2 1 1 635 1003 1183 829 6540 6488 6672 6086
654 16 2 1 1 1333 1447 1519 1118 6227 6673 6674 6675
655 16 2 1 1 3916 3829 3934 3978 6676 6677 6678 6679
656 16 2 1 1 1972 2048 1912 1813 6680 6681 6682 6683
657 16 2 1 1 3212 3421 3188 3108 6618 6684 6685 6686
658 16 2 1 1 2779 2777 2793 3038 6687 6688 6689 6690
659 16 2 1 1 2398 2351 2264 2574 6691 6692 6693 6694
660 16 2 1 1 4548 4615 4457 4535 6695 6696 6697 6698
661 16 2 1 1 1511 974 1191 1290 6699 6700 6701 6180
662 16 2 1 1 1651 1627 1527 1297 6702 6703 6704 6705
663 16 2 1 1 1169 699 841 944 6706 6707 6708 5755
664 16 2 1 1 1992 1452 1681 1795 6709 6710 6711 6712
665 16 2 1 1 702 703 836 817 6713 6714 6715 6716
666 16 2 1 1 1340 1124 1024 805 6717 6601 6718 6719
667 16 2 1 1 3583 3802 3829 3916 6720 6721 6676 6722
668 16 2 1 1 3084 3186 3030 2837 6723 5875 6724 6725
669 16 2 1 1 2398 2706 2551 2493 6726 6727 6728 6729
670 16 2 1 1 314 842 630 313 6730 6731 6732 413
671 16 2 1 1 3693 3879 3450 3642 6581 6733 6734 6735
672 16 2 1 1 5400 5284 5363 5424 6736 6737 5497 6738
673 16 2 1 1 3109 3189 2969 2889 6739 6740 6741 6742
674 16 2 1 1 1925 2184 1911 1812 6743 6744 6745 6746
675 16 2 1 1 3540 3476 3639 3586 5945 6747 6748 6749
676 16 2 1 1 1944 2013 1856 1801 6750 6751 6752 6753
677 16 2 1 1 4465 4585 4775 4673 6754 6755 6637 6756
678 16 2 1 1 5249 5141 5096 4981 6664 6757 6758 6759
679 16 2 1 1 2843 2979 2997 2867 6760 6648 6761 6473
680 16 2 1 1 2339 2112 2488 2489 6762 6763 6611 6764
681 16 2 1 1 4064 3959 3846 4023 6765 6766 6767 6768
682 16 2 1 1 1753 1754 1594 1302 6769 6770 6771 6772
683 16 2 1 1 4066 3933 3703 3880 6381 6422 6773 6774
684 16 2 1 1 3052 2810 2775 2513 6775 6411 6776 6777
685 16 2 1 1 3636 3463 3880 3703 6778 6779 6773 6780
686 16 2 1 1 3687 3488 3443 3566 6781 6782 6783 6784
687 16 2 1 1 2700 2815 2998 2519 6785 6660 6786 6462
688 16 2 1 1 2665 2717 2690 2867 6100 6787 6474 6788
689 16 2 1 1 1023 1118 1349 1022 6789 6790 6791 6792
690 16 2 1 1 944 1192 1344 1286 6793 6794 6795 5756
691 16 2 1 1 4972 4810 5051 5121 6796 6797 6798 6799
692 16 2 1 1 2402 2636 2093 2324 6644 6800 6801 6802
693 16 2 1 1 4146 4292 4221 4082 6803 6804 6805 6806
694 16 2 1 1 1591 962 1269 1391 6807 6808 6809 6810
695 16 2 1 1 1001 1005 707 830 6811 6812 6813 6052
696 16 2 1 1 2874 2715 2868 2994 6814 6815 6816 6817
697 16 2 1 1 3854 3710 3641 3612 6530 6818 6819 6820
698 16 2 1 1 5097 4981 4814 4948 6821 6822 6823 6824
699 16 2 1 1 4339 4262 4239 4061 6656 6825 6826 6827
700 16 2 1 1 3353 3268 3082 3400 6828 6829 6830 6831
701 16 2 1 1 4841 4890 4809 4743 6832 6833 6834 6835
702 16 2 1 1 3566 3443 3290 3267 6783 6836 6837 6838
703 16 2 1 1 3491 3372 3196 3456 6839 6840 6841 6842
704 16 2 1 1 2055 2202 2309 2337 6843 6844 6845 6846
705 16 2 1 1 1971 1815 1814 2199 5601 6847 6848 6849
706 16 2 1 1 5197 5057 5234 5342 6850 6851 6852 6853
707 16 2 1 1 4023 3846 3801 3729 6767 6854 6855 6856
708 16 2 1 1 2639 2364 2777 2779 6857 6302 6687 6858
709 16 2 1 1 2048 1949 1857 1627 6859 6860 6861 6862
710 16 2 1 1 4857 4833 4901 5017 6863 6864 6865 6866
711 16 2 1 1 1180 967 845 620 6252 6867 6868 6869
712 16 2 1 1 2351 2029 2208 2264 6870 6871 6872 6692
713 16 2 1 1 4804 4712 4810 4972 6873 6874 6796 6875
714 16 2 1 1 2137 2097 2440 2218 6176 6876 6877 6878
715 16 2 1 1 3021 2927 2823 2869 6879 6880 6881 6882
716 16 2 1 1 2664 2740 2552 2634 6883 6653 6884 6523
717 16 2 1 1 5407 5445 5408 5382 6885 5520 6886 6887
718 16 2 1 1 3612 3641 3352 3521 6819 6888 6889 6890
719 16 2 1 1 4535 4457 4437 4316 6697 6891 6892 6893
720 16 2 1 1 2210 2111 2224 2476 6894 6895 6896 6897
721 16 2 1 1 2146 1957 2003 2138 6898 6899 6900 6901
722 16 2 1 1 4945 4946 5018 5016 6641 6902 6903 6904
723 16 2 1 1 4890 4739 4685 4550 6905 6906 6907 6908
724 16 2 1 1 2388 2438 2301 2155 6589 6909 6910 6911
725 16 2 1 1 5046 4895 5078 5163 6912 6913 6914 6915
726 16 2 1 1 2442 2441 2086 2298 6357 6916 6917 6918
727 16 2 1 1 1616 1908 2064 1814 6919 6920 6921 6922
728 16 2 1 1 3261 3073 3521 3352 6526 6923 6889 6924
729 16 2 1 1 1680 1440 1355 1358 6925 6926 6927 6928
730 16 2 1 1 1756 1913 1893 1585 6548 6929 6930 6931
731 16 2 1 1 827 824 710 667 6932 6933 6934 5956
732 16 2 1 1 2063 1810 2112 2339 6935 6936 6762 6937
733 16 2 1 1 1797 1851 1461 1684 6938 6939 6940 6941
734 16 2 1 1 3619 3806 3671 3492 6942 6943 6944 6945
735 16 2 1 1 4722 4723 4595 4553 6946 6947 6948 6949
736 16 2 1 1 4776 4769 4949 4834 6950 6951 6952 6953
737 16 2 1 1 2493 2174 2351 2398 6954 6955 6691 6729
738 16 2 1 1 2797 3052 2513 2663 6956 6777 6957 6958
739 16 2 1 1 1166 1258 1105 1000 6959 6960 6961 6962
740 16 2 1 1 2556 2690 2717 2527 6963 6787 6964 5683
741 16 2 1 1 1682 1836 1853 1639 6965 6966 6967 6968
742 16 2 1 1 2264 2208 2108 2427 6872 6969 6152 6970
743 16 2 1 1 668 354 355 828 5944 454 6971 6513
744 16 2 1 1 1588 1491 1908 1616 6972 6973 6919 6974
745 16 2 1 1 3579 3741 3669 3455 6975 6976 6977 6978
746 16 2 1 1 2494 2324 2110 2209 6979 6980 6981 6982
747 16 2 1 1 3729 3801 3666 3570 6855 6983 6984 6985
748 16 2 1 1 1452 1361 1127 1681 6986 6987 6988 6710
749 16 2 1 1 1440 1680 1852 1840 6925 6989 6990 6991
750 16 2 1 1 1103 1098 1148 1414 6992 6993 6577 6994
751 16 2 1 1 2808 2907 2836 2965 5761 6995 6996 6997
752 16 2 1 1 3048 2892 2682 2771 6998 6999 7000 7001
753 16 2 1 1 4973 4958 4738 4859 7002 7003 7004 7005
754 16 2 1 1 1335 1193 969 1342 7006 7007 7008 6450
755 16 2 1 1 3611 3678 3563 3465 7009 7010 7011 7012
756 16 2 1 1 1334 1157 1190 1301 7013 7014 7015 7016
757 16 2 1 1 4536 4353 4553 4595 7017 7018 6948 7019
758 16 2 1 1 5055 5197 5129 5051 7020 7021 7022 7023
759 16 2 1 1 1609 1895 1450 1593 7024 7025 7026 7027
760 16 2 1 1 1297 1595 1492 1651 7028 6576 7029 6705
761 16 2 1 1 2285 1833 2006 2104 7030 7031 7032 6125
762 16 2 1 1 2238 2484 2198 2084 7033 6627 7034 7035
763 16 2 1 1 1390 1268 962 1591 7036 7037 6807 7038
764 16 2 1 1 5231 5275 5201 5077 7039 7040 7041 7042
765 16 2 1 1 1177 951 847 645 6463 7043 7044 7045
766 16 2 1 1 2841 2684 2525 2741 7046 7047 7048 5576
767 16 2 1 1 5082 4989 5253 5146 5725 7049 7050 7051
768 16 2 1 1 3354 3402 3089 3270 7052 7053 7054 7055
769 16 2 1 1 4554 4725 4475 4389 7056 6215 7057 7058
770 16 2 1 1 1173 630 842 992 7059 6731 7060 7061
771 16 2 1 1 2355 2267 2637 2496 7062 7063 7064 7065
772 16 2 1 1 4769 4776 4587 4688 6950 7066 7067 7068
773 16 2 1 1 5372 5371 5322 5300 7069 7070 7071 5581
774 16 2 1 1 5056 5180 5020 4898 7072 7073 7074 7075
775 16 2 1 1 1535 1676 1117 1366 7076 7077 7078 7079
776 16 2 1 1 4894 5046 4976 4888 7080 7081 7082 7083
777 16 2 1 1 2058 1763 2071 2354 7084 7085 7086 7087
778 16 2 1 1 5146 5253 5300 5322 7050 7088 7071 7089
779 16 2 1 1 4127 4059 4234 4235 7090 7091 7092 7093
780 16 2 1 1 4967 5055 5051 4810 7094 7023 6797 7095
781 16 2 1 1 4236 4229 4242 4428 7096 7097 7098 7099
782 16 2 1 1 3314 3234 3404 3434 7100 7101 7102 7103
783 16 2 1 1 5403 5283 5388 5439 7104 7105 5490 5509
784 16 2 1 1 1601 1468 1688 1849 7106 7107 7108 7109
785 16 2 1 1 2985 2982 3270 3089 7110 7111 7054 7112
786 16 2 1 1 1813 1912 1719 1592 6682 7113 7114 7115
787 16 2 1 1 3570 3666 3447 3366 6984 7116 7117 7118
788 16 2 1 1 4881 4758 4950 5008 7119 7120 7121 7122
789 16 2 1 1 5124 4995 5151 5240 7123 7124 7125 7126
790 16 2 1 1 4907 4886 5011 5083 7127 7128 7129 7130
791 16 2 1 1 1302 1594 1165 1146 6771 7131 7132 7133
792 16 2 1 1 2045 1903 2111 2210 7134 7135 6894 7136
793 16 2 1 1 2086 2009 2008 2298 7137 7138 7139 6917
794 16 2 1 1 1432 1116 1482 1683 7140 7141 7142 6223
795 16 2 1 1 4407 4440 4354 4458 7143 6329 7144 6324
796 16 2 1 1 4440 4407 4300 4169 7143 7145 7146 6115
797 16 2 1 1 2204 1929 1767 2057 7147 7148 7149 7150
798 16 2 1 1 5337 5383 5278 5244 7151 7152 7153 7154
799 16 2 1 1 1019 1018 851 716 7155 7156 7157 7158
800 16 2 1 1 4770 4655 4597 4561 7159 7160 7161 7162
801 16 2 1 1 3301 3067 3198 3377 7163 7164 7165 7166
802 16 2 1 1 3815 3577 3752 3981 7167 7168 7169 7170
803 16 2 1 1 4537 4371 4476 4634 7171 7172 7173 7174
804 16 2 1 1 4279 4216 4069 4154 7175 7176 7177 7178
805 16 2 1 1 1729 1583 1812 1911 7179 7180 6745 7181
806 16 2 1 1 5335 5269 5351 5434 7182 7183 7184 7185
807 16 2 1 1 4251 4162 4197 4409 7186 7187 7188 7189
808 16 2 1 1 5232 5162 5230 5285 5464 7190 7191 7192
809 16 2 1 1 4435 4434 4441 4621 7193 7194 7195 7196
810 16 2 1 1 1649 1590 1810 2063 7197 7198 6935 7199
811 16 2 1 1 4853 4750 4689 4539 6023 7200 7201 7202
812 16 2 1 1 4665 4572 4768 4844 7203 7204 7205 7206
813 16 2 1 1 4432 4620 4476 4371 7207 7208 7172 7209
814 16 2 1 1 962 692 939 1269 7210 7211 7212 6808
815 16 2 1 1 4366 4496 4688 4587 7213 7214 7067 7215
816 16 2 1 1 3263 3077 2802 3004 7216 5847 7217 7218
817 16 2 1 1 4123 4010 4229 4236 7219 7220 7096 7221
818 16 2 1 1 3366 3447 3294 3168 7117 7222 7223 7224
819 16 2 1 1 4647 4778 4449 4599 7225 7226 7227 7228
820 16 2 1 1 1502 1279 1150 1327 7229 7230 7231 6342
821 16 2 1 1 4389 4475 4368 4258 7057 7232 7233 7234
822 16 2 1 1 4634 4808 4635 4441 7235 7236 7237 7238
823 16 2 1 1 1674 1460 2005 1792 7239 7240 7241 7242
824 16 2 1 1 3827 4075 4092 3969 7243 7244 7245 5878
825 16 2 1 1 1594 1435 1166 1165 7246 7247 7248 7131
826 16 2 1 1 2200 1923 2070 2299 7249 7250 7251 7252
827 16 2 1 1 2959 2871 2674 3000 7253 7254 7255 7256
828 16 2 1 1 1957 1528 1441 2003 7257 7258 7259 6899
829 16 2 1 1 1427 1266 1491 1588 7260 7261 6972 7262
830 16 2 1 1 1593 1450 1433 1145 7026 6426 7263 7264
831 16 2 1 1 4951 4770 4861 4920 7265 7266 7267 7268
832 16 2 1 1 3465 3563 3433 3214 7011 5806 7269 7270
833 16 2 1 1 4628 4482 4572 4665 7271 7272 7203 7273
834 16 2 1 1 2249 2284 1942 2154 7274 7275 7276 7277
835 16 2 1 1 2823 2720 2541 2869 7278 7279 7280 6881
836 16 2 1 1 3800 3580 3825 4022 7281 7282 7283 7284
837 16 2 1 1 4340 4167 4371 4537 7285 7286 7171 7287
838 16 2 1 1 3177 2940 3234 3314 7288 7289 7100 7290
839 16 2 1 1 828 355 356 648 6971 455 7291 7292
840 16 2 1 1 2893 2753 2786 2977 7293 7294 7295 7296
841 16 2 1 1 831 648 356 357 7297 7291 456 7298
842 16 2 1 1 2064 2038 2084 2198 7299 7300 7034 7301
843 16 2 1 1 1467 1842 1858 1678 7302 7303 7304 7305
844 16 2 1 1 1814 1815 1753 1616 6847 7306 7307 6922
845 16 2 1 1 5121 5204 5066 4994 7308 7309 7310 7311
846 16 2 1 1 4539 4689 4344 4504 7201 7312 7313 7314
847 16 2 1 1 4325 4432 4371 4167 7315 7209 7286 7316
848 16 2 1 1 5448 5450 5438 5346 7317 7318 7319 7320
849 16 2 1 1 707 229 230 830 6471 279 6406 6813
850 16 2 1 1 4329 4137 4434 4435 7321 7322 7193 7323
851 16 2 1 1 1178 1025 1037 1129 7324 7325 7326 7327
852 16 2 1 1 2204 2175 2486 2346 7328 7329 7330 7331
853 16 2 1 1 4076 4169 4300 3930 5720 7146 7332 7333
854 16 2 1 1 3588 3330 3522 3751 7334 7335 7336 7337
855 16 2 1 1 2780 2683 3056 2839 7338 7339 7340 7341
856 16 2 1 1 3852 3716 3866 3944 7342 7343 7344 7345
857 16 2 1 1 3373 3256 3426 3493 6044 7346 7347 7348
858 16 2 1 1 5384 5390 5429 5354 7349 7350 7351 6375
859 16 2 1 1 2329 2091 2469 2629 7352 7353 7354 7355
860 16 2 1 1 4079 3968 3832 4030 7356 7357 7358 7359
861 16 2 1 1 4126 4333 4332 4233 7360 7361 7362 7363
862 16 2 1 1 2520 2697 3004 2802 7364 7365 7217 7366
863 16 2 1 1 5072 5154 5058 4977 7367 7368 7369 7370
864 16 2 1 1 2062 1910 1737 1648 7371 7372 7373 7374
865 16 2 1 1 1323 1228 1007 1322 6192 7375 7376 7377
866 16 2 1 1 3451 3574 3727 3681 7378 7379 7380 7381
867 16 2 1 1 2570 2548 2764 2907 7382 6401 7383 5764
868 16 2 1 1 4630 4565 4807 4662 7384 7385 7386 7387
869 16 2 1 1 815 1020 856 638 7388 7389 7390 7391
870 16 2 1 1 2208 1811 2060 2108 7392 7393 7394 6969
871 16 2 1 1 3705 3881 4093 3937 7395 7396 7397 5661
872 16 2 1 1 3577 3478 3523 3752 7398 7399 7400 7168
873 16 2 1 1 2183 1936 2267 2355 7401 7402 7062 7403
874 16 2 1 1 712 733 656 846 7404 7405 7406 7407
875 16 2 1 1 4526 4429 4565 4630 7408 7409 7384 7410
876 16 2 1 1 3573 3325 3526 3740 7411 7412 7413 7414
877 16 2 1 1 967 1013 704 845 7415 7416 7417 6867
878 16 2 1 1 699 1169 1007 831 6706 7418 7419 7420
879 16 2 1 1 1186 947 855 637 7421 7422 7423 7424
880 16 2 1 1 1341 821 972 1109 7425 7426 7427 7428
881 16 2 1 1 4014 3826 4130 4135 7429 7430 7431 7432
882 16 2 1 1 5343 5208 5346 5438 7433 7434 7319 7435
883 16 2 1 1 1239 955 1321 1503 7436 6047 7437 7438
884 16 2 1 1 3214 3433 3190 3110 7269 7439 7440 7441
885 16 2 1 1 2920 3145 2873 2640 7442 7443 7444 7445
886 16 2 1 1 3499 3343 3497 3594 7446 7447 7448 7449
887 16 2 1 1 824 827 1105 1258 6932 7450 6960 6504
888 16 2 1 1 4080 3922 4301 4136 7451 7452 7453 7454
889 16 2 1 1 3690 3677 3692 3906 7455 7456 7457 7458
890 16 2 1 1 4499 4505 4609 4568 7459 7460 7461 7462
891 16 2 1 1 3909 4015 3991 3843 7463 7464 7465 7466
892 16 2 1 1 1661 1803 1901 1633 7467 7468 7469 5967
893 16 2 1 1 848 651 1189 963 7470 7471 7472 7473
894 16 2 1 1 2852 2655 2372 2592 5856 5718 7474 7475
895 16 2 1 1 2575 2674 2871 2360 7476 7254 7477 7478
896 16 2 1 1 1525 1142 1363 1517 7479 7480 7481 7482
897 16 2 1 1 4738 4657 4691 4859 7483 7484 7485 7004
898 16 2 1 1 1359 1127 1040 803 7486 7487 7488 7489
899 16 2 1 1 4992 5122 5159 5094 7490 7491 7492 7493
900 16 2 1 1 3713 3857 3778 3662 7494 7495 7496 7497
901 16 2 1 1 4012 4126 4233 4002 7498 7363 7499 7500
902 16 2 1 1 1428 1317 1755 1589 7501 7502 7503 7504
903 16 2 1 1 2641 2865 2591 2540 7505 7506 7507 7508
904 16 2 1 1 4025 3980 4241 4133 7509 7510 7511 7512
905 16 2 1 1 4028 4131 4130 3826 7513 7514 7430 7515
906 16 2 1 1 5328 5404 5285 5230 7516 7517 7191 7518
907 16 2 1 1 3918 3905 3920 4121 7519 7520 7521 7522
908 16 2 1 1 4679 4561 4506 4467 7523 7524 7525 7526
909 16 2 1 1 1478 1516 1129 1375 6262 7527 7528 7529
910 16 2 1 1 4135 4340 4137 3920 7530 7531 7532 7533
911 16 2 1 1 3951 3983 3978 4091 6532 7534 7535 7536
912 16 2 1 1 4241 4085 4438 4321 7537 7538 7539 7540
913 16 2 1 1 2323 2494 2209 2039 7541 6982 7542 7543
914 16 2 1 1 4216 4279 4149 4068 7175 7544 7545 7546
915 16 2 1 1 4882 4916 4822 4747 7547 7548 7549 7550
916 16 2 1 1 4807 4648 4826 4969 7551 7552 7553 7554
917 16 2 1 1 4617 4462 4552 4677 7555 7556 7557 7558
918 16 2 1 1 1023 1022 859 725 6792 7559 7560 7561
919 16 2 1 1 4839 4910 4811 4726 7562 7563 7564 7565
920 16 2 1 1 1592 1719 1434 1136 7114 7566 7567 7568
921 16 2 1 1 2316 2443 1921 2157 7569 7570 7571 7572
922 16 2 1 1 1595 1297 1141 1320 7028 7573 7574 5622
923 16 2 1 1 2430 2519 2721 2431 6459 7575 7576 7577
924 16 2 1 1 3572 3753 3324 3525 7578 7579 7580 7581
925 16 2 1 1 5221 5313 5270 5173 5608 7582 7583 7584
926 16 2 1 1 2400 2616 2683 2780 7585 7586 7338 7587
927 16 2 1 1 970 1021 607 854 7588 7589 7590 7591
928 16 2 1 1 3101 2948 3121 3222 7592 7593 7594 7595
929 16 2 1 1 103 2 204 784 203 253 7596 6522
930 16 2 1 1 3590 3678 3611 3709 5816 7009 7597 7598
931 16 2 1 1 3113 3186 3084 3242 6087 6723 7599 7600
932 16 2 1 1 4887 4729 4812 4931 7601 7602 7603 7604
933 16 2 1 1 3858 3882 3639 3754 7605 7606 7607 7608
934 16 2 1 1 3914 3803 3980 4025 7609 7610 7509 7611
935 16 2 1 1 3977 3975 3719 3884 7612 7613 7614 7615
936 16 2 1 1 1506 1304 1197 957 5917 7616 7617 7618
937 16 2 1 1 1332 1280 1206 1178 7619 7620 7621 7622
938 16 2 1 1 3980 3958 4085 4241 7623 7624 7537 7510
939 16 2 1 1 3786 3909 3843 3605 7625 7466 7626 7627
940 16 2 1 1 1152 1174 836 1013 7628 7629 7630 7631
941 16 2 1 1 5128 5041 5134 5276 7632 7633 7634 7635
942 16 2 1 1 3476 3520 3754 3639 7636 7637 7607 6747
943 16 2 1 1 1628 1655 1322 1497 7638 7639 7640 7641
944 16 2 1 1 3555 3359 3677 3690 7642 7643 7455 7644
945 16 2 1 1 805 1024 715 719 6718 7645 7646 7647
946 16 2 1 1 3789 3602 3905 3918 7648 7649 7519 7650
947 16 2 1 1 3676 3798 3850 3658 7651 7652 7653 7654
948 16 2 1 1 969 850 713 1016 7655 7656 7657 7658
949 16 2 1 1 620 845 235 236 6868 7659 285 7660
950 16 2 1 1 2638 2553 2776 2899 7661 7662 7663 7664
951 16 2 1 1 619 530 531 839 6344 580 7665 7666
952 16 2 1 1 1285 1352 1158 945 7667 7668 7669 7670
953 16 2 1 1 1272 1106 1265 1500 7671 7672 7673 7674
954 16 2 1 1 4480 4250 4426 4582 5832 7675 7676 7677
955 16 2 1 1 4624 4444 4541 4678 7678 7679 7680 7681
956 16 2 1 1 1344 1192 974 1511 6794 7682 6699 7683
957 16 2 1 1 1457 1153 1337 1685 7684 7685 7686 7687
958 16 2 1 1 2414 2220 2158 1991 7688 7689 7690 7691
959 16 2 1 1 699 831 357 358 7420 7298 457 7692
960 16 2 1 1 829 1183 1004 737 6672 7693 7694 7695
961 16 2 1 1 4561 4679 4861 4770 7523 7696 7266 7162
962 16 2 1 1 4582 4649 4547 4480 7697 7698 7699 7677
963 16 2 1 1 4479 4492 4600 4584 6031 7700 7701 7702
964 16 2 1 1 3562 3481 3682 3785 7703 7704 7705 7706
965 16 2 1 1 2999 2825 2531 2724 7707 7708 7709 7710
966 16 2 1 1 835 312 313 630 7711 412 6732 7712
967 16 2 1 1 4550 4690 4809 4890 7713 7714 6833 6908
968 16 2 1 1 5085 4985 5255 5139 5822 7715 7716 7717
969 16 2 1 1 1634 1665 1344 1511 6157 7718 7683 6183
970 16 2 1 1 2911 2789 2929 3180 7719 7720 7721 7722
971 16 2 1 1 4277 4293 4399 4387 6035 7723 7724 7725
972 16 2 1 1 713 671 807 1016 7726 6631 7727 7657
973 16 2 1 1 2755 2756 2835 3042 7728 7729 7730 7731
974 16 2 1 1 4565 4442 4648 4807 7732 7733 7551 7385
975 16 2 1 1 5127 5042 5202 5203 7734 7735 7736 7737
976 16 2 1 1 2175 2204 2057 1878 7328 7150 7738 7739
977 16 2 1 1 4585 4465 4273 4400 6754 7740 7741 7742
978 16 2 1 1 2971 2973 2901 2659 5687 7743 7744 7745
979 16 2 1 1 4334 4140 4244 4375 7746 7747 7748 7749
980 16 2 1 1 4330 4195 4299 4395 7750 7751 7752 7753
981 16 2 1 1 5069 5100 4940 5023 7754 7755 7756 7757
982 16 2 1 1 4505 4499 4387 4399 7459 7758 7724 7759
983 16 2 1 1 694 652 940 941 7760 7761 7762 5849
984 16 2 1 1 1302 1588 1616 1753 7763 6974 7307 6772
985 16 2 1 1 3645 3643 3884 3719 7764 7765 7614 7766
986 16 2 1 1 3431 3298 3481 3562 7767 7768 7703 7769
987 16 2 1 1 705 528 529 832 6630 578 6343 7770
988 16 2 1 1 3829 4025 4133 3934 7771 7512 7772 6677
989 16 2 1 1 1908 1615 2038 2064 7773 7774 7299 6920
990 16 2 1 1 1212 1042 976 1134 7775 7776 7777 7778
991 16 2 1 1 1130 1016 807 1331 7779 7727 7780 7781
992 16 2 1 1 5438 5450 5412 5392 7318 7782 7783 7784
993 16 2 1 1 3362 3440 3683 3546 7785 7786 7787 7788
994 16 2 1 1 4424 4431 4456 4529 7789 7790 7791 7792
995 16 2 1 1 2636 2403 2353 2093 7793 7794 7795 6800
996 16 2 1 1 4925 5006 4827 4740 6103 5631 7796 6271
997 16 2 1 1 3802 3914 4025 3829 7797 7611 7771 6721
998 16 2 1 1 5126 5160 5102 5004 6147 7798 7799 5456
999 16 2 1 1 4971 4922 5042 5127 7800 7801 7734 7802
1000 16 2 1 1 1132 993 1173 1312 7803 7804 7805 7806
1001 16 2 1 1 4473 4536 4595 4609 7807 7019 7808 7809
1002 16 2 1 1 1627 1651 1912 2048 6702 7810 6681 6862
1003 16 2 1 1 2353 2211 1972 1970 7811 7812 7813 7814
1004 16 2 1 1 1968 2061 2352 2197 7815 7816 7817 7818
1005 16 2 1 1 5174 5256 5196 5089 7819 7820 7821 7822
1006 16 2 1 1 963 1015 718 848 7823 7824 7825 7473
1007 16 2 1 1 3560 3676 3658 3365 7826 7654 7827 7828
1008 16 2 1 1 3910 3844 4021 4119 7829 7830 7831 7832
1009 16 2 1 1 4342 4502 4601 4594 7833 7834 7835 7836
1010 16 2 1 1 1028 617 859 1022 7837 7838 7559 7839
1011 16 2 1 1 2465 2265 2553 2638 7840 7841 7661 7842
1012 16 2 1 1 4423 4256 4361 4495 7843 7844 7845 7846
1013 16 2 1 1 2891 2809 3315 3183 7847 7848 7849 7850
1014 16 2 1 1 5276 5343 5209 5202 7851 7852 7853 7854
1015 16 2 1 1 1505 956 1207 1289 7855 7856 7857 5965
1016 16 2 1 1 2292 2479 1939 2113 7858 6560 7859 7860
1017 16 2 1 1 737 504 505 829 7861 554 6084 7695
1018 16 2 1 1 3567 3807 3584 3322 7862 7863 7864 7865
1019 16 2 1 1 1978 2092 2155 1771 7866 7867 7868 7869
1020 16 2 1 1 1837 1838 2007 1980 6220 7870 7871 7872
1021 16 2 1 1 1289 1207 1032 1354 7857 7873 7874 7875
1022 16 2 1 1 3402 3354 3527 3520 7052 7876 7877 7878
1023 16 2 1 1 1564 1415 1376 1747 7879 7880 7881 7882
1024 16 2 1 1 4724 4629 4742 4893 7883 7884 7885 7886
1025 16 2 1 1 3791 3673 3844 3910 7887 7888 7829 7889
1026 16 2 1 1 5139 5255 5301 5326 7716 7890 7891 7892
1027 16 2 1 1 4799 4787 4974 4892 7893 7894 7895 7896
1028 16 2 1 1 4691 4657 4602 4469 7484 7897 7898 7899
1029 16 2 1 1 1860 1451 1699 1981 7900 7901 7902 7903
1030 16 2 1 1 2080 2294 2592 2372 7904 7905 7474 5860
1031 16 2 1 1 2987 3132 3026 2858 7906 7907 7908 7909
1032 16 2 1 1 2218 2440 2724 2531 6877 7910 7709 7911
1033 16 2 1 1 1822 1608 1535 1537 7912 7913 7914 7915
1034 16 2 1 1 3728 3800 4022 3845 7916 7284 7917 7918
1035 16 2 1 1 1026 1027 672 852 7919 7920 7921 7922
1036 16 2 1 1 850 969 1193 628 7655 7007 7923 7924
1037 16 2 1 1 1927 2121 2303 2273 6264 7925 7926 7927
1038 16 2 1 1 630 1173 993 835 7059 7804 7928 7712
1039 16 2 1 1 2965 3112 2976 2808 7929 5748 7930 6997
1040 16 2 1 1 1157 722 673 1190 7931 7932 7933 7014
1041 16 2 1 1 4085 4235 4320 4438 7934 7935 7936 7538
1042 16 2 1 1 1524 1290 1191 975 7937 6701 7938 7939
1043 16 2 1 1 803 625 863 1030 7940 7941 7942 7943
1044 16 2 1 1 1104 780 938 999 7944 7945 7946 7947
1045 16 2 1 1 1037 1025 857 626 7325 7948 7949 7950
1046 16 2 1 1 2503 2759 2830 3039 7951 7952 7953 7954
1047 16 2 1 1 654 231 232 702 6407 281 7955 7956
1048 16 2 1 1 4702 4701 4744 4842 7957 7958 7959 7960
1049 16 2 1 1 4589 4548 4535 4350 7961 6698 7962 7963
1050 16 2 1 1 1949 2048 1972 2211 6859 6680 7812 7964
1051 16 2 1 1 1569 1649 1755 1317 7965 7966 7502 7967
1052 16 2 1 1 1877 2062 1648 1487 7968 7374 7969 7970
1053 16 2 1 1 841 610 1192 944 7971 7972 6793 6708
1054 16 2 1 1 1043 1113 1369 791 7973 7974 7975 7976
1055 16 2 1 1 4593 4467 4402 4268 7977 7978 7979 7980
1056 16 2 1 1 1146 1427 1588 1302 7981 7262 7763 7133
1057 16 2 1 1 4893 5054 4922 4755 7982 7983 7984 7985
1058 16 2 1 1 4117 4009 4048 4196 7986 7987 7988 7989
1059 16 2 1 1 3319 3567 3322 3058 7990 7865 7991 7992
1060 16 2 1 1 2809 2891 2523 2763 7847 7993 7994 7995
1061 16 2 1 1 4854 4831 5023 4940 6635 7996 7756 7997
1062 16 2 1 1 3566 3444 3686 3687 7998 7999 8000 6784
1063 16 2 1 1 4534 4631 4498 4373 8001 8002 8003 8004
1064 16 2 1 1 1285 945 1202 1546 7670 8005 8006 8007
1065 16 2 1 1 4793 4785 4604 4695 8008 8009 8010 8011
1066 16 2 1 1 4075 4177 4198 4092 8012 8013 8014 7244
1067 16 2 1 1 2683 2635 2838 3056 8015 8016 8017 7339
1068 16 2 1 1 1443 1683 2014 1780 6224 8018 8019 8020
1069 16 2 1 1 1862 1802 2154 1942 8021 8022 7276 8023
1070 16 2 1 1 4021 3932 4031 4225 8024 8025 8026 8027
1071 16 2 1 1 1165 1166 1000 823 7248 6962 8028 8029
1072 16 2 1 1 5442 5418 5391 5344 8030 8031 8032 5983
1073 16 2 1 1 3054 3050 3058 3307 8033 8034 8035 8036
1074 16 2 1 1 992 1501 1312 1173 8037 8038 7805 7061
1075 16 2 1 1 1460 1674 1188 1360 7239 8039 8040 8041
1076 16 2 1 1 4720 4719 4755 4879 8042 8043 8044 8045
1077 16 2 1 1 654 702 817 1006 7956 6716 8046 6054
1078 16 2 1 1 1180 968 1125 1299 8047 8048 8049 6253
1079 16 2 1 1 2716 2868 2594 2578 8050 8051 8052 8053
1080 16 2 1 1 1181 950 843 709 6311 6622 8054 8055
1081 16 2 1 1 1791 1522 1703 1844 8056 8057 8058 8059
1082 16 2 1 1 4599 4449 4247 4403 7227 5702 8060 8061
1083 16 2 1 1 966 1012 708 849 8062 8063 8064 8065
1084 16 2 1 1 2301 2012 1771 2155 8066 8067 7868 6910
1085 16 2 1 1 1304 1350 1035 1197 8068 8069 8070 7616
1086 16 2 1 1 4966 5019 4919 4855 8071 8072 8073 8074
1087 16 2 1 1 3300 3560 3365 3136 8075 7828 8076 8077
1088 16 2 1 1 2009 1702 1864 2008 8078 8079 8080 7138
1089 16 2 1 1 5320 5213 5155 5183 8081 8082 8083 8084
1090 16 2 1 1 1383 978 1205 1530 8085 8086 8087 8088
1091 16 2 1 1 4725 4809 4690 4569 8089 7714 8090 6216
1092 16 2 1 1 3039 3099 3308 2785 8091 8092 8093 8094
1093 16 2 1 1 3844 3725 3932 4021 8095 8096 8024 7830
1094 16 2 1 1 4632 4724 4719 4474 8097 8098 8099 8100
1095 16 2 1 1 934 641 1000 1105 8101 8102 6961 8103
1096 16 2 1 1 1099 813 1136 1434 8104 8105 7567 8106
1097 16 2 1 1 4816 4929 4788 4638 5772 8107 8108 8109
1098 16 2 1 1 2203 2043 2265 2465 8110 8111 7840 8112
1099 16 2 1 1 4924 4908 4866 4739 8113 8114 8115 8116
1100 16 2 1 1 4923 4973 4891 4782 8117 8118 8119 8120
1101 16 2 1 1 4171 4198 4177 4263 5898 8013 8121 8122
1102 16 2 1 1 1172 1008 1117 1328 8123 8124 8125 6045
1103 16 2 1 1 4531 4710 4629 4471 8126 8127 8128 8129
1104 16 2 1 1 623 849 534 535 8130 8131 584 8132
1105 16 2 1 1 1150 966 837 1327 8133 8134 6599 7231
1106 16 2 1 1 1198 1041 1046 1142 8135 8136 8137 8138
1107 16 2 1 1 828 648 1228 964 7292 8139 6191 6514
1108 16 2 1 1 1330 1496 1539 1300 8140 8141 8142 6490
1109 16 2 1 1 3172 2953 3136 3319 8143 8144 8145 8146
1110 16 2 1 1 966 1150 1200 1012 8133 8147 8148 8062
1111 16 2 1 1 2919 2833 3055 3173 8149 8150 8151 8152
1112 16 2 1 1 4439 4275 4471 4632 8153 8154 8155 8156
1113 16 2 1 1 1008 798 1366 1117 6377 8157 7078 8124
1114 16 2 1 1 5339 5432 5354 5288 8158 6376 8159 8160
1115 16 2 1 1 835 993 810 669 7928 8161 8162 8163
1116 16 2 1 1 4930 4848 4727 4896 8164 8165 8166 8167
1117 16 2 1 1 5113 5181 5075 5015 8168 5468 8169 8170
1118 16 2 1 1 691 937 701 782 8171 8172 8173 8174
1119 16 2 1 1 4460 4549 4494 4380 8175 8176 8177 8178
1120 16 2 1 1 4619 4474 4719 4720 8179 8099 8042 8180
1121 16 2 1 1 1337 810 993 1132 8181 8161 7803 8182
1122 16 2 1 1 4834 4949 5104 4999 6952 8183 8184 8185
1123 16 2 1 1 957 861 717 1187 8186 8187 8188 8189
1124 16 2 1 1 2809 3043 3098 3315 8190 8191 8192 7848
1125 16 2 1 1 3828 4023 3729 3582 8193 6856 8194 8195
1126 16 2 1 1 4433 4372 4532 4533 8196 8197 8198 8199
1127 16 2 1 1 4382 4460 4380 4265 8200 8178 6297 8201
1128 16 2 1 1 4772 4637 4603 4446 6556 8202 8203 8204
1129 16 2 1 1 3182 3312 3439 3102 8205 8206 8207 8208
1130 16 2 1 1 4240 4439 4261 4125 8209 8210 8211 8212
1131 16 2 1 1 2752 2611 2833 2919 8213 8214 8149 8215
1132 16 2 1 1 3862 3930 4099 3700 8216 8217 8218 5868
1133 16 2 1 1 5116 5040 5068 5176 8219 8220 8221 8222
1134 16 2 1 1 861 957 1197 627 8186 7617 8223 8224
1135 16 2 1 1 839 1008 1172 619 6378 8123 5930 7666
1136 16 2 1 1 4238 4420 4275 4237 8225 8226 8227 8228
1137 16 2 1 1 1032 853 706 1033 8229 8230 8231 8232
1138 16 2 1 1 1114 1365 1532 1483 8233 8234 8235 8236
1139 16 2 1 1 1364 1125 968 804 8237 8048 8238 8239
1140 16 2 1 1 2583 2540 2448 2384 8240 8241 8242 8243
1141 16 2 1 1 1526 1373 1208 1527 8244 8245 8246 8247
1142 16 2 1 1 1668 1301 1540 1667 8248 8249 8250 8251
1143 16 2 1 1 1685 1789 1621 1457 8252 8253 8254 7687
1144 16 2 1 1 672 1027 818 714 7920 8255 8256 8257
1145 16 2 1 1 2612 2376 2686 2845 8258 8259 8260 8261
1146 16 2 1 1 4546 4650 4590 4452 8262 6310 8263 8264
1147 16 2 1 1 937 691 865 1038 8171 8265 8266 8267
1148 16 2 1 1 4878 4797 4830 4939 8268 8269 8270 8271
1149 16 2 1 1 656 737 1004 846 8272 7694 8273 7406
1150 16 2 1 1 2433 2161 2139 2228 8274 8275 8276 6326
1151 16 2 1 1 1212 1134 1533 1282 7778 8277 8278 8279
1152 16 2 1 1 4178 4035 4403 4247 8280 8281 8060 8282
1153 16 2 1 1 1124 1340 1534 1514 6717 8283 8284 6341
1154 16 2 1 1 2253 2578 2594 2434 8285 8052 8286 6438
1155 16 2 1 1 4113 4238 4237 3957 8287 8228 8288 8289
1156 16 2 1 1 3709 3853 3760 3590 8290 8291 8292 7598
1157 16 2 1 1 1803 1661 1521 1824 7467 8293 8294 6373
1158 16 2 1 1 2405 2345 2484 2628 5968 6624 8295 6051
1159 16 2 1 1 3975 3977 4200 4034 7612 8296 8297 8298
1160 16 2 1 1 715 1024 837 623 7645 6600 8299 8300
1161 16 2 1 1 2720 2391 2449 2541 8301 8302 8303 7279
1162 16 2 1 1 709 847 951 1181 8304 7043 8305 8055
1163 16 2 1 1 3682 3674 3726 3908 8306 8307 8308 8309
1164 16 2 1 1 1431 1731 1590 1426 8310 8311 8312 8313
1165 16 2 1 1 3230 3151 2927 3274 8314 8315 8316 8317
1166 16 2 1 1 2499 2723 2244 2450 8318 8319 8320 8321
1167 16 2 1 1 3440 3309 3545 3683 8322 8323 8324 7786
1168 16 2 1 1 4084 4183 4201 4091 8325 8326 8327 8328
1169 16 2 1 1 5098 4980 5183 5155 8329 8330 8083 8331
1170 16 2 1 1 1181 951 1326 1508 8305 6466 6009 6312
1171 16 2 1 1 2802 2980 2727 2520 5846 8332 8333 7366
1172 16 2 1 1 702 232 233 703 7955 282 8334 6713
1173 16 2 1 1 1112 1184 1371 1275 8335 8336 8337 8338
1174 16 2 1 1 1203 1355 1524 975 8339 8340 7939 8341
1175 16 2 1 1 3310 3555 3323 3059 8342 8343 8344 8345
1176 16 2 1 1 3524 3405 3648 3643 8346 8347 8348 8349
1177 16 2 1 1 1697 1464 1622 1802 8350 8351 8352 8353
1178 16 2 1 1 840 1017 1189 651 6480 5643 7471 8354
1179 16 2 1 1 1035 1036 721 860 8355 8356 8357 8358
1180 16 2 1 1 1345 1186 1018 1346 8359 8360 8361 8362
1181 16 2 1 1 1497 1322 1007 1169 7640 7376 7418 5754
1182 16 2 1 1 2898 2671 2820 2988 8363 8364 8365 8366
1183 16 2 1 1 3915 4132 3956 3804 8367 8368 8369 8370
1184 16 2 1 1 1496 1653 1710 1539 8371 8372 8373 8141
1185 16 2 1 1 4715 4767 4671 4579 8374 8375 6427 8376
1186 16 2 1 1 2916 3172 3050 2915 8377 8378 8379 8380
1187 16 2 1 1 689 834 525 526 8381 8382 575 6671
1188 16 2 1 1 3912 4113 3957 3911 8383 8289 8384 8385
1189 16 2 1 1 1321 1328 1536 1663 6046 8386 8387 8388
1190 16 2 1 1 1025 1178 1206 1029 7324 7621 8389 8390
1191 16 2 1 1 1503 1321 1663 1826 7437 8388 8391 5940
1192 16 2 1 1 2334 2083 2376 2612 8392 5650 8258 8393
1193 16 2 1 1 1942 2002 1689 1862 8394 8395 8396 8023
1194 16 2 1 1 4327 4152 4372 4433 8397 8398 8196 8399
1195 16 2 1 1 4057 4155 4047 3942 8400 8401 5885 8402
1196 16 2 1 1 1276 1495 1407 1149 8403 8404 8405 8406
1197 16 2 1 1 3320 3238 3445 3550 8407 8408 8409 8410
1198 16 2 1 1 669 311 312 835 8411 411 7711 8163
1199 16 2 1 1 3445 3323 3449 3673 8412 8413 8414 8415
1200 16 2 1 1 4231 4422 4335 4165 8416 8417 8418 8419
1201 16 2 1 1 1789 1685 1512 1832 8252 8420 8421 6079
1202 16 2 1 1 3002 2960 3148 3060 8422 8423 8424 8425
1203 16 2 1 1 1801 1856 1534 1698 6752 8426 8427 8428
1204 16 2 1 1 1952 1981 1699 1835 5901 7902 8429 8430
1205 16 2 1 1 1416 1386 1745 1581 8431 8432 8433 8434
1206 16 2 1 1 3670 3793 3622 3496 8435 8436 8437 8438
1207 16 2 1 1 2093 2353 1970 1948 7795 7814 8439 8440
1208 16 2 1 1 3563 3678 3512 3368 7010 5819 8441 5807
1209 16 2 1 1 1666 1171 1324 1462 8442 8443 8444 8445
1210 16 2 1 1 4173 4201 4183 4293 6383 8326 8446 6034
1211 16 2 1 1 1747 1376 1388 1584 7881 8447 8448 8449
1212 16 2 1 1 4622 4525 4562 4693 8450 8451 8452 8453
1213 16 2 1 1 1056 1055 867 731 8454 8455 8456 8457
1214 16 2 1 1 3781 3912 3911 3608 8458 8385 8459 8460
1215 16 2 1 1 1733 1487 1162 1413 8461 8462 8463 8464
1216 16 2 1 1 5184 5183 4980 5105 8465 8330 8466 8467
1217 16 2 1 1 651 848 546 547 7470 8468 596 8469
1218 16 2 1 1 1372 979 1057 1159 8470 8471 8472 8473
1219 16 2 1 1 2785 3308 3061 2964 8093 8474 8475 8476
1220 16 2 1 1 1106 787 1100 1265 8477 8478 8479 7672
1221 16 2 1 1 2672 2866 3149 2936 6334 8480 8481 8482
1222 16 2 1 1 1360 1160 1211 1306 8483 8484 8485 8486
1223 16 2 1 1 1840 1852 2157 1921 6990 8487 7571 8488
1224 16 2 1 1 4132 3957 4237 4240 8489 8288 8490 8491
1225 16 2 1 1 973 1034 678 875 8492 8493 8494 8495
1226 16 2 1 1 1509 1831 1653 1496 8496 8497 8371 8498
1227 16 2 1 1 965 846 1004 1151 8499 8273 8500 8501
1228 16 2 1 1 1259 953 1426 1569 8502 8503 8504 8505
1229 16 2 1 1 3048 2891 3183 3184 8506 7850 8507 8508
1230 16 2 1 1 5411 5428 5279 5394 8509 8510 8511 8512
1231 16 2 1 1 4904 5018 4946 4821 8513 6902 8514 8515
1232 16 2 1 1 3481 3446 3674 3682 8516 8517 8306 7704
1233 16 2 1 1 1669 1474 1299 1125 6221 5989 8049 8518
1234 16 2 1 1 3561 3788 3607 3337 8519 8520 8521 8522
1235 16 2 1 1 922 769 1076 1260 8523 8524 8525 8526
1236 16 2 1 1 1821 1694 1526 1857 8527 8528 8529 8530
1237 16 2 1 1 3242 3215 3020 3113 8531 8532 8533 7600
1238 16 2 1 1 2587 2584 2254 2451 8534 8535 8536 8537
1239 16 2 1 1 2761 3040 2800 2547 8538 8539 8540 8541
1240 16 2 1 1 637 98 99 851 8542 198 8543 8544
1241 16 2 1 1 3913 4114 4024 3847 8545 8546 8547 8548
1242 16 2 1 1 1020 815 1373 1135 7388 8549 8550 8551
1243 16 2 1 1 3582 3729 3570 3464 8194 6985 8552 8553
1244 16 2 1 1 1498 1438 1167 1323 8554 8555 6193 8556
1245 16 2 1 1 1530 1640 1864 1383 8557 8558 8559 8088
1246 16 2 1 1 1802 1862 1533 1697 8021 8560 8561 8353
1247 16 2 1 1 3840 4057 3942 3702 8562 8402 8563 8564
1248 16 2 1 1 4663 4714 4631 4567 5540 8565 8566 6596
1249 16 2 1 1 1153 1033 810 1337 8567 8568 8181 7685
1250 16 2 1 1 4040 4154 4069 3928 8569 7177 8570 8571
1251 16 2 1 1 963 1141 1208 1015 8572 8573 8574 7823
1252 16 2 1 1 1970 1972 1813 1626 7813 6683 8575 8576
1253 16 2 1 1 1512 1132 1312 1456 8577 7806 8578 8579
1254 16 2 1 1 854 607 56 57 7590 8580 156 8581
1255 16 2 1 1 1159 1468 1538 1372 8582 8583 8584 8473
1256 16 2 1 1 2763 2623 3043 2809 8585 8586 8190 7995
1257 16 2 1 1 4386 4483 4381 4280 5831 8587 8588 8589
1258 16 2 1 1 1842 1926 2160 1858 8590 8591 8592 7303
1259 16 2 1 1 3098 3180 3309 3440 8593 8594 8322 8595
1260 16 2 1 1 5298 5316 5168 5257 8596 8597 8598 8599
1261 16 2 1 1 4695 4604 4411 4510 8010 8600 8601 8602
1262 16 2 1 1 3238 3059 3323 3445 8603 8344 8412 8408
1263 16 2 1 1 1025 1029 723 857 8390 8604 8605 7948
1264 16 2 1 1 5203 5314 5227 5074 8606 8607 8608 8609
1265 16 2 1 1 1928 2130 1656 1830 6133 8610 8611 8612
1266 16 2 1 1 4080 3972 3834 3922 8613 8614 8615 7451
1267 16 2 1 1 2751 2916 2915 2517 8616 8380 8617 8618
1268 16 2 1 1 1301 1190 947 1540 7015 8619 8620 8249
1269 16 2 1 1 3313 3561 3337 3103 8621 8522 8622 8623
1270 16 2 1 1 791 676 869 1043 8624 8625 8626 7976
1271 16 2 1 1 1833 1696 1510 2006 8627 8628 8629 7031
1272 16 2 1 1 1462 1774 1863 1666 5977 8630 8631 8445
1273 16 2 1 1 5344 5391 5206 5327 8032 8632 8633 8634
1274 16 2 1 1 1031 677 868 971 8635 8636 8637 8638
1275 16 2 1 1 3782 3913 3847 3684 8639 8548 8640 8641
1276 16 2 1 1 2113 1953 2136 2292 5740 8642 6237 7860
1277 16 2 1 1 1280 1332 1699 1451 7619 8643 7901 8644
1278 16 2 1 1 1336 1026 1193 1335 8645 8646 7006 8647
1279 16 2 1 1 3174 3032 3238 3320 8648 8649 8407 8650
1280 16 2 1 1 1364 1206 1280 1476 8651 7620 8652 8653
1281 16 2 1 1 1667 1540 1345 1687 8250 8654 8655 6002
1282 16 2 1 1 1118 1023 818 1333 6789 8656 8657 6675
1283 16 2 1 1 1771 1658 1459 1978 8658 8659 8660 7869
1284 16 2 1 1 2632 2898 2772 2609 8661 8662 8663 8664
1285 16 2 1 1 2613 2765 2908 2577 8665 8666 8667 8668
1286 16 2 1 1 846 965 858 712 8499 8669 8670 7407
1287 16 2 1 1 1287 1657 1462 1324 6062 5978 8444 5909
1288 16 2 1 1 1044 864 727 1045 8671 8672 8673 8674
1289 16 2 1 1 1795 2139 2161 1992 8675 8275 8676 6712
1290 16 2 1 1 1698 1453 1865 1801 8677 8678 8679 8428
1291 16 2 1 1 1693 1306 1544 1691 8680 8681 8682 8683
1292 16 2 1 1 1976 2123 1934 1818 8684 8685 8686 5827
1293 16 2 1 1 798 1012 1200 1366 8687 8148 8688 8157
1294 16 2 1 1 5420 5443 5385 5395 8689 8690 8691 5529
1295 16 2 1 1 1570 1296 1750 1904 8692 8693 8694 8695
1296 16 2 1 1 4487 4384 4603 4577 5787 8696 8697 8698
1297 16 2 1 1 4016 4181 4049 3839 8699 8700 8701 8702
1298 16 2 1 1 2365 2715 2725 2586 8703 8704 8705 8706
1299 16 2 1 1 2104 2006 1863 2152 7032 8707 8708 8709
1300 16 2 1 1 3564 3782 3684 3482 8710 8641 8711 8712
1301 16 2 1 1 1958 1868 1705 2010 8713 8714 8715 8716
1302 16 2 1 1 1491 1281 1615 1908 8717 8718 7773 6973
1303 16 2 1 1 1520 958 1213 1308 8719 8720 8721 6603
1304 16 2 1 1 3147 3095 2878 3015 8722 8723 8724 8725
1305 16 2 1 1 316 894 697 315 8726 8727 8728 415
1306 16 2 1 1 1658 1771 2012 1629 8658 8067 8729 5919
1307 16 2 1 1 1735 2035 1764 1644 8730 8731 8732 8733
1308 16 2 1 1 1728 1446 1881 2041 8734 8735 8736 8737
1309 16 2 1 1 4020 3956 4125 4223 8738 8739 8740 8741
1310 16 2 1 1 1484 1531 1217 1379 8742 8743 8744 8745
1311 16 2 1 1 2872 2827 3007 2960 8746 8747 8748 8749
1312 16 2 1 1 2237 2268 2403 2525 5711 8750 8751 8752
1313 16 2 1 1 844 634 1179 1011 8753 6620 8754 6633
1314 16 2 1 1 3985 4053 4202 3820 8755 8756 8757 8758
1315 16 2 1 1 974 1192 610 884 7682 7972 8759 8760
1316 16 2 1 1 4705 4759 4645 4589 6308 8761 8762 8763
1317 16 2 1 1 1835 1613 1773 1952 6260 8764 8765 8430
1318 16 2 1 1 1179 1324 1171 1011 5906 8443 8766 8754
1319 16 2 1 1 1521 1354 1153 1457 8767 8768 7684 8769
1320 16 2 1 1 2350 2338 2633 2492 8770 8771 8772 8773
1321 16 2 1 1 2472 2230 2517 2773 8774 8775 8776 8777
1322 16 2 1 1 5281 5393 5143 5261 5483 8778 8779 8780
1323 16 2 1 1 3436 3564 3482 3211 8781 8712 8782 8783
1324 16 2 1 1 1691 1544 1382 1692 8682 8784 8785 8786
1325 16 2 1 1 4951 4920 5105 4980 7268 8787 8466 8788
1326 16 2 1 1 1325 1418 1732 1473 5810 8789 8790 8791
1327 16 2 1 1 1199 650 871 956 8792 8793 8794 8795
1328 16 2 1 1 2027 1775 2115 2269 8796 8797 8798 8799
1329 16 2 1 1 3698 3831 3775 3586 8800 8801 8802 8803
1330 16 2 1 1 852 628 1193 1026 8804 7923 8646 7922
1331 16 2 1 1 620 862 968 1180 8805 8806 8047 6869
1332 16 2 1 1 4656 4687 4459 4606 8807 8808 8809 8810
1333 16 2 1 1 3088 3124 2814 3010 8811 8812 8813 8814
1334 16 2 1 1 1451 1630 1476 1280 8815 8816 8652 8644
1335 16 2 1 1 1581 1884 1615 1281 8817 8818 8718 8819
1336 16 2 1 1 703 233 234 704 8334 283 8820 8821
1337 16 2 1 1 711 695 814 995 6119 8822 8823 8824
1338 16 2 1 1 785 693 549 550 5851 8825 599 8826
1339 16 2 1 1 2610 2415 2577 2701 8827 8828 8829 8830
1340 16 2 1 1 4821 4946 4876 4773 8514 6640 8831 8832
1341 16 2 1 1 1151 1004 1183 1300 8500 7693 6487 8833
1342 16 2 1 1 2480 2751 2517 2230 8834 8618 8775 8835
1343 16 2 1 1 3043 2911 3180 3098 8836 7722 8593 8191
1344 16 2 1 1 2801 3006 2538 2602 8837 8838 8839 8840
1345 16 2 1 1 1792 1843 1532 1674 8841 8842 8843 7242
1346 16 2 1 1 3479 3623 3758 3737 8844 8845 8846 8847
1347 16 2 1 1 2689 2667 3010 2814 5769 8848 8813 8849
1348 16 2 1 1 806 1078 1413 1162 8850 8851 8463 8852
1349 16 2 1 1 1639 1215 1121 1682 8853 8854 8855 6968
1350 16 2 1 1 2498 2693 2454 2220 6169 8856 8857 8858
1351 16 2 1 1 2891 3048 2771 2523 8506 7001 8859 7993
1352 16 2 1 1 849 623 837 966 8130 8299 8134 8065
1353 16 2 1 1 2447 2213 2166 1999 8860 8861 8862 8863
1354 16 2 1 1 1543 1465 1605 1854 8864 8865 8866 8867
1355 16 2 1 1 2349 2610 2491 2328 8868 8869 8870 8871
1356 16 2 1 1 2766 3046 2806 2549 8872 8873 8874 8875
1357 16 2 1 1 3788 3608 3911 3915 8876 8459 8877 8878
1358 16 2 1 1 3349 3394 3123 3277 8879 8880 8881 8882
1359 16 2 1 1 2586 2313 2293 2365 8883 8884 8885 8706
1360 16 2 1 1 2782 2501 2774 2897 8886 8887 8888 8889
1361 16 2 1 1 1366 1200 1537 1535 8688 8890 7914 7079
1362 16 2 1 1 1935 2410 2241 2122 6015 8891 8892 8893
1363 16 2 1 1 2859 2817 3011 2982 6172 8894 8895 8896
1364 16 2 1 1 4638 4788 4447 4608 8108 8897 8898 8899
1365 16 2 1 1 1171 1666 1510 1331 8442 8900 8901 8902
1366 16 2 1 1 4694 4692 4443 4607 8903 8904 8905 8906
1367 16 2 1 1 1483 1680 1358 1114 8907 6928 8908 8236
1368 16 2 1 1 4856 4722 4754 4947 8909 8910 8911 8912
1369 16 2 1 1 1676 1535 1608 1841 7076 7913 8913 8914
1370 16 2 1 1 2199 2345 2164 1971 6625 5971 8915 6849
1371 16 2 1 1 1456 1312 1501 1631 8578 8038 5838 8916
1372 16 2 1 1 5246 5229 5394 5279 8917 8918 8511 8919
1373 16 2 1 1 1201 973 875 658 8920 8495 8921 8922
1374 16 2 1 1 2467 2632 2609 2260 8923 8664 8924 8925
1375 16 2 1 1 4187 4102 3940 4232 8926 8927 8928 8929
1376 16 2 1 1 2092 1978 1821 2119 7866 8930 8931 5713
1377 16 2 1 1 2850 2692 2544 2851 8932 8933 8934 8935
1378 16 2 1 1 1021 970 1210 1184 7588 8936 8937 8938
1379 16 2 1 1 1493 1435 1594 1754 6345 7246 6770 8939
1380 16 2 1 1 1276 1444 1654 1495 8940 8941 8942 8403
1381 16 2 1 1 2524 2581 2311 2438 8943 8944 8945 6588
1382 16 2 1 1 1206 1364 804 1029 8651 8239 8946 8389
1383 16 2 1 1 1291 1507 943 1174 6057 8947 8948 8949
1384 16 2 1 1 3297 3373 3202 3086 6041 8950 8951 8952
1385 16 2 1 1 703 704 1013 836 8821 7416 7630 6714
1386 16 2 1 1 3901 3804 3956 4020 8953 8369 8738 8954
1387 16 2 1 1 1139 1351 820 1034 8955 8956 8957 8958
1388 16 2 1 1 727 726 799 1045 8959 8960 8961 8673
1389 16 2 1 1 670 839 531 532 6379 7665 581 8962
1390 16 2 1 1 638 718 1015 815 8963 7824 8964 7391
1391 16 2 1 1 1969 2113 1939 1774 5737 7859 8965 5976
1392 16 2 1 1 1189 1320 1141 963 5642 7574 8572 7472
1393 16 2 1 1 4457 4520 4355 4437 8966 8967 8968 6891
1394 16 2 1 1 4556 4605 4570 4701 5547 8969 8970 8971
1395 16 2 1 1 4848 4847 4636 4790 8972 8973 8974 8975
1396 16 2 1 1 2371 2275 2118 2564 6211 8976 8977 5802
1397 16 2 1 1 1524 1355 1440 1636 8340 6926 8978 8979
1398 16 2 1 1 3424 3671 3464 3292 8980 8981 8982 8983
1399 16 2 1 1 1184 1112 792 1021 8335 8984 8985 8938
1400 16 2 1 1 1656 1822 1537 1279 8986 7915 8987 8988
1401 16 2 1 1 1360 1306 1693 1460 8486 8680 8989 8041
1402 16 2 1 1 1830 1611 2162 1928 6194 8990 8991 8612
1403 16 2 1 1 3464 3570 3366 3292 8552 7118 8992 8982
1404 16 2 1 1 1819 1820 1973 2117 8993 8994 8995 8996
1405 16 2 1 1 2533 2713 3012 2866 6391 8997 8998 6333
1406 16 2 1 1 1717 1804 1625 1486 8999 9000 9001 9002
1407 16 2 1 1 3680 3604 3799 3902 9003 9004 9005 9006
1408 16 2 1 1 1011 1171 1331 807 8766 8902 7780 6634
1409 16 2 1 1 2560 2453 2163 2276 9007 9008 9009 5858
1410 16 2 1 1 2352 2196 2399 2616 9010 9011 9012 9013
1411 16 2 1 1 1586 1347 1515 1735 9014 9015 9016 9017
1412 16 2 1 1 943 1164 1006 817 9018 5679 8046 9019
1413 16 2 1 1 1915 2153 2451 2254 9020 9021 8536 9022
1414 16 2 1 1 1355 1203 1053 1358 8339 9023 9024 6927
1415 16 2 1 1 2490 2752 2553 2265 9025 9026 7841 9027
1416 16 2 1 1 2245 2278 2015 2130 9028 9029 9030 6135
1417 16 2 1 1 2503 3039 2785 2765 7954 8094 9031 9032
1418 16 2 1 1 4385 4259 4606 4459 5778 9033 8809 9034
1419 16 2 1 1 2448 2143 2315 2384 9035 9036 9037 8242
1420 16 2 1 1 2649 2726 3013 2794 9038 9039 9040 9041
1421 16 2 1 1 1769 1860 2163 1930 9042 9043 9044 9045
1422 16 2 1 1 3055 3047 3081 3298 9046 9047 9048 9049
1423 16 2 1 1 1464 1697 1377 1161 8350 9050 9051 9052
1424 16 2 1 1 1147 1258 1166 1435 6501 6959 7247 6348
1425 16 2 1 1 3820 3994 3756 3766 9053 9054 9055 9056
1426 16 2 1 1 637 855 97 98 7423 9057 197 8542
1427 16 2 1 1 2698 2695 2363 2596 9058 9059 9060 9061
1428 16 2 1 1 3509 3590 3760 3510 5817 8292 9062 9063
1429 16 2 1 1 2912 3174 3047 2662 9064 9065 9066 9067
1430 16 2 1 1 2391 2021 1959 2449 9068 9069 9070 8302
1431 16 2 1 1 626 857 240 241 7949 9071 290 9072
1432 16 2 1 1 2493 2551 2774 2219 6728 9073 9074 9075
1433 16 2 1 1 3009 3008 3152 3083 9076 9077 9078 9079
1434 16 2 1 1 3824 3987 3575 3763 9080 9081 9082 9083
1435 16 2 1 1 4947 4986 4904 4856 9084 9085 9086 8912
1436 16 2 1 1 2735 2876 2357 2601 9087 9088 9089 9090
1437 16 2 1 1 1977 1824 1621 2122 6370 9091 9092 9093
1438 16 2 1 1 1174 1152 1542 1291 7628 9094 9095 8949
1439 16 2 1 1 4997 5084 5257 5168 5774 9096 8598 5758
1440 16 2 1 1 1158 1352 1541 1196 7668 9097 9098 9099
1441 16 2 1 1 923 1264 1081 775 9100 9101 9102 9103
1442 16 2 1 1 1689 1613 1478 1282 9104 6263 9105 9106
1443 16 2 1 1 3035 3297 3086 2971 9107 8952 5684 9108
1444 16 2 1 1 1608 1822 2015 1951 7912 9109 9110 9111
1445 16 2 1 1 4463 4498 4631 4714 6307 8002 8565 9112
1446 16 2 1 1 1040 728 625 803 9113 9114 7940 7488
1447 16 2 1 1 1518 1139 1381 1461 9115 9116 9117 9118
1448 16 2 1 1 1860 1769 1630 1451 9042 9119 8815 7900
1449 16 2 1 1 1696 1455 1342 1130 9120 6451 9121 9122
1450 16 2 1 1 1013 967 1329 1152 7415 6251 9123 7631
1451 16 2 1 1 2103 2294 1773 2002 9124 9125 9126 9127
1452 16 2 1 1 2223 2420 2331 2170 9128 9129 9130 9131
1453 16 2 1 1 3586 3775 3661 3540 8802 9132 9133 6749
1454 16 2 1 1 4187 4232 4172 4276 8929 9134 9135 6108
1455 16 2 1 1 1207 956 871 636 7856 8794 9136 9137
1456 16 2 1 1 1785 1825 1542 1664 5894 9138 9139 6206
1457 16 2 1 1 1841 1839 1536 1676 6266 9140 9141 8914
1458 16 2 1 1 627 540 541 861 9142 590 9143 8224
1459 16 2 1 1 4692 4694 4867 4728 8903 9144 9145 9146
1460 16 2 1 1 4797 4654 4731 4830 9147 9148 9149 8269
1461 16 2 1 1 2294 2080 1952 1773 7904 5902 8765 9125
1462 16 2 1 1 3457 3656 3418 3351 9150 9151 9152 6385
1463 16 2 1 1 627 860 539 540 9153 9154 589 9142
1464 16 2 1 1 1139 1518 1701 1351 9115 9155 9156 8955
1465 16 2 1 1 3689 3607 3804 3901 9157 9158 8953 9159
1466 16 2 1 1 2636 2741 2525 2403 6643 7048 8751 7793
1467 16 2 1 1 1698 1154 1350 1453 9160 9161 9162 8677
1468 16 2 1 1 2589 2457 2422 2719 9163 9164 9165 9166
1469 16 2 1 1 1362 1307 1216 977 9167 9168 9169 9170
1470 16 2 1 1 860 627 1197 1035 9153 8223 8070 8358
1471 16 2 1 1 3809 3986 3767 3768 9171 9172 9173 9174
1472 16 2 1 1 2178 2480 2230 2036 9175 8835 9176 9177
1473 16 2 1 1 1092 1091 1120 1400 9178 9179 9180 9181
1474 16 2 1 1 1694 1459 1305 1135 9182 9183 9184 9185
1475 16 2 1 1 1920 2150 2020 1800 9186 9187 9188 9189
1476 16 2 1 1 693 840 548 549 6481 9190 598 8825
1477 16 2 1 1 3835 3764 3635 3887 9191 9192 9193 9194
1478 16 2 1 1 817 836 1174 943 6715 7629 8948 9019
1479 16 2 1 1 2928 3115 3027 2829 9195 9196 9197 9198
1480 16 2 1 1 2747 3026 2900 2686 9199 9200 9201 9202
1481 16 2 1 1 3279 3005 3157 3278 9203 9204 9205 9206
1482 16 2 1 1 4402 4211 4055 4268 9207 9208 9209 7979
1483 16 2 1 1 1203 975 886 659 8341 9210 9211 9212
1484 16 2 1 1 1497 1286 1499 1628 5753 9213 9214 7641
1485 16 2 1 1 5076 5190 4909 5030 9215 9216 9217 9218
1486 16 2 1 1 5079 5061 5258 5148 9219 9220 9221 9222
1487 16 2 1 1 2565 2375 2103 2284 6098 9223 9224 9225
1488 16 2 1 1 1282 1478 1375 1212 9105 7529 9226 8279
1489 16 2 1 1 1051 881 739 1052 9227 9228 9229 9230
1490 16 2 1 1 5178 5223 5161 5095 9231 9232 9233 9234
1491 16 2 1 1 303 782 252 3 9235 9236 302 402
1492 16 2 1 1 620 236 237 862 7660 286 9237 8805
1493 16 2 1 1 710 824 1019 716 6933 6503 7158 9238
1494 16 2 1 1 5052 5076 5030 4958 9239 9218 9240 9241
1495 16 2 1 1 4813 4944 4791 4637 6364 9242 9243 6555
1496 16 2 1 1 4096 4054 4308 4163 9244 9245 9246 9247
1497 16 2 1 1 1382 1372 1538 1692 9248 8584 9249 8785
1498 16 2 1 1 2627 2912 2662 2380 9250 9067 9251 9252
1499 16 2 1 1 2098 1977 2122 2241 9253 9093 8892 9254
1500 16 2 1 1 1362 1465 1543 1307 9255 8864 9256 9167
1501 16 2 1 1 1889 1715 2043 2203 9257 9258 8110 9259
1502 16 2 1 1 5009 4996 5187 5061 9260 9261 9262 9263
1503 16 2 1 1 1016 1130 1342 969 7779 9121 7008 7658
1504 16 2 1 1 3853 3709 3846 3959 8290 9264 6766 6434
1505 16 2 1 1 779 55 56 607 9265 155 8580 9266
1506 16 2 1 1 1054 1053 887 746 9267 9268 9269 9270
1507 16 2 1 1 5272 5200 5210 5283 9271 9272 9273 9274
1508 16 2 1 1 1279 1502 1830 1656 7229 6195 8611 8988
1509 16 2 1 1 5223 5340 5274 5161 9275 9276 9277 9232
1510 16 2 1 1 856 1020 1187 717 7389 9278 8188 9279
1511 16 2 1 1 2409 2528 2368 2270 9280 9281 9282 5665
1512 16 2 1 1 2375 2592 2294 2103 9283 7905 9124 9223
1513 16 2 1 1 3547 3364 3604 3680 9284 9285 9003 9286
1514 16 2 1 1 4644 4610 4611 4792 9287 9288 9289 9290
1515 16 2 1 1 1705 1617 1760 2010 9291 9292 9293 8715
1516 16 2 1 1 2190 2467 2260 1933 9294 8925 9295 9296
1517 16 2 1 1 5105 4920 4820 5021 8787 9297 9298 9299
1518 16 2 1 1 2122 1621 1789 1935 9092 8253 6078 8893
1519 16 2 1 1 1785 1837 1980 2120 6205 7872 9300 5895
1520 16 2 1 1 4773 4876 4661 4584 8831 9301 9302 9303
1521 16 2 1 1 1532 1365 1188 1674 8234 9304 8039 8843
1522 16 2 1 1 1447 1997 1794 1519 6454 9305 9306 6673
1523 16 2 1 1 699 358 359 841 7692 458 9307 6707
1524 16 2 1 1 2665 2852 2592 2375 9308 7475 9283 6101
1525 16 2 1 1 862 674 804 968 9309 9310 8238 8806
1526 16 2 1 1 1036 1035 1350 1154 8355 8069 9161 9311
1527 16 2 1 1 2099 1996 1871 2142 6646 9312 9313 9314
1528 16 2 1 1 1924 2201 1905 1606 9315 9316 9317 9318
1529 16 2 1 1 4189 4306 3953 3993 9319 9320 9321 9322
1530 16 2 1 1 4602 4453 4251 4409 9323 9324 7189 9325
1531 16 2 1 1 1769 2007 1838 1630 9326 7870 9327 9119
1532 16 2 1 1 3983 3917 3916 3978 9328 9329 6679 7534
1533 16 2 1 1 1256 961 1296 1570 9330 9331 8692 9332
1534 16 2 1 1 805 1036 1154 1340 9333 9311 9334 6719
1535 16 2 1 1 1620 2136 1953 1831 9335 8642 9336 9337
1536 16 2 1 1 3837 3963 4203 4035 9338 9339 9340 9341
1537 16 2 1 1 1465 1362 1115 1522 9255 9342 9343 9344
1538 16 2 1 1 1516 1835 1699 1332 6261 8429 8643 9345
1539 16 2 1 1 2668 2564 2413 2691 5803 9346 9347 9348
1540 16 2 1 1 4714 4555 4351 4463 5539 9349 9350 9112
1541 16 2 1 1 5102 5160 5260 5064 7798 9351 9352 9353
1542 16 2 1 1 1367 1201 1051 1368 9354 9355 9356 9357
1543 16 2 1 1 1941 2125 1623 1825 5871 9358 9359 5893
1544 16 2 1 1 3721 3745 3889 3834 9360 9361 9362 9363
1545 16 2 1 1 1993 2154 1802 1622 9364 8022 8352 9365
1546 16 2 1 1 866 646 1213 958 9366 9367 8720 9368
1547 16 2 1 1 1290 1524 1636 1834 7937 8979 9369 6181
1548 16 2 1 1 2344 2627 2380 2090 9370 9252 9371 9372
1549 16 2 1 1 3748 3749 3989 3811 9373 9374 9375 9376
1550 16 2 1 1 725 714 818 1023 9377 8256 8656 7561
1551 16 2 1 1 2189 2464 2262 1945 9378 9379 9380 9381
1552 16 2 1 1 4930 4896 5107 4978 8167 9382 9383 9384
1553 16 2 1 1 1667 1784 1866 1668 6001 9385 9386 8251
1554 16 2 1 1 1961 2157 1852 1604 9387 8487 9388 9389
1555 16 2 1 1 2723 2499 2878 2827 8318 9390 9391 9392
1556 16 2 1 1 3400 3485 3649 3353 6287 6520 9393 6831
1557 16 2 1 1 1049 616 872 1041 9394 9395 9396 9397
1558 16 2 1 1 1194 1391 1269 1096 9398 6809 9399 9400
1559 16 2 1 1 1695 1438 1603 1820 9401 9402 9403 9404
1560 16 2 1 1 669 706 310 311 9405 9406 410 8411
1561 16 2 1 1 820 742 678 1034 9407 9408 8493 8957
1562 16 2 1 1 4928 4911 5108 4996 9409 9410 9411 9412
1563 16 2 1 1 1964 2326 2073 2053 9413 9414 9415 9416
1564 16 2 1 1 2426 2222 2534 2704 9417 9418 9419 9420
1565 16 2 1 1 1154 1698 1534 1340 9160 8427 8283 9334
1566 16 2 1 1 1799 1692 1538 1855 9421 9249 9422 9423
1567 16 2 1 1 5172 5153 5327 5206 9424 9425 8633 9426
1568 16 2 1 1 5040 4918 5048 5068 9427 9428 9429 8220
1569 16 2 1 1 2021 2391 2255 2165 9068 9430 9431 9432
1570 16 2 1 1 2273 2303 2596 2363 7926 9433 9060 9434
1571 16 2 1 1 2535 2714 2888 2799 9435 9436 9437 9438
1572 16 2 1 1 4079 4030 4205 4138 7359 9439 9440 9441
1573 16 2 1 1 1177 965 1151 1338 9442 8501 9443 6464
1574 16 2 1 1 1033 1153 1354 1032 8567 8768 7874 8232
1575 16 2 1 1 843 634 394 395 6621 9444 494 9445
1576 16 2 1 1 2942 2972 2729 2846 5667 9446 9447 5854
1577 16 2 1 1 1954 2293 2313 2149 9448 8884 9449 6564
1578 16 2 1 1 1906 1806 1947 2171 9450 9451 9452 9453
1579 16 2 1 1 4467 4593 4697 4679 7977 9454 9455 7526
1580 16 2 1 1 1140 1045 799 1353 9456 8961 9457 9458
1581 16 2 1 1 3274 3330 3531 3230 9459 9460 9461 8317
1582 16 2 1 1 5165 5166 5259 5237 9462 9463 9464 9465
1583 16 2 1 1 2692 2543 2455 2213 9466 9467 9468 9469
1584 16 2 1 1 851 1018 1186 637 7156 8360 7424 8544
1585 16 2 1 1 1943 2135 2459 2222 6138 9470 9471 9472
1586 16 2 1 1 844 393 394 634 9473 493 9444 8753
1587 16 2 1 1 1205 978 873 679 8086 9474 9475 9476
1588 16 2 1 1 2441 2384 2315 2086 9477 9037 9478 6916
1589 16 2 1 1 2193 2482 2234 1963 9479 9480 9481 9482
1590 16 2 1 1 3553 3337 3607 3689 9483 8521 9157 9484
1591 16 2 1 1 1987 1840 1921 2096 9485 8488 9486 9487
1592 16 2 1 1 2231 2131 2018 2281 6017 9488 9489 9490
1593 16 2 1 1 1373 1526 1694 1135 8244 8528 9185 8550
1594 16 2 1 1 1475 1670 1790 1988 9491 9492 9493 9494
1595 16 2 1 1 2936 3149 3408 3210 8481 9495 9496 6256
1596 16 2 1 1 645 858 965 1177 9497 8669 9442 7045
1597 16 2 1 1 964 1167 1387 1002 6190 9498 9499 6511
1598 16 2 1 1 4243 4397 4607 4443 9500 9501 8905 9502
1599 16 2 1 1 5213 5320 5395 5385 8081 9503 8691 9504
1600 16 2 1 1 617 1028 799 726 7837 9505 8960 9506
1601 16 2 1 1 4532 4716 4625 4533 9507 9508 9509 8198
1602 16 2 1 1 658 881 1051 1201 9510 9227 9355 8922
1603 16 2 1 1 3275 3153 3406 3405 9511 9512 9513 9514
1604 16 2 1 1 1072 806 1162 1410 9515 8852 9516 9517
1605 16 2 1 1 3745 3721 3655 3470 9360 9518 9519 9520
1606 16 2 1 1 4594 4601 4790 4636 7835 9521 8974 9522
1607 16 2 1 1 3633 3697 3762 3457 9523 9524 9525 6388
1608 16 2 1 1 4801 4837 4962 4884 9526 9527 9528 9529
1609 16 2 1 1 2005 2134 1991 1792 9530 9531 9532 7241
1610 16 2 1 1 1684 1461 1381 1367 6940 9117 9533 9534
1611 16 2 1 1 1191 974 884 745 6700 8760 9535 9536
1612 16 2 1 1 2368 2651 2882 2568 9537 9538 9539 9540
1613 16 2 1 1 709 843 395 396 8054 9445 495 9541
1614 16 2 1 1 2545 2579 2731 2642 9542 9543 9544 9545
1615 16 2 1 1 671 392 393 844 9546 492 9473 6632
1616 16 2 1 1 719 721 1036 805 9547 8356 9333 7647
1617 16 2 1 1 2162 2013 2077 2247 9548 9549 9550 9551
1618 16 2 1 1 1468 1159 1369 1688 8582 9552 9553 7107
1619 16 2 1 1 670 532 533 708 8962 582 9554 9555
1620 16 2 1 1 2670 2694 2459 2567 9556 9557 9558 9559
1621 16 2 1 1 1047 789 680 879 9560 9561 9562 9563
1622 16 2 1 1 2567 2418 2535 2670 5949 9564 9565 9559
1623 16 2 1 1 2899 3177 3024 2749 9566 9567 9568 9569
1624 16 2 1 1 1888 1809 1965 2172 9570 9571 9572 9573
1625 16 2 1 1 2312 1944 2156 2311 9574 9575 9576 9577
1626 16 2 1 1 3195 3379 3528 3502 9578 9579 9580 9581
1627 16 2 1 1 3015 2878 2499 2734 8724 9390 9582 9583
1628 16 2 1 1 1899 2185 1940 1619 9584 9585 9586 9587
1629 16 2 1 1 4638 4761 4954 4816 9588 9589 9590 8109
1630 16 2 1 1 1085 1084 1119 1411 9591 9592 9593 9594
1631 16 2 1 1 1331 1510 1696 1130 8901 8628 9122 7781
1632 16 2 1 1 5450 5448 5411 5435 7317 9595 9596 9597
1633 16 2 1 1 3046 2832 3079 3313 9598 9599 9600 9601
1634 16 2 1 1 4304 4302 4208 4097 9602 9603 9604 9605
1635 16 2 1 1 2524 2654 2732 2581 9606 9607 9608 8943
1636 16 2 1 1 2282 1794 1997 2100 9609 9305 9610 9611
1637 16 2 1 1 4309 4308 4054 4209 5789 9245 9612 9613
1638 16 2 1 1 1158 1196 734 608 9099 9614 9615 9616
1639 16 2 1 1 1303 1214 1055 1343 9617 9618 9619 6593
1640 16 2 1 1 4525 4363 4501 4562 9620 9621 9622 8451
1641 16 2 1 1 793 644 883 1058 9623 9624 9625 9626
1642 16 2 1 1 3317 3235 3364 3547 9627 9628 9284 9629
1643 16 2 1 1 2249 2098 2241 2382 9630 9254 9631 9632
1644 16 2 1 1 5092 5093 5261 5143 9633 9634 8779 9635
1645 16 2 1 1 2220 2414 2730 2498 7688 9636 9637 8858
1646 16 2 1 1 1840 1987 1636 1440 9485 9638 8978 6991
1647 16 2 1 1 1157 1334 1182 1030 7013 9639 9640 9641
1648 16 2 1 1 2833 2662 3047 3055 9642 9066 9046 8150
1649 16 2 1 1 3308 3099 3193 3438 8092 9643 9644 9645
1650 16 2 1 1 1137 1419 995 814 9646 9647 8823 9648
1651 16 2 1 1 647 1216 1059 874 9649 9650 9651 9652
1652 16 2 1 1 2154 1993 2098 2249 9364 9653 9630 7277
1653 16 2 1 1 1204 1047 879 657 9654 9563 9655 9656
1654 16 2 1 1 2784 2981 3277 3123 9657 9658 8881 6040
1655 16 2 1 1 1501 992 1229 1311 8037 9659 9660 5839
1656 16 2 1 1 1301 1668 1458 1334 8248 9661 9662 7016
1657 16 2 1 1 3271 3229 3409 3356 9663 9664 9665 9666
1658 16 2 1 1 2588 2369 2247 2077 9667 9668 9550 9669
1659 16 2 1 1 1374 1112 1275 1477 9670 8338 9671 9672
1660 16 2 1 1 2816 3018 3130 3155 9673 9674 9675 9676
1661 16 2 1 1 1629 2012 1865 1453 8729 9677 8678 9678
1662 16 2 1 1 1622 1847 2032 1993 9679 9680 9681 9365
1663 16 2 1 1 840 651 547 548 8354 8469 597 9190
1664 16 2 1 1 1792 1991 2158 1843 9532 7690 9682 8841
1665 16 2 1 1 704 234 235 845 8820 284 7659 7417
1666 16 2 1 1 1602 1823 2042 1918 9683 9684 9685 9686
1667 16 2 1 1 3227 3161 2959 3262 9687 9688 9689 9690
1668 16 2 1 1 1723 1712 1967 1898 9691 9692 9693 9694
1669 16 2 1 1 1930 2148 2007 1769 9695 9696 9326 9045
1670 16 2 1 1 820 970 854 742 9697 7591 9698 9407
1671 16 2 1 1 2215 2539 2597 2446 9699 9700 9701 9702
1672 16 2 1 1 5017 4901 4984 5071 6865 9703 9704 9705
1673 16 2 1 1 1611 1856 2013 2162 9706 6751 9548 8990
1674 16 2 1 1 1809 1905 2201 1965 9707 9316 9708 9571
1675 16 2 1 1 1425 1729 1593 1145 9709 9710 7264 9711
1676 16 2 1 1 2641 3138 2955 2865 9712 9713 9714 7505
1677 16 2 1 1 1788 1988 2109 2286 9715 9716 9717 9718
1678 16 2 1 1 4846 4828 5027 4911 9719 9720 9721 9722
1679 16 2 1 1 1879 2206 2049 1642 9723 9724 9725 9726
1680 16 2 1 1 2017 1776 1943 2095 9727 6139 9728 9729
1681 16 2 1 1 2317 2443 2538 2714 9730 9731 9732 9733
1682 16 2 1 1 1506 1305 1459 1658 9734 9183 8659 5918
1683 16 2 1 1 1026 1336 1176 1027 8645 9735 9736 7919
1684 16 2 1 1 1946 2182 2271 2473 9737 9738 9739 9740
1685 16 2 1 1 4246 4398 4608 4447 9741 9742 8898 9743
1686 16 2 1 1 731 730 825 1056 9744 9745 9746 8457
1687 16 2 1 1 4278 4148 3931 4103 9747 5654 9748 9749
1688 16 2 1 1 4091 3978 3934 4084 7535 6678 9750 8328
1689 16 2 1 1 1328 1117 1676 1536 8125 7077 9141 8386
1690 16 2 1 1 1751 1909 2059 1739 9751 9752 9753 9754
1691 16 2 1 1 5316 5298 5396 5362 8596 9755 5494 9756
1692 16 2 1 1 1150 1279 1537 1200 7230 8987 8890 8147
1693 16 2 1 1 1114 1054 793 1365 9757 9758 9759 8233
1694 16 2 1 1 713 391 392 671 9760 491 9546 7726
1695 16 2 1 1 1909 1602 1918 2127 9761 9686 9762 9763
1696 16 2 1 1 2074 2576 2383 2291 6213 9764 9765 9766
1697 16 2 1 1 2419 2615 2318 2068 9767 9768 9769 9770
1698 16 2 1 1 2443 2316 2602 2538 7569 9771 8839 9731
1699 16 2 1 1 1209 611 882 979 9772 9773 9774 9775
1700 16 2 1 1 3868 3867 4104 3945 9776 9777 9778 9779
1701 16 2 1 1 1979 1504 1672 1766 9780 9781 6272 5835
1702 16 2 1 1 1677 1182 1334 1458 9782 9639 9662 6544
1703 16 2 1 1 1132 1512 1685 1337 8577 8420 7686 8182
1704 16 2 1 1 1784 1971 2164 1866 5598 8915 9783 9385
1705 16 2 1 1 853 1032 1207 636 8229 7873 9137 9784
1706 16 2 1 1 1514 1534 1856 1611 8284 8426 9706 6197
1707 16 2 1 1 2229 2305 2598 2367 9785 9786 9787 9788
1708 16 2 1 1 1219 1198 1277 1523 9789 9790 9791 9792
1709 16 2 1 1 1178 1129 1516 1332 7327 7527 9345 7622
1710 16 2 1 1 2158 2220 2454 1961 7689 8857 9793 9794
1711 16 2 1 1 1308 1213 1044 1370 8721 9795 9796 9797
1712 16 2 1 1 1015 1208 1373 815 8574 8245 8549 8964
1713 16 2 1 1 1882 1738 2037 2186 9798 9799 9800 9801
1714 16 2 1 1 1452 1704 1156 1361 9802 9803 9804 6986
1715 16 2 1 1 1187 1020 1135 1305 9278 8551 9184 9805
1716 16 2 1 1 1125 1364 1476 1669 8237 8653 9806 8518
1717 16 2 1 1 855 947 1190 673 7422 8619 7933 9807
1718 16 2 1 1 2815 2700 2603 2854 6785 9808 9809 9810
1719 16 2 1 1 2385 2425 2168 2287 6389 9811 9812 6445
1720 16 2 1 1 1703 1522 1115 1384 8057 9343 9813 9814
1721 16 2 1 1 1700 1995 1842 1467 9815 9816 7302 9817
1722 16 2 1 1 3470 3390 3224 3631 9818 9819 9820 9821
1723 16 2 1 1 1836 1682 1466 1848 6965 9822 9823 6562
1724 16 2 1 1 2688 2511 2653 2813 9824 9825 9826 9827
1725 16 2 1 1 3650 3413 3230 3531 9828 9829 9461 9830
1726 16 2 1 1 930 777 996 1249 9831 9832 9833 9834
1727 16 2 1 1 2369 2588 2733 2652 9667 9835 9836 9837
1728 16 2 1 1 958 1195 675 866 9838 9839 9840 9368
1729 16 2 1 1 2382 2241 2410 2527 9631 8891 5680 9841
1730 16 2 1 1 3006 2801 2937 3087 8837 9842 9843 9844
1731 16 2 1 1 3970 3945 4206 4039 9845 9846 9847 9848
1732 16 2 1 1 2144 1987 2096 2246 9849 9487 9850 6292
1733 16 2 1 1 4411 4312 4151 4510 9851 9852 9853 8601
1734 16 2 1 1 2611 2380 2662 2833 9854 9251 9642 8214
1735 16 2 1 1 1513 1359 1182 1677 9855 9856 9782 9857
1736 16 2 1 1 710 101 102 667 9858 201 6521 6934
1737 16 2 1 1 5022 5021 4820 4957 9859 9298 9860 9861
1738 16 2 1 1 3210 3408 3651 3467 9496 9862 9863 6118
1739 16 2 1 1 3008 3009 2733 2881 9076 9864 9865 9866
1740 16 2 1 1 5350 5375 5215 5331 5559 9867 9868 9869
1741 16 2 1 1 975 1191 745 886 7938 9536 9870 9210
1742 16 2 1 1 1142 1046 796 1363 8137 9871 9872 7480
1743 16 2 1 1 3742 3848 3990 3743 5460 6441 9873 9874
1744 16 2 1 1 4722 4856 4774 4723 8909 9875 9876 6946
1745 16 2 1 1 4303 4143 4512 4365 9877 9878 9879 9880
1746 16 2 1 1 3704 3940 4102 3876 6432 8927 9881 9882
1747 16 2 1 1 5045 5089 4986 4947 9883 9884 9084 9885
1748 16 2 1 1 2016 1708 1845 2140 9886 9887 6248 9888
1749 16 2 1 1 2652 2870 2532 2369 9889 9890 9891 9837
1750 16 2 1 1 5186 5217 5333 5268 9892 9893 9894 9895
1751 16 2 1 1 2091 2340 2395 2469 9896 9897 9898 7353
1752 16 2 1 1 5031 5172 5107 4896 9899 9900 9382 9901
1753 16 2 1 1 2284 2249 2382 2565 7274 9632 9902 9225
1754 16 2 1 1 3178 3247 3071 2944 9903 9904 9905 9906
1755 16 2 1 1 4584 4661 4571 4479 9302 9907 9908 7702
1756 16 2 1 1 2684 2841 2654 2524 7046 9909 9606 6587
1757 16 2 1 1 1304 1629 1453 1350 5916 9678 9162 8068
1758 16 2 1 1 1987 2144 1834 1636 9849 6384 9369 9638
1759 16 2 1 1 4801 4658 4748 4837 9910 9911 9912 9526
1760 16 2 1 1 1254 1586 1294 988 9913 9914 9915 9916
1761 16 2 1 1 1975 1982 1711 1828 9917 9918 9919 9920
1762 16 2 1 1 709 396 397 847 9541 496 9921 8304
1763 16 2 1 1 1019 1147 1346 1018 6502 6347 8361 7155
1764 16 2 1 1 5404 5433 5360 5285 9922 5534 9923 7517
1765 16 2 1 1 3056 3190 2968 2839 9924 9925 9926 7340
1766 16 2 1 1 5109 5233 5150 5063 9927 9928 9929 9930
1767 16 2 1 1 4644 4792 4868 4957 9290 9931 9932 9933
1768 16 2 1 1 1149 1164 1378 1276 5676 9934 9935 8406
1769 16 2 1 1 1938 2159 1596 1870 9936 9937 9938 9939
1770 16 2 1 1 931 1099 1098 639 9940 9941 9942 9943
1771 16 2 1 1 1385 1307 1543 1686 9944 9256 9945 9946
1772 16 2 1 1 2021 2165 1605 1791 9432 9947 9948 9949
1773 16 2 1 1 1141 1297 1527 1208 7573 6704 8246 8573
1774 16 2 1 1 1438 1695 1387 1167 9401 9950 9498 8555
1775 16 2 1 1 718 545 546 848 9951 595 8468 7825
1776 16 2 1 1 722 1157 1030 863 7931 9641 7942 9952
1777 16 2 1 1 1819 2028 1489 1548 9953 9954 9955 9956
1778 16 2 1 1 2640 2873 2356 2595 7444 9957 9958 9959
1779 16 2 1 1 5125 5265 5131 5073 9960 9961 9962 9963
1780 16 2 1 1 2428 2247 2369 2532 9964 9668 9891 6097
1781 16 2 1 1 3916 3917 3805 3583 9329 9965 9966 6722
1782 16 2 1 1 1460 1693 1861 2005 8989 9967 9968 7240
1783 16 2 1 1 887 1053 1203 659 9268 9023 9212 9969
1784 16 2 1 1 3074 3117 2883 2972 9970 9971 9972 5666
1785 16 2 1 1 3888 3599 3769 3836 9973 9974 9975 9976
1786 16 2 1 1 1467 1185 1349 1700 9977 9978 9979 9817
1787 16 2 1 1 3502 3528 3763 3575 9580 9980 9082 9981
1788 16 2 1 1 2520 2727 2435 2283 8333 9982 9983 9984
1789 16 2 1 1 1795 1681 1513 2000 6711 9985 9986 9987
1790 16 2 1 1 4082 4039 4310 4146 9988 9989 9990 6806
1791 16 2 1 1 858 645 398 399 9497 9991 498 9992
1792 16 2 1 1 4567 4631 4534 4436 8566 8001 9993 9994
1793 16 2 1 1 2570 2423 2236 2548 9995 9996 5561 7382
1794 16 2 1 1 1112 1374 1097 792 9670 9997 9998 8984
1795 16 2 1 1 1282 1533 1862 1689 8278 8560 8396 9106
1796 16 2 1 1 3068 2986 2790 3252 9999 10000 10001 10002
1797 16 2 1 1 2565 2382 2527 2717 9902 9841 6964 6099
1798 16 2 1 1 1613 1689 2002 1773 9104 8395 9126 8764
1799 16 2 1 1 4105 3836 3995 4204 10003 10004 10005 10006
1800 16 2 1 1 3181 2941 3235 3317 10007 10008 9627 10009
1801 16 2 1 1 3887 3954 3992 3835 10010 10011 10012 9194
1802 16 2 1 1 3348 3635 3764 3514 6351 9192 10013 6403
1803 16 2 1 1 2000 1513 1677 1772 9986 9857 6543 6499
1804 16 2 1 1 1754 1887 1687 1493 10014 6003 10015 8939
1805 16 2 1 1 1612 1456 1631 1818 10016 8916 5824 10017
1806 16 2 1 1 1211 1160 744 681 8484 10018 10019 10020
1807 16 2 1 1 847 397 398 645 9921 497 9991 7044
1808 16 2 1 1 670 708 1012 798 9555 8063 8687 6380
1809 16 2 1 1 1354 1521 1661 1289 8767 8293 5966 7875
1810 16 2 1 1 3907 4116 4017 3838 10021 10022 10023 10024
1811 16 2 1 1 1724 1748 1809 1888 10025 10026 9570 10027
1812 16 2 1 1 708 533 534 849 9554 583 8131 8064
1813 16 2 1 1 2353 2403 2268 2211 7794 8750 10028 7811
1814 16 2 1 1 3153 3275 2999 2826 9511 10029 10030 10031
1815 16 2 1 1 1464 1161 1415 1564 9052 10032 7879 10033
1816 16 2 1 1 3248 3158 2885 2980 10034 10035 10036 5845
1817 16 2 1 1 3792 3965 3840 3793 10037 10038 10039 10040
1818 16 2 1 1 1740 1469 1806 1906 10041 10042 9450 10043
1819 16 2 1 1 1424 1582 1724 1725 10044 10045 10046 10047
1820 16 2 1 1 2092 2237 2388 2155 5712 10048 6911 7867
1821 16 2 1 1 2714 2535 2418 2317 9435 9564 10049 9733
1822 16 2 1 1 2077 2312 2390 2588 10050 10051 10052 9669
1823 16 2 1 1 4733 4777 4955 4817 10053 10054 10055 10056
1824 16 2 1 1 1041 872 738 1046 9396 10057 10058 8136
1825 16 2 1 1 2291 1787 1979 2074 10059 10060 5834 9766
1826 16 2 1 1 3765 3699 3459 3653 10061 10062 10063 10064
1827 16 2 1 1 1596 1859 1273 1531 10065 10066 10067 10068
1828 16 2 1 1 2799 2996 2670 2535 10069 10070 9565 9438
1829 16 2 1 1 868 643 1214 971 10071 10072 10073 8637
1830 16 2 1 1 1701 1547 1210 1351 10074 10075 10076 9156
1831 16 2 1 1 3189 3284 3017 2811 10077 10078 10079 10080
1832 16 2 1 1 1637 1673 1356 1541 10081 10082 10083 10084
1833 16 2 1 1 1995 1700 1519 1794 9815 10085 9306 10086
1834 16 2 1 1 1626 1813 1592 1472 8575 7115 10087 10088
1835 16 2 1 1 3383 3625 3503 3384 10089 10090 10091 10092
1836 16 2 1 1 2936 3139 2861 2672 6255 10093 10094 8482
1837 16 2 1 1 2118 1990 1833 2285 10095 10096 7030 10097
1838 16 2 1 1 2204 2346 2078 1929 7331 10098 10099 7147
1839 16 2 1 1 713 850 390 391 7656 10100 490 9760
1840 16 2 1 1 1336 1335 1672 1504 8647 6449 9781 10101
1841 16 2 1 1 5024 5064 5188 5003 10102 10103 10104 10105
1842 16 2 1 1 2543 2595 2304 2455 10106 10107 10108 9467
1843 16 2 1 1 928 621 953 1259 10109 10110 8502 10111
1844 16 2 1 1 1801 1865 2156 1944 8679 10112 9575 6753
1845 16 2 1 1 1375 1129 1037 809 7528 7326 10113 10114
1846 16 2 1 1 1787 1660 1504 1979 6452 10115 9780 10060
1847 16 2 1 1 4760 4745 4956 4828 10116 10117 10118 10119
1848 16 2 1 1 5064 5260 5329 5188 9352 10120 10121 10103
1849 16 2 1 1 2996 2799 2924 3141 10069 10122 10123 10124
1850 16 2 1 1 2371 2848 2669 2576 5801 10125 10126 6212
1851 16 2 1 1 2540 2591 2232 2448 7507 10127 10128 8241
1852 16 2 1 1 1787 2291 2100 1997 10059 10129 9610 6453
1853 16 2 1 1 2729 2453 2560 2846 10130 9007 5716 9447
1854 16 2 1 1 2218 2424 1956 2137 10131 10132 10133 6878
1855 16 2 1 1 1094 1420 1261 1093 10134 10135 10136 10137
1856 16 2 1 1 3756 3757 3532 3650 10138 10139 10140 10141
1857 16 2 1 1 5056 5106 5262 5133 10142 10143 10144 10145
1858 16 2 1 1 1633 1901 1747 1584 7469 10146 8449 10147
1859 16 2 1 1 977 877 740 1050 10148 10149 10150 10151
1860 16 2 1 1 1517 1617 1705 1525 10152 9291 10153 7482
1861 16 2 1 1 3500 3501 3249 3378 10154 10155 10156 10157
1862 16 2 1 1 2013 1944 2312 2077 6750 9574 10050 9549
1863 16 2 1 1 739 609 821 1052 10158 10159 10160 9229
1864 16 2 1 1 1346 1493 1687 1345 6346 10015 8655 8362
1865 16 2 1 1 2819 2864 2583 2708 6163 10161 10162 10163
1866 16 2 1 1 838 613 794 1010 10164 10165 10166 10167
1867 16 2 1 1 1839 2011 1663 1536 10168 10169 8387 9140
1868 16 2 1 1 2495 2757 2635 2399 10170 10171 10172 10173
1869 16 2 1 1 633 870 244 245 10174 10175 294 10176
1870 16 2 1 1 914 1063 1252 642 10177 10178 10179 10180
1871 16 2 1 1 832 955 1239 705 5928 7436 10181 7770
1872 16 2 1 1 5250 5289 5223 5178 10182 10183 9231 10184
1873 16 2 1 1 2244 2387 2295 2133 10185 6494 10186 10187
1874 16 2 1 1 2822 3268 3094 3001 10188 10189 10190 10191
1875 16 2 1 1 738 732 796 1046 10192 10193 9871 10058
1876 16 2 1 1 2211 2268 2119 1949 10028 5714 10194 7964
1877 16 2 1 1 1826 1663 2011 2128 8391 10169 10195 5922
1878 16 2 1 1 3780 3907 3838 3685 10196 10024 10197 10198
1879 16 2 1 1 1573 1572 1736 1874 10199 10200 10201 10202
1880 16 2 1 1 1640 1530 1385 1686 8557 10203 9946 10204
1881 16 2 1 1 2158 1961 1604 1843 9794 9389 10205 9682
1882 16 2 1 1 1504 1660 1176 1336 10115 6229 9735 10101
1883 16 2 1 1 2167 2310 2450 1917 10206 10207 10208 10209
1884 16 2 1 1 3529 3530 3286 3410 10210 10211 10212 10213
1885 16 2 1 1 5439 5389 5324 5347 5489 10214 10215 5510
1886 16 2 1 1 2255 2306 2022 2165 10216 10217 10218 9431
1887 16 2 1 1 3808 3988 3736 3593 10219 10220 10221 10222
1888 16 2 1 1 2018 1612 1818 1934 10223 10017 8686 10224
1889 16 2 1 1 4550 4514 4352 4690 10225 10226 10227 7713
1890 16 2 1 1 1567 1899 1619 1417 10228 9587 10229 10230
1891 16 2 1 1 1580 1417 1619 1907 10231 10229 10232 10233
1892 16 2 1 1 972 880 741 1039 10234 10235 10236 10237
1893 16 2 1 1 2715 2365 2594 2868 8703 10238 8051 6815
1894 16 2 1 1 2482 2262 2521 2766 10239 10240 10241 10242
1895 16 2 1 1 2096 1921 2443 2317 9486 7570 9730 10243
1896 16 2 1 1 971 1121 1215 1031 10244 8854 10245 8638
1897 16 2 1 1 1505 1633 1584 1298 5964 10147 10246 10247
1898 16 2 1 1 674 723 1029 804 10248 8604 8946 9310
1899 16 2 1 1 2367 2598 2883 2726 9787 10249 10250 10251
1900 16 2 1 1 2651 3116 2951 2882 5953 10252 10253 9538
1901 16 2 1 1 3206 3378 2956 3120 10254 10255 10256 6187
1902 16 2 1 1 1186 1345 1540 947 8359 8654 8620 7421
1903 16 2 1 1 3820 3766 3588 3985 9056 10257 10258 8758
1904 16 2 1 1 1694 1821 1978 1459 8527 8930 8660 9182
1905 16 2 1 1 976 1042 724 870 7776 10259 10260 10261
1906 16 2 1 1 1442 1708 2016 1869 10262 9886 10263 10264
1907 16 2 1 1 2696 2702 2416 2569 10265 10266 10267 10268
1908 16 2 1 1 1951 2121 1841 1608 10269 6267 8913 9111
1909 16 2 1 1 3565 3780 3685 3484 10270 10198 10271 10272
1910 16 2 1 1 252 782 701 251 9236 8173 10273 301
1911 16 2 1 1 1870 1850 2166 1938 10274 10275 10276 9939
1912 16 2 1 1 2385 2582 2885 2713 6444 10277 10278 6390
1913 16 2 1 1 2881 2732 3017 3008 10279 10280 10281 9866
1914 16 2 1 1 2305 2229 2148 1930 9785 10282 9695 10283
1915 16 2 1 1 710 716 100 101 9238 10284 200 9858
1916 16 2 1 1 1556 1889 1714 1421 10285 10286 10287 10288
1917 16 2 1 1 3122 3087 3221 3379 10289 10290 10291 10292
1918 16 2 1 1 2590 2383 2576 2669 10293 9764 10126 10294
1919 16 2 1 1 4055 4211 3885 3994 9208 10295 10296 10297
1920 16 2 1 1 850 628 389 390 7924 10298 489 10100
1921 16 2 1 1 1265 1100 994 1325 8479 10299 5811 10300
1922 16 2 1 1 972 1039 1217 1109 10237 10301 10302 7427
1923 16 2 1 1 1800 1686 1543 1854 10303 9945 8867 10304
1924 16 2 1 1 956 1505 1298 1199 7855 10247 10305 8795
1925 16 2 1 1 2295 2132 1861 2023 6493 10306 10307 10308
1926 16 2 1 1 2360 2289 2105 2575 10309 10310 10311 7478
1927 16 2 1 1 3060 3269 2783 3002 10312 10313 10314 8425
1928 16 2 1 1 1212 1375 809 1042 9226 10114 10315 7775
1929 16 2 1 1 1115 1050 819 1384 10316 10317 10318 9813
1930 16 2 1 1 1338 1151 1300 1539 9443 8833 8142 10319
1931 16 2 1 1 2450 2244 2133 1917 8320 10187 10320 10208
1932 16 2 1 1 3318 3543 3442 3236 10321 10322 10323 10324
1933 16 2 1 1 1561 1880 1721 1271 10325 10326 10327 10328
1934 16 2 1 1 2690 2556 2374 2656 6963 10329 10330 6475
1935 16 2 1 1 3405 3524 3154 3275 8346 10331 10332 9514
1936 16 2 1 1 3721 3755 3500 3655 10333 10334 10335 9518
1937 16 2 1 1 4739 4890 4841 4924 6905 6832 10336 8116
1938 16 2 1 1 5289 5406 5340 5223 10337 10338 9275 10183
1939 16 2 1 1 3124 3088 3414 3219 8811 10339 10340 10341
1940 16 2 1 1 2462 2770 2550 2259 10342 10343 10344 10345
1941 16 2 1 1 3877 3751 3656 3878 10346 10347 10348 10349
1942 16 2 1 1 3473 3489 3218 3369 5624 10350 10351 5793
1943 16 2 1 1 995 1168 925 711 10352 10353 10354 8824
1944 16 2 1 1 2374 2281 2079 2568 10355 10356 10357 10358
1945 16 2 1 1 1489 1732 1418 1419 10359 8789 10360 10361
1946 16 2 1 1 2145 2019 1846 2102 10362 10363 10364 6295
1947 16 2 1 1 2881 2390 2581 2732 10365 10366 9608 10279
1948 16 2 1 1 3592 3621 3417 3495 5670 10367 10368 10369
1949 16 2 1 1 2427 2386 2604 2562 6151 10370 10371 10372
1950 16 2 1 1 3506 3386 3225 3325 10373 10374 10375 10376
1951 16 2 1 1 3249 3276 3014 3156 10377 10378 10379 10380
1952 16 2 1 1 4561 4597 4410 4506 7161 10381 10382 7524
1953 16 2 1 1 852 388 389 628 10383 488 10298 8804
1954 16 2 1 1 1578 1879 1642 1403 10384 9726 10385 10386
1955 16 2 1 1 3126 3127 3412 3201 10387 10388 10389 10390
1956 16 2 1 1 4054 4096 3889 3986 9244 10391 10392 10393
1957 16 2 1 1 1860 1981 2276 2163 7903 5900 9009 9043
1958 16 2 1 1 4577 4578 4405 4487 10394 10395 10396 8698
1959 16 2 1 1 1106 1272 1490 1380 7671 10397 10398 10399
1960 16 2 1 1 1850 1679 1485 1778 10400 10401 10402 10403
1961 16 2 1 1 2252 2404 2479 2292 10404 5563 7858 6236
1962 16 2 1 1 1563 1751 1739 1295 10405 9754 10406 10407
1963 16 2 1 1 1361 825 1040 1127 10408 10409 7487 6987
1964 16 2 1 1 1578 1295 1739 1879 10410 10406 10411 10384
1965 16 2 1 1 5341 5364 5150 5233 5485 10412 9928 10413
1966 16 2 1 1 3502 3623 3419 3195 10414 10415 10416 9581
1967 16 2 1 1 2229 2444 2302 2148 10417 10418 10419 10282
1968 16 2 1 1 1577 1288 1712 1723 10420 10421 9691 10422
1969 16 2 1 1 1262 1298 1584 1388 10423 10246 8448 10424
1970 16 2 1 1 3643 3645 3415 3524 7764 10425 10426 8349
1971 16 2 1 1 4697 4593 4468 4610 9454 10427 10428 10429
1972 16 2 1 1 5171 5152 5331 5215 10430 10431 9868 10432
1973 16 2 1 1 1774 1939 2152 1863 8965 6559 8708 8630
1974 16 2 1 1 3127 3126 2791 3019 10387 10433 10434 10435
1975 16 2 1 1 1776 2017 1628 1499 9727 10436 9214 10437
1976 16 2 1 1 701 937 936 653 8172 10438 10439 10440
1977 16 2 1 1 2317 2418 2246 2096 10049 5952 9850 10243
1978 16 2 1 1 3740 3526 3358 3596 7413 10441 10442 10443
1979 16 2 1 1 4467 4506 4271 4402 7525 10444 10445 7978
1980 16 2 1 1 5303 5341 5231 5193 5486 10446 10447 10448
1981 16 2 1 1 2147 1610 1796 1932 10449 10450 10451 6436
1982 16 2 1 1 3495 3417 3158 3248 10368 10452 10034 5750
1983 16 2 1 1 2250 2287 2016 2140 6442 10453 9888 6510
1984 16 2 1 1 2100 2422 2457 2282 10454 9164 10455 9611
1985 16 2 1 1 2429 2387 2600 2579 6491 10456 10457 10458
1986 16 2 1 1 4053 3985 3877 4094 8755 10459 10460 10461
1987 16 2 1 1 5155 5177 5032 5098 10462 10463 10464 8331
1988 16 2 1 1 5418 5414 5277 5391 5521 10465 10466 8031
1989 16 2 1 1 2961 3157 2735 2887 10467 10468 10469 10470
1990 16 2 1 1 2574 2562 2884 2673 10471 10472 10473 10474
1991 16 2 1 1 4868 4792 4699 4869 9931 10475 10476 10477
1992 16 2 1 1 2233 1960 2160 2452 10478 10479 10480 10481
1993 16 2 1 1 3886 3750 3993 3953 10482 10483 9321 10484
1994 16 2 1 1 3966 3864 3935 4050 5812 10485 10486 10487
1995 16 2 1 1 5151 5083 5200 5272 10488 10489 9271 10490
1996 16 2 1 1 2585 2663 2513 2370 10491 6957 10492 10493
1997 16 2 1 1 672 387 388 852 10494 487 10383 7921
1998 16 2 1 1 1669 1476 1630 1838 9806 8816 9327 6222
1999 16 2 1 1 2358 2503 2765 2613 10495 9032 8665 10496
2000 16 2 1 1 4162 4094 3952 4197 10497 10498 10499 7187
2001 16 2 1 1 2301 2438 2311 2156 6909 8945 9576 10500
2002 16 2 1 1 2000 2288 2139 1795 6498 10501 8675 9987
2003 16 2 1 1 2166 2213 2455 1938 8861 9468 10502 10276
2004 16 2 1 1 2757 3034 2838 2635 10503 10504 8016 10171
2005 16 2 1 1 3390 3470 3655 3206 9818 9519 10505 6186
2006 16 2 1 1 4041 3979 3817 4193 10506 10507 10508 10509
2007 16 2 1 1 2002 1942 2284 2103 8394 7275 9224 9127
2008 16 2 1 1 3159 3280 3410 2922 10510 10511 10512 10513
2009 16 2 1 1 2719 2824 2647 2589 10514 10515 10516 9166
2010 16 2 1 1 3650 3531 3766 3756 9830 10517 9055 10141
2011 16 2 1 1 3167 3318 3236 2967 10518 10324 10519 10520
2012 16 2 1 1 3423 3565 3484 3316 10521 10272 10522 10523
2013 16 2 1 1 4035 4178 3989 3837 8280 10524 10525 9341
2014 16 2 1 1 3375 3342 3542 3472 10526 10527 10528 10529
2015 16 2 1 1 4146 4349 4513 4292 10530 10531 10532 6803
2016 16 2 1 1 1201 1367 1381 973 9354 9533 10533 8920
2017 16 2 1 1 3494 3472 3663 3576 10534 10535 10536 10537
2018 16 2 1 1 3750 3886 3516 3654 10482 10538 10539 10540
2019 16 2 1 1 979 1372 1382 1209 8470 9248 10541 9775
2020 16 2 1 1 1991 2134 2243 2414 9531 10542 10543 7691
2021 16 2 1 1 1276 1378 1711 1444 9935 10544 10545 8940
2022 16 2 1 1 1054 1114 1358 1053 9757 8908 9024 9267
2023 16 2 1 1 2994 2868 2716 3160 6816 8050 10546 10547
2024 16 2 1 1 1030 1182 1359 803 9640 9856 7489 7943
2025 16 2 1 1 2069 2389 2456 2300 10548 10549 10550 10551
2026 16 2 1 1 5397 5264 5188 5329 10552 10553 10121 10554
2027 16 2 1 1 5153 5172 5031 5088 9424 9899 10555 10556
2028 16 2 1 1 716 851 99 100 7157 8543 199 10284
2029 16 2 1 1 1680 1483 1604 1852 8907 10557 9388 6989
2030 16 2 1 1 4950 4844 4907 4995 10558 10559 10560 10561
2031 16 2 1 1 4980 5098 4832 4951 8329 10562 10563 8788
2032 16 2 1 1 3218 3246 3013 3117 10564 10565 10566 10567
2033 16 2 1 1 3952 3878 3762 3979 10568 10569 10570 10571
2034 16 2 1 1 864 1044 1213 646 8671 9795 9367 10572
2035 16 2 1 1 5277 5312 5185 5243 10573 10574 10575 10576
2036 16 2 1 1 3087 3122 2888 3006 10289 10577 10578 9844
2037 16 2 1 1 3384 3252 3129 3383 10579 10580 10581 10092
2038 16 2 1 1 1546 1702 1707 1285 10582 10583 10584 8007
2039 16 2 1 1 3187 3423 3316 3105 10585 10523 10586 10587
2040 16 2 1 1 2952 2862 2738 2986 10588 10589 10590 10591
2041 16 2 1 1 3075 3255 2860 2990 10592 10593 10594 6038
2042 16 2 1 1 2949 2854 2728 2983 10595 10596 10597 10598
2043 16 2 1 1 3458 3381 3200 3624 6349 10599 10600 5866
2044 16 2 1 1 1748 1549 1905 1809 10601 10602 9707 10026
2045 16 2 1 1 2123 1976 1873 2124 8684 10603 10604 5663
2046 16 2 1 1 2541 2449 2251 2593 8303 10605 10606 10607
2047 16 2 1 1 5395 5320 5251 5292 9503 10608 10609 5526
2048 16 2 1 1 1844 1959 2021 1791 10610 9069 9949 8059
2049 16 2 1 1 2851 2956 3156 2850 10611 10612 10613 8935
2050 16 2 1 1 5206 5243 5107 5172 10614 10615 9900 9426
2051 16 2 1 1 3255 3075 3194 3342 10592 10616 10617 10618
2052 16 2 1 1 3241 3411 3152 3284 10619 10620 10621 10622
2053 16 2 1 1 779 607 1021 792 9266 7589 8985 10623
2054 16 2 1 1 877 977 1216 647 10148 9169 9649 10624
2055 16 2 1 1 1041 1198 1219 1049 8135 9789 10625 9397
2056 16 2 1 1 1479 1607 1871 1529 10626 10627 10628 10629
2057 16 2 1 1 2913 3167 2967 2906 10630 10520 10631 10632
2058 16 2 1 1 2788 2505 2725 3016 10633 10634 10635 10636
2059 16 2 1 1 2416 2392 2072 2278 10637 10638 10639 10640
2060 16 2 1 1 2992 2875 2938 3091 10641 10642 10643 6146
2061 16 2 1 1 5275 5233 5109 5190 10644 9927 10645 10646
2062 16 2 1 1 706 853 309 310 8230 10647 409 9406
2063 16 2 1 1 3470 3631 3767 3745 9821 10648 10649 9520
2064 16 2 1 1 2866 3012 3283 3149 8998 10650 10651 8480
2065 16 2 1 1 3330 3274 3066 3522 9459 10652 10653 7335
2066 16 2 1 1 1992 2161 1932 1796 8676 10654 10451 10655
2067 16 2 1 1 2692 2850 2886 2543 8932 10656 10657 9466
2068 16 2 1 1 714 386 387 672 10658 486 10494 8257
2069 16 2 1 1 5191 5330 5262 5106 10659 10660 10143 10661
2070 16 2 1 1 1477 1670 1194 1374 10662 10663 10664 9672
2071 16 2 1 1 4199 4032 3921 3997 10665 10666 10667 10668
2072 16 2 1 1 2450 2310 2734 2499 10207 10669 9582 8321
2073 16 2 1 1 3197 3143 2932 3401 10670 10671 10672 10673
2074 16 2 1 1 5074 5227 5174 5044 8608 10674 10675 10676
2075 16 2 1 1 2533 2572 2314 2425 6332 10677 10678 6392
2076 16 2 1 1 1527 1627 1857 1526 6703 6861 8529 8247
2077 16 2 1 1 4899 5026 4850 4732 10679 10680 10681 10682
2078 16 2 1 1 3697 3633 3513 3872 9523 10683 10684 10685
2079 16 2 1 1 880 972 821 609 10234 7426 10159 10686
2080 16 2 1 1 1793 1845 1547 1701 6249 10687 10074 10688
2081 16 2 1 1 3986 3809 4209 4054 9171 10689 9612 10393
2082 16 2 1 1 2695 2698 3019 2791 9058 10690 10434 10691
2083 16 2 1 1 821 1341 1155 1052 7425 10692 10693 10160
2084 16 2 1 1 957 1187 1305 1506 8189 9805 9734 7618
2085 16 2 1 1 3987 3824 3925 4098 9080 10694 10695 10696
2086 16 2 1 1 3207 3022 3092 3407 10697 10698 10699 10700
2087 16 2 1 1 1864 1640 2020 2008 8558 10701 10702 8080
2088 16 2 1 1 979 882 743 1057 9774 10703 10704 8471
2089 16 2 1 1 1704 1796 1610 1545 10705 10450 10706 10707
2090 16 2 1 1 3777 4008 3819 3619 10708 10709 10710 10711
2091 16 2 1 1 4088 4051 4315 4161 10712 10713 10714 10715
2092 16 2 1 1 3707 3865 3950 4078 10716 10717 10718 6282
2093 16 2 1 1 1311 1229 954 1389 9660 10719 10720 10721
2094 16 2 1 1 2674 2575 2456 2705 7476 10722 10723 10724
2095 16 2 1 1 5061 5187 5323 5258 9262 10725 10726 9220
2096 16 2 1 1 2424 2218 2531 2697 10131 7911 10727 10728
2097 16 2 1 1 3478 3407 3259 3523 10729 10730 10731 7399
2098 16 2 1 1 2072 2303 2121 1951 10732 7925 10269 10733
2099 16 2 1 1 3535 3534 3219 3414 5962 10734 10340 10735
2100 16 2 1 1 4603 4637 4791 4577 8202 9243 10736 8697
2101 16 2 1 1 4568 4609 4595 4723 7461 7808 6947 10737
2102 16 2 1 1 3250 3219 3534 3346 10738 10734 10739 10740
2103 16 2 1 1 3093 3000 2863 3143 10741 10742 10743 10744
2104 16 2 1 1 4727 4870 5031 4896 10745 10746 9901 8166
2105 16 2 1 1 3315 3362 3237 3183 10747 10748 10749 7849
2106 16 2 1 1 1666 1863 2006 1510 8631 8707 8629 8900
2107 16 2 1 1 3221 3285 3538 3327 10750 10751 10752 10753
2108 16 2 1 1 1829 1776 1499 1665 6136 10437 10754 6160
2109 16 2 1 1 3737 3758 3896 3812 8846 10755 10756 10757
2110 16 2 1 1 715 623 535 536 8300 8132 585 10758
2111 16 2 1 1 3972 4080 4210 3808 8613 10759 10760 10761
2112 16 2 1 1 1359 1513 1681 1127 9855 9985 6988 7486
2113 16 2 1 1 4097 4098 4142 4304 10762 10763 10764 9605
2114 16 2 1 1 2003 1441 1638 1777 7259 10765 6455 10766
2115 16 2 1 1 2842 2813 3031 2943 10767 10768 10769 10770
2116 16 2 1 1 3351 3262 3093 3396 10771 10772 10773 6386
2117 16 2 1 1 1557 1892 1645 1293 10774 10775 10776 10777
2118 16 2 1 1 1777 2296 2138 2003 6647 10778 6900 10766
2119 16 2 1 1 1679 1850 1870 1484 10400 10274 10779 10780
2120 16 2 1 1 1960 1607 1858 2160 10781 10782 8592 10479
2121 16 2 1 1 2079 1934 2123 2270 10783 8685 5662 10784
2122 16 2 1 1 2312 2311 2581 2390 9577 8944 10366 10051
2123 16 2 1 1 3041 3187 3105 2798 10785 10587 10786 10787
2124 16 2 1 1 856 543 544 638 10788 593 10789 7390
2125 16 2 1 1 1379 1217 1039 789 8744 10301 10790 10791
2126 16 2 1 1 3077 3263 3415 3335 7216 10792 10793 5752
2127 16 2 1 1 2141 1706 1868 1958 10794 10795 8713 6233
2128 16 2 1 1 2422 2100 2291 2383 10454 10129 9765 10796
2129 16 2 1 1 1134 1377 1697 1533 10797 9050 8561 8277
2130 16 2 1 1 4868 4869 5030 4909 10477 10798 9217 10799
2131 16 2 1 1 1113 1528 1688 1369 10800 10801 9553 7974
2132 16 2 1 1 1800 1854 2022 1920 10304 10802 10803 9189
2133 16 2 1 1 4193 4267 4311 4041 10804 10805 10806 10509
2134 16 2 1 1 4723 4774 4682 4568 9876 10807 10808 10737
2135 16 2 1 1 4666 4651 4871 4745 10809 10810 10811 10812
2136 16 2 1 1 2811 2654 2841 3053 10813 9909 5575 10814
2137 16 2 1 1 746 644 793 1054 10815 9623 9758 9270
2138 16 2 1 1 1457 1621 1824 1521 8254 9091 8294 8769
2139 16 2 1 1 2853 2801 2602 2693 10816 8840 10817 6171
2140 16 2 1 1 3394 3349 3660 3452 8879 10818 10819 10820
2141 16 2 1 1 669 810 1033 706 8162 8568 8231 9405
2142 16 2 1 1 3262 3351 3418 3227 10771 9152 10821 9690
2143 16 2 1 1 4349 4545 4698 4513 10822 10823 10824 10531
2144 16 2 1 1 2957 2995 2696 2870 6528 10825 10826 10827
2145 16 2 1 1 3399 3398 3144 3269 10828 10829 10830 10831
2146 16 2 1 1 718 638 544 545 8963 10789 594 9951
2147 16 2 1 1 4189 4190 4243 4367 10832 10833 10834 10835
2148 16 2 1 1 2290 2142 1960 2233 10836 10837 10478 10838
2149 16 2 1 1 2852 2665 2867 2997 9308 6788 6761 5857
2150 16 2 1 1 2367 2510 2444 2229 10839 10840 10417 9788
2151 16 2 1 1 4138 4205 4410 4245 9440 10841 10842 10843
2152 16 2 1 1 1780 2014 2200 2188 8019 10844 10845 10846
2153 16 2 1 1 4247 4379 4074 4178 5701 10847 10848 8282
2154 16 2 1 1 4302 4304 4383 4508 9602 10849 10850 10851
2155 16 2 1 1 4185 4033 4141 4266 10852 10853 10854 10855
2156 16 2 1 1 1857 1949 2119 1821 6860 10194 8931 8530
2157 16 2 1 1 2310 2167 2001 2446 10206 10856 10857 10858
2158 16 2 1 1 1396 1244 1572 1573 10859 10860 10199 10861
2159 16 2 1 1 1566 1897 1624 1313 10862 10863 10864 10865
2160 16 2 1 1 3832 3984 4106 4030 10866 10867 10868 7358
2161 16 2 1 1 1954 1848 1610 2147 6563 10869 10449 10870
2162 16 2 1 1 4479 4571 4418 4252 9908 10871 10872 6032
2163 16 2 1 1 4659 4670 4870 4727 10873 10874 10745 10875
2164 16 2 1 1 1990 2118 2275 1766 10095 8976 5836 6275
2165 16 2 1 1 4143 4213 4366 4512 10876 10877 10878 9878
2166 16 2 1 1 3715 3739 3538 3626 5814 10879 10880 10881
2167 16 2 1 1 5371 5372 5258 5323 7069 10882 10726 5571
2168 16 2 1 1 1353 1678 1479 1140 10883 10884 10885 9458
2169 16 2 1 1 3461 3620 3890 3701 10886 10887 10888 10889
2170 16 2 1 1 725 385 386 714 10890 485 10658 9377
2171 16 2 1 1 3144 3254 3091 2938 10891 6020 10643 10892
2172 16 2 1 1 1102 1126 1389 954 10893 10894 10720 10895
2173 16 2 1 1 3385 3209 3326 3474 5937 10896 10897 10898
2174 16 2 1 1 825 1361 1156 1056 10408 9804 10899 9746
2175 16 2 1 1 4813 4943 5032 4979 6554 10900 10901 6365
2176 16 2 1 1 2304 2256 2004 2159 10902 10903 10904 10905
2177 16 2 1 1 1679 1484 1379 1218 10780 8745 10906 10907
2178 16 2 1 1 1607 1479 1678 1858 10626 10884 7304 10782
2179 16 2 1 1 2849 2981 2534 2694 10908 10909 10910 10911
2180 16 2 1 1 1668 1866 1998 1458 9386 10912 6545 9661
2181 16 2 1 1 2584 2587 2722 2826 8534 10913 10914 10915
2182 16 2 1 1 3935 4095 4213 4143 10916 10917 10876 10918
2183 16 2 1 1 1422 1245 1469 1740 10919 10920 10041 10921
2184 16 2 1 1 2266 2090 2380 2611 10922 9371 9854 10923
2185 16 2 1 1 1377 1134 976 812 10797 7777 10924 10925
2186 16 2 1 1 5021 5022 5109 5063 9859 10926 9930 10927
2187 16 2 1 1 728 1040 825 730 9113 10409 9745 10928
2188 16 2 1 1 2710 2406 2571 2709 10929 10930 6049 6258
2189 16 2 1 1 4862 4863 4700 4785 10931 10932 10933 10934
2190 16 2 1 1 715 536 537 719 10758 586 10935 7646
2191 16 2 1 1 3583 3805 3568 3488 9966 6586 10936 10937
2192 16 2 1 1 4447 4598 4360 4246 10938 10939 10940 9743
2193 16 2 1 1 2697 2531 2825 3004 10727 7708 10941 7365
2194 16 2 1 1 4958 4973 4923 5052 7002 8117 6615 9241
2195 16 2 1 1 3734 3576 3706 3830 10942 10943 10944 10945
2196 16 2 1 1 1214 1303 1121 971 9617 10946 10244 10073
2197 16 2 1 1 1559 1389 1126 1486 10947 10894 10948 10949
2198 16 2 1 1 2579 2545 2243 2429 9542 10950 10951 10458
2199 16 2 1 1 4781 4859 4691 4555 10952 7485 10953 5538
2200 16 2 1 1 3149 3283 3533 3408 10651 10954 10955 9495
2201 16 2 1 1 2827 2872 2600 2723 8746 10956 10957 9392
2202 16 2 1 1 3229 3271 3007 3095 9663 10958 10959 10960
2203 16 2 1 1 1243 1163 1582 1424 10961 10962 10044 10963
2204 16 2 1 1 2673 2884 2962 3023 10473 10964 10965 10966
2205 16 2 1 1 4898 5020 4752 4863 7074 10967 10968 10969
2206 16 2 1 1 1022 1349 1185 1028 6791 9978 10970 7839
2207 16 2 1 1 4996 5108 5263 5187 9411 10971 10972 9261
2208 16 2 1 1 717 542 543 856 10973 592 10788 9279
2209 16 2 1 1 1275 1371 1708 1442 8337 10974 10262 10975
2210 16 2 1 1 1822 1656 2130 2015 8986 8610 9030 9109
2211 16 2 1 1 3025 3291 3170 2987 10976 10977 10978 10979
2212 16 2 1 1 1759 1869 2168 1922 10980 10981 10982 10983
2213 16 2 1 1 1957 2146 2001 1849 6898 10984 10985 10986
2214 16 2 1 1 4602 4657 4699 4453 7897 10987 10988 9323
2215 16 2 1 1 1607 1960 2142 1871 10781 10837 9313 10627
2216 16 2 1 1 4052 3981 3893 4090 10989 10990 10991 10992
2217 16 2 1 1 2431 2138 2296 2430 10993 10778 6565 7577
2218 16 2 1 1 2061 1768 2196 2352 10994 10995 9010 7816
2219 16 2 1 1 1794 2282 2101 1995 9609 10996 10997 10086
2220 16 2 1 1 3953 4095 3759 3886 10998 10999 11000 10484
2221 16 2 1 1 2228 2139 2288 2406 8276 10501 11001 11002
2222 16 2 1 1 4156 4175 3996 4071 11003 11004 11005 6129
2223 16 2 1 1 1442 1635 1477 1275 11006 11007 9671 10975
2224 16 2 1 1 1951 2015 2278 2072 9110 9029 10639 10733
2225 16 2 1 1 1404 1713 1562 1144 11008 11009 11010 11011
2226 16 2 1 1 2157 1961 2454 2316 9387 9793 11012 7572
2227 16 2 1 1 3630 3537 3288 3389 11013 11014 11015 6116
2228 16 2 1 1 2305 2453 2729 2598 11016 10130 11017 9786
2229 16 2 1 1 613 838 227 228 10164 11018 277 6470
2230 16 2 1 1 616 82 83 872 11019 182 11020 9395
2231 16 2 1 1 2222 2426 2095 1943 9417 11021 9728 9472
2232 16 2 1 1 657 69 70 876 11022 169 11023 11024
2233 16 2 1 1 2568 2079 2270 2368 10357 10784 9282 9540
2234 16 2 1 1 1548 1489 1419 1137 9955 10361 9646 11025
2235 16 2 1 1 723 239 240 857 11026 289 9071 8605
2236 16 2 1 1 1047 1218 1379 789 11027 10906 10791 9560
2237 16 2 1 1 1199 1298 1262 1038 10305 10423 11028 11029
2238 16 2 1 1 2536 2452 2307 2573 11030 11031 11032 6110
2239 16 2 1 1 2440 2254 2584 2724 11033 8535 11034 7910
2240 16 2 1 1 1995 2101 1926 1842 10997 11035 8590 9816
2241 16 2 1 1 2526 2554 2320 2407 11036 11037 11038 6189
2242 16 2 1 1 4491 4493 4264 4390 11039 11040 11041 11042
2243 16 2 1 1 2498 2730 2875 2992 9637 11043 10641 6170
2244 16 2 1 1 3141 3140 2849 2996 11044 11045 11046 10124
2245 16 2 1 1 3259 3142 2949 3260 11047 11048 11049 11050
2246 16 2 1 1 3626 3507 3595 3715 5972 11051 11052 10881
2247 16 2 1 1 1690 1859 2004 2153 11053 11054 11055 11056
2248 16 2 1 1 2697 2520 2283 2424 7364 9984 11057 10728
2249 16 2 1 1 4097 4208 3812 3896 9604 11058 10756 11059
2250 16 2 1 1 917 765 1091 1092 11060 11061 9178 11062
2251 16 2 1 1 1922 2168 2425 2314 10982 9811 10678 11063
2252 16 2 1 1 2960 3002 2731 2872 8422 11064 11065 8749
2253 16 2 1 1 1027 1176 1333 818 9736 6228 8657 8255
2254 16 2 1 1 1956 2151 1618 1851 11066 11067 11068 11069
2255 16 2 1 1 2253 1932 2161 2433 6437 10654 8274 11070
2256 16 2 1 1 3450 3654 3399 3192 11071 11072 11073 11074
2257 16 2 1 1 4683 4686 4491 4598 11075 11076 11077 11078
2258 16 2 1 1 1868 1277 1525 1705 11079 11080 10153 8714
2259 16 2 1 1 4251 4362 4270 4162 11081 11082 11083 7186
2260 16 2 1 1 4997 5010 4872 4929 5757 11084 11085 5775
2261 16 2 1 1 1056 1156 1343 1055 10899 11086 9619 8454
2262 16 2 1 1 1278 1549 1240 1143 11087 11088 11089 11090
2263 16 2 1 1 1937 2151 2283 2435 11091 11092 9983 6508
2264 16 2 1 1 3382 3346 3657 3504 11093 11094 11095 11096
2265 16 2 1 1 3095 3147 3286 3229 8722 11097 11098 10960
2266 16 2 1 1 712 858 399 400 8670 9992 499 11099
2267 16 2 1 1 4259 4406 4507 4606 11100 11101 11102 9033
2268 16 2 1 1 608 72 73 878 11103 172 11104 11105
2269 16 2 1 1 5028 5029 4862 4959 11106 11107 11108 11109
2270 16 2 1 1 1706 1523 1277 1868 11110 9791 11079 10795
2271 16 2 1 1 1846 1637 1439 1994 11111 11112 11113 11114
2272 16 2 1 1 4050 4077 3892 3966 11115 11116 11117 10487
2273 16 2 1 1 1326 1338 1539 1710 6465 10319 8373 6010
2274 16 2 1 1 2201 2485 2263 1965 11118 11119 11120 9708
2275 16 2 1 1 2095 2129 1816 2017 11121 11122 11123 9729
2276 16 2 1 1 2514 2228 2406 2710 6327 11002 10929 11124
2277 16 2 1 1 5362 5380 5239 5316 5515 11125 11126 9756
2278 16 2 1 1 855 673 96 97 9807 11127 196 9057
2279 16 2 1 1 2254 2440 2097 1915 11033 6876 11128 9022
2280 16 2 1 1 4365 4512 4563 4696 9879 11129 11130 11131
2281 16 2 1 1 2539 2215 2431 2721 9699 11132 7576 11133
2282 16 2 1 1 5229 5246 5111 5180 8917 11134 11135 11136
2283 16 2 1 1 2716 2578 2711 2818 8053 11137 11138 11139
2284 16 2 1 1 3133 3388 3264 3134 11140 11141 11142 11143
2285 16 2 1 1 4912 4932 4749 4873 5723 11144 11145 11146
2286 16 2 1 1 5379 5415 5355 5321 6367 6074 11147 11148
2287 16 2 1 1 3356 3403 3148 3271 11149 11150 11151 9666
2288 16 2 1 1 674 238 239 723 11152 288 11026 10248
2289 16 2 1 1 2170 2085 2460 2223 11153 11154 11155 9131
2290 16 2 1 1 4793 4695 4612 4794 8011 11156 11157 11158
2291 16 2 1 1 719 537 538 721 10935 587 11159 9547
2292 16 2 1 1 679 873 75 76 9475 11160 175 11161
2293 16 2 1 1 1617 1517 1639 1853 10152 11162 6967 11163
2294 16 2 1 1 1688 1528 1957 1849 10801 7257 10986 7108
2295 16 2 1 1 2446 2001 2146 2215 10857 10984 11164 9702
2296 16 2 1 1 2578 2253 2433 2711 8285 11070 6325 11137
2297 16 2 1 1 725 859 384 385 7560 11165 484 10890
2298 16 2 1 1 1678 1353 1185 1467 10883 11166 9977 7305
2299 16 2 1 1 3599 3647 3409 3530 11167 11168 11169 11170
2300 16 2 1 1 3090 3287 3393 3511 11171 11172 11173 6203
2301 16 2 1 1 3613 3615 3341 3489 11174 11175 11176 5627
2302 16 2 1 1 1690 1798 1671 1481 11177 11178 11179 11180
2303 16 2 1 1 3004 2825 3154 3263 10941 11181 11182 7218
2304 16 2 1 1 4348 4451 4612 4413 11183 11184 11185 11186
2305 16 2 1 1 722 95 96 673 11187 195 11127 7932
2306 16 2 1 1 1058 1188 1365 793 11188 9304 9759 9626
2307 16 2 1 1 3078 2983 2803 3251 11189 11190 11191 6405
2308 16 2 1 1 2152 2236 2423 2104 6558 9996 6126 8709
2309 16 2 1 1 4192 4090 3992 4194 11192 11193 11194 11195
2310 16 2 1 1 792 1097 935 779 9998 11196 11197 10623
2311 16 2 1 1 4145 3927 4052 4307 11198 11199 11200 11201
2312 16 2 1 1 1701 1518 1618 1793 9155 11202 11203 10688
2313 16 2 1 1 4643 4451 4560 4789 11204 11205 11206 11207
2314 16 2 1 1 2153 1915 1798 1690 9020 11208 11177 11056
2315 16 2 1 1 2822 2669 2848 2947 11209 10125 5780 11210
2316 16 2 1 1 865 650 1199 1038 11211 8792 11029 8266
2317 16 2 1 1 1847 1622 1464 1564 9679 8351 10033 11212
2318 16 2 1 1 3963 3837 3646 3753 9338 11213 11214 11215
2319 16 2 1 1 1919 2114 1603 1817 5923 11216 11217 11218
2320 16 2 1 1 2153 2004 2256 2451 11055 10903 11219 9021
2321 16 2 1 1 2826 2722 3003 3153 10914 11220 11221 10031
2322 16 2 1 1 2991 2514 2710 2812 11222 11124 6257 6089
2323 16 2 1 1 609 64 65 880 11223 164 11224 10686
2324 16 2 1 1 2502 2737 2417 2272 11225 11226 11227 11228
2325 16 2 1 1 2994 3226 3133 2874 11229 11230 11231 6817
2326 16 2 1 1 1472 1592 1136 1402 10087 7568 11232 11233
2327 16 2 1 1 1156 1704 1545 1343 9803 10707 6594 11086
2328 16 2 1 1 3001 2590 2669 2822 11234 10294 11209 10191
2329 16 2 1 1 3140 3277 2981 2849 11235 9658 10908 11045
2330 16 2 1 1 1215 1363 796 1031 11236 9872 11237 10245
2331 16 2 1 1 2151 1937 1793 1618 11091 6250 11203 11067
2332 16 2 1 1 2656 2374 2568 2882 10330 10358 9539 11238
2333 16 2 1 1 2377 2728 2854 2603 11239 10596 9809 11240
2334 16 2 1 1 4272 4204 4108 4305 11241 11242 11243 11244
2335 16 2 1 1 647 78 79 877 11245 178 11246 10624
2336 16 2 1 1 1703 1523 1706 1844 11247 11110 11248 8058
2337 16 2 1 1 2365 2293 2434 2594 8885 11249 8286 10238
2338 16 2 1 1 3860 3770 3533 3621 11250 11251 11252 5669
2339 16 2 1 1 4071 3996 3770 3860 11005 11253 11250 5659
2340 16 2 1 1 1255 1009 1221 1348 11254 11255 11256 11257
2341 16 2 1 1 2875 2642 2783 2938 11258 11259 11260 10642
2342 16 2 1 1 4560 4509 4396 4596 11261 11262 11263 11264
2343 16 2 1 1 2147 2434 2293 1954 6435 11249 9448 10870
2344 16 2 1 1 3517 3518 3646 3749 11265 11266 11267 11268
2345 16 2 1 1 674 862 237 238 9309 9237 287 11152
2346 16 2 1 1 1671 1480 1368 1155 11269 11270 11271 11272
2347 16 2 1 1 3341 3374 3150 3246 11273 11274 11275 11276
2348 16 2 1 1 1204 1357 1218 1047 11277 11278 11027 9654
2349 16 2 1 1 1357 1204 1048 1356 11277 11279 11280 11281
2350 16 2 1 1 1529 1871 1996 1675 10628 9312 6457 11282
2351 16 2 1 1 2110 2324 2093 1948 6980 6801 8440 11283
2352 16 2 1 1 4348 4305 4145 4509 11284 11285 11286 11287
2353 16 2 1 1 870 633 812 976 10174 11288 10924 10261
2354 16 2 1 1 2285 2413 2564 2118 6124 9346 8977 10097
2355 16 2 1 1 4961 5041 5128 5054 11289 7632 11290 11291
2356 16 2 1 1 626 720 809 1037 11292 11293 10113 7950
2357 16 2 1 1 5415 5449 5398 5437 6366 11294 11295 6075
2358 16 2 1 1 919 688 952 1254 11296 11297 11298 11299
2359 16 2 1 1 4815 4794 4643 4953 11300 11301 11302 11303
2360 16 2 1 1 1897 1645 1945 2193 11304 11305 11306 11307
2361 16 2 1 1 1251 1580 1288 1075 11308 11309 11310 11311
2362 16 2 1 1 1367 1368 1480 1684 9357 11270 11312 9534
2363 16 2 1 1 3736 3572 3525 3357 11313 7581 11314 11315
2364 16 2 1 1 2870 2652 2796 2957 9889 11316 11317 10827
2365 16 2 1 1 4191 4161 4416 4297 11318 11319 11320 11321
2366 16 2 1 1 4736 4795 4545 4707 11322 11323 11324 11325
2367 16 2 1 1 867 1055 1214 643 8455 9618 10072 11326
2368 16 2 1 1 3252 3384 3200 3068 10579 11327 11328 10002
2369 16 2 1 1 4684 4596 4515 4685 11329 11330 11331 11332
2370 16 2 1 1 717 861 541 542 8187 9143 591 10973
2371 16 2 1 1 1989 1798 1915 2097 11333 11208 11128 6179
2372 16 2 1 1 2143 2102 1846 1994 11334 10364 11114 11335
2373 16 2 1 1 3398 3507 3254 3144 11336 5975 10891 10829
2374 16 2 1 1 5003 4953 4864 5024 11337 11338 11339 10105
2375 16 2 1 1 5436 5437 5330 5397 6072 11340 11341 11342
2376 16 2 1 1 1236 1567 1417 942 11343 10230 11344 11345
2377 16 2 1 1 3265 3266 3324 3518 11346 11347 11348 11349
2378 16 2 1 1 4290 4289 4101 4210 11350 11351 11352 11353
2379 16 2 1 1 721 538 539 860 11159 588 9154 8357
2380 16 2 1 1 3383 3129 3228 3486 10581 11354 11355 11356
2381 16 2 1 1 918 690 961 1256 11357 11358 9330 11359
2382 16 2 1 1 3005 2954 2736 2876 11360 11361 11362 11363
2383 16 2 1 1 4143 4303 4050 3935 9877 11364 10486 10918
2384 16 2 1 1 5031 4870 4944 5088 10746 11365 6363 10555
2385 16 2 1 1 2654 2811 3017 2732 10813 10079 10280 9607
2386 16 2 1 1 4101 4056 3863 3988 11366 11367 11368 11369
2387 16 2 1 1 1195 1309 1113 1043 11370 11371 7973 11372
2388 16 2 1 1 3348 3251 3163 3381 6402 11373 11374 6352
2389 16 2 1 1 3258 3349 3277 3140 11375 8882 11235 11376
2390 16 2 1 1 1529 1370 1140 1479 11377 11378 10885 10629
2391 16 2 1 1 1670 1475 1391 1194 9491 11379 9398 10663
2392 16 2 1 1 2134 2005 1861 2132 9530 9968 10306 11380
2393 16 2 1 1 3089 3128 2844 2985 11381 11382 11383 7112
2394 16 2 1 1 4864 4789 4684 4866 11384 11385 11386 11387
2395 16 2 1 1 1828 1623 2125 1975 6055 9358 11388 9920
2396 16 2 1 1 1989 1797 1684 1480 6178 6941 11312 11389
2397 16 2 1 1 4919 5019 5113 5015 8072 11390 8170 11391
2398 16 2 1 1 3518 3517 3406 3265 11265 11392 11393 11349
2399 16 2 1 1 3405 3406 3517 3648 9513 11392 11394 8347
2400 16 2 1 1 3768 3767 3631 3506 9173 10648 11395 11396
2401 16 2 1 1 2019 1778 1485 1673 11397 10402 11398 11399
2402 16 2 1 1 4248 4297 4519 4347 11400 11401 11402 11403
2403 16 2 1 1 1188 1058 1160 1360 11188 11404 8483 8040
2404 16 2 1 1 859 617 383 384 7838 11405 483 11165
2405 16 2 1 1 2446 2597 2734 2310 9701 11406 10669 10858
2406 16 2 1 1 3525 3324 3266 3062 7580 11347 11407 11408
2407 16 2 1 1 3749 3748 3648 3517 9373 11409 11394 11268
2408 16 2 1 1 1544 1306 1211 980 8681 8485 11410 11411
2409 16 2 1 1 1576 1397 1738 1882 11412 11413 9798 11414
2410 16 2 1 1 3984 3832 3740 3596 10866 11415 10443 11416
2411 16 2 1 1 997 768 929 1101 11417 11418 11419 11420
2412 16 2 1 1 3505 3474 3667 3597 11421 11422 11423 11424
2413 16 2 1 1 4405 4364 4301 4163 11425 11426 11427 11428
2414 16 2 1 1 4686 4683 4872 4777 11075 11429 11430 11431
2415 16 2 1 1 1218 1357 1485 1679 11278 11432 10401 10907
2416 16 2 1 1 1241 1561 1271 982 11433 10328 11434 11435
2417 16 2 1 1 3265 3406 3153 3003 11393 9512 11221 11436
2418 16 2 1 1 1692 1799 2023 1691 9421 11437 11438 8786
2419 16 2 1 1 3643 3648 3748 3884 8348 11409 11439 7765
2420 16 2 1 1 4264 4282 4109 4175 11440 11441 11442 11443
2421 16 2 1 1 5279 5318 5189 5246 11444 11445 11446 8919
2422 16 2 1 1 1928 2162 2247 2428 8991 9551 9964 6134
2423 16 2 1 1 2219 2774 2501 2487 9074 8887 11447 11448
2424 16 2 1 1 1273 1859 1690 1481 10066 11053 11180 11449
2425 16 2 1 1 626 241 242 720 9072 291 11450 11292
2426 16 2 1 1 1799 1855 1917 2133 9423 11451 10320 11452
2427 16 2 1 1 3753 3572 3863 3963 7578 11453 11454 11215
2428 16 2 1 1 4396 4307 4192 4404 11455 11456 11457 11458
2429 16 2 1 1 4687 4656 4873 4749 8807 11459 11145 11460
2430 16 2 1 1 4095 3935 3864 3759 10916 10485 11461 10999
2431 16 2 1 1 4401 4268 4055 4202 11462 9209 11463 11464
2432 16 2 1 1 2588 2390 2881 2733 10052 10365 9865 9835
2433 16 2 1 1 3020 2818 2991 3113 11465 11466 6088 8533
2434 16 2 1 1 3410 3280 3536 3529 10511 11467 11468 10213
2435 16 2 1 1 1196 1541 1356 1048 9098 10083 11280 11469
2436 16 2 1 1 2233 2377 2603 2290 11470 11240 11471 10838
2437 16 2 1 1 3266 3265 3003 3145 11346 11436 11472 11473
2438 16 2 1 1 4437 4355 4339 4218 8968 6657 11474 11475
2439 16 2 1 1 5003 5188 5264 5110 10104 10553 11476 11477
2440 16 2 1 1 1545 1610 1848 1466 10706 10869 9823 6591
2441 16 2 1 1 5064 5024 4908 5102 10102 11478 11479 9353
2442 16 2 1 1 1253 987 1295 1578 11480 11481 10410 11482
2443 16 2 1 1 3129 2958 3094 3228 11483 11484 11485 11354
2444 16 2 1 1 3062 3276 3357 3525 11486 11487 11314 11408
2445 16 2 1 1 1706 2141 1959 1844 10794 11488 10610 11248
2446 16 2 1 1 4611 4610 4468 4362 9288 10428 11489 11490
2447 16 2 1 1 980 1209 1382 1544 11491 10541 8784 11411
2448 16 2 1 1 2447 2308 2373 2544 11492 11493 11494 11495
2449 16 2 1 1 2871 2959 3161 2675 7253 9688 11496 11497
2450 16 2 1 1 4794 4815 4959 4793 11300 11498 11499 11158
2451 16 2 1 1 5071 4984 5138 5271 9704 11500 11501 11502
2452 16 2 1 1 3815 3927 4108 3891 11503 11504 11505 11506
2453 16 2 1 1 2451 2256 2356 2587 11219 11507 11508 8537
2454 16 2 1 1 3014 2920 2640 2886 11509 7445 11510 11511
2455 16 2 1 1 3280 3159 3022 3207 10510 11512 10697 11513
2456 16 2 1 1 3495 3335 3466 3592 5749 11514 11515 10369
2457 16 2 1 1 1231 1553 1310 1069 11516 11517 11518 11519
2458 16 2 1 1 2956 2851 2712 3120 10611 11520 11521 10256
2459 16 2 1 1 3846 3709 3611 3801 9264 7597 11522 6854
2460 16 2 1 1 3638 3401 3264 3460 11523 11524 11525 11526
2461 16 2 1 1 1202 945 878 736 8005 11527 11528 11529
2462 16 2 1 1 2601 2357 2248 2066 9089 11530 11531 11532
2463 16 2 1 1 2728 2377 2536 2658 11239 11533 6109 11534
2464 16 2 1 1 5006 5065 4991 4905 6102 11535 11536 5628
2465 16 2 1 1 16 666 754 15 11537 11538 11539 115
2466 16 2 1 1 4073 3926 4036 4157 5690 11540 11541 11542
2467 16 2 1 1 3972 3808 3593 3755 10761 10222 11543 11544
2468 16 2 1 1 726 382 383 617 11545 482 11405 9506
2469 16 2 1 1 989 1408 1107 786 11546 11547 11548 11549
2470 16 2 1 1 1859 1596 2159 2004 10065 9937 10904 11054
2471 16 2 1 1 3269 3060 3192 3399 10312 11550 11073 10831
2472 16 2 1 1 1994 1439 1707 1757 11113 11551 11552 11553
2473 16 2 1 1 3577 3815 3891 3761 7167 11506 11554 11555
2474 16 2 1 1 4542 4676 4345 4493 6013 11556 11557 11558
2475 16 2 1 1 657 879 68 69 9655 11559 168 11022
2476 16 2 1 1 4502 4342 4290 4136 7833 11560 11561 11562
2477 16 2 1 1 4305 4348 4413 4272 11284 11186 11563 11244
2478 16 2 1 1 4764 4763 4544 4703 11564 11565 11566 11567
2479 16 2 1 1 4470 4511 4700 4540 11568 11569 11570 11571
2480 16 2 1 1 4905 4927 4737 4845 11572 11573 11574 5629
2481 16 2 1 1 3455 3504 3771 3579 11575 11576 11577 6978
2482 16 2 1 1 3759 3864 3715 3595 11461 5815 11052 11578
2483 16 2 1 1 4589 4645 4706 4548 8762 11579 11580 7961
2484 16 2 1 1 1854 1605 2165 2022 8866 9947 10218 10802
2485 16 2 1 1 2315 1757 2009 2086 11581 11582 7137 9478
2486 16 2 1 1 3413 2961 3151 3230 11583 11584 8314 9829
2487 16 2 1 1 5067 5080 4955 5010 5741 11585 11586 5760
2488 16 2 1 1 1778 1999 2166 1850 11587 8862 10275 10403
2489 16 2 1 1 4507 4508 4703 4544 11588 11589 11566 11590
2490 16 2 1 1 4763 4764 4963 4819 11564 11591 11592 11593
2491 16 2 1 1 727 381 382 726 11594 481 11545 8959
2492 16 2 1 1 3138 2641 2864 2921 9712 11595 6162 6241
2493 16 2 1 1 3145 2920 3062 3266 7442 11596 11407 11473
2494 16 2 1 1 4306 4189 4367 4496 9319 10835 11597 11598
2495 16 2 1 1 1230 1075 1288 1577 11599 11310 10420 11600
2496 16 2 1 1 658 61 62 881 11601 161 11602 9510
2497 16 2 1 1 791 1369 1159 1057 7975 9552 8472 11603
2498 16 2 1 1 2389 2069 2313 2586 10548 11604 8883 11605
2499 16 2 1 1 3968 3809 3768 3573 11606 9174 11607 11608
2500 16 2 1 1 4032 4199 4269 4397 10665 11609 11610 11611
2501 16 2 1 1 4786 4692 4728 4835 11612 9146 11613 11614
2502 16 2 1 1 4953 5003 5110 4815 11337 11477 11615 11303
2503 16 2 1 1 5029 5028 5191 5106 11106 11616 10661 11617
2504 16 2 1 1 1849 2001 2167 1601 10985 10856 11618 7109
2505 16 2 1 1 3526 3325 3225 3063 7412 10375 11619 11620
2506 16 2 1 1 2062 2110 1948 1910 11621 11283 11622 7371
2507 16 2 1 1 1930 2163 2453 2305 9044 9008 11016 10283
2508 16 2 1 1 1341 1109 1273 1481 7428 11623 11449 11624
2509 16 2 1 1 3530 3529 3769 3599 10210 11625 9974 11170
2510 16 2 1 1 3120 2712 2865 2955 11521 11626 9714 6184
2511 16 2 1 1 3837 3989 3749 3646 10525 9374 11267 11213
2512 16 2 1 1 5317 5212 5059 5177 11627 11628 11629 11630
2513 16 2 1 1 1097 1096 655 935 11631 11632 11633 11196
2514 16 2 1 1 2708 2580 2736 2819 6355 11634 11635 10163
2515 16 2 1 1 4850 4849 4667 4778 11636 11637 11638 11639
2516 16 2 1 1 4911 5027 5192 5108 9721 11640 11641 9410
2517 16 2 1 1 5133 5262 5398 5280 10144 11642 11643 11644
2518 16 2 1 1 2726 2649 2510 2367 9038 11645 10839 10251
2519 16 2 1 1 4511 4470 4269 4412 11568 11646 11647 11648
2520 16 2 1 1 4957 4820 4784 4644 9860 11649 11650 9933
2521 16 2 1 1 4485 4452 4249 4377 11651 11652 11653 11654
2522 16 2 1 1 5389 5387 5296 5237 5488 5500 11655 11656
2523 16 2 1 1 2082 2571 2406 2288 6076 10930 11001 6500
2524 16 2 1 1 1152 1329 1664 1542 9123 5987 9139 9094
2525 16 2 1 1 2134 2132 2429 2243 11380 6492 10951 10542
2526 16 2 1 1 2824 2719 2590 3001 10514 11657 11234 11658
2527 16 2 1 1 3016 3134 2932 2788 11659 11660 11661 10636
2528 16 2 1 1 5185 5130 5081 4978 11662 11663 11664 11665
2529 16 2 1 1 1635 1790 1670 1477 11666 9492 10662 11007
2530 16 2 1 1 4692 4786 4588 4443 11612 11667 11668 8904
2531 16 2 1 1 4068 4149 4316 4045 7545 11669 11670 5844
2532 16 2 1 1 5385 5345 5317 5213 11671 11672 11673 9504
2533 16 2 1 1 1385 1059 1216 1307 11674 9650 9168 9944
2534 16 2 1 1 4670 4659 4445 4578 10873 11675 11676 11677
2535 16 2 1 1 5425 5347 5324 5211 5495 10215 11678 11679
2536 16 2 1 1 17 892 666 16 11680 11681 11537 116
2537 16 2 1 1 3276 3249 3501 3357 10377 10155 11682 11487
2538 16 2 1 1 3884 3748 3811 3977 11439 9376 11683 7615
2539 16 2 1 1 3997 4100 4212 4199 11684 11685 11686 10668
2540 16 2 1 1 680 789 1039 741 9561 10790 10236 11687
2541 16 2 1 1 4761 4638 4608 4486 9588 8899 11688 11689
2542 16 2 1 1 5426 5344 5327 5212 5984 8634 11690 11691
2543 16 2 1 1 4673 4647 4599 4465 11692 7228 11693 6756
2544 16 2 1 1 2862 2573 2362 2738 6111 11694 11695 10589
2545 16 2 1 1 3963 3863 4056 4203 11454 11367 11696 9339
2546 16 2 1 1 2587 2356 2873 2722 11508 9957 11697 10913
2547 16 2 1 1 3096 3287 3023 2962 11698 11699 10965 11700
2548 16 2 1 1 2796 3009 3083 3272 11701 9079 11702 11703
2549 16 2 1 1 5255 5140 5219 5301 11704 11705 11706 7890
2550 16 2 1 1 2239 2408 1973 2114 11707 11708 11709 5926
2551 16 2 1 1 3330 3588 3766 3531 7334 10257 10517 9460
2552 16 2 1 1 2300 1760 1955 2069 11710 11711 11712 10551
2553 16 2 1 1 2149 2313 2069 1955 9449 11604 11712 11713
2554 16 2 1 1 4486 4575 4667 4761 11714 11715 11716 11689
2555 16 2 1 1 722 863 94 95 9952 11717 194 11187
2556 16 2 1 1 1215 1639 1517 1363 8853 11162 7481 11236
2557 16 2 1 1 869 675 1195 1043 11718 9839 11372 8626
2558 16 2 1 1 5034 5033 4941 4847 11719 11720 11721 11722
2559 16 2 1 1 3134 3016 2874 3133 11659 11723 11231 11143
2560 16 2 1 1 3401 3638 3513 3197 11523 11724 11725 10673
2561 16 2 1 1 4345 4484 4150 4282 11726 11727 11728 11729
2562 16 2 1 1 2887 2458 2542 2646 11730 11731 11732 11733
2563 16 2 1 1 3508 3591 3468 3334 11734 11735 6207 5998
2564 16 2 1 1 5093 5092 4933 5026 9633 11736 11737 11738
2565 16 2 1 1 782 303 304 691 9235 403 11739 8174
2566 16 2 1 1 831 1007 1228 648 7419 7375 8139 7297
2567 16 2 1 1 2159 1938 2455 2304 9936 10502 10108 10905
2568 16 2 1 1 1494 1734 1409 1220 11740 11741 11742 11743
2569 16 2 1 1 5285 5360 5303 5232 9923 5487 11744 7192
2570 16 2 1 1 2998 3092 3022 2821 6659 10698 11745 11746
2571 16 2 1 1 2955 3138 3224 3390 9713 6240 9819 6185
2572 16 2 1 1 4891 4973 4859 4781 8118 7005 10952 11747
2573 16 2 1 1 2828 2857 3162 2930 11748 11749 11750 11751
2574 16 2 1 1 1441 1309 1520 1638 11752 11753 6602 10765
2575 16 2 1 1 2580 2357 2876 2736 11754 9088 11362 11634
2576 16 2 1 1 2843 2656 2882 2951 6472 11238 10253 11755
2577 16 2 1 1 3418 3522 3066 3227 11756 10653 11757 10821
2578 16 2 1 1 3719 3881 3466 3645 11758 11759 11760 7766
2579 16 2 1 1 2019 2145 1999 1778 10362 11761 11587 11397
2580 16 2 1 1 3285 3221 3087 2937 10750 10290 9843 11762
2581 16 2 1 1 3358 3532 3757 3596 11763 10139 11764 10442
2582 16 2 1 1 4728 4867 4960 4897 9145 11765 11766 11767
2583 16 2 1 1 3693 3883 3997 3921 11768 11769 10667 6582
2584 16 2 1 1 4981 5097 5157 5249 6821 11770 11771 6759
2585 16 2 1 1 2360 2871 2675 2593 7477 11497 11772 11773
2586 16 2 1 1 677 1031 796 732 8635 11237 10193 11774
2587 16 2 1 1 2250 2435 2727 2582 6509 9982 11775 6443
2588 16 2 1 1 4210 4080 4136 4290 10759 7454 11561 11353
2589 16 2 1 1 4056 4101 4289 4400 11366 11351 11776 11777
2590 16 2 1 1 4481 4350 4149 4279 11778 11779 7544 11780
2591 16 2 1 1 4573 4574 4376 4484 11781 11782 11783 11784
2592 16 2 1 1 679 874 1059 1205 11785 9651 11786 9476
2593 16 2 1 1 4400 4273 4203 4056 7741 11787 11696 11777
2594 16 2 1 1 1118 1519 1700 1349 6674 10085 9979 6790
2595 16 2 1 1 2023 1799 2133 2295 11437 11452 10186 10308
2596 16 2 1 1 2020 2150 2298 2008 9187 11788 7139 10702
2597 16 2 1 1 2458 2887 2735 2601 11730 10469 9090 11789
2598 16 2 1 1 3881 3705 3592 3466 7395 5671 11515 11759
2599 16 2 1 1 2255 2542 2458 2306 11790 11731 11791 10216
2600 16 2 1 1 2544 2373 2712 2851 11494 11792 11520 8934
2601 16 2 1 1 5252 5144 4988 5100 11793 11794 11795 11796
2602 16 2 1 1 3973 4188 4089 3974 11797 11798 11799 11800
2603 16 2 1 1 616 1049 819 735 9394 11801 11802 11803
2604 16 2 1 1 1866 2164 2280 1998 9783 5970 6361 10912
2605 16 2 1 1 2308 2232 2591 2373 6293 10127 11804 11493
2606 16 2 1 1 2392 2596 2303 2072 11805 9433 10732 10638
2607 16 2 1 1 2586 2725 2505 2389 8705 10634 11806 11605
2608 16 2 1 1 4087 3921 4032 4190 6579 10666 11807 11808
2609 16 2 1 1 1408 1405 1568 1722 11809 11810 11811 11812
2610 16 2 1 1 1452 1992 1796 1704 6709 10655 10705 9802
2611 16 2 1 1 3977 3811 4074 4200 11683 11813 11814 8296
2612 16 2 1 1 3922 4096 4163 4301 11815 9247 11427 7452
2613 16 2 1 1 4035 4203 4273 4403 9340 11787 11816 8281
2614 16 2 1 1 2672 2861 2359 2572 10094 11817 11818 6335
2615 16 2 1 1 2120 1980 2302 2432 9300 11819 11820 6353
2616 16 2 1 1 4199 4212 4412 4269 11686 11821 11647 11609
2617 16 2 1 1 4398 4286 4486 4608 11822 11823 11688 9742
2618 16 2 1 1 4289 4290 4342 4466 11350 11560 11824 11825
2619 16 2 1 1 3147 2922 3410 3286 11826 10512 10212 11097
2620 16 2 1 1 3510 3226 3395 3509 11827 11828 6316 9063
2621 16 2 1 1 3467 3651 3894 3708 9863 11829 11830 6061
2622 16 2 1 1 4034 4200 4286 4398 8297 11831 11822 11832
2623 16 2 1 1 4466 4342 4594 4674 11824 7836 11833 11834
2624 16 2 1 1 4897 4960 5111 4982 11766 11835 11836 11837
2625 16 2 1 1 3151 2646 2823 2927 11838 11839 6880 8315
2626 16 2 1 1 1851 1797 2137 1956 6938 6177 10133 11069
2627 16 2 1 1 4190 4189 3993 4087 10832 9322 11840 11808
2628 16 2 1 1 3460 3264 3388 3600 11525 11141 11841 11842
2629 16 2 1 1 4188 3973 4102 4187 11797 11843 8926 6107
2630 16 2 1 1 4694 4540 4752 4867 11844 11845 11846 9144
2631 16 2 1 1 3063 3279 3358 3526 11847 11848 10441 11620
2632 16 2 1 1 2362 2225 2457 2589 11849 11850 9163 11851
2633 16 2 1 1 2863 2705 2505 2788 11852 11853 10633 11854
2634 16 2 1 1 2582 2727 2980 2885 11775 8332 10036 10277
2635 16 2 1 1 2958 3129 3252 2790 11483 10580 10001 11855
2636 16 2 1 1 5145 5164 5025 5080 5734 11856 11857 5744
2637 16 2 1 1 720 242 243 724 11450 292 11858 11859
2638 16 2 1 1 3755 3721 3834 3972 10333 9363 8614 11544
2639 16 2 1 1 3968 4079 4209 3809 7356 11860 10689 11606
2640 16 2 1 1 4209 4079 4138 4309 11860 9441 11861 9613
2641 16 2 1 1 1161 1377 812 1064 9051 10925 11862 11863
2642 16 2 1 1 4940 4899 4732 4854 11864 10682 11865 7997
2643 16 2 1 1 2442 2248 2357 2580 11866 11530 11754 6358
2644 16 2 1 1 2384 2441 2708 2583 9477 6356 10162 8243
2645 16 2 1 1 1541 1352 1439 1637 9097 11867 11112 10084
2646 16 2 1 1 3137 2954 3063 3225 11868 11869 11619 11870
2647 16 2 1 1 3357 3501 3593 3736 11682 11871 10221 11315
2648 16 2 1 1 3708 3894 4109 3936 11830 11872 11873 5996
2649 16 2 1 1 4136 4301 4364 4502 7453 11426 11874 11562
2650 16 2 1 1 4674 4594 4636 4741 11833 9522 11875 11876
2651 16 2 1 1 4772 4655 4832 4943 11877 11878 11879 6557
2652 16 2 1 1 5166 5165 5069 5033 9462 11880 11881 11882
2653 16 2 1 1 1052 1155 1368 1051 10693 11271 9356 9230
2654 16 2 1 1 2414 2243 2545 2730 10543 10950 11883 9636
2655 16 2 1 1 3892 3824 3763 3601 11884 9083 11885 11886
2656 16 2 1 1 3982 3928 3698 3882 11887 11888 11889 11890
2657 16 2 1 1 4384 4245 4446 4603 11891 11892 8203 8696
2658 16 2 1 1 4539 4696 4751 4853 11893 11894 11895 7202
2659 16 2 1 1 5105 5021 5063 5184 9299 10927 11896 8467
2660 16 2 1 1 5426 5345 5421 5444 11897 11898 5516 5985
2661 16 2 1 1 735 819 1050 740 11802 10317 10150 11899
2662 16 2 1 1 2598 2729 2972 2883 11017 9446 9972 10249
2663 16 2 1 1 4394 4089 4188 4255 11900 11798 6106 6305
2664 16 2 1 1 5376 5281 5261 5144 5478 8780 11901 11902
2665 16 2 1 1 736 873 978 1202 11903 9474 11904 11529
2666 16 2 1 1 4914 4935 4796 4852 5863 11905 11906 11907
2667 16 2 1 1 1994 1757 2315 2143 11553 11581 9036 11335
2668 16 2 1 1 1760 2300 2105 2010 11710 11908 11909 9293
2669 16 2 1 1 3195 3419 3141 2924 10416 11910 10123 11911
2670 16 2 1 1 3486 3228 3353 3649 11355 11912 9393 11913
2671 16 2 1 1 3974 3872 3747 3973 11914 11915 11916 11800
2672 16 2 1 1 5177 5155 5213 5317 10462 8082 11673 11630
2673 16 2 1 1 2593 2675 2869 2541 11772 11917 7280 10607
2674 16 2 1 1 4502 4364 4445 4601 11874 11918 11919 7834
2675 16 2 1 1 5184 5063 5150 5251 11896 9929 11920 11921
2676 16 2 1 1 3395 3160 3020 3215 11922 11923 8532 6317
2677 16 2 1 1 3596 3757 3885 3984 11764 11924 11925 11416
2678 16 2 1 1 4309 4138 4245 4384 11861 10843 11891 5790
2679 16 2 1 1 4253 4352 4514 4298 11926 10226 11927 11928
2680 16 2 1 1 4601 4445 4659 4790 11919 11675 11929 9521
2681 16 2 1 1 657 876 1048 1204 11024 11930 11279 9656
2682 16 2 1 1 1696 1833 1990 1455 8627 10096 6274 9120
2683 16 2 1 1 2819 2736 2954 3137 11635 11361 11868 6164
2684 16 2 1 1 2642 2875 2730 2545 11258 11043 11883 9545
2685 16 2 1 1 4446 4597 4655 4772 11931 7160 11877 8204
2686 16 2 1 1 5153 5059 5212 5327 11932 11628 11690 9425
2687 16 2 1 1 5212 5317 5345 5426 11627 11672 11897 11691
2688 16 2 1 1 1920 2022 2306 2066 10803 10217 11933 11934
2689 16 2 1 1 3378 3206 3655 3500 10254 10505 10335 10157
2690 16 2 1 1 3573 3740 3832 3968 7414 11415 7357 11608
2691 16 2 1 1 4790 4659 4727 4848 11929 10875 8165 8975
2692 16 2 1 1 4861 4784 4820 4920 11935 11649 9297 7267
2693 16 2 1 1 3243 3064 3432 3339 5596 11936 11937 11938
2694 16 2 1 1 610 360 361 884 11939 460 11940 8759
2695 16 2 1 1 1357 1356 1673 1485 11281 10082 11398 11432
2696 16 2 1 1 5182 5328 5230 5159 11941 7518 11942 11943
2697 16 2 1 1 2225 2101 2282 2457 11944 10996 10455 11850
2698 16 2 1 1 3973 3747 3876 4102 11916 11945 9881 11843
2699 16 2 1 1 4403 4273 4465 4599 11816 7740 11693 8061
2700 16 2 1 1 4302 4406 4107 4208 11946 11947 11948 9603
2701 16 2 1 1 4089 4394 4267 4193 11900 11949 10804 11950
2702 16 2 1 1 4741 4636 4847 4941 11875 8973 11721 11951
2703 16 2 1 1 1202 978 1383 1546 11904 8085 11952 8006
2704 16 2 1 1 1205 1059 1385 1530 11786 11674 10203 8087
2705 16 2 1 1 1982 1761 1444 1711 11953 11954 10545 9918
2706 16 2 1 1 3457 3762 3878 3656 9525 10569 10348 9150
2707 16 2 1 1 4398 4246 4160 4034 9741 11955 11956 11832
2708 16 2 1 1 1528 1113 1309 1441 10800 11371 11752 7258
2709 16 2 1 1 5088 4979 5059 5153 6362 11957 11932 10556
2710 16 2 1 1 2256 2304 2595 2356 10902 10107 9958 11507
2711 16 2 1 1 4408 4170 4300 4407 11958 11959 7145 6323
2712 16 2 1 1 4373 4276 4172 4338 11960 9135 11961 11962
2713 16 2 1 1 4778 4647 4732 4850 7225 11963 10681 11639
2714 16 2 1 1 2986 3068 3163 2952 9999 11964 11965 10591
2715 16 2 1 1 3518 3324 3753 3646 11348 7579 11214 11266
2716 16 2 1 1 3578 3713 3662 3491 11966 7497 11967 11968
2717 16 2 1 1 5023 4941 5033 5069 11969 11720 11881 7757
2718 16 2 1 1 689 833 1014 1175 6670 11970 11971 11972
2719 16 2 1 1 1303 1466 1682 1121 6592 9822 8855 10946
2720 16 2 1 1 3228 3094 3268 3353 11485 10189 6828 11912
2721 16 2 1 1 2921 3137 3225 3386 6161 11870 10374 6242
2722 16 2 1 1 4246 4360 4295 4160 10940 6093 11973 11955
2723 16 2 1 1 1853 1955 1760 1617 11974 11711 9292 11163
2724 16 2 1 1 1686 1800 2020 1640 10303 9188 10701 10204
2725 16 2 1 1 1637 1846 2019 1673 11111 10363 11399 10081
2726 16 2 1 1 727 864 380 381 8672 11975 480 11594
2727 16 2 1 1 3654 3450 3879 3750 11071 6733 11976 10540
2728 16 2 1 1 3460 3876 3747 3638 11977 11945 11978 11526
2729 16 2 1 1 5211 5312 5348 5425 11979 11980 5512 11679
2730 16 2 1 1 2981 2784 2704 2534 9657 6070 9419 10909
2731 16 2 1 1 2923 2989 3288 3065 11981 11982 11983 11984
2732 16 2 1 1 3325 3573 3768 3506 7411 11607 11396 10376
2733 16 2 1 1 4034 4160 4093 3975 11956 11985 11986 8298
2734 16 2 1 1 5259 5130 5211 5324 11987 11988 11678 11989
2735 16 2 1 1 3967 3823 3578 3774 11990 11991 11992 11993
2736 16 2 1 1 3572 3736 3988 3863 11313 10220 11368 11453
2737 16 2 1 1 1109 1217 1531 1273 10302 8743 10067 11623
2738 16 2 1 1 3272 3073 2957 2796 11994 6529 11317 11703
2739 16 2 1 1 2675 3161 3021 2869 11496 11995 6882 11917
2740 16 2 1 1 3303 3204 3332 3548 11996 11997 11998 11999
2741 16 2 1 1 3878 3952 4094 3877 10568 10498 10460 10349
2742 16 2 1 1 4697 4610 4644 4784 10429 9287 11650 12000
2743 16 2 1 1 5034 4930 4978 5081 12001 9384 11664 12002
2744 16 2 1 1 876 734 1196 1048 12003 9614 11469 11930
2745 16 2 1 1 4098 4097 3896 3987 10762 11059 12004 10696
2746 16 2 1 1 5166 5081 5130 5259 12005 11663 11987 9463
2747 16 2 1 1 3117 3074 3369 3218 9970 5614 10351 10567
2748 16 2 1 1 3601 3763 3528 3327 11885 9980 12006 12007
2749 16 2 1 1 5252 5165 5237 5296 12008 9465 11655 12009
2750 16 2 1 1 970 820 1351 1210 9697 8956 10076 8936
2751 16 2 1 1 4453 4699 4792 4611 10988 10475 9289 12010
2752 16 2 1 1 3516 3595 3507 3398 12011 11051 11336 12012
2753 16 2 1 1 1184 1210 1547 1371 8937 10075 12013 8336
2754 16 2 1 1 2272 2417 1919 2129 11227 5924 12014 12015
2755 16 2 1 1 2718 2510 2649 2880 12016 11645 12017 12018
2756 16 2 1 1 3386 3506 3631 3224 10373 11395 9820 6239
2757 16 2 1 1 3979 4041 4197 3952 10506 12019 10499 10571
2758 16 2 1 1 4291 4215 4000 4081 12020 12021 12022 5932
2759 16 2 1 1 4262 4337 4046 4239 12023 6571 12024 6825
2760 16 2 1 1 4761 4667 4849 4954 11716 11637 12025 9589
2761 16 2 1 1 4989 5099 5156 5253 12026 12027 12028 7049
2762 16 2 1 1 1352 1285 1707 1439 7667 10584 11551 11867
2763 16 2 1 1 2595 2543 2886 2640 10106 10657 11510 9959
2764 16 2 1 1 608 878 945 1158 11105 11527 7669 9616
2765 16 2 1 1 3975 4093 3881 3719 11986 7396 11758 7613
2766 16 2 1 1 3984 3885 4211 4106 11925 10295 12029 10867
2767 16 2 1 1 2138 2431 2215 2146 10993 11132 11164 6901
2768 16 2 1 1 3156 2956 3378 3249 10612 10255 10156 10380
2769 16 2 1 1 4957 4868 4909 5022 9932 10799 12030 9861
2770 16 2 1 1 2652 2733 3009 2796 9836 9864 11701 11316
2771 16 2 1 1 2540 2583 2864 2641 8240 10161 11595 7508
2772 16 2 1 1 3962 4045 4218 3943 5841 12031 12032 12033
2773 16 2 1 1 2300 2456 2575 2105 10550 10722 10311 11908
2774 16 2 1 1 2102 2143 2448 2232 11334 9035 10128 6296
2775 16 2 1 1 5022 4909 5190 5109 12030 9216 10645 10926
2776 16 2 1 1 1142 1525 1277 1198 7479 11080 9790 8138
2777 16 2 1 1 864 646 379 380 10572 12034 479 11975
2778 16 2 1 1 2306 2458 2601 2066 11791 11789 11532 11933
2779 16 2 1 1 3279 3278 3532 3358 9206 12035 11763 11848
2780 16 2 1 1 4041 4311 4409 4197 10806 12036 7188 12019
2781 16 2 1 1 4358 4377 4217 4283 12037 12038 12039 5645
2782 16 2 1 1 4701 4702 4485 4556 7957 12040 12041 8971
2783 16 2 1 1 2167 1917 1855 1601 10209 11451 12042 11618
2784 16 2 1 1 1977 2098 1993 2032 9253 9653 9681 6371
2785 16 2 1 1 2920 3014 3276 3062 11509 10378 11486 11596
2786 16 2 1 1 3930 3862 3735 4076 8216 12043 12044 7333
2787 16 2 1 1 5093 4988 5144 5261 12045 11794 11901 9634
2788 16 2 1 1 1163 981 1399 1582 12046 12047 12048 10962
2789 16 2 1 1 2569 2532 2870 2696 6094 9890 10826 10268
2790 16 2 1 1 5175 5062 5226 5225 12049 12050 12051 12052
2791 16 2 1 1 2150 1920 2066 2248 9186 11934 11531 12053
2792 16 2 1 1 611 1209 980 885 9772 11491 12054 12055
2793 16 2 1 1 4786 4769 4688 4588 12056 7068 12057 11667
2794 16 2 1 1 5100 5069 5165 5252 7754 11880 12008 11796
2795 16 2 1 1 1383 1864 1702 1546 8559 8079 10582 11952
2796 16 2 1 1 4251 4453 4611 4362 9324 12010 11490 11081
2797 16 2 1 1 4607 4470 4540 4694 12058 11571 11844 8906
2798 16 2 1 1 5026 4899 4988 5093 10679 12059 12045 11738
2799 16 2 1 1 3834 3889 4096 3922 9362 10391 11815 8615
2800 16 2 1 1 866 378 379 646 12060 478 12034 9366
2801 16 2 1 1 1869 1759 1635 1442 10980 12061 11006 10264
2802 16 2 1 1 3368 3242 3084 3232 12062 7599 12063 5804
2803 16 2 1 1 3820 4202 4055 3994 8757 11463 10297 9053
2804 16 2 1 1 1034 973 1381 1139 8492 10533 9116 8958
2805 16 2 1 1 1291 1542 1825 1623 9095 9138 9359 6058
2806 16 2 1 1 2876 2735 3157 3005 9087 10468 9204 11363
2807 16 2 1 1 3988 3808 4210 4101 10219 10760 11352 11369
2808 16 2 1 1 2825 2999 3275 3154 7707 10029 10332 11181
2809 16 2 1 1 4574 4573 4796 4651 11781 12064 12065 12066
2810 16 2 1 1 885 980 1211 681 12054 11410 10020 12067
2811 16 2 1 1 2141 2251 2449 1959 6232 10605 9070 11488
2812 16 2 1 1 3757 3756 3994 3885 10138 9054 10296 11924
2813 16 2 1 1 1522 1791 1605 1465 8056 9948 8865 9344
2814 16 2 1 1 3704 3600 3760 3853 12068 12069 8291 6433
2815 16 2 1 1 1702 2009 1757 1707 8078 11582 11552 10583
2816 16 2 1 1 2145 2308 2447 1999 6294 11492 8863 11761
2817 16 2 1 1 4271 4506 4410 4205 10444 10382 10841 12070
2818 16 2 1 1 4412 4212 4312 4411 11821 12071 9851 12072
2819 16 2 1 1 4364 4405 4578 4445 11425 10395 11676 11918
2820 16 2 1 1 4351 4555 4691 4469 9349 10953 7899 12073
2821 16 2 1 1 3745 3767 3986 3889 10649 9172 10392 9361
2822 16 2 1 1 1472 1737 1910 1626 12074 7372 12075 10088
2823 16 2 1 1 2704 2502 2272 2426 6069 11228 12076 9420
2824 16 2 1 1 2726 2883 3117 3013 10250 9971 10566 9039
2825 16 2 1 1 4245 4410 4597 4446 10842 10381 11931 11892
2826 16 2 1 1 3954 3887 3700 4099 10010 12077 8218 12078
2827 16 2 1 1 4030 4106 4271 4205 10868 12079 12070 9439
2828 16 2 1 1 4670 4791 4944 4870 12080 9242 11365 10874
2829 16 2 1 1 728 730 91 92 10928 12081 191 12082
2830 16 2 1 1 1049 1219 1384 819 10625 12083 10318 11801
2831 16 2 1 1 3008 3017 3284 3152 10281 10078 10621 9077
2832 16 2 1 1 3735 3503 3625 3849 12084 10090 12085 12086
2833 16 2 1 1 3697 3817 3979 3762 12087 10507 10570 9524
2834 16 2 1 1 4397 4243 4190 4032 9500 10833 11807 11611
2835 16 2 1 1 4954 4849 4933 4998 12025 12088 12089 12090
2836 16 2 1 1 1531 1484 1870 1596 8742 10779 9938 10068
2837 16 2 1 1 3872 3974 3817 3697 11914 12091 12087 10685
2838 16 2 1 1 3418 3656 3751 3522 9151 10347 7336 11756
2839 16 2 1 1 2452 2536 2377 2233 11030 11533 11470 10481
2840 16 2 1 1 2886 2850 3156 3014 10656 10613 10379 11511
2841 16 2 1 1 2954 3005 3279 3063 11360 9203 11847 11869
2842 16 2 1 1 3367 3487 3213 3411 12092 12093 12094 12095
2843 16 2 1 1 4848 4930 5034 4847 8164 12001 11722 8972
2844 16 2 1 1 5243 5206 5391 5277 10614 8632 10466 10576
2845 16 2 1 1 4144 4313 4516 4414 12096 12097 12098 12099
2846 16 2 1 1 1087 985 1244 1396 12100 12101 10859 12102
2847 16 2 1 1 3159 2922 2879 2643 10513 12103 12104 12105
2848 16 2 1 1 2938 2783 3269 3144 11260 10313 10830 10892
2849 16 2 1 1 3974 4089 4193 3817 11799 11950 10508 12091
2850 16 2 1 1 4578 4577 4791 4670 10394 10736 12080 11677
2851 16 2 1 1 1284 1138 1430 1488 12106 12107 12108 12109
2852 16 2 1 1 5251 5150 5364 5292 11920 10412 5533 10609
2853 16 2 1 1 3327 3528 3379 3221 12006 9579 10291 10753
2854 16 2 1 1 3696 3772 3999 3813 12110 12111 12112 12113
2855 16 2 1 1 4943 4832 5098 5032 11879 10562 10464 10900
2856 16 2 1 1 863 625 93 94 7941 12114 193 11717
2857 16 2 1 1 3246 3218 3489 3341 10564 10350 11176 11276
2858 16 2 1 1 3876 3460 3600 3704 11977 11842 12068 9882
2859 16 2 1 1 3501 3500 3755 3593 10154 10334 11543 11871
2860 16 2 1 1 4443 4588 4367 4243 11668 12115 10834 9502
2861 16 2 1 1 2714 2538 3006 2888 9732 8838 10578 9436
2862 16 2 1 1 2151 1956 2424 2283 11066 10132 11057 11092
2863 16 2 1 1 2393 2075 2341 2607 12116 12117 12118 12119
2864 16 2 1 1 2880 2649 2794 2934 12017 9041 12120 12121
2865 16 2 1 1 3751 3877 3985 3588 10346 10459 10258 7337
2866 16 2 1 1 5169 5092 5143 5228 12122 9635 12123 12124
2867 16 2 1 1 2857 2828 2507 2702 11748 12125 12126 12127
2868 16 2 1 1 3157 2961 3413 3278 10467 11583 12128 9205
2869 16 2 1 1 4094 4162 4270 4053 10497 11083 12129 10461
2870 16 2 1 1 4860 4836 5036 4921 12130 12131 12132 12133
2871 16 2 1 1 655 1096 1269 939 11632 9399 7212 12134
2872 16 2 1 1 2290 2603 2700 2436 11471 9808 6461 12135
2873 16 2 1 1 3197 3513 3633 3396 11725 10683 6387 12136
2874 16 2 1 1 4657 4738 4869 4699 7483 12137 10476 10987
2875 16 2 1 1 5207 5349 5404 5328 12138 12139 7516 12140
2876 16 2 1 1 3161 3227 3066 3021 9687 11757 12141 11995
2877 16 2 1 1 3642 3450 3192 3403 6734 11074 12142 12143
2878 16 2 1 1 3372 3491 3662 3340 6839 11967 12144 12145
2879 16 2 1 1 4346 4414 4613 4450 12146 12147 12148 12149
2880 16 2 1 1 4777 4733 4542 4686 10053 6014 12150 11431
2881 16 2 1 1 5345 5385 5443 5421 11671 8690 5530 11898
2882 16 2 1 1 4496 4366 4213 4306 7213 10877 12151 11598
2883 16 2 1 1 1980 2007 2148 2302 7871 9696 10419 11819
2884 16 2 1 1 3229 3286 3530 3409 11098 10211 11169 9664
2885 16 2 1 1 2720 2823 2646 2542 7278 11839 11732 12152
2886 16 2 1 1 4286 4379 4575 4486 12153 5700 11714 11823
2887 16 2 1 1 2722 2873 3145 3003 11697 7443 11472 11220
2888 16 2 1 1 4979 5032 5177 5059 10901 10463 11629 11957
2889 16 2 1 1 3268 2822 2947 3082 10188 11210 5746 6829
2890 16 2 1 1 3078 3514 3350 3260 6404 12154 12155 12156
2891 16 2 1 1 4575 4449 4778 4667 5699 7226 11638 11715
2892 16 2 1 1 2423 2570 2691 2413 9995 5763 9347 6127
2893 16 2 1 1 5130 5185 5312 5211 11662 10574 11979 11988
2894 16 2 1 1 2373 2591 2865 2712 11804 7506 11626 11792
2895 16 2 1 1 2862 2952 2803 2658 10588 12157 12158 6112
2896 16 2 1 1 2713 2885 3158 3012 10278 10035 12159 8997
2897 16 2 1 1 4834 4948 4640 4776 12160 12161 12162 6953
2898 16 2 1 1 2738 2362 2589 2647 11695 11851 10516 12163
2899 16 2 1 1 1518 1461 1851 1618 9118 6939 11068 11202
2900 16 2 1 1 2821 3022 3159 2643 11745 11512 12105 12164
2901 16 2 1 1 3575 3758 3623 3502 12165 8845 10414 9981
2902 16 2 1 1 4998 4933 5092 5169 12089 11736 12122 12166
2903 16 2 1 1 5312 5277 5414 5348 10573 10465 5504 11980
2904 16 2 1 1 4163 4308 4487 4405 9246 5788 10396 11428
2905 16 2 1 1 4394 4463 4351 4267 6304 9350 12167 11949
2906 16 2 1 1 4897 5002 4835 4728 12168 12169 11613 11767
2907 16 2 1 1 5229 5133 5280 5394 12170 11644 12171 8918
2908 16 2 1 1 2514 2991 2818 2711 11222 11466 11138 6328
2909 16 2 1 1 2646 3151 2961 2887 11838 11584 10470 11733
2910 16 2 1 1 4179 4287 3925 4077 12172 12173 12174 12175
2911 16 2 1 1 4869 4738 4958 5030 12137 7003 9240 10798
2912 16 2 1 1 4978 5107 5243 5185 9383 10615 10575 11665
2913 16 2 1 1 2319 2026 1931 2075 12176 12177 12178 12179
2914 16 2 1 1 5228 5143 5393 5325 12123 8778 5471 12180
2915 16 2 1 1 2278 2245 2569 2416 9028 6095 10267 10640
2916 16 2 1 1 3263 3154 3524 3415 11182 10331 10426 10792
2917 16 2 1 1 3761 3329 3478 3577 12181 12182 7398 11555
2918 16 2 1 1 5106 5056 4898 5029 10142 7075 12183 11617
2919 16 2 1 1 728 92 93 625 12082 192 12114 9114
2920 16 2 1 1 2033 2322 2089 1781 12184 12185 12186 12187
2921 16 2 1 1 4568 4682 4600 4499 10808 12188 12189 7462
2922 16 2 1 1 3239 3112 2965 3185 12190 7929 12191 12192
2923 16 2 1 1 4655 4770 4951 4832 7159 7265 10563 11878
2924 16 2 1 1 2788 2932 3143 2863 11661 10671 10743 11854
2925 16 2 1 1 691 304 305 865 11739 404 12193 8265
2926 16 2 1 1 3342 3375 3130 3255 10526 12194 12195 10618
2927 16 2 1 1 3865 3707 3452 3660 10716 6314 10819 12196
2928 16 2 1 1 5000 5099 4819 4963 12197 12198 11592 12199
2929 16 2 1 1 2010 2105 2289 1958 11909 10310 6234 8716
2930 16 2 1 1 1926 2307 2452 2160 12200 11031 10480 8591
2931 16 2 1 1 3015 2879 2922 3147 12201 12103 11826 8725
2932 16 2 1 1 868 87 88 643 12202 187 12203 10071
2933 16 2 1 1 4267 4351 4469 4311 12167 12073 12204 10805
2934 16 2 1 1 4588 4688 4496 4367 12057 7214 11597 12115
2935 16 2 1 1 4380 4494 4517 4393 8177 12205 12206 6298
2936 16 2 1 1 2222 2459 2694 2534 9471 9557 10910 9418
2937 16 2 1 1 3150 3070 2934 2794 12207 12208 12120 12209
2938 16 2 1 1 2829 2844 3128 2928 12210 11382 12211 9198
2939 16 2 1 1 883 744 1160 1058 12212 10018 11404 9625
2940 16 2 1 1 1028 1185 1353 799 10970 11166 9457 9505
2941 16 2 1 1 3142 3259 3407 3092 11047 10730 10699 6662
2942 16 2 1 1 3883 3693 3642 3477 11768 6735 12213 12214
2943 16 2 1 1 4037 4110 4313 4144 12215 12216 12096 12217
2944 16 2 1 1 1468 1601 1855 1538 7106 12042 9422 8583
2945 16 2 1 1 1652 1710 1653 1783 6007 8372 12218 12219
2946 16 2 1 1 3134 3264 3401 2932 11142 11524 10672 11660
2947 16 2 1 1 4795 4824 4975 4877 12220 5458 12221 12222
2948 16 2 1 1 5086 5035 4871 4935 12223 12224 12225 5862
2949 16 2 1 1 4651 4666 4461 4574 10809 12226 12227 12066
2950 16 2 1 1 2392 2416 2702 2507 10637 10266 12126 12228
2951 16 2 1 1 4999 5097 4948 4834 12229 6824 12160 8185
2952 16 2 1 1 4849 4850 5026 4933 11636 10680 11737 12088
2953 16 2 1 1 1816 1817 1498 1655 12230 12231 12232 12233
2954 16 2 1 1 3811 3989 4178 4074 9375 10524 10848 11813
2955 16 2 1 1 4981 5096 4917 4814 6758 12234 12235 6822
2956 16 2 1 1 5180 5056 5133 5229 7072 10145 12170 11136
2957 16 2 1 1 675 377 378 866 12236 477 12060 9840
2958 16 2 1 1 5435 5411 5394 5280 9596 8512 12171 12237
2959 16 2 1 1 1045 1140 1370 1044 9456 11378 9796 8674
2960 16 2 1 1 1873 1559 1486 1625 12238 10949 9001 12239
2961 16 2 1 1 2273 2421 2094 1927 12240 12241 12242 7927
2962 16 2 1 1 2644 2861 3139 2989 12243 10093 12244 12245
2963 16 2 1 1 3379 3195 2924 3122 9578 11911 12246 10292
2964 16 2 1 1 4312 3998 4105 4151 12247 12248 12249 9852
2965 16 2 1 1 4287 4142 4098 3925 5732 10763 10695 12173
2966 16 2 1 1 3335 3415 3645 3466 10793 10425 11760 11514
2967 16 2 1 1 4647 4673 4854 4732 11692 6636 11865 11963
2968 16 2 1 1 867 643 88 89 11326 12203 188 12250
2969 16 2 1 1 5428 5411 5448 5447 8509 9595 12251 12252
2970 16 2 1 1 1456 1612 1832 1512 10016 12253 8421 8579
2971 16 2 1 1 3629 3598 3718 3871 6027 12254 12255 12256
2972 16 2 1 1 4272 4413 4510 4151 11563 12257 9853 12258
2973 16 2 1 1 4040 4217 4377 4249 12259 12038 11653 12260
2974 16 2 1 1 2958 2824 3001 3094 12261 11658 10190 11484
2975 16 2 1 1 3021 3066 3274 2927 12141 10652 8316 6879
2976 16 2 1 1 4397 4269 4470 4607 11610 11646 12058 9501
2977 16 2 1 1 869 376 377 675 12262 476 12236 11718
2978 16 2 1 1 3893 3644 3764 3835 12263 12264 9191 12265
2979 16 2 1 1 1599 1758 1966 1896 12266 12267 12268 12269
2980 16 2 1 1 2432 2302 2444 2537 11820 10418 12270 12271
2981 16 2 1 1 3143 3197 3396 3093 10670 12136 10773 10744
2982 16 2 1 1 3537 3630 3870 3773 11013 6059 12272 12273
2983 16 2 1 1 4100 3997 3883 3720 11684 11769 12274 12275
2984 16 2 1 1 3995 3836 3769 3652 10004 9975 12276 12277
2985 16 2 1 1 4081 4000 3773 3870 12022 12278 12272 5994
2986 16 2 1 1 4769 4786 4835 4949 12056 11614 12279 6951
2987 16 2 1 1 2289 2360 2593 2251 10309 11773 10606 6231
2988 16 2 1 1 3283 3417 3621 3533 12280 10367 11252 10954
2989 16 2 1 1 3971 3947 4118 4033 12281 12282 12283 12284
2990 16 2 1 1 4099 4170 4043 3954 12285 12286 12287 12078
2991 16 2 1 1 1496 1330 1170 1509 8140 12288 12289 8498
2992 16 2 1 1 2935 2810 3052 3188 12290 6775 12291 12292
2993 16 2 1 1 2827 2878 3095 3007 9391 8723 10959 8747
2994 16 2 1 1 3625 3383 3486 3743 10089 11356 12293 12294
2995 16 2 1 1 4587 4563 4512 4366 12295 11129 10878 7215
2996 16 2 1 1 4540 4700 4863 4752 11570 10932 10968 11845
2997 16 2 1 1 4982 5070 5002 4897 12296 12297 12168 11837
2998 16 2 1 1 4276 4373 4498 4255 11960 8003 6306 6105
2999 16 2 1 1 730 731 90 91 9744 12298 190 12081
3000 16 2 1 1 4376 4388 4215 4291 12299 12300 12020 12301
3001 16 2 1 1 4683 4788 4929 4872 12302 8107 11085 11429
3002 16 2 1 1 2388 2237 2525 2684 10048 8752 7047 6590
3003 16 2 1 1 5004 4924 4841 4975 12303 10336 12304 5457
3004 16 2 1 1 4515 4404 4298 4514 12305 12306 11927 12307
3005 16 2 1 1 3000 3093 3262 2959 10741 10772 9689 7256
3006 16 2 1 1 2507 2698 2596 2392 12308 9061 11805 12228
3007 16 2 1 1 2860 3018 2566 2737 12309 12310 12311 12312
3008 16 2 1 1 3813 3999 4214 4110 12112 12313 12314 12315
3009 16 2 1 1 3208 3289 2928 3128 5947 12316 12211 12317
3010 16 2 1 1 5390 5384 5216 5318 7349 12318 12319 12320
3011 16 2 1 1 4604 4785 4700 4511 8009 10933 11569 12321
3012 16 2 1 1 2721 2821 2643 2539 12322 12164 12323 11133
3013 16 2 1 1 4899 4940 5100 4988 11864 7755 11795 12059
3014 16 2 1 1 676 791 1057 743 8624 11603 10704 12324
3015 16 2 1 1 3687 3802 3583 3488 12325 6720 10937 6781
3016 16 2 1 1 5132 5247 5158 5070 12326 12327 12328 12329
3017 16 2 1 1 5298 5228 5325 5396 12330 12180 5477 9755
3018 16 2 1 1 865 305 306 650 12193 405 12331 11211
3019 16 2 1 1 3384 3503 3624 3200 10091 12332 10600 11327
3020 16 2 1 1 3260 3350 3523 3259 12155 12333 10731 11050
3021 16 2 1 1 3869 3695 4007 3947 5992 12334 12335 12336
3022 16 2 1 1 4298 4194 4043 4253 12337 12338 12339 11928
3023 16 2 1 1 4365 4504 4179 4303 12340 12341 12342 9880
3024 16 2 1 1 731 867 89 90 8456 12250 189 12298
3025 16 2 1 1 816 698 780 1104 6541 12343 7944 12344
3026 16 2 1 1 2942 2978 3085 3244 5853 6650 12345 5668
3027 16 2 1 1 3454 3659 3895 3772 12346 12347 12348 12349
3028 16 2 1 1 3835 3992 4090 3893 10012 11193 10991 12265
3029 16 2 1 1 5189 5132 5070 4982 12350 12329 12296 12351
3030 16 2 1 1 2026 1625 1804 1931 12352 9000 12353 12177
3031 16 2 1 1 2067 2358 2613 2277 12354 10496 12355 12356
3032 16 2 1 1 4127 4235 4085 3958 7093 7934 7624 12357
3033 16 2 1 1 2445 2299 2620 2599 12358 12359 12360 12361
3034 16 2 1 1 3012 3158 3417 3283 12159 10452 12280 10650
3035 16 2 1 1 4451 4643 4794 4612 11204 11301 11157 11184
3036 16 2 1 1 2081 2297 2109 1985 12362 12363 12364 12365
3037 16 2 1 1 4170 4408 4253 4043 11958 12366 12339 12286
3038 16 2 1 1 1475 1647 1591 1391 12367 12368 6810 11379
3039 16 2 1 1 3981 4052 3927 3815 10989 11199 11503 7170
3040 16 2 1 1 4504 4344 4287 4179 7313 5733 12172 12341
3041 16 2 1 1 3638 3747 3872 3513 11978 11915 10684 11724
3042 16 2 1 1 4408 4477 4352 4253 6322 12369 11926 12366
3043 16 2 1 1 4949 4835 5002 5104 12279 12169 12370 8183
3044 16 2 1 1 1370 1529 1675 1308 11377 11282 6604 9797
3045 16 2 1 1 2790 2647 2824 2958 12371 10515 12261 11855
3046 16 2 1 1 2142 2290 2436 2099 10836 12135 6567 9314
3047 16 2 1 1 2223 2546 2739 2420 12372 12373 12374 9128
3048 16 2 1 1 2509 2743 2792 2904 12375 12376 12377 12378
3049 16 2 1 1 3213 3355 3272 3083 12379 12380 11702 12381
3050 16 2 1 1 3514 3764 3644 3350 10013 12264 12382 12154
3051 16 2 1 1 4413 4612 4695 4510 11185 11156 8602 12257
3052 16 2 1 1 4777 4872 5010 4955 11430 11084 11586 10054
3053 16 2 1 1 724 243 244 870 11858 293 10175 10260
3054 16 2 1 1 2705 2863 3000 2674 11852 10742 7255 10724
3055 16 2 1 1 4952 4921 5114 5001 12383 12384 12385 12386
3056 16 2 1 1 958 1520 1309 1195 8719 11753 11370 9838
3057 16 2 1 1 3018 2816 2699 2566 9673 5911 12387 12310
3058 16 2 1 1 3616 3469 3784 3712 5604 12388 12389 12390
3059 16 2 1 1 4200 4074 4379 4286 11814 10847 12153 11831
3060 16 2 1 1 5254 5157 5097 4999 12391 11770 12229 12392
3061 16 2 1 1 676 375 376 869 12393 475 12262 8625
3062 16 2 1 1 2389 2505 2705 2456 11806 11853 10723 10549
3063 16 2 1 1 3372 3340 3170 3291 12145 12394 10977 12395
3064 16 2 1 1 5067 5168 5316 5239 5759 8597 11126 5742
3065 16 2 1 1 2117 2116 2028 1819 5696 12396 9953 8996
3066 16 2 1 1 3849 3625 3743 3990 12085 12294 9873 6468
3067 16 2 1 1 5104 5002 5070 5158 12370 12297 12328 12397
3068 16 2 1 1 1820 1819 1548 1695 8993 9956 12398 9404
3069 16 2 1 1 4828 4956 5112 5027 10118 12399 12400 9720
3070 16 2 1 1 738 84 85 732 12401 184 12402 10192
3071 16 2 1 1 3595 3516 3886 3759 12011 10538 11000 11578
3072 16 2 1 1 5236 5218 5060 5164 12403 12404 12405 5736
3073 16 2 1 1 2539 2643 2879 2597 12323 12104 12406 9700
3074 16 2 1 1 977 1050 1115 1362 10151 10316 9342 9170
3075 16 2 1 1 1161 1064 1062 1415 11863 12407 12408 10032
3076 16 2 1 1 5152 5171 5035 5086 10430 12409 12223 12410
3077 16 2 1 1 3083 3152 3411 3213 9078 10620 12094 12381
3078 16 2 1 1 3888 3836 4105 3998 9976 10003 12248 12411
3079 16 2 1 1 5216 5297 5247 5132 12412 12413 12326 12414
3080 16 2 1 1 926 1094 1093 776 12415 10137 12416 12417
3081 16 2 1 1 4999 5104 5158 5254 8184 12397 12418 12392
3082 16 2 1 1 3945 3970 3771 3868 9845 12419 12420 9779
3083 16 2 1 1 2982 2985 2666 2859 7110 12421 12422 8896
3084 16 2 1 1 2854 2949 3142 2815 10595 11048 6661 9810
3085 16 2 1 1 3407 3478 3329 3207 10729 12182 12423 10700
3086 16 2 1 1 3959 4064 4232 3940 6765 12424 8928 6431
3087 16 2 1 1 4785 4793 4959 4862 8008 11499 11108 10934
3088 16 2 1 1 5215 5241 5112 5171 12425 12426 12427 10432
3089 16 2 1 1 3160 3395 3226 2994 11922 11828 11229 10547
3090 16 2 1 1 4412 4411 4604 4511 12072 8600 12321 11648
3091 16 2 1 1 733 712 400 401 7404 11099 500 12428
3092 16 2 1 1 1718 2053 1881 1446 12429 12430 8735 12431
3093 16 2 1 1 3207 3329 3536 3280 12423 12432 11467 11513
3094 16 2 1 1 5254 5158 5247 5299 12418 12327 12433 12434
3095 16 2 1 1 3034 3294 3110 2838 12435 12436 12437 10504
3096 16 2 1 1 1272 1500 1632 1823 7674 12438 12439 12440
3097 16 2 1 1 3244 3085 3216 3338 12345 12441 12442 5616
3098 16 2 1 1 1922 2081 1985 1759 12443 12365 12444 10983
3099 16 2 1 1 4580 4564 4383 4488 12445 12446 12447 12448
3100 16 2 1 1 5374 5373 5248 5319 5617 12449 12450 6606
3101 16 2 1 1 732 85 86 677 12402 185 12451 11774
3102 16 2 1 1 2012 2301 2156 1865 8066 10500 10112 9677
3103 16 2 1 1 2352 2616 2400 2197 9013 7585 12452 7817
3104 16 2 1 1 2715 2874 3016 2725 6814 11723 10635 8704
3105 16 2 1 1 3065 3288 3537 3416 11983 11014 12453 12454
3106 16 2 1 1 4598 4447 4788 4683 10938 8897 12302 11078
3107 16 2 1 1 5145 5239 5380 5309 5743 11125 5537 5735
3108 16 2 1 1 1927 2094 2011 1839 12242 12455 10168 6265
3109 16 2 1 1 5025 4987 4914 4817 12456 5864 12457 12458
3110 16 2 1 1 2794 3013 3246 3150 9040 10565 11275 12209
3111 16 2 1 1 4461 4490 4314 4388 12459 12460 12461 12462
3112 16 2 1 1 4640 4751 4696 4563 12463 11894 11130 12464
3113 16 2 1 1 4948 4814 4751 4640 6823 12465 12463 12161
3114 16 2 1 1 1662 1646 1579 1292 12466 12467 12468 5941
3115 16 2 1 1 3329 3761 3652 3536 12181 12469 12470 12432
3116 16 2 1 1 4814 4917 4853 4751 12235 6024 11895 12465
3117 16 2 1 1 2221 2437 2297 2081 12471 12472 12362 12473
3118 16 2 1 1 2579 2600 2872 2731 10457 10956 11065 9543
3119 16 2 1 1 4750 4780 4580 4689 12474 12475 12476 7200
3120 16 2 1 1 5384 5381 5297 5216 6374 5981 12412 12318
3121 16 2 1 1 871 650 306 307 8793 12331 406 12477
3122 16 2 1 1 4204 4272 4151 4105 11241 12258 12249 10006
3123 16 2 1 1 2307 1926 2101 2225 12200 11035 11944 12478
3124 16 2 1 1 4374 4252 4042 4186 6029 12479 12480 12481
3125 16 2 1 1 5386 5286 5249 5157 6320 6665 11771 12482
3126 16 2 1 1 1783 1653 1831 1953 12218 8497 9336 5739
3127 16 2 1 1 4100 3998 4312 4212 12483 12247 12071 11685
3128 16 2 1 1 4596 4684 4789 4560 11329 11385 11206 11264
3129 16 2 1 1 677 86 87 868 12451 186 12202 8636
3130 16 2 1 1 4175 4156 4390 4264 11003 6091 11041 11443
3131 16 2 1 1 4863 4862 5029 4898 10931 11107 12183 10969
3132 16 2 1 1 3867 3868 3657 3744 9776 12484 12485 12486
3133 16 2 1 1 4855 4919 4825 4771 8073 12487 12488 6506
3134 16 2 1 1 875 678 59 60 8494 12489 159 12490
3135 16 2 1 1 3720 3888 3998 4100 12491 12411 12483 12275
3136 16 2 1 1 2979 2843 2951 3076 6760 11755 12492 12493
3137 16 2 1 1 2960 3007 3271 3148 8748 10958 11151 8423
3138 16 2 1 1 3226 3510 3388 3133 11827 12494 11140 11230
3139 16 2 1 1 3060 3148 3403 3192 8424 11150 12142 11550
3140 16 2 1 1 3894 3996 4175 4109 12495 11004 11442 11872
3141 16 2 1 1 3927 4145 4305 4108 11198 11285 11243 11504
3142 16 2 1 1 4268 4401 4468 4593 11462 12496 10427 7980
3143 16 2 1 1 5141 5179 5012 5096 12497 12498 12499 6757
3144 16 2 1 1 2554 2460 2085 2320 12500 11154 12501 11037
3145 16 2 1 1 3403 3356 3477 3642 11149 12502 12213 12143
3146 16 2 1 1 3761 3891 3995 3652 11554 12503 12277 12469
3147 16 2 1 1 3772 3895 4111 3999 12348 12504 12505 12111
3148 16 2 1 1 3823 3967 4216 4068 11990 12506 7546 5843
3149 16 2 1 1 4509 4560 4451 4348 11261 11205 11183 11287
3150 16 2 1 1 4390 4360 4598 4491 6090 10939 11077 11042
3151 16 2 1 1 4789 4864 4953 4643 11384 11338 11302 11207
3152 16 2 1 1 4982 5111 5246 5189 11836 11134 11446 12351
3153 16 2 1 1 1759 1985 1790 1635 12444 12507 11666 12061
3154 16 2 1 1 3733 3969 3833 3746 5879 12508 12509 6244
3155 16 2 1 1 4696 4539 4504 4365 11893 7314 12340 11131
3156 16 2 1 1 916 664 988 1235 12510 12511 12512 12513
3157 16 2 1 1 2314 2221 2081 1922 12514 12473 12443 11063
3158 16 2 1 1 2983 3078 3260 2949 11189 12156 11049 10598
3159 16 2 1 1 4110 4214 4415 4313 12314 12515 12516 12216
3160 16 2 1 1 735 740 80 81 11899 12517 180 12518
3161 16 2 1 1 2724 2584 2826 2999 11034 10915 10030 7710
3162 16 2 1 1 3070 3150 3374 3203 12207 11274 12519 12520
3163 16 2 1 1 3374 3341 3615 3471 11273 11175 12521 12522
3164 16 2 1 1 3536 3652 3769 3529 12470 12276 11625 11468
3165 16 2 1 1 3647 3599 3888 3720 11167 9973 12491 12523
3166 16 2 1 1 3728 3845 3803 3606 7918 12524 12525 12526
3167 16 2 1 1 5307 5306 5225 5226 5591 5586 12051 12527
3168 16 2 1 1 4959 4815 5110 5028 11498 11615 12528 11109
3169 16 2 1 1 679 76 77 874 11161 176 12529 11785
3170 16 2 1 1 2818 3020 3160 2716 11465 11923 10546 11139
3171 16 2 1 1 4307 4396 4509 4145 11455 11262 11286 11201
3172 16 2 1 1 3812 3950 3865 3737 12530 10717 12531 10757
3173 16 2 1 1 3623 3479 3258 3419 8844 12532 12533 10415
3174 16 2 1 1 2383 2590 2719 2422 10293 11657 9165 10796
3175 16 2 1 1 3356 3409 3647 3477 9665 11168 12534 12502
3176 16 2 1 1 4404 4515 4596 4396 12305 11330 11263 11458
3177 16 2 1 1 4866 4908 5024 4864 8114 11478 11339 11387
3178 16 2 1 1 1657 1652 1783 1969 6064 12219 5738 5979
3179 16 2 1 1 2782 2926 3107 3051 12535 12536 12537 12538
3180 16 2 1 1 5028 5110 5264 5191 12528 11476 12539 11616
3181 16 2 1 1 2402 2324 2494 2552 6802 6979 12540 6652
3182 16 2 1 1 1371 1547 1845 1708 12013 10687 9887 10974
3183 16 2 1 1 2666 2685 2460 2554 12541 12542 12500 12543
3184 16 2 1 1 3352 3397 3162 3261 12544 12545 12546 6924
3185 16 2 1 1 3855 3722 3471 3615 12547 12548 12521 12549
3186 16 2 1 1 3891 4108 4204 3995 11505 11242 10005 12503
3187 16 2 1 1 4493 4491 4686 4542 11039 11076 12150 11558
3188 16 2 1 1 4745 4760 4559 4666 10116 12550 12551 10812
3189 16 2 1 1 3190 3433 3232 2968 7439 5805 12552 9925
3190 16 2 1 1 3644 3893 3981 3752 12263 10990 7169 12553
3191 16 2 1 1 871 307 308 636 12477 407 12554 9136
3192 16 2 1 1 2566 2699 2408 2239 12387 5915 11707 12555
3193 16 2 1 1 1836 2149 1955 1853 6561 11713 11974 6966
3194 16 2 1 1 2135 2279 2567 2459 12556 5950 9558 9470
3195 16 2 1 1 2528 2409 2319 2558 9280 12557 12558 12559
3196 16 2 1 1 2857 2995 3261 3162 12560 6527 12546 11749
3197 16 2 1 1 5193 5231 5077 4991 10447 7042 12561 12562
3198 16 2 1 1 2408 2217 2117 1973 5914 5697 8995 11708
3199 16 2 1 1 3510 3760 3600 3388 9062 12069 11841 12494
3200 16 2 1 1 5280 5398 5449 5435 11643 11294 12563 12237
3201 16 2 1 1 4685 4739 4866 4684 6906 8115 11386 11332
3202 16 2 1 1 4514 4550 4685 4515 10225 6907 11331 12307
3203 16 2 1 1 1480 1671 1798 1989 11269 11178 11333 11389
3204 16 2 1 1 3477 3647 3720 3883 12534 12523 12274 12214
3205 16 2 1 1 3904 3961 3827 3723 12564 12565 5877 12566
3206 16 2 1 1 4924 5004 5102 4908 12303 7799 11479 8113
3207 16 2 1 1 896 1242 948 604 12567 12568 12569 12570
3208 16 2 1 1 1886 1624 1963 2173 12571 12572 12573 12574
3209 16 2 1 1 2734 2597 2879 3015 11406 12406 12201 9583
3210 16 2 1 1 4282 4264 4493 4345 11440 11040 11557 11729
3211 16 2 1 1 5061 5079 4936 5009 9219 12575 12576 9263
3212 16 2 1 1 873 736 74 75 11903 12577 174 11160
3213 16 2 1 1 3086 3202 3424 3118 8951 12578 12579 5685
3214 16 2 1 1 4090 4192 4307 4052 11192 11456 11200 10992
3215 16 2 1 1 4406 4259 4158 4107 11100 5777 12580 11947
3216 16 2 1 1 742 58 59 678 12581 158 12489 9408
3217 16 2 1 1 736 878 73 74 11528 11104 173 12577
3218 16 2 1 1 3743 3486 3649 3742 12293 11913 6519 9874
3219 16 2 1 1 4867 4752 5020 4960 11846 10967 12582 11765
3220 16 2 1 1 5157 5254 5299 5386 12391 12434 12583 12482
3221 16 2 1 1 5352 5427 5386 5299 5828 6321 12583 12584
3222 16 2 1 1 2085 2170 1761 1982 11153 12585 11953 12586
3223 16 2 1 1 3750 3879 4087 3993 11976 6580 11840 10483
3224 16 2 1 1 1155 1341 1481 1671 10692 11624 11179 11272
3225 16 2 1 1 2952 3163 3251 2803 11965 11373 11191 12157
3226 16 2 1 1 763 615 795 1089 12587 12588 12589 12590
3227 16 2 1 1 797 614 888 1060 12591 12592 12593 12594
3228 16 2 1 1 3085 2979 3076 3216 6649 12493 12595 12441
3229 16 2 1 1 2658 2803 2983 2728 12158 11190 10597 11534
3230 16 2 1 1 3458 3700 3887 3635 5865 12077 9193 6350
3231 16 2 1 1 2094 2242 2128 2011 12596 5905 10195 12455
3232 16 2 1 1 3362 3546 3444 3237 7788 12597 12598 10748
3233 16 2 1 1 4852 4733 4817 4914 6011 10056 12457 11907
3234 16 2 1 1 5262 5330 5437 5398 10660 11340 11295 11642
3235 16 2 1 1 743 374 375 676 12599 474 12393 12324
3236 16 2 1 1 2801 2853 3135 2937 10816 6144 12600 9842
3237 16 2 1 1 3350 3644 3752 3523 12382 12553 7400 12333
3238 16 2 1 1 5218 5236 5365 5293 12403 5728 5544 12601
3239 16 2 1 1 880 65 66 741 11224 165 12602 10235
3240 16 2 1 1 4039 4082 3814 3970 9988 12603 12604 9848
3241 16 2 1 1 5299 5247 5297 5352 12433 12413 5980 12584
3242 16 2 1 1 1693 1691 2023 1861 8683 11438 10307 9967
3243 16 2 1 1 3346 3382 3119 3250 11093 12605 12606 10740
3244 16 2 1 1 3068 3200 3381 3163 11328 10599 11374 11964
3245 16 2 1 1 3579 3814 4001 3741 12607 12608 12609 6975
3246 16 2 1 1 3954 4043 4194 3992 12287 12338 11194 10011
3247 16 2 1 1 2702 2696 2995 2857 10265 10825 12560 12127
3248 16 2 1 1 720 724 1042 809 11859 10259 10315 11293
3249 16 2 1 1 2025 1654 1444 1761 12610 8941 11954 12611
3250 16 2 1 1 4484 4345 4676 4573 11726 11556 12612 11784
3251 16 2 1 1 1170 816 1104 1138 12613 12344 12614 12615
3252 16 2 1 1 738 872 83 84 10057 11020 183 12401
3253 16 2 1 1 3242 3368 3512 3215 12062 8441 6318 8531
3254 16 2 1 1 5012 5014 4858 4938 12616 12617 12618 12619
3255 16 2 1 1 4573 4676 4852 4796 12612 6012 11906 12064
3256 16 2 1 1 4194 4298 4404 4192 12337 12306 11457 11195
3257 16 2 1 1 4350 4481 4705 4589 11778 12620 8763 7963
3258 16 2 1 1 2642 2731 3002 2783 9544 11064 10314 11259
3259 16 2 1 1 3730 3684 3847 4005 12621 8640 12622 12623
3260 16 2 1 1 1555 1730 1643 1395 12624 12625 12626 12627
3261 16 2 1 1 2647 2790 2986 2738 12371 10000 10590 12163
3262 16 2 1 1 3632 3475 3717 3874 12628 12629 12630 6277
3263 16 2 1 1 3936 4109 4282 4150 11873 11441 11728 5934
3264 16 2 1 1 4987 5025 5164 5060 12456 11856 12405 12631
3265 16 2 1 1 898 1223 983 750 12632 12633 12634 12635
3266 16 2 1 1 4107 4158 4078 3950 12580 5795 10718 12636
3267 16 2 1 1 733 502 503 656 12637 552 12638 7405
3268 16 2 1 1 737 656 503 504 8272 12638 553 7861
3269 16 2 1 1 4680 4771 4646 4549 6507 12639 12640 12641
3270 16 2 1 1 4960 5020 5180 5111 12582 7073 11135 11835
3271 16 2 1 1 2908 2765 2785 2964 8666 9031 8476 12642
3272 16 2 1 1 3328 3416 3659 3454 12643 12644 12346 12645
3273 16 2 1 1 4153 4186 4003 4086 12646 12647 12648 6081
3274 16 2 1 1 4388 4376 4574 4461 12299 11782 12227 12462
3275 16 2 1 1 853 636 308 309 9784 12554 408 10647
3276 16 2 1 1 1242 983 1293 1566 12649 12650 12651 12652
3277 16 2 1 1 734 876 70 71 12003 11023 170 12653
3278 16 2 1 1 2685 2666 2985 2844 12541 12421 11383 12654
3279 16 2 1 1 912 759 986 1248 12655 12656 12657 12658
3280 16 2 1 1 3949 3976 3776 3873 12659 12660 12661 6280
3281 16 2 1 1 4508 4507 4406 4302 11588 11101 11946 10851
3282 16 2 1 1 3586 3639 3882 3698 6748 7606 11889 8803
3283 16 2 1 1 740 877 79 80 10149 11246 179 12517
3284 16 2 1 1 1568 1436 1598 1808 12662 12663 12664 12665
3285 16 2 1 1 5294 5311 5192 5241 5569 12666 12667 12668
3286 16 2 1 1 2937 3135 3387 3285 12600 6018 12669 11762
3287 16 2 1 1 4992 5094 5113 5019 7493 12670 11390 12671
3288 16 2 1 1 3737 3865 3660 3479 12531 12196 12672 8847
3289 16 2 1 1 5187 5263 5370 5323 10972 12673 5572 10725
3290 16 2 1 1 2486 2585 2370 2346 12674 10493 12675 7330
3291 16 2 1 1 1483 1532 1843 1604 8235 8842 10205 10557
3292 16 2 1 1 2225 2362 2573 2307 11849 11694 11032 12478
3293 16 2 1 1 2944 3071 3165 2974 9905 12676 12677 12678
3294 16 2 1 1 735 81 82 616 12518 181 11019 11803
3295 16 2 1 1 3651 3770 3996 3894 12679 11253 12495 11829
3296 16 2 1 1 3327 3538 3739 3601 10752 10879 12680 12007
3297 16 2 1 1 4477 4569 4690 4352 5454 8090 10227 12369
3298 16 2 1 1 749 660 1163 1243 12681 12682 10961 12683
3299 16 2 1 1 680 67 68 879 12684 167 11559 9562
3300 16 2 1 1 874 77 78 647 12529 177 11245 9652
3301 16 2 1 1 908 663 959 1232 12685 12686 12687 12688
3302 16 2 1 1 4807 4969 4839 4662 7554 12689 12690 7386
3303 16 2 1 1 2387 2244 2723 2600 10185 8319 10957 10456
3304 16 2 1 1 680 741 66 67 11687 12602 166 12684
3305 16 2 1 1 3930 4300 4170 4099 7332 11959 12285 8217
3306 16 2 1 1 743 882 373 374 10703 12691 473 12599
3307 16 2 1 1 4858 4838 4642 4780 12692 12693 12694 12695
3308 16 2 1 1 4817 4955 5080 5025 10055 11585 11857 12458
3309 16 2 1 1 5318 5279 5428 5390 11444 8510 12696 12320
3310 16 2 1 1 2861 2644 2515 2359 12243 12697 12698 11817
3311 16 2 1 1 2419 2420 2739 2504 12699 12374 12700 12701
3312 16 2 1 1 5245 5401 5302 5154 12702 12703 12704 12705
3313 16 2 1 1 875 60 61 658 12490 160 11601 8921
3314 16 2 1 1 739 881 62 63 9228 11602 162 12706
3315 16 2 1 1 609 739 63 64 10158 12706 163 11223
3316 16 2 1 1 734 71 72 608 12653 171 11103 9615
3317 16 2 1 1 1388 1376 1252 1063 8447 12707 10178 12708
3318 16 2 1 1 5132 5189 5318 5216 12350 11445 12319 12414
3319 16 2 1 1 2205 2347 2327 1947 12709 12710 12711 12712
3320 16 2 1 1 905 1241 982 764 12713 11435 12714 12715
3321 16 2 1 1 2950 2856 2687 2984 5955 12716 12717 12718
3322 16 2 1 1 2989 2923 2805 2644 11981 12719 12720 12245
3323 16 2 1 1 1384 1219 1523 1703 12083 9792 11247 9814
3324 16 2 1 1 3216 3076 3217 3391 12595 12721 6200 12722
3325 16 2 1 1 2805 2962 2884 2676 12723 10964 12724 12725
3326 16 2 1 1 5401 5446 5410 5302 12726 5532 12727 12703
3327 16 2 1 1 1137 1387 1695 1548 12728 9950 12398 11025
3328 16 2 1 1 2240 2432 2537 2707 6354 12271 12729 6188
3329 16 2 1 1 3219 3250 2945 3124 10738 12730 12731 10341
3330 16 2 1 1 909 603 949 1231 12732 12733 12734 12735
3331 16 2 1 1 4459 4489 4315 4385 12736 12737 12738 9034
3332 16 2 1 1 4564 4703 4508 4383 12739 11589 10850 12446
3333 16 2 1 1 5241 5215 5375 5294 12425 9867 5566 12668
3334 16 2 1 1 742 854 57 58 9698 8581 157 12581
3335 16 2 1 1 3620 3461 3336 3203 10886 12740 12741 12742
3336 16 2 1 1 904 1253 949 603 12743 12744 12733 12745
3337 16 2 1 1 4291 4150 4484 4376 5931 11727 11783 12301
3338 16 2 1 1 3999 4111 4314 4214 12505 12746 12747 12313
3339 16 2 1 1 3928 3982 4217 4040 11887 12748 12259 8571
3340 16 2 1 1 910 766 1070 1233 12749 12750 12751 12752
3341 16 2 1 1 2698 2507 2828 3019 12308 12125 12753 10690
3342 16 2 1 1 2519 2998 2821 2721 6786 11746 12322 7575
3343 16 2 1 1 4828 4846 4653 4760 9719 12754 12755 10119
3344 16 2 1 1 5007 5198 5072 4910 12756 12757 12758 12759
3345 16 2 1 1 915 991 1257 770 12760 12761 12762 12763
3346 16 2 1 1 2694 2670 2996 2849 9556 10070 11046 10911
3347 16 2 1 1 3408 3533 3770 3651 10955 11251 12679 9862
3348 16 2 1 1 3601 3739 3966 3892 12680 5813 11117 11886
3349 16 2 1 1 4651 4796 4935 4871 12065 11905 12225 10810
3350 16 2 1 1 4745 4871 5035 4956 10811 12224 12764 10117
3351 16 2 1 1 3048 3184 2966 2892 8508 12765 12766 6998
3352 16 2 1 1 4996 5009 4829 4928 9260 12767 12768 9412
3353 16 2 1 1 2651 2368 2528 2856 9537 9281 12769 5954
3354 16 2 1 1 2687 2558 2393 2650 12770 12771 12772 12773
3355 16 2 1 1 4124 4336 4227 4018 12774 12775 12776 12777
3356 16 2 1 1 2286 2108 2060 1788 6153 7394 12778 9718
3357 16 2 1 1 2563 2530 2847 2657 12779 12780 12781 12782
3358 16 2 1 1 4838 4963 4764 4642 12783 11591 12784 12693
3359 16 2 1 1 1248 986 1397 1576 12657 12785 11412 12786
3360 16 2 1 1 2676 2884 2562 2604 12724 10472 10371 12787
3361 16 2 1 1 3146 2934 3070 3273 12788 12208 12789 12790
3362 16 2 1 1 4292 4258 4044 4221 12791 12792 12793 6804
3363 16 2 1 1 1643 2050 1806 1469 12794 12795 10042 12796
3364 16 2 1 1 3065 3223 3096 2923 12797 12798 12799 11984
3365 16 2 1 1 3614 3612 3521 3355 12800 6890 12801 12802
3366 16 2 1 1 4211 4402 4271 4106 9207 10445 12079 12029
3367 16 2 1 1 5027 5112 5241 5192 12400 12426 12667 11640
3368 16 2 1 1 2703 2858 2614 2615 12803 12804 12805 12806
3369 16 2 1 1 906 760 1084 1085 12807 12808 9591 12809
3370 16 2 1 1 3338 3216 3391 3519 12442 12722 6658 5791
3371 16 2 1 1 3937 4093 4160 4295 7397 11985 11973 6128
3372 16 2 1 1 4559 4586 4415 4490 12810 12811 12812 12813
3373 16 2 1 1 887 365 366 746 12814 465 12815 9269
3374 16 2 1 1 883 644 367 368 9624 12816 467 12817
3375 16 2 1 1 885 681 370 371 12067 12818 470 12819
3376 16 2 1 1 882 611 372 373 9773 12820 472 12691
3377 16 2 1 1 1083 984 1246 1404 12821 12822 12823 12824
3378 16 2 1 1 745 362 363 886 12825 462 12826 9870
3379 16 2 1 1 887 659 364 365 9969 12827 464 12814
3380 16 2 1 1 2930 3127 3019 2828 12828 10435 12753 11751
3381 16 2 1 1 1495 1494 1220 1407 12829 11743 12830 8404
3382 16 2 1 1 5248 5226 5062 5179 12831 12050 12832 12833
3383 16 2 1 1 4642 4764 4703 4564 12784 11567 12739 12834
3384 16 2 1 1 2363 2529 2421 2273 12835 12836 12240 9434
3385 16 2 1 1 3717 3871 3948 4083 12837 12838 12839 12840
3386 16 2 1 1 2515 2676 2604 2437 12841 12787 12842 12843
3387 16 2 1 1 4065 3939 3890 3722 5896 12844 12845 12846
3388 16 2 1 1 2029 1758 1599 1720 12847 12266 12848 12849
3389 16 2 1 1 3479 3660 3349 3258 12672 10818 11375 12532
3390 16 2 1 1 1728 2041 1768 1727 8737 12850 12851 12852
3391 16 2 1 1 2213 2447 2544 2692 8860 11495 8933 9469
3392 16 2 1 1 1988 1788 1647 1475 9715 12853 12367 9494
3393 16 2 1 1 2281 2374 2556 2231 10355 10329 5682 9490
3394 16 2 1 1 3416 3328 3223 3065 12643 12854 12797 12454
3395 16 2 1 1 3882 3858 4072 3982 7605 5655 12855 11890
3396 16 2 1 1 4523 4369 4503 4623 12856 12857 12858 12859
3397 16 2 1 1 3895 4000 4215 4111 12860 12021 12861 12504
3398 16 2 1 1 5225 5315 5090 5175 5585 12862 12863 12052
3399 16 2 1 1 895 1224 1079 661 12864 12865 12866 12867
3400 16 2 1 1 903 762 1250 989 12868 12869 12870 12871
3401 16 2 1 1 2359 2515 2437 2221 12698 12843 12471 12872
3402 16 2 1 1 4911 4928 4746 4846 9409 12873 12874 9722
3403 16 2 1 1 744 883 368 369 12212 12817 468 12875
3404 16 2 1 1 744 369 370 681 12875 469 12818 10019
3405 16 2 1 1 3223 3393 3287 3096 12876 11172 11698 12798
3406 16 2 1 1 4956 5035 5171 5112 12764 12409 12427 12399
3407 16 2 1 1 745 884 361 362 9535 11940 461 12825
3408 16 2 1 1 4490 4461 4666 4559 12459 12226 12551 12813
3409 16 2 1 1 3281 3209 2925 3155 12877 5936 12878 12879
3410 16 2 1 1 899 757 1067 1225 12880 12881 12882 12883
3411 16 2 1 1 3496 3622 3668 3376 8437 12884 12885 5708
3412 16 2 1 1 4819 4912 4873 4763 12886 11146 12887 11593
3413 16 2 1 1 1102 1260 1319 1126 12888 12889 12890 10893
3414 16 2 1 1 3503 3735 3862 3624 12084 12043 5867 12332
3415 16 2 1 1 4585 4466 4674 4775 12891 11834 12892 6755
3416 16 2 1 1 1720 1599 1437 1551 12848 12893 12894 12895
3417 16 2 1 1 2644 2805 2676 2515 12720 12725 12841 12697
3418 16 2 1 1 1985 2109 1988 1790 12364 9716 9493 12507
3419 16 2 1 1 3465 3666 3801 3611 12896 6983 11522 7012
3420 16 2 1 1 4763 4873 4656 4544 12887 11459 12897 11565
3421 16 2 1 1 5062 5175 4903 5014 12049 12898 12899 12900
3422 16 2 1 1 772 624 801 1088 12901 12902 12903 12904
3423 16 2 1 1 3703 3875 3515 3636 6421 12905 12906 6780
3424 16 2 1 1 4775 4674 4741 4831 12892 11876 12907 6638
3425 16 2 1 1 900 756 984 1083 12908 12909 12821 12910
3426 16 2 1 1 841 359 360 610 9307 459 11939 7971
3427 16 2 1 1 886 363 364 659 12826 463 12827 9211
3428 16 2 1 1 746 366 367 644 12815 466 12816 10815
3429 16 2 1 1 885 371 372 611 12819 471 12820 12055
3430 16 2 1 1 2437 2604 2386 2297 12842 10370 12911 12472
3431 16 2 1 1 4400 4289 4466 4585 11776 11825 12891 7742
3432 16 2 1 1 2316 2454 2693 2602 11012 8856 10817 9771
3433 16 2 1 1 3491 3456 3774 3578 6842 12912 11992 11968
3434 16 2 1 1 4377 4358 4556 4485 12037 5548 12041 11654
3435 16 2 1 1 4903 5000 4963 4838 12913 12199 12783 12914
3436 16 2 1 1 2989 3139 3389 3288 12244 6254 11015 11982
3437 16 2 1 1 3397 3352 3641 3463 12544 6888 12915 12916
3438 16 2 1 1 4985 5101 5140 5255 12917 12918 11704 7715
3439 16 2 1 1 4592 4591 4798 4681 12919 12920 12921 12922
3440 16 2 1 1 899 1225 985 752 12883 12923 12924 12925
3441 16 2 1 1 1655 1628 2017 1816 7638 10436 11123 12233
3442 16 2 1 1 4214 4314 4490 4415 12747 12460 12812 12515
3443 16 2 1 1 5193 4991 5065 5149 12562 11535 5469 12926
3444 16 2 1 1 3284 3189 3109 3241 10077 6739 6337 10622
3445 16 2 1 1 3273 3070 3203 3336 12789 12520 12741 12927
3446 16 2 1 1 4679 4697 4784 4861 9455 12000 11935 7696
3447 16 2 1 1 5183 5184 5251 5320 8465 11921 10608 8084
3448 16 2 1 1 3950 3812 4208 4107 12530 11058 11948 12636
3449 16 2 1 1 4586 4559 4760 4653 12810 12550 12755 12928
3450 16 2 1 1 4829 4851 4704 4766 12929 12930 12931 12932
3451 16 2 1 1 3328 3539 3393 3223 12933 12934 12876 12854
3452 16 2 1 1 4 502 733 401 551 12637 12428 501
3453 16 2 1 1 3696 3899 3718 3587 12935 12936 12937 12938
3454 16 2 1 1 989 1250 1405 1408 12870 12939 11809 11546
3455 16 2 1 1 2025 2024 1786 1654 12940 12941 12942 12610
3456 16 2 1 1 3899 3948 3871 3718 12943 12838 12255 12936
3457 16 2 1 1 5086 4987 5060 5152 5861 12631 12944 12410
3458 16 2 1 1 4746 4766 4613 4675 12945 12946 12947 12948
3459 16 2 1 1 1463 1775 2027 1709 12949 8796 12950 12951
3460 16 2 1 1 5108 5192 5311 5263 11641 12666 12952 10971
3461 16 2 1 1 1869 2016 2287 2168 10263 10453 9812 10981
3462 16 2 1 1 2221 2314 2572 2359 12514 10677 11818 12872
3463 16 2 1 1 2707 2537 2718 2817 12729 12953 12954 6175
3464 16 2 1 1 2945 2975 2657 2847 12955 12956 12781 12957
3465 16 2 1 1 3398 3399 3654 3516 10828 11072 10539 12012
3466 16 2 1 1 4452 4485 4702 4546 11651 12040 12958 8264
3467 16 2 1 1 4544 4656 4606 4507 12897 8810 11102 11590
3468 16 2 1 1 4831 4741 4941 5023 12907 11951 11969 7996
3469 16 2 1 1 4202 4053 4270 4401 8756 12129 12959 11464
3470 16 2 1 1 1934 2079 2281 2018 10783 10356 9489 10224
3471 16 2 1 1 4401 4270 4362 4468 12959 11082 11489 12496
3472 16 2 1 1 4653 4675 4516 4586 12960 12961 12962 12928
3473 16 2 1 1 5087 5173 5037 5038 12963 12964 12965 12966
3474 16 2 1 1 3287 3090 2804 3023 11171 6218 12967 11699
3475 16 2 1 1 5033 5034 5081 5166 11719 12002 12005 11882
3476 16 2 1 1 2298 2150 2248 2442 11788 12053 11866 6918
3477 16 2 1 1 633 753 1064 812 12968 12969 11862 11288
3478 16 2 1 1 1126 1319 1717 1486 12890 6424 9002 10948
3479 16 2 1 1 3076 2951 3116 3217 12492 10252 5638 12721
3480 16 2 1 1 1378 1507 1828 1711 12970 6056 9919 10544
3481 16 2 1 1 5144 5252 5296 5376 11793 12009 5499 11902
3482 16 2 1 1 1709 1348 1221 1463 12971 11256 12972 12951
3483 16 2 1 1 4281 4528 4382 4155 12973 12974 12975 12976
3484 16 2 1 1 4749 4779 4558 4687 12977 12978 12979 11460
3485 16 2 1 1 2297 2386 2286 2109 12911 6154 9717 12363
3486 16 2 1 1 4095 3953 4306 4213 10998 9320 12151 10917
3487 16 2 1 1 4111 4215 4388 4314 12861 12300 12461 12746
3488 16 2 1 1 5237 5259 5324 5389 9464 11989 10214 11656
3489 16 2 1 1 2963 2798 3105 3233 12980 10786 12981 12982
3490 16 2 1 1 3413 3650 3532 3278 9828 10140 12035 12128
3491 16 2 1 1 5152 5060 5218 5331 12944 12404 12983 10431
3492 16 2 1 1 2473 2261 2192 1946 12984 12985 12986 9740
3493 16 2 1 1 2421 2561 2242 2094 12987 5766 12596 12241
3494 16 2 1 1 4077 4050 4303 4179 11115 11364 12342 12175
3495 16 2 1 1 4159 4112 4220 4322 12988 12989 12990 12991
3496 16 2 1 1 1448 1725 2044 1765 12992 12993 12994 12995
3497 16 2 1 1 3128 3089 3402 3208 11381 7053 12996 12317
3498 16 2 1 1 2391 2720 2542 2255 8301 12152 11790 9430
3499 16 2 1 1 3659 3773 4000 3895 12997 12278 12860 12347
3500 16 2 1 1 3898 3706 3576 3663 12998 10943 10536 12999
3501 16 2 1 1 614 26 27 888 13000 126 13001 12592
3502 16 2 1 1 3463 3636 3231 3397 6778 13002 13003 12916
3503 16 2 1 1 4675 4653 4846 4746 12960 12754 12874 12948
3504 16 2 1 1 748 25 26 614 13004 125 13000 13005
3505 16 2 1 1 2877 2695 2791 2946 13006 10691 13007 13008
3506 16 2 1 1 2923 3096 2962 2805 12799 11700 12723 12719
3507 16 2 1 1 4803 4713 4783 4865 13009 13010 13011 13012
3508 16 2 1 1 4645 4759 4845 4737 8761 5632 11574 13013
3509 16 2 1 1 3965 4228 4057 3840 13014 13015 8562 10038
3510 16 2 1 1 768 997 823 729 11417 13016 13017 13018
3511 16 2 1 1 3371 3245 3072 3334 6198 13019 5999 6210
3512 16 2 1 1 4409 4311 4469 4602 12036 12204 7898 9325
3513 16 2 1 1 4279 4154 4357 4481 7178 13020 13021 11780
3514 16 2 1 1 4563 4587 4776 4640 12295 7066 12162 12464
3515 16 2 1 1 3011 2880 2934 3146 13022 12121 12788 13023
3516 16 2 1 1 3617 3468 3591 3746 6482 11735 6245 13024
3517 16 2 1 1 4037 4220 4112 3929 13025 12989 13026 13027
3518 16 2 1 1 4874 4706 4645 4737 13028 11579 13013 13029
3519 16 2 1 1 15 754 755 14 11539 13030 13031 114
3520 16 2 1 1 3587 3718 3598 3539 12937 12254 13032 13033
3521 16 2 1 1 3724 3617 3746 3833 6477 13024 12509 13034
3522 16 2 1 1 3929 4112 3948 3899 13026 13035 12943 13036
3523 16 2 1 1 1730 1896 2050 1643 13037 13038 12794 12625
3524 16 2 1 1 1775 1974 2169 2115 13039 13040 13041 8797
3525 16 2 1 1 4004 3926 3830 3706 13042 5689 10944 13043
3526 16 2 1 1 2269 2083 1872 2027 5651 13044 13045 8799
3527 16 2 1 1 2537 2444 2510 2718 12270 10840 12016 12953
3528 16 2 1 1 4851 4829 5009 4936 12929 12767 12576 13046
3529 16 2 1 1 1552 1313 1624 1886 13047 10864 12571 13048
3530 16 2 1 1 3380 3222 3499 3672 13049 13050 13051 13052
3531 16 2 1 1 3699 3765 4003 3818 10061 13053 13054 13055
3532 16 2 1 1 1503 1292 1014 1239 5939 13056 13057 7438
3533 16 2 1 1 2129 2095 2426 2272 11121 11021 12076 12015
3534 16 2 1 1 4263 4359 4278 4171 13058 13059 13060 8122
3535 16 2 1 1 2982 3011 3146 3270 8895 13023 13061 7111
3536 16 2 1 1 3961 4182 4075 3827 5887 13062 7243 12565
3537 16 2 1 1 4925 4942 5015 5075 6270 13063 8169 6104
3538 16 2 1 1 2485 2769 2623 2263 13064 13065 13066 11119
3539 16 2 1 1 3941 3833 3969 4092 13067 12508 7245 13068
3540 16 2 1 1 5250 5256 5334 5321 13069 13070 13071 13072
3541 16 2 1 1 1314 1110 1471 1741 13073 13074 13075 13076
3542 16 2 1 1 2530 2563 2330 2412 12779 13077 13078 13079
3543 16 2 1 1 3520 3476 3208 3402 7636 5948 12996 7878
3544 16 2 1 1 5016 5018 5123 5095 6903 13080 13081 13082
3545 16 2 1 1 3293 3064 2943 3031 13083 5595 10769 13084
3546 16 2 1 1 4347 4464 4421 4248 13085 13086 13087 11403
3547 16 2 1 1 3042 2835 3101 3304 7730 13088 13089 13090
3548 16 2 1 1 2811 3053 2969 3189 10814 13091 6740 10080
3549 16 2 1 1 3772 3696 3587 3454 12110 12938 13092 12349
3550 16 2 1 1 4570 4646 4744 4701 13093 13094 7958 8970
3551 16 2 1 1 5001 5101 4818 4952 13095 13096 13097 12386
3552 16 2 1 1 2481 2358 2067 2342 13098 12354 13099 13100
3553 16 2 1 1 4148 4278 4359 4478 9747 13059 13101 5647
3554 16 2 1 1 4816 4954 4998 5084 9590 12090 13102 5773
3555 16 2 1 1 3824 3892 4077 3925 11884 11116 12174 10694
3556 16 2 1 1 5099 4989 4912 4819 12026 5724 12886 12198
3557 16 2 1 1 5148 5258 5372 5305 9221 10882 5580 13103
3558 16 2 1 1 2925 3125 2653 2855 5935 13104 13105 13106
3559 16 2 1 1 3452 3634 3194 3394 6313 13107 13108 10820
3560 16 2 1 1 4288 4393 4263 4177 6299 13109 8121 13110
3561 16 2 1 1 5090 5156 5099 5000 13111 12027 12197 13112
3562 16 2 1 1 4103 3931 3859 3701 9748 5657 13113 13114
3563 16 2 1 1 4818 4913 4885 4734 13115 13116 13117 13118
3564 16 2 1 1 3114 3115 3420 3196 13119 13120 13121 13122
3565 16 2 1 1 3683 3728 3606 3546 13123 12526 13124 7787
3566 16 2 1 1 5331 5218 5293 5350 12983 12601 5552 9869
3567 16 2 1 1 3701 3859 3640 3461 13113 13125 13126 10889
3568 16 2 1 1 3855 3724 3833 3941 13127 13034 13067 13128
3569 16 2 1 1 4369 4260 4346 4503 13129 13130 13131 12857
3570 16 2 1 1 3615 3613 3724 3855 11174 6478 13127 12549
3571 16 2 1 1 666 1078 806 754 13132 8850 13133 11538
3572 16 2 1 1 5423 5370 5263 5311 13134 12673 12952 5568
3573 16 2 1 1 3354 3273 3336 3527 13135 12927 13136 7876
3574 16 2 1 1 4558 4581 4416 4489 13137 13138 13139 13140
3575 16 2 1 1 5365 5422 5291 5357 5727 13141 13142 5545
3576 16 2 1 1 5233 5275 5231 5341 10644 7039 10446 10413
3577 16 2 1 1 249 914 642 248 13143 10180 13144 298
3578 16 2 1 1 2931 3104 3204 3303 13145 13146 11996 13147
3579 16 2 1 1 4051 4088 3898 3976 10712 13148 13149 13150
3580 16 2 1 1 4065 3941 4092 4198 13151 13068 8014 5897
3581 16 2 1 1 2737 2502 2990 2860 11225 6071 10594 12312
3582 16 2 1 1 2817 2718 2880 3011 12954 12018 13022 8894
3583 16 2 1 1 4639 4681 4880 4730 13152 13153 13154 13155
3584 16 2 1 1 633 245 246 753 10176 295 13156 12968
3585 16 2 1 1 4527 4343 4448 4557 13157 13158 13159 13160
3586 16 2 1 1 5264 5397 5330 5191 10552 11341 10659 12539
3587 16 2 1 1 3108 3290 3443 3212 13161 6836 13162 6686
3588 16 2 1 1 5224 5300 5253 5156 5578 7088 12028 13163
3589 16 2 1 1 3620 3471 3722 3890 13164 12548 12845 10887
3590 16 2 1 1 4795 4736 4926 4824 11322 5554 13165 12220
3591 16 2 1 1 747 888 27 28 13166 13001 127 13167
3592 16 2 1 1 2695 2877 2529 2363 13006 13168 12835 9059
3593 16 2 1 1 3744 3627 3897 3867 5960 13169 13170 12486
3594 16 2 1 1 5084 4998 5169 5257 13102 12166 13171 9096
3595 16 2 1 1 3411 3241 3240 3367 10619 6336 6551 12095
3596 16 2 1 1 4297 4248 4036 4191 11400 13172 13173 11321
3597 16 2 1 1 4393 4517 4359 4263 12206 13174 13058 13109
3598 16 2 1 1 4128 4219 4338 4172 13175 6569 11961 13176
3599 16 2 1 1 4488 4344 4689 4580 5730 7312 12476 12448
3600 16 2 1 1 3722 3855 3941 4065 12547 13128 13151 12846
3601 16 2 1 1 5257 5169 5228 5298 13171 12124 12330 8599
3602 16 2 1 1 3285 3387 3626 3538 12669 5973 10880 10751
3603 16 2 1 1 3839 4049 4228 3965 8701 13177 13014 13178
3604 16 2 1 1 208 209 768 729 258 13179 13018 13180
3605 16 2 1 1 3240 2935 3188 3421 6339 12292 6684 6552
3606 16 2 1 1 2039 1876 1767 1929 13181 13182 7148 13183
3607 16 2 1 1 3203 3374 3471 3620 12519 12522 13164 12742
3608 16 2 1 1 5315 5224 5156 5090 5582 13163 13111 12862
3609 16 2 1 1 1612 2018 2131 1832 10223 9488 6080 12253
3610 16 2 1 1 2605 2378 2660 2890 13184 13185 13186 13187
3611 16 2 1 1 4232 4064 4128 4172 12424 13188 13176 9134
3612 16 2 1 1 4915 4945 5016 5091 13189 6904 13190 6130
3613 16 2 1 1 2691 2808 2976 2668 5762 7930 5782 9348
3614 16 2 1 1 3777 3493 3426 3585 13191 7347 13192 13193
3615 16 2 1 1 4605 4517 4494 4570 13194 12205 13195 8969
3616 16 2 1 1 4450 4613 4766 4704 12148 12946 12931 13196
3617 16 2 1 1 1492 1719 1912 1651 13197 7113 7810 7029
3618 16 2 1 1 5173 5087 5147 5221 12963 13198 5593 7584
3619 16 2 1 1 1831 1509 1284 1620 8496 13199 13200 9337
3620 16 2 1 1 3454 3587 3539 3328 13092 13033 12933 12645
3621 16 2 1 1 4171 4278 4103 3939 13060 9749 13201 5899
3622 16 2 1 1 5179 5141 5319 5248 12497 6663 12450 12833
3623 16 2 1 1 1494 1495 1654 1786 12829 8942 12942 13202
3624 16 2 1 1 3270 3146 3273 3354 13061 12790 13135 7055
3625 16 2 1 1 3492 3493 3777 3619 13203 13191 10711 6945
3626 16 2 1 1 4652 4672 4519 4581 13204 13205 13206 13207
3627 16 2 1 1 4766 4746 4928 4829 12945 12873 12768 12932
3628 16 2 1 1 2930 3162 3397 3231 11750 12545 13003 13208
3629 16 2 1 1 5418 5442 5451 5408 8030 5524 13209 5522
3630 16 2 1 1 2795 2650 2902 2974 13210 13211 13212 13213
3631 16 2 1 1 3527 3336 3461 3640 13136 12740 13126 13214
3632 16 2 1 1 3818 3955 3897 3699 13215 13216 13217 13055
3633 16 2 1 1 3487 3367 3569 3609 12092 6550 6584 13218
3634 16 2 1 1 4161 4191 4004 4088 11318 13219 13220 10715
3635 16 2 1 1 4660 4756 4875 4843 13221 13222 13223 13224
3636 16 2 1 1 5190 5076 5201 5275 9215 13225 7040 10646
3637 16 2 1 1 1347 1348 1709 1515 13226 12971 13227 9015
3638 16 2 1 1 3355 3213 3487 3614 12379 12093 13228 12802
3639 16 2 1 1 4066 3951 4091 4201 13229 7536 8327 6382
3640 16 2 1 1 4454 4571 4661 4756 13230 9907 13231 13232
3641 16 2 1 1 3191 3392 3475 3632 13233 13234 12628 13235
3642 16 2 1 1 4780 4750 4938 4858 12474 6022 12618 12695
3643 16 2 1 1 2814 2847 2530 2689 13236 12780 13237 8849
3644 16 2 1 1 3614 3487 3609 3711 13228 13218 13238 13239
3645 16 2 1 1 3854 3711 3917 3983 13240 13241 9328 6531
3646 16 2 1 1 3579 3771 3970 3814 11577 12419 12604 12607
3647 16 2 1 1 3582 3806 4027 3828 13242 13243 13244 8195
3648 16 2 1 1 3127 2930 3231 3412 12828 13208 13245 10388
3649 16 2 1 1 3541 3296 3170 3340 13246 13247 12394 13248
3650 16 2 1 1 4993 5091 5161 5274 6131 13249 9277 6149
3651 16 2 1 1 3711 3609 3805 3917 13238 6583 9965 13241
3652 16 2 1 1 3612 3614 3711 3854 12800 13239 13240 6820
3653 16 2 1 1 3504 3657 3868 3771 11095 12484 12420 11576
3654 16 2 1 1 4389 4513 4698 4554 13250 10824 13251 7058
3655 16 2 1 1 4584 4600 4682 4773 7701 12188 13252 9303
3656 16 2 1 1 4368 4521 4323 4164 13253 13254 13255 13256
3657 16 2 1 1 4902 4936 5079 4990 13257 12575 13258 13259
3658 16 2 1 1 4039 4206 4419 4310 9847 13260 13261 9989
3659 16 2 1 1 3774 3775 3831 3967 13262 8801 13263 11993
3660 16 2 1 1 4186 4153 4277 4374 12646 6036 13264 12481
3661 16 2 1 1 3520 3527 3640 3754 7877 13214 13265 7637
3662 16 2 1 1 4164 4323 4134 3944 13255 6140 13266 13267
3663 16 2 1 1 4228 4281 4155 4057 13268 12976 8400 13015
3664 16 2 1 1 4313 4415 4586 4516 12516 12811 12962 12097
3665 16 2 1 1 2844 2829 2546 2685 12210 13269 13270 12654
3666 16 2 1 1 2895 2624 2622 2648 13271 13272 13273 13274
3667 16 2 1 1 3701 3890 3939 4103 10888 12844 13201 13114
3668 16 2 1 1 2813 2842 2559 2688 10767 13275 13276 9827
3669 16 2 1 1 3880 3710 3951 4066 13277 6533 13229 6774
3670 16 2 1 1 3472 3494 3281 3375 10534 13278 13279 10529
3671 16 2 1 1 3859 3858 3754 3640 5656 7608 13265 13125
3672 16 2 1 1 5103 5071 5271 5135 13280 11502 13281 13282
3673 16 2 1 1 3346 3534 3744 3657 10739 5961 12485 11094
3674 16 2 1 1 1734 1463 1221 1409 13283 12972 13284 11741
3675 16 2 1 1 4414 4516 4675 4613 12098 12961 12947 12147
3676 16 2 1 1 1164 943 1507 1378 9018 8947 12970 9934
3677 16 2 1 1 2554 2526 2859 2666 11036 6173 12422 12543
3678 16 2 1 1 3164 2926 2782 2897 13285 12535 8889 13286
3679 16 2 1 1 2511 2688 2271 2411 9824 13287 13288 5693
3680 16 2 1 1 2333 2470 2624 2366 13289 13290 13291 13292
3681 16 2 1 1 2501 2782 3051 2681 8886 12538 13293 13294
3682 16 2 1 1 3464 3671 3806 3582 8981 6943 13242 8553
3683 16 2 1 1 5226 5248 5373 5307 12831 12449 5606 12527
3684 16 2 1 1 4022 4127 3958 3845 13295 12357 13296 7917
3685 16 2 1 1 4528 4583 4460 4382 13297 13298 8200 12974
3686 16 2 1 1 4110 4037 3929 3813 12215 13027 13299 12315
3687 16 2 1 1 4258 4292 4513 4389 12791 10532 13250 7234
3688 16 2 1 1 4517 4605 4478 4359 13194 5546 13101 13174
3689 16 2 1 1 4938 4917 5096 5012 6021 12234 12499 12619
3690 16 2 1 1 3018 2860 3255 3130 12309 10593 12195 9674
3691 16 2 1 1 3416 3537 3773 3659 12453 12273 12997 12644
3692 16 2 1 1 3539 3598 3511 3393 13032 6026 11173 12934
3693 16 2 1 1 991 1316 1587 1257 13300 13301 13302 12761
3694 16 2 1 1 5159 5122 5013 5182 7491 13303 13304 11943
3695 16 2 1 1 5390 5428 5447 5429 12696 12252 13305 7350
3696 16 2 1 1 2075 1931 2191 2341 12178 13306 13307 12117
3697 16 2 1 1 3636 3515 3412 3231 12906 13308 13245 13002
3698 16 2 1 1 4836 4860 4652 4779 12130 13309 13310 13311
3699 16 2 1 1 2347 2487 2631 2327 13312 13313 13314 12710
3700 16 2 1 1 3849 3964 4076 3735 6467 5721 12044 12086
3701 16 2 1 1 3775 3774 3456 3661 13262 12912 13315 9132
3702 16 2 1 1 4499 4600 4492 4387 12189 7700 13316 7758
3703 16 2 1 1 4713 4551 4641 4783 13317 13318 13319 13010
3704 16 2 1 1 2607 2341 2333 2366 12118 13320 13292 13321
3705 16 2 1 1 4283 4217 3982 4072 12039 12748 12855 5652
3706 16 2 1 1 2028 1805 1732 1489 13322 13323 10359 9954
3707 16 2 1 1 1402 1558 1737 1472 13324 13325 12074 11233
3708 16 2 1 1 3945 4104 4317 4206 9778 13326 13327 9846
3709 16 2 1 1 4518 4614 4660 4707 13328 13329 13330 13331
3710 16 2 1 1 4146 4310 4518 4349 9990 13332 13333 10530
3711 16 2 1 1 1387 1137 814 1002 12728 9648 13334 9499
3712 16 2 1 1 2323 2039 1929 2078 7543 13183 10099 13335
3713 16 2 1 1 2893 2620 2361 2753 13336 13337 13338 7293
3714 16 2 1 1 3027 2787 2504 2739 13339 13340 12700 13341
3715 16 2 1 1 3758 3575 3987 3896 12165 9081 12004 10755
3716 16 2 1 1 4086 4003 3765 3875 12648 13053 13342 6420
3717 16 2 1 1 4241 4321 4166 4133 7540 13343 13344 7511
3718 16 2 1 1 4280 4381 4528 4281 8588 13345 12973 13346
3719 16 2 1 1 3463 3641 3710 3880 12915 6818 13277 6779
3720 16 2 1 1 3716 3741 4001 3866 13347 12609 13348 7343
3721 16 2 1 1 2024 2025 2331 2068 12940 13349 13350 13351
3722 16 2 1 1 3738 3594 3852 4013 13352 13353 13354 13355
3723 16 2 1 1 4354 4521 4633 4458 13356 13357 5452 7144
3724 16 2 1 1 4916 4882 4757 4937 7547 13358 13359 13360
3725 16 2 1 1 2745 2839 2968 2837 13361 9926 13362 13363
3726 16 2 1 1 2677 2463 2214 2512 13364 13365 13366 13367
3727 16 2 1 1 2831 3024 3104 2931 13368 13369 13145 13370
3728 16 2 1 1 3741 3716 3497 3669 13347 13371 13372 6976
3729 16 2 1 1 4112 4159 4083 3948 12988 6066 12839 13035
3730 16 2 1 1 4184 4159 4322 4294 6067 12991 13373 13374
3731 16 2 1 1 5146 5167 5036 5082 13375 13376 13377 7051
3732 16 2 1 1 1974 1786 2024 2169 13378 12941 13379 13040
3733 16 2 1 1 2486 2629 2682 2585 13380 13381 13382 12674
3734 16 2 1 1 3201 3412 3515 3653 10389 13308 13383 13384
3735 16 2 1 1 4322 4220 4260 4369 12990 13385 13129 13386
3736 16 2 1 1 5014 5012 5179 5062 12616 12498 12832 12900
3737 16 2 1 1 3813 3929 3899 3696 13299 13036 12935 12113
3738 16 2 1 1 4546 4740 4827 4650 13387 7796 5634 8262
3739 16 2 1 1 2445 2599 2756 2617 12361 13388 13389 13390
3740 16 2 1 1 4649 4582 4529 4664 7697 13391 13392 13393
3741 16 2 1 1 3871 3717 3475 3629 12837 12629 13394 12256
3742 16 2 1 1 2975 2945 3250 3119 12955 12730 12606 13395
3743 16 2 1 1 4186 4042 3818 4003 12480 13396 13054 12647
3744 16 2 1 1 4802 4639 4730 4833 13397 13155 13398 13399
3745 16 2 1 1 3943 3857 3713 3962 13400 7494 13401 12033
3746 16 2 1 1 3344 3392 3164 3257 13402 13403 13404 6201
3747 16 2 1 1 2065 2219 2487 2347 13405 11448 13312 13406
3748 16 2 1 1 2585 2682 2892 2663 13382 6999 13407 10491
3749 16 2 1 1 4641 4704 4851 4735 13408 12930 13409 13410
3750 16 2 1 1 1970 1626 1910 1948 8576 12075 11622 8439
3751 16 2 1 1 3067 3119 3382 3198 13411 12605 13412 7164
3752 16 2 1 1 3110 3294 3447 3214 12436 7222 13413 7441
3753 16 2 1 1 2792 2973 3118 2933 13414 5686 13415 13416
3754 16 2 1 1 4414 4346 4260 4144 12146 13130 13417 12099
3755 16 2 1 1 2946 2791 3126 3282 13007 10433 13418 13419
3756 16 2 1 1 2743 2901 2973 2792 13420 7743 13414 12376
3757 16 2 1 1 2799 2888 3122 2924 9437 10577 12246 10122
3758 16 2 1 1 4765 4734 4543 4672 13421 13422 13423 13424
3759 16 2 1 1 3025 2787 3114 3291 13425 13426 13427 10976
3760 16 2 1 1 2847 2814 3124 2945 13236 8812 12731 12957
3761 16 2 1 1 4902 5038 4823 4735 13428 13429 13430 13431
3762 16 2 1 1 3073 3272 3355 3521 11994 12380 12801 6923
3763 16 2 1 1 1876 1733 1454 1767 13432 13433 13434 13182
3764 16 2 1 1 2663 2892 2966 2797 13407 12766 13435 6958
3765 16 2 1 1 3026 2747 2614 2858 9199 13436 12804 7908
3766 16 2 1 1 2637 2780 2839 2745 13437 7341 13361 13438
3767 16 2 1 1 682 1065 1061 889 13439 13440 13441 13442
3768 16 2 1 1 3425 3165 3071 3205 13443 12676 13444 13445
3769 16 2 1 1 3908 4124 4018 3841 13446 12777 13447 13448
3770 16 2 1 1 3653 3459 3347 3201 10063 13449 13450 13384
3771 16 2 1 1 4623 4503 4551 4713 12858 13451 13317 13452
3772 16 2 1 1 5326 5301 5367 5366 7891 13453 5550 13454
3773 16 2 1 1 3289 3540 3661 3420 5946 9133 13455 13456
3774 16 2 1 1 811 1090 1133 1247 13457 13458 13459 13460
3775 16 2 1 1 4051 4180 4385 4315 13461 5779 12738 10713
3776 16 2 1 1 4294 4322 4369 4523 13373 13386 12856 13462
3777 16 2 1 1 4256 4294 4523 4361 13463 13462 13464 7844
3778 16 2 1 1 4182 4288 4177 4075 5889 13110 8012 13062
3779 16 2 1 1 4206 4317 4417 4419 13327 13465 13466 13260
3780 16 2 1 1 2466 2078 2346 2370 13467 10098 12675 13468
3781 16 2 1 1 4927 5077 5201 5005 13469 7041 13470 13471
3782 16 2 1 1 4304 4142 4488 4383 10764 5731 12447 10849
3783 16 2 1 1 1734 1494 1786 1974 11740 13202 13378 13472
3784 16 2 1 1 3166 2939 3211 3422 13473 13474 13475 13476
3785 16 2 1 1 3875 3765 3653 3515 13342 10064 13383 12905
3786 16 2 1 1 4257 4399 4293 4183 13477 7723 8446 13478
3787 16 2 1 1 2175 2329 2629 2486 13479 7355 13380 7329
3788 16 2 1 1 4583 4680 4549 4460 6429 12641 8175 13298
3789 16 2 1 1 1877 1487 1733 1876 7970 8461 13432 13480
3790 16 2 1 1 3191 3428 3107 2926 13481 13482 12536 13483
3791 16 2 1 1 3071 3247 3376 3205 9904 5709 13484 13444
3792 16 2 1 1 2877 3010 2667 2529 13485 8848 13486 13168
3793 16 2 1 1 4321 4356 4257 4166 13487 13488 13489 13343
3794 16 2 1 1 3682 3908 3841 3785 8309 13448 13490 7705
3795 16 2 1 1 4144 4260 4220 4037 13417 13385 13025 12217
3796 16 2 1 1 4771 4825 4744 4646 12488 13491 13094 12639
3797 16 2 1 1 2056 2321 2111 1903 13492 13493 7135 13494
3798 16 2 1 1 3698 3928 4069 3831 11888 8570 13495 8800
3799 16 2 1 1 1982 1975 2320 2085 9917 13496 12501 12586
3800 16 2 1 1 4378 4343 4141 4285 13497 13498 13499 13500
3801 16 2 1 1 4480 4547 4715 4483 7699 13501 13502 5833
3802 16 2 1 1 5194 5140 5101 5001 13503 12918 13095 13504
3803 16 2 1 1 2463 2677 2905 2621 13364 13505 13506 13507
3804 16 2 1 1 3345 3380 3672 3498 13508 13052 13509 6496
3805 16 2 1 1 3462 3668 3904 3723 13510 13511 12566 13512
3806 16 2 1 1 1887 1754 1753 1815 10014 6769 7306 5600
3807 16 2 1 1 2169 2024 2068 2318 13379 13351 9769 13513
3808 16 2 1 1 3112 3239 3400 3082 12190 6288 6830 5745
3809 16 2 1 1 3343 3377 3669 3497 13514 13515 13372 7447
3810 16 2 1 1 5044 5174 5089 5045 10675 7822 9883 13516
3811 16 2 1 1 1803 2032 1847 1901 6372 9680 13517 7468
3812 16 2 1 1 4842 4740 4546 4702 6268 13387 12958 7960
3813 16 2 1 1 5101 4985 4913 4818 12917 5821 13115 13096
3814 16 2 1 1 2325 2088 2378 2605 13518 13519 13184 13520
3815 16 2 1 1 1764 2035 2334 2179 8731 13521 13522 13523
3816 16 2 1 1 3115 3114 2787 3027 13119 13426 13339 9196
3817 16 2 1 1 5209 5392 5405 5314 13524 13525 13526 13527
3818 16 2 1 1 3010 2877 2946 3088 13485 13008 13528 8814
3819 16 2 1 1 4356 4505 4399 4257 13529 7759 13477 13488
3820 16 2 1 1 5313 5351 5269 5270 5619 7183 13530 7582
3821 16 2 1 1 747 28 29 889 13167 128 13531 13532
3822 16 2 1 1 3290 2966 3184 3267 13533 12765 13534 6837
3823 16 2 1 1 3576 3734 3326 3494 10942 13535 13536 10537
3824 16 2 1 1 4704 4641 4551 4450 13408 13318 13537 13196
3825 16 2 1 1 2179 2334 2612 2394 13522 8393 13538 13539
3826 16 2 1 1 3304 3101 3222 3380 13089 7595 13049 13540
3827 16 2 1 1 5321 5355 5289 5250 11147 13541 10182 13072
3828 16 2 1 1 1975 2125 2407 2320 11388 5870 11038 13496
3829 16 2 1 1 3818 4042 4207 3955 13396 13542 13543 13215
3830 16 2 1 1 4747 4822 4966 4767 7549 13544 13545 13546
3831 16 2 1 1 4438 4473 4356 4321 13547 13548 13487 7539
3832 16 2 1 1 1902 1923 2200 2014 13549 7249 10844 13550
3833 16 2 1 1 753 246 247 890 13156 296 13551 13552
3834 16 2 1 1 4503 4346 4450 4551 13131 12149 13537 13451
3835 16 2 1 1 1806 2050 2205 1947 12795 13553 12712 9451
3836 16 2 1 1 4677 4654 4501 4617 13554 13555 13556 7558
3837 16 2 1 1 4825 4942 4842 4744 13557 6269 7959 13491
3838 16 2 1 1 1226 1060 888 747 13558 12593 13166 13559
3839 16 2 1 1 1974 1775 1463 1734 13039 12949 13283 13472
3840 16 2 1 1 2115 2169 2318 2461 13041 13513 13560 13561
3841 16 2 1 1 3622 3793 3840 3702 8436 10039 8564 13562
3842 16 2 1 1 4838 4858 5014 4903 12692 12617 12899 12914
3843 16 2 1 1 748 891 24 25 13563 13564 124 13004
3844 16 2 1 1 653 936 1063 914 10439 13565 10177 13566
3845 16 2 1 1 1096 1097 1374 1194 11631 9997 10664 9400
3846 16 2 1 1 2027 1872 1515 1709 13045 13567 13227 12950
3847 16 2 1 1 3072 2984 2795 3253 13568 13569 13570 6000
3848 16 2 1 1 3568 3212 3443 3488 6619 13162 6782 10936
3849 16 2 1 1 4564 4580 4780 4642 12445 12475 12694 12834
3850 16 2 1 1 4320 4536 4473 4438 13571 7807 13547 7936
3851 16 2 1 1 3282 3414 3088 2946 13572 10339 13528 13419
3852 16 2 1 1 4735 4823 4783 4641 13430 13573 13319 13410
3853 16 2 1 1 4616 4623 4713 4803 13574 13452 13009 13575
3854 16 2 1 1 5220 5238 5114 5167 13576 13577 13578 13579
3855 16 2 1 1 5355 5436 5406 5289 6073 13580 10337 13541
3856 16 2 1 1 2753 2657 2975 2786 13581 12956 13582 7294
3857 16 2 1 1 4615 4782 4891 4721 13583 8119 13584 13585
3858 16 2 1 1 5369 5368 5219 5308 5564 13586 13587 13588
3859 16 2 1 1 932 783 1268 998 13589 13590 13591 13592
3860 16 2 1 1 2561 2421 2529 2667 12987 12836 13486 5771
3861 16 2 1 1 3459 3699 3897 3627 10062 13217 13169 13593
3862 16 2 1 1 4865 4783 4823 4906 13011 13573 13594 13595
3863 16 2 1 1 4990 5087 5038 4902 13596 12966 13428 13259
3864 16 2 1 1 4590 4705 4481 4357 6309 12620 13021 13597
3865 16 2 1 1 893 604 948 1222 13598 12569 13599 13600
3866 16 2 1 1 1419 1418 1168 995 10360 5809 10352 9647
3867 16 2 1 1 1593 1729 1911 1609 9710 7181 13601 7027
3868 16 2 1 1 2504 2703 2615 2419 13602 12806 9767 12701
3869 16 2 1 1 4040 4249 4357 4154 12260 13603 13020 8569
3870 16 2 1 1 4919 5015 4942 4825 11391 13063 13557 12487
3871 16 2 1 1 5371 5356 5220 5322 5570 13604 13605 7070
3872 16 2 1 1 1925 2210 2476 2258 13606 6897 13607 13608
3873 16 2 1 1 2223 2460 2685 2546 11155 12542 13270 12372
3874 16 2 1 1 4363 4395 4617 4501 13609 13610 13556 9621
3875 16 2 1 1 1120 1424 1725 1448 13611 10047 12992 13612
3876 16 2 1 1 3267 3184 3183 3237 13534 8507 10749 13613
3877 16 2 1 1 2053 2073 2195 1881 9415 13614 13615 12430
3878 16 2 1 1 3027 2739 2546 2829 13341 12373 13269 9197
3879 16 2 1 1 2420 2419 2068 2331 12699 9770 13350 9129
3880 16 2 1 1 3201 3347 3282 3126 13450 13616 13418 10390
3881 16 2 1 1 3733 3618 3462 3723 6243 13617 13512 5880
3882 16 2 1 1 4473 4609 4505 4356 7809 7460 13529 13548
3883 16 2 1 1 4936 4902 4735 4851 13257 13431 13409 13046
3884 16 2 1 1 2334 2035 1872 2083 13521 13618 13044 8392
3885 16 2 1 1 2084 2355 2496 2238 13619 7065 13620 7035
3886 16 2 1 1 2963 3233 3436 3179 12982 13621 13622 13623
3887 16 2 1 1 4387 4492 4374 4277 13316 6030 13264 7725
3888 16 2 1 1 4918 4939 5115 5048 13624 13625 13626 9428
3889 16 2 1 1 3233 3363 3564 3436 13627 13628 8781 13621
3890 16 2 1 1 3686 3444 3546 3606 7999 12597 13124 13629
3891 16 2 1 1 2963 2677 2512 2798 13630 13367 13631 12980
3892 16 2 1 1 5405 5379 5321 5334 13632 11148 13071 13633
3893 16 2 1 1 3955 4104 3867 3897 13634 9777 13170 13216
3894 16 2 1 1 5000 4903 5175 5090 12913 12898 12863 13112
3895 16 2 1 1 4961 4962 5116 5041 13635 13636 13637 11289
3896 16 2 1 1 2677 2963 3179 2905 13630 13623 13638 13505
3897 16 2 1 1 4069 4216 3967 3831 7176 12506 13263 13495
3898 16 2 1 1 4787 4840 5053 4974 13639 13640 13641 7894
3899 16 2 1 1 2267 2400 2780 2637 13642 7587 13437 7063
3900 16 2 1 1 1437 1599 1896 1730 12893 12269 13037 13643
3901 16 2 1 1 3041 2762 2550 2906 13644 13645 13646 13647
3902 16 2 1 1 2521 2832 3046 2766 13648 9598 8872 10241
3903 16 2 1 1 3900 3675 3453 3694 13649 13650 6279 13651
3904 16 2 1 1 4419 4417 4454 4614 13466 13652 13653 13654
3905 16 2 1 1 4709 4799 4892 4754 13655 7896 13656 13657
3906 16 2 1 1 3131 3132 3296 3256 13658 13659 13660 6043
3907 16 2 1 1 3661 3456 3196 3420 13315 6841 13121 13455
3908 16 2 1 1 5095 5161 5091 5016 9233 13249 13190 13082
3909 16 2 1 1 5447 5430 5402 5429 13661 13662 13663 13305
3910 16 2 1 1 1143 1412 1575 1278 13664 13665 13666 11090
3911 16 2 1 1 4939 4918 4748 4878 13624 13667 13668 8271
3912 16 2 1 1 1222 948 1313 1552 13599 13669 13047 13670
3913 16 2 1 1 2412 2381 2689 2530 13671 5770 13237 13079
3914 16 2 1 1 3167 2913 2681 3051 10630 13672 13293 13673
3915 16 2 1 1 4616 4803 4889 4708 13575 13674 13675 13676
3916 16 2 1 1 5148 5235 4990 5079 13677 13678 13258 9222
3917 16 2 1 1 4805 4879 4971 4840 13679 13680 13681 13682
3918 16 2 1 1 5053 5127 5203 5074 13683 7737 8609 13684
3919 16 2 1 1 765 749 1243 1091 13685 12683 13686 11061
3920 16 2 1 1 1812 2045 2210 1925 13687 7136 13606 6746
3921 16 2 1 1 4222 4327 4433 4326 13688 8399 13689 13690
3922 16 2 1 1 5235 5147 5087 4990 5588 13198 13596 13678
3923 16 2 1 1 5305 5304 5235 5148 5584 5589 13677 13103
3924 16 2 1 1 889 1061 1226 747 13441 13691 13559 13532
3925 16 2 1 1 4326 4433 4533 4427 13689 8199 13692 13693
3926 16 2 1 1 3430 3553 3689 3483 13694 9484 13695 13696
3927 16 2 1 1 3497 3716 3852 3594 13371 7342 13353 7448
3928 16 2 1 1 4522 4619 4720 4566 13697 8180 13698 13699
3929 16 2 1 1 5256 5250 5178 5196 13069 10184 13700 7820
3930 16 2 1 1 4016 3839 3581 3797 8702 13701 13702 13703
3931 16 2 1 1 4840 4971 5127 5053 13681 7802 13683 13640
3932 16 2 1 1 5368 5367 5301 5219 5557 13453 11706 13586
3933 16 2 1 1 2913 2770 2631 2681 13704 13705 13706 13672
3934 16 2 1 1 3779 3901 4020 3842 13707 8954 13708 13709
3935 16 2 1 1 1222 1065 682 893 13710 13439 13711 13600
3936 16 2 1 1 613 707 1005 794 6469 6812 13712 10165
3937 16 2 1 1 3168 2904 2792 2933 13713 12377 13416 13714
3938 16 2 1 1 4495 4462 4299 4423 13715 13716 13717 7846
3939 16 2 1 1 889 29 30 682 13531 129 13718 13442
3940 16 2 1 1 1081 1429 1122 800 13719 13720 13721 13722
3941 16 2 1 1 2381 2412 2176 2274 13671 13723 13724 5768
3942 16 2 1 1 5196 5178 5095 5123 13700 9234 13081 13725
3943 16 2 1 1 2214 2478 2762 2512 13726 13727 13728 13366
3944 16 2 1 1 4681 4639 4448 4592 13152 13729 13730 12922
3945 16 2 1 1 4969 5007 4910 4839 13731 12759 7562 12689
3946 16 2 1 1 4945 4915 4843 4875 13189 5556 13223 6642
3947 16 2 1 1 5244 5278 5401 5245 7153 13732 12702 13733
3948 16 2 1 1 1065 1394 1110 1061 13734 13735 13736 13440
3949 16 2 1 1 3435 3547 3680 3480 13737 9286 13738 13739
3950 16 2 1 1 3199 3435 3480 3331 13740 13739 13741 13742
3951 16 2 1 1 4986 5089 5196 5123 9884 7821 13725 13743
3952 16 2 1 1 1010 1009 700 838 13744 13745 13746 10167
3953 16 2 1 1 1079 1395 1245 1067 13747 13748 13749 13750
3954 16 2 1 1 1144 1562 1726 1393 11010 13751 13752 13753
3955 16 2 1 1 1829 1986 2279 2135 6159 6290 12556 6137
3956 16 2 1 1 2070 2361 2620 2299 13754 13337 12359 7251
3957 16 2 1 1 3051 3107 3318 3167 12537 13755 10518 13673
3958 16 2 1 1 5382 5408 5451 5383 6886 13209 13756 13757
3959 16 2 1 1 2038 2183 2355 2084 13758 7403 13619 7300
3960 16 2 1 1 2622 2760 2910 2648 13759 13760 13761 13273
3961 16 2 1 1 3664 3731 3913 3782 13762 13763 8639 13764
3962 16 2 1 1 4133 4166 4084 3934 13344 13765 9750 7772
3963 16 2 1 1 3426 3541 3778 3585 13766 13767 13768 13192
3964 16 2 1 1 4044 4258 4368 4164 12792 7233 13256 13769
3965 16 2 1 1 4548 4706 4782 4615 11580 13770 13583 6695
3966 16 2 1 1 984 790 1111 1246 13771 13772 13773 12822
3967 16 2 1 1 1906 1736 1572 1740 13774 10200 13775 10043
3968 16 2 1 1 3234 3431 3562 3404 13776 7769 13777 7101
3969 16 2 1 1 3830 3861 3667 3734 5688 13778 13779 10945
3970 16 2 1 1 3665 3730 3912 3781 13780 13781 8458 13782
3971 16 2 1 1 4013 3852 3944 4134 13354 7345 13266 13783
3972 16 2 1 1 4207 4317 4104 3955 13784 13326 13634 13543
3973 16 2 1 1 4856 4904 4821 4774 9086 8515 13785 9875
3974 16 2 1 1 4706 4874 4923 4782 13028 6616 8120 13770
3975 16 2 1 1 4737 4927 5005 4874 11573 13471 6617 13029
3976 16 2 1 1 5037 5173 5270 5119 12964 7583 13786 13787
3977 16 2 1 1 1807 2052 2343 2106 13788 13789 13790 13791
3978 16 2 1 1 4427 4533 4625 4472 13692 9509 13792 13793
3979 16 2 1 1 4774 4821 4773 4682 13785 8832 13252 10807
3980 16 2 1 1 5227 5314 5405 5334 8607 13526 13633 13794
3981 16 2 1 1 3459 3627 3535 3347 13593 5963 13795 13449
3982 16 2 1 1 3924 4140 4334 4122 13796 7746 13797 13798
3983 16 2 1 1 4319 4370 4531 4420 13799 13800 13801 13802
3984 16 2 1 1 4005 4060 4238 4113 13803 13804 8287 13805
3985 16 2 1 1 4646 4570 4494 4549 13093 13195 8176 12640
3986 16 2 1 1 3340 3662 3778 3541 12144 7496 13767 13248
3987 16 2 1 1 4149 4350 4535 4316 11779 7962 6893 11669
3988 16 2 1 1 4905 4991 5077 4927 11536 12561 13469 11572
3989 16 2 1 1 4904 4986 5123 5018 9085 13743 13080 8513
3990 16 2 1 1 5174 5227 5334 5256 10674 13794 13070 7819
3991 16 2 1 1 4545 4795 4877 4698 11323 12222 13806 10823
3992 16 2 1 1 2761 2547 2257 2474 8541 13807 13808 13809
3993 16 2 1 1 3037 3181 3317 3106 13810 10009 13811 13812
3994 16 2 1 1 3606 3803 3914 3686 12525 7609 13813 13629
3995 16 2 1 1 3543 3318 3107 3428 10321 13755 13482 13814
3996 16 2 1 1 4195 4196 4423 4299 13815 13816 13717 7751
3997 16 2 1 1 1726 1962 2189 1892 13817 13818 13819 13820
3998 16 2 1 1 3347 3535 3414 3282 13795 10735 13572 13616
3999 16 2 1 1 4042 4252 4418 4207 12479 10872 13821 13542
4000 16 2 1 1 218 219 618 915 268 13822 13823 13824
4001 16 2 1 1 2746 2496 2637 2745 13825 7064 13438 13826
4002 16 2 1 1 3030 2746 2745 2837 13827 13826 13363 6724
4003 16 2 1 1 2789 3037 3106 2929 13828 13812 13829 7720
4004 16 2 1 1 3474 3505 3293 3385 11421 13830 13831 10898
4005 16 2 1 1 4457 4615 4721 4520 6696 13585 6598 8966
4006 16 2 1 1 2034 1716 1448 1765 13832 13833 12995 13834
4007 16 2 1 1 4418 4417 4317 4207 13835 13465 13784 13821
4008 16 2 1 1 4482 4375 4624 4572 13836 13837 13838 7272
4009 16 2 1 1 2953 2988 3300 3136 13839 13840 8077 8144
4010 16 2 1 1 3866 4044 4164 3944 13841 13769 13267 7344
4011 16 2 1 1 4756 4660 4614 4454 13221 13329 13653 13232
4012 16 2 1 1 696 934 1105 827 13842 8103 7450 5959
4013 16 2 1 1 3028 2754 2605 2890 13843 13844 13187 13845
4014 16 2 1 1 3423 3187 2967 3236 10585 13846 10519 13847
4015 16 2 1 1 4006 4058 4231 4114 13848 13849 13850 13851
4016 16 2 1 1 4708 4495 4361 4616 13852 7845 13853 13676
4017 16 2 1 1 4623 4616 4361 4523 13574 13853 13464 12859
4018 16 2 1 1 4693 4658 4455 4622 13854 13855 13856 8453
4019 16 2 1 1 700 1009 1255 924 13745 11254 13857 13858
4020 16 2 1 1 2261 2342 2042 2192 13859 13860 13861 12985
4021 16 2 1 1 3036 2744 2549 2806 13862 13863 8874 13864
4022 16 2 1 1 3204 3434 3559 3332 13865 13866 13867 11997
4023 16 2 1 1 4876 4875 4756 4661 6639 13222 13231 9301
4024 16 2 1 1 2679 2909 3181 3037 13868 13869 13810 13870
4025 16 2 1 1 4049 4181 4386 4280 8700 5799 8589 13871
4026 16 2 1 1 4571 4454 4417 4418 13230 13652 13835 10871
4027 16 2 1 1 4877 4743 4554 4698 13872 13873 13251 13806
4028 16 2 1 1 4921 4952 4765 4860 12383 13874 13875 12133
4029 16 2 1 1 3104 3314 3434 3204 13876 7103 13865 13146
4030 16 2 1 1 4240 4125 3956 4132 8212 8739 8368 8491
4031 16 2 1 1 4893 4755 4719 4724 7985 8043 8098 7886
4032 16 2 1 1 5149 5232 5303 5193 5465 11744 10448 12926
4033 16 2 1 1 4009 3946 4184 4048 6394 6068 13877 7987
4034 16 2 1 1 4326 4234 4059 4222 13878 7091 13879 13690
4035 16 2 1 1 5038 5037 4906 4823 12965 13880 13594 13429
4036 16 2 1 1 2050 1896 1966 2205 13038 12268 13881 13553
4037 16 2 1 1 1883 1968 2197 1936 13882 7818 13883 13884
4038 16 2 1 1 4249 4452 4590 4357 11652 8263 13597 13603
4039 16 2 1 1 4843 4736 4707 4660 5555 11325 13330 13224
4040 16 2 1 1 4970 4889 4803 4865 13885 13674 13012 13886
4041 16 2 1 1 4753 4964 5039 4883 13887 13888 13889 13890
4042 16 2 1 1 5176 5134 5041 5116 13891 7633 13637 8222
4043 16 2 1 1 1947 2327 2462 2171 12711 13892 13893 9452
4044 16 2 1 1 2770 2462 2327 2631 10342 13892 13314 13705
4045 16 2 1 1 2396 2625 2909 2679 13894 13895 13868 13896
4046 16 2 1 1 2553 2752 2919 2776 9026 8215 13897 7662
4047 16 2 1 1 2948 2977 3301 3121 13898 13899 13900 7593
4048 16 2 1 1 3024 3177 3314 3104 9567 7290 13876 13369
4049 16 2 1 1 4632 4474 4261 4439 8100 13901 8210 8156
4050 16 2 1 1 5308 5295 5423 5369 13902 13903 5567 13588
4051 16 2 1 1 624 917 1092 801 13904 11062 13905 12902
4052 16 2 1 1 3028 2832 2521 2754 13906 13648 13907 13843
4053 16 2 1 1 2928 3289 3420 3115 12316 13456 13120 9195
4054 16 2 1 1 3915 3804 3607 3788 8370 9158 8520 8878
4055 16 2 1 1 3814 4082 4221 4001 12603 6805 13908 12608
4056 16 2 1 1 326 908 685 325 13909 13910 13911 425
4057 16 2 1 1 5276 5202 5042 5128 7854 7735 13912 7635
4058 16 2 1 1 1551 1437 1406 1108 12894 13913 13914 13915
4059 16 2 1 1 3320 3081 3047 3174 13916 9047 9065 8650
4060 16 2 1 1 4994 5066 5198 5007 7310 13917 12756 13918
4061 16 2 1 1 2858 2703 3025 2987 12803 13919 10979 7909
4062 16 2 1 1 3980 3803 3845 3958 7610 12524 13296 7623
4063 16 2 1 1 4614 4518 4310 4419 13328 13332 13261 13654
4064 16 2 1 1 1393 1726 1892 1557 13752 13820 10774 13920
4065 16 2 1 1 3446 3550 3791 3674 13921 13922 13923 8517
4066 16 2 1 1 5392 5412 5379 5405 7783 6368 13632 13525
4067 16 2 1 1 1091 1243 1424 1120 13686 10963 13611 9179
4068 16 2 1 1 4262 4436 4534 4337 6655 9993 13924 12023
4069 16 2 1 1 5049 5195 5265 5125 13925 13926 9960 13927
4070 16 2 1 1 3299 3028 2890 3166 13928 13845 13929 13930
4071 16 2 1 1 4707 4545 4349 4518 11324 10822 13333 13331
4072 16 2 1 1 4840 4787 4716 4805 13639 13931 13932 13682
4073 16 2 1 1 5074 5044 4974 5053 10676 13933 13641 13684
4074 16 2 1 1 5198 5245 5154 5072 13934 12705 7367 12757
4075 16 2 1 1 2106 2343 2625 2396 13790 13935 13894 13936
4076 16 2 1 1 2660 2905 3179 2939 13937 13638 13938 13939
4077 16 2 1 1 3857 3943 4061 3856 13400 13940 13941 13942
4078 16 2 1 1 3943 4218 4339 4061 12032 11474 6827 13940
4079 16 2 1 1 4878 4693 4562 4797 13943 8452 13944 8268
4080 16 2 1 1 247 248 642 890 297 13144 13945 13551
4081 16 2 1 1 2787 3025 2703 2504 13425 13919 13602 13340
4082 16 2 1 1 4758 4665 4844 4950 13946 7206 10558 7120
4083 16 2 1 1 2115 2461 2557 2269 13561 13947 5648 8798
4084 16 2 1 1 3904 3668 3622 3702 13511 12884 13562 13948
4085 16 2 1 1 5438 5392 5209 5343 7784 13524 7852 7435
4086 16 2 1 1 3196 3372 3291 3114 6840 12395 13427 13122
4087 16 2 1 1 3781 3544 3422 3665 13949 13950 13951 13782
4088 16 2 1 1 3437 3552 3610 3691 13952 6497 13953 6573
4089 16 2 1 1 30 31 893 682 130 13954 13711 13718
4090 16 2 1 1 38 900 662 37 13955 13956 13957 137
4091 16 2 1 1 1643 1469 1245 1395 12796 10920 13748 12626
4092 16 2 1 1 1575 1741 2052 1807 13958 13959 13788 13960
4093 16 2 1 1 3237 3444 3566 3267 12598 7998 6838 13613
4094 16 2 1 1 4166 4257 4183 4084 13489 13478 8325 13765
4095 16 2 1 1 4617 4395 4299 4462 13610 7752 13716 7555
4096 16 2 1 1 4355 4520 4567 4436 8967 6597 9994 6654
4097 16 2 1 1 4566 4532 4372 4522 13961 8197 13962 13699
4098 16 2 1 1 4244 4444 4624 4375 13963 7678 13837 7748
4099 16 2 1 1 1240 1549 1748 1399 11088 10601 13964 13965
4100 16 2 1 1 3542 3634 3873 3776 13966 6315 12661 13967
4101 16 2 1 1 3578 3823 3962 3713 11991 5842 13401 11966
4102 16 2 1 1 4248 4421 4157 4036 13087 13968 11541 13172
4103 16 2 1 1 4045 4316 4437 4218 11670 6892 11475 12031
4104 16 2 1 1 5050 4970 4865 4906 13969 13886 13595 13970
4105 16 2 1 1 5047 5199 5267 5115 13971 13972 13973 13974
4106 16 2 1 1 2905 2660 2378 2621 13937 13185 13975 13506
4107 16 2 1 1 3681 3727 3909 3786 7380 13976 7625 13977
4108 16 2 1 1 4427 4254 4234 4326 13978 13979 13878 13693
4109 16 2 1 1 4541 4729 4887 4678 13980 7601 13981 7680
4110 16 2 1 1 3780 3565 3442 3603 10270 13982 13983 13984
4111 16 2 1 1 2174 2065 1966 1758 13985 13986 12267 13987
4112 16 2 1 1 5370 5423 5295 5356 13134 13903 13988 5573
4113 16 2 1 1 2106 1924 1606 1807 13989 9318 13990 13791
4114 16 2 1 1 1918 2067 2277 2127 13991 12356 5882 9762
4115 16 2 1 1 3782 3564 3363 3664 8710 13628 13992 13764
4116 16 2 1 1 4113 3912 3730 4005 8383 13781 12623 13805
4117 16 2 1 1 4968 4901 4833 4730 13993 6864 13398 13994
4118 16 2 1 1 4900 5073 5199 5047 13995 13996 13971 13997
4119 16 2 1 1 1242 896 750 983 12567 13998 12634 12649
4120 16 2 1 1 3793 3670 3548 3792 8435 13999 14000 10040
4121 16 2 1 1 1739 2059 2206 1879 9753 14001 9723 10411
4122 16 2 1 1 2111 2321 2401 2224 13493 14002 14003 6895
4123 16 2 1 1 3545 3309 3199 3331 8323 14004 13742 14005
4124 16 2 1 1 3541 3426 3256 3296 13766 7346 13660 13246
4125 16 2 1 1 5115 4939 4830 5047 13625 8270 14006 13974
4126 16 2 1 1 5238 5220 5356 5295 13576 13604 13988 14007
4127 16 2 1 1 2321 2465 2638 2401 14008 7842 14009 14002
4128 16 2 1 1 2512 2762 3041 2798 13728 13644 10787 13631
4129 16 2 1 1 2810 2935 3109 2889 12290 6338 6742 6408
4130 16 2 1 1 2939 3179 3436 3211 13938 13622 8783 13474
4131 16 2 1 1 4921 5036 5167 5114 12132 13376 13578 12384
4132 16 2 1 1 3679 3785 3841 3796 14010 13490 14011 14012
4133 16 2 1 1 5131 5287 5353 5222 14013 14014 14015 14016
4134 16 2 1 1 1394 1552 1886 1641 14017 13048 14018 14019
4135 16 2 1 1 2482 2193 1945 2262 9479 11306 9380 10239
4136 16 2 1 1 3842 3799 3604 3779 14020 9004 14021 13709
4137 16 2 1 1 4836 4932 5082 5036 14022 5726 13377 12131
4138 16 2 1 1 5071 5103 4965 5017 13280 14023 14024 9705
4139 16 2 1 1 5339 5267 5199 5222 14025 13972 14026 14027
4140 16 2 1 1 3810 3924 4122 4015 14028 13798 14029 14030
4141 16 2 1 1 762 686 960 1250 14031 14032 14033 12869
4142 16 2 1 1 1079 1224 1555 1395 12865 14034 12627 13747
4143 16 2 1 1 1412 1314 1741 1575 14035 13076 13958 13665
4144 16 2 1 1 1712 1907 2207 1967 14036 14037 14038 9692
4145 16 2 1 1 4017 4116 4330 4139 10022 14039 14040 14041
4146 16 2 1 1 4472 4353 4254 4427 14042 14043 13978 13793
4147 16 2 1 1 4572 4624 4678 4768 13838 7681 14044 7204
4148 16 2 1 1 4420 4238 4060 4319 8225 13804 14045 13802
4149 16 2 1 1 4681 4798 4934 4880 12921 14046 14047 13153
4150 16 2 1 1 5270 5269 5195 5119 13530 14048 14049 13786
4151 16 2 1 1 2550 2770 2913 2906 10343 13704 10632 13646
4152 16 2 1 1 4024 4114 4231 4165 8546 13850 8419 14050
4153 16 2 1 1 1820 1603 2114 1973 9403 11216 11709 8994
4154 16 2 1 1 4995 4907 5083 5151 10560 7130 10488 7124
4155 16 2 1 1 2909 2625 2379 2661 13895 14051 14052 14053
4156 16 2 1 1 3544 3299 3166 3422 14054 13930 13476 13950
4157 16 2 1 1 1434 1148 1098 1099 14055 6993 9941 8106
4158 16 2 1 1 4521 4354 4147 4323 13356 6331 6141 13254
4159 16 2 1 1 1405 1315 1436 1568 14056 14057 12662 11810
4160 16 2 1 1 3910 3726 3674 3791 14058 8307 13923 7889
4161 16 2 1 1 5186 5135 5336 5217 14059 14060 14061 9892
4162 16 2 1 1 4114 3913 3731 4006 8545 13763 14062 13851
4163 16 2 1 1 4018 3816 3796 3841 14063 14064 14011 13447
4164 16 2 1 1 4779 4749 4932 4836 12977 11144 14022 13311
4165 16 2 1 1 1314 1226 1061 1110 14065 13691 13736 13073
4166 16 2 1 1 1380 1490 1751 1563 10398 14066 10405 14067
4167 16 2 1 1 1515 1872 2035 1735 13567 13618 8730 9016
4168 16 2 1 1 3175 2910 2831 2931 14068 14069 13370 14070
4169 16 2 1 1 4422 4231 4058 4318 8416 13849 14071 14072
4170 16 2 1 1 4715 4579 4381 4483 8376 14073 8587 13502
4171 16 2 1 1 4489 4459 4687 4558 12736 8808 12979 13140
4172 16 2 1 1 5001 5114 5238 5194 12385 13577 14074 13504
4173 16 2 1 1 1250 960 1315 1405 14033 14075 14056 12939
4174 16 2 1 1 1762 1827 2176 1984 14076 14077 14078 14079
4175 16 2 1 1 2026 2319 2409 2124 12176 12557 5664 14080
4176 16 2 1 1 336 337 640 901 436 14081 14082 14083
4177 16 2 1 1 1730 1555 1406 1437 12624 14084 13913 13643
4178 16 2 1 1 1781 2089 2343 2052 12186 14085 13789 14086
4179 16 2 1 1 2678 2759 2481 2619 14087 14088 14089 14090
4180 16 2 1 1 3672 3499 3594 3738 13051 7449 13352 14091
4181 16 2 1 1 4464 4500 4284 4421 14092 14093 14094 13086
4182 16 2 1 1 2395 2523 2771 2469 14095 8859 14096 9898
4183 16 2 1 1 5167 5146 5322 5220 13375 7089 13605 13579
4184 16 2 1 1 5430 5332 5266 5402 14097 14098 14099 13662
4185 16 2 1 1 5272 5283 5403 5310 9274 7104 14100 14101
4186 16 2 1 1 338 913 640 337 14102 14103 14081 437
4187 16 2 1 1 1108 1406 1066 788 13914 14104 14105 14106
4188 16 2 1 1 2769 2911 3043 2623 14107 8836 8586 13065
4189 16 2 1 1 3504 3455 3198 3382 11575 14108 13412 11096
4190 16 2 1 1 4157 4176 4007 4073 14109 14110 14111 11542
4191 16 2 1 1 2908 2964 3182 3045 12642 14112 14113 14114
4192 16 2 1 1 4664 4757 4882 4649 14115 13358 14116 13393
4193 16 2 1 1 5140 5194 5308 5219 13503 14117 13587 11705
4194 16 2 1 1 5138 5242 5291 5378 14118 14119 14120 14121
4195 16 2 1 1 1740 1572 1244 1422 13775 10860 14122 10921
4196 16 2 1 1 1625 2026 2124 1873 12352 14080 10604 12239
4197 16 2 1 1 2338 2472 2773 2633 14123 8777 14124 8771
4198 16 2 1 1 3781 3608 3361 3544 8460 14125 14126 13949
4199 16 2 1 1 3976 3949 4180 4051 12659 5796 13461 13150
4200 16 2 1 1 4754 4722 4553 4709 8910 6949 14127 13657
4201 16 2 1 1 4008 3777 3585 3856 10708 13193 14128 14129
4202 16 2 1 1 4015 3909 3727 3810 7463 13976 14130 14030
4203 16 2 1 1 4174 4140 3924 4070 14131 13796 14132 14133
4204 16 2 1 1 4395 4363 4139 4330 13609 14134 14040 7753
4205 16 2 1 1 4658 4693 4878 4748 13854 13943 13668 9911
4206 16 2 1 1 4591 4711 4885 4798 14135 14136 14137 12920
4207 16 2 1 1 5117 4984 4901 4968 14138 9703 13993 14139
4208 16 2 1 1 5242 5214 5357 5291 14140 14141 13142 14119
4209 16 2 1 1 3728 3683 3545 3800 13123 8324 14142 7916
4210 16 2 1 1 4083 3946 3874 3717 6065 6393 12630 12840
4211 16 2 1 1 3856 4061 4239 4008 13941 6826 14143 14129
4212 16 2 1 1 4729 4762 4965 4812 14144 14145 14146 7602
4213 16 2 1 1 3900 3795 3603 3675 14147 14148 14149 13649
4214 16 2 1 1 5116 4962 4837 5040 13636 9527 14150 8219
4215 16 2 1 1 4964 4970 5050 5049 14151 13969 14152 14153
4216 16 2 1 1 1963 2234 2471 2173 9481 14154 14155 12573
4217 16 2 1 1 3296 3132 2987 3170 13659 7906 10978 13247
4218 16 2 1 1 3102 3439 3560 3300 8207 14156 8075 14157
4219 16 2 1 1 3299 3079 2832 3028 14158 9599 13906 13928
4220 16 2 1 1 4462 4495 4708 4552 13715 13852 14159 7556
4221 16 2 1 1 4886 4887 4931 5011 14160 7604 14161 7128
4222 16 2 1 1 5332 5176 5068 5266 14162 8221 14163 14098
4223 16 2 1 1 4117 3923 3795 3900 14164 14165 14147 14166
4224 16 2 1 1 3544 3361 3079 3299 14126 14167 14158 14054
4225 16 2 1 1 4581 4558 4779 4652 13137 12978 13310 13207
4226 16 2 1 1 4629 4710 4884 4742 8127 14168 14169 7884
4227 16 2 1 1 4937 5013 5122 4916 14170 13303 14171 13360
4228 16 2 1 1 2471 2322 2033 2173 14172 12184 14173 14155
4229 16 2 1 1 352 711 925 351 6120 10354 14174 451
4230 16 2 1 1 1968 1904 1750 2061 14175 8694 14176 7815
4231 16 2 1 1 2263 2623 2763 2477 13066 8585 14177 14178
4232 16 2 1 1 5295 5308 5194 5238 13902 14117 14074 14007
4233 16 2 1 1 1568 1808 2054 1722 12665 14179 14180 11811
4234 16 2 1 1 3290 3108 2797 2966 13161 14181 13435 13533
4235 16 2 1 1 4297 4416 4581 4519 11320 13138 13206 11401
4236 16 2 1 1 5170 5139 5326 5214 14182 7892 14183 14184
4237 16 2 1 1 5151 5272 5310 5240 10490 14101 5784 7125
4238 16 2 1 1 895 661 45 46 12867 14185 145 14186
4239 16 2 1 1 331 332 762 903 431 14187 12868 14188
4240 16 2 1 1 2415 2277 2613 2577 5883 12355 8668 8828
4241 16 2 1 1 4799 4625 4716 4787 14189 9508 13931 7893
4242 16 2 1 1 2199 1814 2064 2198 6848 6921 7301 6626
4243 16 2 1 1 3295 3036 2806 3103 14190 13864 14191 14192
4244 16 2 1 1 4328 4226 4019 4119 14193 14194 14195 14196
4245 16 2 1 1 1764 2179 2326 1964 13523 14197 9413 14198
4246 16 2 1 1 2577 2908 3045 2701 8667 14114 14199 8829
4247 16 2 1 1 1085 795 615 906 14200 12588 14201 12809
4248 16 2 1 1 2608 2326 2179 2394 14202 14197 13539 14203
4249 16 2 1 1 3632 3453 3428 3191 6276 14204 13481 13235
4250 16 2 1 1 4543 4711 4464 4347 14205 14206 13085 14207
4251 16 2 1 1 4500 4464 4711 4591 14092 14206 14135 14208
4252 16 2 1 1 4884 4710 4618 4801 14168 14209 14210 9529
4253 16 2 1 1 5242 5138 4984 5117 14118 11500 14138 14211
4254 16 2 1 1 1413 1078 1077 1128 8851 14212 14213 14214
4255 16 2 1 1 4576 4557 4802 4668 14215 14216 14217 14218
4256 16 2 1 1 3857 3856 3585 3778 13942 14128 13768 7495
4257 16 2 1 1 4444 4497 4669 4541 14219 14220 14221 7679
4258 16 2 1 1 5432 5339 5222 5353 8158 14027 14015 6004
4259 16 2 1 1 1555 1224 1066 1406 14034 14222 14104 14084
4260 16 2 1 1 2089 2379 2625 2343 14223 14051 13935 14085
4261 16 2 1 1 3483 3364 3235 3430 14224 9628 14225 13696
4262 16 2 1 1 223 919 664 222 14226 14227 14228 272
4263 16 2 1 1 3036 2894 2606 2744 14229 14230 14231 13862
4264 16 2 1 1 5017 4965 4762 4857 14024 14145 14232 6866
4265 16 2 1 1 1224 895 758 1066 12864 14233 14234 14222
4266 16 2 1 1 1733 1413 1128 1454 8464 14214 14235 13433
4267 16 2 1 1 2558 2687 2856 2528 12770 12716 12769 12559
4268 16 2 1 1 3561 3313 3079 3361 8621 9600 14167 14236
4269 16 2 1 1 3802 3687 3686 3914 12325 8000 13813 7797
4270 16 2 1 1 4619 4425 4261 4474 14237 14238 13901 8179
4271 16 2 1 1 4977 5058 5182 5013 7369 14239 13304 14240
4272 16 2 1 1 4922 5054 5128 5042 7983 11290 13912 7801
4273 16 2 1 1 5378 5282 5271 5138 14241 14242 11501 14121
4274 16 2 1 1 1064 753 890 1062 12969 13552 14243 12407
4275 16 2 1 1 2052 1741 1471 1781 13959 13075 14244 14086
4276 16 2 1 1 4425 4324 4115 4223 14245 14246 14247 14248
4277 16 2 1 1 5045 4892 4974 5044 14249 7895 13933 13516
4278 16 2 1 1 4950 4995 5124 5008 10561 7123 14250 7121
4279 16 2 1 1 24 891 660 23 13564 14251 14252 123
4280 16 2 1 1 3901 3779 3483 3689 13707 14253 13695 9159
4281 16 2 1 1 4962 4961 4742 4884 13635 14254 14169 9528
4282 16 2 1 1 2562 2574 2264 2427 10471 6693 6970 10372
4283 16 2 1 1 3313 3103 2806 3046 8623 14191 8873 9601
4284 16 2 1 1 3553 3430 3169 3295 13694 14255 14256 14257
4285 16 2 1 1 2681 2631 2487 2501 13706 13313 11447 13294
4286 16 2 1 1 3140 3141 3419 3258 11044 11910 12533 11376
4287 16 2 1 1 4497 4444 4244 4392 14219 13963 14258 14259
4288 16 2 1 1 2599 2645 2835 2756 14260 14261 7729 13388
4289 16 2 1 1 3323 3555 3690 3449 8343 7644 14262 8413
4290 16 2 1 1 225 924 688 224 14263 14264 14265 274
4291 16 2 1 1 1897 1566 1293 1645 10862 12651 10776 11304
4292 16 2 1 1 3788 3561 3361 3608 8519 14236 14125 8876
4293 16 2 1 1 4347 4519 4672 4543 11402 13205 13423 14207
4294 16 2 1 1 5284 5310 5403 5363 5785 14100 5508 6737
4295 16 2 1 1 2926 3164 3392 3191 13285 13403 13233 13483
4296 16 2 1 1 4968 5043 5170 5117 14266 14267 14268 14139
4297 16 2 1 1 2671 2701 3045 2820 14269 14199 14270 8364
4298 16 2 1 1 4219 4128 3828 4027 13175 14271 13244 6608
4299 16 2 1 1 4536 4320 4254 4353 13571 14272 14043 7017
4300 16 2 1 1 4710 4531 4370 4618 8126 13800 14273 14209
4301 16 2 1 1 4726 4811 4937 4757 7564 14274 13359 14275
4302 16 2 1 1 3553 3295 3103 3337 14257 14192 8622 9483
4303 16 2 1 1 4423 4196 4048 4256 13816 7988 14276 7843
4304 16 2 1 1 4335 4422 4622 4455 8417 14277 13856 14278
4305 16 2 1 1 896 604 32 33 12570 14279 132 14280
4306 16 2 1 1 897 605 40 41 14281 14282 140 14283
4307 16 2 1 1 986 786 1107 1397 14284 11548 14285 12785
4308 16 2 1 1 1557 1223 1068 1393 14286 14287 14288 13920
4309 16 2 1 1 2621 2335 2187 2463 14289 14290 14291 13507
4310 16 2 1 1 2834 3100 3311 3057 14292 14293 6165 14294
4311 16 2 1 1 3472 3542 3776 3663 10528 13967 14295 10535
4312 16 2 1 1 4619 4522 4324 4425 13697 14296 14245 14237
4313 16 2 1 1 4734 4765 4952 4818 13421 13874 13097 13118
4314 16 2 1 1 4501 4654 4797 4562 13555 9147 13944 9622
4315 16 2 1 1 4669 4668 4857 4762 14297 14298 14232 14299
4316 16 2 1 1 1072 755 754 806 14300 13030 13133 9515
4317 16 2 1 1 2615 2614 2461 2318 12805 14301 13560 9768
4318 16 2 1 1 4552 4708 4889 4753 14159 13675 14302 14303
4319 16 2 1 1 5057 5163 5273 5234 14304 14305 14306 6851
4320 16 2 1 1 4275 4420 4531 4471 8226 13801 8129 8154
4321 16 2 1 1 4161 4315 4489 4416 10714 12737 13139 11319
4322 16 2 1 1 4672 4652 4860 4765 13204 13309 13875 13424
4323 16 2 1 1 213 214 665 921 263 14307 14308 14309
4324 16 2 1 1 1550 1274 1600 1885 14310 14311 14312 14313
4325 16 2 1 1 2664 2889 2969 2740 6409 6741 14314 6883
4326 16 2 1 1 2509 2904 3034 2757 12378 14315 10503 14316
4327 16 2 1 1 4296 4266 4527 4391 14317 14318 14319 14320
4328 16 2 1 1 4730 4880 5043 4968 13154 14321 14266 13994
4329 16 2 1 1 1246 1111 1274 1550 13773 14322 14310 14323
4330 16 2 1 1 3902 3783 3480 3680 14324 14325 13738 9006
4331 16 2 1 1 4327 4222 4011 4120 13688 14326 14327 14328
4332 16 2 1 1 4895 5008 5124 5078 14329 14250 14330 6913
4333 16 2 1 1 898 35 36 751 14331 135 14332 14333
4334 16 2 1 1 1078 666 892 1077 13132 11681 14334 14212
4335 16 2 1 1 2187 1916 2214 2463 14335 14336 13365 14291
4336 16 2 1 1 3427 3175 2931 3303 14337 14070 13147 14338
4337 16 2 1 1 4120 4011 3783 3902 14327 14339 14324 14340
4338 16 2 1 1 5374 5413 5434 5351 6605 5704 7184 5618
4339 16 2 1 1 1422 1244 985 1225 14122 12101 12923 14341
4340 16 2 1 1 1875 1565 1294 1644 14342 14343 14344 14345
4341 16 2 1 1 3798 3676 3556 3605 7651 14346 14347 14348
4342 16 2 1 1 2171 2030 1736 1906 14349 14350 13774 9453
4343 16 2 1 1 3181 2909 2661 2941 13869 14053 14351 10007
4344 16 2 1 1 3187 3041 2906 2967 10785 13647 10631 13846
4345 16 2 1 1 2897 2993 3257 3164 14352 6219 13404 13286
4346 16 2 1 1 4176 4157 4421 4284 14109 13968 14094 14353
4347 16 2 1 1 4799 4709 4472 4625 13655 14354 13792 14189
4348 16 2 1 1 2754 2464 2325 2605 14355 14356 13520 13844
4349 16 2 1 1 3658 3850 4028 3807 7653 14357 14358 14359
4350 16 2 1 1 4285 4284 4500 4378 14360 14093 14361 13500
4351 16 2 1 1 1716 1400 1120 1448 14362 9180 13612 13833
4352 16 2 1 1 1807 1606 1278 1575 13990 14363 13666 13960
4353 16 2 1 1 1559 1873 1976 1659 12238 10603 5826 14364
4354 16 2 1 1 3119 3067 2786 2975 13411 14365 13582 13395
4355 16 2 1 1 3295 3169 2894 3036 14256 14366 14229 14190
4356 16 2 1 1 3493 3492 3202 3373 13203 14367 8950 7348
4357 16 2 1 1 4223 4115 3842 4020 14247 14368 13708 8741
4358 16 2 1 1 4879 4805 4566 4720 13679 14369 13698 8045
4359 16 2 1 1 5314 5203 5202 5209 8606 7736 7853 13527
4360 16 2 1 1 1073 797 1143 1240 14370 14371 11089 14372
4361 16 2 1 1 3591 3508 3425 3618 11734 14373 14374 6246
4362 16 2 1 1 1724 1888 2044 1725 10027 14375 12993 10046
4363 16 2 1 1 2904 3168 3294 3034 13713 7223 12435 14315
4364 16 2 1 1 4070 4067 4296 4174 14376 14377 14378 14133
4365 16 2 1 1 2744 2606 2322 2471 14231 14379 14172 14380
4366 16 2 1 1 3101 2835 2645 2948 13088 14261 14381 7592
4367 16 2 1 1 1397 1107 1470 1738 14285 14382 14383 11413
4368 16 2 1 1 3165 3425 3508 3253 13443 14373 5997 14384
4369 16 2 1 1 4622 4422 4318 4525 14277 14072 14385 8450
4370 16 2 1 1 4343 4378 4592 4448 13497 14386 13730 13158
4371 16 2 1 1 5230 5162 5094 5159 7190 14387 7492 11942
4372 16 2 1 1 5434 5377 5287 5335 5703 14388 14389 7185
4373 16 2 1 1 1223 898 751 1068 12632 14333 14390 14287
4374 16 2 1 1 4662 4538 4456 4630 14391 14392 14393 7387
4375 16 2 1 1 614 797 1073 748 12591 14370 14394 13005
4376 16 2 1 1 2331 2025 1761 2170 13349 12611 12585 9130
4377 16 2 1 1 3547 3435 3106 3317 13737 14395 13811 9629
4378 16 2 1 1 3730 3665 3482 3684 13780 14396 8711 12621
4379 16 2 1 1 5422 5419 5378 5291 5535 14397 14120 13141
4380 16 2 1 1 1286 1344 1665 1499 6795 7718 10754 9213
4381 16 2 1 1 4236 4031 3932 4123 14398 8025 14399 7221
4382 16 2 1 1 2397 2680 2912 2627 14400 14401 9250 14402
4383 16 2 1 1 4883 4677 4552 4753 14403 7557 14303 13890
4384 16 2 1 1 3037 2789 2506 2679 13828 14404 14405 13870
4385 16 2 1 1 4762 4729 4541 4669 14144 13980 14221 14299
4386 16 2 1 1 2370 2513 2775 2466 10492 6776 6525 13468
4387 16 2 1 1 5366 5357 5214 5326 5542 14141 14183 13454
4388 16 2 1 1 1404 1144 822 1083 11011 14406 14407 12824
4389 16 2 1 1 1552 1394 1065 1222 14017 13734 13710 13670
4390 16 2 1 1 4126 4012 3843 3991 7498 14408 7465 14409
4391 16 2 1 1 896 33 34 750 14280 133 14410 13998
4392 16 2 1 1 898 750 34 35 12635 14410 134 14331
4393 16 2 1 1 900 38 39 756 13955 138 14411 12908
4394 16 2 1 1 899 752 42 43 12925 14412 142 14413
4395 16 2 1 1 2329 2034 1765 2091 14414 13834 14415 7352
4396 16 2 1 1 2464 2189 1962 2325 9378 13818 14416 14356
4397 16 2 1 1 1965 2263 2477 2172 11120 14178 14417 9572
4398 16 2 1 1 2376 2557 2747 2686 5649 14418 9202 8259
4399 16 2 1 1 4284 4285 4118 4176 14360 14419 14420 14353
4400 16 2 1 1 912 328 329 759 14421 428 14422 12655
4401 16 2 1 1 3211 3482 3665 3422 8782 14396 13951 13475
4402 16 2 1 1 2040 1713 1550 1885 14423 14424 14313 14425
4403 16 2 1 1 2744 2471 2234 2549 14380 14154 14426 13863
4404 16 2 1 1 4626 4442 4274 4428 14427 14428 14429 14430
4405 16 2 1 1 4392 4391 4576 4497 14431 14432 14433 14259
4406 16 2 1 1 5119 5050 4906 5037 14434 13970 13880 13787
4407 16 2 1 1 5142 5288 5402 5266 14435 14436 14099 14437
4408 16 2 1 1 2173 2033 1641 1886 14173 14438 14018 12574
4409 16 2 1 1 1968 1883 1745 1904 13882 14439 14440 14175
4410 16 2 1 1 2335 2040 1885 2187 14441 14425 14442 14290
4411 16 2 1 1 5045 4947 4754 4892 9885 8911 13656 14249
4412 16 2 1 1 2774 2551 2993 2897 9073 14443 14352 8888
4413 16 2 1 1 3392 3344 3629 3475 13402 6028 13394 13234
4414 16 2 1 1 3797 3559 3679 3796 14444 14445 14012 14446
4415 16 2 1 1 4060 4005 3847 4024 13803 12622 8547 14447
4416 16 2 1 1 1274 1573 1874 1600 14448 10202 14449 14311
4417 16 2 1 1 3303 3548 3670 3427 11999 13999 14450 14338
4418 16 2 1 1 4196 4195 3923 4117 13815 14451 14164 7989
4419 16 2 1 1 3926 4004 4191 4036 13042 13219 13173 11540
4420 16 2 1 1 4430 4333 4230 4331 14452 14453 14454 14455
4421 16 2 1 1 4630 4456 4431 4526 14393 7790 14456 7410
4422 16 2 1 1 3442 3543 3675 3603 10322 14457 14149 13983
4423 16 2 1 1 5181 5113 5094 5162 8168 12670 14387 5467
4424 16 2 1 1 5214 5242 5117 5170 14140 14211 14268 14184
4425 16 2 1 1 3132 3131 2900 3026 13658 14458 9200 7907
4426 16 2 1 1 3663 3776 3976 3898 14295 12660 13149 12999
4427 16 2 1 1 5451 5409 5278 5383 5523 14459 7152 13756
4428 16 2 1 1 1087 897 752 985 14460 14461 12924 12100
4429 16 2 1 1 3316 3484 3664 3363 10522 14462 13992 14463
4430 16 2 1 1 1060 1226 1314 1412 13558 14065 14035 14464
4431 16 2 1 1 1131 1416 1581 1281 14465 8434 8819 14466
4432 16 2 1 1 2845 2659 2394 2612 14467 14468 13538 8261
4433 16 2 1 1 4281 4228 4049 4280 13268 13177 13871 13346
4434 16 2 1 1 1422 1225 1067 1245 14341 12882 13749 10919
4435 16 2 1 1 1163 660 891 981 12682 14251 14469 12046
4436 16 2 1 1 3666 3465 3214 3447 12896 7270 13413 7116
4437 16 2 1 1 4033 4118 4285 4141 12283 14419 13499 10853
4438 16 2 1 1 4753 4889 4970 4964 14302 13885 14151 13887
4439 16 2 1 1 1396 1111 790 1087 14470 13772 14471 12102
4440 16 2 1 1 1962 1726 1562 1779 13817 13751 14472 14473
4441 16 2 1 1 2396 2226 1924 2106 14474 14475 13989 13936
4442 16 2 1 1 5416 5361 5336 5282 5492 14476 14477 14478
4443 16 2 1 1 1316 1728 1727 1587 14479 12852 14480 13301
4444 16 2 1 1 3363 3233 3105 3316 13627 12981 10586 14463
4445 16 2 1 1 3810 3903 4070 3924 14481 14482 14132 14028
4446 16 2 1 1 2659 2845 3035 2971 14467 14483 9108 7745
4447 16 2 1 1 3549 3451 3438 3193 14484 14485 9644 14486
4448 16 2 1 1 4654 4677 4883 4731 13554 14403 14487 9148
4449 16 2 1 1 2107 2397 2627 2344 14488 14402 9370 14489
4450 16 2 1 1 4435 4242 4229 4329 14490 7097 14491 7323
4451 16 2 1 1 1724 1582 1399 1748 10045 12048 13964 10025
4452 16 2 1 1 3695 3861 4073 4007 14492 5691 14111 12334
4453 16 2 1 1 4327 4120 3938 4152 14328 14493 14494 8397
4454 16 2 1 1 1738 1470 1782 2037 14383 14495 14496 9799
4455 16 2 1 1 2660 2939 3166 2890 13939 13473 13929 13186
4456 16 2 1 1 3668 3462 3205 3376 13510 14497 13484 12885
4457 16 2 1 1 3714 3738 4013 3851 14498 13355 14499 6447
4458 16 2 1 1 4132 3915 3911 3957 8367 8877 8384 8489
4459 16 2 1 1 4017 4139 4318 4058 14041 14500 14071 14501
4460 16 2 1 1 2984 3072 3245 2950 13568 13019 5640 12718
4461 16 2 1 1 4024 4165 4319 4060 14050 14502 14045 14447
4462 16 2 1 1 4140 4174 4392 4244 14131 14503 14258 7747
4463 16 2 1 1 2621 2378 2088 2335 13975 13519 14504 14289
4464 16 2 1 1 2680 2397 2257 2547 14400 14505 13807 14506
4465 16 2 1 1 3301 2977 2786 3067 13899 7295 14365 7163
4466 16 2 1 1 1412 1143 797 1060 13664 14371 12594 14464
4467 16 2 1 1 2679 2506 2226 2396 14405 14507 14474 13896
4468 16 2 1 1 2030 2171 2462 2259 14349 13893 10345 14508
4469 16 2 1 1 3597 3667 3861 3695 11423 13778 14492 5991
4470 16 2 1 1 3725 3906 4123 3932 14509 14510 14399 8096
4471 16 2 1 1 4330 4116 3923 4195 14039 14511 14451 7750
4472 16 2 1 1 5054 4893 4742 4961 7982 7885 14254 11291
4473 16 2 1 1 5134 5176 5332 5208 13891 14162 14512 14513
4474 16 2 1 1 1888 2172 2340 2044 9573 14514 14515 14375
4475 16 2 1 1 984 756 605 790 12909 14516 14517 13771
4476 16 2 1 1 1087 790 605 897 14471 14517 14281 14460
4477 16 2 1 1 1083 822 662 900 14407 14518 13956 12910
4478 16 2 1 1 2762 2478 2259 2550 13727 14519 10344 13645
4479 16 2 1 1 2855 2816 3155 2925 5912 9676 12878 13106
4480 16 2 1 1 3431 3173 3055 3298 14520 8151 9049 7767
4481 16 2 1 1 523 524 612 920 573 14521 14522 14523
4482 16 2 1 1 897 41 42 752 14283 141 14412 14461
4483 16 2 1 1 899 43 44 757 14413 143 14524 12880
4484 16 2 1 1 895 46 47 758 14186 146 14525 14233
4485 16 2 1 1 932 606 48 49 14526 14527 148 14528
4486 16 2 1 1 4016 3797 3796 3816 13703 14446 14064 14529
4487 16 2 1 1 3731 3664 3484 3685 13762 14462 10271 14530
4488 16 2 1 1 4425 4223 4125 4261 14248 8740 8211 14238
4489 16 2 1 1 5407 5382 5205 5342 6887 14531 14532 14533
4490 16 2 1 1 5443 5420 5349 5410 8689 14534 14535 5531
4491 16 2 1 1 2508 2834 3057 2778 14536 14294 14537 14538
4492 16 2 1 1 2800 3040 3310 3059 8539 14539 8345 14540
4493 16 2 1 1 3469 3628 3869 3784 14541 5993 14542 12388
4494 16 2 1 1 4131 4028 3850 4002 7513 14357 14543 14544
4495 16 2 1 1 4334 4331 4230 4122 14545 14454 14546 13797
4496 16 2 1 1 4972 4826 4648 4804 14547 7552 14548 6875
4497 16 2 1 1 1641 1471 1110 1394 14549 13074 13735 14019
4498 16 2 1 1 3362 3315 3098 3440 10747 8192 8595 7785
4499 16 2 1 1 3947 4007 4176 4118 12335 14110 14420 12282
4500 16 2 1 1 1713 1404 1246 1550 11008 12823 14323 14424
4501 16 2 1 1 3685 3838 4006 3731 10197 14550 14062 14530
4502 16 2 1 1 3499 3222 3121 3343 13050 7594 14551 7446
4503 16 2 1 1 4439 4240 4237 4275 8209 8490 8227 8153
4504 16 2 1 1 2657 2753 2361 2563 13581 13338 14552 12782
4505 16 2 1 1 3075 3123 3394 3194 6037 8880 13108 10616
4506 16 2 1 1 3903 3810 3727 3574 14481 14130 7379 14553
4507 16 2 1 1 2673 2706 2398 2574 14554 6726 6694 10474
4508 16 2 1 1 2706 2673 3023 2804 14554 10966 12967 14555
4509 16 2 1 1 3565 3423 3236 3442 10521 13847 10323 13982
4510 16 2 1 1 3706 3898 4088 4004 12998 13148 13220 13043
4511 16 2 1 1 4833 4857 4668 4802 6863 14298 14217 13399
4512 16 2 1 1 4731 4883 5039 4900 14487 13889 14556 14557
4513 16 2 1 1 1095 1116 1432 1267 14558 7140 14559 14560
4514 16 2 1 1 2116 2182 1805 2028 14561 14562 13322 12396
4515 16 2 1 1 4370 4319 4165 4335 13799 14502 8418 14563
4516 16 2 1 1 4748 4918 5040 4837 13667 9427 14150 9912
4517 16 2 1 1 5048 5142 5266 5068 14564 14437 14163 9429
4518 16 2 1 1 3960 3822 4185 4067 5611 14565 14566 14567
4519 16 2 1 1 5399 5388 5283 5210 5502 7105 9273 14568
4520 16 2 1 1 4432 4325 4233 4332 7315 14569 7362 14570
4521 16 2 1 1 2183 1884 1883 1936 14571 14572 13884 7401
4522 16 2 1 1 3424 3292 2933 3118 8983 14573 13415 12579
4523 16 2 1 1 4120 3902 3799 3938 14340 9005 14574 14493
4524 16 2 1 1 4127 4022 3825 4059 13295 7283 14575 7090
4525 16 2 1 1 4971 4879 4755 4922 13680 8044 7984 7800
4526 16 2 1 1 5337 5244 5066 5204 7154 14576 7309 6669
4527 16 2 1 1 5342 5205 5129 5197 14532 6667 7021 6853
4528 16 2 1 1 5399 5210 5136 5290 14568 14577 14578 14579
4529 16 2 1 1 5335 5265 5195 5269 14580 13926 14048 7182
4530 16 2 1 1 1089 826 767 763 14581 14582 14583 12590
4531 16 2 1 1 2347 2205 1966 2065 12709 13881 13986 13406
4532 16 2 1 1 4887 4886 4768 4678 14160 14584 14044 13981
4533 16 2 1 1 901 683 335 336 14585 14586 435 14083
4534 16 2 1 1 1438 1498 1817 1603 8554 12231 11217 9402
4535 16 2 1 1 1600 1874 2180 1916 14449 14587 14588 14589
4536 16 2 1 1 5208 5332 5430 5346 14512 14097 14590 7434
4537 16 2 1 1 32 604 893 31 14279 13598 13954 131
4538 16 2 1 1 2037 2266 2490 2186 14591 14592 14593 9800
4539 16 2 1 1 748 1073 981 891 14394 14594 14469 13563
4540 16 2 1 1 2178 2036 1721 1880 9177 14595 10326 14596
4541 16 2 1 1 1573 1274 1111 1396 14448 14322 14470 10861
4542 16 2 1 1 2650 2795 2984 2687 13210 13569 12717 12773
4543 16 2 1 1 3907 3780 3603 3795 10196 13984 14148 14597
4544 16 2 1 1 4428 4274 4031 4236 14429 14598 14398 7099
4545 16 2 1 1 4800 4621 4441 4635 14599 7195 7237 14600
4546 16 2 1 1 4426 4227 4336 4424 14601 12775 14602 14603
4547 16 2 1 1 5125 5039 4964 5049 14604 13888 14153 13927
4548 16 2 1 1 5431 5333 5217 5358 14605 9893 14606 5473
4549 16 2 1 1 913 338 339 764 14102 438 14607 14608
4550 16 2 1 1 905 764 339 340 12715 14607 439 14609
4551 16 2 1 1 3297 3035 2900 3131 9107 14610 14458 6042
4552 16 2 1 1 5440 5399 5290 5359 5503 14579 14611 5480
4553 16 2 1 1 3342 3194 3634 3542 10617 13107 13966 10527
4554 16 2 1 1 4565 4429 4274 4442 7409 14612 14428 7732
4555 16 2 1 1 2335 2088 1779 2040 14504 14613 14614 14441
4556 16 2 1 1 4336 4124 4019 4226 12774 14615 14194 14616
4557 16 2 1 1 5333 5290 5136 5268 14617 14578 14618 9894
4558 16 2 1 1 5431 5359 5290 5333 5482 14611 14617 14605
4559 16 2 1 1 2474 2181 2177 2216 14619 14620 14621 14622
4560 16 2 1 1 4724 4632 4471 4629 8097 8155 8128 7883
4561 16 2 1 1 2701 2671 2491 2610 14269 14623 8869 8830
4562 16 2 1 1 4294 4256 4048 4184 13463 14276 13877 13374
4563 16 2 1 1 4620 4432 4332 4530 7207 14570 14624 14625
4564 16 2 1 1 909 342 343 603 14626 442 14627 12732
4565 16 2 1 1 904 603 343 344 12745 14627 443 14628
4566 16 2 1 1 904 344 345 761 14628 444 14629 14630
4567 16 2 1 1 910 761 345 346 14631 14629 445 14632
4568 16 2 1 1 911 684 348 349 14633 14634 448 14635
4569 16 2 1 1 2754 2521 2262 2464 13907 10240 9379 14355
4570 16 2 1 1 4591 4592 4378 4500 12919 14386 14361 14208
4571 16 2 1 1 2091 1765 2044 2340 14415 12994 14515 9896
4572 16 2 1 1 2974 3165 3253 2795 12677 14384 13570 13213
4573 16 2 1 1 3238 3032 2800 3059 8649 14636 14540 8603
4574 16 2 1 1 4340 4135 4130 4167 7530 7431 14637 7285
4575 16 2 1 1 5446 5401 5278 5409 12726 13732 14459 5518
4576 16 2 1 1 1563 1233 1070 1380 14638 12751 14639 14067
4577 16 2 1 1 3304 3100 2834 3042 14640 14292 14641 13090
4578 16 2 1 1 4907 4844 4768 4886 10559 7205 14584 7127
4579 16 2 1 1 5433 5404 5349 5420 9922 12139 14534 5528
4580 16 2 1 1 4718 4717 4476 4620 14642 14643 7208 14644
4581 16 2 1 1 5120 4931 4812 4983 14645 7603 14646 14647
4582 16 2 1 1 2040 1779 1562 1713 14614 14472 11009 14423
4583 16 2 1 1 4628 4430 4331 4482 14648 14455 14649 7271
4584 16 2 1 1 4583 4528 4381 4579 13297 13345 14073 6430
4585 16 2 1 1 2901 2743 2468 2608 13420 14650 14651 14652
4586 16 2 1 1 5245 5198 5066 5244 13934 13917 14576 13733
4587 16 2 1 1 5268 5136 5118 5120 14618 14653 14654 14655
4588 16 2 1 1 1557 1293 983 1223 10777 12650 12633 14286
4589 16 2 1 1 2078 2466 2634 2323 13467 6524 14656 13335
4590 16 2 1 1 2988 2953 2772 2898 13839 14657 8662 8366
4591 16 2 1 1 3791 3550 3445 3673 13922 8409 8415 7887
4592 16 2 1 1 4333 4126 3991 4230 7360 14409 14658 14453
4593 16 2 1 1 3232 3084 2837 2968 12063 6725 13362 12552
4594 16 2 1 1 3965 3792 3581 3839 10037 14659 13701 13178
4595 16 2 1 1 4058 4006 3838 4017 13848 14550 10023 14501
4596 16 2 1 1 4582 4426 4424 4529 7676 14603 7792 13391
4597 16 2 1 1 4881 4718 4627 4758 14660 14661 14662 7119
4598 16 2 1 1 5047 4830 4731 4900 14006 9149 14557 13997
4599 16 2 1 1 2465 2321 2056 2203 14008 13492 14663 8112
4600 16 2 1 1 2766 2549 2234 2482 8875 14426 9480 10242
4601 16 2 1 1 5008 4895 4806 4881 14329 14664 14665 7122
4602 16 2 1 1 5048 5115 5267 5142 13626 13973 14666 14564
4603 16 2 1 1 2054 1782 1470 1722 14667 14495 14668 14180
4604 16 2 1 1 3675 3543 3428 3453 14457 13814 14204 13650
4605 16 2 1 1 3906 3725 3449 3690 14509 14669 14262 7458
4606 16 2 1 1 4012 4002 3850 3798 7500 14543 7652 14670
4607 16 2 1 1 2189 1945 1645 1892 9381 11305 10775 13819
4608 16 2 1 1 2522 2768 3044 2836 14671 14672 14673 14674
4609 16 2 1 1 2898 2632 2491 2671 8661 14675 14623 8363
4610 16 2 1 1 5049 5050 5119 5195 14152 14434 14049 13925
4611 16 2 1 1 3474 3326 3734 3667 10897 13535 13779 11422
4612 16 2 1 1 2193 1963 1624 1897 9482 12572 10863 11307
4613 16 2 1 1 5383 5337 5205 5382 7151 6668 14531 13757
4614 16 2 1 1 2065 2174 2493 2219 13985 6954 9075 13405
4615 16 2 1 1 4900 5039 5125 5073 14556 14604 9963 13995
4616 16 2 1 1 2127 2126 2059 1909 5881 14676 9752 9763
4617 16 2 1 1 1916 2180 2478 2214 14588 14677 13726 14336
4618 16 2 1 1 3319 3058 3050 3172 7992 8034 8378 8146
4619 16 2 1 1 4116 3907 3795 3923 10021 14597 14165 14511
4620 16 2 1 1 4328 4119 4021 4225 14196 7831 8027 14678
4621 16 2 1 1 4668 4669 4497 4576 14297 14220 14433 14218
4622 16 2 1 1 4894 4888 4635 4808 7083 14679 7236 14680
4623 16 2 1 1 4966 4855 4671 4767 8074 6505 8375 13545
4624 16 2 1 1 521 522 773 923 571 14681 14682 14683
4625 16 2 1 1 2412 2330 1984 2176 13078 14684 14078 13723
4626 16 2 1 1 4029 3821 3787 3919 14685 6535 14686 6448
4627 16 2 1 1 4664 4529 4456 4538 13392 7791 14392 14687
4628 16 2 1 1 4455 4658 4801 4618 13855 9910 14210 14688
4629 16 2 1 1 903 601 330 331 14689 14690 430 14188
4630 16 2 1 1 2185 1899 1721 2036 9584 14691 14595 14692
4631 16 2 1 1 4634 4441 4434 4537 7238 7194 14693 7174
4632 16 2 1 1 1875 1718 1401 1565 14694 14695 14696 14342
4633 16 2 1 1 4224 4063 3821 4029 6123 14697 14685 6417
4634 16 2 1 1 4665 4758 4627 4628 13946 14662 14698 7273
4635 16 2 1 1 5046 4894 4806 4895 7080 14699 14664 6912
4636 16 2 1 1 5163 5057 4976 5046 14304 14700 7081 6915
4637 16 2 1 1 908 326 327 663 13909 426 14701 12685
4638 16 2 1 1 2750 2492 2633 2748 14702 8772 14703 14704
4639 16 2 1 1 3307 3097 2781 3054 14705 14706 14707 8036
4640 16 2 1 1 1890 1597 1310 1553 14708 14709 11517 14710
4641 16 2 1 1 2190 1890 1642 2049 14711 14712 9725 14713
4642 16 2 1 1 3176 3099 3039 2830 14714 8091 7953 14715
4643 16 2 1 1 4718 4620 4530 4627 14644 14625 14716 14661
4644 16 2 1 1 1646 1662 1983 1827 12466 5920 14717 14718
4645 16 2 1 1 4808 4634 4476 4717 7235 7173 14643 14719
4646 16 2 1 1 3377 3343 3121 3301 13514 14551 13900 7166
4647 16 2 1 1 4894 4808 4717 4806 14680 14719 14720 14699
4648 16 2 1 1 5121 4994 4826 4972 7311 14721 14547 6799
4649 16 2 1 1 5302 5207 5058 5154 14722 14723 7368 12704
4650 16 2 1 1 1880 1561 1310 1597 10325 14724 14709 14725
4651 16 2 1 1 2610 2349 2126 2415 8868 14726 5884 8827
4652 16 2 1 1 3172 2916 2772 2953 8377 14727 14657 8143
4653 16 2 1 1 4382 4265 4047 4155 8201 5890 8401 12975
4654 16 2 1 1 5400 5273 5137 5284 14728 14729 5786 6736
4655 16 2 1 1 5142 5267 5339 5288 14666 14025 8160 14435
4656 16 2 1 1 5282 5378 5419 5416 14241 14397 5513 14478
4657 16 2 1 1 3035 2845 2686 2900 14483 8260 9201 14610
4658 16 2 1 1 5120 5118 5011 4931 14654 14730 14161 14645
4659 16 2 1 1 1566 1313 948 1242 10865 13669 12568 12652
4660 16 2 1 1 3712 3784 3971 3822 12389 14731 14732 5610
4661 16 2 1 1 1230 960 686 907 14733 14032 14734 14735
4662 16 2 1 1 4881 4806 4717 4718 14665 14720 14642 14660
4663 16 2 1 1 1252 1062 890 642 14736 14243 13945 10179
4664 16 2 1 1 1898 1598 1436 1723 14737 12663 14738 9694
4665 16 2 1 1 3182 3102 2820 3045 8208 14739 14270 14113
4666 16 2 1 1 3551 3307 3058 3322 14740 8035 7991 14741
4667 16 2 1 1 4234 4254 4320 4235 13979 14272 7935 7092
4668 16 2 1 1 5240 5137 5078 5124 5783 14742 14330 7126
4669 16 2 1 1 912 663 327 328 14743 14701 427 14421
4670 16 2 1 1 1165 823 997 1146 8029 13016 14744 7132
4671 16 2 1 1 1563 1295 987 1233 10407 11481 14745 14638
4672 16 2 1 1 2916 2751 2609 2772 8616 14746 8663 14727
4673 16 2 1 1 3054 2781 2748 2917 14707 14747 14748 14749
4674 16 2 1 1 3155 3130 3375 3281 9675 12194 13279 12879
4675 16 2 1 1 5139 5170 5043 5085 14182 14267 14750 7717
4676 16 2 1 1 2893 2645 2599 2620 14751 14260 12360 13336
4677 16 2 1 1 1808 2107 2344 2054 14752 14489 14753 14179
4678 16 2 1 1 3031 3125 3385 3293 14754 5938 13831 13084
4679 16 2 1 1 4628 4627 4530 4430 14698 14716 14755 14648
4680 16 2 1 1 5343 5276 5134 5208 7851 7634 14513 7433
4681 16 2 1 1 1230 907 683 1075 14735 14756 14757 11599
4682 16 2 1 1 2190 1933 1597 1890 9296 14758 14708 14711
4683 16 2 1 1 1817 1816 2129 1919 12230 11122 12014 11218
4684 16 2 1 1 2608 2468 2073 2326 14651 14759 9414 14202
4685 16 2 1 1 2751 2480 2260 2609 8834 14760 8924 14746
4686 16 2 1 1 3174 2912 2680 3032 9064 14401 14761 8648
4687 16 2 1 1 2180 1874 1736 2030 14587 10201 14350 14762
4688 16 2 1 1 2349 2328 2049 2206 8871 14763 9724 14764
4689 16 2 1 1 3209 3281 3494 3326 12877 13278 13536 10896
4690 16 2 1 1 3451 3549 3732 3574 14484 14765 14766 7378
4691 16 2 1 1 5424 5417 5338 5400 5511 14767 14768 6738
4692 16 2 1 1 4325 4131 4002 4233 14769 14544 7499 14569
4693 16 2 1 1 794 1005 1407 1220 13712 14770 12830 14771
4694 16 2 1 1 2563 2361 2070 2330 14552 13754 14772 13077
4695 16 2 1 1 3574 3732 3960 3903 14766 5612 14773 14553
4696 16 2 1 1 4375 4482 4331 4334 13836 14649 14545 7749
4697 16 2 1 1 1823 1602 1490 1272 9683 14774 10397 12440
4698 16 2 1 1 1890 1553 1403 1642 14710 14775 10385 14712
4699 16 2 1 1 2178 1880 1597 1933 14596 14725 14758 14776
4700 16 2 1 1 2181 1914 1598 1898 14777 14778 14737 14779
4701 16 2 1 1 3029 3175 3427 3220 14780 14337 14781 14782
4702 16 2 1 1 4329 4121 3920 4137 14783 7521 7532 7321
4703 16 2 1 1 4913 4934 4798 4885 5820 14046 14137 13116
4704 16 2 1 1 2478 2180 2030 2259 14677 14762 14508 14519
4705 16 2 1 1 3669 3377 3198 3455 13515 7165 14108 6977
4706 16 2 1 1 906 323 324 760 14784 423 14785 12807
4707 16 2 1 1 1248 959 663 912 14786 12686 14743 12658
4708 16 2 1 1 1232 1071 685 908 14787 14788 13910 12688
4709 16 2 1 1 2467 2190 2049 2328 9294 14713 14763 14789
4710 16 2 1 1 2917 2748 2633 2773 14748 14703 14124 14790
4711 16 2 1 1 3800 3545 3331 3580 14142 14005 14791 7281
4712 16 2 1 1 4325 4167 4130 4131 7316 14637 7514 14769
4713 16 2 1 1 4882 4747 4547 4649 7550 14792 7698 14116
4714 16 2 1 1 4967 4800 4635 4888 14793 14600 14679 14794
4715 16 2 1 1 5410 5349 5207 5302 14535 12138 14722 12727
4716 16 2 1 1 907 686 333 334 14734 14795 433 14796
4717 16 2 1 1 906 615 322 323 14201 14797 422 14784
4718 16 2 1 1 1473 1500 1265 1325 14798 7673 10300 8791
4719 16 2 1 1 1909 1751 1490 1602 9751 14066 14774 9761
4720 16 2 1 1 2472 2338 1940 2185 14123 14799 9585 14800
4721 16 2 1 1 3918 3692 3677 3789 14801 7456 14802 7650
4722 16 2 1 1 5122 4992 4822 4916 7490 14803 7548 14171
4723 16 2 1 1 5200 5083 5011 5118 10489 7129 14730 14804
4724 16 2 1 1 986 759 601 786 12656 14805 14806 14284
4725 16 2 1 1 992 842 697 1229 7060 14807 14808 9659
4726 16 2 1 1 3364 3483 3779 3604 14224 14253 14021 9285
4727 16 2 1 1 907 334 335 683 14796 434 14586 14756
4728 16 2 1 1 989 786 601 903 11549 14806 14689 12871
4729 16 2 1 1 1236 942 640 913 11345 14809 14103 14810
4730 16 2 1 1 3033 2750 2748 2781 14811 14704 14747 14812
4731 16 2 1 1 5210 5200 5118 5136 9272 14804 14653 14577
4732 16 2 1 1 3851 4013 4134 4062 14499 13783 6143 6415
4733 16 2 1 1 1718 1875 1964 2053 14694 14813 9416 12429
4734 16 2 1 1 2750 2500 2216 2492 14814 14815 14816 14702
4735 16 2 1 1 3786 3605 3556 3557 7627 14347 14817 14818
4736 16 2 1 1 5085 5043 4880 4934 14750 14321 14047 5823
4737 16 2 1 1 2350 2207 1940 2338 14819 14820 14799 8770
4738 16 2 1 1 2239 2417 2737 2566 5925 11226 12311 12555
4739 16 2 1 1 3300 2988 2820 3102 13840 8365 14739 14157
4740 16 2 1 1 1723 1436 1315 1577 14738 14057 14821 10422
4741 16 2 1 1 2492 2216 2177 2350 14816 14621 14822 8773
4742 16 2 1 1 2349 2206 2059 2126 14764 14001 14676 14726
4743 16 2 1 1 2836 3044 3185 2965 14673 14823 12191 6996
4744 16 2 1 1 4329 4229 4010 4121 14491 7220 14824 14783
4745 16 2 1 1 4426 4250 4038 4227 7675 5797 14825 14601
4746 16 2 1 1 4335 4455 4618 4370 14278 14688 14273 14563
4747 16 2 1 1 4839 4726 4538 4662 7565 14826 14391 12690
4748 16 2 1 1 1237 902 755 1072 14827 14828 14300 14829
4749 16 2 1 1 1580 1251 942 1417 11308 14830 11344 10231
4750 16 2 1 1 4526 4328 4225 4429 14831 14678 14832 7408
4751 16 2 1 1 4526 4431 4226 4328 14456 14833 14193 14831
4752 16 2 1 1 1907 1712 1288 1580 14036 10421 11309 10233
4753 16 2 1 1 905 340 341 687 14609 440 14834 14835
4754 16 2 1 1 909 687 341 342 14836 14834 441 14626
4755 16 2 1 1 2650 2393 2607 2902 12772 12119 14837 13211
4756 16 2 1 1 3302 3033 2781 3097 14838 14812 14706 14839
4757 16 2 1 1 3054 2917 2915 3050 14749 14840 8379 8033
4758 16 2 1 1 4227 4038 3816 4018 14825 14841 14063 12776
4759 16 2 1 1 1001 1149 1407 1005 5677 8405 14770 6811
4760 16 2 1 1 2350 2177 1967 2207 14822 14842 14038 14819
4761 16 2 1 1 4639 4802 4557 4448 13397 14216 13159 13729
4762 16 2 1 1 2746 2518 2238 2496 14843 14844 13620 13825
4763 16 2 1 1 3339 3432 3628 3469 11937 14845 14541 5603
4764 16 2 1 1 4800 4712 4524 4621 14846 14847 14848 14599
4765 16 2 1 1 2207 1907 1619 1940 14037 10232 9586 14820
4766 16 2 1 1 2472 2185 2036 2230 14800 14692 9176 8774
4767 16 2 1 1 2632 2467 2328 2491 8923 14789 8870 14675
4768 16 2 1 1 5197 5055 4976 5057 7020 14849 14700 6850
4769 16 2 1 1 910 346 347 766 14632 446 14850 12749
4770 16 2 1 1 911 349 350 602 14635 449 14851 14852
4771 16 2 1 1 925 602 350 351 14853 14851 450 14174
4772 16 2 1 1 2107 1808 1598 1914 14752 12664 14778 14854
4773 16 2 1 1 2332 2041 1881 2195 14855 8736 13615 14856
4774 16 2 1 1 2181 1898 1967 2177 14779 9693 14842 14620
4775 16 2 1 1 3938 4115 4324 4152 14857 14246 14858 14494
4776 16 2 1 1 5441 5353 5287 5377 6005 14014 14388 5830
4777 16 2 1 1 514 515 621 928 564 14859 10109 14860
4778 16 2 1 1 1241 905 687 1069 12713 14835 14861 14862
4779 16 2 1 1 1553 1231 949 1403 11516 12734 14863 14775
4780 16 2 1 1 1567 1236 982 1271 11343 14864 11434 14865
4781 16 2 1 1 1561 1241 1069 1310 11433 14862 11518 14724
4782 16 2 1 1 1899 1567 1271 1721 10228 14865 10327 14691
4783 16 2 1 1 3797 3581 3332 3559 13702 14866 13867 14444
4784 16 2 1 1 1578 1403 949 1253 10386 14863 12744 11482
4785 16 2 1 1 1231 1069 687 909 11519 14861 14836 12735
4786 16 2 1 1 1905 1549 1278 1606 10602 11087 14363 9317
4787 16 2 1 1 2480 2178 1933 2260 9175 14776 9295 14760
4788 16 2 1 1 2379 2606 2894 2661 14867 14230 14868 14052
4789 16 2 1 1 3844 3673 3449 3725 7888 8414 14669 8095
4790 16 2 1 1 518 519 649 926 568 14869 14870 14871
4791 16 2 1 1 1876 2039 2209 1877 13181 7542 14872 13480
4792 16 2 1 1 4014 3905 3602 3794 14873 7649 14874 14875
4793 16 2 1 1 2474 2257 1914 2181 13808 14876 14777 14619
4794 16 2 1 1 3431 3234 2940 3173 13776 7289 14877 14520
4795 16 2 1 1 4119 4019 3726 3910 14195 14878 14058 7832
4796 16 2 1 1 3947 3971 3784 3869 12281 14731 14542 12336
4797 16 2 1 1 4967 4810 4712 4800 7095 6874 14846 14793
4798 16 2 1 1 5222 5199 5073 5131 14026 13996 9962 14016
4799 16 2 1 1 1251 1075 683 901 11311 14757 14585 14879
4800 16 2 1 1 4012 3798 3605 3843 14670 14348 7626 14408
4801 16 2 1 1 3551 3429 3097 3307 14880 14881 14705 14740
4802 16 2 1 1 3558 3359 3171 3302 14882 14883 14884 14885
4803 16 2 1 1 5400 5338 5234 5273 14768 14886 14306 14728
4804 16 2 1 1 5135 5271 5282 5336 13281 14242 14477 14060
4805 16 2 1 1 1253 904 761 987 12743 14630 14887 11480
4806 16 2 1 1 1233 987 761 910 14745 14887 14631 12752
4807 16 2 1 1 5055 4967 4888 4976 7094 14794 7082 14849
4808 16 2 1 1 5131 5265 5335 5287 9961 14580 14389 14013
4809 16 2 1 1 1577 1315 960 1230 14821 14075 14733 11600
4810 16 2 1 1 1735 1644 1294 1586 8733 14344 9914 9017
4811 16 2 1 1 758 606 788 1066 14888 14889 14105 14234
4812 16 2 1 1 1560 1551 1108 1392 14890 13915 14891 14892
4813 16 2 1 1 1251 901 640 942 14879 14082 14809 14830
4814 16 2 1 1 1570 1386 990 1256 14893 14894 14895 9332
4815 16 2 1 1 5445 5407 5338 5417 6885 14896 14767 5506
4816 16 2 1 1 3866 4001 4221 4044 13348 13908 12793 13841
4817 16 2 1 1 5268 5120 4983 5186 14655 14647 14897 9895
4818 16 2 1 1 3786 3557 3360 3681 14818 14898 14899 13977
4819 16 2 1 1 3785 3679 3404 3562 14010 14900 13777 7706
4820 16 2 1 1 1068 822 1144 1393 14901 14406 13753 14288
4821 16 2 1 1 2395 2340 2172 2477 9897 14514 14417 14902
4822 16 2 1 1 3309 3180 2929 3199 8594 7721 14903 14004
4823 16 2 1 1 4353 4472 4709 4553 14042 14354 14127 7018
4824 16 2 1 1 2917 2773 2517 2915 14790 8776 8617 14840
4825 16 2 1 1 3550 3446 3081 3320 13921 14904 13916 8410
4826 16 2 1 1 5273 5163 5078 5137 14305 6914 14742 14729
4827 16 2 1 1 1236 913 764 982 14810 14608 12714 14864
4828 16 2 1 1 3099 3176 3370 3193 14714 14905 14906 9643
4829 16 2 1 1 3064 3293 3505 3432 13083 13830 14907 11936
4830 16 2 1 1 4152 4324 4522 4372 14858 14296 13962 8398
4831 16 2 1 1 5072 4977 4811 4910 7370 14908 7563 12758
4832 16 2 1 1 2964 3061 3312 3182 8475 14909 8205 14112
4833 16 2 1 1 2903 3038 3321 3111 14910 14911 14912 6516
4834 16 2 1 1 4557 4576 4391 4527 14215 14432 14319 13160
4835 16 2 1 1 5204 5121 5051 5129 7308 6798 7022 6666
4836 16 2 1 1 2760 2622 2258 2476 13759 14913 13607 14914
4837 16 2 1 1 4117 3900 3694 4009 14166 13651 6395 7986
4838 16 2 1 1 2523 2395 2477 2763 14095 14902 14177 7994
4839 16 2 1 1 2511 2555 2855 2653 5692 5913 13105 9825
4840 16 2 1 1 4537 4434 4137 4340 14693 7322 7531 7287
4841 16 2 1 1 1388 1063 936 1262 12708 13565 14915 10424
4842 16 2 1 1 4430 4530 4332 4333 14755 14624 7361 14452
4843 16 2 1 1 2136 1620 1894 1950 9335 14916 14917 6238
4844 16 2 1 1 2401 2638 2899 2749 14009 7664 9569 14918
4845 16 2 1 1 2813 2653 3125 3031 9826 13104 14754 10768
4846 16 2 1 1 5328 5182 5058 5207 11941 14239 14723 12140
4847 16 2 1 1 4122 4230 3991 4015 14546 14658 7464 14029
4848 16 2 1 1 1722 1470 1107 1408 14668 14382 11547 11812
4849 16 2 1 1 2747 2557 2461 2614 14418 13947 14301 13436
4850 16 2 1 1 1116 1339 1742 1482 14919 14920 14921 7141
4851 16 2 1 1 2974 2902 2742 2944 13212 14922 14923 12678
4852 16 2 1 1 5429 5402 5288 5354 13663 14436 8159 7351
4853 16 2 1 1 4341 4224 4062 4147 6121 6416 6142 6330
4854 16 2 1 1 4139 4363 4525 4318 14134 9620 14385 14500
4855 16 2 1 1 2752 2490 2266 2611 9025 14592 10923 8213
4856 16 2 1 1 3302 3171 2896 3033 14884 14924 14925 14838
4857 16 2 1 1 3580 3783 4011 3825 14926 14339 14927 7282
4858 16 2 1 1 3030 2840 2518 2746 5874 14928 14843 13827
4859 16 2 1 1 2329 2175 1878 2034 13479 7739 14929 14414
4860 16 2 1 1 2075 2393 2558 2319 12116 12771 12558 12179
4861 16 2 1 1 2941 3169 3430 3235 14930 14255 14225 10008
4862 16 2 1 1 4804 4626 4524 4712 14931 14932 14847 6873
4863 16 2 1 1 3331 3480 3783 3580 13741 14325 14926 14791
4864 16 2 1 1 4135 3920 3905 4014 7533 7520 14873 7432
4865 16 2 1 1 2830 2970 3243 3176 14933 5597 14934 14715
4866 16 2 1 1 3799 3842 4115 3938 14020 14368 14857 14574
4867 16 2 1 1 1556 1232 959 1398 14935 12687 14936 14937
4868 16 2 1 1 5407 5342 5234 5338 14533 6852 14886 14896
4869 16 2 1 1 1714 1889 2203 2056 10286 9259 14663 14938
4870 16 2 1 1 1576 1398 959 1248 14939 14936 14786 12786
4871 16 2 1 1 2911 2769 2506 2789 14107 14940 14404 7719
4872 16 2 1 1 4804 4648 4442 4626 14548 7733 14427 14931
4873 16 2 1 1 1882 1715 1398 1576 14941 14942 14939 11414
4874 16 2 1 1 2034 1878 1554 1716 14929 14943 14944 13832
4875 16 2 1 1 3597 3628 3432 3505 5990 14845 14907 11424
4876 16 2 1 1 3794 3602 3429 3551 14874 14945 14880 14946
4877 16 2 1 1 4621 4524 4242 4435 14848 14947 14490 7196
4878 16 2 1 1 3825 4011 4222 4059 14927 14326 13879 14575
4879 16 2 1 1 215 918 665 214 14948 14949 14307 264
4880 16 2 1 1 1323 1322 1655 1498 7377 7639 12232 8556
4881 16 2 1 1 1720 1811 2208 2029 14950 7392 6871 12849
4882 16 2 1 1 2274 2176 1827 1983 13724 14077 14717 5903
4883 16 2 1 1 3193 3370 3616 3549 14906 5605 14951 14486
4884 16 2 1 1 2089 2322 2606 2379 12185 14379 14867 14223
4885 16 2 1 1 1255 952 688 924 14952 11297 14264 13857
4886 16 2 1 1 1728 1316 1123 1446 14479 14953 14954 8734
4887 16 2 1 1 2977 2948 2645 2893 13898 14381 14751 7296
4888 16 2 1 1 661 1079 1067 757 12866 13750 12881 14955
4889 16 2 1 1 4129 4026 3821 4063 6439 6536 14697 6413
4890 16 2 1 1 4028 3826 3584 3807 7515 14956 7863 14358
4891 16 2 1 1 4757 4664 4538 4726 14115 14687 14826 14275
4892 16 2 1 1 1984 1923 1902 1762 14957 13549 14958 14079
4893 16 2 1 1 3789 3677 3359 3558 14802 7643 14882 14959
4894 16 2 1 1 4014 3794 3584 3826 14875 14960 14956 7429
4895 16 2 1 1 808 1080 1131 1266 14961 14962 14963 14964
4896 16 2 1 1 4391 4392 4174 4296 14431 14503 14378 14320
4897 16 2 1 1 5019 4966 4822 4992 8071 13544 14803 12671
4898 16 2 1 1 1560 1752 2060 1811 14965 14966 7393 14967
4899 16 2 1 1 2661 2894 3169 2941 14868 14366 14930 14351
4900 16 2 1 1 2929 3106 3435 3199 13829 14395 13740 14903
4901 16 2 1 1 3807 3567 3365 3658 7862 14968 7827 14359
4902 16 2 1 1 4121 4010 3692 3918 14824 14969 14801 7522
4903 16 2 1 1 1471 1641 2033 1781 14549 14438 12187 14244
4904 16 2 1 1 221 222 664 916 271 14228 12510 14970
4905 16 2 1 1 1551 1560 1811 1720 14890 14967 14950 12895
4906 16 2 1 1 1964 1875 1644 1764 14813 14345 8732 14198
4907 16 2 1 1 1162 1487 1648 1410 8462 7969 14971 9516
4908 16 2 1 1 4521 4368 4475 4633 13253 7232 6214 13357
4909 16 2 1 1 2470 2184 1925 2258 14972 6743 13608 14973
4910 16 2 1 1 1556 1421 1071 1232 10288 14974 14787 14935
4911 16 2 1 1 1614 1891 2055 1770 14975 14976 14977 14978
4912 16 2 1 1 3069 3437 3448 3321 14979 6572 14980 14981
4913 16 2 1 1 14 755 902 13 13031 14828 14982 113
4914 16 2 1 1 4767 4715 4547 4747 8374 13501 14792 13546
4915 16 2 1 1 3033 2896 2500 2750 14925 14983 14814 14811
4916 16 2 1 1 5007 4969 4826 4994 13731 7553 14721 13918
4917 16 2 1 1 37 662 751 36 13957 14984 14332 136
4918 16 2 1 1 1889 1556 1398 1715 10285 14937 14942 9257
4919 16 2 1 1 3676 3560 3439 3556 7826 14156 14985 14346
4920 16 2 1 1 2761 2474 2216 2500 13809 14622 14815 14986
4921 16 2 1 1 1235 1074 771 916 14987 14988 14989 12513
4922 16 2 1 1 3555 3310 3171 3359 8342 14990 14883 7642
4923 16 2 1 1 2076 2337 2483 2235 14991 14992 14993 14994
4924 16 2 1 1 3558 3302 3097 3429 14885 14839 14881 14995
4925 16 2 1 1 4626 4428 4242 4524 14430 7098 14947 14932
4926 16 2 1 1 2485 2201 1924 2226 11118 9315 14475 14996
4927 16 2 1 1 2895 2742 2366 2624 14997 14998 13291 13271
4928 16 2 1 1 3738 3714 3498 3672 14498 6485 13509 14091
4929 16 2 1 1 5013 4937 4811 4977 14170 14274 14908 14240
4930 16 2 1 1 2776 2919 3173 2940 13897 8152 14877 14999
4931 16 2 1 1 4343 4527 4266 4141 13157 14318 10854 13498
4932 16 2 1 1 2769 2485 2226 2506 13064 14996 14507 14940
4933 16 2 1 1 3552 3437 3069 3311 13952 14979 6166 15000
4934 16 2 1 1 3567 3319 3136 3365 7990 8145 8076 14968
4935 16 2 1 1 5103 4983 4812 4965 15001 14646 14146 14023
4936 16 2 1 1 1416 1131 1080 1238 14465 14962 15002 15003
4937 16 2 1 1 2682 2629 2469 2771 13381 7354 14096 7000
4938 16 2 1 1 3789 3558 3429 3602 14959 14995 14945 7648
4939 16 2 1 1 3790 3571 3691 3787 15004 6574 15005 6534
4940 16 2 1 1 1923 1984 2330 2070 14957 14684 14772 7250
4941 16 2 1 1 4123 3906 3692 4010 14510 7457 14969 7219
4942 16 2 1 1 1779 2088 2325 1962 14613 13518 14416 14473
4943 16 2 1 1 2473 2271 2688 2559 9739 13287 13276 15006
4944 16 2 1 1 1449 1763 2058 1731 15007 7084 15008 15009
4945 16 2 1 1 1399 981 1073 1240 12047 14594 14372 13965
4946 16 2 1 1 5135 5186 4983 5103 14059 14897 15001 13282
4947 16 2 1 1 5217 5336 5361 5358 14061 14476 5475 14606
4948 16 2 1 1 2619 2559 2842 2678 15010 13275 15011 14090
4949 16 2 1 1 917 20 21 765 15012 120 15013 11060
4950 16 2 1 1 2043 2186 2490 2265 15014 14593 9027 8111
4951 16 2 1 1 4532 4566 4805 4716 13961 14369 13932 9507
4952 16 2 1 1 751 662 822 1068 14984 14518 14901 14390
4953 16 2 1 1 3790 3589 3333 3571 5635 6419 15015 15004
4954 16 2 1 1 3552 3311 3100 3345 15000 14293 15016 6495
4955 16 2 1 1 991 915 618 802 12760 13823 15017 15018
4956 16 2 1 1 1884 1581 1745 1883 8817 8433 14439 14572
4957 16 2 1 1 1900 1805 2182 1946 15019 14562 9737 15020
4958 16 2 1 1 2397 2107 1914 2257 14488 14854 14876 14505
4959 16 2 1 1 39 40 605 756 139 14282 14516 14411
4960 16 2 1 1 48 606 758 47 14527 14888 14525 147
4961 16 2 1 1 4266 4296 4067 4185 14317 14377 14566 10855
4962 16 2 1 1 2943 2970 2678 2842 5594 15021 15011 10770
4963 16 2 1 1 3919 3787 3691 3610 14686 15005 13953 6486
4964 16 2 1 1 914 249 250 653 13143 299 15022 13566
4965 16 2 1 1 1600 1916 2187 1885 14589 14335 14442 14312
4966 16 2 1 1 3554 3306 3305 3333 15023 15024 15025 6418
4967 16 2 1 1 2358 2481 2759 2503 13098 14088 7951 10495
4968 16 2 1 1 3557 3556 3439 3312 14817 14985 8206 15026
4969 16 2 1 1 4734 4885 4711 4543 13117 14136 14205 13422
4970 16 2 1 1 2401 2749 2516 2224 14918 15027 15028 14003
4971 16 2 1 1 3310 3040 2896 3171 14539 15029 14924 14990
4972 16 2 1 1 4809 4725 4554 4743 8089 7056 13873 6834
4973 16 2 1 1 45 661 757 44 14185 14955 14524 144
4974 16 2 1 1 4181 4016 3816 4038 8699 14529 14841 5800
4975 16 2 1 1 916 771 220 221 14989 15030 270 14970
4976 16 2 1 1 2342 2261 2619 2481 13859 15031 14089 13100
4977 16 2 1 1 3339 3370 3176 3243 5602 14905 14934 11938
4978 16 2 1 1 1445 1714 2056 1903 15032 14938 13494 15033
4979 16 2 1 1 1131 1281 1491 1266 14466 8717 7261 14963
4980 16 2 1 1 2073 2468 2227 2195 14759 15034 15035 13614
4981 16 2 1 1 22 23 660 749 122 14252 12681 15036
4982 16 2 1 1 1254 988 664 919 9916 12511 14227 11299
4983 16 2 1 1 2182 2116 2411 2271 14561 5698 13288 9738
4984 16 2 1 1 1072 1410 1558 1237 9517 15037 15038 14829
4985 16 2 1 1 2547 2800 3032 2680 8540 14636 14761 14506
4986 16 2 1 1 4033 4185 3822 3971 10852 14565 14732 12284
4987 16 2 1 1 1256 990 665 918 14895 15039 14949 11359
4988 16 2 1 1 2468 2743 2509 2227 14650 12375 15040 15034
4989 16 2 1 1 4124 3908 3726 4019 13446 8308 14878 14615
4990 16 2 1 1 4743 4877 4975 4841 13872 12221 12304 6835
4991 16 2 1 1 2804 2993 2551 2706 6217 14443 6727 14555
4992 16 2 1 1 3794 3551 3322 3584 14946 14741 7864 14960
4993 16 2 1 1 2400 2267 1936 2197 13642 7402 13883 12452
4994 16 2 1 1 2901 2608 2394 2659 14652 14203 14468 7744
4995 16 2 1 1 3220 3427 3670 3496 14781 14450 8438 5707
4996 16 2 1 1 1416 1238 990 1386 15003 15041 14894 8431
4997 16 2 1 1 4067 4070 3903 3960 14376 14482 14773 14567
4998 16 2 1 1 3040 2761 2500 2896 8538 14986 14983 15029
4999 16 2 1 1 4824 4926 4993 5126 13165 6132 6148 5459
5000 16 2 1 1 2336 2087 1913 2047 15042 15043 6547 15044
5001 16 2 1 1 2071 2364 2639 2354 6397 6857 15045 7086
5002 16 2 1 1 3559 3434 3404 3679 13866 7102 14900 14445
5003 16 2 1 1 2061 1750 1727 1768 14176 15046 12851 10994
5004 16 2 1 1 1823 1632 2192 2042 12439 15047 13861 9684
5005 16 2 1 1 1716 1554 1227 1400 14944 15048 15049 14362
5006 16 2 1 1 2332 2196 1768 2041 15050 10995 12850 14855
5007 16 2 1 1 3481 3298 3081 3446 7768 9048 14904 8516
5008 16 2 1 1 915 770 217 218 12763 15051 267 13824
5009 16 2 1 1 788 998 1392 1108 15052 15053 14891 14106
5010 16 2 1 1 1009 1010 1409 1221 13744 15054 13284 11255
5011 16 2 1 1 4226 4431 4424 4336 14833 7789 14602 14616
5012 16 2 1 1 1746 1583 1234 1411 15055 15056 15057 15058
5013 16 2 1 1 1392 1390 1752 1560 15059 15060 14965 14892
5014 16 2 1 1 2196 2332 2495 2399 15050 15061 10173 9011
5015 16 2 1 1 1454 1128 1423 1749 14235 15062 15063 15064
5016 16 2 1 1 206 207 641 934 256 15065 8101 15066
5017 16 2 1 1 2475 2508 2778 2618 6285 14538 6300 15067
5018 16 2 1 1 3571 3333 3305 3448 15015 15025 15068 6575
5019 16 2 1 1 770 1257 961 690 12762 15069 11358 15070
5020 16 2 1 1 2266 2037 1782 2090 14591 14496 15071 10922
5021 16 2 1 1 2742 2895 3178 2944 14997 15072 9906 14923
5022 16 2 1 1 961 1257 1587 1296 15069 13302 15073 9331
5023 16 2 1 1 2907 2764 2522 2836 7383 15074 14674 6995
5024 16 2 1 1 3451 3681 3360 3438 7381 14899 15075 14485
5025 16 2 1 1 5435 5449 5412 5450 12563 6369 7782 9597
5026 16 2 1 1 5260 5160 5274 5340 9351 6150 9276 15076
5027 16 2 1 1 330 601 759 329 14690 14805 14422 429
5028 16 2 1 1 2793 3069 3321 3038 6167 14981 14911 6689
5029 16 2 1 1 5329 5260 5340 5406 10120 15076 10338 15077
5030 16 2 1 1 3554 3441 3080 3306 5673 15078 15079 15023
5031 16 2 1 1 918 215 216 690 14948 265 15080 11357
5032 16 2 1 1 1128 1077 1088 1423 14213 15081 15082 15062
5033 16 2 1 1 1758 2029 2351 2174 12847 6870 6955 13987
5034 16 2 1 1 1386 1570 1904 1745 14893 8695 14440 8432
5035 16 2 1 1 3961 3904 3702 3942 12564 13948 8563 5888
5036 16 2 1 1 5397 5329 5406 5436 10554 15077 13580 11342
5037 16 2 1 1 1316 991 802 1123 13300 15018 15083 14953
5038 16 2 1 1 1565 1401 1074 1235 14696 15084 14987 15085
5039 16 2 1 1 1782 2054 2344 2090 14667 14753 9372 15071
5040 16 2 1 1 1918 2042 2342 2067 9685 13860 13099 13991
5041 16 2 1 1 2756 2755 2497 2617 7728 6283 15086 13389
5042 16 2 1 1 922 318 319 769 15087 418 15088 8523
5043 16 2 1 1 324 325 685 760 424 13911 15089 14785
5044 16 2 1 1 3175 3029 2648 2910 14780 15090 13761 14068
5045 16 2 1 1 3177 2899 2776 2940 9566 7663 14999 7288
5046 16 2 1 1 4031 4274 4429 4225 14598 14612 14832 8026
5047 16 2 1 1 3792 3548 3332 3581 14000 11998 14866 14659
5048 16 2 1 1 2757 2495 2227 2509 10170 15091 15040 14316
5049 16 2 1 1 1400 1227 801 1092 15049 15092 13905 9181
5050 16 2 1 1 2495 2332 2195 2227 15061 14856 15035 15091
5051 16 2 1 1 2759 2678 2970 2830 14087 15021 14933 7952
5052 16 2 1 1 3306 3049 3111 3305 15093 6517 15094 15024
5053 16 2 1 1 729 641 207 208 15095 15065 257 13180
5054 16 2 1 1 1238 921 665 990 15096 14308 15039 15041
5055 16 2 1 1 1318 1443 1650 1574 6225 15097 15098 15099
5056 16 2 1 1 348 684 766 347 14634 15100 14850 447
5057 16 2 1 1 2470 2333 2031 2184 13289 15101 15102 14972
5058 16 2 1 1 3044 2768 2767 2807 14672 15103 15104 15105
5059 16 2 1 1 3188 3052 2797 3108 12291 6956 14181 6685
5060 16 2 1 1 3671 3424 3202 3492 8980 12578 14367 6944
5061 16 2 1 1 1767 1454 1749 2057 13434 15064 15106 7149
5062 16 2 1 1 834 612 524 525 15107 14521 574 8382
5063 16 2 1 1 3042 2834 2508 2755 14641 14536 6284 7731
5064 16 2 1 1 1070 787 1106 1380 15108 8477 10399 14639
5065 16 2 1 1 12 13 902 631 112 14982 15109 15110
5066 16 2 1 1 3038 2903 2630 2779 14910 6538 15111 6690
5067 16 2 1 1 3819 4008 4239 4046 10709 14143 12024 6610
5068 16 2 1 1 318 922 622 317 15087 15112 15113 417
5069 16 2 1 1 4373 4338 4337 4534 11962 6568 13924 8004
5070 16 2 1 1 333 686 762 332 14795 14031 14187 432
5071 16 2 1 1 3190 3056 2838 3110 9924 8017 12437 7440
5072 16 2 1 1 998 1268 1390 1392 13591 7036 15059 15053
5073 16 2 1 1 685 1071 1084 760 14788 15114 12808 15089
5074 16 2 1 1 3239 3185 3080 3441 12192 15115 15078 6289
5075 16 2 1 1 1389 1559 1659 1311 10947 14364 5840 10721
5076 16 2 1 1 1123 1401 1718 1446 15116 14695 12431 14954
5077 16 2 1 1 1565 1235 988 1294 15085 12512 9915 14343
5078 16 2 1 1 4027 3806 3619 3819 13243 6942 10710 6609
5079 16 2 1 1 3247 3178 3029 3220 9903 15117 14782 5710
5080 16 2 1 1 2617 2497 2087 2336 15086 15118 15042 15119
5081 16 2 1 1 4064 4023 3828 4128 6768 8193 14271 13188
5082 16 2 1 1 2076 2235 2439 2194 14994 15120 15121 15122
5083 16 2 1 1 917 624 19 20 13904 15123 119 15012
5084 16 2 1 1 1427 1101 808 1266 15124 15125 14964 7260
5085 16 2 1 1 2683 2616 2399 2635 7586 9012 10172 8015
5086 16 2 1 1 2183 2038 1615 1884 13758 7774 8818 14571
5087 16 2 1 1 2057 1749 1554 1878 15106 15126 14943 7738
5088 16 2 1 1 3366 3168 2933 3292 7224 13714 14573 8992
5089 16 2 1 1 11 778 931 10 15127 15128 15129 110
5090 16 2 1 1 684 787 1070 766 15130 15108 12750 15100
5091 16 2 1 1 3380 3345 3100 3304 13508 15016 14640 13540
5092 16 2 1 1 2341 2191 2031 2333 13307 15131 15101 13320
5093 16 2 1 1 3185 3044 2807 3080 14823 15105 15132 15115
5094 16 2 1 1 929 768 209 210 11418 13179 259 15133
5095 16 2 1 1 1133 1428 1589 1283 15134 7504 15135 15136
5096 16 2 1 1 919 223 224 688 14226 273 14265 11296
5097 16 2 1 1 920 773 522 523 15137 14681 572 14523
5098 16 2 1 1 3049 2807 2767 2914 15138 15104 15139 6518
5099 16 2 1 1 3306 3080 2807 3049 15079 15132 15138 15093
5100 16 2 1 1 1077 892 772 1088 14334 15140 12904 15081
5101 16 2 1 1 1827 1762 1742 1646 14076 15141 15142 14718
5102 16 2 1 1 1421 1714 1445 1119 10287 15032 15143 15144
5103 16 2 1 1 1650 1756 1429 1574 6549 15145 15146 15098
5104 16 2 1 1 1614 1770 2051 1743 14978 15147 15148 15149
5105 16 2 1 1 1238 1080 774 921 15002 15150 15151 15096
5106 16 2 1 1 322 615 763 321 14797 12587 15152 421
5107 16 2 1 1 2046 1763 1449 1744 15153 15007 15154 15155
5108 16 2 1 1 946 1175 1579 1339 15156 15157 15158 15159
5109 16 2 1 1 3712 3732 3549 3616 5609 14765 14951 12390
5110 16 2 1 1 4781 4663 4721 4891 5541 6595 13584 11747
5111 16 2 1 1 921 774 212 213 15151 15160 262 14309
5112 16 2 1 1 21 22 749 765 121 15036 13685 15013
5113 16 2 1 1 3618 3425 3205 3462 14374 13445 14497 13617
5114 16 2 1 1 1086 1237 1558 1402 15161 15038 13324 15162
5115 16 2 1 1 894 316 317 622 8726 416 15113 15163
5116 16 2 1 1 923 775 520 521 9103 15164 570 14683
5117 16 2 1 1 2051 2194 2252 1950 15165 15166 6235 15167
5118 16 2 1 1 3557 3312 3061 3360 15026 14909 15168 14898
5119 16 2 1 1 5076 5052 5005 5201 9239 6614 13470 13225
5120 16 2 1 1 1571 1743 1894 1488 15169 15170 15171 15172
5121 16 2 1 1 1586 1254 952 1347 9913 11298 15173 9014
5122 16 2 1 1 2760 2476 2224 2516 14914 6896 15028 15174
5123 16 2 1 1 18 772 892 17 15175 15140 11680 117
5124 16 2 1 1 1348 1347 952 1255 13226 15173 14952 11257
5125 16 2 1 1 3448 3305 3111 3321 15068 15094 14912 14980
5126 16 2 1 1 2489 2309 2202 2339 15176 6844 15177 6764
5127 16 2 1 1 618 771 1074 802 15178 14988 15179 15017
5128 16 2 1 1 2186 2043 1715 1882 15014 9258 14941 9801
5129 16 2 1 1 929 210 211 632 15133 260 15180 15181
5130 16 2 1 1 12 631 778 11 15110 15182 15127 111
5131 16 2 1 1 838 700 226 227 13746 15183 276 11018
5132 16 2 1 1 631 1086 813 778 15184 15185 15186 15182
5133 16 2 1 1 1339 1116 1095 946 14919 14558 15187 15159
5134 16 2 1 1 924 225 226 700 14263 275 15183 13858
5135 16 2 1 1 2337 2076 1770 2055 14991 15188 14977 6846
5136 16 2 1 1 2768 2483 2626 2767 15189 15190 15191 15103
5137 16 2 1 1 729 823 1000 641 13017 8028 8102 15095
5138 16 2 1 1 1071 1421 1119 1084 14974 15144 9592 15114
5139 16 2 1 1 2628 2484 2238 2518 8295 7033 14844 15192
5140 16 2 1 1 1146 997 1101 1427 14744 11420 15124 7981
5141 16 2 1 1 2191 1895 1609 2031 15193 7024 15194 15131
5142 16 2 1 1 927 516 517 776 15195 566 15196 15197
5143 16 2 1 1 926 776 517 518 12417 15196 567 14871
5144 16 2 1 1 2639 2488 2112 2354 15198 6763 15199 15045
5145 16 2 1 1 1646 1742 1339 1579 15142 14920 15158 12467
5146 16 2 1 1 1074 1401 1123 802 15084 15116 15083 15179
5147 16 2 1 1 1749 1423 1227 1554 15063 15200 15048 15126
5148 16 2 1 1 220 771 618 219 15030 15178 13822 269
5149 16 2 1 1 1428 1133 1090 1249 15134 13458 15201 15202
5150 16 2 1 1 320 321 763 767 420 15152 14583 15203
5151 16 2 1 1 1583 1746 2045 1812 15055 15204 13687 7180
5152 16 2 1 1 1500 1473 1900 1632 14798 15205 15206 12438
5153 16 2 1 1 2758 2626 2309 2489 15207 15208 15176 6613
5154 16 2 1 1 2749 3024 2831 2516 9568 13368 15209 15027
5155 16 2 1 1 2184 2031 1609 1911 15102 15194 13601 6744
5156 16 2 1 1 833 705 1239 1014 6628 10181 13057 11970
5157 16 2 1 1 1138 1284 1509 1170 12106 13199 12289 12615
5158 16 2 1 1 2768 2522 2235 2483 14671 15210 14993 15189
5159 16 2 1 1 1737 1558 1410 1648 13325 15037 14971 7373
5160 16 2 1 1 2336 2047 1780 2188 15044 15211 10846 15212
5161 16 2 1 1 2483 2337 2309 2626 14992 6845 15208 15190
5162 16 2 1 1 2910 2760 2516 2831 13760 15174 15209 14069
5163 16 2 1 1 1423 1088 801 1227 15082 12903 15092 15200
5164 16 2 1 1 816 1170 1330 1003 12613 12288 6489 6542
5165 16 2 1 1 1237 1086 631 902 15161 15184 15109 14827
5166 16 2 1 1 1746 1411 1119 1445 15058 9593 15143 15213
5167 16 2 1 1 1094 926 649 800 12415 14870 15214 15215
5168 16 2 1 1 652 933 1103 940 15216 15217 15218 7761
5169 16 2 1 1 2709 2628 2518 2840 6048 15192 14928 6259
5170 16 2 1 1 1133 1283 1571 1247 15136 15219 15220 13459
5171 16 2 1 1 1148 1434 1719 1492 14055 7566 13197 6578
5172 16 2 1 1 927 621 515 516 15221 14859 565 15195
5173 16 2 1 1 2354 2112 1810 2058 15199 6936 15222 7087
5174 16 2 1 1 3053 2918 2740 2969 5574 6651 14314 13091
5175 16 2 1 1 2552 2494 2323 2634 12540 7541 14656 6884
5176 16 2 1 1 2058 1810 1590 1731 15222 7198 8311 15008
5177 16 2 1 1 1762 1902 1482 1742 14958 15223 14921 15141
5178 16 2 1 1 2045 1746 1445 1903 15204 15213 15033 7134
5179 16 2 1 1 2063 1867 1755 1649 15224 15225 7966 7199
5180 16 2 1 1 3438 3360 3061 3308 15075 15168 8474 9645
5181 16 2 1 1 2624 2470 2258 2622 13290 14973 14913 13272
5182 16 2 1 1 2914 2767 2626 2758 15139 15191 15207 6539
5183 16 2 1 1 1946 2192 1632 1900 12986 15047 15206 15020
5184 16 2 1 1 2339 2202 1867 2063 15177 15226 15224 6937
5185 16 2 1 1 3057 2793 2777 2778 6168 6688 6301 14537
5186 16 2 1 1 778 813 1099 931 15186 8104 9940 15128
5187 16 2 1 1 217 770 690 216 15051 15070 15080 266
5188 16 2 1 1 1891 1589 1755 1867 15227 7503 15225 15228
5189 16 2 1 1 3178 2895 2648 3029 15072 13274 15090 15117
5190 16 2 1 1 695 668 1002 814 5942 6512 13334 8822
5191 16 2 1 1 1263 953 621 927 15229 10110 15221 15230
5192 16 2 1 1 1038 1262 936 937 11028 14915 10438 8267
5193 16 2 1 1 930 512 513 777 15231 562 15232 9831
5194 16 2 1 1 1376 1415 1062 1252 7880 12408 14736 12707
5195 16 2 1 1 2618 2348 2212 2475 6396 15233 15234 15067
5196 16 2 1 1 928 777 513 514 15235 15232 563 14860
5197 16 2 1 1 2404 2252 2194 2439 10404 15166 15121 6399
5198 16 2 1 1 2110 2062 1877 2209 11621 7968 14872 6981
5199 16 2 1 1 1263 927 776 1093 15230 15197 12416 15236
5200 16 2 1 1 320 767 769 319 15203 15237 15088 419
5201 16 2 1 1 2348 2046 1893 2212 15238 15239 15240 15233
5202 16 2 1 1 2055 1891 1867 2202 14976 15228 15226 6843
5203 16 2 1 1 1259 996 777 928 15241 9832 15235 10111
5204 16 2 1 1 2902 2607 2366 2742 14837 13321 14998 14922
5205 16 2 1 1 931 639 9 10 9943 15242 109 15129
5206 16 2 1 1 251 701 653 250 10273 10440 15022 300
5207 16 2 1 1 1891 1614 1283 1589 14975 15243 15135 15227
5208 16 2 1 1 1086 1402 1136 813 15162 11232 8105 15185
5209 16 2 1 1 1010 794 1220 1409 10166 14771 11742 15054
5210 16 2 1 1 1296 1587 1727 1750 15073 14480 15046 8693
5211 16 2 1 1 1431 1426 953 1263 8313 8503 15229 15244
5212 16 2 1 1 2779 2630 2488 2639 15111 6612 15198 6858
5213 16 2 1 1 1950 1894 1743 2051 14917 15170 15148 15167
5214 16 2 1 1 2046 1744 1585 1893 15155 15245 6930 15239
5215 16 2 1 1 2014 1683 1482 1902 8018 7142 15223 13550
5216 16 2 1 1 930 781 511 512 15246 15247 561 15231
5217 16 2 1 1 811 1247 1430 999 13460 15248 15249 15250
5218 16 2 1 1 998 788 606 932 15052 14889 14526 13592
5219 16 2 1 1 684 911 1100 787 14633 15251 8478 15130
5220 16 2 1 1 911 602 994 1100 14852 15252 10299 15251
5221 16 2 1 1 2188 2445 2617 2336 15253 13390 15119 15212
5222 16 2 1 1 938 509 510 629 15254 559 15255 15256
5223 16 2 1 1 1081 1264 1574 1429 9101 15257 15146 13719
5224 16 2 1 1 1744 1449 1261 1420 15154 15258 10135 15259
5225 16 2 1 1 1569 1317 996 1259 7967 15260 15241 8505
5226 16 2 1 1 1101 929 632 808 11419 15181 15261 15125
5227 16 2 1 1 933 652 7 8 15216 15262 107 15263
5228 16 2 1 1 1731 1431 1261 1449 8310 15264 15258 15009
5229 16 2 1 1 1804 1717 1450 1895 8999 6423 7025 15265
5230 16 2 1 1 774 1080 808 632 15150 14961 15261 15266
5231 16 2 1 1 2764 2439 2235 2522 6400 15120 15210 15074
5232 16 2 1 1 1229 697 894 954 14808 8727 15267 10719
5233 16 2 1 1 1931 1804 1895 2191 12353 15265 15193 13306
5234 16 2 1 1 19 624 772 18 15123 12901 15175 118
5235 16 2 1 1 1649 1569 1426 1590 7965 8504 8312 7197
5236 16 2 1 1 933 8 9 639 15263 108 15242 15268
5237 16 2 1 1 1249 1090 781 930 15201 15269 15246 9834
5238 16 2 1 1 2194 2051 1770 2076 15165 15147 15188 15122
5239 16 2 1 1 1620 1284 1488 1894 13200 12109 15171 14916
5240 16 2 1 1 1411 1234 795 1085 15057 15270 14200 9594
5241 16 2 1 1 519 520 775 649 569 15164 15271 14869
5242 16 2 1 1 1901 1847 1564 1747 13517 11212 7882 10146
5243 16 2 1 1 212 774 632 211 15160 15266 15180 261
5244 16 2 1 1 2348 2071 1763 2046 6398 7085 15153 15238
5245 16 2 1 1 1729 1425 1234 1583 9709 15272 15056 7179
5246 16 2 1 1 1428 1249 996 1317 15202 9833 15260 7501
5247 16 2 1 1 1168 994 602 925 5808 15252 14853 10353
5248 16 2 1 1 1788 2060 1752 1647 12778 14966 15273 12853
5249 16 2 1 1 1425 1089 795 1234 15274 12589 15270 15272
5250 16 2 1 1 1319 1260 1076 1433 12889 8525 15275 6425
5251 16 2 1 1 1443 1780 2047 1650 8020 15211 6546 15097
5252 16 2 1 1 1414 1270 940 1103 5620 15276 15218 6994
5253 16 2 1 1 612 834 946 1095 15107 15277 15187 15278
5254 16 2 1 1 1647 1752 1390 1591 15273 15060 7038 12368
5255 16 2 1 1 2559 2619 2261 2473 15010 15031 12984 15006
5256 16 2 1 1 1420 1094 800 1122 10134 15215 13721 15279
5257 16 2 1 1 1292 1579 1175 1014 12468 15157 11971 13056
5258 16 2 1 1 55 779 935 54 9265 11197 15280 154
5259 16 2 1 1 1488 1430 1247 1571 12108 15248 15220 15172
5260 16 2 1 1 2497 2475 2212 2087 6286 15234 15281 15118
5261 16 2 1 1 2299 2445 2188 2200 12358 15253 10845 7252
5262 16 2 1 1 1805 1900 1473 1732 15019 15205 8790 13323
5263 16 2 1 1 1089 1425 1145 826 15274 9711 15282 14581
5264 16 2 1 1 935 655 53 54 11633 15283 153 15280
5265 16 2 1 1 1743 1571 1283 1614 15169 15219 15243 15149
5266 16 2 1 1 1431 1263 1093 1261 15244 15236 10136 15264
5267 16 2 1 1 2087 2212 1893 1913 15281 15240 6929 15043
5268 16 2 1 1 767 826 1076 769 14582 15284 8524 15237
5269 16 2 1 1 1103 933 639 1098 15217 15268 9942 6992
5270 16 2 1 1 932 49 50 783 14528 149 15285 13589
5271 16 2 1 1 315 697 842 314 8728 14807 6730 414
5272 16 2 1 1 1744 1420 1122 1585 15259 15279 15286 15245
5273 16 2 1 1 511 781 629 510 15247 15287 15255 560
5274 16 2 1 1 962 1268 783 692 7037 13590 15288 7210
5275 16 2 1 1 1082 1318 1574 1264 15289 15099 15257 15290
5276 16 2 1 1 784 204 205 696 7596 254 15291 5958
5277 16 2 1 1 775 1081 800 649 9102 13722 15214 15271
5278 16 2 1 1 785 5 6 694 15292 105 15293 5848
5279 16 2 1 1 1138 1104 999 1430 12614 7947 15249 12107
5280 16 2 1 1 781 1090 811 629 15269 13457 15294 15287
5281 16 2 1 1 934 696 205 206 13842 15291 255 15066
5282 16 2 1 1 1756 1585 1122 1429 6931 15286 13720 15145
5283 16 2 1 1 939 692 51 52 7211 15295 151 15296
5284 16 2 1 1 1175 946 834 689 15156 15277 8381 11972
5285 16 2 1 1 1017 941 940 1270 6479 7762 15276 5644
5286 16 2 1 1 1433 1076 826 1145 15275 15284 15282 7263
5287 16 2 1 1 999 938 629 811 7946 15256 15294 15250
5288 16 2 1 1 1267 1082 773 920 15297 15298 15137 15299
5289 16 2 1 1 1264 923 773 1082 9100 14682 15298 15290
5290 16 2 1 1 1432 1318 1082 1267 6226 15289 15297 14559
5291 16 2 1 1 7 652 694 6 15262 7760 15293 106
5292 16 2 1 1 1260 1102 622 922 12888 15300 15112 8526
5293 16 2 1 1 52 53 655 939 152 15283 12134 15296
5294 16 2 1 1 51 692 783 50 15295 15288 15285 150
5295 16 2 1 1 550 1 5 785 600 104 15292 8826
5296 16 2 1 1 954 894 622 1102 15267 15163 15300 10895
5297 16 2 1 1 1267 920 612 1095 15299 14522 15278 14560
5298 16 2 1 1 938 780 508 509 7945 15301 558 15254
5299 16 2 1 1 5346 5430 5447 5448 14590 13661 12251 7320
5300 16 2 1 1 507 508 780 698 557 15301 12343 6155
$EndElements
