# vtk DataFile Version 3.0 
Unstructured Grid 
ASCII 
DATASET UNSTRUCTURED_GRID
POINTS 7701 float 
0 0 0  
1 0 0  
1 1 0  
0 1 0  
0.02 0 0  
0.04 0 0  
0.06 0 0  
0.08 0 0  
0.1 0 0  
0.12 0 0  
0.14 0 0  
0.16 0 0  
0.18 0 0  
0.2 0 0  
0.22 0 0  
0.24 0 0  
0.26 0 0  
0.28 0 0  
0.3 0 0  
0.32 0 0  
0.34 0 0  
0.36 0 0  
0.38 0 0  
0.4 0 0  
0.42 0 0  
0.44 0 0  
0.46 0 0  
0.48 0 0  
0.5 0 0  
0.52 0 0  
0.54 0 0  
0.56 0 0  
0.58 0 0  
0.6 0 0  
0.62 0 0  
0.64 0 0  
0.66 0 0  
0.68 0 0  
0.7 0 0  
0.72 0 0  
0.74 0 0  
0.76 0 0  
0.78 0 0  
0.8 0 0  
0.82 0 0  
0.84 0 0  
0.86 0 0  
0.88 0 0  
0.9 0 0  
0.92 0 0  
0.94 0 0  
0.96 0 0  
0.98 0 0  
0.01 0 0  
0.03 0 0  
0.05 0 0  
0.07 0 0  
0.09 0 0  
0.11 0 0  
0.13 0 0  
0.15 0 0  
0.17 0 0  
0.19 0 0  
0.21 0 0  
0.23 0 0  
0.25 0 0  
0.27 0 0  
0.29 0 0  
0.31 0 0  
0.33 0 0  
0.35 0 0  
0.37 0 0  
0.39 0 0  
0.41 0 0  
0.43 0 0  
0.45 0 0  
0.47 0 0  
0.49 0 0  
0.51 0 0  
0.53 0 0  
0.55 0 0  
0.57 0 0  
0.59 0 0  
0.61 0 0  
0.63 0 0  
0.65 0 0  
0.67 0 0  
0.69 0 0  
0.71 0 0  
0.73 0 0  
0.75 0 0  
0.77 0 0  
0.79 0 0  
0.81 0 0  
0.83 0 0  
0.85 0 0  
0.87 0 0  
0.89 0 0  
0.91 0 0  
0.93 0 0  
0.95 0 0  
0.97 0 0  
0.99 0 0  
1 0.02 0  
1 0.04 0  
1 0.06 0  
1 0.08 0  
1 0.1 0  
1 0.12 0  
1 0.14 0  
1 0.16 0  
1 0.18 0  
1 0.2 0  
1 0.22 0  
1 0.24 0  
1 0.26 0  
1 0.28 0  
1 0.3 0  
1 0.32 0  
1 0.34 0  
1 0.36 0  
1 0.38 0  
1 0.4 0  
1 0.42 0  
1 0.44 0  
1 0.46 0  
1 0.48 0  
1 0.5 0  
1 0.52 0  
1 0.54 0  
1 0.56 0  
1 0.58 0  
1 0.6 0  
1 0.62 0  
1 0.64 0  
1 0.66 0  
1 0.68 0  
1 0.7 0  
1 0.72 0  
1 0.74 0  
1 0.76 0  
1 0.78 0  
1 0.8 0  
1 0.82 0  
1 0.84 0  
1 0.86 0  
1 0.88 0  
1 0.9 0  
1 0.92 0  
1 0.94 0  
1 0.96 0  
1 0.98 0  
1 0.01 0  
1 0.03 0  
1 0.05 0  
1 0.07 0  
1 0.09 0  
1 0.11 0  
1 0.13 0  
1 0.15 0  
1 0.17 0  
1 0.19 0  
1 0.21 0  
1 0.23 0  
1 0.25 0  
1 0.27 0  
1 0.29 0  
1 0.31 0  
1 0.33 0  
1 0.35 0  
1 0.37 0  
1 0.39 0  
1 0.41 0  
1 0.43 0  
1 0.45 0  
1 0.47 0  
1 0.49 0  
1 0.51 0  
1 0.53 0  
1 0.55 0  
1 0.57 0  
1 0.59 0  
1 0.61 0  
1 0.63 0  
1 0.65 0  
1 0.67 0  
1 0.69 0  
1 0.71 0  
1 0.73 0  
1 0.75 0  
1 0.77 0  
1 0.79 0  
1 0.81 0  
1 0.83 0  
1 0.85 0  
1 0.87 0  
1 0.89 0  
1 0.91 0  
1 0.93 0  
1 0.95 0  
1 0.97 0  
1 0.99 0  
0.98 1 0  
0.96 1 0  
0.94 1 0  
0.92 1 0  
0.9 1 0  
0.88 1 0  
0.86 1 0  
0.84 1 0  
0.82 1 0  
0.8 1 0  
0.78 1 0  
0.76 1 0  
0.74 1 0  
0.72 1 0  
0.7 1 0  
0.68 1 0  
0.66 1 0  
0.64 1 0  
0.62 1 0  
0.6 1 0  
0.58 1 0  
0.56 1 0  
0.54 1 0  
0.52 1 0  
0.5 1 0  
0.48 1 0  
0.46 1 0  
0.44 1 0  
0.42 1 0  
0.4 1 0  
0.38 1 0  
0.36 1 0  
0.34 1 0  
0.32 1 0  
0.3 1 0  
0.28 1 0  
0.26 1 0  
0.24 1 0  
0.22 1 0  
0.2 1 0  
0.18 1 0  
0.16 1 0  
0.14 1 0  
0.12 1 0  
0.1 1 0  
0.08 1 0  
0.06 1 0  
0.04 1 0  
0.02 1 0  
0.99 1 0  
0.97 1 0  
0.95 1 0  
0.93 1 0  
0.91 1 0  
0.89 1 0  
0.87 1 0  
0.85 1 0  
0.83 1 0  
0.81 1 0  
0.79 1 0  
0.77 1 0  
0.75 1 0  
0.73 1 0  
0.71 1 0  
0.69 1 0  
0.67 1 0  
0.65 1 0  
0.63 1 0  
0.61 1 0  
0.59 1 0  
0.57 1 0  
0.55 1 0  
0.53 1 0  
0.51 1 0  
0.49 1 0  
0.47 1 0  
0.45 1 0  
0.43 1 0  
0.41 1 0  
0.39 1 0  
0.37 1 0  
0.35 1 0  
0.33 1 0  
0.31 1 0  
0.29 1 0  
0.27 1 0  
0.25 1 0  
0.23 1 0  
0.21 1 0  
0.19 1 0  
0.17 1 0  
0.15 1 0  
0.13 1 0  
0.11 1 0  
0.09 1 0  
0.07 1 0  
0.05 1 0  
0.03 1 0  
0.01 1 0  
0 0.98 0  
0 0.96 0  
0 0.94 0  
0 0.92 0  
0 0.9 0  
0 0.88 0  
0 0.86 0  
0 0.84 0  
0 0.82 0  
0 0.8 0  
0 0.78 0  
0 0.76 0  
0 0.74 0  
0 0.72 0  
0 0.7 0  
0 0.68 0  
0 0.66 0  
0 0.64 0  
0 0.62 0  
0 0.6 0  
0 0.58 0  
0 0.56 0  
0 0.54 0  
0 0.52 0  
0 0.5 0  
0 0.48 0  
0 0.46 0  
0 0.44 0  
0 0.42 0  
0 0.4 0  
0 0.38 0  
0 0.36 0  
0 0.34 0  
0 0.32 0  
0 0.3 0  
0 0.28 0  
0 0.26 0  
0 0.24 0  
0 0.22 0  
0 0.2 0  
0 0.18 0  
0 0.16 0  
0 0.14 0  
0 0.12 0  
0 0.1 0  
0 0.08 0  
0 0.06 0  
0 0.04 0  
0 0.02 0  
0 0.99 0  
0 0.97 0  
0 0.95 0  
0 0.93 0  
0 0.91 0  
0 0.89 0  
0 0.87 0  
0 0.85 0  
0 0.83 0  
0 0.81 0  
0 0.79 0  
0 0.77 0  
0 0.75 0  
0 0.73 0  
0 0.71 0  
0 0.69 0  
0 0.67 0  
0 0.65 0  
0 0.63 0  
0 0.61 0  
0 0.59 0  
0 0.57 0  
0 0.55 0  
0 0.53 0  
0 0.51 0  
0 0.49 0  
0 0.47 0  
0 0.45 0  
0 0.43 0  
0 0.41 0  
0 0.39 0  
0 0.37 0  
0 0.35 0  
0 0.33 0  
0 0.31 0  
0 0.29 0  
0 0.27 0  
0 0.25 0  
0 0.23 0  
0 0.21 0  
0 0.19 0  
0 0.17 0  
0 0.15 0  
0 0.13 0  
0 0.11 0  
0 0.09 0  
0 0.07 0  
0 0.05 0  
0 0.03 0  
0 0.01 0  
0.48 0.98 0  
0.98 0.5 0  
0.5 0.02 0  
0.6 0.98 0  
0.02 0.5 0  
0.02 0.64 0  
0.98 0.66 0  
0.02 0.38 0  
0.64 0.02 0  
0.3 0.02 0  
0.98 0.28 0  
0.34 0.98 0  
0.02 0.76 0  
0.74 0.98 0  
0.02 0.28 0  
0.22 0.02 0  
0.76 0.02 0  
0.98 0.76 0  
0.82 0.98 0  
0.98 0.16 0  
0.18 0.98 0  
0.02 0.2 0  
0.02 0.86 0  
0.98 0.86 0  
0.9 0.02 0  
0.019999962 0.13999996 0  
0.14 0.019999998 0  
0.1 0.98 0  
0.88 0.98 0  
0.98 0.06 0  
0.02 0.94 0  
0.98 0.36 0  
0.42 0.02 0  
0.019976517 0.07997652 0  
0.92 0.98 0  
0.059908397 0.019908398 0  
0.98 0.9 0  
0.98 0.94 0  
0.98 0.56 0  
0.24 0.98 0  
0.84 0.02 0  
0.4 0.98 0  
0.58 0.02 0  
0.66 0.98 0  
0.52 0.98 0  
0.02 0.46 0  
0.98 0.7 0  
0.72 0.02 0  
0.04 0.98 0  
0.02 0.6 0  
0.98 0.4 0  
0.98 0.2 0  
0.38 0.02 0  
0.02 0.72 0  
0.96 0.98 0  
0.96 0.02 0  
0.019797608 0.039797608 0  
0.44 0.98 0  
0.039807823 0.019807821 0  
0.98 0.02 0  
0.02 0.54 0  
0.02 0.44 0  
0.02 0.9 0  
0.54 0.02 0  
0.98 0.96 0  
0.98 0.46 0  
0.98 0.58 0  
0.98 0.6 0  
0.98 0.52 0  
0.06 0.98 0  
0.12 0.98 0  
0.02 0.42 0  
0.02 0.36 0  
0.02 0.34 0  
0.02 0.32 0  
0.98 0.82 0  
0.019999381 0.11999938 0  
0.14 0.98 0  
0.2 0.98 0  
0.26 0.98 0  
0.28 0.98 0  
0.94 0.02 0  
0.98 0.78 0  
0.88 0.02 0  
0.36 0.98 0  
0.3 0.98 0  
0.02 0.24 0  
0.02 0.18 0  
0.98 0.72 0  
0.82 0.02 0  
0.98 0.62 0  
0.8 0.02 0  
0.7 0.02 0  
0.68 0.02 0  
0.62 0.02 0  
0.02 0.98 0  
0.02 0.68 0  
0.11999984 0.019999841 0  
0.98 0.12 0  
0.48 0.02 0  
0.56 0.98 0  
0.98 0.24 0  
0.98 0.3 0  
0.34 0.02 0  
0.28 0.02 0  
0.26 0.02 0  
0.98 0.32 0  
0.02 0.58 0  
0.68 0.98 0  
0.62 0.98 0  
0.98 0.42 0  
0.09999662 0.019996619 0  
0.2 0.02 0  
0.76 0.98 0  
0.18 0.02 0  
0.7 0.98 0  
0.02 0.8 0  
0.46 0.02 0  
0.84 0.98 0  
0.78 0.98 0  
0.98 0.08 0  
0.02 0.84 0  
0.98 0.98 0  
0.019838061 0.019838061 0  
0.48 0.04 0  
0.96 0.4 0  
0.04 0.46 0  
0.96 0.56 0  
0.6 0.96 0  
0.04 0.6 0  
0.64 0.04 0  
0.34 0.96 0  
0.96 0.28 0  
0.04 0.34 0  
0.3 0.04 0  
0.96 0.7 0  
0.74 0.96 0  
0.2 0.04 0  
0.18 0.96 0  
0.82 0.04 0  
0.04 0.2 0  
0.04 0.86 0  
0.82 0.96 0  
0.039999828 0.13999982 0  
0.13999996 0.03999995 0  
0.1 0.96 0  
0.9 0.04 0  
0.96 0.06 0  
0.24 0.96 0  
0.7 0.04 0  
0.96 0.76 0  
0.96 0.6 0  
0.28 0.96 0  
0.46 0.98 0  
0.42 0.98 0  
0.02 0.92 0  
0.02 0.48 0  
0.04 0.44 0  
0.52 0.02 0  
0.98 0.54 0  
0.5 0.98 0  
0.38 0.98 0  
0.02 0.52 0  
0.56 0.02 0  
0.04 0.38 0  
0.86 0.98 0  
0.02 0.4 0  
0.02 0.88 0  
0.9 0.98 0  
0.94 0.98 0  
0.98 0.48 0  
0.6 0.02 0  
0.12 0.96 0  
0.01992524 0.05992524 0  
0.98 0.64 0  
0.16 0.98 0  
0.08 0.98 0  
0.98 0.84 0  
0.019994305 0.0999943 0  
0.92 0.02 0  
0.22 0.98 0  
0.019999985 0.15999998 0  
0.98 0.8 0  
0.98 0.88 0  
0.02 0.3 0  
0.32 0.98 0  
0.98 0.74 0  
0.02 0.22 0  
0.02 0.26 0  
0.86 0.02 0  
0.98 0.68 0  
0.04 0.96 0  
0.98 0.92 0  
0.78 0.02 0  
0.74 0.02 0  
0.66 0.02 0  
0.98 0.1 0  
0.02 0.96 0  
0.02 0.66 0  
0.02 0.62 0  
0.98 0.26 0  
0.02 0.7 0  
0.32 0.02 0  
0.98 0.34 0  
0.64 0.98 0  
0.98 0.22 0  
0.96 0.3 0  
0.98 0.38 0  
0.24 0.02 0  
0.98 0.18 0  
0.36 0.02 0  
0.58 0.98 0  
0.28 0.04 0  
0.98 0.44 0  
0.4 0.02 0  
0.72 0.98 0  
0.02 0.74 0  
0.44 0.02 0  
0.98 0.14 0  
0.16 0.019999996 0  
0.8 0.98 0  
0.119999275 0.039999273 0  
0.02 0.56 0  
0.54 0.98 0  
0.07997697 0.019976966 0  
0.02 0.78 0  
0.76 0.96 0  
0.02 0.82 0  
0.98 0.04 0  
0.96 0.94 0  
0.96 0.96 0  
0.94 0.04 0  
0.059915505 0.039915502 0  
0.03985588 0.03985588 0  
0.06 0.46 0  
0.48 0.96 0  
0.3 0.06 0  
0.04 0.72 0  
0.94 0.28 0  
0.74 0.94 0  
0.96 0.16 0  
0.96 0.84 0  
0.13999985 0.059999857 0  
0.1 0.94 0  
0.38 0.04 0  
0.04 0.54 0  
0.04 0.9 0  
0.88 0.96 0  
0.42 0.96 0  
0.04 0.26 0  
0.96 0.46 0  
0.04 0.8 0  
0.52 0.96 0  
0.0399922 0.0999922 0  
0.04 0.4 0  
0.04 0.94 0  
0.52 0.04 0  
0.56 0.04 0  
0.32 0.96 0  
0.16 0.96 0  
0.22 0.96 0  
0.039999966 0.15999997 0  
0.66 0.04 0  
0.96 0.74 0  
0.96 0.64 0  
0.96 0.88 0  
0.74 0.04 0  
0.04 0.68 0  
0.96 0.2 0  
0.96 0.42 0  
0.42 0.04 0  
0.96 0.36 0  
0.96 0.12 0  
0.04 0.58 0  
0.15999998 0.039999984 0  
0.78 0.96 0  
0.04 0.84 0  
0.09999347 0.039993465 0  
0.04 0.5 0  
0.96 0.54 0  
0.04 0.42 0  
0.04 0.48 0  
0.94 0.96 0  
0.5 0.04 0  
0.96 0.58 0  
0.38 0.96 0  
0.36 0.96 0  
0.3 0.96 0  
0.04 0.36 0  
0.14 0.96 0  
0.92 0.04 0  
0.2 0.96 0  
0.46 0.96 0  
0.96 0.62 0  
0.96 0.8 0  
0.039999995 0.17999999 0  
0.68 0.04 0  
0.26 0.96 0  
0.04 0.88 0  
0.96 0.72 0  
0.039998163 0.119998164 0  
0.96 0.78 0  
0.03992146 0.05992146 0  
0.6 0.04 0  
0.62 0.04 0  
0.9 0.96 0  
0.04 0.22 0  
0.86 0.04 0  
0.88 0.04 0  
0.96 0.48 0  
0.96 0.68 0  
0.04 0.3 0  
0.04 0.32 0  
0.84 0.04 0  
0.72 0.04 0  
0.96 0.92 0  
0.08 0.96 0  
0.06 0.96 0  
0.78 0.04 0  
0.8 0.04 0  
0.34 0.04 0  
0.7 0.96 0  
0.66 0.96 0  
0.96 0.08 0  
0.96 0.32 0  
0.62 0.96 0  
0.56 0.96 0  
0.26 0.04 0  
0.96 0.24 0  
0.04 0.64 0  
0.22 0.04 0  
0.32 0.04 0  
0.46 0.04 0  
0.96 0.26 0  
0.04 0.76 0  
0.96 0.38 0  
0.84 0.96 0  
0.58 0.96 0  
0.04 0.62 0  
0.72 0.96 0  
0.17999999 0.04 0  
0.8 0.96 0  
0.07996937 0.03996937 0  
0.96 0.04 0  
0.48 0.94 0  
0.94 0.54 0  
0.5 0.06 0  
0.94 0.4 0  
0.06 0.6 0  
0.6 0.94 0  
0.62 0.06 0  
0.36 0.94 0  
0.06 0.36 0  
0.94 0.68 0  
0.72 0.06 0  
0.26 0.94 0  
0.94 0.8 0  
0.82 0.94 0  
0.06 0.22 0  
0.8 0.06 0  
0.05999997 0.15999997 0  
0.06 0.86 0  
0.16 0.94 0  
0.88 0.06 0  
0.05999352 0.09999352 0  
0.88 0.94 0  
0.94 0.62 0  
0.94 0.46 0  
0.09999345 0.059993453 0  
0.06 0.42 0  
0.06 0.94 0  
0.32 0.94 0  
0.22 0.94 0  
0.06 0.32 0  
0.66 0.06 0  
0.96 0.52 0  
0.5 0.96 0  
0.06 0.48 0  
0.92 0.06 0  
0.06 0.44 0  
0.44 0.96 0  
0.08 0.94 0  
0.94 0.06 0  
0.04 0.52 0  
0.04 0.92 0  
0.86 0.96 0  
0.46 0.06 0  
0.54 0.04 0  
0.94 0.56 0  
0.96 0.82 0  
0.96 0.86 0  
0.04 0.24 0  
0.86 0.06 0  
0.94 0.92 0  
0.96 0.5 0  
0.3 0.94 0  
0.06 0.88 0  
0.04 0.28 0  
0.06 0.4 0  
0.96 0.66 0  
0.039969455 0.07996946 0  
0.94 0.94 0  
0.14 0.94 0  
0.12 0.94 0  
0.2 0.94 0  
0.4 0.96 0  
0.94 0.72 0  
0.94 0.74 0  
0.92 0.96 0  
0.68 0.06 0  
0.76 0.04 0  
0.96 0.9 0  
0.059998132 0.119998135 0  
0.94 0.78 0  
0.059999995 0.17999999 0  
0.84 0.06 0  
0.94 0.58 0  
0.58 0.04 0  
0.44 0.04 0  
0.28 0.06 0  
0.54 0.96 0  
0.94 0.3 0  
0.96 0.34 0  
0.96 0.22 0  
0.64 0.96 0  
0.96 0.1 0  
0.76 0.94 0  
0.04 0.78 0  
0.04 0.66 0  
0.24 0.04 0  
0.04 0.7 0  
0.36 0.04 0  
0.96 0.18 0  
0.96 0.44 0  
0.4 0.04 0  
0.32 0.06 0  
0.94 0.36 0  
0.06 0.64 0  
0.96 0.14 0  
0.68 0.96 0  
0.94 0.26 0  
0.56 0.94 0  
0.04 0.56 0  
0.04 0.74 0  
0.04 0.82 0  
0.72 0.94 0  
0.15999997 0.059999973 0  
0.11999835 0.05999835 0  
0.2 0.06 0  
0.78 0.94 0  
0.059950437 0.059950437 0  
0.08 0.48 0  
0.92 0.54 0  
0.32 0.92 0  
0.66 0.08 0  
0.06 0.72 0  
0.92 0.3 0  
0.3 0.08 0  
0.92 0.74 0  
0.22 0.92 0  
0.74 0.92 0  
0.079999976 0.15999998 0  
0.86 0.08 0  
0.94 0.2 0  
0.14 0.92 0  
0.1399998 0.079999804 0  
0.94 0.12 0  
0.38 0.06 0  
0.08 0.86 0  
0.08 0.42 0  
0.06 0.8 0  
0.07999606 0.09999605 0  
0.06 0.54 0  
0.08 0.92 0  
0.94 0.66 0  
0.94 0.84 0  
0.86 0.94 0  
0.06 0.28 0  
0.06 0.24 0  
0.94 0.44 0  
0.94 0.32 0  
0.34 0.06 0  
0.06 0.84 0  
0.06 0.9 0  
0.52 0.94 0  
0.5 0.94 0  
0.059976775 0.079976775 0  
0.94 0.5 0  
0.06 0.92 0  
0.94 0.08 0  
0.94 0.52 0  
0.94 0.64 0  
0.38 0.94 0  
0.42 0.94 0  
0.94 0.82 0  
0.9 0.06 0  
0.34 0.94 0  
0.84 0.94 0  
0.06 0.38 0  
0.48 0.06 0  
0.24 0.94 0  
0.52 0.06 0  
0.56 0.06 0  
0.6 0.06 0  
0.06 0.34 0  
0.28 0.94 0  
0.64 0.06 0  
0.92 0.92 0  
0.9 0.94 0  
0.94 0.88 0  
0.06 0.3 0  
0.92 0.94 0  
0.94 0.9 0  
0.06 0.5 0  
0.7 0.06 0  
0.76 0.06 0  
0.78 0.06 0  
0.74 0.06 0  
0.94 0.7 0  
0.94 0.48 0  
0.18 0.94 0  
0.12 0.92 0  
0.94 0.76 0  
0.05999956 0.13999955 0  
0.06 0.2 0  
0.92 0.56 0  
0.94 0.6 0  
0.82 0.06 0  
0.46 0.94 0  
0.94 0.42 0  
0.08 0.46 0  
0.42 0.06 0  
0.92 0.28 0  
0.94 0.38 0  
0.06 0.62 0  
0.62 0.94 0  
0.06 0.76 0  
0.66 0.94 0  
0.07997647 0.059976466 0  
0.06 0.58 0  
0.58 0.94 0  
0.26 0.06 0  
0.44 0.06 0  
0.94 0.16 0  
0.22 0.06 0  
0.54 0.94 0  
0.94 0.34 0  
0.94 0.24 0  
0.8 0.94 0  
0.06 0.68 0  
0.06 0.66 0  
0.76 0.92 0  
0.17999999 0.059999995 0  
0.7 0.94 0  
0.11999888 0.07999888 0  
0.5 0.08 0  
0.5 0.92 0  
0.1 0.48 0  
0.9 0.54 0  
0.6 0.92 0  
0.08 0.64 0  
0.9 0.3 0  
0.08 0.3 0  
0.74 0.08 0  
0.74 0.9 0  
0.92 0.82 0  
0.82 0.92 0  
0.92 0.64 0  
0.92 0.4 0  
0.13999985 0.09999985 0  
0.92 0.46 0  
0.2 0.08 0  
0.12 0.9 0  
0.08 0.9 0  
0.46 0.08 0  
0.08 0.38 0  
0.07999973 0.13999973 0  
0.28 0.92 0  
0.24 0.92 0  
0.86 0.92 0  
0.9 0.92 0  
0.92 0.7 0  
0.78 0.08 0  
0.08 0.2 0  
0.08 0.6 0  
0.56 0.92 0  
0.92 0.36 0  
0.78 0.92 0  
0.08 0.84 0  
0.09999536 0.079995364 0  
0.92 0.5 0  
0.06 0.52 0  
0.08 0.88 0  
0.4 0.94 0  
0.08 0.44 0  
0.36 0.92 0  
0.92 0.08 0  
0.88 0.08 0  
0.92 0.6 0  
0.08 0.4 0  
0.06 0.56 0  
0.3 0.92 0  
0.07999858 0.11999858 0  
0.06 0.26 0  
0.92 0.76 0  
0.08 0.36 0  
0.62 0.08 0  
0.92 0.9 0  
0.92 0.52 0  
0.58 0.06 0  
0.7 0.08 0  
0.34 0.92 0  
0.68 0.08 0  
0.92 0.72 0  
0.08 0.5 0  
0.16 0.92 0  
0.2 0.92 0  
0.07999999 0.17999999 0  
0.64 0.08 0  
0.94 0.86 0  
0.08 0.34 0  
0.1 0.92 0  
0.92 0.58 0  
0.08 0.24 0  
0.82 0.08 0  
0.84 0.08 0  
0.54 0.06 0  
0.92 0.66 0  
0.44 0.94 0  
0.7 0.92 0  
0.48 0.92 0  
0.92 0.42 0  
0.34 0.08 0  
0.32 0.08 0  
0.92 0.24 0  
0.92 0.26 0  
0.4 0.06 0  
0.15999995 0.07999995 0  
0.64 0.94 0  
0.72 0.92 0  
0.06 0.74 0  
0.94 0.18 0  
0.94 0.1 0  
0.42 0.08 0  
0.28 0.08 0  
0.06 0.78 0  
0.24 0.06 0  
0.52 0.92 0  
0.92 0.32 0  
0.08 0.68 0  
0.94 0.22 0  
0.94 0.14 0  
0.36 0.06 0  
0.06 0.7 0  
0.06 0.82 0  
0.68 0.94 0  
0.079986826 0.079986826 0  
0.5 0.9 0  
0.1 0.38 0  
0.3 0.1 0  
0.36 0.9 0  
0.62 0.1 0  
0.9 0.64 0  
0.22 0.9 0  
0.9 0.74 0  
0.84 0.1 0  
0.1 0.5 0  
0.9 0.4 0  
0.099999994 0.17999999 0  
0.92 0.16 0  
0.3 0.9 0  
0.68 0.1 0  
0.42 0.92 0  
0.08 0.56 0  
0.08 0.52 0  
0.08 0.28 0  
0.56 0.08 0  
0.1 0.44 0  
0.1 0.86 0  
0.9 0.9 0  
0.6 0.08 0  
0.92 0.78 0  
0.9 0.58 0  
0.9 0.32 0  
0.66 0.92 0  
0.08 0.8 0  
0.08 0.76 0  
0.15999995 0.09999996 0  
0.1199993 0.09999929 0  
0.1 0.88 0  
0.09999928 0.11999928 0  
0.4 0.92 0  
0.38 0.92 0  
0.08 0.26 0  
0.1 0.46 0  
0.92 0.48 0  
0.48 0.08 0  
0.9 0.08 0  
0.92 0.86 0  
0.92 0.62 0  
0.26 0.92 0  
0.92 0.84 0  
0.88 0.92 0  
0.92 0.88 0  
0.9 0.52 0  
0.08 0.58 0  
0.84 0.92 0  
0.9 0.7 0  
0.14 0.9 0  
0.76 0.08 0  
0.72 0.08 0  
0.88 0.1 0  
0.18 0.92 0  
0.1 0.36 0  
0.92 0.8 0  
0.9 0.56 0  
0.08 0.22 0  
0.08 0.32 0  
0.34 0.9 0  
0.92 0.68 0  
0.52 0.08 0  
0.8 0.08 0  
0.099999756 0.13999975 0  
0.64 0.1 0  
0.1 0.42 0  
0.44 0.08 0  
0.92 0.44 0  
0.54 0.92 0  
0.9 0.28 0  
0.46 0.92 0  
0.34 0.1 0  
0.22 0.08 0  
0.9 0.24 0  
0.76 0.9 0  
0.62 0.92 0  
0.08 0.66 0  
0.92 0.38 0  
0.1 0.9 0  
0.92 0.2 0  
0.08 0.72 0  
0.58 0.92 0  
0.08 0.62 0  
0.38 0.08 0  
0.4 0.08 0  
0.26 0.08 0  
0.92 0.34 0  
0.8 0.92 0  
0.92 0.12 0  
0.92 0.22 0  
0.36 0.08 0  
0.72 0.9 0  
0.17999999 0.07999999 0  
0.68 0.92 0  
0.08 0.82 0  
0.08 0.7 0  
0.09999745 0.09999745 0  
0.92 0.1 0  
0.12 0.5 0  
0.46 0.1 0  
0.88 0.54 0  
0.36 0.88 0  
0.6 0.9 0  
0.62 0.12 0  
0.1 0.64 0  
0.12 0.38 0  
0.88 0.3 0  
0.74 0.88 0  
0.9 0.82 0  
0.1 0.28 0  
0.82 0.9 0  
0.1 0.58 0  
0.42 0.9 0  
0.12 0.46 0  
0.5 0.1 0  
0.9 0.62 0  
0.9 0.68 0  
0.72 0.1 0  
0.76 0.1 0  
0.1 0.22 0  
0.42 0.1 0  
0.1 0.68 0  
0.56 0.9 0  
0.52 0.9 0  
0.13999991 0.11999991 0  
0.12 0.88 0  
0.9 0.12 0  
0.4 0.9 0  
0.9 0.88 0  
0.86 0.9 0  
0.1 0.32 0  
0.1 0.4 0  
0.08 0.54 0  
0.9 0.6 0  
0.26 0.9 0  
0.24 0.9 0  
0.9 0.84 0  
0.32 0.9 0  
0.9 0.78 0  
0.9 0.76 0  
0.9 0.5 0  
0.9 0.46 0  
0.58 0.08 0  
0.9 0.66 0  
0.38 0.9 0  
0.54 0.08 0  
0.66 0.1 0  
0.09999994 0.15999994 0  
0.7 0.1 0  
0.1 0.2 0  
0.6 0.1 0  
0.16 0.9 0  
0.2 0.9 0  
0.1 0.34 0  
0.86 0.1 0  
0.88 0.56 0  
0.28 0.9 0  
0.8 0.1 0  
0.82 0.1 0  
0.1 0.26 0  
0.44 0.92 0  
0.88 0.9 0  
0.9 0.72 0  
0.12 0.44 0  
0.32 0.1 0  
0.9 0.42 0  
0.48 0.9 0  
0.9 0.26 0  
0.92 0.18 0  
0.64 0.92 0  
0.24 0.08 0  
0.78 0.9 0  
0.1 0.52 0  
0.1 0.82 0  
0.1 0.84 0  
0.92 0.14 0  
0.08 0.74 0  
0.9 0.36 0  
0.9 0.38 0  
0.08 0.78 0  
0.9 0.1 0  
0.38 0.1 0  
0.1 0.6 0  
0.28 0.1 0  
0.9 0.34 0  
0.9 0.22 0  
0.7 0.9 0  
0.36 0.1 0  
0.66 0.9 0  
0.1 0.72 0  
0.2 0.1 0  
0.17999999 0.09999999 0  
0.11999958 0.11999958 0  
0.5 0.88 0  
0.86 0.54 0  
0.14 0.46 0  
0.3 0.12 0  
0.88 0.66 0  
0.12 0.28 0  
0.7 0.12 0  
0.28 0.88 0  
0.88 0.74 0  
0.88 0.24 0  
0.84 0.12 0  
0.2 0.88 0  
0.12 0.22 0  
0.6 0.12 0  
0.12 0.82 0  
0.88 0.84 0  
0.9 0.16 0  
0.12 0.52 0  
0.88 0.36 0  
0.11999997 0.15999997 0  
0.2 0.12 0  
0.88 0.12 0  
0.12 0.4 0  
0.54 0.1 0  
0.44 0.9 0  
0.88 0.6 0  
0.1 0.56 0  
0.12 0.34 0  
0.34 0.12 0  
0.88 0.4 0  
0.15999997 0.11999997 0  
0.88 0.32 0  
0.62 0.9 0  
0.1 0.76 0  
0.13999994 0.13999994 0  
0.54 0.9 0  
0.9 0.86 0  
0.12 0.42 0  
0.46 0.9 0  
0.1 0.3 0  
0.12 0.48 0  
0.1 0.54 0  
0.88 0.58 0  
0.48 0.1 0  
0.9 0.44 0  
0.26 0.88 0  
0.32 0.88 0  
0.12 0.86 0  
0.34 0.88 0  
0.84 0.9 0  
0.88 0.76 0  
0.66 0.12 0  
0.38 0.88 0  
0.42 0.88 0  
0.9 0.48 0  
0.56 0.1 0  
0.52 0.1 0  
0.64 0.12 0  
0.74 0.1 0  
0.14 0.88 0  
0.12 0.36 0  
0.58 0.1 0  
0.9 0.8 0  
0.18 0.9 0  
0.88 0.5 0  
0.82 0.12 0  
0.88 0.7 0  
0.8 0.9 0  
0.24 0.88 0  
0.1 0.24 0  
0.11999999 0.17999999 0  
0.78 0.1 0  
0.88 0.62 0  
0.88 0.88 0  
0.88 0.52 0  
0.4 0.1 0  
0.44 0.1 0  
0.26 0.1 0  
0.68 0.9 0  
0.11999984 0.13999984 0  
0.1 0.7 0  
0.88 0.28 0  
0.1 0.66 0  
0.76 0.88 0  
0.58 0.9 0  
0.1 0.62 0  
0.9 0.2 0  
0.7 0.88 0  
0.72 0.88 0  
0.38 0.12 0  
0.22 0.1 0  
0.64 0.9 0  
0.1 0.8 0  
0.1 0.74 0  
0.9 0.14 0  
0.38 0.86 0  
0.12 0.64 0  
0.6 0.14 0  
0.14 0.36 0  
0.28 0.86 0  
0.86 0.3 0  
0.7 0.86 0  
0.12 0.72 0  
0.86 0.74 0  
0.6 0.88 0  
0.84 0.14 0  
0.46 0.12 0  
0.52 0.12 0  
0.86 0.6 0  
0.82 0.88 0  
0.56 0.88 0  
0.12 0.3 0  
0.34 0.86 0  
0.14 0.86 0  
0.64 0.14 0  
0.12 0.24 0  
0.74 0.12 0  
0.18 0.88 0  
0.86 0.88 0  
0.74 0.86 0  
0.66 0.88 0  
0.12 0.8 0  
0.22 0.12 0  
0.15999998 0.13999999 0  
0.13999997 0.15999998 0  
0.88 0.86 0  
0.44 0.88 0  
0.86 0.12 0  
0.12 0.32 0  
0.14 0.5 0  
0.42 0.12 0  
0.12 0.54 0  
0.12 0.58 0  
0.4 0.88 0  
0.88 0.64 0  
0.88 0.46 0  
0.88 0.48 0  
0.54 0.12 0  
0.12 0.26 0  
0.72 0.12 0  
0.16 0.88 0  
0.68 0.12 0  
0.14 0.4 0  
0.88 0.8 0  
0.88 0.78 0  
0.56 0.12 0  
0.3 0.88 0  
0.86 0.52 0  
0.88 0.72 0  
0.26 0.86 0  
0.88 0.68 0  
0.22 0.88 0  
0.58 0.12 0  
0.88 0.82 0  
0.78 0.12 0  
0.8 0.12 0  
0.12 0.2 0  
0.86 0.56 0  
0.36 0.12 0  
0.32 0.12 0  
0.14 0.44 0  
0.14 0.48 0  
0.48 0.88 0  
0.88 0.42 0  
0.17999999 0.11999999 0  
0.88 0.2 0  
0.88 0.22 0  
0.48 0.12 0  
0.12 0.6 0  
0.88 0.38 0  
0.88 0.26 0  
0.52 0.88 0  
0.78 0.88 0  
0.12 0.84 0  
0.1 0.78 0  
0.12 0.68 0  
0.28 0.12 0  
0.88 0.34 0  
0.9 0.18 0  
0.4 0.12 0  
0.68 0.88 0  
0.24 0.1 0  
0.62 0.88 0  
0.12 0.76 0  
0.88 0.16 0  
0.88 0.14 0  
0.16 0.5 0  
0.46 0.14 0  
0.84 0.54 0  
0.52 0.86 0  
0.34 0.14 0  
0.14 0.28 0  
0.72 0.14 0  
0.28 0.84 0  
0.86 0.24 0  
0.18 0.86 0  
0.86 0.82 0  
0.52 0.14 0  
0.86 0.66 0  
0.86 0.36 0  
0.16 0.16 0  
0.14 0.8 0  
0.86 0.86 0  
0.14 0.22 0  
0.14 0.84 0  
0.42 0.14 0  
0.8 0.14 0  
0.13999999 0.17999999 0  
0.86 0.4 0  
0.16 0.46 0  
0.3 0.14 0  
0.86 0.32 0  
0.26 0.12 0  
0.22 0.14 0  
0.16 0.86 0  
0.46 0.88 0  
0.86 0.16 0  
0.58 0.88 0  
0.14 0.32 0  
0.14 0.42 0  
0.14 0.34 0  
0.86 0.58 0  
0.14 0.54 0  
0.14 0.52 0  
0.44 0.12 0  
0.12 0.56 0  
0.88 0.44 0  
0.36 0.86 0  
0.86 0.72 0  
0.68 0.14 0  
0.42 0.86 0  
0.4 0.86 0  
0.8 0.88 0  
0.14 0.26 0  
0.5 0.12 0  
0.62 0.14 0  
0.86 0.78 0  
0.86 0.76 0  
0.66 0.14 0  
0.14 0.38 0  
0.54 0.14 0  
0.58 0.14 0  
0.86 0.5 0  
0.86 0.46 0  
0.3 0.86 0  
0.32 0.86 0  
0.82 0.14 0  
0.22 0.86 0  
0.24 0.86 0  
0.76 0.12 0  
0.86 0.68 0  
0.86 0.62 0  
0.38 0.14 0  
0.5 0.86 0  
0.12 0.74 0  
0.86 0.2 0  
0.12 0.62 0  
0.76 0.86 0  
0.54 0.88 0  
0.64 0.88 0  
0.84 0.88 0  
0.12 0.7 0  
0.86 0.28 0  
0.86 0.14 0  
0.72 0.86 0  
0.12 0.66 0  
0.68 0.86 0  
0.24 0.12 0  
0.2 0.14 0  
0.17999999 0.14 0  
0.12 0.78 0  
0.88 0.18 0  
0.52 0.16 0  
0.42 0.84 0  
0.62 0.16 0  
0.84 0.3 0  
0.16 0.36 0  
0.84 0.66 0  
0.68 0.84 0  
0.14 0.64 0  
0.84 0.72 0  
0.14 0.72 0  
0.16 0.28 0  
0.74 0.84 0  
0.6 0.86 0  
0.8 0.86 0  
0.16 0.17999999 0  
0.8 0.16 0  
0.84 0.16 0  
0.86 0.44 0  
0.16 0.42 0  
0.84 0.58 0  
0.38 0.84 0  
0.5 0.14 0  
0.84 0.76 0  
0.66 0.16 0  
0.24 0.84 0  
0.34 0.84 0  
0.3 0.84 0  
0.84 0.86 0  
0.22 0.16 0  
0.17999999 0.16 0  
0.16 0.84 0  
0.86 0.84 0  
0.46 0.86 0  
0.48 0.86 0  
0.86 0.42 0  
0.16 0.34 0  
0.16 0.44 0  
0.84 0.56 0  
0.16 0.52 0  
0.14 0.58 0  
0.14 0.56 0  
0.48 0.14 0  
0.14 0.82 0  
0.86 0.64 0  
0.78 0.86 0  
0.62 0.86 0  
0.58 0.16 0  
0.7 0.14 0  
0.44 0.14 0  
0.26 0.84 0  
0.86 0.48 0  
0.14 0.24 0  
0.56 0.14 0  
0.14 0.2 0  
0.14 0.3 0  
0.2 0.86 0  
0.86 0.8 0  
0.76 0.14 0  
0.78 0.14 0  
0.84 0.6 0  
0.86 0.7 0  
0.74 0.14 0  
0.44 0.86 0  
0.84 0.5 0  
0.84 0.52 0  
0.16 0.4 0  
0.36 0.14 0  
0.4 0.14 0  
0.28 0.14 0  
0.24 0.14 0  
0.86 0.22 0  
0.86 0.38 0  
0.14 0.76 0  
0.16 0.48 0  
0.56 0.86 0  
0.14 0.68 0  
0.86 0.26 0  
0.54 0.86 0  
0.7 0.84 0  
0.32 0.14 0  
0.14 0.6 0  
0.86 0.34 0  
0.66 0.86 0  
0.14 0.78 0  
0.86 0.18 0  
0.82 0.5 0  
0.18 0.52 0  
0.52 0.84 0  
0.18 0.42 0  
0.38 0.16 0  
0.68 0.82 0  
0.3 0.82 0  
0.72 0.16 0  
0.84 0.4 0  
0.16 0.76 0  
0.78 0.84 0  
0.82 0.58 0  
0.16 0.6 0  
0.18 0.36 0  
0.46 0.16 0  
0.84 0.8 0  
0.6 0.84 0  
0.84 0.24 0  
0.84 0.84 0  
0.48 0.84 0  
0.5 0.16 0  
0.84 0.7 0  
0.84 0.64 0  
0.44 0.84 0  
0.16 0.3 0  
0.26 0.82 0  
0.84 0.46 0  
0.16 0.24 0  
0.16 0.2 0  
0.56 0.16 0  
0.18 0.48 0  
0.34 0.16 0  
0.3 0.16 0  
0.24 0.16 0  
0.84 0.36 0  
0.84 0.32 0  
0.82 0.16 0  
0.84 0.42 0  
0.32 0.84 0  
0.82 0.54 0  
0.16 0.56 0  
0.16 0.54 0  
0.84 0.68 0  
0.4 0.84 0  
0.84 0.62 0  
0.16 0.8 0  
0.76 0.84 0  
0.16 0.32 0  
0.84 0.74 0  
0.6 0.16 0  
0.42 0.16 0  
0.64 0.16 0  
0.16 0.38 0  
0.78 0.16 0  
0.17999999 0.17999999 0  
0.84 0.48 0  
0.16 0.26 0  
0.66 0.84 0  
0.84 0.78 0  
0.54 0.16 0  
0.18 0.84 0  
0.36 0.84 0  
0.22 0.84 0  
0.74 0.16 0  
0.68 0.16 0  
0.84 0.2 0  
0.18 0.46 0  
0.14 0.74 0  
0.58 0.86 0  
0.14 0.66 0  
0.72 0.84 0  
0.84 0.28 0  
0.16 0.82 0  
0.14 0.7 0  
0.56 0.84 0  
0.82 0.86 0  
0.14 0.62 0  
0.64 0.86 0  
0.26 0.14 0  
0.2 0.16 0  
0.84 0.18 0  
0.5 0.18 0  
0.2 0.48 0  
0.44 0.82 0  
0.6 0.18 0  
0.82 0.66 0  
0.82 0.3 0  
0.82 0.72 0  
0.18 0.28 0  
0.72 0.18 0  
0.74 0.82 0  
0.82 0.78 0  
0.38 0.82 0  
0.66 0.82 0  
0.17999999 0.2 0  
0.78 0.18 0  
0.18 0.38 0  
0.64 0.18 0  
0.54 0.18 0  
0.16 0.64 0  
0.16 0.68 0  
0.82 0.84 0  
0.64 0.84 0  
0.26 0.16 0  
0.24 0.18 0  
0.2 0.17999999 0  
0.84 0.82 0  
0.16 0.22 0  
0.82 0.18 0  
0.5 0.84 0  
0.18 0.4 0  
0.34 0.82 0  
0.18 0.44 0  
0.82 0.56 0  
0.48 0.16 0  
0.18 0.54 0  
0.82 0.68 0  
0.16 0.58 0  
0.42 0.82 0  
0.82 0.62 0  
0.82 0.6 0  
0.16 0.78 0  
0.46 0.84 0  
0.18 0.32 0  
0.18 0.34 0  
0.76 0.82 0  
0.7 0.16 0  
0.58 0.84 0  
0.4 0.16 0  
0.28 0.82 0  
0.76 0.16 0  
0.82 0.48 0  
0.18 0.26 0  
0.24 0.82 0  
0.32 0.82 0  
0.2 0.84 0  
0.66 0.18 0  
0.82 0.74 0  
0.82 0.52 0  
0.56 0.18 0  
0.84 0.44 0  
0.44 0.16 0  
0.84 0.34 0  
0.84 0.22 0  
0.7 0.82 0  
0.54 0.84 0  
0.18 0.5 0  
0.32 0.16 0  
0.84 0.26 0  
0.16 0.72 0  
0.16 0.62 0  
0.18 0.8 0  
0.18 0.82 0  
0.8 0.84 0  
0.36 0.16 0  
0.84 0.38 0  
0.62 0.84 0  
0.28 0.16 0  
0.16 0.74 0  
0.8 0.5 0  
0.56 0.82 0  
0.44 0.8 0  
0.54 0.2 0  
0.8 0.6 0  
0.66 0.8 0  
0.2 0.38 0  
0.38 0.18 0  
0.18 0.64 0  
0.64 0.2 0  
0.34 0.8 0  
0.28 0.8 0  
0.18 0.72 0  
0.82 0.4 0  
0.8 0.72 0  
0.74 0.8 0  
0.2 0.28 0  
0.3 0.18 0  
0.82 0.26 0  
0.82 0.8 0  
0.18 0.22 0  
0.52 0.82 0  
0.2 0.44 0  
0.46 0.18 0  
0.18 0.6 0  
0.18 0.56 0  
0.2 0.34 0  
0.7 0.18 0  
0.76 0.18 0  
0.8 0.54 0  
0.82 0.36 0  
0.82 0.32 0  
0.6 0.82 0  
0.64 0.82 0  
0.26 0.18 0  
0.8 0.82 0  
0.18 0.24 0  
0.36 0.82 0  
0.2 0.46 0  
0.8 0.56 0  
0.48 0.18 0  
0.82 0.42 0  
0.82 0.46 0  
0.48 0.82 0  
0.18 0.76 0  
0.68 0.18 0  
0.82 0.7 0  
0.58 0.18 0  
0.62 0.18 0  
0.74 0.18 0  
0.2 0.2 0  
0.52 0.18 0  
0.26 0.8 0  
0.4 0.82 0  
0.42 0.18 0  
0.18 0.3 0  
0.82 0.64 0  
0.2 0.82 0  
0.22 0.82 0  
0.82 0.76 0  
0.32 0.8 0  
0.8 0.18 0  
0.2 0.42 0  
0.34 0.18 0  
0.46 0.82 0  
0.82 0.24 0  
0.68 0.8 0  
0.16 0.7 0  
0.2 0.52 0  
0.2 0.5 0  
0.16 0.66 0  
0.82 0.82 0  
0.72 0.82 0  
0.18 0.78 0  
0.82 0.28 0  
0.78 0.82 0  
0.22 0.18 0  
0.82 0.2 0  
0.78 0.54 0  
0.22 0.52 0  
0.66 0.78 0  
0.8 0.3 0  
0.34 0.78 0  
0.7 0.2 0  
0.74 0.2 0  
0.28 0.78 0  
0.26 0.2 0  
0.22 0.44 0  
0.8 0.42 0  
0.2 0.76 0  
0.8 0.26 0  
0.8 0.78 0  
0.4 0.8 0  
0.58 0.2 0  
0.62 0.2 0  
0.72 0.8 0  
0.2 0.3 0  
0.8 0.64 0  
0.8 0.74 0  
0.22 0.8 0  
0.22 0.2 0  
0.2 0.8 0  
0.78 0.8 0  
0.2 0.24 0  
0.2 0.26 0  
0.78 0.2 0  
0.8 0.2 0  
0.54 0.82 0  
0.2 0.4 0  
0.38 0.8 0  
0.22 0.48 0  
0.18 0.58 0  
0.46 0.8 0  
0.18 0.62 0  
0.8 0.58 0  
0.18 0.74 0  
0.5 0.82 0  
0.2 0.36 0  
0.8 0.68 0  
0.8 0.7 0  
0.56 0.2 0  
0.7 0.8 0  
0.3 0.8 0  
0.58 0.82 0  
0.2 0.32 0  
0.2 0.22 0  
0.82 0.44 0  
0.5 0.2 0  
0.46 0.2 0  
0.42 0.8 0  
0.24 0.8 0  
0.36 0.8 0  
0.8 0.62 0  
0.4 0.18 0  
0.52 0.2 0  
0.8 0.46 0  
0.8 0.48 0  
0.66 0.2 0  
0.8 0.52 0  
0.44 0.18 0  
0.36 0.18 0  
0.82 0.22 0  
0.82 0.38 0  
0.82 0.34 0  
0.64 0.8 0  
0.32 0.18 0  
0.2 0.54 0  
0.8 0.8 0  
0.18 0.68 0  
0.18 0.66 0  
0.76 0.8 0  
0.62 0.82 0  
0.28 0.18 0  
0.18 0.7 0  
0.5 0.22 0  
0.46 0.78 0  
0.62 0.22 0  
0.22 0.36 0  
0.38 0.2 0  
0.78 0.62 0  
0.2 0.64 0  
0.78 0.68 0  
0.22 0.54 0  
0.22 0.3 0  
0.52 0.8 0  
0.78 0.48 0  
0.72 0.78 0  
0.78 0.72 0  
0.64 0.78 0  
0.22 0.26 0  
0.56 0.8 0  
0.78 0.52 0  
0.2 0.6 0  
0.2 0.72 0  
0.3 0.78 0  
0.22 0.22 0  
0.42 0.78 0  
0.54 0.22 0  
0.34 0.2 0  
0.2 0.56 0  
0.8 0.24 0  
0.24 0.78 0  
0.22 0.4 0  
0.22 0.42 0  
0.4 0.78 0  
0.36 0.78 0  
0.22 0.46 0  
0.8 0.44 0  
0.42 0.2 0  
0.44 0.2 0  
0.8 0.66 0  
0.78 0.58 0  
0.78 0.56 0  
0.2 0.68 0  
0.5 0.8 0  
0.48 0.8 0  
0.68 0.2 0  
0.2 0.74 0  
0.32 0.78 0  
0.56 0.22 0  
0.6 0.2 0  
0.72 0.2 0  
0.48 0.2 0  
0.26 0.78 0  
0.8 0.76 0  
0.76 0.2 0  
0.64 0.22 0  
0.2 0.78 0  
0.22 0.34 0  
0.8 0.34 0  
0.8 0.32 0  
0.8 0.4 0  
0.8 0.36 0  
0.74 0.78 0  
0.22 0.5 0  
0.68 0.78 0  
0.6 0.8 0  
0.3 0.2 0  
0.8 0.28 0  
0.78 0.78 0  
0.62 0.8 0  
0.24 0.2 0  
0.28 0.2 0  
0.8 0.22 0  
0.76 0.54 0  
0.24 0.52 0  
0.54 0.24 0  
0.24 0.42 0  
0.42 0.76 0  
0.62 0.24 0  
0.78 0.36 0  
0.66 0.76 0  
0.34 0.76 0  
0.7 0.22 0  
0.78 0.3 0  
0.28 0.76 0  
0.22 0.72 0  
0.24 0.36 0  
0.3 0.22 0  
0.72 0.76 0  
0.78 0.76 0  
0.76 0.22 0  
0.78 0.66 0  
0.6 0.22 0  
0.24 0.48 0  
0.22 0.56 0  
0.22 0.76 0  
0.78 0.74 0  
0.22 0.28 0  
0.78 0.26 0  
0.78 0.24 0  
0.54 0.8 0  
0.78 0.64 0  
0.24 0.46 0  
0.78 0.5 0  
0.78 0.46 0  
0.78 0.42 0  
0.2 0.62 0  
0.2 0.66 0  
0.48 0.78 0  
0.52 0.78 0  
0.76 0.56 0  
0.22 0.38 0  
0.32 0.76 0  
0.58 0.22 0  
0.7 0.78 0  
0.22 0.24 0  
0.22 0.32 0  
0.46 0.22 0  
0.42 0.22 0  
0.48 0.22 0  
0.26 0.76 0  
0.38 0.78 0  
0.44 0.78 0  
0.78 0.6 0  
0.4 0.2 0  
0.78 0.7 0  
0.52 0.22 0  
0.66 0.22 0  
0.72 0.22 0  
0.28 0.22 0  
0.24 0.22 0  
0.36 0.2 0  
0.78 0.22 0  
0.8 0.38 0  
0.32 0.2 0  
0.58 0.8 0  
0.2 0.58 0  
0.22 0.78 0  
0.78 0.34 0  
0.76 0.78 0  
0.62 0.78 0  
0.2 0.7 0  
0.26 0.48 0  
0.74 0.54 0  
0.34 0.74 0  
0.76 0.36 0  
0.22 0.64 0  
0.76 0.64 0  
0.24 0.3 0  
0.7 0.24 0  
0.76 0.48 0  
0.3 0.24 0  
0.28 0.74 0  
0.76 0.7 0  
0.38 0.22 0  
0.24 0.38 0  
0.7 0.76 0  
0.76 0.76 0  
0.24 0.76 0  
0.56 0.78 0  
0.54 0.78 0  
0.22 0.68 0  
0.24 0.44 0  
0.76 0.6 0  
0.46 0.76 0  
0.44 0.76 0  
0.4 0.22 0  
0.68 0.22 0  
0.5 0.78 0  
0.24 0.4 0  
0.6 0.24 0  
0.24 0.26 0  
0.5 0.24 0  
0.52 0.24 0  
0.68 0.76 0  
0.46 0.24 0  
0.4 0.76 0  
0.36 0.76 0  
0.24 0.24 0  
0.76 0.58 0  
0.3 0.76 0  
0.76 0.72 0  
0.74 0.22 0  
0.76 0.66 0  
0.64 0.24 0  
0.22 0.74 0  
0.56 0.24 0  
0.44 0.22 0  
0.76 0.5 0  
0.76 0.52 0  
0.24 0.34 0  
0.78 0.4 0  
0.78 0.28 0  
0.78 0.44 0  
0.34 0.22 0  
0.78 0.38 0  
0.22 0.6 0  
0.24 0.5 0  
0.62 0.76 0  
0.64 0.76 0  
0.24 0.56 0  
0.24 0.54 0  
0.22 0.58 0  
0.78 0.32 0  
0.74 0.76 0  
0.6 0.78 0  
0.26 0.22 0  
0.32 0.22 0  
0.22 0.7 0  
0.76 0.24 0  
0.5 0.26 0  
0.46 0.74 0  
0.26 0.4 0  
0.6 0.26 0  
0.62 0.74 0  
0.74 0.64 0  
0.76 0.3 0  
0.52 0.76 0  
0.68 0.74 0  
0.74 0.7 0  
0.24 0.68 0  
0.74 0.24 0  
0.68 0.24 0  
0.48 0.76 0  
0.36 0.74 0  
0.3 0.74 0  
0.42 0.74 0  
0.74 0.58 0  
0.54 0.26 0  
0.26 0.36 0  
0.38 0.24 0  
0.26 0.26 0  
0.72 0.74 0  
0.74 0.74 0  
0.24 0.32 0  
0.56 0.76 0  
0.72 0.24 0  
0.26 0.44 0  
0.22 0.66 0  
0.26 0.46 0  
0.76 0.62 0  
0.26 0.52 0  
0.26 0.5 0  
0.66 0.24 0  
0.74 0.52 0  
0.74 0.48 0  
0.76 0.42 0  
0.76 0.38 0  
0.58 0.24 0  
0.24 0.28 0  
0.28 0.24 0  
0.32 0.74 0  
0.42 0.24 0  
0.44 0.24 0  
0.74 0.56 0  
0.6 0.76 0  
0.76 0.68 0  
0.48 0.24 0  
0.62 0.26 0  
0.38 0.76 0  
0.26 0.74 0  
0.24 0.72 0  
0.76 0.46 0  
0.76 0.34 0  
0.36 0.22 0  
0.22 0.62 0  
0.66 0.74 0  
0.76 0.74 0  
0.24 0.74 0  
0.26 0.56 0  
0.24 0.6 0  
0.24 0.58 0  
0.26 0.24 0  
0.58 0.78 0  
0.32 0.24 0  
0.76 0.26 0  
0.72 0.54 0  
0.28 0.52 0  
0.6 0.28 0  
0.36 0.72 0  
0.74 0.36 0  
0.68 0.26 0  
0.66 0.72 0  
0.26 0.32 0  
0.28 0.46 0  
0.32 0.26 0  
0.3 0.72 0  
0.26 0.72 0  
0.74 0.46 0  
0.48 0.74 0  
0.6 0.74 0  
0.74 0.62 0  
0.26 0.28 0  
0.38 0.74 0  
0.74 0.68 0  
0.36 0.24 0  
0.72 0.72 0  
0.26 0.34 0  
0.74 0.26 0  
0.58 0.76 0  
0.74 0.6 0  
0.5 0.76 0  
0.74 0.5 0  
0.26 0.42 0  
0.4 0.74 0  
0.46 0.26 0  
0.48 0.26 0  
0.42 0.26 0  
0.58 0.26 0  
0.56 0.26 0  
0.74 0.66 0  
0.44 0.74 0  
0.72 0.56 0  
0.52 0.26 0  
0.7 0.26 0  
0.24 0.7 0  
0.64 0.26 0  
0.26 0.38 0  
0.4 0.24 0  
0.76 0.4 0  
0.76 0.44 0  
0.34 0.72 0  
0.76 0.32 0  
0.28 0.5 0  
0.54 0.76 0  
0.64 0.74 0  
0.7 0.74 0  
0.74 0.72 0  
0.26 0.54 0  
0.26 0.58 0  
0.34 0.24 0  
0.24 0.64 0  
0.24 0.62 0  
0.24 0.66 0  
0.3 0.26 0  
0.28 0.26 0  
0.76 0.28 0  
0.3 0.52 0  
0.46 0.28 0  
0.7 0.54 0  
0.48 0.72 0  
0.28 0.38 0  
0.36 0.7 0  
0.72 0.62 0  
0.68 0.28 0  
0.28 0.34 0  
0.74 0.3 0  
0.32 0.28 0  
0.72 0.48 0  
0.26 0.64 0  
0.52 0.28 0  
0.72 0.66 0  
0.72 0.7 0  
0.52 0.74 0  
0.28 0.58 0  
0.42 0.72 0  
0.38 0.72 0  
0.38 0.26 0  
0.68 0.72 0  
0.28 0.28 0  
0.28 0.72 0  
0.72 0.26 0  
0.74 0.42 0  
0.74 0.38 0  
0.74 0.44 0  
0.5 0.74 0  
0.56 0.74 0  
0.58 0.74 0  
0.28 0.48 0  
0.66 0.26 0  
0.72 0.5 0  
0.28 0.42 0  
0.58 0.28 0  
0.28 0.44 0  
0.26 0.3 0  
0.62 0.72 0  
0.64 0.72 0  
0.26 0.68 0  
0.4 0.26 0  
0.32 0.72 0  
0.28 0.54 0  
0.46 0.72 0  
0.26 0.7 0  
0.44 0.26 0  
0.62 0.28 0  
0.72 0.52 0  
0.48 0.28 0  
0.54 0.28 0  
0.72 0.58 0  
0.74 0.34 0  
0.26 0.6 0  
0.34 0.26 0  
0.7 0.72 0  
0.74 0.28 0  
0.52 0.3 0  
0.48 0.7 0  
0.6 0.3 0  
0.3 0.44 0  
0.72 0.36 0  
0.38 0.28 0  
0.62 0.7 0  
0.32 0.7 0  
0.66 0.7 0  
0.56 0.72 0  
0.3 0.54 0  
0.66 0.28 0  
0.28 0.3 0  
0.38 0.7 0  
0.34 0.28 0  
0.28 0.6 0  
0.7 0.7 0  
0.3 0.7 0  
0.72 0.68 0  
0.28 0.36 0  
0.52 0.72 0  
0.3 0.48 0  
0.3 0.5 0  
0.72 0.6 0  
0.28 0.56 0  
0.64 0.28 0  
0.28 0.32 0  
0.56 0.28 0  
0.42 0.28 0  
0.44 0.28 0  
0.4 0.72 0  
0.28 0.68 0  
0.34 0.7 0  
0.72 0.64 0  
0.7 0.52 0  
0.7 0.48 0  
0.72 0.42 0  
0.5 0.28 0  
0.28 0.7 0  
0.74 0.4 0  
0.7 0.28 0  
0.72 0.3 0  
0.72 0.28 0  
0.28 0.4 0  
0.26 0.66 0  
0.7 0.56 0  
0.72 0.46 0  
0.74 0.32 0  
0.44 0.72 0  
0.5 0.72 0  
0.54 0.74 0  
0.6 0.72 0  
0.36 0.26 0  
0.26 0.62 0  
0.3 0.28 0  
0.68 0.54 0  
0.32 0.5 0  
0.42 0.3 0  
0.3 0.38 0  
0.38 0.68 0  
0.34 0.68 0  
0.7 0.62 0  
0.66 0.3 0  
0.3 0.68 0  
0.7 0.3 0  
0.72 0.4 0  
0.3 0.34 0  
0.34 0.3 0  
0.7 0.46 0  
0.44 0.7 0  
0.4 0.7 0  
0.6 0.7 0  
0.3 0.32 0  
0.72 0.34 0  
0.7 0.66 0  
0.54 0.72 0  
0.72 0.38 0  
0.32 0.54 0  
0.3 0.6 0  
0.3 0.58 0  
0.56 0.3 0  
0.54 0.3 0  
0.3 0.46 0  
0.7 0.68 0  
0.32 0.3 0  
0.3 0.3 0  
0.36 0.28 0  
0.7 0.5 0  
0.5 0.7 0  
0.28 0.64 0  
0.48 0.3 0  
0.5 0.3 0  
0.58 0.3 0  
0.4 0.28 0  
0.62 0.3 0  
0.44 0.3 0  
0.7 0.58 0  
0.72 0.44 0  
0.3 0.42 0  
0.3 0.56 0  
0.64 0.7 0  
0.46 0.7 0  
0.58 0.72 0  
0.28 0.62 0  
0.28 0.66 0  
0.68 0.7 0  
0.72 0.32 0  
0.5 0.32 0  
0.5 0.68 0  
0.58 0.32 0  
0.7 0.4 0  
0.6 0.68 0  
0.32 0.44 0  
0.42 0.32 0  
0.68 0.48 0  
0.7 0.36 0  
0.4 0.68 0  
0.56 0.7 0  
0.68 0.52 0  
0.46 0.68 0  
0.66 0.68 0  
0.7 0.32 0  
0.32 0.68 0  
0.7 0.64 0  
0.52 0.7 0  
0.3 0.4 0  
0.68 0.3 0  
0.7 0.6 0  
0.32 0.52 0  
0.32 0.34 0  
0.64 0.3 0  
0.7 0.44 0  
0.54 0.32 0  
0.38 0.3 0  
0.4 0.3 0  
0.42 0.7 0  
0.58 0.7 0  
0.34 0.32 0  
0.3 0.64 0  
0.3 0.66 0  
0.36 0.68 0  
0.36 0.3 0  
0.32 0.32 0  
0.46 0.3 0  
0.6 0.32 0  
0.68 0.56 0  
0.3 0.36 0  
0.32 0.48 0  
0.32 0.56 0  
0.32 0.6 0  
0.62 0.68 0  
0.3 0.62 0  
0.68 0.66 0  
0.68 0.68 0  
0.34 0.52 0  
0.66 0.54 0  
0.58 0.34 0  
0.6 0.66 0  
0.34 0.34 0  
0.68 0.62 0  
0.4 0.66 0  
0.36 0.66 0  
0.32 0.4 0  
0.64 0.32 0  
0.52 0.68 0  
0.68 0.32 0  
0.42 0.68 0  
0.66 0.66 0  
0.68 0.64 0  
0.34 0.66 0  
0.32 0.62 0  
0.32 0.42 0  
0.7 0.42 0  
0.34 0.56 0  
0.62 0.32 0  
0.68 0.46 0  
0.52 0.32 0  
0.4 0.32 0  
0.32 0.46 0  
0.44 0.68 0  
0.32 0.36 0  
0.56 0.68 0  
0.68 0.5 0  
0.32 0.64 0  
0.46 0.32 0  
0.48 0.32 0  
0.56 0.32 0  
0.44 0.32 0  
0.7 0.38 0  
0.68 0.58 0  
0.34 0.5 0  
0.54 0.7 0  
0.64 0.68 0  
0.58 0.68 0  
0.32 0.58 0  
0.48 0.68 0  
0.32 0.66 0  
0.38 0.32 0  
0.36 0.32 0  
0.7 0.34 0  
0.36 0.52 0  
0.44 0.34 0  
0.5 0.66 0  
0.34 0.44 0  
0.66 0.48 0  
0.5 0.34 0  
0.68 0.4 0  
0.62 0.34 0  
0.34 0.6 0  
0.36 0.64 0  
0.34 0.36 0  
0.38 0.34 0  
0.46 0.66 0  
0.42 0.66 0  
0.64 0.66 0  
0.66 0.62 0  
0.54 0.68 0  
0.34 0.42 0  
0.66 0.32 0  
0.34 0.54 0  
0.6 0.34 0  
0.36 0.34 0  
0.32 0.38 0  
0.66 0.64 0  
0.38 0.66 0  
0.34 0.64 0  
0.46 0.34 0  
0.54 0.34 0  
0.56 0.34 0  
0.66 0.5 0  
0.66 0.52 0  
0.68 0.6 0  
0.4 0.34 0  
0.66 0.56 0  
0.68 0.38 0  
0.68 0.34 0  
0.68 0.44 0  
0.34 0.48 0  
0.34 0.58 0  
0.58 0.66 0  
0.62 0.66 0  
0.64 0.5 0  
0.54 0.36 0  
0.44 0.36 0  
0.6 0.64 0  
0.36 0.44 0  
0.38 0.36 0  
0.42 0.64 0  
0.36 0.6 0  
0.6 0.36 0  
0.66 0.4 0  
0.66 0.6 0  
0.38 0.64 0  
0.66 0.34 0  
0.34 0.38 0  
0.64 0.54 0  
0.64 0.62 0  
0.66 0.58 0  
0.56 0.66 0  
0.64 0.34 0  
0.68 0.42 0  
0.36 0.62 0  
0.36 0.56 0  
0.36 0.54 0  
0.36 0.36 0  
0.34 0.4 0  
0.48 0.34 0  
0.34 0.46 0  
0.44 0.66 0  
0.62 0.64 0  
0.42 0.34 0  
0.52 0.34 0  
0.56 0.36 0  
0.66 0.46 0  
0.36 0.5 0  
0.48 0.66 0  
0.64 0.64 0  
0.52 0.66 0  
0.34 0.62 0  
0.68 0.36 0  
0.38 0.52 0  
0.5 0.64 0  
0.54 0.38 0  
0.36 0.46 0  
0.66 0.42 0  
0.48 0.36 0  
0.42 0.36 0  
0.52 0.36 0  
0.64 0.36 0  
0.64 0.58 0  
0.64 0.56 0  
0.4 0.64 0  
0.54 0.66 0  
0.36 0.48 0  
0.62 0.36 0  
0.38 0.62 0  
0.66 0.44 0  
0.36 0.4 0  
0.38 0.56 0  
0.36 0.42 0  
0.58 0.36 0  
0.64 0.48 0  
0.46 0.36 0  
0.46 0.64 0  
0.64 0.6 0  
0.66 0.38 0  
0.4 0.36 0  
0.64 0.52 0  
0.36 0.58 0  
0.56 0.64 0  
0.58 0.64 0  
0.44 0.64 0  
0.36 0.38 0  
0.6 0.62 0  
0.62 0.62 0  
0.66 0.36 0  
0.62 0.5 0  
0.46 0.38 0  
0.38 0.46 0  
0.46 0.62 0  
0.64 0.44 0  
0.52 0.38 0  
0.58 0.38 0  
0.62 0.56 0  
0.54 0.64 0  
0.4 0.38 0  
0.38 0.58 0  
0.42 0.62 0  
0.52 0.64 0  
0.62 0.38 0  
0.38 0.42 0  
0.64 0.46 0  
0.38 0.4 0  
0.38 0.6 0  
0.56 0.38 0  
0.48 0.64 0  
0.64 0.42 0  
0.62 0.58 0  
0.64 0.4 0  
0.6 0.6 0  
0.4 0.62 0  
0.5 0.36 0  
0.42 0.38 0  
0.62 0.54 0  
0.38 0.5 0  
0.38 0.38 0  
0.38 0.54 0  
0.62 0.6 0  
0.56 0.62 0  
0.58 0.62 0  
0.64 0.38 0  
0.4 0.52 0  
0.52 0.4 0  
0.6 0.54 0  
0.62 0.46 0  
0.56 0.4 0  
0.4 0.58 0  
0.6 0.58 0  
0.5 0.38 0  
0.44 0.62 0  
0.42 0.6 0  
0.38 0.48 0  
0.54 0.62 0  
0.52 0.62 0  
0.48 0.62 0  
0.6 0.38 0  
0.62 0.48 0  
0.4 0.4 0  
0.38 0.44 0  
0.44 0.38 0  
0.48 0.38 0  
0.56 0.6 0  
0.58 0.6 0  
0.62 0.44 0  
0.62 0.52 0  
0.4 0.56 0  
0.4 0.6 0  
0.62 0.4 0  
0.48 0.6 0  
0.6 0.48 0  
0.6 0.52 0  
0.44 0.6 0  
0.4 0.48 0  
0.44 0.4 0  
0.6 0.4 0  
0.42 0.58 0  
0.4 0.5 0  
0.54 0.6 0  
0.58 0.4 0  
0.4 0.46 0  
0.54 0.4 0  
0.42 0.4 0  
0.6 0.56 0  
0.5 0.62 0  
0.56 0.58 0  
0.5 0.4 0  
0.58 0.58 0  
0.6 0.46 0  
0.46 0.4 0  
0.4 0.54 0  
0.4 0.44 0  
0.4 0.42 0  
0.62 0.42 0  
0.42 0.52 0  
0.5 0.42 0  
0.58 0.48 0  
0.42 0.48 0  
0.54 0.58 0  
0.44 0.42 0  
0.54 0.42 0  
0.44 0.58 0  
0.58 0.54 0  
0.58 0.42 0  
0.6 0.5 0  
0.46 0.6 0  
0.42 0.44 0  
0.56 0.56 0  
0.52 0.6 0  
0.6 0.44 0  
0.48 0.4 0  
0.42 0.56 0  
0.58 0.56 0  
0.5 0.6 0  
0.42 0.42 0  
0.6 0.42 0  
0.54 0.56 0  
0.58 0.5 0  
0.44 0.56 0  
0.5 0.58 0  
0.48 0.42 0  
0.44 0.44 0  
0.58 0.46 0  
0.58 0.52 0  
0.48 0.58 0  
0.42 0.5 0  
0.52 0.58 0  
0.56 0.42 0  
0.52 0.42 0  
0.56 0.54 0  
0.46 0.42 0  
0.42 0.54 0  
0.42 0.46 0  
0.46 0.58 0  
0.58 0.44 0  
0.54 0.54 0  
0.5 0.44 0  
0.44 0.52 0  
0.56 0.48 0  
0.5 0.56 0  
0.46 0.44 0  
0.46 0.56 0  
0.54 0.44 0  
0.56 0.5 0  
0.52 0.56 0  
0.44 0.54 0  
0.44 0.48 0  
0.56 0.52 0  
0.56 0.46 0  
0.56 0.44 0  
0.44 0.46 0  
0.54 0.48 0  
0.54 0.52 0  
0.52 0.54 0  
0.46 0.54 0  
0.54 0.46 0  
0.48 0.44 0  
0.52 0.44 0  
0.46 0.48 0  
0.46 0.46 0  
0.44 0.5 0  
0.48 0.56 0  
0.52 0.52 0  
0.46 0.5 0  
0.5 0.54 0  
0.52 0.48 0  
0.48 0.46 0  
0.5 0.46 0  
0.54 0.5 0  
0.52 0.46 0  
0.46 0.52 0  
0.48 0.54 0  
0.5 0.52 0  
0.48 0.52 0  
0.52 0.5 0  
0.5 0.48 0  
0.48 0.5 0  
0.48 0.48 0  
0.5 0.5 0  
0.5 0.49 0  
0.51 0.48 0  
0.52 0.49 0  
0.51 0.5 0  
0.49 0.5 0  
0.5 0.51 0  
0.49 0.52 0  
0.48 0.51 0  
0.48 0.49 0  
0.49 0.48 0  
0.69 0.62 0  
0.7 0.63 0  
0.69 0.64 0  
0.68 0.63 0  
0.22 0.79 0  
0.21 0.8 0  
0.2 0.79 0  
0.21 0.78 0  
0.44 0.53 0  
0.43 0.54 0  
0.42 0.53 0  
0.43 0.52 0  
0.55 0.68 0  
0.54 0.67 0  
0.55 0.66 0  
0.56 0.67 0  
0.51 0.56 0  
0.52 0.57 0  
0.51 0.58 0  
0.5 0.57 0  
0.36 0.47 0  
0.37 0.46 0  
0.38 0.47 0  
0.37 0.48 0  
0.52 0.63 0  
0.53 0.62 0  
0.54 0.63 0  
0.53 0.64 0  
0.52 0.61 0  
0.53 0.6 0  
0.54 0.61 0  
0.82 0.81 0  
0.83 0.8 0  
0.84 0.81 0  
0.83 0.82 0  
0.48 0.47 0  
0.49 0.46 0  
0.5 0.47 0  
0.41 0.6 0  
0.4 0.59 0  
0.41 0.58 0  
0.42 0.59 0  
0.49 0.44 0  
0.5 0.45 0  
0.48 0.45 0  
0.59 0.4 0  
0.58 0.39 0  
0.59 0.38 0  
0.6 0.39 0  
0.65 0.34 0  
0.64 0.33 0  
0.65 0.32 0  
0.66 0.33 0  
0.18 0.23 0  
0.17 0.24 0  
0.16 0.23 0  
0.17 0.22 0  
0.6 0.49 0  
0.61 0.48 0  
0.62 0.49 0  
0.61 0.5 0  
0.73 0.26 0  
0.72 0.25 0  
0.73 0.24 0  
0.74 0.25 0  
0.11 0.88 0  
0.12 0.89 0  
0.11 0.9 0  
0.1 0.89 0  
0.13999996 0.14999996 0  
0.12999997 0.15999997 0  
0.1199999 0.1499999 0  
0.12999989 0.1399999 0  
0.69 0.4 0  
0.7 0.41 0  
0.69 0.42 0  
0.68 0.41 0  
0.84 0.13 0  
0.85 0.12 0  
0.86 0.13 0  
0.85 0.14 0  
0.54 0.73 0  
0.53 0.74 0  
0.52 0.73 0  
0.53 0.72 0  
0.89 0.86 0  
0.9 0.87 0  
0.89 0.88 0  
0.88 0.87 0  
0.18 0.39 0  
0.19 0.38 0  
0.2 0.39 0  
0.19 0.4 0  
0.38 0.39 0  
0.39 0.38 0  
0.4 0.39 0  
0.39 0.4 0  
0.51 0.94 0  
0.5 0.93 0  
0.51 0.92 0  
0.52 0.93 0  
0.39 0.6 0  
0.38 0.59 0  
0.39 0.58 0  
0.7 0.61 0  
0.71 0.6 0  
0.72 0.61 0  
0.71 0.62 0  
0.73 0.6 0  
0.74 0.61 0  
0.73 0.62 0  
0.35 0.62 0  
0.34 0.61 0  
0.35 0.6 0  
0.36 0.61 0  
0.069963455 0.059963454 0  
0.07998165 0.06998165 0  
0.0699818 0.079981804 0  
0.059963606 0.069963604 0  
0.14 0.41 0  
0.13 0.42 0  
0.12 0.41 0  
0.13 0.4 0  
0.16 0.43 0  
0.17 0.42 0  
0.18 0.43 0  
0.17 0.44 0  
0.2 0.45 0  
0.21 0.44 0  
0.22 0.45 0  
0.21 0.46 0  
0.77 0.48 0  
0.78 0.49 0  
0.77 0.5 0  
0.76 0.49 0  
0.45 0.88 0  
0.46 0.89 0  
0.45 0.9 0  
0.44 0.89 0  
0.049973115 0.07997312 0  
0.039945457 0.069945455 0  
0.049935948 0.05993595 0  
0.41 0.9 0  
0.42 0.91 0  
0.41 0.92 0  
0.4 0.91 0  
0.82 0.57 0  
0.83 0.56 0  
0.84 0.57 0  
0.83 0.58 0  
0.39 0.92 0  
0.4 0.93 0  
0.39 0.94 0  
0.38 0.93 0  
0.47 0.18 0  
0.46 0.17 0  
0.47 0.16 0  
0.48 0.17 0  
0.48 0.43 0  
0.49 0.42 0  
0.5 0.43 0  
0.51 0.44 0  
0.51 0.42 0  
0.52 0.43 0  
0.08 0.55 0  
0.09 0.54 0  
0.1 0.55 0  
0.09 0.56 0  
0.39 0.46 0  
0.4 0.47 0  
0.39 0.48 0  
0.58 0.37 0  
0.59 0.36 0  
0.6 0.37 0  
0.86 0.59 0  
0.87 0.58 0  
0.88 0.59 0  
0.87 0.6 0  
0.1 0.87 0  
0.11 0.86 0  
0.12 0.87 0  
0.64 0.31 0  
0.65 0.3 0  
0.66 0.31 0  
0.11 0.54 0  
0.12 0.55 0  
0.11 0.56 0  
0.64 0.29 0  
0.65 0.28 0  
0.66 0.29 0  
0.63 0.46 0  
0.64 0.47 0  
0.63 0.48 0  
0.62 0.47 0  
0.78 0.65 0  
0.79 0.64 0  
0.8 0.65 0  
0.79 0.66 0  
0.84 0.41 0  
0.83 0.42 0  
0.82 0.41 0  
0.83 0.4 0  
0.64 0.49 0  
0.65 0.48 0  
0.66 0.49 0  
0.65 0.5 0  
0.67 0.26 0  
0.66 0.25 0  
0.67 0.24 0  
0.68 0.25 0  
0.08 0.43 0  
0.07 0.44 0  
0.06 0.43 0  
0.07 0.42 0  
0.07 0.92 0  
0.08 0.93 0  
0.07 0.94 0  
0.06 0.93 0  
0.06 0.91 0  
0.07 0.9 0  
0.08 0.91 0  
0.89 0.46 0  
0.88 0.45 0  
0.89 0.44 0  
0.9 0.45 0  
0.18 0.59 0  
0.17 0.6 0  
0.16 0.59 0  
0.17 0.58 0  
0.36 0.35 0  
0.37 0.34 0  
0.38 0.35 0  
0.37 0.36 0  
0.51 0.74 0  
0.52 0.75 0  
0.51 0.76 0  
0.5 0.75 0  
0.2 0.63 0  
0.19 0.64 0  
0.18 0.63 0  
0.19 0.62 0  
0.22 0.65 0  
0.21 0.66 0  
0.2 0.65 0  
0.21 0.64 0  
0.34 0.39 0  
0.33 0.4 0  
0.32 0.39 0  
0.33 0.38 0  
0.3 0.39 0  
0.31 0.38 0  
0.31 0.4 0  
0.49 0.8 0  
0.48 0.79 0  
0.49 0.78 0  
0.5 0.79 0  
0.94 0.09 0  
0.93 0.1 0  
0.92 0.09 0  
0.93 0.08 0  
0.92 0.07 0  
0.93 0.06 0  
0.94 0.07 0  
0.12 0.91 0  
0.11 0.92 0  
0.1 0.91 0  
0.06 0.53 0  
0.05 0.54 0  
0.04 0.53 0  
0.05 0.52 0  
0.05 0.92 0  
0.04 0.91 0  
0.05 0.9 0  
0.91 0.86 0  
0.92 0.87 0  
0.91 0.88 0  
0.53 0.48 0  
0.54 0.49 0  
0.53 0.5 0  
0.37 0.94 0  
0.38 0.95 0  
0.37 0.96 0  
0.36 0.95 0  
0.58 0.51 0  
0.57 0.52 0  
0.56 0.51 0  
0.57 0.5 0  
0.42 0.41 0  
0.43 0.4 0  
0.44 0.41 0  
0.43 0.42 0  
0.1 0.39 0  
0.09 0.4 0  
0.08 0.39 0  
0.09 0.38 0  
0.08 0.95 0  
0.07 0.96 0  
0.06 0.95 0  
0.029822942 0.019822942 0  
0.03983185 0.029831849 0  
0.029826744 0.039826743 0  
0.019817835 0.029817834 0  
0.07 0.28 0  
0.06 0.27 0  
0.07 0.26 0  
0.08 0.27 0  
0.47 0.86 0  
0.46 0.85 0  
0.47 0.84 0  
0.48 0.85 0  
0.41 0.84 0  
0.42 0.85 0  
0.41 0.86 0  
0.4 0.85 0  
0.19 0.72 0  
0.2 0.73 0  
0.19 0.74 0  
0.18 0.73 0  
0.51 0.84 0  
0.5 0.83 0  
0.51 0.82 0  
0.52 0.83 0  
0.38 0.63 0  
0.37 0.64 0  
0.36 0.63 0  
0.37 0.62 0  
0.47 0.52 0  
0.46 0.51 0  
0.47 0.5 0  
0.47 0.98 0  
0.48 0.99 0  
0.46 0.99 0  
0.56 0.49 0  
0.55 0.5 0  
0.55 0.48 0  
0.5 0.81 0  
0.51 0.8 0  
0.52 0.81 0  
0.58 0.55 0  
0.59 0.54 0  
0.6 0.55 0  
0.59 0.56 0  
0.62 0.55 0  
0.61 0.56 0  
0.61 0.54 0  
0.5 0.53 0  
0.49 0.54 0  
0.48 0.53 0  
0.2 0.37 0  
0.21 0.36 0  
0.22 0.37 0  
0.21 0.38 0  
0.38 0.31 0  
0.39 0.3 0  
0.4 0.31 0  
0.39 0.32 0  
0.69 0.22 0  
0.68 0.21 0  
0.69 0.2 0  
0.7 0.21 0  
0.96 0.55 0  
0.97 0.54 0  
0.98 0.55 0  
0.97 0.56 0  
0.04 0.49 0  
0.03 0.5 0  
0.02 0.49 0  
0.03 0.48 0  
0.3 0.45 0  
0.31 0.44 0  
0.32 0.45 0  
0.31 0.46 0  
0.57 0.28 0  
0.56 0.27 0  
0.57 0.26 0  
0.58 0.27 0  
0.33 0.44 0  
0.34 0.45 0  
0.33 0.46 0  
0.09999836 0.10999837 0  
0.08999893 0.11999893 0  
0.079997316 0.10999732 0  
0.089996755 0.09999675 0  
0.07 0.56 0  
0.06 0.55 0  
0.07 0.54 0  
0.28 0.31 0  
0.27 0.32 0  
0.26 0.31 0  
0.27 0.3 0  
0.24 0.31 0  
0.25 0.3 0  
0.25 0.32 0  
0.68 0.19 0  
0.69 0.18 0  
0.7 0.19 0  
0.86 0.65 0  
0.87 0.64 0  
0.88 0.65 0  
0.87 0.66 0  
0.49 0.08 0  
0.48 0.07 0  
0.49 0.06 0  
0.5 0.07 0  
0.46 0.55 0  
0.45 0.56 0  
0.44 0.55 0  
0.45 0.54 0  
0.43 0.7 0  
0.42 0.69 0  
0.43 0.68 0  
0.44 0.69 0  
0.59 0.24 0  
0.58 0.23 0  
0.59 0.22 0  
0.6 0.23 0  
0.94 0.65 0  
0.95 0.64 0  
0.96 0.65 0  
0.95 0.66 0  
0.06 0.37 0  
0.07 0.36 0  
0.08 0.37 0  
0.07 0.38 0  
0.84 0.91 0  
0.83 0.92 0  
0.82 0.91 0  
0.83 0.9 0  
0.58 0.21 0  
0.59 0.2 0  
0.6 0.21 0  
0.58 0.19 0  
0.59 0.18 0  
0.6 0.19 0  
0.39 0.88 0  
0.4 0.89 0  
0.39 0.9 0  
0.38 0.89 0  
0.98 0.03 0  
0.97 0.04 0  
0.96 0.03 0  
0.97 0.02 0  
0.27 0.92 0  
0.28 0.93 0  
0.27 0.94 0  
0.26 0.93 0  
0.51 0.04 0  
0.5 0.03 0  
0.51 0.02 0  
0.52 0.03 0  
0.86 0.73 0  
0.85 0.74 0  
0.84 0.73 0  
0.85 0.72 0  
0.94 0.51 0  
0.93 0.52 0  
0.92 0.51 0  
0.93 0.5 0  
0.52 0.05 0  
0.51 0.06 0  
0.5 0.05 0  
0.55 0.1 0  
0.54 0.09 0  
0.55 0.08 0  
0.56 0.09 0  
0.16 0.95 0  
0.15 0.96 0  
0.14 0.95 0  
0.15 0.94 0  
0.7 0.79 0  
0.71 0.78 0  
0.72 0.79 0  
0.71 0.8 0  
0.53 0.12 0  
0.52 0.11 0  
0.53 0.1 0  
0.54 0.11 0  
0.95 0.56 0  
0.94 0.55 0  
0.95 0.54 0  
0.71 0.16 0  
0.7 0.15 0  
0.71 0.14 0  
0.72 0.15 0  
0.38 0.91 0  
0.61 0.16 0  
0.6 0.15 0  
0.61 0.14 0  
0.62 0.15 0  
0.95 0.82 0  
0.96 0.83 0  
0.95 0.84 0  
0.94 0.83 0  
0.57 0.08 0  
0.56 0.07 0  
0.57 0.06 0  
0.58 0.07 0  
0.02 0.45 0  
0.03 0.44 0  
0.04 0.45 0  
0.03 0.46 0  
0.04 0.35 0  
0.05 0.34 0  
0.06 0.35 0  
0.05 0.36 0  
0.1 0.59 0  
0.11 0.58 0  
0.12 0.59 0  
0.11 0.6 0  
0.22 0.29 0  
0.23 0.28 0  
0.24 0.29 0  
0.23 0.3 0  
0.47 0.46 0  
0.46 0.45 0  
0.47 0.44 0  
0.62 0.17 0  
0.61 0.18 0  
0.6 0.17 0  
0.2 0.25 0  
0.21 0.24 0  
0.22 0.25 0  
0.21 0.26 0  
0.56 0.83 0  
0.57 0.82 0  
0.58 0.83 0  
0.57 0.84 0  
0.13 0.58 0  
0.14 0.59 0  
0.13 0.6 0  
0.01 0.48 0  
0.01 0.5 0  
0.92 0.05 0  
0.93 0.04 0  
0.94 0.05 0  
0.15 0.6 0  
0.15 0.58 0  
0.17 0.86 0  
0.18 0.87 0  
0.17 0.88 0  
0.16 0.87 0  
0.29 0.8 0  
0.3 0.81 0  
0.29 0.82 0  
0.28 0.81 0  
0.52 0.47 0  
0.53 0.46 0  
0.54 0.47 0  
0.49 0.96 0  
0.5 0.97 0  
0.49 0.98 0  
0.48 0.97 0  
0.5 0.99 0  
0.27 0.26 0  
0.26 0.25 0  
0.27 0.24 0  
0.28 0.25 0  
0.73 0.12 0  
0.72 0.11 0  
0.73 0.1 0  
0.74 0.11 0  
0.64 0.57 0  
0.63 0.58 0  
0.62 0.57 0  
0.63 0.56 0  
0.66 0.59 0  
0.65 0.6 0  
0.64 0.59 0  
0.65 0.58 0  
0.109999955 0.15999995 0  
0.099999845 0.14999984 0  
0.1099998 0.13999979 0  
0.67 0.64 0  
0.66 0.63 0  
0.67 0.62 0  
0.35 0.94 0  
0.34 0.93 0  
0.35 0.92 0  
0.36 0.93 0  
0.9 0.93 0  
0.91 0.92 0  
0.92 0.93 0  
0.91 0.94 0  
0.45 0.6 0  
0.44 0.59 0  
0.45 0.58 0  
0.46 0.59 0  
0.42 0.95 0  
0.41 0.96 0  
0.4 0.95 0  
0.41 0.94 0  
0.43 0.58 0  
0.43 0.6 0  
0.96 0.97 0  
0.95 0.98 0  
0.94 0.97 0  
0.95 0.96 0  
0.46 0.97 0  
0.47 0.96 0  
0.049999993 0.17999999 0  
0.03999998 0.16999999 0  
0.049999967 0.15999997 0  
0.05999998 0.16999999 0  
0.23 0.32 0  
0.22 0.31 0  
0.16 0.37 0  
0.15 0.38 0  
0.14 0.37 0  
0.15 0.36 0  
0.13 0.86 0  
0.14 0.87 0  
0.13 0.88 0  
0.16 0.77 0  
0.15 0.78 0  
0.14 0.77 0  
0.15 0.76 0  
0.21 0.32 0  
0.2 0.31 0  
0.21 0.3 0  
0.62 0.39 0  
0.63 0.38 0  
0.64 0.39 0  
0.63 0.4 0  
0.95 0.72 0  
0.96 0.73 0  
0.95 0.74 0  
0.94 0.73 0  
0.25 0.94 0  
0.26 0.95 0  
0.25 0.96 0  
0.24 0.95 0  
0.9 0.11 0  
0.91 0.1 0  
0.92 0.11 0  
0.91 0.12 0  
0.1 0.81 0  
0.11 0.8 0  
0.12 0.81 0  
0.11 0.82 0  
0.43 0.96 0  
0.44 0.97 0  
0.43 0.98 0  
0.42 0.97 0  
0.14 0.89 0  
0.13 0.9 0  
0.51 0.46 0  
0.119999714 0.12999971 0  
0.12999974 0.119999744 0  
0.13999993 0.12999992 0  
0.96 0.57 0  
0.98 0.57 0  
0.97 0.58 0  
0.52 0.45 0  
0.03 0.36 0  
0.02 0.35 0  
0.03 0.34 0  
0.17 0.74 0  
0.16 0.73 0  
0.17 0.72 0  
0.19 0.22 0  
0.2 0.23 0  
0.19 0.24 0  
0.72 0.67 0  
0.71 0.68 0  
0.7 0.67 0  
0.71 0.66 0  
0.99 0.54 0  
0.99 0.56 0  
0.88 0.97 0  
0.87 0.98 0  
0.86 0.97 0  
0.87 0.96 0  
0.14 0.91 0  
0.13 0.92 0  
0.5 0.01 0  
0.52 0.01 0  
0.56 0.69 0  
0.55 0.7 0  
0.54 0.69 0  
0.04 0.41 0  
0.03 0.42 0  
0.02 0.41 0  
0.03 0.4 0  
0.02 0.47 0  
0.01 0.46 0  
0.56 0.11 0  
0.55 0.12 0  
0.54 0.13 0  
0.53 0.14 0  
0.52 0.13 0  
0.47 0.54 0  
0.46 0.53 0  
0.18 0.89 0  
0.17 0.9 0  
0.16 0.89 0  
0.58 0.09 0  
0.57 0.1 0  
0.71 0.74 0  
0.7 0.73 0  
0.71 0.72 0  
0.72 0.73 0  
0.52 0.71 0  
0.51 0.72 0  
0.5 0.71 0  
0.51 0.7 0  
0.02 0.39 0  
0.01 0.4 0  
0.01 0.38 0  
0.98 0.51 0  
0.99 0.5 0  
0.99 0.52 0  
0.45 0.98 0  
0.44 0.99 0  
0.94 0.11 0  
0.93 0.12 0  
0.88 0.99 0  
0.89 0.98 0  
0.9 0.99 0  
0.15 0.9 0  
0.16 0.91 0  
0.15 0.92 0  
0.14 0.73 0  
0.15 0.72 0  
0.15 0.74 0  
0.93 0.86 0  
0.94 0.87 0  
0.93 0.88 0  
0.52 0.59 0  
0.51 0.6 0  
0.5 0.59 0  
0.72 0.09 0  
0.73 0.08 0  
0.74 0.09 0  
0.88 0.15 0  
0.89 0.14 0  
0.9 0.15 0  
0.89 0.16 0  
0.53 0.54 0  
0.54 0.55 0  
0.53 0.56 0  
0.52 0.55 0  
0.24 0.69 0  
0.23 0.7 0  
0.22 0.69 0  
0.23 0.68 0  
0.75 0.74 0  
0.76 0.75 0  
0.75 0.76 0  
0.74 0.75 0  
0.03988867 0.04988867 0  
0.02992335 0.05992335 0  
0.019861424 0.049861424 0  
0.38 0.97 0  
0.37 0.98 0  
0.36 0.97 0  
0.89 0.06 0  
0.88 0.05 0  
0.89 0.04 0  
0.9 0.05 0  
0.51 0.52 0  
0.52 0.53 0  
0.51 0.54 0  
0.11999944 0.10999944 0  
0.12999958 0.09999958 0  
0.13999988 0.10999988 0  
0.31 0.7 0  
0.32 0.71 0  
0.31 0.72 0  
0.3 0.71 0  
0.33 0.68 0  
0.34 0.69 0  
0.33 0.7 0  
0.32 0.69 0  
0.14 0.93 0  
0.13 0.94 0  
0.12 0.93 0  
0.21 0.7 0  
0.2 0.69 0  
0.21 0.68 0  
0.1 0.21 0  
0.09 0.22 0  
0.08 0.21 0  
0.089999996 0.2 0  
0.25 0.22 0  
0.24 0.21 0  
0.25 0.2 0  
0.26 0.21 0  
0.23 0.64 0  
0.24 0.65 0  
0.23 0.66 0  
0.32 0.73 0  
0.31 0.74 0  
0.3 0.73 0  
0.67 0.72 0  
0.66 0.71 0  
0.67 0.7 0  
0.68 0.71 0  
0.77 0.78 0  
0.78 0.79 0  
0.77 0.8 0  
0.76 0.79 0  
0.84 0.11 0  
0.85 0.1 0  
0.86 0.11 0  
0.24 0.19 0  
0.25 0.18 0  
0.26 0.19 0  
0.03 0.38 0  
0.04 0.39 0  
0.93 0.84 0  
0.94 0.85 0  
0.92 0.85 0  
0.18 0.91 0  
0.17 0.92 0  
0.08999109 0.079991095 0  
0.08998496 0.05998496 0  
0.099994406 0.06999441 0  
0.19 0.16 0  
0.17999999 0.14999999 0  
0.19 0.14 0  
0.2 0.15 0  
0.63 0.36 0  
0.64 0.37 0  
0.62 0.37 0  
0.19 0.66 0  
0.18 0.65 0  
0.33 0.62 0  
0.34 0.63 0  
0.33 0.64 0  
0.32 0.63 0  
0.67 0.48 0  
0.68 0.49 0  
0.67 0.5 0  
0.16 0.93 0  
0.65 0.36 0  
0.66 0.37 0  
0.65 0.38 0  
0.63 0.68 0  
0.62 0.67 0  
0.63 0.66 0  
0.64 0.67 0  
0.63 0.6 0  
0.62 0.59 0  
0.87 0.72 0  
0.88 0.73 0  
0.87 0.74 0  
0.05 0.28 0  
0.04 0.27 0  
0.05 0.26 0  
0.92 0.15 0  
0.91 0.16 0  
0.91 0.14 0  
0.55 0.46 0  
0.54 0.45 0  
0.55 0.44 0  
0.56 0.45 0  
0.18 0.69 0  
0.17 0.7 0  
0.16 0.69 0  
0.17 0.68 0  
0.31 0.64 0  
0.32 0.65 0  
0.31 0.66 0  
0.3 0.65 0  
0.55 0.42 0  
0.56 0.43 0  
0.54 0.43 0  
0.89 0.96 0  
0.9 0.97 0  
0.87 0.06 0  
0.86 0.05 0  
0.87 0.04 0  
0.27 0.62 0  
0.28 0.63 0  
0.27 0.64 0  
0.26 0.63 0  
0.63 0.06 0  
0.64 0.07 0  
0.63 0.08 0  
0.62 0.07 0  
0.17999999 0.13 0  
0.19 0.12 0  
0.2 0.13 0  
0.34 0.33 0  
0.33 0.34 0  
0.32 0.33 0  
0.33 0.32 0  
0.11999909 0.08999909 0  
0.12999934 0.07999934 0  
0.13999984 0.08999983 0  
0.3 0.33 0  
0.31 0.32 0  
0.31 0.34 0  
0.75 0.78 0  
0.75 0.8 0  
0.74 0.79 0  
0.18 0.93 0  
0.17 0.94 0  
0.09 0.36 0  
0.1 0.37 0  
0.78 0.23 0  
0.79 0.22 0  
0.8 0.23 0  
0.79 0.24 0  
0.109998375 0.09999837 0  
0.09999641 0.089996405 0  
0.10999712 0.07999712 0  
0.58 0.43 0  
0.59 0.42 0  
0.6 0.43 0  
0.59 0.44 0  
0.32 0.31 0  
0.3 0.31 0  
0.31 0.3 0  
0.42 0.99 0  
0.93 0.92 0  
0.94 0.93 0  
0.93 0.94 0  
0.16999999 0.13999999 0  
0.15999998 0.12999998 0  
0.16999999 0.11999998 0  
0.75 0.08 0  
0.74 0.07 0  
0.75 0.06 0  
0.76 0.07 0  
0.96 0.85 0  
0.95 0.86 0  
0.29 0.22 0  
0.28 0.21 0  
0.29 0.2 0  
0.3 0.21 0  
0.29 0.3 0  
0.29 0.32 0  
0.25 0.14 0  
0.24 0.13 0  
0.25 0.12 0  
0.26 0.13 0  
0.93 0.74 0  
0.94 0.75 0  
0.93 0.76 0  
0.92 0.75 0  
0.72 0.29 0  
0.73 0.28 0  
0.74 0.29 0  
0.73 0.3 0  
0.92 0.03 0  
0.93 0.02 0  
0.94 0.03 0  
0.03 0.92 0  
0.02 0.91 0  
0.03 0.9 0  
0.95 0.5 0  
0.96 0.51 0  
0.95 0.52 0  
0.29 0.26 0  
0.29 0.24 0  
0.3 0.25 0  
0.47 0.58 0  
0.46 0.57 0  
0.47 0.56 0  
0.48 0.57 0  
0.57 0.64 0  
0.56 0.63 0  
0.57 0.62 0  
0.58 0.63 0  
0.29 0.28 0  
0.28 0.27 0  
0.3 0.27 0  
0.92 0.99 0  
0.91 0.98 0  
0.53 0.04 0  
0.53 0.02 0  
0.54 0.03 0  
0.05 0.38 0  
0.04 0.37 0  
0.06 0.29 0  
0.05 0.3 0  
0.04 0.29 0  
0.97 0.52 0  
0.97 0.5 0  
0.01 0.44 0  
0.66 0.35 0  
0.64 0.35 0  
0.81 0.16 0  
0.8 0.15 0  
0.81 0.14 0  
0.82 0.15 0  
0.15 0.24 0  
0.14 0.23 0  
0.15 0.22 0  
0.44 0.57 0  
0.48 0.55 0  
0.42 0.49 0  
0.43 0.48 0  
0.44 0.49 0  
0.43 0.5 0  
0.17999999 0.10999999 0  
0.19 0.099999994 0  
0.2 0.11 0  
0.02 0.37 0  
0.59 0.5 0  
0.58 0.49 0  
0.59 0.48 0  
0.28 0.95 0  
0.27 0.96 0  
0.94 0.53 0  
0.96 0.53 0  
0.49 0.4 0  
0.48 0.39 0  
0.49 0.38 0  
0.5 0.39 0  
0.12 0.97 0  
0.11 0.98 0  
0.1 0.97 0  
0.11 0.96 0  
0.02 0.89 0  
0.03 0.88 0  
0.04 0.89 0  
0.31 0.96 0  
0.3 0.95 0  
0.31 0.94 0  
0.32 0.95 0  
0.04 0.93 0  
0.03 0.94 0  
0.02 0.93 0  
0.42 0.57 0  
0.43 0.56 0  
0.38 0.37 0  
0.39 0.36 0  
0.4 0.37 0  
0.04 0.47 0  
0.67 0.84 0  
0.66 0.83 0  
0.67 0.82 0  
0.68 0.83 0  
0.01 0.88 0  
0.01 0.86 0  
0.02 0.87 0  
0.27 0.88 0  
0.28 0.89 0  
0.27 0.9 0  
0.26 0.89 0  
0.45 0.48 0  
0.46 0.49 0  
0.45 0.5 0  
0.68 0.35 0  
0.69 0.34 0  
0.7 0.35 0  
0.69 0.36 0  
0.81 0.22 0  
0.82 0.23 0  
0.81 0.24 0  
0.72 0.63 0  
0.71 0.64 0  
0.4 0.45 0  
0.41 0.44 0  
0.42 0.45 0  
0.41 0.46 0  
0.25 0.26 0  
0.24 0.25 0  
0.25 0.24 0  
0.12 0.65 0  
0.13 0.64 0  
0.14 0.65 0  
0.13 0.66 0  
0.53 0.52 0  
0.54 0.53 0  
0.35 0.66 0  
0.34 0.65 0  
0.35 0.64 0  
0.36 0.65 0  
0.97 0.84 0  
0.98 0.85 0  
0.97 0.86 0  
0.67 0.88 0  
0.66 0.87 0  
0.67 0.86 0  
0.68 0.87 0  
0.43 0.44 0  
0.44 0.45 0  
0.43 0.46 0  
0.86 0.83 0  
0.87 0.82 0  
0.88 0.83 0  
0.87 0.84 0  
0.41 0.78 0  
0.4 0.77 0  
0.41 0.76 0  
0.42 0.77 0  
0.71 0.34 0  
0.72 0.35 0  
0.71 0.36 0  
0.63 0.84 0  
0.62 0.83 0  
0.63 0.82 0  
0.64 0.83 0  
0.39 0.8 0  
0.38 0.79 0  
0.39 0.78 0  
0.4 0.79 0  
0.079991445 0.08999144 0  
0.42 0.55 0  
0.01 0.9 0  
0.54 0.01 0  
0.11999861 0.069998614 0  
0.1299991 0.0599991 0  
0.13999984 0.06999983 0  
0.29 0.18 0  
0.28 0.17 0  
0.29 0.16 0  
0.3 0.17 0  
0.23 0.24 0  
0.23 0.26 0  
0.76 0.27 0  
0.77 0.26 0  
0.78 0.27 0  
0.77 0.28 0  
0.089981414 0.039981417 0  
0.09999346 0.04999346 0  
0.079972915 0.049972918 0  
0.4 0.99 0  
0.41 0.98 0  
0.39 0.98 0  
0.38 0.99 0  
0.92 0.53 0  
0.93 0.54 0  
0.71 0.9 0  
0.7 0.89 0  
0.71 0.88 0  
0.72 0.89 0  
0.73 0.66 0  
0.74 0.67 0  
0.73 0.68 0  
0.27 0.22 0  
0.27 0.2 0  
0.56 0.53 0  
0.58 0.53 0  
0.57 0.54 0  
0.04 0.31 0  
0.03 0.32 0  
0.02 0.31 0  
0.03 0.3 0  
0.96 0.63 0  
0.97 0.62 0  
0.98 0.63 0  
0.97 0.64 0  
0.05 0.4 0  
0.06 0.41 0  
0.05 0.42 0  
0.45 0.76 0  
0.44 0.75 0  
0.45 0.74 0  
0.46 0.75 0  
0.32 0.97 0  
0.31 0.98 0  
0.3 0.97 0  
0.98 0.53 0  
0.76 0.29 0  
0.78 0.29 0  
0.77 0.3 0  
0.16 0.97 0  
0.15 0.98 0  
0.14 0.97 0  
0.26 0.87 0  
0.27 0.86 0  
0.28 0.87 0  
0.6 0.53 0  
0.61 0.52 0  
0.62 0.53 0  
0.41 0.64 0  
0.4 0.63 0  
0.41 0.62 0  
0.42 0.63 0  
0.96 0.69 0  
0.95 0.7 0  
0.94 0.69 0  
0.95 0.68 0  
0.98 0.05 0  
0.97 0.06 0  
0.96 0.05 0  
0.04 0.21 0  
0.03 0.22 0  
0.02 0.21 0  
0.03 0.2 0  
0.66 0.03 0  
0.67 0.02 0  
0.68 0.03 0  
0.67 0.04 0  
0.24 0.11 0  
0.25 0.1 0  
0.26 0.11 0  
0.17999999 0.08999999 0  
0.19 0.07999999 0  
0.2 0.089999996 0  
0.95 0.04 0  
0.95 0.02 0  
0.86 0.19 0  
0.87 0.18 0  
0.88 0.19 0  
0.87 0.2 0  
0.16999997 0.09999997 0  
0.15999995 0.08999995 0  
0.16999997 0.07999997 0  
0.13 0.98 0  
0.13 0.96 0  
0.69 0.68 0  
0.68 0.67 0  
0.69 0.66 0  
0.6 0.51 0  
0.59 0.52 0  
0.1099959 0.0599959 0  
0.07 0.34 0  
0.08 0.35 0  
0.93 0.78 0  
0.94 0.79 0  
0.93 0.8 0  
0.92 0.79 0  
0.01 0.42 0  
0.02 0.43 0  
0.39 0.62 0  
0.38 0.61 0  
0.4 0.61 0  
0.54 0.59 0  
0.55 0.58 0  
0.56 0.59 0  
0.55 0.6 0  
0.6 0.41 0  
0.58 0.41 0  
0.55 0.54 0  
0.56 0.55 0  
0.55 0.56 0  
0.4 0.81 0  
0.39 0.82 0  
0.38 0.81 0  
0.55 0.02 0  
0.56 0.03 0  
0.55 0.04 0  
0.42 0.79 0  
0.41 0.8 0  
0.54 0.65 0  
0.55 0.64 0  
0.56 0.65 0  
0.47 0.48 0  
0.46 0.47 0  
0.48 0.37 0  
0.49 0.36 0  
0.5 0.37 0  
0.55 0.72 0  
0.56 0.73 0  
0.55 0.74 0  
0.55 0.52 0  
0.54 0.51 0  
0.019985411 0.08998541 0  
0.029972987 0.07997299 0  
0.03998083 0.089980826 0  
0.029993253 0.09999325 0  
0.31 0.9 0  
0.32 0.91 0  
0.31 0.92 0  
0.3 0.91 0  
0.66 0.39 0  
0.65 0.4 0  
0.57 0.78 0  
0.56 0.77 0  
0.57 0.76 0  
0.58 0.77 0  
0.069994785 0.099994786 0  
0.05998515 0.08998515 0  
0.03 0.86 0  
0.04 0.87 0  
0.05 0.44 0  
0.04 0.43 0  
0.6 0.03 0  
0.61 0.02 0  
0.62 0.03 0  
0.61 0.04 0  
0.07 0.22 0  
0.06 0.21 0  
0.07 0.2 0  
0.97 0.68 0  
0.98 0.69 0  
0.97 0.7 0  
0.21 0.17999999 0  
0.2 0.17 0  
0.21 0.16 0  
0.22 0.17 0  
0.74 0.05 0  
0.75 0.04 0  
0.76 0.05 0  
0.67 0.9 0  
0.66 0.89 0  
0.68 0.89 0  
0.29 0.14 0  
0.28 0.13 0  
0.29 0.12 0  
0.3 0.13 0  
0.86 0.99 0  
0.69 0.72 0  
0.69 0.7 0  
0.7 0.71 0  
0.22 0.97 0  
0.21 0.98 0  
0.2 0.97 0  
0.21 0.96 0  
0.89 0.72 0  
0.9 0.73 0  
0.89 0.74 0  
0.55 0.16 0  
0.54 0.15 0  
0.55 0.14 0  
0.56 0.15 0  
0.63 0.88 0  
0.62 0.87 0  
0.63 0.86 0  
0.64 0.87 0  
0.2 0.95 0  
0.21 0.94 0  
0.22 0.95 0  
0.11 0.62 0  
0.12 0.63 0  
0.11 0.64 0  
0.1 0.63 0  
0.33 0.96 0  
0.33 0.94 0  
0.34 0.95 0  
0.35 0.98 0  
0.34 0.97 0  
0.35 0.96 0  
0.29 0.92 0  
0.3 0.93 0  
0.29 0.94 0  
0.03 0.28 0  
0.02 0.27 0  
0.03 0.26 0  
0.98 0.65 0  
0.97 0.66 0  
0.49 0.34 0  
0.5 0.35 0  
0.48 0.35 0  
0.93 0.7 0  
0.94 0.71 0  
0.93 0.72 0  
0.92 0.71 0  
0.04 0.33 0  
0.05 0.32 0  
0.06 0.33 0  
0.62 0.41 0  
0.64 0.41 0  
0.63 0.42 0  
0.53 0.7 0  
0.52 0.69 0  
0.53 0.68 0  
0.7 0.53 0  
0.71 0.52 0  
0.72 0.53 0  
0.71 0.54 0  
0.86 0.15 0  
0.85 0.16 0  
0.84 0.15 0  
0.44 0.43 0  
0.42 0.43 0  
0.77 0.16 0  
0.76 0.15 0  
0.77 0.14 0  
0.78 0.15 0  
0.89 0.1 0  
0.89 0.12 0  
0.88 0.11 0  
0.26 0.91 0  
0.28 0.91 0  
0.37 0.92 0  
0.27 0.18 0  
0.26 0.17 0  
0.27 0.16 0  
0.61 0.62 0  
0.62 0.63 0  
0.61 0.64 0  
0.6 0.63 0  
0.57 0.8 0  
0.56 0.79 0  
0.58 0.79 0  
0.46 0.43 0  
0.47 0.42 0  
0.3 0.61 0  
0.31 0.6 0  
0.32 0.61 0  
0.31 0.62 0  
0.02 0.33 0  
0.4 0.41 0  
0.39 0.42 0  
0.38 0.41 0  
0.26 0.97 0  
0.25 0.98 0  
0.24 0.97 0  
0.46 0.77 0  
0.45 0.78 0  
0.44 0.77 0  
0.94 0.89 0  
0.95 0.88 0  
0.96 0.89 0  
0.95 0.9 0  
0.19 0.82 0  
0.2 0.83 0  
0.19 0.84 0  
0.18 0.83 0  
0.96 0.93 0  
0.95 0.94 0  
0.95 0.92 0  
0.23 0.2 0  
0.22 0.19 0  
0.23 0.18 0  
0.18 0.61 0  
0.19 0.6 0  
0.2 0.61 0  
0.56 0.13 0  
0.37 0.82 0  
0.36 0.81 0  
0.37 0.8 0  
0.16999999 0.059999984 0  
0.17999999 0.06999999 0  
0.15999997 0.06999996 0  
0.33 0.3 0  
0.32 0.29 0  
0.33 0.28 0  
0.34 0.29 0  
0.38 0.83 0  
0.37 0.84 0  
0.36 0.83 0  
0.93 0.98 0  
0.92 0.97 0  
0.93 0.96 0  
0.61 0.8 0  
0.6 0.79 0  
0.61 0.78 0  
0.62 0.79 0  
0.99 0.58 0  
0.98 0.59 0  
0.97 0.6 0  
0.96 0.59 0  
0.25 0.84 0  
0.24 0.83 0  
0.25 0.82 0  
0.26 0.83 0  
0.21 0.14 0  
0.22 0.15 0  
0.74 0.53 0  
0.75 0.52 0  
0.76 0.53 0  
0.75 0.54 0  
0.36 0.99 0  
0.69 0.74 0  
0.68 0.73 0  
0.08 0.29 0  
0.07 0.3 0  
0.97 0.92 0  
0.98 0.93 0  
0.97 0.94 0  
0.16 0.85 0  
0.17 0.84 0  
0.18 0.85 0  
0.86 0.53 0  
0.87 0.52 0  
0.88 0.53 0  
0.87 0.54 0  
0.58 0.61 0  
0.59 0.6 0  
0.6 0.61 0  
0.59 0.62 0  
0.16 0.61 0  
0.17 0.62 0  
0.91 0.08 0  
0.9 0.09 0  
0.97 0.82 0  
0.98 0.83 0  
0.4 0.97 0  
0.94 0.63 0  
0.95 0.62 0  
0.1 0.29 0  
0.09 0.3 0  
0.09 0.28 0  
0.96 0.67 0  
0.94 0.67 0  
0.9 0.67 0  
0.89 0.68 0  
0.88 0.67 0  
0.89 0.66 0  
0.58 0.75 0  
0.59 0.74 0  
0.6 0.75 0  
0.59 0.76 0  
0.84 0.03 0  
0.85 0.02 0  
0.86 0.03 0  
0.85 0.04 0  
0.19 0.98 0  
0.18 0.97 0  
0.19 0.96 0  
0.71 0.92 0  
0.7 0.91 0  
0.72 0.91 0  
0.16 0.83 0  
0.17 0.82 0  
0.61 0.66 0  
0.6 0.65 0  
0.62 0.65 0  
0.34 0.91 0  
0.35 0.9 0  
0.36 0.91 0  
0.57 0.44 0  
0.58 0.45 0  
0.57 0.46 0  
0.63 0.9 0  
0.62 0.89 0  
0.64 0.89 0  
0.33 0.88 0  
0.34 0.89 0  
0.33 0.9 0  
0.32 0.89 0  
0.25 0.92 0  
0.24 0.91 0  
0.25 0.9 0  
0.72 0.39 0  
0.73 0.38 0  
0.74 0.39 0  
0.73 0.4 0  
0.58 0.71 0  
0.59 0.7 0  
0.6 0.71 0  
0.59 0.72 0  
0.78 0.53 0  
0.79 0.52 0  
0.8 0.53 0  
0.79 0.54 0  
0.14 0.61 0  
0.15 0.62 0  
0.10999637 0.03999637 0  
0.11999881 0.049998812 0  
0.15 0.84 0  
0.14 0.83 0  
0.15 0.82 0  
0.67 0.92 0  
0.66 0.91 0  
0.68 0.91 0  
0.54 0.81 0  
0.55 0.8 0  
0.56 0.81 0  
0.55 0.82 0  
0.46 0.95 0  
0.47 0.94 0  
0.48 0.95 0  
0.02 0.25 0  
0.03 0.24 0  
0.04 0.25 0  
0.23 0.16 0  
0.24 0.17 0  
0.05 0.94 0  
0.05 0.96 0  
0.04 0.95 0  
0.13 0.84 0  
0.14 0.85 0  
0.12 0.85 0  
0.29 0.88 0  
0.3 0.89 0  
0.29 0.9 0  
0.56 0.01 0  
0.23 0.86 0  
0.24 0.87 0  
0.23 0.88 0  
0.22 0.87 0  
0.96 0.79 0  
0.97 0.78 0  
0.98 0.79 0  
0.97 0.8 0  
0.24 0.09 0  
0.25 0.08 0  
0.26 0.09 0  
0.039995182 0.10999518 0  
0.029998772 0.119998775 0  
0.019996842 0.10999684 0  
0.12 0.21 0  
0.13 0.2 0  
0.14 0.21 0  
0.13 0.22 0  
0.92 0.95 0  
0.94 0.95 0  
0.56 0.47 0  
0.36 0.33 0  
0.37 0.32 0  
0.38 0.33 0  
0.91 0.96 0  
0.9 0.95 0  
0.94 0.99 0  
0.52 0.51 0  
0.29 0.98 0  
0.28 0.97 0  
0.29 0.96 0  
0.04 0.73 0  
0.05 0.72 0  
0.06 0.73 0  
0.05 0.74 0  
0.58 0.11 0  
0.57 0.12 0  
0.1 0.93 0  
0.09 0.94 0  
0.09 0.92 0  
0.06 0.31 0  
0.99 0.6 0  
0.33 0.24 0  
0.32 0.23 0  
0.33 0.22 0  
0.34 0.23 0  
0.04985811 0.019858109 0  
0.05991195 0.02991195 0  
0.04988569 0.039885692 0  
0.23 0.94 0  
0.23 0.96 0  
0.58 0.85 0  
0.59 0.84 0  
0.6 0.85 0  
0.59 0.86 0  
0.1 0.33 0  
0.09 0.34 0  
0.08 0.33 0  
0.09 0.32 0  
0.27 0.98 0  
0.18 0.95 0  
0.17 0.96 0  
0.03 0.96 0  
0.02 0.95 0  
0.58 0.47 0  
0.57 0.48 0  
0.39 0.96 0  
0.089999996 0.17999999 0  
0.07999998 0.16999999 0  
0.08999996 0.15999995 0  
0.09999997 0.16999997 0  
0.10999943 0.11999943 0  
0.85 0.8 0  
0.86 0.81 0  
0.85 0.82 0  
0.87 0.02 0  
0.88 0.03 0  
0.12 0.95 0  
0.059999995 0.19 0  
0.06999999 0.17999999 0  
0.08 0.19 0  
0.91 0.06 0  
0.91 0.04 0  
0.09 0.26 0  
0.1 0.27 0  
0.37 0.86 0  
0.36 0.85 0  
0.38 0.85 0  
0.63 0.92 0  
0.62 0.91 0  
0.64 0.91 0  
0.84 0.35 0  
0.85 0.34 0  
0.86 0.35 0  
0.85 0.36 0  
0.71 0.06 0  
0.7 0.05 0  
0.71 0.04 0  
0.72 0.05 0  
0.029999997 0.17999999 0  
0.019999992 0.16999999 0  
0.029999975 0.15999998 0  
0.32 0.21 0  
0.33 0.2 0  
0.34 0.21 0  
0.12 0.31 0  
0.11 0.32 0  
0.1 0.31 0  
0.11 0.3 0  
0.6 0.45 0  
0.59 0.46 0  
0.68 0.05 0  
0.67 0.06 0  
0.66 0.05 0  
0.91 0.66 0  
0.92 0.67 0  
0.91 0.68 0  
0.92 0.91 0  
0.93 0.9 0  
0.94 0.91 0  
0.24 0.89 0  
0.25 0.88 0  
0.82 0.85 0  
0.83 0.84 0  
0.84 0.85 0  
0.83 0.86 0  
0.61 0.84 0  
0.6 0.83 0  
0.61 0.82 0  
0.76 0.25 0  
0.77 0.24 0  
0.78 0.25 0  
0.02 0.29 0  
0.97 0.96 0  
0.98 0.97 0  
0.97 0.98 0  
0.08 0.25 0  
0.06 0.25 0  
0.07 0.24 0  
0.23 0.98 0  
0.07 0.84 0  
0.08 0.85 0  
0.07 0.86 0  
0.06 0.85 0  
0.77 0.22 0  
0.76 0.21 0  
0.77 0.2 0  
0.78 0.21 0  
0.91 0.52 0  
0.91 0.54 0  
0.9 0.53 0  
0.08 0.97 0  
0.07 0.98 0  
0.06 0.97 0  
0.53 0.8 0  
0.52 0.79 0  
0.53 0.78 0  
0.54 0.79 0  
0.96 0.77 0  
0.97 0.76 0  
0.98 0.77 0  
0.9 0.01 0  
0.92 0.01 0  
0.91 0.02 0  
0.2 0.67 0  
0.19 0.68 0  
0.18 0.67 0  
0.07 0.32 0  
0.08 0.31 0  
0.19 0.06 0  
0.2 0.07 0  
0.06999964 0.13999964 0  
0.059998844 0.12999885 0  
0.06999835 0.11999836 0  
0.07999916 0.12999916 0  
0.17 0.66 0  
0.16 0.67 0  
0.31 0.68 0  
0.3 0.67 0  
0.32 0.67 0  
0.32 0.93 0  
0.33 0.92 0  
0.9 0.81 0  
0.89 0.82 0  
0.88 0.81 0  
0.89 0.8 0  
0.88 0.09 0  
0.89 0.08 0  
0.52 0.07 0  
0.51 0.08 0  
0.29 0.68 0  
0.28 0.67 0  
0.29 0.66 0  
0.1 0.23 0  
0.09 0.24 0  
0.08 0.23 0  
0.88 0.79 0  
0.89 0.78 0  
0.9 0.79 0  
0.73 0.04 0  
0.72 0.03 0  
0.73 0.02 0  
0.74 0.03 0  
0.33 0.84 0  
0.32 0.83 0  
0.33 0.82 0  
0.34 0.83 0  
0.19 0.94 0  
0.12 0.25 0  
0.11 0.26 0  
0.1 0.25 0  
0.11 0.24 0  
0.07 0.4 0  
0.06 0.39 0  
0.98 0.67 0  
0.37 0.9 0  
0.17 0.98 0  
0.98 0.99 0  
0.99 0.98 0  
0.58 0.01 0  
0.57 0.02 0  
0.59 0.02 0  
0.6 0.01 0  
0.92 0.69 0  
0.93 0.68 0  
0.95 0.8 0  
0.95 0.78 0  
0.009997153 0.099997155 0  
0.009988259 0.079988256 0  
0.82 0.89 0  
0.81 0.9 0  
0.8 0.89 0  
0.81 0.88 0  
0.62 0.05 0  
0.61 0.06 0  
0.6 0.05 0  
0.8 0.79 0  
0.81 0.78 0  
0.82 0.79 0  
0.81 0.8 0  
0.01995088 0.06995088 0  
0.93 0.66 0  
0.92 0.65 0  
0.93 0.64 0  
0.31 0.86 0  
0.32 0.87 0  
0.31 0.88 0  
0.3 0.87 0  
0.22 0.81 0  
0.21 0.82 0  
0.2 0.81 0  
0.89 0.02 0  
0.9 0.03 0  
0.43 0.92 0  
0.44 0.93 0  
0.43 0.94 0  
0.42 0.93 0  
0.75 0.02 0  
0.76 0.03 0  
0.1 0.95 0  
0.11 0.94 0  
0.98 0.61 0  
0.99 0.62 0  
0.39 0.22 0  
0.38 0.21 0  
0.39 0.2 0  
0.4 0.21 0  
0.96 0.71 0  
0.56 0.05 0  
0.55 0.06 0  
0.54 0.05 0  
0.06 0.23 0  
0.05 0.2 0  
0.05 0.22 0  
0.26 0.85 0  
0.25 0.86 0  
0.24 0.85 0  
0.86 0.91 0  
0.87 0.9 0  
0.88 0.91 0  
0.87 0.92 0  
0.27 0.14 0  
0.27 0.12 0  
0.04999286 0.099992864 0  
0.059995826 0.10999583 0  
0.04999815 0.11999815 0  
0.85 0.84 0  
0.86 0.85 0  
0.85 0.86 0  
0.92 0.63 0  
0.93 0.62 0  
0.8 0.25 0  
0.79 0.26 0  
0.38 0.19 0  
0.39 0.18 0  
0.4 0.19 0  
0.9 0.83 0  
0.91 0.82 0  
0.92 0.83 0  
0.91 0.84 0  
0.09 0.96 0  
0.09 0.98 0  
0.86 0.77 0  
0.87 0.76 0  
0.88 0.77 0  
0.87 0.78 0  
0.09 0.9 0  
0.12 0.35 0  
0.11 0.36 0  
0.1 0.35 0  
0.11 0.34 0  
0.43 0.9 0  
0.44 0.91 0  
0.93 0.56 0  
0.92 0.55 0  
0.11999998 0.16999997 0  
0.10999999 0.17999999 0  
0.86 0.95 0  
0.87 0.94 0  
0.88 0.95 0  
0.96 0.91 0  
0.22 0.93 0  
0.23 0.92 0  
0.24 0.93 0  
0.97 0.72 0  
0.98 0.73 0  
0.97 0.74 0  
0.16999999 0.03999999 0  
0.17999999 0.049999997 0  
0.15999998 0.04999998 0  
0.73 0.72 0  
0.74 0.73 0  
0.73 0.74 0  
0.39 0.16 0  
0.4 0.17 0  
0.38 0.17 0  
0.16 0.79 0  
0.15 0.8 0  
0.14 0.79 0  
0.76 0.69 0  
0.77 0.68 0  
0.78 0.69 0  
0.77 0.7 0  
0.22 0.85 0  
0.23 0.84 0  
0.45 0.44 0  
0.45 0.46 0  
0.53 0.84 0  
0.53 0.82 0  
0.54 0.83 0  
0.82 0.39 0  
0.83 0.38 0  
0.84 0.39 0  
0.57 0.04 0  
0.58 0.05 0  
0.81 0.64 0  
0.82 0.65 0  
0.81 0.66 0  
0.23 0.9 0  
0.22 0.89 0  
0.53 0.06 0  
0.11 0.2 0  
0.11 0.22 0  
0.09 0.88 0  
0.08 0.89 0  
0.96 0.75 0  
0.95 0.76 0  
0.84 0.83 0  
0.96 0.99 0  
0.78 0.03 0  
0.79 0.02 0  
0.8 0.03 0  
0.79 0.04 0  
0.96 0.61 0  
0.09 0.42 0  
0.1 0.43 0  
0.09 0.44 0  
0.18 0.57 0  
0.19 0.56 0  
0.2 0.57 0  
0.19 0.58 0  
0.45 0.42 0  
0.75 0.18 0  
0.76 0.19 0  
0.75 0.2 0  
0.74 0.19 0  
0.13 0.24 0  
0.12 0.23 0  
0.82 0.07 0  
0.83 0.06 0  
0.84 0.07 0  
0.83 0.08 0  
0.2 0.85 0  
0.19 0.86 0  
0.25 0.06 0  
0.26 0.07 0  
0.24 0.07 0  
0.89 0.64 0  
0.9 0.65 0  
0.71 0.1 0  
0.7 0.09 0  
0.71 0.08 0  
0.44 0.95 0  
0.11 0.74 0  
0.12 0.75 0  
0.11 0.76 0  
0.1 0.75 0  
0.87 0.8 0  
0.63 0.02 0  
0.64 0.03 0  
0.63 0.04 0  
0.94 0.61 0  
0.95 0.6 0  
0.85 0.06 0  
0.84 0.05 0  
0.98 0.89 0  
0.97 0.9 0  
0.97 0.88 0  
0.29 0.1 0  
0.28 0.09 0  
0.29 0.08 0  
0.3 0.09 0  
0.64 0.05 0  
0.81 0.76 0  
0.82 0.77 0  
0.8 0.77 0  
0.05 0.62 0  
0.06 0.63 0  
0.05 0.64 0  
0.04 0.63 0  
0.85 0.38 0  
0.86 0.39 0  
0.85 0.4 0  
0.81 0.02 0  
0.82 0.03 0  
0.81 0.04 0  
0.65 0.04 0  
0.65 0.06 0  
0.2 0.89 0  
0.19 0.9 0  
0.19 0.88 0  
0.33 0.14 0  
0.34 0.15 0  
0.33 0.16 0  
0.32 0.15 0  
0.69 0.08 0  
0.68 0.07 0  
0.69 0.06 0  
0.7 0.07 0  
0.14999996 0.13999997 0  
0.15999998 0.14999999 0  
0.14999998 0.15999998 0  
0.84 0.79 0  
0.85 0.78 0  
0.86 0.79 0  
0.09999952 0.12999952 0  
0.08999974 0.13999975 0  
0.7 0.33 0  
0.71 0.32 0  
0.72 0.33 0  
0.49 0.94 0  
0.5 0.95 0  
0.21 0.9 0  
0.21 0.88 0  
0.67 0.1 0  
0.66 0.09 0  
0.67 0.08 0  
0.68 0.09 0  
0.71 0.96 0  
0.7 0.95 0  
0.71 0.94 0  
0.72 0.95 0  
0.09 0.74 0  
0.09 0.76 0  
0.08 0.75 0  
0.96 0.87 0  
0.8 0.09 0  
0.81 0.08 0  
0.82 0.09 0  
0.81 0.1 0  
0.11 0.28 0  
0.12 0.29 0  
0.82 0.83 0  
0.82 0.87 0  
0.84 0.87 0  
0.83 0.88 0  
0.02 0.23 0  
0.04 0.23 0  
0.98 0.87 0  
0.85 0.6 0  
0.84 0.59 0  
0.85 0.58 0  
0.11 0.38 0  
0.12 0.39 0  
0.11 0.4 0  
0.21 0.12 0  
0.21 0.1 0  
0.22 0.11 0  
0.14 0.29 0  
0.13 0.3 0  
0.13 0.28 0  
0.92 0.77 0  
0.94 0.77 0  
0.18 0.75 0  
0.17 0.76 0  
0.16 0.75 0  
0.38 0.87 0  
0.39 0.86 0  
0.4 0.87 0  
0.05 0.24 0  
0.88 0.85 0  
0.87 0.86 0  
0.62 0.01 0  
0.16 0.25 0  
0.15 0.26 0  
0.14 0.25 0  
0.72 0.07 0  
0.73 0.06 0  
0.61 0.86 0  
0.61 0.88 0  
0.6 0.87 0  
0.27 0.7 0  
0.26 0.69 0  
0.27 0.68 0  
0.28 0.69 0  
0.98 0.81 0  
0.96 0.81 0  
0.9 0.07 0  
0.2 0.93 0  
0.21 0.92 0  
0.25 0.04 0  
0.26 0.05 0  
0.24 0.05 0  
0.95 0.58 0  
0.94 0.57 0  
0.89 0.84 0  
0.9 0.85 0  
0.57 0.66 0  
0.58 0.67 0  
0.57 0.68 0  
0.69 0.12 0  
0.68 0.11 0  
0.69 0.1 0  
0.7 0.11 0  
0.72 0.41 0  
0.74 0.41 0  
0.73 0.42 0  
0.23 0.76 0  
0.22 0.75 0  
0.23 0.74 0  
0.24 0.75 0  
0.84 0.09 0  
0.85 0.08 0  
0.86 0.09 0  
0.84 0.69 0  
0.85 0.68 0  
0.86 0.69 0  
0.85 0.7 0  
0.83 0.98 0  
0.82 0.97 0  
0.83 0.96 0  
0.84 0.97 0  
0.18 0.55 0  
0.19 0.54 0  
0.2 0.55 0  
0.7 0.45 0  
0.71 0.44 0  
0.72 0.45 0  
0.71 0.46 0  
0.26 0.67 0  
0.27 0.66 0  
0.91 0.72 0  
0.92 0.73 0  
0.91 0.74 0  
0.009898804 0.039898805 0  
0.009919031 0.01991903 0  
0.14 0.33 0  
0.13 0.34 0  
0.12 0.33 0  
0.13 0.32 0  
0.07 0.66 0  
0.08 0.67 0  
0.07 0.68 0  
0.06 0.67 0  
0.01 0.28 0  
0.01 0.26 0  
0.61 0.08 0  
0.6 0.07 0  
0.91 0.64 0  
0.9 0.63 0  
0.91 0.62 0  
0.69 0.02 0  
0.7 0.03 0  
0.69 0.04 0  
0.91 0.7 0  
0.9 0.69 0  
0.12 0.99 0  
0.1 0.99 0  
0.08 0.99 0  
0.91 0.76 0  
0.91 0.78 0  
0.9 0.77 0  
0.8 0.69 0  
0.79 0.7 0  
0.79 0.68 0  
0.059999764 0.14999977 0  
0.0399999 0.1499999 0  
0.04999969 0.13999969 0  
0.08998679 0.019986792 0  
0.09999504 0.029995043 0  
0.07997317 0.029973166 0  
0.29 0.86 0  
0.65 0.12 0  
0.64 0.11 0  
0.65 0.1 0  
0.66 0.11 0  
0.38 0.09 0  
0.39 0.08 0  
0.4 0.09 0  
0.39 0.1 0  
0.73 0.76 0  
0.72 0.75 0  
0.64 0.09 0  
0.63 0.1 0  
0.62 0.09 0  
0.2 0.87 0  
0.44 0.07 0  
0.43 0.08 0  
0.42 0.07 0  
0.43 0.06 0  
0.71 0.02 0  
0.9 0.89 0  
0.89 0.9 0  
0.88 0.89 0  
0.91 0.8 0  
0.92 0.81 0  
0.58 0.03 0  
0.27 0.1 0  
0.27 0.08 0  
0.37 0.88 0  
0.36 0.89 0  
0.88 0.75 0  
0.9 0.75 0  
0.89 0.76 0  
0.58 0.59 0  
0.59 0.58 0  
0.6 0.59 0  
0.91 0.18 0  
0.9 0.17 0  
0.92 0.17 0  
0.63 0.78 0  
0.64 0.79 0  
0.63 0.8 0  
0.04 0.19 0  
0.98 0.95 0  
0.96 0.95 0  
0.86 0.89 0  
0.87 0.88 0  
0.36 0.29 0  
0.35 0.3 0  
0.35 0.28 0  
0.22 0.91 0  
0.77 0.06 0  
0.77 0.04 0  
0.78 0.05 0  
0.92 0.59 0  
0.93 0.58 0  
0.94 0.59 0  
0.93 0.6 0  
0.9 0.61 0  
0.91 0.6 0  
0.92 0.61 0  
0.85 0.56 0  
0.86 0.57 0  
0.35 0.86 0  
0.36 0.87 0  
0.35 0.88 0  
0.34 0.87 0  
0.79 0.96 0  
0.78 0.95 0  
0.79 0.94 0  
0.8 0.95 0  
0.29 0.84 0  
0.3 0.85 0  
0.28 0.85 0  
0.23 0.8 0  
0.24 0.81 0  
0.23 0.82 0  
0.05 0.98 0  
0.04 0.97 0  
0.94 0.81 0  
0.96 0.01 0  
0.98 0.01 0  
0.75 0.92 0  
0.74 0.91 0  
0.75 0.9 0  
0.76 0.91 0  
0.16999999 0.16 0  
0.78 0.11 0  
0.79 0.1 0  
0.8 0.11 0  
0.79 0.12 0  
0.15 0.28 0  
0.16 0.29 0  
0.15 0.3 0  
0.81 0.44 0  
0.8 0.43 0  
0.81 0.42 0  
0.82 0.43 0  
0.21 0.84 0  
0.21 0.86 0  
0.019999672 0.12999967 0  
0.039998997 0.129999 0  
0.029999895 0.1399999 0  
0.45 0.34 0  
0.44 0.33 0  
0.45 0.32 0  
0.46 0.33 0  
0.32 0.13 0  
0.33 0.12 0  
0.34 0.13 0  
0.14 0.99 0  
0.099999994 0.19 0  
0.7 0.13 0  
0.71 0.12 0  
0.72 0.13 0  
0.07 0.78 0  
0.08 0.79 0  
0.07 0.8 0  
0.06 0.79 0  
0.07999985 0.14999986 0  
0.89 0.62 0  
0.88 0.61 0  
0.89 0.6 0  
0.35 0.84 0  
0.34 0.85 0  
0.4 0.07 0  
0.38 0.07 0  
0.39 0.06 0  
0.21 0.56 0  
0.22 0.57 0  
0.21 0.58 0  
0.33 0.86 0  
0.32 0.85 0  
0.06999997 0.15999997 0  
0.83 0.74 0  
0.82 0.73 0  
0.83 0.72 0  
0.07 0.52 0  
0.08 0.53 0  
0.87 0.68 0  
0.86 0.67 0  
0.57 0.32 0  
0.56 0.31 0  
0.57 0.3 0  
0.58 0.31 0  
0.93 0.82 0  
0.16 0.31 0  
0.15 0.32 0  
0.14 0.31 0  
0.77 0.02 0  
0.02 0.19 0  
0.82 0.71 0  
0.83 0.7 0  
0.84 0.71 0  
0.79 0.8 0  
0.79 0.78 0  
0.57 0.58 0  
0.57 0.6 0  
0.61 0.1 0  
0.6 0.09 0  
0.88 0.07 0  
0.87 0.08 0  
0.86 0.07 0  
0.14 0.27 0  
0.12 0.27 0  
0.13 0.26 0  
0.89 0.7 0  
0.88 0.69 0  
0.89 0.58 0  
0.9 0.59 0  
0.00996262 0.05996262 0  
0.86 0.87 0  
0.85 0.88 0  
0.18 0.53 0  
0.19 0.52 0  
0.2 0.53 0  
0.88 0.71 0  
0.9 0.71 0  
0.01 0.36 0  
0.66 0.07 0  
0.65 0.08 0  
0.02 0.51 0  
0.01 0.52 0  
0.62 0.43 0  
0.64 0.43 0  
0.63 0.44 0  
0.81 0.06 0  
0.8 0.05 0  
0.82 0.05 0  
0.98 0.75 0  
0.01 0.34 0  
0.37 0.24 0  
0.36 0.23 0  
0.37 0.22 0  
0.38 0.23 0  
0.77 0.94 0  
0.76 0.93 0  
0.77 0.92 0  
0.78 0.93 0  
0.3 0.83 0  
0.28 0.83 0  
0.34 0.37 0  
0.35 0.36 0  
0.36 0.37 0  
0.35 0.38 0  
0.51 0.28 0  
0.5 0.27 0  
0.51 0.26 0  
0.52 0.27 0  
0.83 0.04 0  
0.83 0.02 0  
0.27 0.84 0  
0.27 0.82 0  
0.22 0.83 0  
0.79 0.2 0  
0.78 0.19 0  
0.79 0.18 0  
0.8 0.19 0  
0.59 0.04 0  
0.1 0.45 0  
0.11 0.44 0  
0.12 0.45 0  
0.11 0.46 0  
0.98 0.91 0  
0.3 0.69 0  
0.29 0.7 0  
0.59 0.06 0  
0.75 0.1 0  
0.76 0.11 0  
0.75 0.12 0  
0.67 0.14 0  
0.66 0.13 0  
0.67 0.12 0  
0.68 0.13 0  
0.76 0.01 0  
0.78 0.01 0  
0.12 0.19 0  
0.15 0.86 0  
0.77 0.1 0  
0.76 0.09 0  
0.77 0.08 0  
0.78 0.09 0  
0.33 0.98 0  
0.73 0.32 0  
0.74 0.33 0  
0.73 0.34 0  
0.94 0.01 0  
0.8 0.07 0  
0.89 0.38 0  
0.88 0.37 0  
0.89 0.36 0  
0.9 0.37 0  
0.34 0.35 0  
0.35 0.34 0  
0.29 0.72 0  
0.28 0.71 0  
0.2 0.91 0  
0.71 0.28 0  
0.71 0.3 0  
0.7 0.29 0  
0.99 0.12 0  
0.98 0.11 0  
0.99 0.1 0  
0.76 0.13 0  
0.77 0.12 0  
0.78 0.13 0  
0.09 0.7 0  
0.1 0.71 0  
0.09 0.72 0  
0.08 0.71 0  
0.87 0.7 0  
0.86 0.71 0  
0.04 0.51 0  
0.03 0.52 0  
0.45 0.12 0  
0.44 0.11 0  
0.45 0.1 0  
0.46 0.11 0  
0.13 0.38 0  
0.12 0.37 0  
0.13 0.36 0  
0.79 0.08 0  
0.78 0.07 0  
0.79 0.06 0  
0.99 0.9 0  
0.99 0.92 0  
0.31 0.82 0  
0.31 0.84 0  
0.05 0.66 0  
0.05 0.68 0  
0.04 0.67 0  
0.62 0.61 0  
0.64 0.61 0  
0.63 0.62 0  
0.37 0.26 0  
0.36 0.25 0  
0.38 0.25 0  
0.99 0.64 0  
0.74 0.71 0  
0.75 0.7 0  
0.76 0.71 0  
0.75 0.72 0  
0.87 0.62 0  
0.86 0.61 0  
0.94 0.35 0  
0.93 0.36 0  
0.92 0.35 0  
0.93 0.34 0  
0.25 0.78 0  
0.26 0.79 0  
0.25 0.8 0  
0.24 0.79 0  
0.87 0.12 0  
0.87 0.1 0  
0.09 0.52 0  
0.1 0.53 0  
0.84 0.89 0  
0.16 0.99 0  
0.64 0.65 0  
0.65 0.64 0  
0.66 0.65 0  
0.65 0.66 0  
0.74 0.45 0  
0.75 0.44 0  
0.76 0.45 0  
0.75 0.46 0  
0.18 0.29 0  
0.17 0.3 0  
0.17 0.28 0  
0.59 0.08 0  
0.78 0.75 0  
0.79 0.74 0  
0.8 0.75 0  
0.79 0.76 0  
0.64 0.73 0  
0.65 0.72 0  
0.66 0.73 0  
0.65 0.74 0  
0.35 0.32 0  
0.27 0.06 0  
0.28 0.07 0  
0.99 0.86 0  
0.99 0.88 0  
0.99 0.84 0  
0.47 0.7 0  
0.46 0.69 0  
0.47 0.68 0  
0.48 0.69 0  
0.06 0.99 0  
0.92 0.89 0  
0.91 0.9 0  
0.81 0.82 0  
0.8 0.81 0  
0.41 0.4 0  
0.41 0.42 0  
0.67 0.96 0  
0.66 0.95 0  
0.67 0.94 0  
0.68 0.95 0  
0.15 0.88 0  
0.54 0.07 0  
0.8 0.13 0  
0.81 0.12 0  
0.82 0.13 0  
0.019999973 0.14999998 0  
0.37 0.28 0  
0.36 0.27 0  
0.38 0.27 0  
0.84 0.63 0  
0.85 0.62 0  
0.86 0.63 0  
0.85 0.64 0  
0.21 0.54 0  
0.22 0.55 0  
0.69 0.82 0  
0.7 0.83 0  
0.69 0.84 0  
0.46 0.13 0  
0.45 0.14 0  
0.44 0.13 0  
0.64 0.01 0  
0.11 0.42 0  
0.1 0.41 0  
0.57 0.9 0  
0.56 0.89 0  
0.57 0.88 0  
0.58 0.89 0  
0.91 0.38 0  
0.91 0.36 0  
0.92 0.37 0  
0.27 0.8 0  
0.26 0.81 0  
0.98 0.71 0  
0.7 0.47 0  
0.72 0.47 0  
0.71 0.48 0  
0.19 0.26 0  
0.18 0.25 0  
0.009999992 0.16 0  
0.009999981 0.13999999 0  
0.13999999 0.16999999 0  
0.13 0.17999999 0  
0.99 0.82 0  
0.009999691 0.11999969 0  
0.51 0.18 0  
0.52 0.19 0  
0.51 0.2 0  
0.5 0.19 0  
0.83 0.76 0  
0.84 0.77 0  
0.83 0.78 0  
0.83 0.64 0  
0.84 0.65 0  
0.83 0.66 0  
0.79 0.98 0  
0.78 0.97 0  
0.8 0.97 0  
0.74 0.17 0  
0.75 0.16 0  
0.76 0.17 0  
0.42 0.03 0  
0.43 0.02 0  
0.44 0.03 0  
0.43 0.04 0  
0.75 0.14 0  
0.74 0.13 0  
0.01 0.32 0  
0.74 0.01 0  
0.86 0.75 0  
0.18 0.27 0  
0.16 0.27 0  
0.17 0.26 0  
0.2 0.99 0  
0.18 0.99 0  
0.99 0.8 0  
0.34 0.27 0  
0.35 0.26 0  
0.37 0.18 0  
0.36 0.17 0  
0.37 0.16 0  
0.58 0.29 0  
0.56 0.29 0  
0.33 0.04 0  
0.34 0.05 0  
0.33 0.06 0  
0.32 0.05 0  
0.21 0.08 0  
0.22 0.089999996 0  
0.24 0.77 0  
0.23 0.78 0  
0.22 0.77 0  
0.84 0.55 0  
0.85 0.54 0  
0.86 0.55 0  
0.68 0.15 0  
0.67 0.16 0  
0.66 0.15 0  
0.44 0.87 0  
0.45 0.86 0  
0.46 0.87 0  
0.35 0.82 0  
0.16 0.81 0  
0.14 0.81 0  
0.47 0.32 0  
0.46 0.31 0  
0.47 0.3 0  
0.48 0.31 0  
0.54 0.57 0  
0.56 0.57 0  
0.85 0.66 0  
0.79 0.46 0  
0.8 0.47 0  
0.79 0.48 0  
0.78 0.47 0  
0.68 0.17 0  
0.69 0.16 0  
0.7 0.17 0  
0.32 0.81 0  
0.33 0.8 0  
0.34 0.81 0  
0.05 0.78 0  
0.05 0.8 0  
0.04 0.79 0  
0.51 0.24 0  
0.52 0.25 0  
0.5 0.25 0  
0.22 0.99 0  
0.8 0.49 0  
0.79 0.5 0  
0.66 0.61 0  
0.65 0.62 0  
0.01 0.18 0  
0.44 0.05 0  
0.42 0.05 0  
0.19 0.92 0  
0.8 0.87 0  
0.81 0.86 0  
0.99 0.78 0  
0.02 0.73 0  
0.03 0.72 0  
0.03 0.74 0  
0.24 0.99 0  
0.19 0.28 0  
0.2 0.29 0  
0.19 0.3 0  
0.24 0.57 0  
0.25 0.56 0  
0.26 0.57 0  
0.25 0.58 0  
0.82 0.67 0  
0.84 0.67 0  
0.83 0.68 0  
0.66 0.01 0  
0.65 0.02 0  
0.26 0.99 0  
0.85 0.76 0  
0.38 0.29 0  
0.37 0.3 0  
0.5 0.23 0  
0.51 0.22 0  
0.52 0.23 0  
0.28 0.99 0  
0.39 0.84 0  
0.59 0.1 0  
0.84 0.75 0  
0.4 0.05 0  
0.38 0.05 0  
0.39 0.04 0  
0.3 0.99 0  
0.4 0.83 0  
0.99 0.76 0  
0.23 0.12 0  
0.23 0.1 0  
0.01 0.3 0  
0.05 0.48 0  
0.06 0.49 0  
0.05 0.5 0  
0.16 0.35 0  
0.14 0.35 0  
0.15 0.34 0  
0.82 0.11 0  
0.83 0.1 0  
0.83 0.12 0  
0.9 0.57 0  
0.91 0.56 0  
0.92 0.57 0  
0.91 0.58 0  
0.01 0.2 0  
0.53 0.92 0  
0.52 0.91 0  
0.53 0.9 0  
0.54 0.91 0  
0.61 0.9 0  
0.6 0.89 0  
0.17 0.36 0  
0.18 0.37 0  
0.17 0.38 0  
0.4 0.03 0  
0.38 0.03 0  
0.39 0.02 0  
0.28 0.79 0  
0.29 0.78 0  
0.3 0.79 0  
0.13 0.44 0  
0.14 0.45 0  
0.13 0.46 0  
0.21 0.52 0  
0.22 0.53 0  
0.6 0.73 0  
0.61 0.72 0  
0.62 0.73 0  
0.61 0.74 0  
0.27 0.04 0  
0.28 0.05 0  
0.82 0.61 0  
0.83 0.6 0  
0.84 0.61 0  
0.83 0.62 0  
0.37 0.14 0  
0.38 0.15 0  
0.36 0.15 0  
0.83 0.16 0  
0.83 0.14 0  
0.18 0.33 0  
0.17 0.34 0  
0.16 0.33 0  
0.17 0.32 0  
0.49 0.64 0  
0.48 0.63 0  
0.49 0.62 0  
0.5 0.63 0  
0.67 0.22 0  
0.66 0.21 0  
0.67 0.2 0  
0.99 0.74 0  
0.5 0.91 0  
0.51 0.9 0  
0.42 0.87 0  
0.41 0.88 0  
0.79 0.72 0  
0.8 0.73 0  
0.78 0.73 0  
0.06 0.51 0  
0.07 0.5 0  
0.08 0.51 0  
0.62 0.75 0  
0.61 0.76 0  
0.95 0.38 0  
0.94 0.37 0  
0.95 0.36 0  
0.96 0.37 0  
0.32 0.99 0  
0.23 0.14 0  
0.24 0.15 0  
0.39 0.28 0  
0.4 0.29 0  
0.15 0.4 0  
0.16 0.41 0  
0.15 0.42 0  
0.88 0.01 0  
0.88 0.63 0  
0.73 0.16 0  
0.73 0.14 0  
0.74 0.15 0  
0.34 0.99 0  
0.82 0.75 0  
0.31 0.78 0  
0.32 0.79 0  
0.31 0.8 0  
0.82 0.17 0  
0.84 0.17 0  
0.83 0.18 0  
0.29 0.76 0  
0.3 0.77 0  
0.28 0.77 0  
0.41 0.14 0  
0.42 0.15 0  
0.41 0.16 0  
0.4 0.15 0  
0.98 0.49 0  
0.99 0.48 0  
0.14 0.19 0  
0.72 0.23 0  
0.73 0.22 0  
0.74 0.23 0  
0.99 0.72 0  
0.39 0.74 0  
0.4 0.75 0  
0.39 0.76 0  
0.38 0.75 0  
0.33 0.02 0  
0.34 0.03 0  
0.32 0.03 0  
0.14999999 0.2 0  
0.16 0.21 0  
0.01 0.22 0  
0.63 0.14 0  
0.62 0.13 0  
0.63 0.12 0  
0.64 0.13 0  
0.41 0.1 0  
0.42 0.11 0  
0.41 0.12 0  
0.4 0.11 0  
0.93 0.14 0  
0.92 0.13 0  
0.94 0.13 0  
0.51 0.66 0  
0.5 0.65 0  
0.51 0.64 0  
0.52 0.65 0  
0.61 0.12 0  
0.6 0.11 0  
0.62 0.11 0  
0.01 0.24 0  
0.58 0.17 0  
0.59 0.16 0  
0.96 0.45 0  
0.95 0.46 0  
0.94 0.45 0  
0.95 0.44 0  
0.8 0.63 0  
0.81 0.62 0  
0.82 0.63 0  
0.65 0.16 0  
0.64 0.15 0  
0.65 0.14 0  
0.67 0.6 0  
0.68 0.61 0  
0.86 0.01 0  
0.19 0.32 0  
0.18 0.31 0  
0.75 0.22 0  
0.74 0.21 0  
0.71 0.98 0  
0.7 0.97 0  
0.72 0.97 0  
0.81 0.68 0  
0.82 0.69 0  
0.81 0.7 0  
0.37 0.12 0  
0.36 0.11 0  
0.37 0.1 0  
0.38 0.11 0  
0.11 0.52 0  
0.12 0.53 0  
0.38 0.77 0  
0.78 0.17 0  
0.79 0.16 0  
0.8 0.17 0  
0.29 0.06 0  
0.3 0.07 0  
0.27 0.76 0  
0.27 0.78 0  
0.26 0.77 0  
0.43 0.88 0  
0.42 0.89 0  
0.14999999 0.17999999 0  
0.16 0.19 0  
0.72 0.17 0  
0.71 0.18 0  
0.79 0.14 0  
0.71 0.2 0  
0.72 0.21 0  
0.71 0.22 0  
0.77 0.66 0  
0.76 0.65 0  
0.77 0.64 0  
0.53 0.96 0  
0.52 0.95 0  
0.53 0.94 0  
0.54 0.95 0  
0.46 0.29 0  
0.47 0.28 0  
0.48 0.29 0  
0.99 0.7 0  
0.17 0.2 0  
0.17999999 0.21 0  
0.63 0.16 0  
0.64 0.17 0  
0.63 0.18 0  
0.35 0.8 0  
0.57 0.2 0  
0.56 0.19 0  
0.57 0.18 0  
0.22 0.27 0  
0.21 0.28 0  
0.2 0.27 0  
0.08 0.49 0  
0.07 0.48 0  
0.17 0.17999999 0  
0.17999999 0.19 0  
0.36 0.31 0  
0.08 0.41 0  
0.88 0.55 0  
0.87 0.56 0  
0.76 0.73 0  
0.77 0.72 0  
0.77 0.74 0  
0.01 0.92 0  
0.52 0.21 0  
0.5 0.21 0  
0.82 0.01 0  
0.84 0.01 0  
0.97 0.38 0  
0.97 0.36 0  
0.98 0.37 0  
0.31 0.28 0  
0.31 0.26 0  
0.32 0.27 0  
0.99 0.68 0  
0.88 0.13 0  
0.87 0.14 0  
0.26 0.75 0  
0.27 0.74 0  
0.28 0.75 0  
0.81 0.74 0  
0.81 0.72 0  
0.19 0.2 0  
0.2 0.21 0  
0.65 0.18 0  
0.66 0.17 0  
0.74 0.47 0  
0.76 0.47 0  
0.75 0.48 0  
0.62 0.81 0  
0.64 0.81 0  
0.18 0.77 0  
0.17 0.78 0  
0.66 0.23 0  
0.68 0.23 0  
0.39 0.26 0  
0.39 0.24 0  
0.4 0.25 0  
0.66 0.19 0  
0.65 0.2 0  
0.64 0.19 0  
0.8 0.01 0  
0.77 0.18 0  
0.21 0.22 0  
0.22 0.23 0  
0.72 0.19 0  
0.78 0.71 0  
0.82 0.51 0  
0.83 0.5 0  
0.84 0.51 0  
0.83 0.52 0  
0.16 0.16999999 0  
0.69 0.14 0  
0.68 0.37 0  
0.7 0.37 0  
0.69 0.38 0  
0.99 0.66 0  
0.17999999 0.17 0  
0.51 0.32 0  
0.52 0.33 0  
0.51 0.34 0  
0.5 0.33 0  
0.8 0.71 0  
0.32 0.17 0  
0.31 0.18 0  
0.31 0.16 0  
0.42 0.13 0  
0.4 0.13 0  
0.65 0.26 0  
0.64 0.25 0  
0.65 0.24 0  
0.24 0.27 0  
0.98 0.35 0  
0.96 0.35 0  
0.97 0.34 0  
0.25 0.74 0  
0.25 0.76 0  
0.47 0.64 0  
0.46 0.63 0  
0.47 0.62 0  
0.99 0.94 0  
0.21 0.2 0  
0.22 0.21 0  
0.54 0.93 0  
0.73 0.18 0  
0.73 0.2 0  
0.56 0.17 0  
0.55 0.18 0  
0.54 0.17 0  
0.46 0.91 0  
0.45 0.92 0  
0.75 0.66 0  
0.76 0.67 0  
0.75 0.68 0  
0.06 0.47 0  
0.05 0.46 0  
0.89 0.54 0  
0.9 0.55 0  
0.89 0.56 0  
0.23 0.36 0  
0.24 0.37 0  
0.23 0.38 0  
0.4 0.27 0  
0.66 0.51 0  
0.65 0.52 0  
0.64 0.51 0  
0.44 0.85 0  
0.45 0.84 0  
0.74 0.51 0  
0.75 0.5 0  
0.76 0.51 0  
0.64 0.27 0  
0.66 0.27 0  
0.2 0.75 0  
0.21 0.74 0  
0.21 0.76 0  
0.95 0.22 0  
0.94 0.21 0  
0.95 0.2 0  
0.96 0.21 0  
0.88 0.57 0  
0.19 0.17999999 0  
0.75 0.4 0  
0.76 0.41 0  
0.75 0.42 0  
0.21 0.72 0  
0.22 0.73 0  
0.97 0.12 0  
0.96 0.11 0  
0.97 0.1 0  
0.9 0.91 0  
0.57 0.96 0  
0.56 0.95 0  
0.57 0.94 0  
0.58 0.95 0  
0.59 0.12 0  
0.24 0.35 0  
0.22 0.35 0  
0.23 0.34 0  
0.69 0.26 0  
0.7 0.27 0  
0.69 0.28 0  
0.68 0.27 0  
0.25 0.7 0  
0.25 0.68 0  
0.63 0.2 0  
0.62 0.19 0  
0.77 0.76 0  
0.52 0.09 0  
0.53 0.08 0  
0.83 0.54 0  
0.82 0.53 0  
0.84 0.53 0  
0.16 0.55 0  
0.17 0.54 0  
0.17 0.56 0  
0.23 0.52 0  
0.24 0.53 0  
0.23 0.54 0  
0.8 0.59 0  
0.81 0.58 0  
0.82 0.59 0  
0.81 0.6 0  
0.07 0.7 0  
0.07 0.72 0  
0.06 0.71 0  
0.19 0.42 0  
0.2 0.43 0  
0.19 0.44 0  
0.62 0.35 0  
0.63 0.34 0  
0.63 0.32 0  
0.62 0.31 0  
0.63 0.3 0  
0.09 0.5 0  
0.1 0.51 0  
0.51 0.98 0  
0.52 0.99 0  
0.63 0.22 0  
0.64 0.23 0  
0.63 0.24 0  
0.62 0.23 0  
0.56 0.25 0  
0.57 0.24 0  
0.58 0.25 0  
0.29 0.74 0  
0.3 0.75 0  
0.2 0.19 0  
0.53 0.98 0  
0.52 0.97 0  
0.54 0.97 0  
0.81 0.18 0  
0.81 0.52 0  
0.8 0.51 0  
0.81 0.5 0  
0.62 0.21 0  
0.64 0.21 0  
0.25 0.28 0  
0.26 0.29 0  
0.2 0.77 0  
0.7 0.51 0  
0.71 0.5 0  
0.72 0.51 0  
0.28 0.55 0  
0.29 0.54 0  
0.3 0.55 0  
0.29 0.56 0  
0.7 0.23 0  
0.69 0.24 0  
0.81 0.28 0  
0.8 0.27 0  
0.81 0.26 0  
0.82 0.27 0  
0.15999997 0.10999996 0  
0.76 0.63 0  
0.77 0.62 0  
0.78 0.63 0  
0.55 0.22 0  
0.56 0.23 0  
0.55 0.24 0  
0.54 0.23 0  
0.6 0.13 0  
0.58 0.35 0  
0.59 0.34 0  
0.6 0.35 0  
0.61 0.34 0  
0.6 0.33 0  
0.61 0.32 0  
0.62 0.33 0  
0.6 0.47 0  
0.61 0.46 0  
0.03 0.98 0  
0.02 0.97 0  
0.55 0.3 0  
0.54 0.29 0  
0.55 0.28 0  
0.61 0.22 0  
0.61 0.2 0  
0.85 0.92 0  
0.85 0.9 0  
0.57 0.38 0  
0.56 0.37 0  
0.57 0.36 0  
0.6 0.25 0  
0.59 0.26 0  
0.7 0.01 0  
0.72 0.01 0  
0.42 0.39 0  
0.43 0.38 0  
0.44 0.39 0  
0.23 0.22 0  
0.24 0.23 0  
0.67 0.28 0  
0.23 0.72 0  
0.24 0.73 0  
0.26 0.15 0  
0.25 0.16 0  
0.57 0.98 0  
0.56 0.97 0  
0.58 0.97 0  
0.67 0.54 0  
0.66 0.53 0  
0.67 0.52 0  
0.68 0.53 0  
0.58 0.13 0  
0.57 0.14 0  
0.3 0.29 0  
0.68 0.01 0  
0.89 0.42 0  
0.88 0.41 0  
0.89 0.4 0  
0.9 0.41 0  
0.72 0.31 0  
0.74 0.31 0  
0.48 0.33 0  
0.49 0.32 0  
0.43 0.34 0  
0.42 0.33 0  
0.43 0.32 0  
0.45 0.38 0  
0.44 0.37 0  
0.45 0.36 0  
0.46 0.37 0  
0.46 0.41 0  
0.47 0.4 0  
0.48 0.41 0  
0.29 0.04 0  
0.3 0.05 0  
0.18 0.49 0  
0.19 0.48 0  
0.2 0.49 0  
0.19 0.5 0  
0.7 0.77 0  
0.71 0.76 0  
0.72 0.77 0  
0.72 0.81 0  
0.73 0.8 0  
0.74 0.81 0  
0.73 0.82 0  
0.61 0.26 0  
0.62 0.27 0  
0.61 0.28 0  
0.6 0.27 0  
0.47 0.36 0  
0.46 0.35 0  
0.47 0.34 0  
0.41 0.36 0  
0.4 0.35 0  
0.41 0.34 0  
0.42 0.35 0  
0.89 0.92 0  
0.95 0.26 0  
0.94 0.25 0  
0.95 0.24 0  
0.96 0.25 0  
0.89 0.94 0  
0.88 0.93 0  
0.99 0.96 0  
0.32 0.19 0  
0.31 0.2 0  
0.3 0.19 0  
0.82 0.45 0  
0.83 0.44 0  
0.84 0.45 0  
0.83 0.46 0  
0.33 0.76 0  
0.34 0.77 0  
0.33 0.78 0  
0.32 0.77 0  
0.7 0.25 0  
0.8 0.67 0  
0.78 0.61 0  
0.79 0.6 0  
0.8 0.61 0  
0.79 0.62 0  
0.71 0.26 0  
0.72 0.27 0  
0.62 0.29 0  
0.61 0.3 0  
0.6 0.29 0  
0.67 0.18 0  
0.61 0.24 0  
0.67 0.3 0  
0.68 0.29 0  
0.69 0.54 0  
0.69 0.52 0  
0.78 0.67 0  
0.73 0.52 0  
0.73 0.5 0  
0.14 0.53 0  
0.15 0.52 0  
0.16 0.53 0  
0.15 0.54 0  
0.14999993 0.11999994 0  
0.32 0.75 0  
0.31 0.76 0  
0.62 0.45 0  
0.64 0.45 0  
0.49 0.2 0  
0.49 0.22 0  
0.48 0.21 0  
0.49 0.24 0  
0.48 0.23 0  
0.62 0.25 0  
0.2 0.71 0  
0.22 0.71 0  
0.43 0.86 0  
0.24 0.39 0  
0.25 0.38 0  
0.26 0.39 0  
0.25 0.4 0  
0.07 0.82 0  
0.08 0.83 0  
0.06 0.83 0  
0.44 0.31 0  
0.45 0.3 0  
0.37 0.38 0  
0.66 0.47 0  
0.67 0.46 0  
0.68 0.47 0  
0.52 0.29 0  
0.51 0.3 0  
0.5 0.29 0  
0.68 0.39 0  
0.7 0.39 0  
0.67 0.42 0  
0.66 0.41 0  
0.67 0.4 0  
0.99 0.06 0  
0.99 0.04 0  
0.28 0.19 0  
0.48 0.19 0  
0.49 0.18 0  
0.43 0.28 0  
0.44 0.29 0  
0.43 0.3 0  
0.42 0.29 0  
0.54 0.21 0  
0.55 0.2 0  
0.56 0.21 0  
0.58 0.33 0  
0.57 0.34 0  
0.56 0.33 0  
0.12 0.83 0  
0.13 0.82 0  
0.53 0.18 0  
0.52 0.17 0  
0.53 0.16 0  
0.4 0.33 0  
0.39 0.34 0  
0.65 0.54 0  
0.64 0.53 0  
0.65 0.44 0  
0.65 0.42 0  
0.66 0.43 0  
0.65 0.22 0  
0.42 0.37 0  
0.41 0.38 0  
0.46 0.39 0  
0.45 0.4 0  
0.77 0.46 0  
0.51 0.12 0  
0.51 0.14 0  
0.5 0.13 0  
0.01 0.96 0  
0.01 0.94 0  
0.5 0.41 0  
0.49 0.26 0  
0.48 0.25 0  
0.26 0.27 0  
0.59 0.14 0  
0.58 0.15 0  
0.2 0.35 0  
0.19 0.36 0  
0.18 0.35 0  
0.19 0.34 0  
0.49 0.3 0  
0.5 0.31 0  
0.55 0.34 0  
0.56 0.35 0  
0.55 0.36 0  
0.54 0.35 0  
0.53 0.4 0  
0.54 0.41 0  
0.53 0.42 0  
0.52 0.41 0  
0.17 0.8 0  
0.18 0.81 0  
0.17 0.4 0  
0.16 0.39 0  
0.63 0.54 0  
0.64 0.55 0  
0.72 0.37 0  
0.71 0.38 0  
0.35 0.78 0  
0.36 0.79 0  
0.34 0.79 0  
0.59 0.28 0  
0.44 0.35 0  
0.43 0.36 0  
0.47 0.26 0  
0.48 0.27 0  
0.46 0.27 0  
0.53 0.2 0  
0.54 0.19 0  
0.77 0.96 0  
0.76 0.95 0  
0.37 0.04 0  
0.37 0.06 0  
0.36 0.05 0  
0.73 0.36 0  
0.74 0.35 0  
0.71 0.24 0  
0.81 0.54 0  
0.68 0.75 0  
0.7 0.75 0  
0.69 0.76 0  
0.29 0.4 0  
0.28 0.39 0  
0.29 0.38 0  
0.34 0.53 0  
0.35 0.52 0  
0.36 0.53 0  
0.35 0.54 0  
0.27 0.38 0  
0.27 0.4 0  
0.42 0.81 0  
0.41 0.82 0  
0.69 0.48 0  
0.7 0.49 0  
0.69 0.5 0  
0.72 0.49 0  
0.73 0.48 0  
0.74 0.49 0  
0.26 0.23 0  
0.45 0.26 0  
0.45 0.28 0  
0.44 0.27 0  
0.28 0.37 0  
0.29 0.36 0  
0.3 0.37 0  
0.69 0.6 0  
0.77 0.32 0  
0.76 0.31 0  
0.78 0.31 0  
0.53 0.22 0  
0.69 0.86 0  
0.68 0.85 0  
0.7 0.85 0  
0.59 0.32 0  
0.59 0.3 0  
0.6 0.31 0  
0.76 0.59 0  
0.77 0.58 0  
0.78 0.59 0  
0.77 0.6 0  
0.4 0.23 0  
0.78 0.57 0  
0.79 0.56 0  
0.8 0.57 0  
0.79 0.58 0  
0.53 0.24 0  
0.55 0.4 0  
0.54 0.39 0  
0.55 0.38 0  
0.56 0.39 0  
0.42 0.67 0  
0.43 0.66 0  
0.44 0.67 0  
0.45 0.22 0  
0.46 0.23 0  
0.45 0.24 0  
0.44 0.23 0  
0.53 0.26 0  
0.54 0.25 0  
0.31 0.24 0  
0.32 0.25 0  
0.24 0.67 0  
0.25 0.66 0  
0.53 0.38 0  
0.52 0.37 0  
0.53 0.36 0  
0.54 0.37 0  
0.13 0.54 0  
0.14 0.55 0  
0.13 0.56 0  
0.51 0.4 0  
0.41 0.3 0  
0.41 0.28 0  
0.43 0.84 0  
0.28 0.53 0  
0.29 0.52 0  
0.3 0.53 0  
0.51 0.38 0  
0.52 0.39 0  
0.09 0.46 0  
0.08 0.45 0  
0.52 0.35 0  
0.53 0.34 0  
0.74 0.65 0  
0.75 0.64 0  
0.95 0.34 0  
0.94 0.33 0  
0.95 0.32 0  
0.96 0.33 0  
0.45 0.2 0  
0.44 0.19 0  
0.45 0.18 0  
0.46 0.19 0  
0.71 0.4 0  
0.61 0.38 0  
0.61 0.36 0  
0.56 0.41 0  
0.49 0.14 0  
0.5 0.15 0  
0.49 0.16 0  
0.48 0.15 0  
0.57 0.42 0  
0.57 0.4 0  
0.75 0.6 0  
0.76 0.61 0  
0.75 0.62 0  
0.54 0.33 0  
0.55 0.32 0  
0.77 0.54 0  
0.77 0.52 0  
0.87 0.46 0  
0.86 0.45 0  
0.87 0.44 0  
0.72 0.55 0  
0.71 0.56 0  
0.7 0.55 0  
0.67 0.58 0  
0.68 0.59 0  
0.53 0.32 0  
0.52 0.31 0  
0.53 0.3 0  
0.54 0.31 0  
0.41 0.32 0  
0.42 0.31 0  
0.36 0.39 0  
0.35 0.4 0  
0.68 0.55 0  
0.69 0.56 0  
0.97 0.26 0  
0.97 0.24 0  
0.98 0.25 0  
0.53 0.44 0  
0.84 0.93 0  
0.86 0.93 0  
0.85 0.94 0  
0.12 0.49 0  
0.13 0.48 0  
0.14 0.49 0  
0.13 0.5 0  
0.63 0.52 0  
0.62 0.51 0  
0.63 0.5 0  
0.61 0.94 0  
0.6 0.93 0  
0.61 0.92 0  
0.62 0.93 0  
0.57 0.16 0  
0.46 0.83 0  
0.47 0.82 0  
0.48 0.83 0  
0.6 0.77 0  
0.62 0.77 0  
0.33 0.26 0  
0.22 0.49 0  
0.23 0.48 0  
0.24 0.49 0  
0.23 0.5 0  
0.68 0.43 0  
0.67 0.44 0  
0.85 0.52 0  
0.43 0.82 0  
0.44 0.83 0  
0.42 0.83 0  
0.16 0.49 0  
0.17 0.48 0  
0.17 0.5 0  
0.89 0.52 0  
0.26 0.33 0  
0.25 0.34 0  
0.24 0.33 0  
0.37 0.78 0  
0.78 0.45 0  
0.79 0.44 0  
0.8 0.45 0  
0.66 0.45 0  
0.65 0.46 0  
0.53 0.28 0  
0.54 0.27 0  
0.71 0.42 0  
0.06 0.89 0  
0.07 0.88 0  
0.44 0.21 0  
0.46 0.21 0  
0.3 0.23 0  
0.31 0.22 0  
0.27 0.28 0  
0.7 0.59 0  
0.71 0.58 0  
0.72 0.59 0  
0.28 0.43 0  
0.29 0.42 0  
0.3 0.43 0  
0.29 0.44 0  
0.69 0.58 0  
0.9 0.49 0  
0.89 0.5 0  
0.88 0.49 0  
0.89 0.48 0  
0.46 0.03 0  
0.47 0.02 0  
0.48 0.03 0  
0.47 0.04 0  
0.65 0.56 0  
0.66 0.57 0  
0.73 0.58 0  
0.74 0.59 0  
0.5 0.09 0  
0.49 0.1 0  
0.48 0.09 0  
0.28 0.73 0  
0.34 0.25 0  
0.94 0.49 0  
0.92 0.49 0  
0.93 0.48 0  
0.92 0.29 0  
0.91 0.3 0  
0.9 0.29 0  
0.91 0.28 0  
0.14 0.57 0  
0.15 0.56 0  
0.16 0.57 0  
0.8 0.41 0  
0.81 0.4 0  
0.42 0.47 0  
0.41 0.48 0  
0.82 0.21 0  
0.8 0.21 0  
0.81 0.2 0  
0.42 0.51 0  
0.44 0.51 0  
0.41 0.7 0  
0.4 0.69 0  
0.41 0.68 0  
0.44 0.25 0  
0.46 0.25 0  
0.42 0.27 0  
0.43 0.26 0  
0.74 0.57 0  
0.75 0.56 0  
0.76 0.57 0  
0.75 0.58 0  
0.49 0.28 0  
0.47 0.24 0  
0.19 0.78 0  
0.19 0.76 0  
0.22 0.13 0  
0.81 0.56 0  
0.5 0.17 0  
0.51 0.16 0  
0.16 0.47 0  
0.15 0.48 0  
0.14 0.47 0  
0.15 0.46 0  
0.78 0.37 0  
0.77 0.38 0  
0.76 0.37 0  
0.77 0.36 0  
0.74 0.43 0  
0.73 0.44 0  
0.72 0.43 0  
0.67 0.56 0  
0.66 0.55 0  
0.23 0.08 0  
0.05 0.56 0  
0.04 0.55 0  
0.49 0.9 0  
0.49 0.92 0  
0.48 0.91 0  
0.1 0.49 0  
0.09 0.48 0  
0.63 0.26 0  
0.57 0.22 0  
0.73 0.54 0  
0.86 0.49 0  
0.87 0.48 0  
0.87 0.5 0  
0.47 0.22 0  
0.47 0.2 0  
0.63 0.28 0  
0.42 0.19 0  
0.41 0.2 0  
0.41 0.18 0  
0.97 0.18 0  
0.96 0.17 0  
0.97 0.16 0  
0.98 0.17 0  
0.76 0.43 0  
0.84 0.47 0  
0.85 0.46 0  
0.86 0.47 0  
0.85 0.48 0  
0.01 0.98 0  
0.35 0.76 0  
0.36 0.77 0  
0.75 0.34 0  
0.76 0.35 0  
0.75 0.36 0  
0.01 0.64 0  
0.02 0.65 0  
0.01 0.66 0  
0.21 0.34 0  
0.75 0.94 0  
0.74 0.93 0  
0.69 0.3 0  
0.68 0.31 0  
0.67 0.32 0  
0.12 0.47 0  
0.11 0.48 0  
0.1 0.47 0  
0.51 0.36 0  
0.97 0.22 0  
0.97 0.2 0  
0.98 0.21 0  
0.41 0.26 0  
0.36 0.41 0  
0.37 0.4 0  
0.37 0.42 0  
0.61 0.4 0  
0.28 0.23 0  
0.69 0.44 0  
0.7 0.43 0  
0.61 0.42 0  
0.74 0.63 0  
0.73 0.64 0  
0.28 0.29 0  
0.68 0.33 0  
0.67 0.34 0  
0.86 0.41 0  
0.85 0.42 0  
0.77 0.56 0  
0.72 0.57 0  
0.73 0.56 0  
0.3 0.49 0  
0.31 0.48 0  
0.32 0.49 0  
0.31 0.5 0  
0.83 0.32 0  
0.84 0.33 0  
0.83 0.34 0  
0.82 0.33 0  
0.8 0.55 0  
0.82 0.55 0  
0.76 0.23 0  
0.75 0.24 0  
0.7 0.31 0  
0.69 0.32 0  
0.35 0.44 0  
0.36 0.45 0  
0.35 0.46 0  
0.67 0.36 0  
0.74 0.69 0  
0.49 0.84 0  
0.5 0.85 0  
0.49 0.86 0  
0.77 0.4 0  
0.78 0.41 0  
0.77 0.42 0  
0.74 0.27 0  
0.75 0.38 0  
0.74 0.37 0  
0.69 0.46 0  
0.47 0.38 0  
0.47 0.1 0  
0.46 0.09 0  
0.47 0.08 0  
0.78 0.55 0  
0.91 0.44 0  
0.92 0.45 0  
0.91 0.46 0  
0.35 0.74 0  
0.36 0.75 0  
0.34 0.75 0  
0.41 0.24 0  
0.42 0.25 0  
0.64 0.63 0  
0.38 0.45 0  
0.39 0.44 0  
0.82 0.19 0  
0.66 0.85 0  
0.52 0.15 0  
0.55 0.26 0  
0.91 0.22 0  
0.9 0.21 0  
0.91 0.2 0  
0.92 0.21 0  
0.78 0.77 0  
0.73 0.46 0  
0.32 0.51 0  
0.33 0.5 0  
0.34 0.51 0  
0.33 0.52 0  
0.35 0.12 0  
0.36 0.13 0  
0.35 0.14 0  
0.43 0.2 0  
0.43 0.18 0  
0.77 0.34 0  
0.78 0.35 0  
0.85 0.22 0  
0.84 0.21 0  
0.85 0.2 0  
0.86 0.21 0  
0.41 0.22 0  
0.42 0.21 0  
0.76 0.55 0  
0.74 0.55 0  
0.43 0.24 0  
0.42 0.23 0  
0.43 0.22 0  
0.16 0.51 0  
0.14 0.51 0  
0.15 0.5 0  
0.81 0.46 0  
0.76 0.39 0  
0.88 0.51 0  
0.9 0.51 0  
0.49 0.88 0  
0.5 0.89 0  
0.48 0.89 0  
0.4 0.49 0  
0.41 0.5 0  
0.9 0.33 0  
0.89 0.34 0  
0.88 0.33 0  
0.89 0.32 0  
0.87 0.34 0  
0.86 0.33 0  
0.87 0.32 0  
0.59 0.78 0  
0.85 0.5 0  
0.86 0.51 0  
0.21 0.48 0  
0.21 0.5 0  
0.75 0.26 0  
0.92 0.47 0  
0.93 0.46 0  
0.94 0.47 0  
0.75 0.28 0  
0.86 0.43 0  
0.87 0.42 0  
0.88 0.43 0  
0.08 0.47 0  
0.07 0.46 0  
0.26 0.73 0  
0.27 0.72 0  
0.15 0.44 0  
0.14 0.43 0  
0.81 0.84 0  
0.8 0.83 0  
0.28 0.57 0  
0.3 0.57 0  
0.29 0.58 0  
0.37 0.76 0  
0.28 0.35 0  
0.27 0.36 0  
0.26 0.35 0  
0.27 0.34 0  
0.49 0.74 0  
0.48 0.73 0  
0.49 0.72 0  
0.5 0.73 0  
0.34 0.31 0  
0.46 0.67 0  
0.47 0.66 0  
0.48 0.67 0  
0.26 0.37 0  
0.25 0.36 0  
0.04 0.99 0  
0.02 0.99 0  
0.33 0.18 0  
0.34 0.19 0  
0.48 0.61 0  
0.49 0.6 0  
0.5 0.61 0  
0.2 0.33 0  
0.22 0.33 0  
0.41 0.72 0  
0.4 0.71 0  
0.42 0.71 0  
0.85 0.44 0  
0.84 0.43 0  
0.17 0.52 0  
0.26 0.51 0  
0.27 0.5 0  
0.28 0.51 0  
0.27 0.52 0  
0.76 0.77 0  
0.75 0.32 0  
0.75 0.3 0  
0.5 0.69 0  
0.51 0.68 0  
0.96 0.47 0  
0.95 0.48 0  
0.73 0.7 0  
0.72 0.69 0  
0.7 0.57 0  
0.72 0.71 0  
0.71 0.7 0  
0.26 0.59 0  
0.27 0.58 0  
0.28 0.59 0  
0.27 0.6 0  
0.69 0.88 0  
0.7 0.87 0  
0.29 0.34 0  
0.28 0.33 0  
0.79 0.82 0  
0.78 0.81 0  
0.32 0.57 0  
0.33 0.56 0  
0.34 0.57 0  
0.33 0.58 0  
0.32 0.11 0  
0.33 0.1 0  
0.34 0.11 0  
0.18 0.79 0  
0.35 0.18 0  
0.36 0.19 0  
0.35 0.2 0  
0.35 0.56 0  
0.36 0.57 0  
0.35 0.58 0  
0.86 0.17 0  
0.85 0.18 0  
0.79 0.34 0  
0.8 0.35 0  
0.79 0.36 0  
0.68 0.51 0  
0.38 0.73 0  
0.39 0.72 0  
0.4 0.73 0  
0.72 0.65 0  
0.7 0.65 0  
0.21 0.62 0  
0.22 0.63 0  
0.68 0.57 0  
0.42 0.65 0  
0.43 0.64 0  
0.44 0.65 0  
0.57 0.56 0  
0.7 0.69 0  
0.79 0.28 0  
0.35 0.1 0  
0.33 0.36 0  
0.32 0.35 0  
0.64 0.97 0  
0.65 0.96 0  
0.66 0.97 0  
0.65 0.98 0  
0.88 0.25 0  
0.87 0.26 0  
0.86 0.25 0  
0.87 0.24 0  
0.79 0.38 0  
0.8 0.39 0  
0.79 0.4 0  
0.78 0.39 0  
0.45 0.02 0  
0.45 0.04 0  
0.68 0.69 0  
0.61 0.6 0  
0.61 0.58 0  
0.88 0.47 0  
0.9 0.47 0  
0.85 0.32 0  
0.8 0.29 0  
0.79 0.3 0  
0.6 0.57 0  
0.19 0.46 0  
0.18 0.45 0  
0.67 0.68 0  
0.66 0.67 0  
0.67 0.66 0  
0.23 0.4 0  
0.22 0.39 0  
0.38 0.43 0  
0.37 0.44 0  
0.36 0.43 0  
0.44 0.09 0  
0.45 0.08 0  
0.23 0.56 0  
0.23 0.58 0  
0.4 0.67 0  
0.41 0.66 0  
0.68 0.65 0  
0.38 0.57 0  
0.37 0.58 0  
0.37 0.56 0  
0.78 0.43 0  
0.79 0.42 0  
0.53 0.58 0  
0.2 0.59 0  
0.98 0.09 0  
0.99 0.08 0  
0.32 0.37 0  
0.95 0.4 0  
0.94 0.39 0  
0.96 0.39 0  
0.19 0.7 0  
0.18 0.71 0  
0.41 0.08 0  
0.42 0.09 0  
0.47 0.8 0  
0.46 0.79 0  
0.47 0.78 0  
0.27 0.54 0  
0.26 0.53 0  
0.31 0.36 0  
0.82 0.49 0  
0.81 0.48 0  
0.27 0.56 0  
0.26 0.55 0  
0.61 0.44 0  
0.83 0.22 0  
0.84 0.23 0  
0.83 0.24 0  
0.62 0.71 0  
0.63 0.7 0  
0.64 0.71 0  
0.63 0.72 0  
0.22 0.41 0  
0.21 0.42 0  
0.2 0.41 0  
0.21 0.4 0  
0.73 0.88 0  
0.72 0.87 0  
0.73 0.86 0  
0.74 0.87 0  
0.84 0.49 0  
0.3 0.35 0  
0.16 0.71 0  
0.77 0.44 0  
0.25 0.72 0  
0.24 0.71 0  
0.26 0.71 0  
0.68 0.45 0  
0.8 0.37 0  
0.14 0.39 0  
0.26 0.41 0  
0.25 0.42 0  
0.24 0.41 0  
0.26 0.49 0  
0.25 0.5 0  
0.25 0.48 0  
0.37 0.68 0  
0.36 0.67 0  
0.37 0.66 0  
0.38 0.67 0  
0.84 0.25 0  
0.83 0.26 0  
0.82 0.25 0  
0.84 0.37 0  
0.82 0.37 0  
0.83 0.36 0  
0.78 0.51 0  
0.31 0.54 0  
0.32 0.55 0  
0.31 0.56 0  
0.83 0.48 0  
0.86 0.37 0  
0.81 0.32 0  
0.81 0.34 0  
0.8 0.33 0  
0.81 0.38 0  
0.37 0.2 0  
0.58 0.57 0  
0.39 0.7 0  
0.38 0.69 0  
0.39 0.68 0  
0.37 0.74 0  
0.82 0.47 0  
0.43 0.8 0  
0.43 0.78 0  
0.44 0.79 0  
0.67 0.38 0  
0.31 0.12 0  
0.3 0.11 0  
0.31 0.1 0  
0.34 0.71 0  
0.33 0.72 0  
0.87 0.22 0  
0.88 0.23 0  
0.86 0.23 0  
0.14999987 0.07999988 0  
0.1499999 0.099999905 0  
0.11 0.5 0  
0.12 0.51 0  
0.19 0.8 0  
0.49 0.82 0  
0.31 0.14 0  
0.12 0.79 0  
0.13 0.78 0  
0.13 0.8 0  
0.58 0.69 0  
0.57 0.7 0  
0.24 0.51 0  
0.22 0.51 0  
0.37 0.72 0  
0.36 0.73 0  
0.82 0.35 0  
0.88 0.17 0  
0.87 0.16 0  
0.33 0.74 0  
0.43 0.1 0  
0.35 0.22 0  
0.36 0.21 0  
0.46 0.15 0  
0.47 0.14 0  
0.24 0.47 0  
0.22 0.47 0  
0.23 0.46 0  
0.34 0.73 0  
0.76 0.83 0  
0.75 0.84 0  
0.74 0.83 0  
0.75 0.82 0  
0.76 0.33 0  
0.46 0.81 0  
0.48 0.81 0  
0.34 0.43 0  
0.32 0.43 0  
0.33 0.42 0  
0.57 0.72 0  
0.58 0.73 0  
0.57 0.74 0  
0.44 0.17 0  
0.45 0.16 0  
0.4 0.57 0  
0.41 0.56 0  
0.39 0.56 0  
0.45 0.96 0  
0.45 0.94 0  
0.31 0.08 0  
0.32 0.09 0  
0.38 0.13 0  
0.82 0.29 0  
0.81 0.3 0  
0.85 0.24 0  
0.1 0.79 0  
0.11 0.78 0  
0.36 0.09 0  
0.37 0.08 0  
0.9 0.43 0  
0.35 0.24 0  
0.36 0.59 0  
0.34 0.59 0  
0.4 0.43 0  
0.17999999 0.03 0  
0.16 0.02999999 0  
0.17 0.019999998 0  
0.35 0.72 0  
0.29 0.6 0  
0.29 0.62 0  
0.28 0.61 0  
0.9 0.13 0  
0.42 0.17 0  
0.73 0.78 0  
0.18 0.51 0  
0.45 0.8 0  
0.45 0.82 0  
0.44 0.81 0  
0.38 0.51 0  
0.37 0.52 0  
0.36 0.51 0  
0.37 0.5 0  
0.39 0.64 0  
0.44 0.47 0  
0.35 0.5 0  
0.13 0.74 0  
0.12 0.73 0  
0.13 0.72 0  
0.91 0.5 0  
0.33 0.08 0  
0.34 0.09 0  
0.71 0.86 0  
0.26 0.03 0  
0.24 0.03 0  
0.25 0.02 0  
0.33 0.66 0  
0.88 0.21 0  
0.41 0.04 0  
0.41 0.02 0  
0.35 0.7 0  
0.36 0.71 0  
0.2 0.51 0  
0.41 0.52 0  
0.4 0.51 0  
0.26 0.61 0  
0.91 0.48 0  
0.43 0.16 0  
0.65 0.82 0  
0.65 0.8 0  
0.66 0.81 0  
0.48 0.05 0  
0.47 0.06 0  
0.46 0.05 0  
0.23 0.04 0  
0.23 0.06 0  
0.22 0.05 0  
0.35 0.08 0  
0.1 0.73 0  
0.11 0.72 0  
0.18 0.47 0  
0.17 0.46 0  
0.36 0.55 0  
0.34 0.55 0  
0.11999992 0.009999921 0  
0.14 0.009999999 0  
0.12999992 0.01999992 0  
0.3 0.59 0  
0.32 0.41 0  
0.31 0.42 0  
0.3 0.41 0  
0.65 0.68 0  
0.5 0.55 0  
0.68 0.79 0  
0.67 0.8 0  
0.66 0.79 0  
0.67 0.78 0  
0.24 0.55 0  
0.41 0.06 0  
0.55 0.62 0  
0.56 0.61 0  
0.69 0.9 0  
0.24 0.43 0  
0.23 0.44 0  
0.22 0.43 0  
0.23 0.42 0  
0.39 0.66 0  
0.38 0.65 0  
0.4 0.65 0  
0.78 0.33 0  
0.25 0.64 0  
0.26 0.65 0  
0.95 0.14 0  
0.95 0.12 0  
0.96 0.13 0  
0.1 0.67 0  
0.11 0.66 0  
0.12 0.67 0  
0.11 0.68 0  
0.14 0.75 0  
0.59 0.82 0  
0.35 0.68 0  
0.36 0.69 0  
0.31 0.04 0  
0.31 0.06 0  
0.8 0.93 0  
0.81 0.92 0  
0.82 0.93 0  
0.81 0.94 0  
0.45 0.06 0  
0.46 0.07 0  
0.43 0.62 0  
0.44 0.63 0  
0.59 0.68 0  
0.59 0.66 0  
0.6 0.67 0  
0.42 0.61 0  
0.44 0.61 0  
0.02 0.63 0  
0.01 0.62 0  
0.46 0.65 0  
0.48 0.65 0  
0.47 0.12 0  
0.48 0.13 0  
0.3 0.15 0  
0.65 0.92 0  
0.65 0.9 0  
0.79 0.32 0  
0.47 0.72 0  
0.46 0.71 0  
0.48 0.71 0  
0.53 0.66 0  
0.13 0.52 0  
0.27 0.44 0  
0.26 0.43 0  
0.27 0.42 0  
0.38 0.71 0  
0.87 0.4 0  
0.6 0.69 0  
0.59 0.64 0  
0.45 0.62 0  
0.46 0.61 0  
0.43 0.76 0  
0.42 0.75 0  
0.43 0.74 0  
0.65 0.7 0  
0.8 0.31 0  
0.82 0.31 0  
0.81 0.36 0  
0.22 0.67 0  
0.97 0.4 0  
0.98 0.39 0  
0.15 0.7 0  
0.14 0.71 0  
0.33 0.54 0  
0.35 0.42 0  
0.34 0.41 0  
0.44 0.73 0  
0.45 0.72 0  
0.46 0.73 0  
0.31 0.58 0  
0.32 0.59 0  
0.28 0.65 0  
0.29 0.64 0  
0.37 0.7 0  
0.48 0.77 0  
0.49 0.76 0  
0.5 0.77 0  
0.84 0.31 0  
0.85 0.3 0  
0.86 0.31 0  
0.65 0.84 0  
0.39 0.14 0  
0.65 0.86 0  
0.64 0.85 0  
0.42 0.73 0  
0.41 0.74 0  
0.34 0.67 0  
0.51 0.96 0  
0.26 0.45 0  
0.25 0.46 0  
0.24 0.45 0  
0.25 0.44 0  
0.36 0.07 0  
0.37 0.6 0  
0.23 0.6 0  
0.24 0.61 0  
0.23 0.62 0  
0.22 0.61 0  
0.54 0.71 0  
0.87 0.38 0  
0.88 0.39 0  
0.34 0.17 0  
0.35 0.16 0  
0.2 0.47 0  
0.49 0.7 0  
0.55 0.78 0  
0.54 0.77 0  
0.55 0.76 0  
0.37 0.54 0  
0.38 0.55 0  
0.93 0.44 0  
0.29 0.46 0  
0.28 0.45 0  
0.63 0.64 0  
0.43 0.14 0  
0.44 0.15 0  
0.48 0.75 0  
0.98 0.33 0  
0.97 0.32 0  
0.9 0.39 0  
0.17 0.64 0  
0.16 0.63 0  
0.33 0.6 0  
0.44 0.71 0  
0.43 0.72 0  
0.76 0.87 0  
0.75 0.88 0  
0.75 0.86 0  
0.39 0.54 0  
0.4 0.55 0  
0.18 0.41 0  
0.47 0.76 0  
0.47 0.74 0  
0.31 0.52 0  
0.32 0.53 0  
0.28 0.41 0  
0.39 0.12 0  
0.41 0.54 0  
0.45 0.52 0  
0.96 0.31 0  
0.97 0.3 0  
0.98 0.31 0  
0.92 0.31 0  
0.91 0.32 0  
0.9 0.31 0  
0.33 0.48 0  
0.34 0.49 0  
0.35 0.48 0  
0.34 0.47 0  
0.29 0.5 0  
0.3 0.51 0  
0.52 0.67 0  
0.24 0.59 0  
0.22 0.59 0  
0.65 0.88 0  
0.58 0.81 0  
0.84 0.27 0  
0.83 0.28 0  
0.48 0.87 0  
0.47 0.88 0  
0.94 0.31 0  
0.93 0.32 0  
0.93 0.3 0  
0.28 0.47 0  
0.3 0.47 0  
0.29 0.48 0  
0.24 0.63 0  
0.25 0.62 0  
0.36 0.49 0  
0.92 0.33 0  
0.91 0.34 0  
0.21 0.04 0  
0.21 0.06 0  
0.2 0.05 0  
0.32 0.47 0  
0.38 0.49 0  
0.39 0.5 0  
0.39 0.52 0  
0.27 0.46 0  
0.88 0.31 0  
0.89 0.3 0  
0.25 0.54 0  
0.96 0.41 0  
0.95 0.42 0  
0.94 0.41 0  
0.58 0.65 0  
0.73 0.92 0  
0.73 0.9 0  
0.25 0.52 0  
0.38 0.53 0  
0.45 0.64 0  
0.94 0.43 0  
0.92 0.43 0  
0.93 0.42 0  
0.45 0.66 0  
0.45 0.68 0  
0.25 0.6 0  
0.61 0.7 0  
0.59 0.92 0  
0.59 0.94 0  
0.58 0.93 0  
0.28 0.11 0  
0.27 0.48 0  
0.26 0.47 0  
0.61 0.68 0  
0.36 0.03 0  
0.37 0.02 0  
0.09 0.66 0  
0.09 0.68 0  
0.32 0.01 0  
0.31 0.02 0  
0.3 0.01 0  
0.87 0.36 0  
0.21 0.6 0  
0.62 0.85 0  
0.68 0.81 0  
0.65 0.78 0  
0.28 0.49 0  
0.56 0.93 0  
0.57 0.92 0  
0.58 0.91 0  
0.59 0.9 0  
0.6 0.91 0  
0.49 0.66 0  
0.5 0.67 0  
0.49 0.68 0  
0.01 0.76 0  
0.02 0.77 0  
0.01 0.78 0  
0.45 0.7 0  
0.83 0.3 0  
0.08 0.57 0  
0.07 0.58 0  
0.06 0.57 0  
0.16 0.45 0  
0.14 0.67 0  
0.15 0.66 0  
0.15 0.68 0  
0.87 0.28 0  
0.86 0.27 0  
0.88 0.27 0  
0.94 0.29 0  
0.93 0.28 0  
0.54 0.75 0  
0.53 0.76 0  
0.64 0.69 0  
0.62 0.69 0  
0.47 0.6 0  
0.56 0.75 0  
0.12 0.43 0  
0.91 0.42 0  
0.85 0.28 0  
0.85 0.26 0  
0.51 0.78 0  
0.64 0.75 0  
0.63 0.76 0  
0.63 0.74 0  
0.3 0.63 0  
0.49 0.58 0  
0.48 0.59 0  
0.35 0.04 0  
0.35 0.06 0  
0.51 0.62 0  
0.48 0.93 0  
0.97 0.42 0  
0.98 0.41 0  
0.98 0.13 0  
0.97 0.14 0  
0.67 0.74 0  
0.56 0.91 0  
0.69 0.78 0  
0.69 0.8 0  
0.11 0.84 0  
0.1 0.83 0  
0.89 0.28 0  
0.89 0.26 0  
0.9 0.27 0  
0.93 0.38 0  
0.83 0.2 0  
0.9 0.35 0  
0.88 0.35 0  
0.59 0.8 0  
0.92 0.39 0  
0.91 0.4 0  
0.03 0.7 0  
0.04 0.71 0  
0.02 0.71 0  
0.48 0.11 0  
0.69 0.96 0  
0.69 0.94 0  
0.56 0.71 0  
0.87 0.3 0  
0.69 0.92 0  
0.7 0.93 0  
0.68 0.93 0  
0.52 0.77 0  
0.55 0.84 0  
0.91 0.26 0  
0.92 0.27 0  
0.64 0.77 0  
0.56 0.87 0  
0.57 0.86 0  
0.58 0.87 0  
0.49 0.56 0  
0.51 0.86 0  
0.52 0.87 0  
0.51 0.88 0  
0.5 0.87 0  
0.51 0.1 0  
0.93 0.26 0  
0.94 0.27 0  
0.74 0.77 0  
0.04 0.61 0  
0.05 0.6 0  
0.06 0.61 0  
0.28 0.15 0  
0.55 0.9 0  
0.55 0.92 0  
0.89 0.24 0  
0.89 0.22 0  
0.9 0.23 0  
0.43 0.12 0  
0.71 0.82 0  
0.72 0.83 0  
0.71 0.84 0  
0.4 0.53 0  
0.55 0.94 0  
0.65 0.76 0  
0.66 0.77 0  
0.61 0.96 0  
0.6 0.95 0  
0.62 0.95 0  
0.7 0.81 0  
0.49 0.12 0  
0.5 0.11 0  
0.77 0.82 0  
0.76 0.81 0  
0.66 0.69 0  
0.12 0.69 0  
0.11 0.7 0  
0.1 0.69 0  
0.54 0.89 0  
0.52 0.89 0  
0.53 0.88 0  
0.55 0.96 0  
0.55 0.98 0  
0.35 0.02 0  
0.47 0.92 0  
0.47 0.9 0  
0.1 0.57 0  
0.09 0.58 0  
0.09 0.84 0  
0.09 0.82 0  
0.74 0.85 0  
0.76 0.85 0  
0.44 0.01 0  
0.42 0.01 0  
0.98 0.43 0  
0.97 0.44 0  
0.96 0.43 0  
0.12 0.57 0  
0.16 0.65 0  
0.79 0.84 0  
0.78 0.83 0  
0.09 0.64 0  
0.08 0.63 0  
0.09 0.62 0  
0.92 0.19 0  
0.9 0.19 0  
0.72 0.85 0  
0.03 0.58 0  
0.04 0.59 0  
0.03 0.6 0  
0.02 0.59 0  
0.14999996 0.039999966 0  
0.14999992 0.059999913 0  
0.1399999 0.049999904 0  
0.93 0.2 0  
0.93 0.18 0  
0.94 0.19 0  
0.66 0.75 0  
0.64 0.93 0  
0.63 0.94 0  
0.59 0.96 0  
0.1 0.65 0  
0.99 0.14 0  
0.32 0.07 0  
0.34 0.07 0  
0.15 0.64 0  
0.14 0.63 0  
0.77 0.84 0  
0.08 0.65 0  
0.01 0.7 0  
0.01 0.68 0  
0.02 0.69 0  
0.02 0.67 0  
0.109998226 0.01999823 0  
0.09999831 0.009998309 0  
0.92 0.41 0  
0.04 0.57 0  
0.05 0.58 0  
0.13 0.62 0  
0.68 0.77 0  
0.6 0.81 0  
0.93 0.4 0  
0.27 0.02 0  
0.28 0.03 0  
0.86 0.29 0  
0.84 0.29 0  
0.94 0.23 0  
0.96 0.23 0  
0.64 0.95 0  
0.63 0.96 0  
0.88 0.29 0  
0.06994268 0.019942682 0  
0.06994244 0.039942436 0  
0.08 0.69 0  
0.78 0.85 0  
0.8 0.85 0  
0.79 0.86 0  
0.98 0.27 0  
0.97 0.28 0  
0.96 0.27 0  
0.77 0.86 0  
0.78 0.87 0  
0.77 0.88 0  
0.46 0.93 0  
0.49 0.02 0  
0.49 0.04 0  
0.14999999 0.019999998 0  
0.13999997 0.029999973 0  
0.54 0.87 0  
0.53 0.86 0  
0.83 0.94 0  
0.54 0.85 0  
0.52 0.85 0  
0.95 0.3 0  
0.1 0.61 0  
0.12 0.61 0  
0.59 0.98 0  
0.6 0.99 0  
0.58 0.99 0  
0.55 0.88 0  
0.55 0.86 0  
0.99 0.26 0  
0.99 0.28 0  
0.89 0.2 0  
0.09 0.78 0  
0.08 0.77 0  
0.1 0.77 0  
0.73 0.94 0  
0.74 0.95 0  
0.73 0.96 0  
0.14 0.69 0  
0.3 0.03 0  
0.24 0.01 0  
0.23 0.02 0  
0.22 0.01 0  
0.06 0.45 0  
0.05 0.7 0  
0.56 0.85 0  
0.8 0.91 0  
0.98 0.23 0  
0.64 0.99 0  
0.62 0.99 0  
0.63 0.98 0  
0.59 0.88 0  
0.08 0.61 0  
0.09 0.6 0  
0.04 0.83 0  
0.05 0.82 0  
0.05 0.84 0  
0.81 0.98 0  
0.81 0.96 0  
0.9 0.25 0  
0.91 0.24 0  
0.92 0.25 0  
0.06 0.59 0  
0.96 0.49 0  
0.93 0.24 0  
0.99 0.32 0  
0.99 0.34 0  
0.13 0.68 0  
0.67 0.76 0  
0.72 0.99 0  
0.73 0.98 0  
0.74 0.99 0  
0.74 0.89 0  
0.76 0.89 0  
0.78 0.89 0  
0.77 0.9 0  
0.04 0.65 0  
0.06 0.65 0  
0.99 0.22 0  
0.99 0.24 0  
0.13 0.76 0  
0.02 0.83 0  
0.03 0.82 0  
0.03 0.84 0  
0.03 0.62 0  
0.02 0.61 0  
0.72 0.93 0  
0.97 0.46 0  
0.98 0.47 0  
0.97 0.48 0  
0.01 0.6 0  
0.99 0.36 0  
0.99 0.38 0  
0.12 0.71 0  
0.13 0.7 0  
0.79 0.92 0  
0.78 0.91 0  
0.79 0.9 0  
0.34 0.01 0  
0.36 0.01 0  
0.62 0.97 0  
0.95 0.28 0  
0.65 0.94 0  
0.26 0.01 0  
0.99 0.4 0  
0.02 0.57 0  
0.03 0.56 0  
0.99 0.18 0  
0.99 0.2 0  
0.98 0.19 0  
0.04 0.69 0  
0.06 0.69 0  
0.95 0.18 0  
0.96 0.19 0  
0.66 0.99 0  
0.19 0.04 0  
0.07 0.64 0  
0.07 0.62 0  
0.07 0.6 0  
0.96 0.29 0  
0.98 0.29 0  
0.99 0.42 0  
0.99 0.44 0  
0.01 0.74 0  
0.01 0.72 0  
0.99 0.16 0  
0.98 0.15 0  
0.99 0.46 0  
0.98 0.45 0  
0.38 0.01 0  
0.4 0.01 0  
0.6 0.97 0  
0.04 0.75 0  
0.03 0.76 0  
0.02 0.75 0  
0.93 0.22 0  
0.92 0.23 0  
0.74 0.97 0  
0.89 0.18 0  
0.48 0.01 0  
0.68 0.97 0  
0.69 0.98 0  
0.7 0.99 0  
0.08 0.59 0  
0.94 0.17 0  
0.93 0.16 0  
0.04 0.85 0  
0.02 0.85 0  
0.12999961 0.03999961 0  
0.84 0.19 0  
0.75 0.96 0  
0.05 0.88 0  
0.05 0.86 0  
0.06 0.87 0  
0.66 0.93 0  
0.79 0.88 0  
0.96 0.09 0  
0.97 0.08 0  
0.01 0.58 0  
0.01 0.56 0  
0.03 0.54 0  
0.02 0.53 0  
0.73 0.84 0  
0.11999956 0.029999556 0  
0.22 0.07 0  
0.56 0.99 0  
0.54 0.99 0  
0.09 0.8 0  
0.29 0.02 0  
0.07998848 0.009988483 0  
0.85 0.96 0  
0.85 0.98 0  
0.67 0.98 0  
0.1 0.85 0  
0.22 0.03 0  
0.46 0.01 0  
0.61 0.98 0  
0.95 0.08 0  
0.95 0.1 0  
0.95 0.16 0  
0.16 0.009999998 0  
0.77 0.98 0  
0.76 0.97 0  
0.99 0.3 0  
0.82 0.95 0  
0.84 0.95 0  
0.18 0.01 0  
0.07 0.74 0  
0.08 0.73 0  
0.8 0.99 0  
0.78 0.99 0  
0.94 0.15 0  
0.28 0.01 0  
0.03 0.78 0  
0.04 0.77 0  
0.06 0.75 0  
0.05 0.76 0  
0.98 0.07 0  
0.08 0.87 0  
0.09 0.86 0  
0.82 0.99 0  
0.01 0.54 0  
0.02 0.55 0  
0.03 0.68 0  
0.03 0.66 0  
0.12 0.77 0  
0.19 0.02 0  
0.2 0.03 0  
0.68 0.99 0  
0.03 0.64 0  
0.96 0.15 0  
0.01 0.82 0  
0.01 0.8 0  
0.02 0.81 0  
0.02 0.79 0  
0.03 0.8 0  
0.07 0.76 0  
0.06 0.77 0  
0.21 0.02 0  
0.2 0.01 0  
0.05993297 0.04993297 0  
0.75 0.98 0  
0.96 0.07 0  
0.01 0.84 0  
0.95 0.06 0  
0.04 0.81 0  
0.76 0.99 0  
0.08 0.81 0  
0.06 0.81 0  
0.99 0.02 0  
0.0599542 0.009954199 0  
0.84 0.99 0  
0.01991903 0.009919031 0  
0.03990391 0.009903911 0  
CELLS 2500 22500 
8 2800 2797 2787 2796 2801 2802 2803 2804 
8 2798 2800 2794 2795 2805 2806 2807 2808 
8 2800 2798 2799 2797 2805 2809 2810 2801 
8 2472 2374 2436 2481 2811 2812 2813 2814 
8 2056 1867 1869 1975 2815 2816 2817 2818 
8 2759 2767 2753 2716 2819 2820 2821 2822 
8 2494 2529 2605 2571 2823 2824 2825 2826 
8 2761 2766 2748 2741 2827 2828 2829 2830 
8 2606 2596 2631 2674 2831 2832 2833 2834 
8 2641 2676 2675 2637 2835 2836 2837 2838 
8 2675 2676 2730 2700 2836 2839 2840 2841 
8 1839 1787 1624 1715 2842 2843 2844 2845 
8 2799 2788 2789 2797 2846 2847 2848 2810 
8 2673 2689 2669 2698 2849 2850 2851 2852 
8 2778 2758 2789 2788 2853 2854 2847 2855 
8 2697 2701 2635 2678 2856 2857 2858 2859 
8 2566 2572 2476 2531 2860 2861 2862 2863 
8 1788 1804 1636 1716 2864 2865 2866 2867 
8 2726 2692 2679 2629 2868 2869 2870 2871 
8 2217 2280 2155 2140 2872 2873 2874 2875 
8 1089 1184 972 1137 2876 2877 2878 2879 
8 1286 1376 1271 1331 2880 2881 2882 2883 
8 2519 2423 2485 2573 2884 2885 2886 2887 
8 1357 1262 1379 1515 2888 2889 2890 2891 
8 2388 2363 2272 2333 2892 2893 2894 2895 
8 1377 1288 1187 1325 2896 2897 2898 2899 
8 1719 1705 1774 1876 2900 2901 2902 2903 
8 2645 2658 2638 2680 2904 2905 2906 2907 
8 884 885 956 1047 2908 2909 2910 2911 
8 2689 2646 2639 2669 2912 2913 2914 2850 
8 2374 2440 2336 2262 2915 2916 2917 2918 
8 2262 2336 2219 2210 2917 2919 2920 2921 
8 2574 2591 2521 2561 2922 2923 2924 2925 
8 850 938 1056 886 2926 2927 2928 2929 
8 1394 1471 1289 1274 2930 2931 2932 2933 
8 1560 1542 1612 1721 2934 2935 2936 2937 
8 1806 1790 1855 1954 2938 2939 2940 2941 
8 2069 1933 2022 2107 2942 2943 2944 2945 
8 1378 1467 1290 1276 2946 2947 2948 2949 
8 886 800 702 850 2950 2951 2952 2929 
8 1186 1171 1072 1091 2953 2954 2955 2956 
8 1620 1722 1561 1543 2957 2958 2959 2960 
8 1092 1091 993 892 2961 2962 2963 2964 
8 1808 1791 1623 1723 2965 2966 2967 2968 
8 2778 2742 2717 2758 2969 2970 2971 2853 
8 2779 2758 2717 2750 2972 2971 2973 2974 
8 1073 1191 1293 1278 2975 2976 2977 2978 
8 2674 2631 2702 2695 2833 2979 2980 2981 
8 2678 2635 2613 2562 2858 2982 2983 2984 
8 1360 1473 1294 1277 2985 2986 2987 2988 
8 1184 1089 1078 1299 2876 2989 2990 2991 
8 2531 2476 2443 2375 2862 2992 2993 2994 
8 1278 1293 1383 1477 2977 2995 2996 2997 
8 2375 2443 2338 2324 2993 2998 2999 3000 
8 2667 2644 2614 2679 3001 3002 3003 3004 
8 2010 2020 1865 1958 3005 3006 3007 3008 
8 1617 1646 1809 1781 3009 3010 3011 3012 
8 2554 2614 2517 2542 3013 3014 3015 3016 
8 2200 2288 2162 2141 3017 3018 3019 3020 
8 869 994 779 769 3021 3022 3023 3024 
8 888 873 781 770 3025 3026 3027 3028 
8 873 888 883 973 3025 3029 3030 3031 
8 1200 1387 1478 1296 3032 3033 3034 3035 
8 1879 1792 1621 1726 3036 3037 3038 3039 
8 2577 2534 2524 2559 3040 3041 3042 3043 
8 2284 2272 2136 2220 3044 3045 3046 3047 
8 2025 1928 1776 1881 3048 3049 3050 3051 
8 2065 2157 2026 1928 3052 3053 3054 3055 
8 2567 2578 2475 2535 3056 3057 3058 3059 
8 2438 2371 2535 2475 3060 3061 3058 3062 
8 1962 1963 2027 2087 3063 3064 3065 3066 
8 889 1042 1156 996 3067 3068 3069 3070 
8 996 778 782 889 3071 3072 3073 3070 
8 1137 972 921 1021 2878 3074 3075 3076 
8 991 872 645 783 3077 3078 3079 3080 
8 888 784 646 883 3081 3082 3083 3029 
8 1187 1288 1098 1103 2897 3084 3085 3086 
8 2787 2773 2790 2796 3087 3088 3089 2803 
8 751 892 685 686 3090 3091 3092 3093 
8 2739 2745 2769 2765 3094 3095 3096 3097 
8 2736 2704 2696 2721 3098 3099 3100 3101 
8 1058 1190 999 975 3102 3103 3104 3105 
8 770 781 716 717 3027 3106 3107 3108 
8 523 458 633 456 3109 3110 3111 3112 
8 1075 877 1003 1093 3113 3114 3115 3116 
8 1557 1556 1731 1628 3117 3118 3119 3120 
8 1652 1525 1482 1483 3121 3122 3123 3124 
8 1780 1941 1965 1883 3125 3126 3127 3128 
8 1611 1718 1884 1789 3129 3130 3131 3132 
8 2608 2565 2522 2574 3133 3134 3135 3136 
8 2795 2792 2785 2798 3137 3138 3139 2808 
8 553 400 227 228 3140 3141 277 3142 
8 2760 2765 2790 2773 3143 3144 3088 3145 
8 1789 1884 1962 1932 3131 3146 3147 3148 
8 2734 2724 2666 2705 3149 3150 3151 3152 
8 2656 2636 2705 2666 3153 3154 3151 3155 
8 2794 2786 2793 2795 3156 3157 3158 2807 
8 1774 1885 1925 2030 3159 3160 3161 3162 
8 2510 2446 2447 2490 3163 3164 3165 3166 
8 2001 2086 1964 1851 3167 3168 3169 3170 
8 527 679 559 438 3171 3172 3173 3174 
8 681 678 404 556 3175 3176 3177 3178 
8 2395 2316 2425 2491 3179 3180 3181 3182 
8 2291 2340 2228 2227 3183 3184 3185 3186 
8 2491 2425 2516 2580 3181 3187 3188 3189 
8 1155 1090 1002 871 3190 3191 3192 3193 
8 1191 1073 1000 872 2975 3194 3195 3196 
8 2325 2339 2202 2293 3197 3198 3199 3200 
8 2153 2067 2293 2202 3201 3202 3199 3203 
8 1851 1964 1813 1795 3169 3204 3205 3206 
8 1450 1567 1386 1256 3207 3208 3209 3210 
8 955 1096 899 746 3211 3212 3213 3214 
8 2776 2763 2740 2767 3215 3216 3217 3218 
8 2382 2448 2479 2492 3219 3220 3221 3222 
8 2089 2167 2032 2011 3223 3224 3225 3226 
8 874 891 664 799 3227 3228 3229 3230 
8 898 752 1005 975 3231 3232 3233 3234 
8 1301 1106 966 1169 3235 3236 3237 3238 
8 2011 2032 1861 1968 3225 3239 3240 3241 
8 1968 1861 1815 1693 3240 3242 3243 3244 
8 1304 1385 1186 1203 3245 3246 3247 3248 
8 459 628 743 455 3249 3250 3251 3252 
8 1100 977 905 755 3253 3254 3255 3256 
8 656 683 402 558 3257 3258 3259 3260 
8 1480 1355 1657 1532 3261 3262 3263 3264 
8 887 890 1008 990 3265 3266 3267 3268 
8 683 656 901 746 3257 3269 3270 3271 
8 1307 1275 1204 1076 3272 3273 3274 3275 
8 762 659 689 802 3276 3277 3278 3279 
8 1889 2033 1934 1863 3280 3281 3282 3283 
8 1389 1359 1308 1275 3284 3285 3286 3287 
8 679 527 788 745 3171 3288 3289 3290 
8 1616 1735 1571 1444 3291 3292 3293 3294 
8 1091 1092 1203 1186 2961 3295 3247 2956 
8 1526 1658 1349 1487 3296 3297 3298 3299 
8 894 789 641 875 3300 3301 3302 3303 
8 1201 1076 902 1009 3304 3305 3306 3307 
8 445 461 557 526 3308 3309 3310 3311 
8 688 533 904 752 3312 3313 3314 3315 
8 1241 1170 1384 1420 3316 3317 3318 3319 
8 1931 2016 2168 2067 3320 3321 3322 3323 
8 2788 2781 2762 2778 3324 3325 3326 2855 
8 1658 1526 1816 1693 3296 3327 3328 3329 
8 1872 1871 2034 1937 3330 3331 3332 3333 
8 1683 1769 1891 1736 3334 3335 3336 3337 
8 1420 1384 1563 1604 3318 3338 3339 3340 
8 325 326 556 404 375 3341 3177 3342 
8 782 778 690 631 3072 3343 3344 3345 
8 1726 1621 1604 1563 3038 3346 3339 3347 
8 1466 1447 1369 1392 3348 3349 3350 3351 
8 1779 1890 1615 1738 3352 3353 3354 3355 
8 2773 2787 2791 2777 3087 3356 3357 3358 
8 635 776 560 400 3359 3360 3361 3362 
8 227 400 560 226 3141 3361 3363 276 
8 2254 2150 2191 2169 3364 3365 3366 3367 
8 1368 1391 1176 1310 3368 3369 3370 3371 
8 2603 2602 2650 2636 3372 3373 3374 3375 
8 2570 2564 2617 2602 3376 3377 3378 3379 
8 1331 1271 1206 1122 2882 3380 3381 3382 
8 2472 2481 2536 2528 2814 3383 3384 3385 
8 751 896 1011 995 3386 3387 3388 3389 
8 908 980 907 911 3390 3391 3392 3393 
8 2727 2694 2723 2755 3394 3395 3396 3397 
8 893 648 805 993 3398 3399 3400 3401 
8 2698 2723 2694 2673 3402 3395 3403 2852 
8 630 454 569 682 3404 3405 3406 3407 
8 400 553 692 635 3140 3408 3409 3362 
8 814 695 661 760 3410 3411 3412 3413 
8 2067 2153 2035 1931 3201 3414 3415 3323 
8 1528 1661 1491 1350 3416 3417 3418 3419 
8 1299 1365 1311 1184 3420 3421 3422 2991 
8 1618 1730 1607 1596 3423 3424 3425 3426 
8 1931 2035 1892 1864 3415 3427 3428 3429 
8 2690 2642 2663 2651 3430 3431 3432 3433 
8 806 699 663 807 3434 3435 3436 3437 
8 900 755 697 548 3438 3439 3440 3441 
8 1185 1239 1156 1147 3442 3443 3444 3445 
8 1232 1344 1373 1266 3446 3447 3448 3449 
8 648 780 457 554 3450 3451 3452 3453 
8 972 1184 1311 1108 2877 3422 3454 3455 
8 2787 2797 2789 2791 2802 2848 3456 3356 
8 1286 1331 1251 1183 2883 3457 3458 3459 
8 684 527 438 466 3460 3174 3461 3462 
8 2758 2779 2791 2789 2972 3463 3456 2854 
8 533 688 472 473 3312 3464 3465 3466 
8 1780 1883 1767 1758 3128 3467 3468 3469 
8 1804 1788 1893 1871 2864 3470 3471 3472 
8 2270 2331 2396 2387 3473 3474 3475 3476 
8 438 559 129 130 3173 3477 179 3478 
8 647 428 565 785 3479 3480 3481 3482 
8 921 972 1108 864 3074 3455 3483 3484 
8 558 402 28 29 3259 3485 78 3486 
8 2529 2494 2430 2504 2823 3487 3488 3489 
8 654 680 471 566 3490 3491 3492 3493 
8 445 556 326 327 3494 3341 376 3495 
8 1275 1307 1397 1389 3272 3496 3497 3287 
8 1359 1389 1492 1449 3284 3498 3499 3500 
8 2793 2776 2792 2795 3501 3502 3137 3158 
8 1369 1315 1210 1392 3503 3504 3505 3350 
8 1076 1201 1313 1307 3304 3506 3507 3275 
8 2151 2245 2311 2215 3508 3509 3510 3511 
8 2437 2333 2362 2401 3512 3513 3514 3515 
8 407 566 330 331 3516 3517 380 3518 
8 468 401 127 128 3519 3520 177 3521 
8 457 553 228 229 3522 3142 278 3523 
8 1147 1156 1042 866 3444 3068 3524 3525 
8 207 428 568 206 3526 3527 3528 256 
8 864 1108 1210 1015 3483 3529 3530 3531 
8 1676 1533 1758 1767 3532 3533 3468 3534 
8 1103 1098 1019 909 3085 3535 3536 3537 
8 2748 2730 2735 2741 3538 3539 3540 2829 
8 1310 1176 1110 963 3370 3541 3542 3543 
8 1436 1437 1346 1268 3544 3545 3546 3547 
8 2775 2757 2738 2766 3548 3549 3550 3551 
8 2139 2234 2127 2080 3552 3553 3554 3555 
8 2152 2186 2076 2123 3556 3557 3558 3559 
8 633 702 573 456 3560 3561 3562 3111 
8 685 561 484 686 3563 3564 3565 3092 
8 895 763 708 546 3566 3567 3568 3569 
8 2786 2794 2784 2775 3156 3570 3571 3572 
8 1183 1251 1088 969 3458 3573 3574 3575 
8 2330 2320 2298 2205 3576 3577 3578 3579 
8 2435 2373 2345 2320 3580 3581 3582 3583 
8 864 802 803 921 3584 3585 3586 3484 
8 2080 2127 2060 1961 3554 3587 3588 3589 
8 1208 1178 1116 983 3590 3591 3592 3593 
8 2125 2049 1989 1854 3594 3595 3596 3597 
8 2157 2065 2250 2252 3052 3598 3599 3600 
8 2205 2298 2170 2144 3578 3601 3602 3603 
8 2277 2201 2321 2418 3604 3605 3606 3607 
8 2058 1987 1870 1918 3608 3609 3610 3611 
8 1379 1262 1065 1213 2889 3612 3613 3614 
8 1854 1989 1713 1802 3596 3615 3616 3617 
8 566 407 564 654 3516 3618 3619 3493 
8 1101 875 1019 1098 3620 3621 3535 3622 
8 1015 1210 1315 1112 3530 3504 3623 3624 
8 989 1056 938 768 3625 2927 3626 3627 
8 1688 1553 1521 1520 3628 3629 3630 3631 
8 2607 2601 2663 2642 3632 3633 3431 3634 
8 1928 2026 1917 1776 3054 3635 3636 3049 
8 2483 2591 2538 2496 3637 3638 3639 3640 
8 2517 2427 2495 2542 3641 3642 3643 3015 
8 802 864 1015 762 3584 3531 3644 3279 
8 2663 2601 2628 2618 3633 3645 3646 3647 
8 2505 2463 2553 2527 3648 3649 3650 3651 
8 2602 2617 2660 2650 3378 3652 3653 3373 
8 1355 1480 1400 1260 3261 3654 3655 3656 
8 1003 877 797 649 3114 3657 3658 3659 
8 1234 1069 1268 1346 3660 3661 3546 3662 
8 2770 2777 2764 2771 3663 3664 3665 3666 
8 1916 1921 1835 1709 3667 3668 3669 3670 
8 2451 2496 2509 2452 3671 3672 3673 3674 
8 2722 2749 2771 2764 3675 3676 3665 3677 
8 428 647 705 568 3479 3678 3679 3527 
8 708 763 792 707 3567 3680 3681 3682 
8 2366 2416 2402 2268 3683 3684 3685 3686 
8 750 906 1018 1006 3687 3688 3689 3690 
8 1520 1521 1416 1272 3630 3691 3692 3693 
8 2450 2471 2442 2455 3694 3695 3696 3697 
8 969 1088 954 865 3574 3698 3699 3700 
8 2379 2385 2455 2442 3701 3702 3696 3703 
8 1981 2058 1918 1783 3704 3611 3705 3706 
8 1112 920 762 1015 3707 3708 3644 3624 
8 975 1005 1113 1058 3233 3709 3710 3105 
8 2018 2051 1991 1948 3711 3712 3713 3714 
8 1088 1155 989 954 3715 3716 3717 3698 
8 2756 2725 2737 2731 3718 3719 3720 3721 
8 2397 2455 2385 2398 3722 3702 3723 3724 
8 457 229 230 554 3523 279 3725 3452 
8 911 907 793 801 3392 3726 3727 3728 
8 1521 1375 1282 1416 3729 3730 3731 3691 
8 1109 963 917 915 3732 3733 3734 3735 
8 641 790 1019 875 3736 3737 3621 3302 
8 2006 2048 1990 1985 3738 3739 3740 3741 
8 2339 2325 2398 2385 3197 3742 3723 3743 
8 1687 1593 1519 1464 3744 3745 3746 3747 
8 858 807 922 1004 3748 3749 3750 3751 
8 2354 2355 2312 2265 3752 3753 3754 3755 
8 690 579 481 631 3756 3757 3758 3344 
8 784 555 462 646 3759 3760 3761 3082 
8 890 887 794 775 3265 3762 3763 3764 
8 2253 2254 2169 2070 3765 3367 3766 3767 
8 2746 2755 2763 2783 3768 3769 3770 3771 
8 2623 2622 2661 2662 3772 3773 3774 3775 
8 2367 2278 2254 2253 3776 3777 3765 3778 
8 434 205 206 568 3779 255 3528 3780 
8 787 656 558 463 3781 3260 3782 3783 
8 752 898 564 688 3231 3784 3785 3315 
8 877 910 711 797 3786 3787 3788 3657 
8 401 468 775 794 3519 3789 3763 3790 
8 445 327 328 461 3495 377 3791 3308 
8 2572 2566 2628 2601 2860 3792 3645 3793 
8 1645 1539 1458 1498 3794 3795 3796 3797 
8 1716 1636 1575 1455 2866 3798 3799 3800 
8 2755 2723 2740 2763 3396 3801 3216 3769 
8 2776 2793 2783 2763 3501 3802 3770 3215 
8 2747 2719 2768 2782 3803 3804 3805 3806 
8 1272 1416 1250 1249 3692 3807 3808 3809 
8 472 688 564 407 3464 3785 3618 3810 
8 2726 2739 2718 2692 3811 3812 3813 2868 
8 755 905 552 697 3255 3814 3815 3439 
8 745 890 775 679 3816 3764 3817 3290 
8 2708 2732 2683 2671 3818 3819 3820 3821 
8 572 470 427 545 3822 3823 3824 3825 
8 646 462 567 698 3761 3826 3827 3828 
8 658 687 795 771 3829 3830 3831 3832 
8 555 784 655 430 3759 3833 3834 3835 
8 2723 2698 2733 2740 3402 3836 3837 3801 
8 2658 2559 2619 2638 3838 3839 3840 2905 
8 556 445 526 681 3494 3311 3841 3178 
8 1530 1666 1702 1614 3842 3843 3844 3845 
8 567 306 307 422 3846 356 3847 3848 
8 1297 1259 1215 1193 3849 3850 3851 3852 
8 2782 2768 2780 2785 3805 3853 3854 3855 
8 2592 2548 2512 2428 3856 3857 3858 3859 
8 1948 1991 1909 1833 3713 3860 3861 3862 
8 2436 2374 2262 2346 2812 2918 3863 3864 
8 2702 2713 2728 2754 3865 3866 3867 3868 
8 2191 2150 2090 2097 3365 3869 3870 3871 
8 1517 1348 1531 1678 3872 3873 3874 3875 
8 2775 2784 2774 2757 3571 3876 3877 3548 
8 2474 2482 2538 2522 3878 3879 3880 3881 
8 790 641 577 423 3736 3882 3883 3884 
8 1432 1372 1606 1518 3885 3886 3887 3888 
8 2754 2728 2743 2772 3867 3889 3890 3891 
8 1555 1448 1405 1267 3892 3893 3894 3895 
8 1944 1952 2095 1996 3896 3897 3898 3899 
8 2428 2512 2386 2317 3858 3900 3901 3902 
8 1711 1765 1919 1801 3903 3904 3905 3906 
8 1860 1877 2040 1952 3907 3908 3909 3910 
8 871 1056 989 1155 3911 3625 3716 3193 
8 2740 2733 2753 2767 3837 3912 2820 3217 
8 306 567 462 305 3846 3826 3913 355 
8 463 558 29 30 3782 3486 79 3914 
8 865 954 847 642 3699 3915 3916 3917 
8 1785 1920 1766 1641 3918 3919 3920 3921 
8 1937 2034 2097 2090 3332 3922 3870 3923 
8 2255 2194 2017 2111 3924 3925 3926 3927 
8 742 677 768 938 3928 3929 3626 3930 
8 554 230 231 441 3725 280 3931 3932 
8 561 441 231 232 3933 3931 281 3934 
8 852 1008 890 745 3935 3266 3816 3936 
8 1150 1245 1339 1340 3937 3938 3939 3940 
8 2331 2270 2229 2213 3473 3941 3942 3943 
8 2048 2125 1854 1990 3944 3597 3945 3739 
8 2751 2769 2745 2724 3946 3095 3947 3948 
8 711 712 474 584 3949 3950 3951 3952 
8 664 693 490 574 3953 3954 3955 3956 
8 680 654 798 769 3490 3957 3958 3959 
8 2083 2084 2230 2130 3960 3961 3962 3963 
8 658 585 485 687 3964 3965 3966 3829 
8 468 128 129 559 3521 178 3477 3967 
8 2135 2255 2111 2002 3968 3927 3969 3970 
8 659 575 477 689 3971 3972 3973 3277 
8 1259 1297 1401 1351 3849 3974 3975 3976 
8 2666 2693 2687 2656 3977 3978 3979 3155 
8 2560 2604 2653 2640 3980 3981 3982 3983 
8 710 535 918 753 3984 3985 3986 3987 
8 628 429 547 743 3988 3989 3990 3250 
8 540 706 587 421 3991 3992 3993 3994 
8 662 595 493 696 3995 3996 3997 3998 
8 1464 1519 1433 1329 3746 3999 4000 4001 
8 1249 1250 1151 971 3808 4002 4003 4004 
8 743 631 481 455 4005 3758 4006 3251 
8 1507 1608 1523 1417 4007 4008 4009 4010 
8 1250 1087 1037 1151 4011 4012 4013 4002 
8 477 470 572 689 4014 3822 4015 3973 
8 2387 2396 2466 2465 3475 4016 4017 4018 
8 2739 2726 2693 2745 3811 4019 4020 3094 
8 768 847 954 989 4021 3915 3717 3627 
8 752 904 1020 1005 3314 4022 4023 3232 
8 1081 813 756 1114 4024 4025 4026 4027 
8 461 328 329 471 3791 378 4028 4029 
8 2653 2608 2646 2689 4030 4031 2912 4032 
8 2700 2720 2707 2684 4033 4034 4035 4036 
8 2701 2697 2737 2725 2856 4037 3719 4038 
8 2738 2757 2751 2729 3549 4039 4040 4041 
8 1877 1860 1821 1701 3907 4042 4043 4044 
8 463 563 657 787 4045 4046 4047 3783 
8 1952 1944 1897 1860 3896 4048 4049 3910 
8 2605 2637 2622 2571 4050 4051 4052 2825 
8 2788 2799 2780 2781 2846 4053 4054 3324 
8 2671 2683 2598 2654 3820 4055 4056 4057 
8 2363 2388 2322 2285 2892 4058 4059 4060 
8 2765 2769 2774 2790 3096 4061 4062 3144 
8 578 433 800 653 4063 4064 4065 4066 
8 1070 1196 853 1001 4067 4068 4069 4070 
8 2651 2663 2618 2563 3432 3647 4071 4072 
8 2192 2078 2154 2218 4073 4074 4075 4076 
8 1056 871 764 886 3911 4077 4078 2928 
8 422 541 698 567 4079 4080 3827 3848 
8 769 779 557 680 3023 4081 4082 3959 
8 703 571 494 704 4083 4084 4085 4086 
8 1116 758 924 983 4087 4088 4089 3592 
8 535 710 590 446 3984 4090 4091 4092 
8 1844 1714 1688 1552 4093 4094 4095 4096 
8 915 917 666 810 3734 4097 4098 4099 
8 1330 1247 1372 1432 4100 4101 3885 4102 
8 1462 1592 1428 1255 4103 4104 4105 4106 
8 428 207 208 565 3526 257 4107 3480 
8 2311 2277 2418 2329 4108 3607 4109 4110 
8 660 580 478 691 4111 4112 4113 4114 
8 1260 1400 1221 1064 3655 4115 4116 4117 
8 1638 1668 1492 1576 4118 4119 4120 4121 
8 1511 1434 1569 1686 4122 4123 4124 4125 
8 660 691 804 772 4114 4126 4127 4128 
8 1337 1508 1348 1163 4129 4130 4131 4132 
8 531 658 771 896 4133 3832 4134 4135 
8 484 411 531 686 4136 4137 4138 3565 
8 977 1001 795 905 4139 4140 4141 3254 
8 797 414 588 649 4142 4143 4144 3658 
8 574 406 799 664 4145 4146 3229 3956 
8 2579 2518 2654 2598 4147 4148 4056 4149 
8 981 918 806 1013 4150 4151 4152 4153 
8 896 751 686 531 3386 3093 4138 4135 
8 533 712 773 904 4154 4155 4156 3313 
8 2715 2690 2651 2649 4157 3433 4158 4159 
8 2504 2437 2477 2529 4160 4161 4162 3489 
8 2258 2347 2304 2195 4163 4164 4165 4166 
8 1357 1515 1468 1540 2891 4167 4168 4169 
8 2721 2743 2728 2736 4170 3889 4171 3101 
8 1662 1739 1581 1582 4172 4173 4174 4175 
8 1111 1239 1185 1273 4176 3442 4177 4178 
8 1100 1193 1215 977 4179 3851 4180 3253 
8 892 751 995 1092 3090 3389 4181 2964 
8 1920 1802 1712 1766 4182 4183 4184 3919 
8 2626 2627 2582 2557 4185 4186 4187 4188 
8 2054 1938 2078 2192 4189 4190 4073 4191 
8 2742 2778 2762 2752 2969 3326 4192 4193 
8 2464 2391 2462 2483 4194 4195 4196 4197 
8 474 712 533 473 3950 4154 3466 4198 
8 2680 2714 2643 2645 4199 4200 4201 2907 
8 697 479 439 548 4202 4203 4204 3440 
8 2084 2083 1923 2041 3960 4205 4206 4207 
8 912 909 665 811 4208 4209 4210 4211 
8 1761 1825 1744 1669 4212 4213 4214 4215 
8 715 629 801 793 4216 4217 3727 4218 
8 1989 1868 1844 1713 4219 4220 4221 3615 
8 1881 1792 1940 2025 4222 4223 4224 3051 
8 1389 1397 1576 1492 3497 4225 4120 3498 
8 1701 1805 1899 1877 4226 4227 4228 4044 
8 846 952 1151 1037 4229 4230 4013 4231 
8 2380 2397 2266 2327 4232 4233 4234 4235 
8 1805 1701 1544 1670 4226 4236 4237 4238 
8 569 434 808 682 4239 4240 4241 3406 
8 1988 1984 2124 2059 4242 4243 4244 4245 
8 466 438 130 131 3461 3478 180 4246 
8 466 467 551 684 4247 4248 4249 3462 
8 1573 1548 1742 1634 4250 4251 4252 4253 
8 1552 1688 1520 1465 4095 3631 4254 4255 
8 2062 2163 2108 1992 4256 4257 4258 4259 
8 484 561 232 233 3564 3934 282 4260 
8 2245 2137 2277 2311 4261 4262 4108 3509 
8 877 1075 962 910 3113 4263 4264 3786 
8 629 715 592 437 4216 4265 4266 4267 
8 1466 1554 1669 1447 4268 4269 4270 3348 
8 1253 1399 1326 1159 4271 4272 4273 4274 
8 2662 2685 2652 2626 4275 4276 4277 4278 
8 1759 1621 1792 1881 4279 3037 4222 4280 
8 1097 996 1156 1239 4281 3069 3443 4282 
8 641 789 475 577 3301 4283 4284 3882 
8 554 441 805 648 3932 4285 3399 3453 
8 664 891 766 693 3228 4286 4287 3953 
8 1168 1291 962 1075 4288 4289 4263 4290 
8 799 710 753 874 4291 3987 4292 3230 
8 461 471 680 557 4029 3491 4082 3309 
8 1202 1175 1402 1256 4293 4294 4295 4296 
8 2218 2286 2209 2174 4297 4298 4299 4300 
8 713 440 589 707 4301 4302 4303 4304 
8 478 420 538 691 4305 4306 4307 4113 
8 1039 1029 1245 1150 4308 4309 3937 4310 
8 1669 1554 1681 1761 4269 4311 4312 4215 
8 2553 2470 2557 2582 4313 4314 4187 4315 
8 995 1011 1118 1060 3388 4316 4317 4318 
8 2770 2771 2756 2744 3666 4319 4320 4321 
8 1343 1284 1434 1511 4322 4323 4122 4324 
8 1298 1300 1118 1196 4325 4326 4327 4328 
8 1193 1100 978 1194 4179 4329 4330 4331 
8 2378 2389 2282 2352 4332 4333 4334 4335 
8 2415 2449 2384 2364 4336 4337 4338 4339 
8 1846 1939 1906 1797 4340 4341 4342 4343 
8 1685 1604 1621 1759 4344 3346 4279 4345 
8 677 621 847 768 4346 4347 4021 3929 
8 1554 1456 1566 1681 4348 4349 4350 4311 
8 1152 1084 1247 1330 4351 4352 4100 4353 
8 1875 2019 1938 1769 4354 4355 4356 4357 
8 635 692 928 744 3409 4358 4359 4360 
8 649 588 486 791 4144 4361 4362 4363 
8 1713 1844 1552 1642 4221 4096 4364 4365 
8 770 655 784 888 4366 3833 3081 3028 
8 655 770 717 591 4366 3108 4367 4368 
8 1425 1456 1365 1299 4369 4370 3420 4371 
8 1259 1398 1070 1215 4372 4373 4374 3850 
8 463 30 31 563 3914 80 4375 4045 
8 1499 1500 1320 1403 4376 4377 4378 4379 
8 694 701 482 582 4380 4381 4382 4383 
8 1329 1433 1229 1144 4000 4384 4385 4386 
8 653 700 476 578 4387 4388 4389 4066 
8 1264 1408 1577 1455 4390 4391 4392 4393 
8 808 911 801 682 4394 3728 4395 4241 
8 2773 2777 2770 2760 3358 3663 4396 3145 
8 2534 2511 2510 2524 4397 4398 4399 3041 
8 911 808 705 908 4394 4400 4401 3393 
8 569 204 205 434 4402 254 3779 4239 
8 2800 2796 2784 2794 2804 4403 3570 2806 
8 485 480 552 687 4404 4405 4406 3966 
8 843 637 855 1040 4407 4408 4409 4410 
8 1307 1313 1404 1397 3507 4411 4412 3496 
8 1021 643 781 873 4413 4414 3026 4415 
8 712 711 910 773 3949 3787 4416 4155 
8 467 466 131 132 4247 4246 181 4417 
8 2249 2193 2126 2113 4418 4419 4420 4421 
8 458 435 632 633 4422 4423 4424 3110 
8 772 900 548 660 4425 3441 4426 4128 
8 471 329 330 566 4028 379 3517 3492 
8 1677 1736 1625 1536 4427 4428 4429 4430 
8 1189 1212 1020 1117 4431 4432 4433 4434 
8 479 697 552 480 4202 3815 4405 4435 
8 920 538 659 762 4436 4437 3276 3708 
8 591 597 430 655 4438 4439 3834 4368 
8 2760 2770 2744 2718 4396 4321 4440 4441 
8 561 685 805 441 3563 4442 4285 3933 
8 1068 1017 861 1206 4443 4444 4445 4446 
8 1090 1155 1088 1251 3190 3715 3573 4447 
8 1715 1624 1580 1448 2844 4448 4449 4450 
8 707 589 483 708 4303 4451 4452 3682 
8 803 802 689 572 3585 3278 4015 4453 
8 687 552 905 795 4406 3814 4141 3830 
8 983 924 814 1017 4089 4454 4455 4456 
8 778 895 546 690 4457 3569 4458 3343 
8 1075 1093 1218 1168 3116 4459 4460 4290 
8 1347 1479 1670 1544 4461 4462 4237 4463 
8 1228 1134 1284 1343 4464 4465 4322 4466 
8 1643 1751 1605 1451 4467 4468 4469 4470 
8 754 914 549 714 4471 4472 4473 4474 
8 661 695 487 581 3411 4475 4476 4477 
8 2113 2126 2053 1946 4420 4478 4479 4480 
8 1363 1380 1189 1291 4481 4482 4483 4484 
8 2744 2756 2731 2710 4320 3721 4485 4486 
8 662 696 809 774 3998 4487 4488 4489 
8 1175 1202 1027 1119 4293 4490 4491 4492 
8 907 1007 912 793 4493 4494 4495 3726 
8 1193 1194 1320 1297 4331 4496 4497 3852 
8 1684 1710 1627 1551 4498 4499 4500 4501 
8 1765 1625 1800 1919 4502 4503 4504 3904 
8 2194 2128 2018 2017 4505 4506 4507 3925 
8 584 414 797 711 4508 4142 3788 3952 
8 454 630 464 522 3404 4509 4510 4511 
8 1023 1093 1003 878 4512 3115 4513 4514 
8 580 660 548 439 4111 4426 4204 4515 
8 882 988 868 761 4516 4517 4518 4519 
8 2051 2009 1973 1873 4520 4521 4522 4523 
8 1104 1008 852 958 4524 3935 4525 4526 
8 716 576 469 717 4527 4528 4529 3107 
8 2019 1932 2028 2079 4530 4531 4532 4533 
8 482 701 550 417 4381 4534 4535 4536 
8 424 48 49 579 4537 98 4538 4539 
8 1917 2026 1961 1916 3635 4540 4541 4542 
8 1117 773 910 962 4543 4416 4264 4544 
8 952 848 971 1151 4545 4546 4003 4230 
8 976 923 812 1002 4547 4548 4549 4550 
8 1838 1917 1916 1709 4551 4542 3670 4552 
8 2435 2376 2452 2509 4553 4554 3673 4555 
8 896 771 853 1011 4134 4556 4557 3387 
8 1314 1167 1405 1395 4558 4559 4560 4561 
8 1239 1111 997 1097 4176 4562 4563 4282 
8 746 901 1120 955 3270 4564 4565 3214 
8 2376 2344 2417 2452 4566 4567 4568 4554 
8 1116 1178 1321 1023 3591 4569 4570 4571 
8 1395 1396 1197 1314 4572 4573 4574 4561 
8 666 714 447 594 4575 4576 4577 4578 
8 1549 1647 1743 1720 4579 4580 4581 4582 
8 691 538 920 804 4307 4436 4583 4126 
8 1367 1390 1218 1321 4584 4585 4586 4587 
8 975 999 798 898 3104 4588 4589 3234 
8 590 710 799 406 4090 4291 4146 4590 
8 1060 1203 1092 995 4591 3295 4181 4318 
8 575 659 538 420 3971 4437 4306 4592 
8 2 202 522 151 251 4593 4594 201 
8 563 31 32 442 4375 81 4595 4596 
8 571 442 32 33 4597 4595 82 4598 
8 918 981 1119 753 4150 4599 4600 3986 
8 694 756 813 701 4601 4025 4602 4380 
8 433 578 345 346 4063 4603 395 4604 
8 1361 1169 1319 1484 4605 4606 4607 4608 
8 703 704 750 903 4086 4609 4610 4611 
8 1915 1859 1700 1787 4612 4613 4614 4615 
8 573 702 800 433 3561 2951 4064 4616 
8 891 874 1027 967 3227 4617 4618 4619 
8 1496 1497 1298 1398 4620 4621 4622 4623 
8 1869 1867 1826 1825 2816 4624 4625 4626 
8 483 424 546 708 4627 4628 3568 4452 
8 1072 1219 1028 893 4629 4630 4631 4632 
8 594 416 810 666 4633 4634 4098 4578 
8 545 643 803 572 4635 4636 4453 3825 
8 490 467 132 133 4637 4417 182 4638 
8 2085 2073 1926 2043 4639 4640 4641 4642 
8 806 918 535 699 4151 3985 4643 3434 
8 787 657 902 1026 4047 4644 4645 4646 
8 878 758 1116 1023 4647 4087 4571 4514 
8 706 540 924 758 3991 4648 4088 4649 
8 1548 1573 1401 1500 4250 4650 4651 4652 
8 979 1188 1220 1102 4653 4654 4655 4656 
8 1592 1687 1464 1428 4657 3747 4658 4104 
8 653 764 812 700 4659 4660 4661 4387 
8 1551 1627 1555 1454 4500 4662 4663 4664 
8 967 1099 766 891 4665 4666 4286 4619 
8 2017 2018 1948 1858 4507 3714 4667 4668 
8 2043 1926 1775 1901 4641 4669 4670 4671 
8 1195 1167 965 1101 4672 4673 4674 4675 
8 576 716 545 427 4527 4676 3824 4677 
8 1488 1489 1302 1396 4678 4679 4680 4681 
8 1021 873 973 1137 4415 3031 4682 3076 
8 1279 1312 1113 1212 4683 4684 4685 4686 
8 1219 1072 1171 1276 4629 2954 4687 4688 
8 745 788 925 852 3289 4689 4690 3936 
8 1206 1271 1322 1068 3380 4691 4692 4446 
8 716 781 643 545 3106 4414 4635 4676 
8 785 876 765 647 4693 4694 4695 3482 
8 793 912 811 715 4495 4211 4696 4218 
8 900 772 859 978 4425 4697 4698 4699 
8 1001 977 1215 1070 4139 4180 4374 4070 
8 663 699 488 586 3435 4700 4701 4702 
8 674 740 952 846 4703 4704 4229 4705 
8 2215 2246 2152 2151 4706 4707 4708 3511 
8 1091 1072 893 993 2955 4632 3401 2962 
8 1613 1737 1901 1775 4709 4710 4670 4711 
8 1607 1730 1654 1453 3424 4712 4713 4714 
8 2072 2175 1929 2044 4715 4716 4717 4718 
8 1500 1499 1671 1548 4376 4719 4720 4652 
8 2772 2743 2762 2781 3890 4721 3325 4722 
8 1754 1611 1789 1875 4723 3132 4724 4725 
8 1781 1910 1764 1617 4726 4727 4728 3012 
8 1009 902 657 817 3306 4644 4729 4730 
8 1958 1865 1824 1694 3007 4731 4732 4733 
8 1011 853 1196 1118 4557 4068 4327 4316 
8 1320 1194 1063 1403 4496 4734 4735 4378 
8 656 787 1026 901 3781 4646 4736 3269 
8 1178 1208 1408 1264 3590 4737 4390 4738 
8 992 1089 1137 973 4739 2879 4682 4740 
8 922 807 663 550 3749 3436 4741 4742 
8 1448 1555 1627 1715 3892 4662 4743 4450 
8 454 203 204 569 4744 253 4402 3405 
8 718 593 491 719 4745 4746 4747 4748 
8 467 490 693 551 4637 3954 4749 4248 
8 579 690 546 424 3756 4458 4628 4539 
8 994 869 1124 1077 3021 4750 4751 4752 
8 1879 1793 1947 2055 4753 4754 4755 4756 
8 2743 2721 2752 2762 4170 4757 4192 4721 
8 1817 1796 1973 1852 4758 4759 4760 4761 
8 1455 1575 1367 1264 3799 4762 4763 4393 
8 1024 927 815 1025 4764 4765 4766 4767 
8 1447 1669 1744 1579 4270 4214 4768 4769 
8 1046 941 1144 1229 4770 4771 4385 4772 
8 1256 1386 1062 1202 3209 4773 4774 4296 
8 1176 1207 1010 1110 4775 4776 4777 3541 
8 648 893 1028 780 3398 4631 4778 3450 
8 1345 1506 1435 1285 4779 4780 4781 4782 
8 1405 1448 1580 1395 3893 4449 4783 4560 
8 494 408 530 704 4784 4785 4786 4085 
8 693 766 926 551 4287 4787 4788 4749 
8 707 792 815 713 3681 4789 4790 4304 
8 583 436 811 665 4791 4792 4210 4793 
8 1059 1242 1044 857 4794 4795 4796 4797 
8 906 750 704 530 3687 4609 4786 4798 
8 1972 1827 1700 1859 4799 4800 4613 4801 
8 738 934 837 729 4802 4803 4804 4805 
8 1617 1764 1595 1460 4728 4806 4807 4808 
8 491 489 539 719 4809 4810 4811 4747 
8 530 662 774 906 4812 4489 4813 4798 
8 993 805 685 892 3400 4442 3091 2963 
8 1263 1211 1315 1369 4814 4815 3503 4816 
8 1603 1442 1640 1756 4817 4818 4819 4820 
8 1010 1012 809 914 4821 4822 4823 4824 
8 1376 1286 1375 1452 2880 4825 4826 4827 
8 1624 1667 1488 1580 4828 4829 4830 4448 
8 1002 1090 1122 976 3191 4831 4832 4550 
8 2512 2434 2419 2386 4833 4834 4835 3900 
8 776 635 744 885 3359 4360 4836 4837 
8 1403 1063 1211 1263 4735 4838 4814 4839 
8 1071 1205 854 1012 4840 4841 4842 4843 
8 739 721 953 845 4844 4845 4846 4847 
8 1235 1345 1285 1086 4848 4782 4849 4850 
8 909 1019 790 665 3536 3737 4851 4209 
8 1216 1121 1024 1217 4852 4853 4854 4855 
8 1291 1168 1257 1363 4288 4856 4857 4484 
8 1710 1839 1715 1627 4858 2845 4743 4499 
8 803 643 1021 921 4636 4413 3075 3586 
8 1361 1684 1551 1512 4859 4501 4860 4861 
8 791 486 587 706 4362 4862 3992 4863 
8 423 583 665 790 4864 4793 4851 3884 
8 1473 1360 1583 1543 2985 4865 4866 4867 
8 1190 1058 1164 1274 3102 4868 4869 4870 
8 1374 1272 1249 1342 4871 3809 4872 4873 
8 1443 1578 1363 1257 4874 4875 4857 4876 
8 813 1081 1004 922 4024 4877 3750 4878 
8 1767 1883 1812 1618 3467 4879 4880 4881 
8 1385 1304 1347 1483 3245 4882 4883 4884 
8 791 706 758 878 4863 4649 4647 4885 
8 800 886 764 653 2950 4078 4659 4065 
8 1454 1555 1267 1377 4663 3895 4886 4887 
8 494 571 33 34 4084 4598 83 4888 
8 1636 1665 1485 1575 4889 4890 4891 3798 
8 963 1110 754 917 3542 4892 4893 3733 
8 1536 1569 1434 1356 4894 4123 4895 4896 
8 2351 2301 2296 2344 4897 4898 4899 4900 
8 1321 1178 1264 1367 4569 4738 4763 4587 
8 582 475 789 694 4901 4283 4902 4383 
8 1097 895 778 996 4903 4457 3071 4281 
8 772 804 1016 859 4127 4904 4905 4697 
8 829 727 941 1046 4906 4907 4770 4908 
8 527 684 816 788 3460 4909 4910 3288 
8 1267 1195 1288 1377 4911 4912 2896 4886 
8 2494 2571 2552 2506 2826 4913 4914 4915 
8 1258 1393 1071 1207 4916 4917 4918 4919 
8 2349 2378 2352 2281 4920 4335 4921 4922 
8 701 813 922 550 4602 4878 4742 4534 
8 2077 2014 2104 2187 4923 4924 4925 4926 
8 1065 1025 862 1213 4927 4928 4929 3613 
8 1630 1651 1502 1584 4930 4931 4932 4933 
8 518 418 542 736 4934 4935 4936 4937 
8 1793 1724 1914 1947 4938 4939 4940 4754 
8 2381 2444 2410 2359 4941 4942 4943 4944 
8 2296 2357 2417 2344 4945 4946 4567 4899 
8 1221 1013 858 1064 4947 4948 4949 4116 
8 523 456 348 349 3112 4950 398 4951 
8 1470 1472 1279 1380 4952 4953 4954 4955 
8 950 1135 1049 949 4956 4957 4958 4959 
8 414 336 337 588 4960 386 4961 4143 
8 1006 1080 903 750 4962 4963 4610 3690 
8 1099 967 1062 1174 4665 4964 4965 4966 
8 493 492 549 696 4967 4968 4969 3997 
8 1119 981 1107 1175 4599 4970 4971 4492 
8 470 245 246 427 4972 295 4973 3823 
8 576 427 246 247 4677 4973 296 4974 
8 1198 1004 1081 1197 4975 4877 4976 4977 
8 1886 1887 2044 1929 4978 4979 4717 4980 
8 923 760 661 543 4981 3412 4982 4983 
8 624 511 677 742 4984 4985 3928 4986 
8 1398 1259 1351 1496 4372 3976 4987 4623 
8 1303 1309 1123 1205 4988 4989 4990 4991 
8 1240 1142 1143 1327 4992 4993 4994 4995 
8 2151 2152 2123 2007 4708 3559 4996 4997 
8 1006 1018 1123 1061 3689 4998 4999 5000 
8 1579 1263 1369 1447 5001 4816 3349 4769 
8 942 1125 1043 931 5002 5003 5004 5005 
8 447 714 549 492 4576 4473 4968 5006 
8 1187 1079 1220 1325 5007 5008 5009 2898 
8 1314 1114 965 1167 5010 5011 4673 4558 
8 563 442 817 657 4596 5012 4729 4046 
8 1242 1329 1144 1044 5013 4386 5014 4795 
8 1160 1304 1203 1060 5015 3248 4591 5016 
8 1302 1260 1064 1198 5017 4117 5018 5019 
8 2652 2685 2709 2670 4276 5020 5021 5022 
8 1227 1430 1268 1069 5023 5024 3661 5025 
8 1988 2059 1936 1912 4245 5026 5027 5028 
8 695 814 924 540 3410 4454 4648 5029 
8 1117 962 1291 1189 4544 4289 4483 4434 
8 629 437 464 630 4267 5030 4509 5031 
8 1188 1370 1325 1220 5032 5033 5009 4654 
8 2399 2454 2380 2327 5034 5035 4235 5036 
8 904 773 1117 1020 4156 4543 4433 4022 
8 859 1063 1194 978 5037 4734 4330 4698 
8 916 915 810 718 5038 4099 5039 5040 
8 998 1022 816 926 5041 5042 5043 5044 
8 1174 1192 998 1099 5045 5046 5047 4966 
8 1543 1561 1409 1473 2959 5048 5049 4867 
8 1364 1479 1160 1300 5050 5051 5052 5053 
8 741 675 849 948 5054 5055 5056 5057 
8 1445 1550 1496 1351 5058 5059 4987 5060 
8 771 795 1001 853 3831 4140 4069 4556 
8 1867 1898 1742 1826 5061 5062 5063 4624 
8 469 448 591 717 5064 5065 4367 4529 
8 789 894 756 694 3300 5066 4601 4902 
8 459 455 51 52 3252 5067 101 5068 
8 951 860 964 1133 5069 5070 5071 5072 
8 1521 1553 1452 1375 3629 5073 4826 3729 
8 1195 1267 1405 1167 4911 3894 4559 4672 
8 1406 1323 1216 1407 5074 5075 5076 5077 
8 1578 1443 1534 1633 4874 5078 5079 5080 
8 1894 1955 1856 1809 5081 5082 5083 5084 
8 1579 1744 1671 1499 4768 5085 4719 5086 
8 649 791 878 1003 4363 4885 4513 3659 
8 425 476 700 543 5087 4388 5088 5089 
8 2539 2514 2500 2497 5090 5091 5092 5093 
8 1442 1603 1411 1280 4817 5094 5095 5096 
8 477 244 245 470 5097 294 4972 4014 
8 1017 1068 1208 983 4443 5098 3593 4456 
8 1444 1571 1258 1391 3293 5099 5100 5101 
8 1045 1238 1085 870 5102 5103 5104 5105 
8 976 1122 1206 861 4832 3381 4445 5106 
8 1192 1174 1324 1277 5045 5107 5108 5109 
8 1122 1090 1251 1331 4831 4447 3457 3382 
8 1549 1670 1479 1364 5110 4462 5050 5111 
8 1036 1143 1142 867 5112 4993 5113 5114 
8 807 858 1013 806 3748 4948 4152 3437 
8 2055 1947 2013 2121 4755 5115 5116 5117 
8 1647 1549 1364 1497 4579 5111 5118 5119 
8 760 861 1017 814 5120 4444 4455 3413 
8 1532 1657 1746 1696 3263 5121 5122 5123 
8 872 991 1074 1191 3077 5124 5125 3196 
8 1256 1402 1502 1450 4295 5126 5127 3210 
8 2422 2499 2393 2405 5128 5129 5130 5131 
8 875 1101 965 894 3620 4674 5132 3303 
8 923 976 861 760 4547 5106 5120 4981 
8 1633 1656 1470 1578 5133 5134 5135 5080 
8 696 549 914 809 4969 4472 4823 4487 
8 593 718 810 416 4745 5039 4634 5136 
8 421 487 695 540 5137 4475 5029 3994 
8 1696 1814 1630 1532 5138 5139 5140 5123 
8 1859 1915 1870 1987 4612 5141 3609 5142 
8 2684 2707 2709 2685 4035 5143 5020 5144 
8 1061 1209 1080 1006 5145 5146 4962 5000 
8 763 997 862 792 5147 5148 5149 3680 
8 1485 1443 1257 1390 5150 4876 5151 5152 
8 700 812 923 543 4661 4548 4983 5088 
8 1403 1263 1579 1499 4839 5001 5086 4379 
8 1175 1107 1318 1402 4971 5153 5154 4294 
8 1198 1197 1396 1302 4977 4573 4680 5019 
8 1277 1294 1082 1192 2987 5155 5156 5109 
8 456 573 347 348 3562 5157 397 4950 
8 1093 1023 1321 1218 4512 4570 4586 4459 
8 1512 1551 1454 1370 4860 4664 5158 5159 
8 1724 1610 1836 1914 5160 5161 5162 4939 
8 1221 1400 1318 1107 4115 5163 5153 5164 
8 407 331 332 472 3518 381 5165 3810 
8 906 774 854 1018 4813 5166 5167 3688 
8 404 562 324 325 5168 5169 374 3342 
8 1101 1098 1288 1195 3622 3084 4912 4675 
8 2686 2715 2649 2633 5170 4159 5171 5172 
8 927 759 719 539 5173 5174 4811 5175 
8 586 417 550 663 5176 4535 4741 4702 
8 473 472 332 333 3465 5165 382 5177 
8 2149 2214 2183 2073 5178 5179 5180 5181 
8 849 826 951 987 5182 5183 5184 5185 
8 1738 1615 1550 1445 3354 5186 5058 5187 
8 2567 2523 2577 2625 5188 5189 5190 5191 
8 874 753 1119 1027 4292 4600 4491 4617 
8 2269 2350 2129 2232 5192 5193 5194 5195 
8 1004 1198 1064 858 4975 5018 4949 3751 
8 440 713 539 489 4301 5196 4810 5197 
8 1445 1573 1634 1738 5198 4253 5199 5187 
8 1826 1671 1744 1825 5200 5085 4213 4625 
8 1874 1873 1704 1829 5201 5202 5203 5204 
8 571 703 817 442 4083 5205 5012 4597 
8 1094 1077 1222 1172 5206 5207 5208 5209 
8 592 715 811 436 4265 4696 4792 5210 
8 2344 2376 2330 2351 4566 5211 5212 4900 
8 903 1009 817 703 5213 4730 5205 4611 
8 981 1013 1221 1107 4153 4947 5164 4970 
8 1310 1177 1501 1368 5214 5215 5216 3371 
8 1481 1490 1303 1393 5217 5218 5219 5220 
8 416 41 42 593 5221 91 5222 5136 
8 1208 1068 1322 1408 5098 4692 5223 4737 
8 1554 1466 1365 1456 4268 5224 4370 4348 
8 1323 1177 1109 982 5225 5226 5227 5228 
8 585 658 531 411 3964 4133 4137 5229 
8 967 1027 1202 1062 4618 4490 4774 4964 
8 2386 2419 2360 2308 4835 5230 5231 5232 
8 455 481 50 51 4006 5233 100 5067 
8 927 1024 1121 759 4764 4853 5234 5173 
8 1237 1421 1270 1236 5235 5236 5237 5238 
8 2523 2471 2534 2577 5239 5240 3040 5189 
8 2205 2279 2351 2330 5241 5242 5212 3579 
8 1016 1211 1063 859 5243 4838 5037 4905 
8 2353 2355 2354 2377 5244 3752 5245 5246 
8 108 498 596 107 5247 5248 5249 157 
8 1581 1501 1406 1582 5250 5251 5252 4174 
8 1154 1332 1248 1139 5253 5254 5255 5256 
8 1584 1318 1400 1480 5257 5163 3654 5258 
8 562 404 678 783 5168 3176 5259 5260 
8 1358 1476 1328 1158 5261 5262 5263 5264 
8 1350 1491 1164 1312 3418 5265 5266 5267 
8 1121 982 916 759 5268 5269 5270 5234 
8 436 147 148 592 5271 197 5272 5210 
8 1479 1347 1304 1160 4461 4882 5015 5051 
8 1615 1743 1647 1550 5273 4580 5274 5186 
8 828 950 949 667 5275 4959 5276 5277 
8 2627 2660 2617 2569 5278 3652 5279 5280 
8 2276 2365 2214 2149 5281 5282 5178 5283 
8 490 133 134 574 4638 183 5284 3955 
8 654 564 898 798 3619 3784 4589 3957 
8 2246 2138 2072 2100 5285 5286 5287 5288 
8 1277 1324 1503 1360 5108 5289 5290 2988 
8 946 836 986 1145 5291 5292 5293 5294 
8 1949 1971 1820 1898 5295 5296 5297 5298 
8 1273 1379 1213 1111 5299 3614 5300 4178 
8 1377 1325 1370 1454 2899 5033 5158 4887 
8 1191 1074 1231 1293 5125 5301 5302 2976 
8 1169 1361 1512 1301 4605 4861 5303 3238 
8 477 575 243 244 3972 5304 293 5097 
8 915 916 982 1109 5038 5269 5227 3735 
8 2527 2589 2536 2480 5305 5306 5307 5308 
8 2207 2283 2239 2181 5309 5310 5311 5312 
8 1697 1823 1633 1534 5313 5314 5079 5315 
8 894 965 1114 756 5132 5011 4026 5066 
8 1009 903 1080 1201 5213 4963 5316 3307 
8 2008 2015 1866 1972 5317 5318 5319 5320 
8 2244 2295 2201 2185 5321 5322 5323 5324 
8 2471 2450 2511 2534 3694 5325 4397 5240 
8 941 819 1044 1144 5326 5327 5014 4771 
8 583 423 145 146 4864 5328 195 5329 
8 577 144 145 423 5330 194 5328 3883 
8 2314 2414 2432 2508 5331 5332 5333 5334 
8 469 576 247 248 4528 4974 297 5335 
8 1103 1007 1079 1187 5336 5337 5007 3086 
8 1787 1839 1803 1915 2842 5338 5339 4615 
8 2714 2680 2704 2736 4199 5340 3098 5341 
8 839 722 937 1055 5342 5343 5344 5345 
8 1396 1395 1580 1488 4572 4783 4830 4681 
8 1108 1311 1392 1210 3454 5346 3505 3529 
8 1076 1204 1026 902 3274 5347 4645 3305 
8 1458 1407 1317 1498 5348 5349 5350 3796 
8 1297 1320 1500 1401 4497 4377 4651 3974 
8 1351 1401 1573 1445 3975 4650 5198 5060 
8 581 425 543 661 5351 5089 4982 4477 
8 2318 2399 2365 2276 5352 5353 5281 5354 
8 1631 1653 1503 1567 5355 5356 5357 5358 
8 1947 1914 1930 2013 4940 5359 5360 5115 
8 1614 1753 1602 1530 5361 5362 5363 3845 
8 1476 1358 1439 1572 5261 5364 5365 5366 
8 522 202 203 454 4593 252 4744 4511 
8 408 494 34 35 4784 4888 84 5367 
8 1274 1289 1124 1190 2932 5368 5369 4870 
8 1336 1181 1362 1469 5370 5371 5372 5373 
8 1136 1237 1236 986 5374 5238 5375 5376 
8 1820 1779 1738 1634 5377 3355 5199 5378 
8 446 488 699 535 5379 4700 4643 4092 
8 2348 2381 2359 2267 5380 4944 5381 5382 
8 1005 1020 1212 1113 4023 4432 4685 3709 
8 963 1109 1177 1310 3732 5226 5214 3543 
8 1871 1872 1741 1804 3330 5383 5384 3472 
8 764 871 1002 812 4077 3192 4549 4660 
8 581 342 343 425 5385 392 5386 5351 
8 1271 1376 1459 1322 2881 5387 5388 4691 
8 475 143 144 577 5389 193 5330 4284 
8 1196 1070 1398 1298 4067 4373 4622 4328 
8 476 344 345 578 5390 394 4603 4389 
8 573 433 346 347 4616 4604 396 5157 
8 713 815 927 539 4790 4765 5175 5196 
8 1690 1819 1902 1895 5391 5392 5393 5394 
8 476 425 343 344 5087 5386 393 5390 
8 1827 1546 1667 1700 5395 5396 5397 4800 
8 1694 1824 1631 1529 4732 5398 5399 5400 
8 620 519 675 741 5401 5402 5054 5403 
8 1796 1817 1672 1739 4758 5404 5405 5406 
8 1114 1314 1197 1081 5010 4574 4976 4027 
8 670 432 617 818 5407 5408 5409 5410 
8 1501 1581 1585 1368 5250 5411 5412 5216 
8 1300 1298 1497 1364 4325 4621 5118 5053 
8 473 333 334 474 5177 383 5413 4198 
8 416 594 40 41 4633 5414 90 5221 
8 1260 1302 1489 1355 5017 4679 5415 3656 
8 1741 1697 1534 1665 5416 5315 5417 5418 
8 478 241 242 420 5419 291 5420 4305 
8 575 420 242 243 4592 5420 292 5304 
8 582 142 143 475 5421 192 5389 4901 
8 2399 2327 2310 2365 5036 5422 5423 5353 
8 1775 1908 1763 1613 5424 5425 5426 4711 
8 1168 1218 1390 1257 4460 4585 5151 4856 
8 2340 2291 2405 2393 3183 5427 5130 5428 
8 1012 1010 1207 1071 4821 4776 4918 4843 
8 731 720 881 835 5429 5430 5431 5432 
8 1342 1249 971 1131 4872 4004 5433 5434 
8 2014 2077 1949 2056 4923 5435 5436 5437 
8 1561 1440 1253 1409 5438 5439 5440 5048 
8 1490 1481 1673 1547 5217 5441 5442 5443 
8 1467 1378 1586 1556 2946 5444 5445 5446 
8 1720 1805 1670 1549 5447 4238 5110 4582 
8 1453 1654 1681 1566 4713 5448 4350 5449 
8 2498 2497 2456 2403 5450 5451 5452 5453 
8 481 579 49 50 3757 4538 99 5233 
8 1584 1480 1532 1630 5258 3264 5140 4933 
8 2707 2720 2738 2729 4034 5454 4041 5455 
8 1567 1450 1529 1631 3207 5456 5399 5358 
8 2023 1903 1904 1933 5457 5458 5459 5460 
8 1795 1813 1673 1735 3205 5461 5462 5463 
8 714 666 917 754 4575 4097 4893 4474 
8 1720 1743 1828 1778 4581 5464 5465 5466 
8 827 1045 870 651 5467 5105 5468 5469 
8 909 912 1007 1103 4208 4494 5336 3537 
8 755 900 978 1100 3438 4699 4329 3256 
8 2091 2092 2232 2129 5470 5471 5194 5472 
8 478 580 240 241 4112 5473 290 5419 
8 2022 1933 1904 1768 2943 5459 5474 5475 
8 2569 2617 2564 2528 5279 3377 5476 5477 
8 487 341 342 581 5478 391 5385 4476 
8 818 942 931 670 5479 5005 5480 5410 
8 792 862 1025 815 5149 4928 4766 4789 
8 895 1097 997 763 4903 4563 5147 3566 
8 1112 1315 1211 1016 3623 4815 5243 5481 
8 1121 1216 1323 982 4852 5075 5228 5268 
8 1484 1537 1684 1361 5482 5483 4859 4608 
8 482 141 142 582 5484 191 5421 4382 
8 616 453 637 843 5485 5486 4407 5487 
8 580 439 239 240 4515 5488 289 5473 
8 1823 1697 1784 1864 5313 5489 5490 5491 
8 2190 2119 2188 2248 5492 5493 5494 5495 
8 1725 1694 1529 1651 5496 5400 5497 5498 
8 1548 1671 1826 1742 4720 5200 5063 4251 
8 408 35 36 595 5367 85 5499 5500 
8 1497 1496 1550 1647 4620 5059 5274 5119 
8 479 238 239 439 5501 288 5488 4203 
8 1489 1488 1667 1546 4678 4829 5396 5502 
8 436 583 146 147 4791 5329 196 5271 
8 1018 854 1205 1123 5167 4841 4990 4998 
8 2454 2399 2318 2446 5034 5352 5503 5504 
8 920 1112 1016 804 3707 5481 4904 4583 
8 2092 2091 1922 2045 5470 5505 5506 5507 
8 480 237 238 479 5508 287 5501 4435 
8 1544 1652 1483 1347 5509 3124 4883 4463 
8 1201 1080 1209 1313 5316 5146 5510 3506 
8 1355 1489 1546 1657 5415 5502 5511 3262 
8 834 1036 867 644 5512 5114 5513 5514 
8 1624 1787 1700 1667 2843 4614 5397 4828 
8 485 236 237 480 5515 286 5508 4404 
8 1701 1821 1652 1544 4043 5516 5509 4236 
8 417 140 141 482 5517 190 5484 4536 
8 718 719 759 916 4748 5174 5270 5040 
8 1519 1374 1342 1433 5518 4873 5519 3999 
8 474 334 335 584 5413 384 5520 3951 
8 914 754 1110 1010 4471 4892 4777 4824 
8 1392 1311 1365 1466 5346 3421 5224 3351 
8 678 681 777 913 3175 5521 5522 5523 
8 1559 1528 1350 1472 5524 3419 5525 5526 
8 1060 1118 1300 1160 4317 4326 5052 5016 
8 1317 1217 1065 1262 5527 5528 3612 5529 
8 1212 1189 1380 1279 4431 4482 4954 4686 
8 1082 1115 925 1022 5530 5531 5532 5533 
8 421 340 341 487 5534 390 5478 5137 
8 1127 1047 1182 1287 5535 5536 5537 5538 
8 568 705 808 434 3679 4400 4240 3780 
8 1284 1161 1356 1434 5539 5540 4895 4323 
8 1661 1528 1622 1705 3416 5541 5542 5543 
8 614 834 644 452 5544 5514 5545 5546 
8 1890 1779 1853 1942 3352 5547 5548 5549 
8 1172 1222 1412 1254 5208 5550 5551 5552 
8 1914 1836 1847 1930 5162 5553 5554 5359 
8 2209 2364 2294 2133 5555 5556 5557 5558 
8 1450 1502 1651 1529 5127 4931 5497 5456 
8 819 941 727 612 5326 4907 5559 5560 
8 1728 1729 1583 1653 5561 5562 5563 5564 
8 1590 1504 1613 1763 5565 5566 5426 5567 
8 1540 1645 1498 1357 5568 3797 5569 4169 
8 1732 1733 1559 1656 5570 5571 5572 5573 
8 2594 2648 2677 2706 5574 5575 5576 5577 
8 1390 1367 1575 1485 4584 4762 4891 5152 
8 2086 2046 1905 1964 5578 5579 5580 3168 
8 586 139 140 417 5581 189 5517 5176 
8 1402 1318 1584 1502 5154 5257 4932 5126 
8 1047 956 1057 1182 2910 5582 5583 5536 
8 1207 1176 1391 1258 4775 3369 5100 4919 
8 1483 1482 1305 1385 3123 5584 5585 4884 
8 1935 1782 1866 2015 5586 5587 5318 5588 
8 991 913 1014 1074 5589 5590 5591 5124 
8 2174 2209 2133 2117 4299 5558 5592 5593 
8 735 933 836 671 5594 5595 5596 5597 
8 485 585 235 236 3965 5598 285 5515 
8 1552 1465 1593 1642 4255 5599 5600 4364 
8 2447 2446 2318 2406 3164 5503 5601 5602 
8 1471 1394 1589 1542 2930 5603 5604 5605 
8 483 47 48 424 5606 97 4537 4627 
8 1174 1062 1386 1324 4965 4773 5607 5107 
8 1672 1616 1444 1585 5608 3294 5609 5610 
8 585 411 234 235 5229 5611 284 5598 
8 1657 1546 1827 1746 5511 5395 5612 5121 
8 1942 1966 1828 1890 5613 5614 5615 5549 
8 1717 1645 1540 1689 5616 5568 5617 5618 
8 2003 2099 1942 1853 5619 5620 5548 5621 
8 1591 1457 1659 1737 5622 5623 5624 5625 
8 401 570 126 127 5626 5627 176 3520 
8 1408 1322 1459 1577 5223 5388 5628 4391 
8 2140 2155 2047 2101 2874 5629 5630 5631 
8 1443 1485 1665 1534 5150 4890 5417 5078 
8 488 138 139 586 5632 188 5581 4701 
8 1323 1406 1501 1177 5074 5251 5215 5225 
8 595 662 530 408 3995 4812 4785 5500 
8 484 233 234 411 4260 283 5611 4136 
8 2212 2223 2095 2178 5633 5634 5635 5636 
8 602 503 720 731 5637 5638 5429 5639 
8 1455 1577 1637 1716 4392 5640 5641 3800 
8 587 339 340 421 5642 389 5534 3993 
8 1366 1487 1162 1309 5643 5644 5645 5646 
8 1327 1179 1382 1431 5647 5648 5649 5650 
8 1051 1234 1147 866 5651 5652 3525 5653 
8 2590 2515 2594 2641 5654 5655 5656 5657 
8 1162 1265 1209 1061 5658 5659 5145 5660 
8 486 338 339 587 5661 388 5642 4862 
8 1693 1815 1570 1658 3243 5662 5663 3329 
8 774 809 1012 854 4488 4822 4842 5166 
8 833 650 767 879 5664 5665 5666 5667 
8 1865 1900 1728 1824 5668 5669 5670 4731 
8 1547 1660 1366 1490 5671 5672 5673 5443 
8 2528 2564 2544 2472 5476 5674 5675 3385 
8 584 335 336 414 5520 385 4960 4508 
8 483 589 46 47 4451 5676 96 5606 
8 1864 1892 1732 1823 3428 5677 5678 5491 
8 486 588 337 338 4361 4961 387 5661 
8 1973 2009 2101 1852 4521 5679 5680 4760 
8 615 515 721 739 5681 5682 4844 5683 
8 1887 1886 1725 1814 4978 5684 5685 5686 
8 1341 1410 1246 1240 5687 5688 5689 5690 
8 1293 1231 1269 1383 5302 5691 5692 2995 
8 1952 2040 2178 2095 3909 5693 5635 3897 
8 1829 1704 1662 1539 5203 5694 5695 5696 
8 1025 1065 1217 1024 4927 5528 4854 4767 
8 819 636 857 1044 5697 5698 4796 5327 
8 2039 2003 1853 1971 5699 5621 5700 5701 
8 1305 1378 1276 1171 5702 2949 4687 5703 
8 1577 1459 1538 1637 5628 5704 5705 5640 
8 1735 1616 1698 1795 3291 5706 5707 5463 
8 1205 1071 1393 1303 4840 4917 5219 4991 
8 1582 1458 1539 1662 5708 3795 5695 4175 
8 1851 1969 2047 2001 5709 5710 5711 3170 
8 2020 2010 2102 2066 3005 5712 5713 5714 
8 820 652 884 945 5715 5716 5717 5718 
8 2403 2456 2257 2305 5452 5719 5720 5721 
8 488 446 137 138 5379 5722 187 5632 
8 1716 1637 1703 1788 5641 5723 5724 2867 
8 1526 1660 1706 1816 5725 5726 5727 3327 
8 1778 1899 1805 1720 5728 4227 5447 5466 
8 1861 1888 1748 1815 5729 5730 5731 3242 
8 1937 2016 1784 1872 5732 5733 5734 3333 
8 851 1014 913 777 5735 5590 5522 5736 
8 1637 1538 1663 1703 5705 5737 5738 5723 
8 2454 2446 2510 2511 5504 3163 4398 5739 
8 684 551 926 816 4249 4788 5043 4909 
8 869 999 1190 1124 5740 3103 5369 4750 
8 1159 1214 1409 1253 5741 5742 5440 4274 
8 997 1111 1213 862 4562 5300 4929 5148 
8 2186 2100 1935 2015 5743 5744 5588 5745 
8 304 305 462 555 354 3913 3760 5746 
8 1895 1902 2045 1922 5393 5747 5506 5748 
8 1058 1113 1312 1164 3710 4684 5266 4868 
8 489 44 45 440 5749 94 5750 5197 
8 589 440 45 46 4302 5750 95 5676 
8 607 735 671 431 5751 5597 5752 5753 
8 2266 2367 2253 2204 5754 3778 5755 5756 
8 446 590 136 137 4091 5757 186 5722 
8 1273 1437 1515 1379 5758 5759 2890 5299 
8 2003 2039 2179 2071 5699 5760 5761 5762 
8 1696 1746 1866 1782 5122 5763 5587 5764 
8 1788 1703 1818 1893 5724 5765 5766 3470 
8 1745 1706 1660 1547 5767 5726 5671 5768 
8 2164 2207 2181 2069 5769 5312 5770 5771 
8 1919 1988 1912 1801 5772 5028 5773 3905 
8 1618 1812 1841 1730 4880 5774 5775 3423 
8 1217 1317 1407 1216 5527 5349 5076 4855 
8 1324 1386 1567 1503 5607 3208 5357 5289 
8 2141 2162 2046 2086 3019 5776 5578 5777 
8 2297 2276 2149 2237 5778 5283 5779 5780 
8 1706 1745 1905 1777 5767 5781 5782 5783 
8 491 43 44 489 5784 93 5749 4809 
8 1739 1662 1704 1796 4172 5694 5785 5406 
8 1871 1893 1943 2034 3471 5786 5787 3331 
8 1969 1851 1795 1698 5709 3206 5707 5788 
8 2100 2072 2044 1935 5287 4718 5789 5744 
8 1747 1609 1587 1588 5790 5791 5792 5793 
8 1407 1458 1582 1406 5348 5708 5252 5077 
8 926 766 1099 998 4787 4666 5047 5044 
8 1459 1376 1452 1538 5387 4827 5794 5704 
8 1393 1258 1571 1481 4916 5099 5795 5220 
8 2547 2592 2428 2501 5796 3859 5797 5798 
8 1660 1526 1487 1366 5725 3299 5643 5672 
8 574 134 135 406 5284 184 5799 4145 
8 1651 1630 1814 1725 4930 5139 5685 5498 
8 1538 1452 1553 1663 5794 5073 5800 5737 
8 2420 2489 2584 2518 5801 5802 5803 5804 
8 1262 1357 1498 1317 2888 5569 5350 5529 
8 1391 1368 1585 1444 3368 5412 5609 5101 
8 1814 1696 1782 1887 5138 5764 5805 5686 
8 559 679 775 468 3172 3817 3789 3967 
8 1756 1913 1785 1641 5806 5807 3921 5808 
8 1431 1382 1457 1591 5649 5809 5622 5810 
8 2288 2235 2103 2162 5811 5812 5813 3018 
8 2090 2168 2016 1937 5814 3321 5732 3923 
8 603 431 671 822 5815 5752 5816 5817 
8 2187 2179 2039 2077 5818 5760 5819 4926 
8 2648 2616 2632 2677 5820 5821 5822 5575 
8 590 406 135 136 4590 5799 185 5757 
8 1665 1636 1804 1741 4889 2865 5384 5418 
8 1585 1581 1739 1672 5411 4173 5405 5610 
8 1022 998 1192 1082 5041 5046 5156 5533 
8 437 592 148 149 4266 5272 198 5823 
8 1893 1818 1868 1943 5766 5824 5825 5786 
8 945 884 1047 1127 5717 2911 5535 5826 
8 1698 1817 1852 1969 5827 4761 5828 5788 
8 1668 1638 1748 1707 4118 5829 5830 5831 
8 1634 1742 1898 1820 4252 5062 5297 5378 
8 1898 1867 2056 1949 5061 2815 5436 5298 
8 1276 1290 1129 1219 2948 5832 5833 4688 
8 2016 1931 1864 1784 3320 3429 5490 5733 
8 2213 2229 2102 2175 3942 5834 5835 5836 
8 634 777 681 526 5837 5521 3841 5838 
8 1214 1159 958 1115 5741 5839 5840 5841 
8 2030 1925 2005 2074 3161 5842 5843 5844 
8 2276 2297 2406 2318 5778 5845 5601 5354 
8 2542 2543 2620 2554 5846 5847 5848 3016 
8 1556 1586 1632 1731 5445 5849 5850 3118 
8 2163 2221 2107 2108 5851 5852 5853 4257 
8 2324 2338 2235 2288 2999 5854 5811 5855 
8 1857 1965 2104 2014 5856 5857 4924 5858 
8 1779 1820 1971 1853 5377 5296 5700 5547 
8 823 1050 863 668 5859 5860 5861 5862 
8 1115 1082 1294 1214 5530 5155 5863 5841 
8 1663 1553 1688 1714 5800 3628 4094 5864 
8 2352 2238 2165 2281 5865 5866 5867 4921 
8 1941 2004 2104 1965 5868 5869 5857 3126 
8 498 672 825 596 5870 5871 5872 5248 
8 1380 1363 1578 1470 4481 4875 5135 4955 
8 1007 907 980 1079 4493 3391 5873 5337 
8 737 726 841 940 5874 5875 5876 5877 
8 1265 1404 1313 1209 5878 4411 5510 5659 
8 2109 2005 1925 1976 5879 5842 5880 5881 
8 2200 2233 2353 2263 5882 5883 5884 5885 
8 2301 2234 2139 2296 5886 3552 5887 4898 
8 491 593 42 43 4746 5222 92 5784 
8 1777 1862 1816 1706 5888 5889 5727 5783 
8 2015 2008 2076 2186 5317 5890 3557 5745 
8 1275 1308 1120 1204 3286 5891 5892 3273 
8 1440 1648 1747 1588 5893 5894 5793 5895 
8 1649 1650 1724 1793 5896 5897 4938 5898 
8 1930 1847 1993 2120 5554 5899 5900 5901 
8 1772 1882 1620 1729 5902 5903 5904 5905 
8 1053 1154 1139 855 5906 5256 5907 5908 
8 1721 1612 1830 1790 2936 5909 5910 5911 
8 2601 2607 2520 2572 3632 5912 5913 3793 
8 2476 2487 2407 2443 5914 5915 5916 2992 
8 1074 1014 1066 1231 5591 5917 5918 5301 
8 225 226 560 444 275 3363 5919 5920 
8 1924 1974 2103 1997 5921 5922 5923 5924 
8 1796 1704 1873 1973 5785 5202 4522 4759 
8 1887 1782 1935 2044 5805 5586 5789 4979 
8 2227 2228 2105 2167 3185 5925 5926 5927 
8 2099 2003 2071 2144 5619 5762 5928 5929 
8 1703 1663 1714 1818 5738 5864 5930 5765 
8 1481 1571 1735 1673 5795 3292 5462 5441 
8 623 444 652 820 5931 5932 5715 5933 
8 1645 1717 1829 1539 5616 5934 5696 3794 
8 1609 1747 1906 1768 5790 5935 5936 5937 
8 1974 1924 1862 1777 5921 5938 5888 5939 
8 1616 1672 1817 1698 5608 5404 5827 5706 
8 2067 2168 2211 2293 3322 5940 5941 3202 
8 2056 1975 1857 2014 2818 5942 5858 5437 
8 2347 2400 2289 2304 5943 5944 5945 4164 
8 2337 2299 2323 2412 5946 5947 5948 5949 
8 2086 2001 2068 2141 3167 5950 5951 5777 
8 1842 1986 1858 1786 5952 5953 5954 5955 
8 1282 1087 1250 1416 5956 4011 3807 3731 
8 2066 2159 1927 2020 5957 5958 5959 5714 
8 1360 1503 1653 1583 5290 5356 5563 4865 
8 1945 1967 2105 1994 5960 5961 5962 5963 
8 1487 1349 1265 1162 3298 5964 5658 5644 
8 2562 2613 2469 2533 2983 5965 5966 5967 
8 2520 2533 2457 2487 5968 5969 5970 5971 
8 2679 2692 2710 2667 2869 5972 5973 3004 
8 591 448 495 597 5065 5974 5975 4438 
8 2393 2394 2306 2340 5976 5977 5978 5428 
8 1924 2011 1968 1862 5979 3241 5980 5938 
8 1188 979 1106 1301 4653 5981 3235 5982 
8 2635 2647 2585 2613 5983 5984 5985 2982 
8 2167 2089 2132 2227 3223 5986 5987 5927 
8 447 492 38 39 5006 5988 88 5989 
8 1653 1631 1824 1728 5355 5398 5670 5564 
8 2696 2704 2655 2682 3099 5990 5991 5992 
8 1370 1188 1301 1512 5032 5982 5303 5159 
8 2034 1943 2049 2097 5787 5993 5994 3922 
8 2288 2200 2263 2324 3017 5885 5995 5855 
8 2004 2180 2187 2104 5996 5997 4925 5869 
8 1309 1303 1490 1366 4988 5218 5673 5646 
8 447 39 40 594 5989 89 5414 4577 
8 1687 1712 1642 1593 5998 5999 5600 3744 
8 1743 1615 1890 1828 5273 3353 5615 5464 
8 611 500 726 737 6000 6001 5874 6002 
8 2368 2468 2543 2431 6003 6004 6005 6006 
8 1397 1404 1493 1576 4412 6007 6008 4225 
8 2397 2398 2367 2266 3724 6009 5754 4233 
8 493 37 38 492 6010 87 5988 4967 
8 1224 1415 1281 1067 6011 6012 6013 6014 
8 1061 1123 1309 1162 4999 4989 5645 5660 
8 2419 2354 2265 2360 6015 3755 6016 5230 
8 2518 2579 2498 2420 4147 6017 6018 5804 
8 2514 2583 2426 2500 6019 6020 6021 5091 
8 2630 2682 2556 2615 6022 6023 6024 6025 
8 2742 2752 2711 2732 4193 6026 6027 6028 
8 636 819 612 534 5697 5560 6029 6030 
8 1755 1639 1691 1837 6031 6032 6033 6034 
8 2033 2075 2007 1934 6035 6036 6037 3281 
8 1840 1863 1783 1699 6038 6039 6040 6041 
8 2132 2177 2303 2197 6042 6043 6044 6045 
8 2598 2615 2539 2579 6046 6047 6048 4149 
8 2599 2619 2545 2583 6049 6050 6051 6052 
8 1079 980 1102 1220 5873 6053 4655 5008 
8 1943 1868 1989 2049 5825 4219 3595 5993 
8 733 840 947 728 6054 6055 6056 6057 
8 980 908 765 1102 3390 6058 6059 6053 
8 149 150 464 437 199 6060 5030 5823 
8 1913 2053 1985 1785 6061 6062 6063 5807 
8 1810 1894 1749 1635 6064 6065 6066 6067 
8 2031 2000 1850 1966 6068 6069 6070 6071 
8 2233 2200 2141 2068 5882 3020 5951 6072 
8 1694 1725 1886 1958 5496 5684 6073 4733 
8 1927 2042 1772 1900 6074 6075 6076 6077 
8 2355 2353 2233 2280 5244 5883 6078 6079 
8 2197 2303 2407 2315 6044 6080 6081 6082 
8 1547 1673 1813 1745 5442 5461 6083 5768 
8 1997 2089 2011 1924 6084 3226 5979 5924 
8 2439 2375 2324 2263 6085 3000 5995 6086 
8 2258 2368 2431 2347 6087 6006 6088 4163 
8 2010 1929 2175 2102 6089 4716 5835 5712 
8 2221 2163 2304 2289 5851 6090 5945 6091 
8 1971 1949 2077 2039 5295 5435 5819 5701 
8 1474 1475 1562 1650 6092 6093 6094 6095 
8 1183 1282 1375 1286 6096 3730 4825 3459 
8 1312 1279 1472 1350 4683 4953 5525 5267 
8 2144 2170 2031 2099 3602 6097 6098 5929 
8 2644 2667 2686 2633 3001 6099 5172 6100 
8 1970 1895 1922 2038 6101 5748 6102 6103 
8 2091 2176 2038 1922 6104 6105 6102 5505 
8 2177 2132 2089 1997 6042 5986 6084 6106 
8 1941 2060 2127 2004 6107 3587 6108 5868 
8 1482 1586 1378 1305 6109 5444 5702 5584 
8 2088 2074 2236 2131 6110 6111 6112 6113 
8 1054 1153 988 882 6114 6115 4516 6116 
8 1929 2010 1958 1886 6089 3008 6073 4980 
8 493 595 36 37 3996 5499 86 6010 
8 2497 2500 2408 2456 5092 6117 6118 5451 
8 2559 2658 2625 2577 3838 6119 5190 3043 
8 2427 2517 2586 2488 3641 6120 6121 6122 
8 1900 1865 2020 1927 5668 3006 5959 6077 
8 2350 2269 2313 2404 5192 6123 6124 6125 
8 2423 2519 2547 2501 2884 6126 5798 6127 
8 2573 2597 2563 2519 6128 6129 6130 2887 
8 104 105 429 628 154 6131 3988 6132 
8 1854 1802 1920 1990 3617 4182 6133 3945 
8 1895 1970 1808 1690 6101 6134 6135 5394 
8 2341 2342 2408 2370 6136 6137 6138 6139 
8 1967 1945 1771 1888 5960 6140 6141 6142 
8 2499 2422 2469 2541 5128 6143 6144 6145 
8 1456 1425 1266 1566 4369 6146 6147 4349 
8 1472 1470 1656 1559 4952 5134 5572 5526 
8 1969 1852 2101 2047 5828 5680 5630 5710 
8 1707 1819 1524 1668 6148 6149 6150 5831 
8 2510 2490 2545 2524 3166 6151 6152 4399 
8 2468 2568 2620 2543 6153 6154 5847 6004 
8 2609 2633 2649 2597 6155 5171 6156 6157 
8 1777 1905 2046 1974 5782 5579 6158 5939 
8 2619 2599 2655 2638 6049 6159 6160 3840 
8 2682 2630 2711 2696 6022 6161 6162 5992 
8 1933 2069 2181 2023 2942 5770 6163 5460 
8 1486 1359 1449 1545 6164 3500 6165 6166 
8 1693 1816 1862 1968 3328 5889 5980 3244 
8 597 302 303 430 6167 352 6168 4439 
8 555 430 303 304 3835 6168 353 5746 
8 2732 2708 2717 2742 3818 6169 2970 6028 
8 2176 2091 2129 2225 6104 5472 6170 6171 
8 2150 2211 2168 2090 6172 5940 5814 3869 
8 1493 1349 1658 1570 6173 3297 5663 6174 
8 1794 1885 1622 1733 6175 6176 6177 6178 
8 2403 2404 2420 2498 6179 6180 6018 5453 
8 2540 2541 2585 2555 6181 6182 6183 6184 
8 2665 2703 2722 2750 6185 6186 6187 6188 
8 1761 1681 1654 1760 4312 5448 6189 6190 
8 1705 1719 1589 1661 2900 6191 6192 5543 
8 2636 2656 2568 2603 3153 6193 6194 3375 
8 2501 2428 2317 2389 5797 3902 6195 6196 
8 1850 1953 1899 1778 6197 6198 5728 6199 
8 2197 2291 2227 2132 6200 3186 5987 6045 
8 788 816 1022 925 4910 5042 5532 4689 
8 2583 2514 2556 2599 6019 6201 6202 6052 
8 1543 1583 1729 1620 4866 5562 5904 2960 
8 2224 2225 2305 2257 6203 6204 5720 6205 
8 1771 1902 1819 1707 6206 5392 6148 6207 
8 675 626 826 849 6208 6209 5182 5055 
8 831 644 867 1052 6210 5513 6211 6212 
8 2765 2760 2718 2739 3143 4441 3812 3097 
8 2199 2317 2386 2308 6213 3901 5232 6214 
8 2068 2155 2280 2233 6215 2873 6078 6072 
8 1906 1747 1648 1797 5935 5894 6216 4342 
8 2093 2137 2245 2075 6217 4261 6218 6219 
8 2371 2438 2356 2260 3060 6220 6221 6222 
8 2532 2467 2513 2576 6223 6224 6225 6226 
8 2131 2236 2260 2356 6112 6227 6221 6228 
8 1214 1294 1473 1409 5863 2986 5049 5742 
8 913 991 783 678 5589 3080 5259 5523 
8 1860 1897 1727 1821 4049 6229 6230 4042 
8 2495 2427 2348 2400 3642 6231 6232 6233 
8 1745 1813 1964 1905 6083 3204 5580 5781 
8 1818 1714 1844 1868 5930 4093 4220 5824 
8 2289 2267 2164 2221 6234 6235 6236 6091 
8 2097 2049 2125 2191 5994 3594 6237 3871 
8 2302 2224 2257 2342 6238 6205 6239 6240 
8 1729 1728 1900 1772 5561 5669 6076 5905 
8 2075 2245 2151 2007 6218 3508 4997 6036 
8 2260 2332 2459 2371 6241 6242 6243 6222 
8 2374 2472 2544 2440 2811 5675 6244 2915 
8 2122 2241 2135 2002 6245 6246 3970 6247 
8 1945 2045 1902 1771 6248 5747 6206 6140 
8 1353 1518 1530 1602 6249 6250 5363 6251 
8 2001 2047 2155 2068 5711 5629 6215 5950 
8 2457 2422 2405 2315 6252 5131 6253 6254 
8 1349 1493 1404 1265 6173 6007 5878 5964 
8 2082 2098 1959 2042 6255 6256 6257 6258 
8 2073 2085 2237 2149 4639 6259 5779 5181 
8 2315 2405 2291 2197 6253 5427 6200 6082 
8 1959 1960 1807 1882 6260 6261 6262 6263 
8 1994 2092 2045 1945 6264 5507 6248 5963 
8 2668 2703 2595 2647 6265 6266 6267 6268 
8 2492 2479 2526 2581 3221 6269 6270 6271 
8 2106 2036 2094 2172 6272 6273 6274 6275 
8 2147 2232 2092 1994 6276 5471 6264 6277 
8 2253 2070 2193 2204 3767 6278 6279 5755 
8 2139 2252 2357 2296 6280 6281 4945 5887 
8 2595 2634 2600 2555 6282 6283 6284 6285 
8 1477 1383 1474 1564 2996 6286 6287 6288 
8 2750 2717 2708 2665 2973 6169 6289 6188 
8 1697 1741 1872 1784 5416 5383 5734 5489 
8 2370 2447 2406 2341 6290 5602 6291 6139 
8 1525 1632 1586 1482 6292 5849 6109 3122 
8 2299 2196 2256 2323 6293 6294 6295 5947 
8 2665 2708 2671 2634 6289 3821 6296 6297 
8 1077 1094 930 994 5206 6298 6299 4752 
8 2555 2600 2584 2540 6284 6300 6301 6184 
8 2066 2102 2229 2134 5713 5834 6302 6303 
8 822 946 880 724 6304 6305 6306 6307 
8 1896 1957 1907 1791 6308 6309 6310 6311 
8 2378 2423 2501 2389 6312 6127 6196 4332 
8 2642 2678 2562 2607 6313 2984 6314 3634 
8 2749 2722 2703 2668 3675 6186 6265 6315 
8 1565 1545 1629 1723 6316 6317 6318 6319 
8 2725 2749 2668 2701 6320 6315 6321 4038 
8 2210 2219 2082 2159 2920 6322 6323 6324 
8 2541 2540 2445 2499 6181 6325 6326 6145 
8 1846 1992 2108 1939 6327 4258 6328 4340 
8 1478 1387 1495 1541 3033 6329 6330 6331 
8 2195 2231 2358 2258 6332 6333 6334 4166 
8 2564 2570 2502 2544 3376 6335 6336 5674 
8 2703 2665 2634 2595 6185 6297 6282 6266 
8 2445 2489 2313 2394 6337 6338 6339 6340 
8 2426 2490 2447 2370 6341 3165 6290 6342 
8 2578 2567 2625 2610 3056 5191 6343 6344 
8 2458 2368 2258 2358 6345 6087 6334 6346 
8 600 733 728 501 6347 6057 6348 6349 
8 2540 2584 2489 2445 6301 5802 6337 6325 
8 2764 2779 2750 2722 6350 2974 6187 3677 
8 897 1106 979 876 6351 5981 6352 6353 
8 1157 1292 1413 1381 6354 6355 6356 6357 
8 2489 2420 2404 2313 5801 6180 6124 6338 
8 2554 2620 2687 2629 5848 6358 6359 6360 
8 935 749 959 1134 6361 6362 6363 6364 
8 1570 1638 1576 1493 6365 4121 6008 6174 
8 1628 1731 1832 1811 3119 6366 6367 6368 
8 2124 2174 2117 2059 6369 5593 6370 4244 
8 2266 2204 2310 2327 5756 6371 5422 4234 
8 1982 1878 2012 2116 6372 6373 6374 6375 
8 2597 2573 2549 2609 6128 6376 6377 6157 
8 1253 1440 1588 1399 5439 5895 6378 4271 
8 1727 1692 1632 1525 6379 6380 6292 6381 
8 1438 1597 1639 1755 6382 6383 6031 6384 
8 1966 1942 2099 2031 5613 5620 6098 6071 
8 1326 1104 958 1159 6385 4526 5839 4273 
8 2202 2216 2109 2153 6386 6387 6388 3203 
8 1877 1899 1953 2040 4228 6198 6389 3908 
8 1903 2023 2112 1955 5457 6390 6391 6392 
8 2633 2609 2586 2644 6155 6393 6394 6100 
8 2306 2269 2232 2147 6395 5195 6276 6396 
8 2423 2378 2349 2485 6312 4920 6397 2885 
8 973 883 796 992 3030 6398 6399 4740 
8 2036 2106 1957 1896 6272 6400 6308 6401 
8 2070 2006 2126 2193 6402 6403 4419 6278 
8 2254 2278 2211 2150 3777 6404 6172 3364 
8 2440 2409 2307 2336 6405 6406 6407 2916 
8 1707 1748 1888 1771 5830 5730 6141 6207 
8 2292 2290 2411 2316 6408 6409 6410 6411 
8 2544 2502 2409 2440 6336 6412 6405 6244 
8 1306 1199 1316 1388 6413 6414 6415 6416 
8 732 517 499 524 6417 6418 6419 6420 
8 2602 2603 2546 2570 3372 6421 6422 3379 
8 2336 2307 2146 2219 6407 6423 6424 2919 
8 1096 955 1173 1295 3211 6425 6426 6427 
8 2279 2205 2144 2071 5241 3603 5928 6428 
8 2204 2193 2249 2310 6279 4418 6429 6371 
8 919 887 990 1095 6430 3268 6431 6432 
8 1656 1633 1823 1732 5133 5314 5678 5573 
8 932 856 961 1128 6433 6434 6435 6436 
8 1563 1564 1649 1726 6437 6438 6439 3347 
8 1809 1856 1979 1781 5083 6440 6441 3011 
8 2695 2702 2754 2719 2980 3868 6442 6443 
8 1845 1909 1991 1874 6444 3860 6445 6446 
8 2716 2747 2782 2759 6447 3806 6448 2822 
8 2448 2383 2429 2479 6449 6450 6451 3220 
8 2224 2302 2172 2094 6238 6452 6274 6453 
8 2342 2341 2226 2302 6136 6454 6455 6240 
8 2146 2173 2029 2098 6456 6457 6458 6459 
8 2404 2403 2305 2350 6179 5721 6460 6125 
8 1827 1972 1866 1746 4799 5319 5763 5612 
8 2225 2224 2094 2176 6203 6453 6461 6171 
8 1975 1841 1812 1857 6462 5774 6463 5942 
8 1465 1374 1519 1593 6464 5518 3745 5599 
8 1722 1620 1882 1807 2957 5903 6262 6465 
8 1819 1690 1629 1524 5391 6466 6467 6149 
8 1461 1597 1413 1254 6468 6469 6470 6471 
8 1998 2114 2166 2064 6472 6473 6474 6475 
8 2281 2283 2410 2349 6476 6477 6478 4922 
8 2368 2458 2546 2468 6345 6479 6480 6003 
8 1131 1229 1433 1342 6481 4384 5519 5434 
8 872 1000 842 645 3195 6482 6483 3078 
8 1882 1772 2042 1959 5902 6075 6257 6263 
8 1225 1057 956 1030 6484 5582 6485 6486 
8 957 1066 1014 851 6487 5917 5735 6488 
8 1974 2046 2162 2103 6158 5776 5813 5922 
8 901 1026 1204 1120 4736 5347 5892 4564 
8 1997 2103 2235 2177 5923 5812 6489 6106 
8 1967 2032 2167 2105 6490 3224 5926 5961 
8 2062 2195 2304 2163 6491 4165 6090 4256 
8 1494 1574 1388 1316 6492 6493 6415 6494 
8 2038 2036 1896 1970 6495 6401 6496 6103 
8 2303 2338 2443 2407 6497 2998 5916 6080 
8 1822 1956 2043 1901 6498 6499 4671 6500 
8 609 832 640 419 6501 6502 6503 6504 
8 1885 1774 1705 1622 3159 2901 5542 6176 
8 1638 1570 1815 1748 6365 5662 5731 5829 
8 2283 2281 2165 2239 6476 5867 6505 5310 
8 1664 1635 1495 1574 6506 6507 6508 6509 
8 2468 2546 2603 2568 6480 6421 6194 6153 
8 495 301 302 597 6510 351 6167 5975 
8 2000 2096 1953 1850 6511 6512 6197 6069 
8 2308 2182 2064 2199 6513 6514 6515 6214 
8 317 318 405 598 367 6516 6517 6518 
8 2177 2235 2338 2303 6489 5854 6497 6043 
8 1976 1925 1885 1794 5880 3160 6175 6519 
8 826 639 860 951 6520 6521 5069 5183 
8 2042 1927 2159 2082 6074 5958 6323 6258 
8 2263 2353 2377 2439 5884 5246 6522 6086 
8 2533 2520 2607 2562 5968 5912 6314 5967 
8 2487 2476 2572 2520 5914 2861 5913 5971 
8 2375 2439 2478 2531 6085 6523 6524 2994 
8 2315 2407 2487 2457 6081 5915 5970 6254 
8 2524 2545 2619 2559 6152 6050 3839 3042 
8 2555 2585 2647 2595 6183 5984 6267 6285 
8 1172 1292 957 1094 6525 6526 6527 5209 
8 2098 2082 2219 2146 6255 6322 6424 6459 
8 2518 2584 2600 2654 5803 6300 6528 4148 
8 2638 2655 2704 2680 6160 5990 5340 2906 
8 605 823 668 451 6529 5862 6530 6531 
8 2341 2406 2297 2226 6291 5845 6532 6454 
8 2612 2610 2645 2643 6533 6534 4201 6535 
8 2678 2642 2690 2697 6313 3430 6536 2859 
8 2006 2070 2169 2048 6402 3766 6537 3738 
8 2444 2549 2573 2485 6538 6376 2886 6539 
8 2697 2690 2715 2737 6536 4157 6540 4037 
8 2749 2725 2756 2771 6320 3718 4319 3676 
8 2346 2262 2210 2134 3863 2921 6541 6542 
8 2278 2325 2293 2211 6543 3200 5941 6404 
8 2541 2469 2613 2585 6144 5965 5985 6182 
8 2531 2478 2548 2566 6524 6544 6545 2863 
8 1646 1617 1460 1558 3009 4808 6546 6547 
8 1960 1959 2098 2029 6260 6256 6458 6548 
8 2173 2146 2307 2231 6456 6423 6549 6550 
8 2335 2334 2460 2369 6551 6552 6553 6554 
8 1799 1644 1751 1911 6555 6556 6557 6558 
8 1807 1797 1648 1722 6559 6216 6560 6465 
8 2101 2009 2128 2140 5679 6561 6562 5631 
8 2439 2377 2434 2478 6522 6563 6564 6523 
8 2580 2516 2558 2596 3188 6565 6566 6567 
8 2566 2548 2592 2628 6545 3856 6568 3792 
8 2779 2764 2777 2791 6350 3664 3357 3463 
8 2175 2072 2138 2213 4715 5286 6569 5836 
8 2599 2556 2682 2655 6202 6023 5991 6159 
8 1628 1718 1505 1557 6570 6571 6572 3120 
8 2238 2110 2024 2165 6573 6574 6575 5866 
8 2280 2217 2312 2355 2872 6576 3753 6079 
8 2166 2282 2199 2064 6577 6578 6515 6474 
8 2488 2381 2348 2427 6579 5380 6231 6122 
8 2651 2563 2597 2649 4072 6129 6156 4158 
8 1888 1861 2032 1967 5729 3239 6490 6142 
8 2394 2393 2499 2445 5976 5129 6326 6340 
8 2615 2598 2683 2630 6046 4055 6580 6025 
8 2654 2600 2634 2671 6528 6283 6296 4057 
8 1295 1158 974 1096 6581 6582 6583 6427 
8 1873 1874 1991 2051 5201 6445 3712 4523 
8 1797 1807 1960 1846 6559 6261 6584 4343 
8 2514 2539 2615 2556 5090 6047 6024 6201 
8 2269 2306 2394 2313 6395 5977 6339 6123 
8 2490 2426 2583 2545 6341 6020 6051 6151 
8 1200 1296 1126 970 3035 6585 6586 6587 
8 2063 2143 2096 2000 6588 6589 6511 6590 
8 2226 2297 2237 2171 6532 5780 6591 6592 
8 769 798 999 869 3958 4588 5740 3024 
8 2422 2457 2533 2469 6252 5969 5966 6143 
8 2528 2536 2589 2569 3384 5306 6593 5477 
8 2696 2711 2752 2721 6162 6026 4757 3100 
8 2631 2681 2713 2702 6594 6595 3865 2979 
8 2497 2498 2579 2539 5450 6017 6048 5093 
8 2630 2683 2732 2711 6580 3819 6027 6161 
8 2377 2354 2419 2434 5245 6015 4834 6563 
8 1829 1717 1845 1874 5934 6596 6446 5204 
8 1606 1666 1530 1518 6597 3842 6250 3887 
8 2478 2434 2512 2548 6564 4833 3857 6544 
8 2370 2408 2500 2426 6138 6117 6021 6342 
8 1449 1492 1668 1524 3499 4119 6150 6598 
8 2147 2228 2340 2306 6599 3184 5978 6396 
8 1148 1244 1338 1138 6600 6601 6602 6603 
8 1972 1859 1987 2008 4801 5142 6604 5320 
8 2359 2207 2164 2267 6605 5769 6235 5381 
8 2647 2635 2701 2668 5983 2857 6321 6268 
8 2009 2051 2018 2128 4520 3711 4506 6561 
8 2441 2369 2503 2467 6606 6607 6608 6609 
8 1280 1410 1590 1442 6610 6611 6612 5096 
8 1957 1956 1822 1907 6613 6498 6614 6309 
8 2182 2057 1998 2064 6615 6616 6475 6514 
8 2267 2289 2400 2348 6234 5944 6232 5382 
8 1594 1752 1674 1507 6617 6618 6619 6620 
8 2037 2085 2043 1956 6621 4642 6499 6622 
8 1992 2029 2173 2062 6623 6457 6624 4259 
8 2172 2171 2037 2106 6625 6626 6627 6275 
8 2342 2257 2456 2408 6239 5719 6118 6137 
8 1438 1562 1475 1381 6628 6093 6629 6630 
8 1994 2105 2228 2147 5962 5925 6599 6277 
8 1955 1894 1810 1903 5081 6064 6631 6392 
8 2225 2129 2350 2305 6170 5193 6460 6204 
8 2282 2166 2238 2352 6577 6632 5865 4334 
8 1326 1316 1199 1104 6633 6414 6634 6385 
8 852 925 1115 958 4690 5531 5840 4525 
8 1414 1252 1057 1225 6635 6636 6484 6637 
8 2699 2695 2719 2747 6638 6443 3803 6639 
8 1083 1243 1429 1283 6640 6641 6642 6643 
8 2069 2107 2221 2164 2945 5852 6236 5771 
8 1429 1605 1463 1283 6644 6645 6646 6642 
8 2036 2038 2176 2094 6495 6105 6461 6273 
8 2218 2174 2124 2192 4300 6369 6647 4076 
8 2367 2398 2325 2278 6009 3742 6543 3776 
8 1588 1587 1494 1399 5792 6648 6649 6378 
8 1837 1691 1878 1982 6033 6650 6372 6651 
8 1812 1883 1965 1857 4879 3127 5856 6463 
8 2140 2128 2194 2217 6562 4505 6652 2875 
8 1095 970 767 919 6653 6654 6655 6432 
8 2217 2194 2255 2312 6652 3924 6656 6576 
8 1541 1558 1415 1478 6657 6658 6659 6331 
8 1690 1808 1723 1629 6135 2968 6318 6466 
8 2029 1992 1846 1960 6623 6327 6584 6548 
8 930 851 777 634 6660 5736 5837 6661 
8 1440 1561 1722 1648 5438 2958 6560 5893 
8 2071 2179 2206 2279 5761 6662 6663 6428 
8 1778 1828 1966 1850 5465 5614 6070 6199 
8 1542 1560 1412 1471 2934 6664 6665 5605 
8 1839 1710 1762 1803 4858 6666 6667 5338 
8 2273 2337 2412 2392 6668 5949 6669 6670 
8 2096 2178 2040 1953 6671 5693 6389 6512 
8 2264 2332 2148 2216 6672 6673 6674 6675 
8 2284 2208 2259 2362 6676 6677 6678 6679 
8 2100 2186 2152 2246 5743 3556 4707 5288 
8 2455 2397 2380 2450 3722 4232 6680 3697 
8 2508 2432 2525 2588 5333 6681 6682 6683 
8 1525 1652 1821 1727 3121 5516 6230 6381 
8 2148 2236 2074 2005 6684 6111 5843 6685 
8 469 248 249 448 5335 298 6686 5064 
8 495 448 249 250 5974 6686 299 6687 
8 2053 1913 1831 1946 6061 6688 6689 4479 
8 2706 2677 2691 2735 5576 6690 6691 6692 
8 1524 1629 1545 1449 6467 6317 6165 6598 
8 1794 1892 2035 1976 6693 3427 6694 6519 
8 2274 2343 2383 2448 6695 6696 6449 6697 
8 1749 1541 1495 1635 6698 6330 6507 6066 
8 1558 1541 1749 1646 6657 6698 6699 6547 
8 1520 1272 1374 1465 3693 4871 6464 4254 
8 1650 1562 1610 1724 6094 6700 5160 5897 
8 2160 2161 2242 2196 6701 6702 6703 6704 
8 2008 1987 2058 2076 6604 3608 6705 5890 
8 2241 2360 2265 2135 6706 6016 6707 6246 
8 1791 1808 1970 1896 2965 6134 6496 6311 
8 2437 2401 2421 2477 3515 6708 6709 4161 
8 650 709 919 767 6710 6711 6655 5665 
8 2213 2138 2271 2331 6569 6712 6713 3943 
8 2409 2358 2231 2307 6714 6333 6549 6406 
8 2271 2215 2311 2329 6715 3510 4110 6716 
8 2309 2248 2273 2328 6717 6718 6719 6720 
8 1339 1432 1518 1353 6721 3888 6249 6722 
8 2385 2379 2264 2339 3701 6723 6724 3743 
8 1915 1803 1843 1870 5339 6725 6726 5141 
8 2507 2461 2486 2551 6727 6728 6729 6730 
8 1411 1223 1130 1280 6731 6732 6733 5095 
8 1654 1730 1841 1760 4712 5775 6734 6189 
8 1831 1908 2050 1946 6735 6736 6737 6689 
8 2551 2486 2575 2621 6729 6738 6739 6740 
8 1468 1608 1689 1540 6741 6742 5617 4168 
8 2057 1977 1980 1998 6743 6744 6745 6616 
8 2543 2542 2495 2431 5846 3643 6746 6005 
8 2629 2687 2693 2726 6359 3978 4019 2871 
8 2223 2212 2275 2343 5633 6747 6748 6749 
8 2346 2270 2387 2436 6750 3476 6751 3864 
8 2159 2066 2134 2210 5957 6303 6541 6324 
8 1928 2025 2184 2065 3048 6752 6753 3055 
8 2502 2458 2358 2409 6754 6346 6714 6412 
8 2581 2526 2560 2624 6270 6755 6756 6757 
8 2724 2734 2729 2751 3149 6758 4040 3948 
8 1171 1186 1385 1305 2953 3246 5585 5703 
8 2331 2271 2329 2396 6713 6716 6759 3474 
8 2171 2172 2302 2226 6625 6452 6455 6592 
8 2017 1858 1986 2111 4668 5953 6760 3926 
8 2400 2347 2431 2495 5943 6088 6746 6233 
8 1410 1280 1130 1246 6610 6733 6761 5688 
8 2784 2796 2790 2774 4403 3089 4062 3876 
8 1713 1642 1712 1802 4365 5999 4183 3616 
8 2471 2523 2493 2442 5239 6762 6763 3695 
8 604 824 722 443 6764 6765 6766 6767 
8 1261 1422 1600 1446 6768 6769 6770 6771 
8 2114 2052 1979 2110 6772 6773 6774 6775 
8 818 617 517 732 5409 6776 6417 6777 
8 2396 2329 2418 2466 6759 4109 6778 4016 
8 2650 2660 2652 2670 3653 6779 5022 6780 
8 1388 1387 1200 1306 6781 3032 6782 6416 
8 2138 2246 2215 2271 5285 4706 6715 6712 
8 1644 1463 1605 1751 6783 6645 4468 6556 
8 2111 1986 1849 2002 6760 6784 6785 3969 
8 2231 2195 2062 2173 6332 6491 6624 6550 
8 2636 2650 2670 2705 3374 6780 6786 3154 
8 1790 1806 1675 1721 2938 6787 6788 5911 
8 2465 2466 2433 2480 4017 6789 6790 6791 
8 2614 2554 2629 2679 3013 6360 2870 3003 
8 2074 2088 1950 2030 6110 6792 6793 5844 
8 2570 2546 2458 2502 6422 6479 6754 6335 
8 2643 2681 2558 2612 6794 6795 6796 6535 
8 974 1158 1328 1125 6582 5263 6797 6798 
8 2121 2013 2119 2190 5116 6799 5492 6800 
8 2479 2429 2473 2526 6451 6801 6802 6269 
8 2480 2536 2481 2465 5307 3383 6803 6791 
8 2611 2639 2621 2575 6804 6805 6739 6806 
8 1856 1955 2112 2024 5082 6391 6807 6808 
8 1985 2053 2126 2006 6062 4478 6403 3741 
8 2748 2766 2738 2720 2828 3550 5454 6809 
8 1792 1879 2055 1940 3036 4756 6810 4223 
8 596 520 106 107 6811 6812 156 5249 
8 2110 1979 1856 2024 6774 6440 6808 6574 
8 2523 2567 2535 2493 5188 3059 6813 6762 
8 3 301 495 250 350 6510 6687 300 
8 525 747 933 735 6814 6815 5594 6816 
8 1956 1957 2106 2037 6613 6400 6627 6622 
8 1976 2035 2153 2109 6694 3414 6388 5881 
8 2626 2652 2660 2627 4277 6779 5278 4185 
8 1921 2060 1941 1780 6817 6107 3125 6818 
8 2436 2387 2465 2481 6751 4018 6803 2813 
8 1327 1143 1043 1179 4994 6819 6820 5647 
8 1387 1388 1574 1495 6781 6493 6508 6329 
8 1963 1880 1923 2027 6821 6822 6823 3064 
8 2196 2299 2247 2160 6293 6824 6825 6704 
8 2493 2535 2371 2459 6813 3061 6243 6826 
8 2692 2718 2744 2710 3813 4440 4486 5972 
8 1740 1609 1768 1904 6827 5937 5474 6828 
8 2299 2337 2188 2247 5946 6829 6830 6824 
8 2667 2710 2731 2686 5973 4485 6831 6099 
8 1909 1752 1626 1833 6832 6833 6834 3861 
8 2134 2229 2270 2346 6302 3941 6750 6542 
8 2294 2319 2413 2295 6835 6836 6837 6838 
8 1950 1951 1830 1876 6839 6840 6841 6842 
8 1166 1340 1516 1371 6843 6844 6845 6846 
8 1574 1494 1587 1664 6492 6648 6847 6509 
8 1894 1809 1646 1749 5084 3010 6699 6065 
8 2379 2459 2332 2264 6848 6242 6672 6723 
8 1758 1835 1921 1780 6849 3668 6818 3469 
8 2023 2181 2239 2112 6163 5311 6850 6390 
8 2206 2180 2234 2301 6851 6852 5886 6853 
8 2488 2586 2609 2549 6121 6393 6377 6854 
8 2568 2656 2687 2620 6193 3979 6358 6154 
8 2730 2748 2720 2700 3538 6809 4033 2840 
8 2666 2724 2745 2693 3150 3947 4020 3977 
8 1980 2052 2114 1998 6855 6772 6472 6745 
8 1274 1164 1491 1394 4869 5265 6856 2933 
8 2131 2222 1995 2088 6857 6858 6859 6113 
8 2061 2161 2116 2012 6860 6861 6374 6862 
8 2332 2260 2236 2148 6241 6227 6684 6673 
8 2389 2317 2199 2282 6195 6213 6578 4333 
8 2442 2493 2459 2379 6763 6826 6848 3703 
8 2372 2453 2474 2537 6863 6864 6865 6866 
8 1833 1626 1757 1786 6834 6867 6868 6869 
8 1643 1764 1910 1798 6870 4727 6871 6872 
8 2180 2004 2127 2234 5996 6108 3553 6852 
8 2381 2488 2549 2444 6579 6854 6538 4941 
8 2108 2107 2022 1939 5853 2944 6873 6328 
8 2412 2323 2390 2461 5948 6874 6875 6876 
8 1664 1587 1609 1740 6847 5791 6827 6877 
8 2171 2237 2085 2037 6591 6259 6621 6626 
8 1451 1595 1764 1643 6878 4806 6870 4470 
8 1978 1799 1911 1977 6879 6558 6880 6881 
8 2052 1910 1781 1979 6882 4726 6441 6773 
8 2050 1908 1775 1926 6736 5424 4669 6883 
8 2517 2614 2644 2586 3014 3002 6394 6120 
8 2707 2729 2734 2709 5455 6758 6884 5143 
8 2207 2359 2410 2283 6605 4943 6477 5309 
8 2383 2326 2372 2429 6885 6886 6887 6450 
8 2178 2096 2143 2212 6671 6589 6888 5636 
8 2410 2444 2485 2349 4942 6539 6397 6478 
8 1904 1903 1810 1740 5458 6631 6889 6828 
8 1770 1897 1944 2041 6890 4048 6891 6892 
8 2519 2563 2618 2547 6130 4071 6893 6126 
8 1635 1664 1740 1810 6506 6877 6889 6067 
8 2380 2454 2511 2450 5035 5739 5325 6680 
8 1411 1255 1059 1223 6894 6895 6896 6731 
8 2320 2345 2240 2298 3582 6897 6898 3577 
8 1594 1418 1261 1446 6899 6900 6771 6901 
8 1726 1649 1793 1879 6439 5898 4753 3039 
8 865 1037 1087 969 6902 4012 6903 3700 
8 1768 1906 1939 2022 5936 4341 6873 5475 
8 1231 1066 1157 1269 5918 6904 6905 5691 
8 2166 2114 2110 2238 6473 6775 6573 6632 
8 1841 1975 1869 1760 6462 2817 6906 6734 
8 1811 1884 1718 1628 6907 3130 6570 6368 
8 2239 2165 2024 2112 6505 6575 6807 6850 
8 1255 1411 1603 1462 6894 5094 6908 4106 
8 1373 1522 1607 1453 6909 6910 4714 6911 
8 1733 1732 1892 1794 5570 5677 6693 6178 
8 2430 2494 2506 2449 3487 4915 6912 6913 
8 2116 1993 1847 1982 6914 5899 6915 6375 
8 2198 2275 2212 2143 6916 6747 6888 6917 
8 1316 1326 1399 1494 6633 4272 6649 6494 
8 1597 1438 1381 1413 6382 6630 6356 6469 
8 1911 1751 1643 1798 6557 4467 6872 6918 
8 1436 1523 1608 1468 6919 4008 6741 6920 
8 2000 2031 2170 2063 6068 6097 6921 6590 
8 1328 1179 1043 1125 6922 6820 5003 6797 
8 2183 2113 1946 2050 6923 4480 6737 6924 
8 1723 1623 1439 1565 2967 6925 6926 6319 
8 2021 2012 1878 1954 6927 6373 6928 6929 
8 2063 2170 2298 2240 6921 3601 6898 6930 
8 1734 1655 1535 1699 6931 6932 6933 6934 
8 2182 2308 2360 2241 6513 5231 6706 6935 
8 1811 1832 1880 1963 6367 6936 6821 6937 
8 2530 2516 2425 2484 6938 3187 6939 6940 
8 2285 2322 2415 2286 4059 6941 6942 6943 
8 1907 1750 1623 1791 6944 6945 2966 6310 
8 1926 2073 2183 2050 4640 5180 6924 6883 
8 2733 2698 2669 2688 3836 2851 6946 6947 
8 2688 2669 2639 2611 6946 2914 6804 6948 
8 692 780 1028 928 6949 4778 6950 4358 
8 1223 1059 857 1033 6896 4797 6951 6952 
8 1590 1410 1341 1504 6611 5687 6953 5565 
8 1986 1842 1695 1849 5952 6954 6955 6784 
8 2658 2645 2610 2625 2904 6534 6343 6119 
8 1752 1594 1446 1626 6617 6901 6956 6833 
8 1344 1426 1522 1373 6957 6958 6909 3447 
8 1142 1240 1246 1149 4992 5689 6959 6960 
8 1478 1415 1224 1296 6659 6011 6961 3034 
8 2113 2183 2214 2249 6923 5179 6962 4421 
8 2621 2561 2521 2551 6963 2924 6964 6740 
8 2714 2713 2681 2643 6965 6595 6794 4200 
8 514 740 674 619 6966 4703 6967 6968 
8 2240 2198 2143 2063 6969 6917 6588 6930 
8 2328 2391 2464 2416 6970 4194 6971 6972 
8 1254 1413 1292 1172 6470 6355 6525 5552 
8 1185 1346 1437 1273 6973 3545 5758 4177 
8 1901 1737 1659 1822 4710 5624 6974 6500 
8 1981 1783 1863 1934 3706 6039 3282 6975 
8 2279 2206 2301 2351 6663 6853 4897 5242 
8 1755 1610 1562 1438 6976 6700 6628 6384 
8 1770 1880 1832 1692 6977 6936 6978 6979 
8 2657 2593 2513 2587 6980 6981 6982 6983 
8 2681 2631 2596 2558 6594 2832 6566 6795 
8 2608 2653 2604 2565 4030 3981 6984 3133 
8 2772 2768 2719 2754 6985 3804 6442 3891 
8 2587 2513 2467 2503 6982 6224 6608 6986 
8 1676 1506 1354 1533 6987 6988 6989 3532 
8 990 1008 1104 1199 3267 4524 6634 6990 
8 1223 1033 1032 1130 6952 6991 6992 6732 
8 2736 2728 2713 2714 4171 3866 6965 5341 
8 1516 1340 1339 1353 6844 3939 6722 6993 
8 505 727 829 608 6994 4906 6995 6996 
8 2496 2538 2482 2509 3639 3879 6997 3672 
8 2781 2780 2768 2772 4054 3853 6985 4722 
8 2799 2798 2785 2780 2809 3139 3854 4053 
8 1418 1594 1507 1417 6899 6620 4010 6998 
8 432 670 834 614 5407 6999 5544 7000 
8 2198 2240 2345 2261 6969 6897 7001 7002 
8 1982 1847 1836 1837 6915 5553 7003 6651 
8 2747 2716 2664 2699 6447 7004 7005 6639 
8 2309 2328 2416 2366 6720 6972 3683 7006 
8 553 457 780 692 3522 3451 6949 3408 
8 1199 1306 1095 990 6413 7007 6431 6990 
8 1659 1750 1907 1822 7008 6944 6614 6974 
8 1702 1801 1912 1773 7009 5773 7010 7011 
8 2179 2187 2180 2206 5818 5997 6851 6662 
8 524 899 786 732 7012 7013 7014 6420 
8 730 829 1046 944 7015 4908 7016 7017 
8 1246 1130 1032 1149 6761 6992 7018 6959 
8 1506 1345 1248 1354 4779 7019 7020 6988 
8 1675 1639 1597 1461 7021 6383 6468 7022 
8 2576 2575 2486 2532 7023 6738 7024 6226 
8 497 9 10 426 7025 59 7026 7027 
8 2751 2757 2774 2769 4039 3877 4061 3946 
8 1394 1491 1661 1589 6856 3417 6192 5603 
8 2392 2391 2328 2273 7028 6970 6719 6670 
8 1292 1157 1066 957 6354 6904 6487 6526 
8 2475 2484 2411 2438 7029 7030 7031 3062 
8 2433 2505 2527 2480 7032 3651 5308 6790 
8 1528 1559 1733 1622 5524 5571 6177 5541 
8 2766 2761 2786 2775 2827 7033 3572 3551 
8 1983 1834 1773 1848 7034 7035 7036 7037 
8 2120 2119 2013 1930 7038 6799 5360 5901 
8 2337 2273 2248 2188 6668 6718 5494 6829 
8 931 1043 1143 1036 5004 6819 5112 7039 
8 2661 2675 2700 2684 7040 2841 4036 7041 
8 1245 1330 1432 1339 7042 4102 6721 3938 
8 1995 2081 1855 1951 7043 7044 7045 7046 
8 2473 2537 2565 2604 7047 7048 6984 7049 
8 2320 2330 2376 2435 3576 5211 4553 3583 
8 2537 2474 2522 2565 6865 3881 3134 7048 
8 2057 2182 2241 2122 6615 6935 6245 7050 
8 2357 2252 2250 2268 6281 3599 7051 7052 
8 838 1051 866 672 7053 5653 7054 7055 
8 1180 1334 1517 1427 7056 7057 7058 7059 
8 1596 1676 1767 1618 7060 3534 4881 3426 
8 1625 1736 1891 1800 4428 3336 7061 4503 
8 2261 2345 2373 2453 7001 3581 7062 7063 
8 534 731 835 636 7064 5432 7065 6030 
8 948 1146 966 757 7066 7067 7068 7069 
8 1125 942 786 974 5002 7070 7071 6798 
8 970 1095 1306 1200 6653 7007 6782 6587 
8 2624 2560 2640 2672 6756 3983 7072 7073 
8 2424 2506 2552 2470 7074 4914 7075 7076 
8 1692 1832 1731 1632 6978 6366 5850 6380 
8 2672 2640 2673 2694 7072 7077 3403 7078 
8 599 405 318 319 7079 6516 368 7080 
8 2588 2525 2616 2648 6682 7081 5820 7082 
8 1358 1419 1565 1439 7083 7084 6926 5364 
8 2622 2637 2675 2661 4051 2837 7040 3773 
8 1462 1603 1756 1641 6908 4820 5808 7085 
8 2365 2310 2249 2214 5423 6429 6962 5282 
8 1084 1228 1343 1247 7086 4466 7087 4352 
8 1977 2057 2122 1978 6743 7050 7088 6881 
8 2259 2300 2414 2314 7089 7090 5331 7091 
8 2637 2605 2590 2641 4050 7092 5657 2838 
8 1269 1157 1381 1475 6905 6357 6629 7093 
8 2290 2292 2156 2222 6408 7094 7095 7096 
8 2343 2275 2326 2383 6748 7097 6885 6696 
8 1558 1460 1281 1415 6546 7098 6012 6658 
8 2384 2449 2506 2424 4337 6912 7074 7099 
8 2216 2202 2339 2264 6386 3198 6724 6675 
8 2557 2623 2662 2626 7100 3775 4278 4188 
8 2632 2672 2694 2727 7101 7078 3394 7102 
8 1147 1234 1346 1185 5652 3662 6973 3445 
8 2084 1996 2145 2230 7103 7104 7105 3961 
8 2201 2295 2413 2321 5322 6837 7106 3605 
8 1978 1849 1695 1799 7107 6955 7108 6879 
8 2052 1980 1798 1910 6855 7109 6871 6882 
8 2080 2157 2252 2139 7110 3600 6280 3555 
8 450 525 735 607 7111 6816 5751 7112 
8 1682 1835 1758 1533 7113 6849 3533 7114 
8 2461 2390 2532 2486 6875 7115 7024 6728 
8 2610 2612 2530 2578 6533 7116 7117 6344 
8 2670 2709 2734 2705 5021 6884 3152 6786 
8 1837 1836 1610 1755 7003 5161 6976 6034 
8 2130 2230 2361 2300 3962 7118 7119 7120 
8 2391 2392 2507 2462 7028 7121 7122 4195 
8 2452 2417 2402 2451 4568 7123 7124 3674 
8 2275 2198 2261 2326 6916 7002 7125 7097 
8 2087 2027 2142 2220 3065 7126 7127 7128 
8 1644 1527 1352 1463 7129 7130 7131 6783 
8 1666 1711 1801 1702 7132 3906 7009 3843 
8 2005 2109 2216 2148 5879 6387 6674 6685 
8 1737 1613 1504 1591 4709 5566 7133 5625 
8 2209 2286 2415 2364 4298 6942 4339 5555 
8 1606 1686 1711 1666 7134 7135 7132 6597 
8 2343 2274 2145 2223 6695 7136 7137 6749 
8 2482 2474 2453 2373 3878 6864 7062 7138 
8 885 884 652 776 2908 5716 7139 4837 
8 2156 2158 2021 2081 7140 7141 7142 7143 
8 867 1142 1149 1052 5113 6960 7144 6211 
8 1996 2095 2223 2145 3898 5634 7137 7104 
8 2574 2561 2646 2608 2925 7145 4031 3136 
8 2115 2189 2251 2184 7146 7147 7148 7149 
8 2333 2437 2504 2388 3512 4160 7150 2895 
8 1281 1460 1595 1421 7098 4807 7151 7152 
8 1908 1831 1640 1763 6735 7153 7154 5425 
8 1639 1675 1806 1691 7021 6787 7155 6032 
8 2362 2259 2314 2401 6678 7091 7156 3514 
8 522 464 150 151 4510 6060 200 4594 
8 2078 2079 2243 2154 7157 7158 7159 4074 
8 2575 2576 2659 2611 7023 7160 7161 6806 
8 767 970 1126 879 6654 6586 7162 5666 
8 2316 2395 2203 2292 3179 7163 7164 6411 
8 2582 2627 2569 2589 4186 5280 6593 7165 
8 1457 1572 1750 1659 7166 7167 7008 5623 
8 2220 2142 2208 2284 7127 7168 6676 3047 
8 444 560 776 652 5919 3360 7139 5932 
8 506 603 822 724 7169 5817 6307 7170 
8 1421 1237 1067 1281 5235 7171 6013 7152 
8 1881 1776 1708 1759 3050 7172 7173 4280 
8 2041 1923 1880 1770 4206 6822 6977 6892 
8 2453 2372 2326 2261 6863 6886 7125 7063 
8 2591 2483 2462 2521 3637 4196 7174 2923 
8 2516 2530 2612 2558 6938 7116 6796 6565 
8 1996 2084 2041 1944 7103 4207 6891 3899 
8 2448 2382 2361 2274 3219 7175 7176 6697 
8 1509 1335 1166 1371 7177 7178 6846 7179 
8 2611 2659 2712 2688 7161 7180 7181 6948 
8 1542 1589 1719 1612 5604 6191 7182 2935 
8 2142 2083 2130 2208 7183 3963 7184 7168 
8 2323 2256 2441 2390 6295 7185 7186 6874 
8 2290 2356 2438 2411 7187 6220 7031 6409 
8 2268 2402 2417 2357 3685 7123 4946 7052 
8 1240 1327 1431 1341 4995 5650 7188 5690 
8 2537 2473 2429 2372 7047 6801 6887 6866 
8 2688 2712 2753 2733 7181 7189 3912 6947 
8 2767 2759 2792 2776 2819 7190 3502 3218 
8 2316 2411 2484 2425 6410 7030 6939 3180 
8 506 724 606 502 7170 7191 7192 7193 
8 856 1048 1083 961 7194 7195 7196 6434 
8 1951 1950 2088 1995 6839 6792 6859 7046 
8 2369 2460 2550 2503 6553 7197 7198 6607 
8 2596 2606 2550 2580 2831 7199 7200 6567 
8 2373 2435 2509 2482 3580 4555 6997 7138 
8 2685 2662 2661 2684 4275 3774 7041 5144 
8 2222 2131 2356 2290 6857 6228 7187 7096 
8 2196 2242 2335 2256 6703 7201 7202 6294 
8 2605 2529 2477 2590 2824 4162 7203 7092 
8 2190 2189 2115 2121 7204 7146 7205 6800 
8 1372 1511 1686 1606 7206 4125 7134 3886 
8 1769 1938 2054 1891 4356 4189 7207 3335 
8 1692 1727 1897 1770 6379 6229 6890 6979 
8 1786 1757 1680 1842 6868 7208 7209 5955 
8 2551 2521 2462 2507 6964 7174 7122 6730 
8 1556 1557 1414 1467 3117 7210 7211 5446 
8 821 880 1048 856 7212 7213 7194 7214 
8 1341 1431 1591 1504 7188 5810 7133 6953 
8 2027 1923 2083 2142 6823 4205 7183 7126 
8 2287 2203 2395 2334 7215 7163 7216 7217 
8 2366 2268 2250 2251 3686 7051 7218 7219 
8 2503 2550 2606 2587 7198 7199 7220 6986 
8 1048 1145 1243 1083 7221 7222 6640 7195 
8 2604 2560 2526 2473 3980 6755 6802 7049 
8 537 730 944 848 7223 7017 7224 7225 
8 2334 2395 2491 2460 7216 3182 7226 6552 
8 2587 2606 2674 2657 7220 2834 7227 6983 
8 2484 2475 2578 2530 7029 3057 7117 6940 
8 2593 2657 2699 2664 6980 7228 7005 7229 
8 1786 1858 1948 1833 5954 4667 3862 6869 
8 2695 2699 2657 2674 6638 7228 7227 2981 
8 2157 2080 1961 2026 7110 3589 4540 3053 
8 2460 2491 2580 2550 7226 3189 7200 7197 
8 2272 2284 2362 2333 3044 6679 3513 2894 
8 2589 2527 2553 2582 5305 3650 4315 7165 
8 2158 2156 2292 2203 7140 7094 7164 7230 
8 1283 1165 961 1083 7231 7232 7196 6643 
8 2119 2120 2247 2188 7038 7233 6830 5493 
8 2230 2145 2274 2361 7105 7136 7176 7118 
8 525 669 929 747 7234 7235 7236 6814 
8 1763 1640 1442 1590 7154 4818 6612 5567 
8 2081 1995 2222 2156 7043 6858 7095 7143 
8 2623 2552 2571 2622 7237 4913 4052 3772 
8 860 1039 1150 964 7238 4310 7239 5070 
8 2161 2160 1993 2116 6701 7240 6914 6861 
8 1612 1719 1876 1830 7182 2903 6841 5909 
8 2593 2659 2576 2513 7241 7160 6225 6981 
8 2672 2632 2616 2624 7101 5821 7242 7073 
8 929 879 1126 1031 7243 7162 7244 7245 
8 2581 2525 2432 2492 7246 6681 7247 6271 
8 2366 2251 2189 2309 7219 7147 7248 7006 
8 2364 2384 2319 2294 4338 7249 6835 5556 
8 1876 1774 2030 1950 2902 3162 6793 6842 
8 1140 959 749 940 7250 6362 7251 7252 
8 1242 1428 1464 1329 7253 4658 4001 5013 
8 2203 2287 2061 2158 7215 7254 7255 7230 
8 2553 2463 2424 2470 3649 7256 7076 4313 
8 1750 1572 1439 1623 7167 5365 6925 6945 
8 452 644 831 610 5545 6210 7257 7258 
8 1049 1135 1334 1180 4957 7259 7056 7260 
8 2012 2021 2158 2061 6927 7141 7255 6862 
8 2300 2259 2208 2130 7089 6677 7184 7120 
8 19 602 409 18 7261 7262 7263 68 
8 1270 1421 1595 1451 5236 7151 6878 7264 
8 2369 2441 2256 2335 6606 7185 7202 6554 
8 880 946 1145 1048 6305 5294 7221 7213 
8 1954 1855 2081 2021 2940 7044 7142 6929 
8 2184 2025 1940 2115 6752 4224 7265 7149 
8 1711 1686 1569 1765 7135 4124 7266 3903 
8 1834 1614 1702 1773 7267 3844 7011 7035 
8 1773 1912 1936 1848 7010 5027 7268 7036 
8 2161 2061 2287 2242 6860 7254 7269 6702 
8 2525 2581 2624 2616 7246 6757 7242 7081 
8 1140 940 841 985 7252 5876 7270 7271 
8 959 1140 1336 1161 7250 7272 7273 7274 
8 2588 2515 2421 2508 7275 7276 7277 6683 
8 311 312 412 625 361 7278 7279 7280 
8 1790 1830 1951 1855 5910 6840 7045 2939 
8 2160 2247 2120 1993 6825 7233 5900 7240 
8 2492 2432 2414 2382 7247 5332 7281 3222 
8 1799 1695 1527 1644 7108 7282 7129 6555 
8 1073 1105 939 1000 7283 7284 7285 3194 
8 1461 1560 1721 1675 7286 2937 6788 7022 
8 2522 2538 2591 2574 3880 3638 2922 3135 
8 1599 1678 1838 1709 7287 7288 4552 7289 
8 2467 2532 2390 2441 6223 7115 7186 6609 
8 1333 1514 1600 1422 7290 7291 6769 7292 
8 638 821 856 932 7293 7214 6433 7294 
8 2363 2243 2136 2272 7295 7296 3045 2893 
8 2648 2594 2515 2588 5574 5655 7275 7082 
8 2505 2413 2319 2463 7297 6836 7298 3648 
8 1515 1437 1436 1468 5759 3544 6920 4167 
8 2727 2691 2677 2632 7299 6690 5822 7102 
8 2363 2285 2154 2243 4060 7300 7159 7295 
8 2640 2653 2689 2673 3982 4032 2849 7077 
8 1963 1962 1884 1811 3063 3146 6907 6937 
8 1077 1124 1289 1222 4751 5368 7301 5207 
8 1296 1224 1031 1126 6961 7302 7244 6585 
8 1514 1680 1757 1600 7303 7208 7304 7291 
8 1691 1806 1954 1878 7155 2941 6928 6650 
8 1932 1962 2087 2028 3147 3066 7305 4531 
8 2244 2118 2117 2133 7306 7307 5592 7308 
8 2508 2421 2401 2314 7277 6708 7156 5334 
8 2464 2451 2402 2416 7309 7124 3684 6971 
8 1222 1289 1471 1412 7301 2931 6665 5550 
8 2746 2741 2735 2691 7310 3540 6691 7311 
8 720 831 1052 881 7312 6212 7313 5430 
8 2483 2496 2451 2464 3640 3671 7309 4197 
8 2706 2676 2641 2594 7314 2835 5656 5577 
8 1030 956 885 744 6485 2909 4836 7315 
8 2623 2557 2470 2552 7100 4314 7075 7237 
8 510 669 525 450 7316 7234 7111 7317 
8 1096 974 786 899 6583 7071 7013 3212 
8 498 618 838 672 7318 7319 7055 5870 
8 1475 1474 1383 1269 6092 6286 5692 7093 
8 2185 2201 2277 2137 5323 3604 4262 7320 
8 2334 2335 2242 2287 6551 7201 7269 7217 
8 1336 1140 985 1181 7272 7271 7321 5370 
8 2286 2218 2154 2285 4297 4075 7300 6943 
8 1650 1649 1564 1474 5896 6438 6287 6095 
8 1536 1625 1765 1569 4429 4502 7266 4894 
8 1834 1983 2033 1889 7034 7322 3280 7323 
8 1425 1233 1232 1266 7324 7325 3449 6146 
8 1128 1333 1422 1226 7326 7292 7327 7328 
8 2461 2507 2392 2412 6727 7121 6669 6876 
8 2295 2244 2133 2294 5321 7308 5557 6838 
8 836 933 1136 986 5595 7329 5376 5292 
8 1909 1845 1674 1752 6444 7330 6618 6832 
8 1429 1243 1236 1270 6641 7331 5237 7332 
8 1984 2054 2192 2124 7333 4191 6647 4243 
8 2248 2309 2189 2190 6717 7248 7204 5495 
8 1237 1136 968 1067 5374 7334 7335 7171 
8 2300 2361 2382 2414 7119 7175 7281 7090 
8 2251 2250 2065 2184 7218 3598 6753 7148 
8 601 830 637 453 7336 7337 5486 7338 
8 1158 1295 1419 1358 6581 7339 7083 5264 
8 721 839 1055 953 7340 5345 7341 4845 
8 2504 2430 2322 2388 3488 7342 4058 7150 
8 2384 2424 2463 2319 7099 7256 7298 7249 
8 1463 1352 1165 1283 7131 7343 7231 6646 
8 1152 1029 953 1055 7344 7345 7341 7346 
8 1254 1412 1560 1461 5551 6664 7286 6471 
8 2243 2079 2028 2136 7158 4532 7347 7296 
8 2220 2136 2028 2087 3046 7347 7305 7128 
8 2691 2727 2755 2746 7299 3397 3768 7311 
8 1875 1769 1683 1754 4357 3334 7348 4725 
8 2676 2706 2735 2730 7314 6692 3539 2839 
8 1226 1035 932 1128 7349 7350 6436 7328 
8 2118 1936 2059 2117 7351 5026 6370 7307 
8 1362 1598 1677 1469 7352 7353 7354 5372 
8 2639 2646 2561 2621 2913 7145 6963 6805 
8 2741 2746 2783 2761 7310 3771 7355 2830 
8 1505 1441 1423 1252 7356 7357 7358 7359 
8 955 1120 1308 1173 4565 5891 7360 6425 
8 1035 840 638 932 7361 7362 7294 7350 
8 1934 2007 2123 1981 6037 4996 7363 6975 
8 934 738 529 748 4802 7364 7365 7366 
8 851 930 1094 957 6660 6298 6527 6488 
8 1462 1641 1766 1592 7085 3920 7367 4103 
8 1287 1181 985 1127 7368 7321 7369 5538 
8 1132 1261 1418 1244 7370 6900 7371 7372 
8 1179 1328 1476 1382 6922 5262 7373 5648 
8 1602 1753 1840 1679 5362 7374 7375 7376 
8 2664 2712 2659 2593 7377 7180 7241 7229 
8 2761 2783 2793 2786 7355 3802 3157 7033 
8 1127 985 841 945 7369 7270 7378 5826 
8 1605 1429 1270 1451 6644 7332 7264 4469 
8 2118 1999 1848 1936 7379 7380 7268 7351 
8 725 528 749 935 7381 7382 6361 7383 
8 1614 1834 1889 1753 7267 7323 7384 5361 
8 1486 1419 1295 1173 7385 7339 6426 7386 
8 1566 1266 1373 1453 6147 3448 6911 5449 
8 1870 1843 1734 1918 6726 7387 7388 3610 
8 2321 2413 2505 2433 7106 7297 7032 7389 
8 2716 2753 2712 2664 2821 7189 7377 7004 
8 1180 1427 1513 1332 7059 7390 7391 7392 
8 2121 2115 1940 2055 7205 7265 6810 5117 
8 1510 1287 1182 1423 7393 5537 7394 7395 
8 820 726 500 623 7396 6001 7397 5933 
8 831 720 503 610 7312 5638 7398 7257 
8 1030 1129 1290 1225 7399 5832 7400 6486 
8 1105 1073 1278 1170 7283 2978 7401 7402 
8 959 1161 1284 1134 7274 5539 4465 6363 
8 1252 1423 1182 1057 7358 7394 5583 6636 
8 1977 1911 1798 1980 6880 6918 7109 6744 
8 2449 2415 2322 2430 4336 6941 7342 6913 
8 1233 988 1153 1232 7403 6115 7404 7325 
8 2785 2792 2759 2782 3138 7190 6448 3855 
8 1699 1783 1918 1734 6040 3705 7388 6934 
8 1371 1535 1655 1509 7405 6932 7406 7179 
8 25 617 432 24 7407 5408 7408 74 
8 510 613 833 669 7409 7410 7411 7316 
8 1564 1563 1384 1477 6437 3338 7412 6288 
8 1917 1838 1708 1776 4551 7413 7172 3636 
8 2019 1875 1789 1932 4354 4724 3148 4530 
8 1803 1762 1619 1843 6667 7414 7415 6725 
8 1337 1163 960 1141 4132 7416 7417 7418 
8 1430 1227 1138 1338 5023 7419 6602 7420 
8 1243 1145 986 1236 7222 5293 5375 7331 
8 1545 1565 1419 1486 6316 7084 7385 6166 
8 1353 1602 1679 1516 6251 7376 7421 6993 
8 507 673 529 449 7422 7423 7424 7425 
8 544 674 846 642 7426 4705 7427 7428 
8 863 1138 1227 1041 7429 7419 7430 7431 
8 2244 2185 1999 2118 5324 7432 7379 7306 
8 935 1134 1228 1038 6364 4464 7433 7434 
8 940 749 528 737 7251 7382 7435 5877 
8 1517 1334 1163 1348 7057 7436 4131 3872 
8 1477 1384 1170 1278 7412 3317 7401 2997 
8 1225 1290 1467 1414 7400 2947 7211 6637 
8 879 929 669 833 7243 7235 7411 5667 
8 108 109 618 498 158 7437 7318 5247 
8 1033 835 881 1032 7438 5431 7439 6991 
8 1759 1708 1531 1685 7173 7440 7441 4345 
8 1655 1734 1843 1619 6931 7387 7415 7442 
8 1334 1135 960 1163 7259 7443 7416 7436 
8 601 315 316 496 7444 365 7445 7446 
8 598 496 316 317 7447 7445 366 6518 
8 9 497 511 8 7025 7448 7449 58 
8 968 1031 1224 1067 7450 7302 6014 7335 
8 673 842 1000 939 7451 6482 7285 7452 
8 1428 1242 1059 1255 7253 4794 6895 4105 
8 1685 1531 1348 1508 7441 3873 4130 7453 
8 946 822 671 836 6304 5816 5596 5291 
8 2075 2033 1983 2093 6035 7322 7454 6219 
8 1913 1756 1640 1831 5806 4819 7153 6688 
8 2477 2421 2515 2590 6709 7276 5654 7203 
8 2054 1984 1800 1891 7333 7455 7061 7207 
8 1136 933 747 968 7329 6815 7456 7334 
8 505 504 612 727 7457 7458 5559 6994 
8 1680 1514 1352 1527 7303 7459 7130 7460 
8 1849 1978 2122 2002 7107 7088 6247 6785 
8 1033 857 636 835 6951 5698 7065 7438 
8 728 947 1050 823 6056 7461 5859 7462 
8 1038 824 725 935 7463 7464 7383 7434 
8 1333 1128 961 1165 7326 6435 7232 7465 
8 2079 2078 1938 2019 7157 4190 4355 4533 
8 435 624 742 632 7466 4986 7467 4423 
8 2737 2715 2686 2731 6540 5170 6831 3720 
8 1332 1154 1049 1180 5253 7468 7260 7392 
8 1568 1619 1762 1537 7469 7414 7470 7471 
8 2312 2255 2135 2265 6656 3968 6707 3754 
8 1557 1505 1252 1414 6572 7359 6635 7210 
8 1359 1486 1173 1308 6164 7386 7360 3285 
8 733 600 410 532 6347 7472 7473 7474 
8 2628 2592 2547 2618 6568 5796 6893 3646 
8 1282 1183 969 1087 6096 3575 6903 5956 
8 1990 1920 1785 1985 6133 3918 6063 3740 
8 1335 1509 1568 1424 7177 7475 7476 7477 
8 928 1028 1219 1129 6950 4630 5833 7478 
8 1838 1678 1531 1708 7288 3874 7440 7413 
8 499 402 683 524 7479 3258 7480 6419 
8 426 619 674 544 7481 6967 7426 7482 
8 1601 1510 1423 1441 7483 7395 7357 7484 
8 1106 897 757 966 6351 7485 7068 3236 
8 1754 1601 1441 1611 7486 7484 7487 4723 
8 880 821 606 724 7212 7488 7191 6306 
8 1508 1337 1241 1420 4129 7489 3319 7490 
8 682 801 629 630 4395 4217 5031 3407 
8 2191 2125 2048 2169 6237 3944 6537 3366 
8 611 403 221 222 7491 7492 271 7493 
8 1362 1510 1601 1598 7494 7483 7495 7352 
8 1181 1287 1510 1362 7368 7393 7494 5371 
8 2466 2418 2321 2433 6778 3606 7389 6789 
8 600 115 116 410 7496 165 7497 7472 
8 1244 1418 1417 1338 7371 6998 7498 6601 
8 1036 834 670 931 5512 6999 5480 7039 
8 1863 1840 1753 1889 6038 7374 7384 3283 
8 1619 1568 1509 1655 7469 7475 7406 7442 
8 1572 1457 1382 1476 7166 5809 7373 5366 
8 1426 1238 1086 1285 7499 7500 4849 7501 
8 845 639 536 739 7502 7503 7504 4847 
8 1835 1682 1599 1709 7113 7505 7289 3669 
8 731 534 409 602 7064 7506 7262 5639 
8 15 608 415 14 7507 7508 7509 64 
8 526 557 779 634 3310 4081 7510 5838 
8 637 830 1053 855 7337 7511 5908 4408 
8 942 818 732 786 5479 6777 7014 7070 
8 1754 1683 1598 1601 7348 7512 7495 7486 
8 1169 966 1146 1319 3237 7067 7513 4606 
8 823 605 501 728 6529 7514 6348 7462 
8 604 219 220 509 7515 269 7516 7517 
8 1356 1469 1677 1536 7518 7354 4430 4896 
8 1842 1680 1527 1695 7209 7460 7282 6954 
8 1337 1141 984 1241 7418 7519 7520 7489 
8 1149 1032 881 1052 7018 7439 7313 7144 
8 676 844 1054 882 7521 7522 6116 7523 
8 634 779 994 930 7510 3022 6299 6661 
8 1626 1446 1600 1757 6956 6770 7304 6867 
8 418 620 741 542 7524 5403 7525 4935 
8 1226 1132 1034 1035 7526 7527 7528 7349 
8 939 748 529 673 7529 7365 7423 7452 
8 887 919 709 794 6430 6711 7530 3762 
8 947 840 1035 1034 6055 7361 7528 7531 
8 1514 1333 1165 1352 7290 7465 7343 7459 
8 2060 1921 1916 1961 6817 3667 4541 3588 
8 603 506 118 119 7169 7532 168 7533 
8 1678 1599 1427 1517 7287 7534 7058 3875 
8 1247 1343 1511 1372 7087 4324 7206 4101 
8 2093 1983 1848 1999 7454 7037 7380 7535 
8 215 615 413 214 7536 7537 7538 264 
8 1340 1166 964 1150 6843 7539 7239 3940 
8 1133 1335 1424 1230 7540 7477 7541 7542 
8 1685 1508 1420 1604 7453 7490 3340 4344 
8 950 828 729 837 5275 7543 4804 7544 
8 605 113 114 501 7545 163 7546 7514 
8 600 501 114 115 6349 7546 164 7496 
8 747 929 1031 968 7236 7245 7450 7456 
8 1676 1596 1435 1506 7060 7547 4780 6987 
8 521 627 844 676 7548 7549 7521 7550 
8 449 529 738 599 7424 7364 7551 7552 
8 1039 845 953 1029 7553 4846 7345 4308 
8 709 650 465 570 6710 7554 7555 7556 
8 945 841 726 820 7378 5875 7396 5718 
8 599 319 320 449 7080 369 7557 7552 
8 570 401 794 709 5626 3790 7530 7556 
8 603 119 120 431 7533 169 7558 5815 
8 607 431 120 121 5753 7558 170 7559 
8 1712 1687 1592 1766 5998 4657 7367 4184 
8 746 899 524 683 3213 7012 7480 3271 
8 2137 2093 1999 2185 6217 7535 7432 7320 
8 1354 1513 1682 1533 7560 7561 7114 6989 
8 1988 1919 1800 1984 5772 4504 7455 4242 
8 849 987 1146 948 5185 7562 7066 5056 
8 987 1230 1319 1146 7563 7564 7513 7562 
8 610 503 20 21 7398 7565 70 7566 
8 824 604 509 725 6764 7517 7567 7464 
8 951 1133 1230 987 5072 7542 7563 5184 
8 840 733 532 638 6054 7474 7568 7362 
8 1038 937 722 824 7569 5343 6765 7463 
8 608 15 16 505 7507 65 7570 6996 
8 602 19 20 503 7261 69 7565 5637 
8 607 121 122 450 7559 171 7571 7112 
8 507 622 842 673 7572 7573 7451 7422 
8 609 111 112 451 7574 161 7575 7576 
8 605 451 112 113 6531 7575 162 7545 
8 1053 830 667 949 7511 7577 5276 7578 
8 1041 832 668 863 7579 7580 5861 7431 
8 604 443 218 219 6767 7581 268 7515 
8 952 740 537 848 4704 7582 7225 4545 
8 1141 960 837 934 7417 7583 4803 7584 
8 1141 934 748 984 7584 7366 7585 7519 
8 502 606 532 410 7192 7586 7473 7587 
8 613 510 123 124 7409 7588 173 7589 
8 1102 765 876 979 6059 4694 6352 4656 
8 1132 1226 1422 1261 7526 7327 6768 7370 
8 616 313 314 453 7590 363 7591 5485 
8 601 453 314 315 7338 7591 364 7444 
8 618 109 110 419 7437 159 7592 7593 
8 609 419 110 111 6504 7592 160 7574 
8 613 124 125 465 7589 174 7594 7595 
8 610 21 22 452 7566 71 7596 7258 
8 614 452 22 23 5546 7596 72 7597 
8 570 465 125 126 7555 7594 175 5627 
8 744 928 1129 1030 4359 7478 7399 7315 
8 737 528 403 611 7435 7598 7491 6002 
8 1469 1356 1161 1336 7518 5540 7273 5373 
8 1682 1513 1427 1599 7561 7390 7534 7505 
8 843 734 412 616 7599 7600 7601 5487 
8 465 650 833 613 7554 5664 7410 7595 
8 1148 1050 947 1034 7602 7461 7531 7603 
8 739 536 413 615 7504 7604 7537 5683 
8 1268 1430 1523 1436 5024 7605 6919 3547 
8 1037 865 642 846 6902 3917 7427 4231 
8 28 402 499 27 3485 7479 7606 77 
8 1736 1677 1598 1683 4427 7353 7512 3337 
8 508 839 721 515 7607 7340 5682 7608 
8 863 1050 1148 1138 5860 7602 6603 7429 
8 1029 1152 1330 1245 7344 4353 7042 4309 
8 1718 1611 1441 1505 3129 7487 7356 6571 
8 615 215 216 515 7536 265 7609 5681 
8 832 609 451 668 6501 7576 6530 7580 
8 1170 1241 984 1105 3316 7520 7610 7402 
8 1039 860 639 845 7238 6521 7502 7553 
8 943 1041 1227 1069 7611 7430 5025 7612 
8 521 676 541 422 7550 7613 4079 7614 
8 544 642 847 621 7428 3916 4347 7615 
8 1717 1689 1674 1845 5618 7616 7330 6596 
8 626 536 639 826 7617 7503 6520 6209 
8 796 698 541 761 7618 4080 7619 7620 
8 937 1038 1228 1084 7569 7433 7086 7621 
8 1484 1319 1230 1424 4607 7564 7541 7622 
8 1523 1430 1338 1417 7605 7420 7498 4009 
8 614 23 24 432 7597 73 7408 7000 
8 825 723 520 596 7623 7624 6811 5872 
8 2076 2058 1981 2123 6705 3704 7363 3558 
8 1248 1332 1513 1354 5254 7391 7560 7020 
8 622 507 321 322 7572 7625 371 7626 
8 783 645 460 562 3079 7627 7628 5260 
8 1535 1679 1840 1699 7629 7375 6041 6933 
8 426 544 621 497 7482 7615 7630 7027 
8 1135 950 837 960 4956 7544 7583 7443 
8 944 1046 1229 1131 7016 4772 6481 7631 
8 1689 1608 1507 1674 6742 4007 6619 7616 
8 623 500 223 224 7397 7632 273 7633 
8 698 796 883 646 7618 6398 3083 3828 
8 611 222 223 500 7493 272 7632 6000 
8 1244 1148 1034 1132 6600 7603 7527 7372 
8 1426 1344 1085 1238 6957 7634 5103 7499 
8 1105 984 748 939 7610 7585 7529 7284 
8 647 765 908 705 4695 6058 4401 3678 
8 504 409 534 612 7635 7506 6029 7458 
8 606 821 638 532 7488 7293 7568 7586 
8 8 511 624 7 7449 4984 7636 57 
8 518 736 785 565 4937 7637 3481 7638 
8 1371 1516 1679 1535 6845 7421 7629 7405 
8 1154 1053 949 1049 5906 7578 4958 7468 
8 839 508 443 722 7607 7639 6766 5342 
8 1425 1299 1078 1233 4371 2990 7640 7324 
8 1152 1055 937 1084 7346 5344 7621 4351 
8 829 730 415 608 7015 7641 7508 6995 
8 617 25 26 517 7407 75 7642 6776 
8 221 403 509 220 7492 7643 7516 270 
8 1042 889 723 825 3067 7644 7623 7645 
8 1041 943 640 832 7611 7646 6502 7579 
8 11 619 426 10 7647 7481 7026 60 
8 675 519 513 626 5402 7648 7649 6208 
8 116 117 502 410 166 7650 7587 7497 
8 616 412 312 313 7601 7278 362 7590 
8 542 757 897 736 7651 7485 7652 4936 
8 619 11 12 514 7647 61 7653 6968 
8 1235 1040 855 1139 7654 4409 5907 7655 
8 620 211 212 519 7656 261 7657 5401 
8 1234 1051 943 1069 5651 7658 7612 3660 
8 1537 1484 1424 1568 5482 7622 7476 7471 
8 117 118 506 502 167 7532 7193 7650 
8 17 18 409 504 67 7263 7635 7659 
8 827 625 412 734 7660 7279 7600 7661 
8 1040 936 734 843 7662 7663 7599 4410 
8 509 403 528 725 7643 7598 7381 7567 
8 105 106 520 429 155 6812 7664 6131 
8 761 868 992 796 4518 7665 6399 7620 
8 497 621 677 511 7630 4346 4985 7448 
8 542 741 948 757 7525 5057 7069 7651 
8 1233 1078 868 988 7640 7666 4517 7403 
8 17 504 505 16 7659 7457 7570 66 
8 620 418 210 211 7524 7667 260 7656 
8 1825 1761 1760 1869 4212 6190 6906 4626 
8 1335 1133 964 1166 7540 5071 7539 7178 
8 322 323 460 622 372 7668 7669 7626 
8 828 667 496 598 5277 7670 7447 7671 
8 944 1131 971 848 7631 5433 4546 7224 
8 460 645 842 622 7627 6483 7573 7669 
8 1522 1426 1285 1435 6958 7501 4781 7672 
8 1089 992 868 1078 4739 7665 7666 2989 
8 740 514 512 537 6966 7673 7674 7582 
8 122 123 510 450 172 7588 7317 7571 
8 218 443 508 217 7581 7639 7675 267 
8 623 224 225 444 7633 274 5920 5931 
8 828 598 405 729 7671 6517 7676 7543 
8 838 618 419 640 7319 7593 6503 7677 
8 627 309 310 516 7678 359 7679 7680 
8 625 516 310 311 7681 7679 360 7280 
8 562 460 323 324 7628 7668 373 5169 
8 1710 1684 1537 1762 4498 5483 7470 6666 
8 827 651 516 625 5469 7682 7681 7660 
8 936 1040 1235 1086 7662 7654 4850 7683 
8 738 729 405 599 4805 7676 7079 7551 
8 1607 1522 1435 1596 6910 7672 7547 3425 
8 320 321 507 449 370 7625 7425 7557 
8 217 508 515 216 7675 7608 7609 266 
8 1345 1235 1139 1248 4848 7655 5255 7019 
8 1051 838 640 943 7053 7677 7646 7658 
8 830 601 496 667 7336 7446 7670 7577 
8 1045 827 734 936 5467 7661 7663 7684 
8 14 415 512 13 7509 7685 7686 63 
8 1042 825 672 866 7645 5871 7054 3524 
8 876 785 736 897 4693 7637 7652 6353 
8 938 850 632 742 2926 7687 7467 3930 
8 513 413 536 626 7688 7604 7617 7649 
8 520 723 547 429 7624 7689 3989 7664 
8 627 521 308 309 7548 7690 358 7678 
8 723 889 782 547 7644 3073 7691 7689 
8 844 627 516 651 7549 7680 7682 7692 
8 882 761 541 676 4519 7619 7613 7523 
8 213 214 413 513 263 7538 7688 7693 
8 1232 1153 1085 1344 7404 7694 7634 3446 
8 13 512 514 12 7686 7673 7653 62 
8 1054 844 651 870 7522 7692 5468 7695 
8 1153 1054 870 1085 6114 7695 5104 7694 
8 415 730 537 512 7641 7223 7674 7685 
8 52 1 103 459 102 152 7696 5068 
8 26 27 499 517 76 7606 6418 7642 
8 213 513 519 212 7693 7648 7657 262 
8 1238 1045 936 1086 5102 7684 7683 7500 
8 6 7 624 435 56 7636 7466 7697 
8 628 459 103 104 3249 7696 153 6132 
8 209 518 565 208 7698 7638 4107 258 
8 631 743 547 782 4005 3990 7691 3345 
8 523 4 5 458 7699 54 7700 3109 
8 307 308 521 422 357 7690 7614 3847 
8 210 418 518 209 7667 4934 7698 259 
8 702 633 632 850 3560 4424 7687 2952 
8 349 0 4 523 399 53 7699 4951 
8 6 435 458 5 7697 4422 7700 55 
CELL_TYPES 2500 
23  
23  
23  
23  
23  
23  
23  
23  
23  
23  
23  
23  
23  
23  
23  
23  
23  
23  
23  
23  
23  
23  
23  
23  
23  
23  
23  
23  
23  
23  
23  
23  
23  
23  
23  
23  
23  
23  
23  
23  
23  
23  
23  
23  
23  
23  
23  
23  
23  
23  
23  
23  
23  
23  
23  
23  
23  
23  
23  
23  
23  
23  
23  
23  
23  
23  
23  
23  
23  
23  
23  
23  
23  
23  
23  
23  
23  
23  
23  
23  
23  
23  
23  
23  
23  
23  
23  
23  
23  
23  
23  
23  
23  
23  
23  
23  
23  
23  
23  
23  
23  
23  
23  
23  
23  
23  
23  
23  
23  
23  
23  
23  
23  
23  
23  
23  
23  
23  
23  
23  
23  
23  
23  
23  
23  
23  
23  
23  
23  
23  
23  
23  
23  
23  
23  
23  
23  
23  
23  
23  
23  
23  
23  
23  
23  
23  
23  
23  
23  
23  
23  
23  
23  
23  
23  
23  
23  
23  
23  
23  
23  
23  
23  
23  
23  
23  
23  
23  
23  
23  
23  
23  
23  
23  
23  
23  
23  
23  
23  
23  
23  
23  
23  
23  
23  
23  
23  
23  
23  
23  
23  
23  
23  
23  
23  
23  
23  
23  
23  
23  
23  
23  
23  
23  
23  
23  
23  
23  
23  
23  
23  
23  
23  
23  
23  
23  
23  
23  
23  
23  
23  
23  
23  
23  
23  
23  
23  
23  
23  
23  
23  
23  
23  
23  
23  
23  
23  
23  
23  
23  
23  
23  
23  
23  
23  
23  
23  
23  
23  
23  
23  
23  
23  
23  
23  
23  
23  
23  
23  
23  
23  
23  
23  
23  
23  
23  
23  
23  
23  
23  
23  
23  
23  
23  
23  
23  
23  
23  
23  
23  
23  
23  
23  
23  
23  
23  
23  
23  
23  
23  
23  
23  
23  
23  
23  
23  
23  
23  
23  
23  
23  
23  
23  
23  
23  
23  
23  
23  
23  
23  
23  
23  
23  
23  
23  
23  
23  
23  
23  
23  
23  
23  
23  
23  
23  
23  
23  
23  
23  
23  
23  
23  
23  
23  
23  
23  
23  
23  
23  
23  
23  
23  
23  
23  
23  
23  
23  
23  
23  
23  
23  
23  
23  
23  
23  
23  
23  
23  
23  
23  
23  
23  
23  
23  
23  
23  
23  
23  
23  
23  
23  
23  
23  
23  
23  
23  
23  
23  
23  
23  
23  
23  
23  
23  
23  
23  
23  
23  
23  
23  
23  
23  
23  
23  
23  
23  
23  
23  
23  
23  
23  
23  
23  
23  
23  
23  
23  
23  
23  
23  
23  
23  
23  
23  
23  
23  
23  
23  
23  
23  
23  
23  
23  
23  
23  
23  
23  
23  
23  
23  
23  
23  
23  
23  
23  
23  
23  
23  
23  
23  
23  
23  
23  
23  
23  
23  
23  
23  
23  
23  
23  
23  
23  
23  
23  
23  
23  
23  
23  
23  
23  
23  
23  
23  
23  
23  
23  
23  
23  
23  
23  
23  
23  
23  
23  
23  
23  
23  
23  
23  
23  
23  
23  
23  
23  
23  
23  
23  
23  
23  
23  
23  
23  
23  
23  
23  
23  
23  
23  
23  
23  
23  
23  
23  
23  
23  
23  
23  
23  
23  
23  
23  
23  
23  
23  
23  
23  
23  
23  
23  
23  
23  
23  
23  
23  
23  
23  
23  
23  
23  
23  
23  
23  
23  
23  
23  
23  
23  
23  
23  
23  
23  
23  
23  
23  
23  
23  
23  
23  
23  
23  
23  
23  
23  
23  
23  
23  
23  
23  
23  
23  
23  
23  
23  
23  
23  
23  
23  
23  
23  
23  
23  
23  
23  
23  
23  
23  
23  
23  
23  
23  
23  
23  
23  
23  
23  
23  
23  
23  
23  
23  
23  
23  
23  
23  
23  
23  
23  
23  
23  
23  
23  
23  
23  
23  
23  
23  
23  
23  
23  
23  
23  
23  
23  
23  
23  
23  
23  
23  
23  
23  
23  
23  
23  
23  
23  
23  
23  
23  
23  
23  
23  
23  
23  
23  
23  
23  
23  
23  
23  
23  
23  
23  
23  
23  
23  
23  
23  
23  
23  
23  
23  
23  
23  
23  
23  
23  
23  
23  
23  
23  
23  
23  
23  
23  
23  
23  
23  
23  
23  
23  
23  
23  
23  
23  
23  
23  
23  
23  
23  
23  
23  
23  
23  
23  
23  
23  
23  
23  
23  
23  
23  
23  
23  
23  
23  
23  
23  
23  
23  
23  
23  
23  
23  
23  
23  
23  
23  
23  
23  
23  
23  
23  
23  
23  
23  
23  
23  
23  
23  
23  
23  
23  
23  
23  
23  
23  
23  
23  
23  
23  
23  
23  
23  
23  
23  
23  
23  
23  
23  
23  
23  
23  
23  
23  
23  
23  
23  
23  
23  
23  
23  
23  
23  
23  
23  
23  
23  
23  
23  
23  
23  
23  
23  
23  
23  
23  
23  
23  
23  
23  
23  
23  
23  
23  
23  
23  
23  
23  
23  
23  
23  
23  
23  
23  
23  
23  
23  
23  
23  
23  
23  
23  
23  
23  
23  
23  
23  
23  
23  
23  
23  
23  
23  
23  
23  
23  
23  
23  
23  
23  
23  
23  
23  
23  
23  
23  
23  
23  
23  
23  
23  
23  
23  
23  
23  
23  
23  
23  
23  
23  
23  
23  
23  
23  
23  
23  
23  
23  
23  
23  
23  
23  
23  
23  
23  
23  
23  
23  
23  
23  
23  
23  
23  
23  
23  
23  
23  
23  
23  
23  
23  
23  
23  
23  
23  
23  
23  
23  
23  
23  
23  
23  
23  
23  
23  
23  
23  
23  
23  
23  
23  
23  
23  
23  
23  
23  
23  
23  
23  
23  
23  
23  
23  
23  
23  
23  
23  
23  
23  
23  
23  
23  
23  
23  
23  
23  
23  
23  
23  
23  
23  
23  
23  
23  
23  
23  
23  
23  
23  
23  
23  
23  
23  
23  
23  
23  
23  
23  
23  
23  
23  
23  
23  
23  
23  
23  
23  
23  
23  
23  
23  
23  
23  
23  
23  
23  
23  
23  
23  
23  
23  
23  
23  
23  
23  
23  
23  
23  
23  
23  
23  
23  
23  
23  
23  
23  
23  
23  
23  
23  
23  
23  
23  
23  
23  
23  
23  
23  
23  
23  
23  
23  
23  
23  
23  
23  
23  
23  
23  
23  
23  
23  
23  
23  
23  
23  
23  
23  
23  
23  
23  
23  
23  
23  
23  
23  
23  
23  
23  
23  
23  
23  
23  
23  
23  
23  
23  
23  
23  
23  
23  
23  
23  
23  
23  
23  
23  
23  
23  
23  
23  
23  
23  
23  
23  
23  
23  
23  
23  
23  
23  
23  
23  
23  
23  
23  
23  
23  
23  
23  
23  
23  
23  
23  
23  
23  
23  
23  
23  
23  
23  
23  
23  
23  
23  
23  
23  
23  
23  
23  
23  
23  
23  
23  
23  
23  
23  
23  
23  
23  
23  
23  
23  
23  
23  
23  
23  
23  
23  
23  
23  
23  
23  
23  
23  
23  
23  
23  
23  
23  
23  
23  
23  
23  
23  
23  
23  
23  
23  
23  
23  
23  
23  
23  
23  
23  
23  
23  
23  
23  
23  
23  
23  
23  
23  
23  
23  
23  
23  
23  
23  
23  
23  
23  
23  
23  
23  
23  
23  
23  
23  
23  
23  
23  
23  
23  
23  
23  
23  
23  
23  
23  
23  
23  
23  
23  
23  
23  
23  
23  
23  
23  
23  
23  
23  
23  
23  
23  
23  
23  
23  
23  
23  
23  
23  
23  
23  
23  
23  
23  
23  
23  
23  
23  
23  
23  
23  
23  
23  
23  
23  
23  
23  
23  
23  
23  
23  
23  
23  
23  
23  
23  
23  
23  
23  
23  
23  
23  
23  
23  
23  
23  
23  
23  
23  
23  
23  
23  
23  
23  
23  
23  
23  
23  
23  
23  
23  
23  
23  
23  
23  
23  
23  
23  
23  
23  
23  
23  
23  
23  
23  
23  
23  
23  
23  
23  
23  
23  
23  
23  
23  
23  
23  
23  
23  
23  
23  
23  
23  
23  
23  
23  
23  
23  
23  
23  
23  
23  
23  
23  
23  
23  
23  
23  
23  
23  
23  
23  
23  
23  
23  
23  
23  
23  
23  
23  
23  
23  
23  
23  
23  
23  
23  
23  
23  
23  
23  
23  
23  
23  
23  
23  
23  
23  
23  
23  
23  
23  
23  
23  
23  
23  
23  
23  
23  
23  
23  
23  
23  
23  
23  
23  
23  
23  
23  
23  
23  
23  
23  
23  
23  
23  
23  
23  
23  
23  
23  
23  
23  
23  
23  
23  
23  
23  
23  
23  
23  
23  
23  
23  
23  
23  
23  
23  
23  
23  
23  
23  
23  
23  
23  
23  
23  
23  
23  
23  
23  
23  
23  
23  
23  
23  
23  
23  
23  
23  
23  
23  
23  
23  
23  
23  
23  
23  
23  
23  
23  
23  
23  
23  
23  
23  
23  
23  
23  
23  
23  
23  
23  
23  
23  
23  
23  
23  
23  
23  
23  
23  
23  
23  
23  
23  
23  
23  
23  
23  
23  
23  
23  
23  
23  
23  
23  
23  
23  
23  
23  
23  
23  
23  
23  
23  
23  
23  
23  
23  
23  
23  
23  
23  
23  
23  
23  
23  
23  
23  
23  
23  
23  
23  
23  
23  
23  
23  
23  
23  
23  
23  
23  
23  
23  
23  
23  
23  
23  
23  
23  
23  
23  
23  
23  
23  
23  
23  
23  
23  
23  
23  
23  
23  
23  
23  
23  
23  
23  
23  
23  
23  
23  
23  
23  
23  
23  
23  
23  
23  
23  
23  
23  
23  
23  
23  
23  
23  
23  
23  
23  
23  
23  
23  
23  
23  
23  
23  
23  
23  
23  
23  
23  
23  
23  
23  
23  
23  
23  
23  
23  
23  
23  
23  
23  
23  
23  
23  
23  
23  
23  
23  
23  
23  
23  
23  
23  
23  
23  
23  
23  
23  
23  
23  
23  
23  
23  
23  
23  
23  
23  
23  
23  
23  
23  
23  
23  
23  
23  
23  
23  
23  
23  
23  
23  
23  
23  
23  
23  
23  
23  
23  
23  
23  
23  
23  
23  
23  
23  
23  
23  
23  
23  
23  
23  
23  
23  
23  
23  
23  
23  
23  
23  
23  
23  
23  
23  
23  
23  
23  
23  
23  
23  
23  
23  
23  
23  
23  
23  
23  
23  
23  
23  
23  
23  
23  
23  
23  
23  
23  
23  
23  
23  
23  
23  
23  
23  
23  
23  
23  
23  
23  
23  
23  
23  
23  
23  
23  
23  
23  
23  
23  
23  
23  
23  
23  
23  
23  
23  
23  
23  
23  
23  
23  
23  
23  
23  
23  
23  
23  
23  
23  
23  
23  
23  
23  
23  
23  
23  
23  
23  
23  
23  
23  
23  
23  
23  
23  
23  
23  
23  
23  
23  
23  
23  
23  
23  
23  
23  
23  
23  
23  
23  
23  
23  
23  
23  
23  
23  
23  
23  
23  
23  
23  
23  
23  
23  
23  
23  
23  
23  
23  
23  
23  
23  
23  
23  
23  
23  
23  
23  
23  
23  
23  
23  
23  
23  
23  
23  
23  
23  
23  
23  
23  
23  
23  
23  
23  
23  
23  
23  
23  
23  
23  
23  
23  
23  
23  
23  
23  
23  
23  
23  
23  
23  
23  
23  
23  
23  
23  
23  
23  
23  
23  
23  
23  
23  
23  
23  
23  
23  
23  
23  
23  
23  
23  
23  
23  
23  
23  
23  
23  
23  
23  
23  
23  
23  
23  
23  
23  
23  
23  
23  
23  
23  
23  
23  
23  
23  
23  
23  
23  
23  
23  
23  
23  
23  
23  
23  
23  
23  
23  
23  
23  
23  
23  
23  
23  
23  
23  
23  
23  
23  
23  
23  
23  
23  
23  
23  
23  
23  
23  
23  
23  
23  
23  
23  
23  
23  
23  
23  
23  
23  
23  
23  
23  
23  
23  
23  
23  
23  
23  
23  
23  
23  
23  
23  
23  
23  
23  
23  
23  
23  
23  
23  
23  
23  
23  
23  
23  
23  
23  
23  
23  
23  
23  
23  
23  
23  
23  
23  
23  
23  
23  
23  
23  
23  
23  
23  
23  
23  
23  
23  
23  
23  
23  
23  
23  
23  
23  
23  
23  
23  
23  
23  
23  
23  
23  
23  
23  
23  
23  
23  
23  
23  
23  
23  
23  
23  
23  
23  
23  
23  
23  
23  
23  
23  
23  
23  
23  
23  
23  
23  
23  
23  
23  
23  
23  
23  
23  
23  
23  
23  
23  
23  
23  
23  
23  
23  
23  
23  
23  
23  
23  
23  
23  
23  
23  
23  
23  
23  
23  
23  
23  
23  
23  
23  
23  
23  
23  
23  
23  
23  
23  
23  
23  
23  
23  
23  
23  
23  
23  
23  
23  
23  
23  
23  
23  
23  
23  
23  
23  
23  
23  
23  
23  
23  
23  
23  
23  
23  
23  
23  
23  
23  
23  
23  
23  
23  
23  
23  
23  
23  
23  
23  
23  
23  
23  
23  
23  
23  
23  
23  
23  
23  
23  
23  
23  
23  
23  
23  
23  
23  
23  
23  
23  
23  
23  
23  
23  
23  
23  
23  
23  
23  
23  
23  
23  
23  
23  
23  
23  
23  
23  
23  
23  
23  
23  
23  
23  
23  
23  
23  
23  
23  
23  
23  
23  
23  
23  
23  
23  
23  
23  
23  
23  
23  
23  
23  
23  
23  
23  
23  
23  
23  
23  
23  
23  
23  
23  
23  
23  
23  
23  
23  
23  
23  
23  
23  
23  
23  
23  
23  
23  
23  
23  
23  
23  
23  
23  
23  
23  
23  
23  
23  
23  
23  
23  
23  
23  
23  
23  
23  
23  
23  
23  
23  
23  
23  
23  
23  
23  
23  
23  
23  
23  
23  
23  
23  
23  
23  
23  
23  
23  
23  
23  
23  
23  
23  
23  
23  
23  
23  
23  
23  
23  
23  
23  
23  
23  
23  
23  
23  
23  
23  
23  
23  
23  
23  
23  
23  
23  
23  
23  
23  
23  
23  
23  
23  
23  
23  
23  
23  
23  
23  
23  
23  
23  
23  
23  
23  
23  
23  
23  
23  
23  
23  
23  
23  
23  
23  
23  
23  
23  
23  
23  
23  
23  
23  
23  
23  
23  
23  
23  
23  
23  
23  
23  
23  
23  
23  
23  
23  
23  
23  
23  
23  
23  
23  
23  
23  
23  
23  
23  
23  
23  
23  
23  
23  
23  
23  
23  
23  
23  
23  
23  
23  
23  
23  
23  
23  
23  
23  
23  
23  
23  
23  
23  
23  
23  
23  
23  
23  
23  
23  
23  
23  
23  
23  
23  
23  
23  
23  
23  
23  
23  
23  
23  
23  
23  
23  
23  
23  
23  
23  
23  
23  
23  
23  
23  
23  
23  
23  
23  
23  
23  
23  
23  
23  
23  
23  
23  
23  
23  
23  
23  
23  
23  
23  
23  
23  
23  
23  
23  
23  
23  
23  
23  
23  
23  
23  
23  
23  
23  
23  
23  
23  
23  
23  
23  
23  
23  
23  
23  
23  
23  
23  
23  
23  
23  
23  
23  
23  
23  
23  
23  
23  
23  
23  
23  
23  
23  
23  
23  
23  
23  
23  
23  
23  
23  
23  
23  
23  
23  
23  
23  
23  
23  
23  
23  
23  
23  
23  
23  
23  
23  
23  
23  
23  
23  
23  
23  
23  
23  
23  
23  
23  
23  
23  
23  
23  
23  
23  
23  
23  
23  
23  
23  
23  
23  
23  
23  
23  
23  
23  
23  
23  
23  
23  
23  
23  
23  
23  
23  
23  
23  
23  
23  
23  
23  
23  
23  
23  
23  
23  
23  
23  
23  
23  
23  
23  
23  
23  
23  
23  
23  
23  
23  
23  
23  
23  
23  
23  
23  
23  
23  
23  
23  
23  
23  
23  
23  
23  
23  
23  
23  
23  
23  
23  
23  
23  
23  
23  
23  
23  
23  
23  
23  
23  
23  
23  
23  
23  
23  
23  
23  
23  
23  
23  
23  
23  
23  
23  
23  
23  
23  
23  
23  
23  
23  
23  
23  
23  
POINT_DATA 7701 
VECTORS Velocity float 
3.5003847543519896e-15 3.3841922334167363e-15 0.0 
3.634692281453236e-15 -3.512867263722379e-15 0.0 
0.5000000001339506 -1.2629842104548204e-10 0.0 
0.5000000001339501 1.2629841603867815e-10 0.0 
6.798115275089043e-14 1.401080605014888e-13 0.0 
1.1069037112926591e-13 2.2064433511257233e-13 0.0 
1.3813317874055632e-13 2.8178288110327327e-13 0.0 
1.6021298933768923e-13 3.3278519472162444e-13 0.0 
1.7824429281851757e-13 3.744570263498462e-13 0.0 
1.931125320625462e-13 4.078889787876732e-13 0.0 
2.0541076173965165e-13 4.3361764583111854e-13 0.0 
2.1557936836866289e-13 4.5206440433321614e-13 0.0 
2.2396607658335416e-13 4.635770666862223e-13 0.0 
2.308550807085189e-13 4.684808875913135e-13 0.0 
2.364849301666733e-13 4.670989202680118e-13 0.0 
2.410581768244546e-13 4.597625412735691e-13 0.0 
2.447484275889592e-13 4.4681770673109615e-13 0.0 
2.477044816784558e-13 4.2862646660580724e-13 0.0 
2.5005360575314303e-13 4.0556737295219434e-13 0.0 
2.519050431827132e-13 3.7803623089211334e-13 0.0 
2.5335094774044046e-13 3.4644242221788517e-13 0.0 
2.5446809438324794e-13 3.112075835566078e-13 0.0 
2.5532122319588467e-13 2.727659611044005e-13 0.0 
2.55962612034418e-13 2.315598350534138e-13 0.0 
2.5643431234117886e-13 1.8803952430280504e-13 0.0 
2.5676929455538137e-13 1.4266118305834094e-13 0.0 
2.569914442108898e-13 9.588529397451241e-14 0.0 
2.571182446193934e-13 4.817626866440369e-14 0.0 
2.5715942280452397e-13 -3.0980106876008606e-21 0.0 
2.5711843812764094e-13 -4.8176239572982825e-14 0.0 
2.5699163913539704e-13 -9.588544245246276e-14 0.0 
2.5676891737659963e-13 -1.4266097691743485e-13 0.0 
2.564345115963961e-13 -1.8803960580797874e-13 0.0 
2.5596281201009134e-13 -2.315600789832955e-13 0.0 
2.553210456122559e-13 -2.7276576629238257e-13 0.0 
2.544682998377629e-13 -3.112078257407414e-13 0.0 
2.5335096550194873e-13 -3.4644248312095987e-13 0.0 
2.5190487949698583e-13 -3.780359613756985e-13 0.0 
2.5005382188340703e-13 -4.0556769044225214e-13 0.0 
2.4770451501211705e-13 -4.28626514403984e-13 0.0 
2.44748200500857e-13 -4.4681722622652565e-13 0.0 
2.410580590350231e-13 -4.597622137097121e-13 0.0 
2.364851905095174e-13 -4.670992897058326e-13 0.0 
2.3085535021859003e-13 -4.684812669512942e-13 0.0 
2.2396596512498772e-13 -4.635765804843956e-13 0.0 
2.1557965900228552e-13 -4.520646231613435e-13 0.0 
2.0541115032463258e-13 -4.3361788279663495e-13 0.0 
1.9311278454355702e-13 -4.0788848595380266e-13 0.0 
1.7824486749944997e-13 -3.744567219485804e-13 0.0 
1.6021140504335983e-13 -3.32782858742468e-13 0.0 
1.3812105979244745e-13 -2.8177801849086775e-13 0.0 
1.1066797261336636e-13 -2.20640794029989e-13 0.0 
6.802070882607797e-14 -1.4012538250351504e-13 0.0 
2.143195376883015e-13 3.66061235853641e-13 0.0 
3.704053518848781e-13 7.270794862542707e-13 0.0 
4.986194003171835e-13 1.0060707285601633e-12 0.0 
5.973687965201168e-13 1.2310725170658532e-12 0.0 
6.774880935588223e-13 1.4160895919450756e-12 0.0 
7.431814538900555e-13 1.5662215427465052e-12 0.0 
7.974322737300273e-13 1.6844611894468176e-12 0.0 
8.422938350474181e-13 1.77274784353525e-12 0.0 
8.793429563982583e-13 1.8326079681221526e-12 0.0 
9.098390514937918e-13 1.8653805361285634e-12 0.0 
9.34828474868746e-13 1.872363157982976e-12 0.0 
9.551918748041704e-13 1.854861883557217e-12 0.0 
9.716810533624992e-13 1.8142309017439049e-12 0.0 
9.84941130253547e-13 1.7518874800473465e-12 0.0 
9.955231402819255e-13 1.6693115721527149e-12 0.0 
1.0038986160942397e-12 1.5680505231117822e-12 0.0 
1.0104735657267991e-12 1.4497206223498692e-12 0.0 
1.0155821486440872e-12 1.3159789362795205e-12 0.0 
1.0195070546272492e-12 1.1685382115185734e-12 0.0 
1.0224858188353527e-12 1.0091560707174233e-12 0.0 
1.0247011140026793e-12 8.396120863105802e-13 0.0 
1.0263084567110989e-12 6.617248150001929e-13 0.0 
1.027417534978818e-12 4.773244849488087e-13 0.0 
1.0281109213232758e-12 2.8826197375960294e-13 0.0 
1.0284467566487048e-12 9.639899580150122e-14 0.0 
1.028445227625481e-12 -9.639873409523877e-14 0.0 
1.0281139963881652e-12 -2.882628583829487e-13 0.0 
1.0274160220571616e-12 -4.773239397251471e-13 0.0 
1.0263069538591344e-12 -6.617237226144843e-13 0.0 
1.0247042031817018e-12 -8.396146184768761e-13 0.0 
1.022484339263785e-12 -1.009154723789279e-12 0.0 
1.0195071107777343e-12 -1.1685382487957726e-12 0.0 
1.0155837298136509e-12 -1.3159810433336317e-12 0.0 
1.0104721433757798e-12 -1.4497186042962557e-12 0.0 
1.0038987224476923e-12 -1.568050577854537e-12 0.0 
9.955247506252467e-13 -1.6693141908085032e-12 0.0 
9.849398215192686e-13 -1.751884998084377e-12 0.0 
9.716805445567102e-13 -1.8142296164857213e-12 0.0 
9.551914517832034e-13 -1.8548605709633024e-12 0.0 
9.348309265067599e-13 -1.8723674560722773e-12 0.0 
9.098388413198672e-13 -1.8653792680817355e-12 0.0 
8.793423286490928e-13 -1.8326053991974365e-12 0.0 
8.42296676438135e-13 -1.7727519098607484e-12 0.0 
7.974327653344019e-13 -1.6844591669554464e-12 0.0 
7.431829255444081e-13 -1.5662200058559235e-12 0.0 
6.774924015715311e-13 -1.4160914545055204e-12 0.0 
5.973786312657669e-13 -1.2310745657849187e-12 0.0 
4.986540834161235e-13 -1.0060728160891597e-12 0.0 
3.704617028350282e-13 -7.271220384987365e-13 0.0 
2.1404339683252473e-13 -3.658886763798136e-13 0.0 
1.344982218437588e-13 -7.183671408740209e-14 0.0 
2.1047397502811357e-13 -1.2290966906202068e-13 0.0 
2.72456663107776e-13 -1.6282975597017825e-13 0.0 
3.31747752744996e-13 -2.0085479912764923e-13 0.0 
3.9031648886942117e-13 -2.380231737164473e-13 0.0 
4.501251811996926e-13 -2.750317849757173e-13 0.0 
5.123797966270383e-13 -3.1233573654664726e-13 0.0 
5.780470496700934e-13 -3.5027142114795655e-13 0.0 
6.479378490815185e-13 -3.891108128118044e-13 0.0 
7.227870806949617e-13 -4.2908627644072115e-13 0.0 
8.032957215403535e-13 -4.704062013431405e-13 0.0 
8.901577797580229e-13 -5.132625200780459e-13 0.0 
9.840817920937572e-13 -5.578370213548106e-13 0.0 
1.0858053009215326e-12 -6.043043161205778e-13 0.0 
1.1961074392644986e-12 -6.528342432551722e-13 0.0 
1.3158254270320886e-12 -7.035964653530377e-13 0.0 
1.4458618697323114e-12 -7.567597737626519e-13 0.0 
1.5871943064560937e-12 -8.124927965450677e-13 0.0 
1.7408991193836657e-12 -8.70971515645251e-13 0.0 
1.9081568283357613e-12 -9.323763946479678e-13 0.0 
2.0902736875316326e-12 -9.96897612986678e-13 0.0 
2.288705609012306e-12 -1.064739821345875e-12 0.0 
2.5050735924270314e-12 -1.136122323272325e-12 0.0 
2.7412131647804925e-12 -1.2112934017029253e-12 0.0 
2.999197875973966e-12 -1.2905306101740306e-12 0.0 
3.28139716464642e-12 -1.3741550860399693e-12 0.0 
3.590531371594508e-12 -1.462540891552167e-12 0.0 
3.929754914819837e-12 -1.556134084930269e-12 0.0 
4.302786197357248e-12 -1.6554842397037806e-12 0.0 
4.713984786698854e-12 -1.7612506390187492e-12 0.0 
5.168577769105549e-12 -1.8742602594718403e-12 0.0 
5.672916843969965e-12 -1.995563738671776e-12 0.0 
6.234730713145186e-12 -2.126479158098417e-12 0.0 
6.863636359852932e-12 -2.2687120043677752e-12 0.0 
7.571793058948329e-12 -2.4244959038854597e-12 0.0 
8.37470671459988e-12 -2.5967543615123087e-12 0.0 
9.292629985455753e-12 -2.7894122197932914e-12 0.0 
1.0352558079783662e-11 -3.0078240773100444e-12 0.0 
1.1591224773758176e-11 -3.2594182569680363e-12 0.0 
1.3059969762034795e-11 -3.5547573480873716e-12 0.0 
1.483291665684215e-11 -3.909348715890399e-12 0.0 
1.7021103995515793e-11 -4.346846846189953e-12 0.0 
1.97989341565772e-11 -4.904852846055712e-12 0.0 
2.3453338950219588e-11 -5.649300276578559e-12 0.0 
2.8515843522292796e-11 -6.6894981104016115e-12 0.0 
3.59156537376358e-11 -8.351955673237261e-12 0.0 
4.862417705349101e-11 -1.0938633886830155e-11 0.0 
6.87863501870329e-11 -1.8141812342533528e-11 0.0 
1.597843960652083e-10 4.03897588256184e-12 0.0 
3.5704129980217045e-13 -2.184208398272403e-13 0.0 
6.948715069491196e-13 -4.0049742080542395e-13 0.0 
9.657674399221415e-13 -5.712848814250343e-13 0.0 
1.2087709516313147e-12 -7.270625475593919e-13 0.0 
1.443935549663708e-12 -8.774653878035129e-13 0.0 
1.68045798890887e-12 -1.0257985533990117e-12 0.0 
1.924379790066839e-12 -1.1744021976165142e-12 0.0 
2.1800572546152166e-12 -1.3248506948070213e-12 0.0 
2.4510265427807133e-12 -1.4783677110765332e-12 0.0 
2.7403659051687617e-12 -1.6359591646699639e-12 0.0 
3.050945474876233e-12 -1.7985102753400418e-12 0.0 
3.3855486234747584e-12 -1.9668205209681745e-12 0.0 
3.746976900760991e-12 -2.1416372914287147e-12 0.0 
4.138122688811835e-12 -2.3236749321125985e-12 0.0 
4.562014312956232e-12 -2.5136205623078577e-12 0.0 
5.0218760092308e-12 -2.7121495076875824e-12 0.0 
5.52120281135764e-12 -2.9199477048466715e-12 0.0 
6.063735952826958e-12 -3.137680262903221e-12 0.0 
6.6535779725298885e-12 -3.3660344395562164e-12 0.0 
7.295264738342857e-12 -3.6057346040122206e-12 0.0 
7.99372642312787e-12 -3.85750072079297e-12 0.0 
8.754524786031855e-12 -4.122140954530188e-12 0.0 
9.583778989838984e-12 -4.4004863592589245e-12 0.0 
1.0488391210038583e-11 -4.693467276266111e-12 0.0 
1.1476210637089947e-11 -5.002148474542994e-12 0.0 
1.2556044968061512e-11 -5.3276918616458635e-12 0.0 
1.3738155847289086e-11 -5.671520908295953e-12 0.0 
1.5034151059034346e-11 -6.035213718064769e-12 0.0 
1.6457846831989868e-11 -6.42078672669709e-12 0.0 
1.802538006441266e-11 -6.830641611864744e-12 0.0 
1.975575970450791e-11 -7.267678092549459e-12 0.0 
2.167220471260949e-11 -7.735659489770029e-12 0.0 
2.3802815080736066e-11 -8.239274675302533e-12 0.0 
2.618201265925802e-11 -8.784439032639215e-12 0.0 
2.88533526936871e-11 -9.378972825797893e-12 0.0 
3.187196781758387e-11 -1.0033025081574616e-11 0.0 
3.530883153485765e-11 -1.0759958917452295e-11 0.0 
3.925818070412542e-11 -1.1577980016197103e-11 0.0 
4.3846534968101317e-11 -1.2511888107750873e-11 0.0 
4.9248974883623275e-11 -1.3596466250722503e-11 0.0 
5.571389620998064e-11 -1.4881429329731698e-11 0.0 
6.360815399281605e-11 -1.6440604448974692e-11 0.0 
7.349493277762457e-11 -1.838701769911084e-11 0.0 
8.628400699992977e-11 -2.0903199755662107e-11 0.0 
1.035587614652035e-10 -2.4291828485333803e-11 0.0 
1.2828715014220558e-10 -2.9174586181141645e-11 0.0 
1.6702625222934123e-10 -3.631542949561174e-11 0.0 
2.3616573481653387e-10 -5.116514259764759e-11 0.0 
3.9951992124912807e-10 -6.799912036766902e-11 0.0 
1.2740806395410148e-9 -5.095985441643624e-10 0.0 
0.9999999999014249 4.74600817740981e-11 0.0 
0.9999999999134233 1.714050021204414e-11 0.0 
0.9999999999504892 1.0027818692206307e-11 0.0 
0.999999999962498 7.344440999401763e-12 0.0 
0.9999999999698549 5.658635633848161e-12 0.0 
0.9999999999746876 4.5509897085938476e-12 0.0 
0.9999999999781081 3.7529217087616625e-12 0.0 
0.9999999999806489 3.1507131863131883e-12 0.0 
0.9999999999826019 2.679003924857219e-12 0.0 
0.999999999984141 2.298721333007399e-12 0.0 
0.9999999999853789 1.9849488973103735e-12 0.0 
0.9999999999863889 1.7209656175991506e-12 0.0 
0.9999999999872224 1.495120792576239e-12 0.0 
0.9999999999879153 1.2990083634789576e-12 0.0 
0.9999999999884942 1.1263903044171533e-12 0.0 
0.9999999999889794 9.725271979892862e-13 0.0 
0.9999999999893852 8.337333837510516e-13 0.0 
0.9999999999897227 7.070706947459932e-13 0.0 
0.9999999999900018 5.901588260482006e-13 0.0 
0.999999999990228 4.810253231061875e-13 0.0 
0.9999999999904069 3.7799384025118745e-13 0.0 
0.9999999999905425 2.796141363268764e-13 0.0 
0.9999999999906373 1.8459665906344044e-13 0.0 
0.9999999999906931 9.17610696426603e-14 0.0 
0.9999999999907119 -2.7571070879192955e-21 0.0 
0.9999999999906933 -9.176114381620706e-14 0.0 
0.9999999999906372 -1.8459638721492884e-13 0.0 
0.9999999999905421 -2.7961455843648333e-13 0.0 
0.9999999999904069 -3.7799371333487814e-13 0.0 
0.9999999999902282 -4.810248120304838e-13 0.0 
0.9999999999900018 -5.9015927078116e-13 0.0 
0.999999999989723 -7.070701724438958e-13 0.0 
0.999999999989385 -8.337331911037642e-13 0.0 
0.9999999999889795 -9.72527927039033e-13 0.0 
0.9999999999884942 -1.1263894689158377e-12 0.0 
0.9999999999879156 -1.299008093836869e-12 0.0 
0.9999999999872221 -1.4951224652043192e-12 0.0 
0.999999999986389 -1.720967083687514e-12 0.0 
0.9999999999853789 -1.9849478478893343e-12 0.0 
0.9999999999841412 -2.2987193631071903e-12 0.0 
0.9999999999826016 -2.679006919323367e-12 0.0 
0.9999999999806488 -3.1507127941371458e-12 0.0 
0.9999999999781084 -3.752919088992027e-12 0.0 
0.9999999999746869 -4.550994297230548e-12 0.0 
0.9999999999698548 -5.6586338930201316e-12 0.0 
0.9999999999624983 -7.344435928123403e-12 0.0 
0.9999999999504887 -1.0027830017952597e-11 0.0 
0.9999999999134233 -1.7140498438267416e-11 0.0 
0.9999999999014251 -4.7460049673160306e-11 0.0 
0.9999999986196865 2.4043841758376268e-11 0.0 
0.9999999996361368 9.518624433871935e-11 0.0 
0.9999999997645594 4.7691403943532465e-11 0.0 
0.999999999829261 3.400212679753812e-11 0.0 
0.9999999998662116 2.5604021589643695e-11 0.0 
0.9999999998897204 2.0253344886264792e-11 0.0 
0.9999999999059321 1.651066843264125e-11 0.0 
0.9999999999177172 1.3748797991424443e-11 0.0 
0.999999999926632 1.1621262960891808e-11 0.0 
0.9999999999335751 9.929310265000876e-12 0.0 
0.9999999999391045 8.548749745260393e-12 0.0 
0.9999999999435838 7.398162568390963e-12 0.0 
0.9999999999472597 6.421894490011929e-12 0.0 
0.9999999999503043 5.580369352724164e-12 0.0 
0.9999999999528429 4.844664266480796e-12 0.0 
0.9999999999549671 4.19299753586189e-12 0.0 
0.9999999999567457 3.6086863777278195e-12 0.0 
0.9999999999582302 3.0785667744602877e-12 0.0 
0.9999999999594614 2.5920424280602053e-12 0.0 
0.99999999996047 2.1404712854888226e-12 0.0 
0.999999999961279 1.7165822903595598e-12 0.0 
0.9999999999619071 1.3141340371820348e-12 0.0 
0.9999999999623673 9.276763251874738e-13 0.0 
0.9999999999626686 5.522799611637291e-13 0.0 
0.9999999999628183 1.833781363265026e-13 0.0 
0.9999999999628183 -1.8337870450926513e-13 0.0 
0.9999999999626689 -5.522783351305401e-13 0.0 
0.9999999999623669 -9.276774477250664e-13 0.0 
0.999999999961907 -1.3141363107948661e-12 0.0 
0.999999999961279 -1.7165771895351952e-12 0.0 
0.9999999999604695 -2.1404741722872528e-12 0.0 
0.9999999999594618 -2.592042446519627e-12 0.0 
0.9999999999582303 -3.0785618229009125e-12 0.0 
0.9999999999567458 -3.6086913658007334e-12 0.0 
0.9999999999549668 -4.1929975512687285e-12 0.0 
0.9999999999528428 -4.844656538752471e-12 0.0 
0.999999999950304 -5.580377112343537e-12 0.0 
0.9999999999472594 -6.421899637985493e-12 0.0 
0.9999999999435841 -7.398169273185026e-12 0.0 
0.9999999999391046 -8.548731064202788e-12 0.0 
0.9999999999335752 -9.92931711598489e-12 0.0 
0.9999999999266316 -1.1621281716208723e-11 0.0 
0.9999999999177172 -1.3748768022240999e-11 0.0 
0.9999999999059325 -1.6510686340818993e-11 0.0 
0.9999999998897204 -2.0253363265342846e-11 0.0 
0.9999999998662118 -2.5603974467125973e-11 0.0 
0.9999999998292604 -3.400215437841855e-11 0.0 
0.9999999997645594 -4.7691476743584665e-11 0.0 
0.9999999996361375 -9.518603814993699e-11 0.0 
0.9999999986196868 -2.4043926851570656e-11 0.0 
1.5978435609508172e-10 -4.038985255065848e-12 0.0 
6.878636403709076e-11 1.8141812994783018e-11 0.0 
4.862417513160034e-11 1.093863549216608e-11 0.0 
3.591565426943329e-11 8.351956132620133e-12 0.0 
2.8515843458894814e-11 6.689498397880056e-12 0.0 
2.345333897739036e-11 5.6493004356503135e-12 0.0 
1.9798934156074762e-11 4.904852937535313e-12 0.0 
1.70211039977101e-11 4.346846903167884e-12 0.0 
1.483291665744543e-11 3.909348752002646e-12 0.0 
1.3059969762702208e-11 3.5547573717729525e-12 0.0 
1.1591224774424105e-11 3.259418272667898e-12 0.0 
1.035255808055828e-11 3.007824087712325e-12 0.0 
9.292629986334943e-12 2.7894122265217962e-12 0.0 
8.374706715570949e-12 2.596754365595784e-12 0.0 
7.571793059986142e-12 2.4244959059896028e-12 0.0 
6.863636360928562e-12 2.268712004932669e-12 0.0 
6.234730714227124e-12 2.1264791574179222e-12 0.0 
5.6729168450248966e-12 1.995563736941742e-12 0.0 
5.1685777700981225e-12 1.8742602568199134e-12 0.0 
4.71398478759109e-12 1.7612506355229165e-12 0.0 
4.302786198107869e-12 1.6554842354039725e-12 0.0 
3.929754915383232e-12 1.5561340798354104e-12 0.0 
3.59053137191968e-12 1.4625408856439336e-12 0.0 
3.281397164675606e-12 1.374155079274242e-12 0.0 
2.999197875641021e-12 1.290530602480324e-12 0.0 
2.74121316400901e-12 1.2112933929818638e-12 0.0 
2.5050735911278393e-12 1.1361223133911628e-12 0.0 
2.2887056070806137e-12 1.064739810131622e-12 0.0 
2.090273684843306e-12 9.96897600216184e-13 0.0 
1.90815682474267e-12 9.323763800337067e-13 0.0 
1.740899114707914e-12 8.709714988153638e-13 0.0 
1.587194300482877e-12 8.124927770147713e-13 0.0 
1.4458618622012488e-12 7.567597508927422e-13 0.0 
1.3158254176274937e-12 7.035964382888778e-13 0.0 
1.1961074276059664e-12 6.528342108343293e-13 0.0 
1.085805286558476e-12 6.04304276731365e-13 0.0 
9.840817745170511e-13 5.578369727090298e-13 0.0 
8.901577584528505e-13 5.1326245885938e-13 0.0 
8.032956961370842e-13 4.704061225761991e-13 0.0 
7.227870516692683e-13 4.290861723806474e-13 0.0 
6.479378174856599e-13 3.8911067274364373e-13 0.0 
5.780470245688985e-13 3.5027122229721444e-13 0.0 
5.123797980822261e-13 3.1233544671171913e-13 0.0 
4.5012524730772366e-13 2.7503143943870654e-13 0.0 
3.903167174656272e-13 2.3802293149250943e-13 0.0 
3.3174842904647776e-13 2.008557842817621e-13 0.0 
2.724591554823127e-13 1.628414214111176e-13 0.0 
2.1047865838843476e-13 1.2292892379504314e-13 0.0 
1.3447806739391427e-13 7.180045813364269e-14 0.0 
1.2740806153919665e-9 5.095984377876393e-10 0.0 
3.99519906169709e-10 6.799916285841958e-11 0.0 
2.361657339465877e-10 5.1165133638415145e-11 0.0 
1.670262511483524e-10 3.631543030131212e-11 0.0 
1.2828715004583005e-10 2.917458573383426e-11 0.0 
1.0355876131601354e-10 2.4291828373234584e-11 0.0 
8.628400693859649e-11 2.09031996629671e-11 0.0 
7.349493273507565e-11 1.8387017644611373e-11 0.0 
6.360815396751682e-11 1.6440604411362024e-11 0.0 
5.5713896193983406e-11 1.4881429302663223e-11 0.0 
4.9248974873980165e-11 1.3596466229491339e-11 0.0 
4.384653496267525e-11 1.2511888089774144e-11 0.0 
3.925818070162798e-11 1.1577979999854233e-11 0.0 
3.5308831534410396e-11 1.0759958901731818e-11 0.0 
3.187196781857556e-11 1.0033025065813413e-11 0.0 
2.885335269566846e-11 9.378972809541838e-12 0.0 
2.618201266188168e-11 8.784439015556057e-12 0.0 
2.3802815083718844e-11 8.239274657129195e-12 0.0 
2.167220471570746e-11 7.735659470278839e-12 0.0 
1.975575970749893e-11 7.267678071524468e-12 0.0 
1.8025380067083863e-11 6.830641589085029e-12 0.0 
1.6457846834127832e-11 6.4207867019232004e-12 0.0 
1.503415106041643e-11 6.035213691025355e-12 0.0 
1.3738155847675879e-11 5.671520878675036e-12 0.0 
1.2556044967188654e-11 5.327691829068374e-12 0.0 
1.1476210634659794e-11 5.002148438556463e-12 0.0 
1.0488391205710465e-11 4.693467236319075e-12 0.0 
9.58377898321784e-12 4.400486314671758e-12 0.0 
8.75452477665437e-12 4.122140904457587e-12 0.0 
7.993726410445468e-12 3.8575006641726986e-12 0.0 
7.295264721700334e-12 3.605734539494533e-12 0.0 
6.653577951139423e-12 3.366034365406297e-12 0.0 
6.063735925735827e-12 3.1376801768603527e-12 0.0 
5.521202777411026e-12 2.91994760392135e-12 0.0 
5.021875967031978e-12 2.7121493878585783e-12 0.0 
4.562014260834422e-12 2.513620418061274e-12 0.0 
4.1381226248286274e-12 2.32367475572462e-12 0.0 
3.746976822823699e-12 2.1416370718251496e-12 0.0 
3.3855485297743437e-12 1.9668202418147983e-12 0.0 
3.050945364981958e-12 1.7985099122182022e-12 0.0 
2.7403657831673143e-12 1.6359586792508784e-12 0.0 
2.451026426504177e-12 1.4783670418793074e-12 0.0 
2.180057188964792e-12 1.324849753710265e-12 0.0 
1.9243799581158845e-12 1.1744008261402347e-12 0.0 
1.6804587321829113e-12 1.0257964071780874e-12 0.0 
1.4439375735661822e-12 8.774617991990401e-13 0.0 
1.2087735209955513e-12 7.27053937238904e-13 0.0 
9.657668085875478e-13 5.712499428947881e-13 0.0 
6.948272731249759e-13 4.004528608060006e-13 0.0 
3.572226296183445e-13 2.1867780810111228e-13 0.0 
0.9443432711750204 -0.00021911681064880136 0.0 
0.00886548523472683 -0.0073326767382545675 0.0 
0.0016154987225589616 -1.0756664131299857e-11 0.0 
0.9415833808597256 0.0011390736288572707 0.0 
0.008865493376327896 0.007332683129261692 0.0 
0.01681301592175398 0.011162652619799181 0.0 
0.01848183889383034 -0.011852895797690362 0.0 
0.005126873390743885 0.0049814899000716955 0.0 
0.0015825346504690463 -0.0009302823608102732 0.0 
0.0015389845456367757 0.001211086577214799 0.0 
0.0031824786547987012 -0.0034642525247198406 0.0 
0.9365918509082232 -0.0019442337486424719 0.0 
0.030689098489677966 0.016288381143700386 0.0 
0.9238187472877807 0.0033480107067021736 0.0 
0.0031824814978138687 0.0034642553585931784 0.0 
0.0014267876333736661 0.0013907021631886563 0.0 
0.001462705366327836 -0.0013702262999642167 0.0 
0.03068907022959645 -0.01628836763345367 0.0 
0.8967431426828805 0.0054690041118314065 0.0 
0.001674556700535179 -0.0019988740754278513 0.0 
0.8967431426475306 -0.005469004116631913 0.0 
0.0021049297031255527 0.002456351534154529 0.0 
0.05850628766747645 0.02444360746273061 0.0 
0.058506234065181684 -0.02444358925211012 0.0 
0.0010169923131613597 -0.001095975794307407 0.0 
0.0014788976030001906 0.0017773378902371806 0.0 
0.001201917499523232 0.001281063477933437 0.0 
0.8241526530666041 -0.008564750858208117 0.0 
0.8512380206914877 0.007773462413662734 0.0 
0.0007577549520582191 -0.0008887583629200155 0.0 
0.14135588003374727 0.03843851493630848 0.0 
0.00467052646122492 -0.00465027946930123 0.0 
0.0016056144421564228 0.0005623984342000171 0.0 
0.0009361690638911649 0.0011166695481519653 0.0 
0.7843979223894122 0.008992226892426722 0.0 
0.0007474320732007918 0.0008017301948223152 0.0 
0.08396532298433018 -0.030384952868990237 0.0 
0.14135575487543445 -0.038438497862981404 0.0 
0.011631932107042772 -0.008795693371670311 0.0 
0.9189132199722803 -0.003792250305135666 0.0 
0.0012731807903319755 -0.0013392859537831652 0.0 
0.9415833826403011 -0.0011390732765667248 0.0 
0.0016056144959734223 -0.0005623982611698918 0.0 
0.936591847649094 0.001944234175172629 0.0 
0.9443432715047103 0.00021911646709632784 0.0 
0.007396888318376781 0.006472691325863293 0.0 
0.02245061579488943 -0.013395431397629 0.0 
0.0015180028297957409 -0.0012792763423370966 0.0 
0.6072871859633007 -0.0010368203712054335 0.0 
0.013963271417871521 0.009909579845156653 0.0 
0.005623550190795884 -0.005328372201716449 0.0 
0.002104927930945828 -0.0024563499727805116 0.0 
0.0015920763163309265 0.0008155504263163201 0.0 
0.024831673935978963 0.014267695759614679 0.0 
0.607287339236281 0.0010368251056230074 0.0 
0.0005710381496360721 -0.0006108192083440334 0.0 
0.0005579132674869483 0.0006348468350235118 0.0 
0.9434473883882407 -0.0006658877942142126 0.0 
0.0005643452396597572 0.0006033051160142984 0.0 
0.00033263747883826135 -0.00035878301986781605 0.0 
0.010623411498848332 0.008282657882983196 0.0 
0.006753971997233658 0.006072968095381275 0.0 
0.0839653993695686 0.030384972712138004 0.0 
0.0016131037567858435 -0.0002868273468437839 0.0 
0.20914753557568755 -0.04280479681309144 0.0 
0.007396881536650992 -0.00647268568577008 0.0 
0.012740907934446264 -0.009337063674055584 0.0 
0.013963258562745128 -0.009909571266270819 0.0 
0.009704370486327102 -0.007795621692651229 0.0 
0.7214620793409496 -0.008186595300695989 0.0 
0.8512380120874967 -0.007773462705802463 0.0 
0.00616447589916367 0.005691876832498444 0.0 
0.004670530709421293 0.004650283467058211 0.0 
0.004250996823867463 0.004333849808557265 0.0 
0.0038650624316084073 0.0040312961101118 0.0 
0.04391419012170354 -0.02040576407357577 0.0 
0.0012929516416494366 0.0015583134866791943 0.0 
0.8707538715502218 -0.006946637407368659 0.0 
0.9057291480095304 -0.0048439546065175655 0.0 
0.9238187472801517 -0.0033480107168447296 0.0 
0.9279049921045207 -0.00294744488047393 0.0 
0.000751305069843685 -0.0008060579880234775 0.0 
0.034351336950067014 -0.01748133990851736 0.0 
0.0011174323777570893 -0.0012004381336376128 0.0 
0.9385919906176858 -0.00165908406195036 0.0 
0.9313245624767525 -0.00258373141268886 0.0 
0.002601882154517859 0.00294186851441849 0.0 
0.0018824833672147817 0.002224725419107659 0.0 
0.024831651058531645 -0.014267683720187144 0.0 
0.0013333263358591499 -0.0013762669664032718 0.0 
0.015314408420422528 -0.010516665925888123 0.0 
0.001384058305150247 -0.0013930630581997915 0.0 
0.0015389847256304069 -0.0012110866307685271 0.0 
0.0015563949132696168 -0.0011293518795229046 0.0 
0.0015920763932258308 -0.0008155504569288626 0.0 
0.396005370313752 0.013107763123805606 0.0 
0.020349202241272995 0.012594260435062636 0.0 
0.0011174208057382487 0.0012004280209265094 0.0 
0.0012929943928455614 -0.0015583663627386204 0.0 
0.0016149046464669877 0.0001441182056473359 0.0 
0.943447388388282 0.0006658877779940058 0.0 
0.002601879877725198 -0.002941866273423177 0.0 
0.0035097886791924564 -0.0037417283381127753 0.0 
0.0015707633928053622 0.001035321741401628 0.0 
0.0015180026397194225 0.001279276187925651 0.0 
0.0014928219376270475 0.0013327111261456112 0.0 
0.0038650589393392503 -0.004031292701611467 0.0 
0.012740919660044278 0.009337071774787948 0.0 
0.9341914041920336 0.00225100532023901 0.0 
0.940242741578131 0.001391796629805545 0.0 
0.006164470260307814 -0.0056918718852993705 0.0 
0.001016806568924376 0.0010957752462018976 0.0 
0.0013840577378377286 0.0013930629271875616 0.0 
0.9189132239795873 0.0037922499473447883 0.0 
0.001333325526254688 0.0013762668029537236 0.0 
0.9313245624811894 0.002583731402601855 0.0 
0.038687944369073336 0.01883851443599667 0.0 
0.0016131037381195597 0.00028682711352319754 0.0 
0.885403631925919 0.006170036480885184 0.0 
0.9129802176654213 0.004287998700057548 0.0 
0.0009374089337005156 -0.0011181481851407456 0.0 
0.05035221553868374 0.02224578268193929 0.0 
0.39600508287137093 -0.013107775880213475 0.0 
0.00032825185239538653 0.0003539022218657055 0.0 
0.003376436476193826 0.00028793137740917266 0.0 
0.011055834517398612 -0.010108968815054376 0.0 
0.014570835720519495 0.012238789487499362 0.0 
0.022970272526870266 -0.016484947882751844 0.0 
0.8839013928127841 0.0016855646001978652 0.0 
0.02759399600551626 0.018475327066014475 0.0 
0.0032798045643987334 -0.0018573207963145648 0.0 
0.8741753526448083 -0.00280713770292249 0.0 
0.006221284516576811 -0.0065943817631304354 0.0 
0.008336900760014273 0.008240674831881793 0.0 
0.0031599624287532027 0.002415580972787584 0.0 
0.0444078018126451 -0.024441679899307928 0.0 
0.8494761111228348 0.004514495903532846 0.0 
0.002775289049942017 0.002767375984516149 0.0 
0.7981705527450168 -0.006178231890731155 0.0 
0.0026565414765543686 -0.0027298018989107132 0.0 
0.0040874295171440846 0.0046697212938808935 0.0 
0.11520245555129077 0.039074168714498383 0.0 
0.7981705528073706 0.006178231901946244 0.0 
0.002845195213969251 0.003359818952306468 0.0 
0.0023577207038387037 0.002529132619061852 0.0 
0.6697775180343106 -0.003638623220818437 0.0 
0.0019512531822133807 -0.0021446264319576547 0.0 
0.001404824038459786 -0.0016229566977535843 0.0 
0.8400689282142154 -0.004969535705167316 0.0 
0.003159962781540402 -0.00241558109729784 0.0 
0.06068216780060521 -0.02899550008472677 0.0 
0.027594011033252885 -0.018475335937040985 0.0 
0.8573464824630879 -0.004065931171526873 0.0 
0.9440100434501508 -0.00044035543607114764 0.0 
0.9426440241602079 -0.0008979849743640637 0.0 
0.10567684959970981 0.034441341022105644 0.0 
0.008098672376221612 0.00689217748762439 0.0 
0.013296241819836222 0.011497353220289995 0.0 
0.0016149046591548409 -0.00014411801335306826 0.0 
0.010623401730928015 -0.00828265067484869 0.0 
0.9444536301353718 -8.168417876995266e-12 0.0 
0.9402427415761607 -0.0013917966447322277 0.0 
0.009704379404162264 0.007795628483407187 0.0 
0.0016100392852517534 -0.0004267208354243672 0.0 
0.010071752660015854 0.009459070822302516 0.0 
0.8707538591136825 0.006946638042436163 0.0 
0.005623555327103537 0.005328376821636169 0.0 
0.06921002003348516 0.027115132014039776 0.0 
0.8241526890247756 0.008564750241704912 0.0 
0.721462097684623 0.008186598107603119 0.0 
0.00809866494448121 -0.0068921714798296976 0.0 
0.001599689395419472 -0.0006924682010027191 0.0 
0.7159252003165278 -0.005516711134183976 0.0 
0.0007544544173502845 0.0008848637133033318 0.0 
0.016813000434922395 -0.011162643011541061 0.0 
0.8854036128569819 -0.006170037558141359 0.0 
0.7843979584783746 -0.00899222665739091 0.0 
0.050352169323016324 -0.022245765508046203 0.0 
0.001113464771075736 0.0013392638520655176 0.0 
0.0008968604705871298 -0.0009656785988362854 0.0 
0.9129802079292768 -0.004287999480461525 0.0 
0.0016745566768215556 0.0019988731318581693 0.0 
0.03868790878302594 -0.0188384992220335 0.0 
0.06920995676332388 -0.027115112842034043 0.0 
0.0035097918350049267 0.0037417314590312426 0.0 
0.934191404188429 -0.002251005333424532 0.0 
0.02755154463338835 -0.0152256086461324 0.0 
0.0023440287083835182 0.0026950195531676197 0.0 
0.0028806263476596735 0.0031979501773496087 0.0 
0.0012019191356935693 -0.0012810637233992492 0.0 
0.020349183492359656 -0.012594249682846144 0.0 
0.38715431786239646 0.024314505403288545 0.0 
0.10567675366990749 -0.03444132181146968 0.0 
0.0014267881478684415 -0.0013907022581040142 0.0 
0.0014928222173796707 -0.0013327112022502505 0.0 
0.0015707634923752514 -0.0010353219294534958 0.0 
0.0011138152466903348 -0.0013396843955251973 0.0 
0.2091477201425499 0.04280479213454191 0.0 
0.018481855920664616 0.011852905962061188 0.0 
0.015314422523615522 0.0105166750065425 0.0 
0.0028806237966971233 -0.003197947634586456 0.0 
0.022450636480263134 0.013395442773314925 0.0 
0.0015563947676484479 0.001129351833888029 0.0 
0.004250992968500242 -0.004333846108610797 0.0 
0.9385919906199804 0.0016590840486129515 0.0 
0.0023440266904935928 -0.002695017634428342 0.0 
0.006869283032612665 -0.007121012256585011 0.0 
0.0051268687167300145 -0.004981485596186343 0.0 
0.001462704988663134 0.0013702262296107484 0.0 
0.0018824818273768197 -0.0022247242731564584 0.0 
0.0015825345545382318 0.0009302823262976758 0.0 
0.9426440255436149 0.0008979846073803175 0.0 
0.003104877076237084 0.0025503283468883437 0.0 
0.006753965811432085 -0.006072962808481446 0.0 
0.0015996893444149404 0.0006924679844522849 0.0 
0.9279049865555782 0.0029474454375090792 0.0 
0.027551570012071064 0.015225621395021099 0.0 
0.0016100392518666482 0.00042672081184466344 0.0 
0.001478899520378361 -0.0017773415116164387 0.0 
0.0012731793415702128 0.001339285450729664 0.0 
0.9057291420394653 0.004843955049828282 0.0 
0.0021703299241044843 0.002361272766578711 0.0 
0.011631942807527287 0.00879570101601055 0.0 
0.9440100427858453 0.00044035575228066 0.0 
0.0008957384298081947 0.0009644371304408759 0.0 
0.03435136856794472 0.017481354238532913 0.0 
0.8400689358848978 0.004969535353562498 0.0 
0.04391423047808621 0.02040578023802701 0.0 
0.0005650768627555513 -0.0006431198424946678 0.0 
0.2711197931338247 -0.03863698214599247 0.0 
0.3871544953393143 -0.02431448111701342 0.0 
0.0013872924966250744 -0.0015448623060640091 0.0 
0.0013833594228090538 0.0015403264666659416 0.0 
0.0010124426152419972 0.0011356582854226862 0.0 
0.02152719755471389 0.017281868314594825 0.0 
0.8892954831472564 -0.0003285258571794973 0.0 
0.004870832109135249 0.0036148704608795785 0.0 
0.049116630020354664 0.025857861190974 0.0 
0.009119417948517831 -0.009378924277121965 0.0 
0.7780376521612806 0.003747866440714196 0.0 
0.0032339092822811707 -0.0037886786663558626 0.0 
0.09929418400080257 -0.036828447811432546 0.0 
0.0034883473656681903 0.003748187645741933 0.0 
0.5447750726417327 0.007760136419199997 0.0 
0.003307425420646664 0.001628593089069527 0.0 
0.02096981643181617 0.015557371576331153 0.0 
0.16440792407567748 0.04288266156582888 0.0 
0.7159252152673539 0.005516711685364657 0.0 
0.8859730282404558 -0.0013355804370770912 0.0 
0.005623678856194094 0.006087723331251289 0.0 
0.01457084361802472 -0.01223879565394794 0.0 
0.07643017273668203 0.032630791138224216 0.0 
0.889295483792317 0.0003285253343784183 0.0 
0.0021173538997723545 0.0025069417080090077 0.0 
0.011055828527904802 0.01010896360499004 0.0 
0.27111965578069275 0.03863699445519747 0.0 
0.0033764365034276178 -0.00028793099846712125 0.0 
0.0033613212244608557 -0.0008524528766327785 0.0 
0.8695122678310937 -0.0032105519016016205 0.0 
0.7771716981283099 -0.006363476969802456 0.0 
0.8287543442469697 -0.005418080856623913 0.0 
0.0032339039597466105 0.003788671303077994 0.0 
0.0032465063877050336 -0.0020664986116955956 0.0 
0.054490471713984 -0.027371417126597013 0.0 
0.03324365118042344 -0.020670473783290327 0.0 
0.13598549386890435 -0.04123831030023025 0.0 
0.0030403945260330354 -0.0026552279572966395 0.0 
0.04024860399031256 0.023111294802578827 0.0 
0.004087432000410296 -0.004669724776931125 0.0 
0.012127788755848364 -0.01078791220664273 0.0 
0.003347782361270533 0.001123390033093053 0.0 
0.009167794119912868 -0.008836795627804622 0.0 
0.002475250515366935 -0.002934298342127685 0.0 
0.025169834618578742 0.017456533388196034 0.0 
0.0025184369919118146 0.0026511329973549834 0.0 
0.8287543627626954 0.005418080201745929 0.0 
0.0992941300848902 0.036828435685712514 0.0 
0.0019508757319171247 0.002144210813741578 0.0 
0.0174831003168858 0.013823949686386347 0.0 
0.02096982782802468 -0.015557379215382462 0.0 
0.012127782186488514 0.010787906692893885 0.0 
0.015962377932923884 0.013013768107669226 0.0 
0.5162537877654525 -0.008986469932109534 0.0 
0.00337829958746461 -2.4086870922471723e-11 0.0 
0.025169848317004438 -0.017456541838125367 0.0 
0.88128532301383 -0.002046203723188131 0.0 
0.8780679377720539 -0.0024194742945171975 0.0 
0.8639557609606414 -0.003630355065896739 0.0 
0.00916778914406235 0.00883679097620697 0.0 
0.7505226838667157 -0.006240094704241586 0.0 
0.0016934913187952995 -0.0018747808297892305 0.0 
0.8150249371814814 -0.005835826176873124 0.0 
0.8886436024777726 -0.0006591988401283614 0.0 
0.030273081838895207 -0.019545119053623935 0.0 
0.07643021437319507 -0.032630803749470444 0.0 
0.003646457787573137 0.0042243360783514655 0.0 
0.0032068384100422185 -0.0022534559746080034 0.0 
0.8494761111079646 -0.004514495921378792 0.0 
0.13598542057405066 0.04123830115552425 0.0 
0.049116656828238604 -0.025857872660206387 0.0 
0.0024751117701934553 0.0029341362244702735 0.0 
0.06789915657920244 -0.030744258031407713 0.0 
0.0014010306229468392 0.0016185148162789539 0.0 
0.003329934321023192 -0.0013830315988114811 0.0 
0.0033074255732368886 -0.001628593158462544 0.0 
0.669777578049171 0.0036386264695995175 0.0 
0.004561125270566049 0.005127314629326542 0.0 
0.002357726454186833 -0.0025291364501489337 0.0 
0.002170378386664282 -0.0023613219215608138 0.0 
0.015962386589541862 -0.013013774622092725 0.0 
0.040248625951899576 -0.023111305419092065 0.0 
0.006869279262350515 0.00712100829979818 0.0 
0.007572684779953685 0.0076692510743873 0.0 
0.0025184402364209512 -0.002651134729080686 0.0 
0.0031048774240024076 -0.002550328675240494 0.0 
0.2057307683191384 -0.04296150731362206 0.0 
0.6061944338246426 0.0005654185895962618 0.0 
0.5162537674946013 0.008986472688510641 0.0 
0.0028773892069438936 -0.002766016495484956 0.0 
0.002775290090828146 -0.0027673763182542747 0.0 
0.0032465062073854926 0.00206649822560135 0.0 
0.8639557609700965 0.003630355044902028 0.0 
0.8741753463068348 0.002807138265597721 0.0 
0.0017649899755956778 -0.0020734312890592016 0.0 
0.007572688913675835 -0.007669255240925157 0.0 
0.8812853230180978 0.0020462036938446197 0.0 
0.8875432734346969 0.0009941684941566584 0.0 
0.0030403939846395866 0.002655227776159403 0.0 
0.005071780666171278 -0.005599320379860004 0.0 
0.03324363305524904 0.020670464046386117 0.0 
0.002877388200669065 0.0027660162485090532 0.0 
0.0032068381232202518 0.0022534558693286496 0.0 
0.0033708123015167017 0.00057302591242538 0.0 
0.005623682006455277 -0.006087726954584508 0.0 
0.060682134694355655 0.02899548787915668 0.0 
0.010071758119636155 -0.009459075744673152 0.0 
0.7771717331977278 0.0063634769063279015 0.0 
0.8859730309445591 0.001335579891963982 0.0 
0.030273065342131825 0.019545109752929914 0.0 
0.8573464717530926 0.004065931811188728 0.0 
0.002656539900784606 0.002729801420273472 0.0 
0.8150249259249664 0.005835826473216274 0.0 
0.0016918954091448494 0.0018729702525325967 0.0 
0.0010183172899784255 -0.0011424755852325478 0.0 
0.8351744984044772 -0.0003346382101148212 0.0 
0.03104721231612173 -0.02180856386510328 0.0 
0.005293307472071794 -3.9773078943010024e-11 0.0 
0.016301031665866415 -0.014326111424411732 0.0 
0.04090370775546266 0.025685022529255527 0.0 
0.8273480974927638 0.0016780047213938187 0.0 
0.005151870882997442 -0.0024398906999193574 0.0 
0.8189129121294063 -0.0023463069438378913 0.0 
0.013495459077625966 0.012544893421471219 0.0 
0.0597187790778823 -0.03155580357152745 0.0 
0.0047693265499019295 -0.0038147249672815693 0.0 
0.778037652139502 -0.003747866465136442 0.0 
0.11327750135353362 -0.0416495959301404 0.0 
0.7069475876139353 0.0031119897488844778 0.0 
0.006654142508766335 0.007289067608670158 0.0 
0.004187415655272085 -0.00412544514119181 0.0 
0.0046813149423145205 0.005367293309541282 0.0 
0.17007221473404954 0.04537471360036408 0.0 
0.6788032900183907 -0.002080515563407007 0.0 
0.0031836001488388973 -0.003487638723977271 0.0 
0.0030177541914017413 0.0035128597565411996 0.0 
0.6002584901696044 -0.0027867083740584432 0.0 
0.044889134095394925 -0.027075296743578448 0.0 
0.021527198847584444 -0.01728186937006516 0.0 
0.002832308611006333 0.0031521540831664376 0.0 
0.017894456699863885 0.015272074585921476 0.0 
0.383159626631307 0.026771247977979567 0.0 
0.8065976969972233 -0.0029871607318197463 0.0 
0.7489507078007309 -0.003859712023269642 0.0 
0.01112615972932051 0.010900631424855544 0.0 
0.005033890884621694 -0.0030945882649943356 0.0 
0.019146930129224988 -0.014671149474129484 0.0 
0.8895114100891226 -1.6293540693331904e-11 0.0 
0.023596983619651252 0.018348319465811874 0.0 
0.0024271544203668437 -0.0027369828655214416 0.0 
0.019631725626468578 0.01625687890842161 0.0 
0.8875432734341091 -0.000994168526221422 0.0 
0.4737635787950061 0.015546262148230709 0.0 
0.0019558825947979383 -0.002231814233328941 0.0 
0.019146919731326068 0.01467114222287636 0.0 
0.20573066003189064 0.04296150837679783 0.0 
0.7505226614875197 0.0062400944974768035 0.0 
0.005278123535078258 0.000858837936787837 0.0 
0.003370812334386979 -0.000573026384005491 0.0 
0.034023929841112036 -0.023052876537302838 0.0 
0.08668971334361913 -0.03466227517095546 0.0 
0.11520251792904093 -0.0390741798415396 0.0 
0.005071777773682492 0.0055993168653759124 0.0 
0.0034883605633681944 -0.0037481989408844315 0.0 
0.2978846344708275 -0.03767822513435561 0.0 
0.01748310980446657 -0.01382395656257598 0.0 
0.7986368826727174 -0.003281159167136748 0.0 
0.20013848607151472 0.045183552726989665 0.0 
0.006221281073803378 0.006594377989383478 0.0 
0.01630103065617695 0.014326110426660252 0.0 
0.03655040476498794 -0.02185695748704255 0.0 
0.0017632646288265684 0.002071410502637681 0.0 
0.38315964552823567 -0.0267712454357202 0.0 
0.6439591215837279 -0.0002651152569141364 0.0 
0.6002584717109797 0.0027867099866642534 0.0 
0.7299523610234151 -0.0036451056436736635 0.0 
0.8839013962892315 -0.001685564101193062 0.0 
0.07288325950512482 -0.034801502236960415 0.0 
0.08085007598469357 -0.03649333593180756 0.0 
0.6061943779539967 -0.0005654228287842047 0.0 
0.004958554306066083 -0.003373530262153673 0.0 
0.002965113457030837 -0.0027278917315799144 0.0 
0.1644080120353579 -0.04288266697475036 0.0 
0.003551169556446937 0.004132170433004332 0.0 
0.10068875174358402 -0.039950424999786356 0.0 
0.0052949437163729175 0.005994459473557337 0.0 
0.0037537685882284687 -0.003938869228026259 0.0 
0.037296889040824094 -0.024344622076891687 0.0 
0.0033477824765890366 -0.0011233896940186577 0.0 
0.003361321157754583 0.0008524528236630533 0.0 
0.004769326090992974 0.003814724451420208 0.0 
0.8886436011781425 0.0006591993033128303 0.0 
0.010081604313688495 -0.010125440275900366 0.0 
0.00833690529484085 -0.0082406792309192 0.0 
0.004561127940419061 -0.005127318090191328 0.0 
0.8780679377770805 0.002419474267391965 0.0 
0.0021178644048026438 -0.0025075380000564762 0.0 
0.76477346404141 0.0038696685070315996 0.0 
0.06789911955684681 0.030744245559210164 0.0 
0.03655038482805878 0.021856947310200745 0.0 
0.002965112718153225 0.002727891550445618 0.0 
0.04440777757645415 0.02444166884915952 0.0 
0.0032798043745183377 0.001857320717742265 0.0 
0.00364646075390408 -0.004224340371265959 0.0 
0.01329624902351007 -0.01149735905301897 0.0 
0.0033299342299998734 0.0013830311594039706 0.0 
0.0049585538915510475 0.0033735300861938607 0.0 
0.01349545995250394 -0.012544894415775207 0.0 
0.0493070629899326 0.02851660953295111 0.0 
0.0028452119249987415 -0.0033598398729139897 0.0 
0.8695122678390831 0.0032105518765358923 0.0 
0.008232084236335856 -0.008658939014546058 0.0 
0.8326294428114054 0.0010052823522401254 0.0 
0.022970260034374274 0.016484939843854345 0.0 
0.054490441976287 0.027371405265656845 0.0 
0.08668966618056842 0.034662262629757155 0.0 
0.7892075794393245 0.0035414473634451833 0.0 
0.003753763708725561 0.003938866117671881 0.0 
0.0031834862079862256 0.003487520867565845 0.0 
0.004187414288843842 0.0041254445667950395 0.0 
0.7489507335797758 0.003859712164244582 0.0 
0.0019532635503181884 0.0022287866029477837 0.0 
0.031004210545500437 0.022892588686712293 0.0 
0.04085776795870415 -0.027041036270000717 0.0 
0.745992887332235 -0.0017431348817160861 0.0 
0.00694184261836082 -0.004120458102360006 0.0 
0.0728832551536107 0.034801500794090806 0.0 
0.013148709306317582 -0.01274763040867973 0.0 
0.0066815231451330835 0.004810209358587536 0.0 
0.1066309768042314 -0.04281112216552897 0.0 
0.6747361230171237 -0.00026186554845465605 0.0 
0.7103461045464821 0.0014067281135645147 0.0 
0.006020660635281506 0.006735678082148348 0.0 
0.00461450171818217 -0.004943415433884274 0.0 
0.005950395224451264 -0.006633871945181692 0.0 
0.5527973689470147 0.008327377089576038 0.0 
0.00461448369805948 0.004943399341972682 0.0 
0.003551317353480399 -0.004132336012543632 0.0 
0.005151870659788047 0.0024398905847002154 0.0 
0.22269079135320205 0.04578143992414507 0.0 
0.02346611713331994 0.01913747802118849 0.0 
0.1132774945897041 0.041649594726277266 0.0 
0.003822683723603838 0.0043678945076497675 0.0 
0.031047210471304335 0.02180856267835165 0.0 
0.37902306971044236 0.02850559849651524 0.0 
0.0542232266181715 -0.030009944722797992 0.0 
0.1468638777457029 -0.04456535904646322 0.0 
0.643959092751565 0.0002651135987623105 0.0 
0.009119417203202244 0.009378923123695721 0.0 
0.007412554869577379 0.00796316230202266 0.0 
0.01963172681375317 -0.01625687993935324 0.0 
0.011126160513486485 -0.010900632461491852 0.0 
0.005033890648008034 0.003094587672761547 0.0 
0.14686386900777967 0.04456535830847933 0.0 
0.2406423664986993 0.0431202913723184 0.0 
0.8351744993419293 0.0003346376628055034 0.0 
0.8354883086442427 -2.441528216866795e-11 0.0 
0.0024903042109622555 0.00288175855187627 0.0 
0.025859287549728643 -0.019457462524586484 0.0 
0.29788461797768634 0.037678227315801435 0.0 
0.0024917095518400137 -0.002883368127194983 0.0 
0.028334790234782203 -0.02061048324863886 0.0 
0.04930706592492434 -0.028516610903394905 0.0 
0.8235615025160296 -0.0020136029067010465 0.0 
0.83035091475237 -0.0013415418526579637 0.0 
0.12837793085832017 -0.04323589681633013 0.0 
0.0028327203938222625 -0.00315260331537506 0.0 
0.8133013721455293 -0.0026726705702890896 0.0 
0.6788033365476039 0.0020805176380495867 0.0 
0.014838566134553281 0.013417555954778195 0.0 
0.005289523392130034 0.0004315596623037247 0.0 
0.7647734532618182 -0.0038696685716950886 0.0 
0.005289523435306339 -0.0004315591017747764 0.0 
0.0052589631037573414 -0.0012775615117527435 0.0 
0.005196258136184961 -0.002072315110195567 0.0 
0.012261184741119922 0.011706496827787195 0.0 
0.7892075946839806 -0.0035414470383227487 0.0 
0.0050980091829928055 -0.0027820220493442495 0.0 
0.379023014142096 -0.028505605017982376 0.0 
0.5447751427645982 -0.007760129272988627 0.0 
0.2001384978209841 -0.04518355244180478 0.0 
0.010081603556277902 0.010125439192752262 0.0 
0.47376351949246354 -0.015546268750543034 0.0 
0.2406423803551645 -0.04312029026016037 0.0 
0.025859286008815305 0.019457461408650234 0.0 
0.004870832615597271 -0.0036148706695524266 0.0 
0.004518010851088011 -0.004074973978115667 0.0 
0.004363928523523277 -0.004128162973509675 0.0 
0.004652373901348028 -0.003969313357637552 0.0 
0.06589554496221764 -0.03315375044158591 0.0 
0.023596985030113843 -0.01834832054987413 0.0 
0.7069475875356616 -0.0031119897208747318 0.0 
0.505335255323438 0.013228960861891499 0.0 
0.09001839718857921 -0.03821733279345244 0.0 
0.00410261899625108 0.00474820286301144 0.0 
0.005950394304851629 0.006633870060284623 0.0 
0.044795387278590615 -0.028508610034302995 0.0 
0.040903710186690104 -0.025685023829389874 0.0 
0.003985285621951469 -0.00406346289705107 0.0 
0.8342273482169448 -0.0006696476607509723 0.0 
0.01789445779290907 -0.015272075597257122 0.0 
0.02826763009179279 0.021597100180017263 0.0 
0.005231794253552324 0.0016834676286974165 0.0 
0.011878945537184517 -0.011811041119024908 0.0 
0.01483856707152123 -0.01341755694628631 0.0 
0.04488913142548612 0.02707529540703307 0.0 
0.8235615025226757 0.002013602863103356 0.0 
0.090018391810275 0.03821733140141856 0.0 
0.8133013630200195 0.0026726710103268055 0.0 
0.002425797333865248 0.002735449244516345 0.0 
0.037296886825015745 0.024344620814486607 0.0 
0.8303509186751926 0.0013415413052258835 0.0 
0.004652373138137925 0.003969313051921328 0.0 
0.005258963005455757 0.0012775614241733863 0.0 
0.0046813191399429676 -0.005367299269203652 0.0 
0.004363927092369844 0.004128162539406455 0.0 
0.8342273463289165 0.0006696481120569405 0.0 
0.01226118556483694 -0.011706497836147071 0.0 
0.00741255564704657 -0.007963163701462736 0.0 
0.7299523455430597 0.0036451053905040415 0.0 
0.05971877551726998 0.03155580214729712 0.0 
0.05422322338785863 0.030009943322475235 0.0 
0.6940168179287325 0.0009711947135650075 0.0 
0.003985283275053539 0.00406346181798884 0.0 
0.79863688268711 0.0032811591353030913 0.0 
0.004180589736107117 0.0045858888314173445 0.0 
0.007368060934163674 -5.7457573670437075e-11 0.0 
0.7826763657124609 -3.256931003216619e-11 0.0 
0.038184849112602524 0.02665579803195877 0.0 
0.05040169609961365 -0.03127853712152192 0.0 
0.7722809100250206 0.0011752262963632746 0.0 
0.06500742829860144 0.03474443203181948 0.0 
0.016072908872645127 -0.014984938943344845 0.0 
0.013148711284413429 0.012747631516011418 0.0 
0.0063401405074653945 -0.005276726388811085 0.0 
0.646984293078079 -0.0020936903321027885 0.0 
0.1688781620911941 -0.04712596572509284 0.0 
0.6246608340426041 -0.002467693632833974 0.0 
0.06500741672471587 -0.034744428058838386 0.0 
0.02136079131646012 -0.017972311422979063 0.0 
0.005755706872818475 0.0061211367319713205 0.0 
0.028267625185784555 -0.021597097476607523 0.0 
0.005635211077341045 0.00547015445598624 0.0 
0.4289819726861406 0.023228513446029005 0.0 
0.31095886631845693 0.037452762145046406 0.0 
0.007342647539092225 0.0011444204979679034 0.0 
0.019428980455982174 0.016849078412187548 0.0 
0.005255959580347986 0.005946075865421724 0.0 
0.7242105145208977 -0.0016464658182854307 0.0 
0.6940168047173572 -0.0009711943174570871 0.0 
0.5527973369829177 -0.008327380048981746 0.0 
0.44793818713026157 -0.01994435723205462 0.0 
0.0869185463716916 -0.039644886172178866 0.0 
0.005899847206370848 -0.005479581626189056 0.0 
0.007696702714897701 0.008346016745111075 0.0 
0.05389559111113542 0.031560414486514476 0.0 
0.7790203277192589 0.0007305784184294071 0.0 
0.01765525297428881 -0.015766569129152808 0.0 
0.6747361542549268 0.00026186685288308016 0.0 
0.19285291566854396 0.04699827120576783 0.0 
0.003688163496291442 0.004128261795735088 0.0 
0.03399586964584437 -0.0242320262216757 0.0 
0.028334788549507613 0.020610482098248284 0.0 
0.26080667104170224 0.04287971563270145 0.0 
0.8273481025285808 -0.001678004265199511 0.0 
0.025762047183059415 0.020345518668395547 0.0 
0.7615571768610987 -0.0015382583773985371 0.0 
0.0031289901008117725 -0.0035641993466507733 0.0 
0.004180675556087962 -0.004585974876171454 0.0 
0.05389558154196195 -0.03156041070523086 0.0 
0.02136079493680015 0.01797231358173206 0.0 
0.03402392782005325 0.023052875312968204 0.0 
0.7359922450049664 -0.0017455371248490778 0.0 
0.004527145089212155 0.005159187783608676 0.0 
0.008232083485670222 0.008658937759345278 0.0 
0.1186917897060315 -0.044265859003558006 0.0 
0.01765525588242639 0.015766570898635476 0.0 
0.0071336680722232934 -0.0032500121542290636 0.0 
0.3109588168107177 -0.037452767026288476 0.0 
0.037269955307820006 -0.025615089754151006 0.0 
0.00523179443552003 -0.001683467129742263 0.0 
0.00668152377763478 -0.0048102096587289 0.0 
0.7544513420505883 -0.0016673058544526224 0.0 
0.0068209222417402885 -0.0044906229455000685 0.0 
0.09613504954632575 -0.04125551159412938 0.0 
0.033995875601957215 0.024232029267812788 0.0 
0.5920571876499753 0.004865924868163095 0.0 
0.6518825392677144 0.0008320313245789922 0.0 
0.006831227393624653 0.007533974705365555 0.0 
0.007045703203254372 -0.003705094479439543 0.0 
0.1700722248072812 -0.04537471392009603 0.0 
0.01602562681425385 0.014723332435972503 0.0 
0.4479381165675984 0.01994436607590909 0.0 
0.049124851006980594 -0.030015951027398957 0.0 
0.009626576717545686 0.01002816660409662 0.0 
0.005335939270928862 -0.005380693536333778 0.0 
0.004997483717057419 -0.005206660444536634 0.0 
0.00527812357712238 -0.0008588386512209328 0.0 
0.07150491931487564 -0.03637169754832876 0.0 
0.8326294428100435 -0.0010052824000677024 0.0 
0.7359922450239862 0.0017455370823499087 0.0 
0.7822747841484268 -0.00024730644830636315 0.0 
0.023466113117319425 -0.019137475676618894 0.0 
0.006941842354472506 0.004120457298714311 0.0 
0.006820921719788164 0.0044906226920509275 0.0 
0.009626575622229152 -0.01002816636875224 0.0 
0.010708031814796862 -0.010905457762880627 0.0 
0.005196258018350623 0.0020723144422875187 0.0 
0.004997476850061379 0.005206655420623706 0.0 
0.8189129121372293 0.002346306902926719 0.0 
0.7242104955296895 0.0016464655402938623 0.0 
0.08085007115528761 0.036493334502531914 0.0 
0.005294945536299723 -0.005994462536573769 0.0 
0.003018203133604014 -0.003513367724478951 0.0 
0.007265487157052108 0.002242970557543506 0.0 
0.006521940092021221 0.005073953911822667 0.0 
0.10068874572824812 0.039950423678275636 0.0 
0.004518009799065332 0.004074973660072959 0.0 
0.7822747853480528 0.000247306016344255 0.0 
0.014527339619153663 -0.013717664309860298 0.0 
0.07876453524983691 0.03800999050965994 0.0 
0.0066541433400936125 -0.007289069210594196 0.0 
0.004102659561032105 -0.004748248632377552 0.0 
0.005098008906175051 0.0027820219186514518 0.0 
0.06589554103038753 0.0331537490020066 0.0 
0.12837792320209643 0.04323589579742624 0.0 
0.8065976970095092 0.0029871606953144345 0.0 
0.0031281359811770274 0.003563250464057319 0.0 
0.7313387332331861 -4.077315815334085e-11 0.0 
0.02384460817323779 0.019752757626661625 0.0 
0.00860388820270405 0.0060032382109735365 0.0 
0.7063627766519628 -0.00011891146486819627 0.0 
0.009263471464698539 -0.004059694137117472 0.0 
0.0803416036169975 -0.03944106582711032 0.0 
0.6067718400099821 0.004671512285207867 0.0 
0.13179906161477123 -0.04666395283647148 0.0 
0.006267601869720291 -0.006459786233556994 0.0 
0.04189347826745922 0.02816069595381731 0.0 
0.026236577503532067 -0.021047840379763372 0.0 
0.008259594360597646 0.00884441099703276 0.0 
0.0060206631071516355 -0.006735681907977984 0.0 
0.6765022069079426 0.0007238126943836607 0.0 
0.008805393024687599 -0.005606102243135203 0.0 
0.7761104044416817 -0.0009598882453060604 0.0 
0.044795395199756435 0.028508613551627836 0.0 
0.037269961861127326 0.025615092964360667 0.0 
0.01187894722398181 0.011811041968719637 0.0 
0.007310667343839099 -0.0017022904813789445 0.0 
0.03168833302649755 0.023766981826569725 0.0 
0.27239317143800273 0.04270467250910308 0.0 
0.37390976035758594 -0.03013616533953712 0.0 
0.007206680079693003 -0.0027607656347221135 0.0 
0.1327005745938003 -0.04555034929661044 0.0 
0.0606532586157695 -0.03451104063264186 0.0 
0.017778352817104166 -0.01611778643157372 0.0 
0.7544513305138356 0.0016673059596122026 0.0 
0.1491830709502028 0.04655841316789268 0.0 
0.11869181080999909 0.04426586244987839 0.0 
0.006267594530443211 0.006459780682633234 0.0 
0.0051828097687415305 0.00566404886821277 0.0 
0.3169457055154114 0.03764111519821037 0.0 
0.0054104218724897474 0.006022702161564126 0.0 
0.7722809164416993 -0.0011752260485169727 0.0 
0.7674607734982487 -0.0013706569338389249 0.0 
0.010708033209950969 0.010905458325338648 0.0 
0.03479309455635988 0.025190642254022403 0.0 
0.03100420513675776 -0.0228925858097818 0.0 
0.007361721644216571 0.0005750801490267976 0.0 
0.0036884875556186395 -0.004128607205058354 0.0 
0.22269075327276835 -0.045781440976670314 0.0 
0.05916625141489873 -0.03313828003389948 0.0 
0.7103461045190038 -0.0014067281440521928 0.0 
0.19285288216497443 -0.04699827077942543 0.0 
0.5053352749163006 -0.013228958539081756 0.0 
0.26080662759747136 -0.04287971850343122 0.0 
0.04595285818891144 -0.029702778236090892 0.0 
0.04912485971291509 0.030015954683571676 0.0 
0.5920572409154272 -0.00486592053370702 0.0 
0.10746367037506666 -0.04410725440426298 0.0 
0.47647643975679926 0.017440535433208896 0.0 
0.006133718546059801 -0.0054135444713235975 0.0 
0.006521940606063571 -0.005073954620799298 0.0 
0.005182870613777815 -0.005664108024509754 0.0 
0.6246608339594171 0.002467693671369407 0.0 
0.02164895574213151 0.01850011292792742 0.0 
0.14918304460649265 -0.046558410760705035 0.0 
0.05528455675682792 -0.03288331353472611 0.0 
0.008625664129459977 0.009176145028013612 0.0 
0.014527341894517964 0.013717665652847696 0.0 
0.6980208576199538 5.212364860036433e-5 0.0 
0.07876452120651734 -0.038009986465499274 0.0 
0.007361721704289267 -0.0005750794111116323 0.0 
0.00563521260350928 -0.005470155268170027 0.0 
0.0063111779104237965 0.006958545965433031 0.0 
0.009133748426875275 -0.004627457784621003 0.0 
0.02884405260859522 0.02238588935157863 0.0 
0.007310667216985033 0.0017022903548781652 0.0 
0.025762042739855617 -0.02034551614242974 0.0 
0.7810631173714236 0.0004918461928716465 0.0 
0.014502379833891292 -0.013888224124544341 0.0 
0.7810631197860713 -0.0004918458964488505 0.0 
0.008981485447767003 0.005145236254547138 0.0 
0.005899845437228962 0.0054795809970519995 0.0 
0.011716849172337963 -0.011792725524723827 0.0 
0.6284299042602906 -0.003187479845154576 0.0 
0.7674607735071396 0.0013706568759822384 0.0 
0.07150493205693846 0.03637170157602927 0.0 
0.01942897720365233 -0.016849076444624973 0.0 
0.37390969419227815 0.030136173780689144 0.0 
0.007696702287182593 -0.008346017343463378 0.0 
0.09613506668364943 0.041255515508371955 0.0 
0.776110409449218 0.0009598878511088822 0.0 
0.0591662619360098 0.03313828392251632 0.0 
0.007133667786650732 0.003250011987901746 0.0 
0.007206679950323878 0.002760764733867077 0.0 
0.0063401395755120545 0.0052767259509859735 0.0 
0.01602562423039504 -0.014723330873660687 0.0 
0.6518825207843346 -0.0008320323083347061 0.0 
0.004527263154077572 -0.00515931380163836 0.0 
0.00862566335227582 -0.00917614517358667 0.0 
0.0070457028506178306 0.0037050942908721865 0.0 
0.6628857460558437 -0.001296203949480762 0.0 
0.005335936357945995 0.005380691867482488 0.0 
0.7459928873482903 0.0017431348338837326 0.0 
0.16887819172253057 0.04712596728777939 0.0 
0.08691856187108517 0.039644890183371924 0.0 
0.0045412590492366674 0.005082031006428894 0.0 
0.003822973757272358 -0.004368210059276348 0.0 
0.049550601386179366 0.03126924324598488 0.0 
0.00957460800840794 0.0014299750750894958 0.0 
0.059675860092422386 -0.034561315688912096 0.0 
0.6536161465860869 0.0017741667680848815 0.0 
0.7190112584373584 0.00025198287542194976 0.0 
0.011554268823176695 -0.0048697841420211295 0.0 
0.08034158671334116 0.03944106128695578 0.0 
0.028086655676370545 0.022134200698145274 0.0 
0.018856621645158816 -0.016839108462956037 0.0 
0.5882772518159378 -0.006335506229527141 0.0 
0.20794491087439315 -0.047548015018831484 0.0 
0.014502376566693807 0.013888221051657091 0.0 
0.5518399363640231 -0.009334346822031547 0.0 
0.0606532459136022 0.03451103609094988 0.0 
0.7235450079878195 -0.0002468319546387931 0.0 
0.041103220673627455 0.0280786529682456 0.0 
0.00961273800445492 -7.667922226798021e-11 0.0 
0.0731025888226907 -0.037801603175578846 0.0 
0.09737768278825087 -0.04262054432462268 0.0 
0.00837506146010169 -0.00632996825921529 0.0 
0.007825876063043588 -0.0067463149251819985 0.0 
0.010479020283245797 0.010787725552614683 0.0 
0.009459232739386328 0.0028023354362363383 0.0 
0.09737766226437147 0.04262054006154196 0.0 
0.7269959200285696 0.00021024013941313438 0.0 
0.7308613346906714 7.921201682613642e-5 0.0 
0.006930095172127929 0.007288305911199644 0.0 
0.3678256118773453 0.03158084944286814 0.0 
0.005410487615512015 -0.006022768502846425 0.0 
0.7190112660263359 -0.0002519829715847019 0.0 
0.31694576555603204 -0.037641108365556654 0.0 
0.47647640716144235 -0.017440539172970455 0.0 
0.017778349003824537 0.01611778327866828 0.0 
0.026236572052341298 0.02104783684421655 0.0 
0.040857775164839 0.027041039637871505 0.0 
0.0665685987980174 -0.036153862740471866 0.0 
0.6469842930466899 0.002093690295346437 0.0 
0.6284298893263389 0.003187480769071823 0.0 
0.2368549418841219 -0.04584100059892352 0.0 
0.6881329037011542 0.0003227012570894965 0.0 
0.16384426903215257 -0.0481708653271799 0.0 
0.1466470023311544 -0.04759932559930474 0.0 
0.0418934869785315 -0.028160700117379287 0.0 
0.03479310177342911 -0.02519064616608567 0.0 
0.00726548740870931 -0.0022429699036036585 0.0 
0.08839042070026519 -0.04105498726471923 0.0 
0.7133172647028828 -0.00021415235560906347 0.0 
0.007342647584622255 -0.001144421459195589 0.0 
0.00898148570691015 -0.00514523727163801 0.0 
0.007256948011767579 0.007896985940091937 0.0 
0.008603888929056905 -0.006003238603480713 0.0 
0.009330098625899218 0.009806374478953932 0.0 
0.009371693486528878 -0.0034489598716200475 0.0 
0.517133637561183 0.01285792771288238 0.0 
0.5814615911611384 0.0066684070620359045 0.0 
0.019632170574837664 0.01728891742012277 0.0 
0.005755722279424672 -0.006121150337592386 0.0 
0.06548720076345386 -0.03622710426548509 0.0 
0.6628857679285353 0.0012962028986620413 0.0 
0.007134159594809832 -0.006805253754855056 0.0 
0.006725153711449857 -0.006685922272524505 0.0 
0.013054262421718012 0.012825117750607214 0.0 
0.7790203277171007 -0.0007305784820414157 0.0 
0.4289819918928724 -0.02322851089222305 0.0 
0.11885089324789747 -0.04547388036795217 0.0 
0.03741066877088385 0.026533900190071576 0.0 
0.008805392419596046 0.005606101910134791 0.0 
0.028844058591694872 -0.02238589300877207 0.0 
0.7308613332645957 -7.921221277972963e-5 0.0 
0.01305426548638771 -0.012825120828331633 0.0 
0.006831228540850968 -0.007533976983308623 0.0 
0.7615571768716375 0.0015382583227171133 0.0 
0.006133717245984324 0.005413544008250872 0.0 
0.6067718748791507 -0.004671509735698512 0.0 
0.045952848617827106 0.029702773956064125 0.0 
0.20794486810907134 0.04754801613516812 0.0 
0.23685489394071496 0.04584100345041036 0.0 
0.005255985400663618 -0.005946103851731653 0.0 
0.10663099579534027 0.04281112589979589 0.0 
0.02164896028120065 -0.018500116245320653 0.0 
0.023844613144075374 -0.019752761048007546 0.0 
0.13270059812500662 0.04555035231448913 0.0 
0.004541459366462683 -0.005082238422075176 0.0 
0.009263471127329776 0.0040596939165242815 0.0 
0.06656858483298105 0.036153858159602946 0.0 
0.008375060950930598 0.006329967359773934 0.0 
0.019632174728509495 -0.0172889206468732 0.0 
0.010479023106040743 -0.01078772876707529 0.0 
0.6765022069309673 -0.0007238127475566599 0.0 
0.009133748012387248 0.004627457535160302 0.0 
0.6980208441024522 -5.21240353435404e-5 0.0 
0.11885086820359797 0.04547387675276313 0.0 
0.007134158060874252 0.006805252741381476 0.0 
0.006725150134261285 0.0066859198332297354 0.0 
0.006208816450389525 0.006730053572619256 0.0 
0.6817051803532359 -4.905151615524538e-11 0.0 
0.06867311182419834 -0.03694328909774861 0.0 
0.04719582698142625 0.030286076602469982 0.0 
0.010651584590879584 0.0071958791232538954 0.0 
0.104861331958625 -0.04421234831130132 0.0 
0.016992449090991908 0.015611950452860887 0.0 
0.010651585378053992 -0.0071958796031518285 0.0 
0.605567494303255 0.004951994852499469 0.0 
0.15628223944804587 -0.04845593186673151 0.0 
0.01368680475344163 -0.013258494961480134 0.0 
0.007581471518270519 -0.007704162893629043 0.0 
0.5187255008429443 0.01305632784848462 0.0 
0.012218071223438536 0.012125899346271247 0.0 
0.011704209416853618 -0.004137557598458681 0.0 
0.2452518197670952 0.045660868825373 0.0 
0.27840475742829257 -0.042579045322624645 0.0 
0.007256957484961051 -0.007896995779550527 0.0 
0.05438123875628079 0.032905805483464744 0.0 
0.025478087984677777 -0.02074968253826441 0.0 
0.008395928641411421 0.008855956023125729 0.0 
0.008700164871884051 0.008135084103793011 0.0 
0.006208857294528647 -0.006730092126676263 0.0 
0.03092922603973592 0.023560132972861237 0.0 
0.009574608051156307 -0.0014299762861817635 0.0 
0.7269959200256642 -0.00021024021889469053 0.0 
0.07891524362843996 -0.03954304882546739 0.0 
0.05528454520002864 0.032883309060505676 0.0 
0.023082650808480747 0.019406315368859763 0.0 
0.011166054851404811 0.00617023735684575 0.0 
0.030929227890861628 -0.023560134280158372 0.0 
0.0075814652459492825 0.007704158123681808 0.0 
0.020881316991838764 -0.018103257449747844 0.0 
0.7133172647137807 0.0002141522833856574 0.0 
0.146646971543226 0.04759932320379412 0.0 
0.008154268854072623 0.008451853408954537 0.0 
0.729421475287292 0.00015168180892337707 0.0 
0.2723932251993417 -0.042704667687615466 0.0 
0.03402875646801829 0.02502707449704321 0.0 
0.729421478155695 -0.00015168179010222475 0.0 
0.016072905355131218 0.014984935843378408 0.0 
0.045138009970280876 0.029658430682465185 0.0 
0.05040168558298876 0.031278532736379476 0.0 
0.07187645942840172 -0.03789225783262349 0.0 
0.00960322050650594 0.0007185914419345523 0.0 
0.03168833959675467 -0.02376698561016902 0.0 
0.588277251782595 0.006335506185617566 0.0 
0.633334513115786 0.0029952374170822663 0.0 
0.31855250345050035 0.03798427075079803 0.0 
0.6443117098175947 0.0023132553070532814 0.0 
0.5171336935710784 -0.012857921657544671 0.0 
0.17377950768771847 -0.04874165167305898 0.0 
0.011166055072472262 -0.006170238586249163 0.0 
0.6614030279325592 0.0013470516810520179 0.0 
0.6729035211738128 0.0007334644095270265 0.0 
0.038184857041289696 -0.026655802071707174 0.0 
0.009526717300487713 -0.0021269525939124076 0.0 
0.009603220584081433 -0.00071859052973513 0.0 
0.011375238234023541 -0.005550175906359214 0.0 
0.008116626583075295 -0.006579771711821576 0.0 
0.4131934888875529 0.02579453266674674 0.0 
0.025478086375456063 0.020749681186489254 0.0 
0.009459233062211954 -0.0028023346306274384 0.0 
0.1839983206918858 -0.04822537545721898 0.0 
0.5518399362836944 0.009334346863777293 0.0 
0.04955060422746655 -0.031269244531901476 0.0 
0.008169531596019668 -0.007984217099468742 0.0 
0.12749544483161934 -0.046785943815575666 0.0 
0.5814615708539299 -0.006668408766859679 0.0 
0.5683018150853295 0.00808410406147927 0.0 
0.011716846258107372 0.011792722402825095 0.0 
0.009585018030952693 0.009929393303511379 0.0 
0.00749962690749722 -0.006823457957755954 0.0 
0.08668810825648278 -0.041162186102556016 0.0 
0.36782562991548184 -0.0315808470369711 0.0 
0.05438124187039007 -0.03290580676627089 0.0 
0.00937169336252126 0.0034489587348451255 0.0 
0.009526717149140882 0.0021269524253437165 0.0 
0.008116625539850004 0.006579771146442591 0.0 
0.6881329037202819 -0.000322701316362881 0.0 
0.007274991765613555 0.007791649743130102 0.0 
0.10746364772071758 0.044107250408026336 0.0 
0.016992450491826457 -0.015611952055588274 0.0 
0.08839040208341307 0.04105498282645229 0.0 
0.5683018310739758 -0.008084102630023885 0.0 
0.723545013922632 0.0002468318436324868 0.0 
0.0731025734628516 0.03780159859192886 0.0 
0.009330101426847915 -0.009806377844309452 0.0 
0.6204957225751997 -0.0038587071055453045 0.0 
0.605567470413328 -0.004951996735752359 0.0 
0.01155426844592727 0.004869783866257733 0.0 
0.007499624886373817 0.006823457150398196 0.0 
0.7063627766649994 0.00011891139632160603 0.0 
0.18399828246643687 0.04822537513008812 0.0 
0.13179903387709735 0.046663949743958696 0.0 
0.006311205336843793 -0.006958573369335261 0.0 
0.6119243505122899 0.0032000449518228137 0.0 
0.09529610717122639 0.04272785185386267 0.0 
0.014219537779037832 -0.004827251005027755 0.0 
0.02914366990577539 0.02252479038405592 0.0 
0.5524084270004478 0.009006537552007352 0.0 
0.02150221867943624 -0.018315925244838355 0.0 
0.5681566216582599 -0.007399827097025356 0.0 
0.14098052708551842 0.04777026199242315 0.0 
0.17997839006999297 -0.04860600338559071 0.0 
0.6677985205968076 -0.0010069491749485414 0.0 
0.00895568700513808 -0.008945934248160087 0.0 
0.011986802722685923 0.0017157289276983438 0.0 
0.012026805301488197 -0.000862203400592826 0.0 
0.09092058484978499 -0.04182480997251311 0.0 
0.488205900986731 -0.01650240400652533 0.0 
0.6767967090342722 -0.0005096428164698372 0.0 
0.01885662023117497 0.016839106950937384 0.0 
0.5935304697008568 0.004942238762233615 0.0 
0.36076364028366775 0.032799367022023004 0.0 
0.013785462739698967 -0.006474384743236249 0.0 
0.013686803277426178 0.013258493097589027 0.0 
0.009996154471377056 -0.007881157109600008 0.0 
0.4882059009141006 0.016502404044998593 0.0 
0.4131934572479007 -0.025794536627856912 0.0 
0.5343223973348771 -0.010939769712897065 0.0 
0.6443116947727684 -0.002313256285660564 0.0 
0.21749942540292663 0.04754155019809986 0.0 
0.00917856084715208 0.008163513457634776 0.0 
0.008955682112416189 0.008945930472171347 0.0 
0.00944365627232332 0.009618435027747051 0.0 
0.31855252000818773 -0.03798426871863193 0.0 
0.6767967090307075 0.0005096427209536649 0.0 
0.006930105823787978 -0.007288315289343129 0.0 
0.02088131553695949 0.01810325600743716 0.0 
0.05696301871950697 0.03359434810263792 0.0 
0.011825888118135458 0.0033620590659297483 0.0 
0.05967585667607132 0.03456131441300098 0.0 
0.07187645530795485 0.03789225659028634 0.0 
0.6677985291322095 0.0010069486320790483 0.0 
0.09529611265368076 -0.04272785295666833 0.0 
0.04110322304871882 -0.028078654256382035 0.0 
0.04513801256586635 -0.029658431969574503 0.0 
0.011986802755957725 -0.0017157303907275748 0.0 
0.015273845191306706 0.014419378478967817 0.0 
0.010342644258977043 -0.007585056247233906 0.0 
0.45319230522951537 0.020732439682305412 0.0 
0.010925386781449069 -0.0067215658021533 0.0 
0.03543871080304421 0.025523140825298676 0.0 
0.21749943762459192 -0.047541549561803904 0.0 
0.19396708448532163 -0.04849457015149829 0.0 
0.011919933710996616 -0.0025519020496624534 0.0 
0.620495722549068 0.003858707041439047 0.0 
0.06254957351031414 -0.03526864331478904 0.0 
0.14098053519675116 -0.04777026257989733 0.0 
0.5343223973013926 0.010939769660446233 0.0 
0.11553288935637494 -0.045580247578193116 0.0 
0.5452627771333468 0.010288830918573699 0.0 
0.011825888512623553 -0.0033620581102067186 0.0 
0.24525183332975795 -0.04566086774311306 0.0 
0.009178563049307403 -0.008163514409137158 0.0 
0.008700166292565833 -0.008135085261227816 0.0 
0.010854942762490116 0.011017687055238689 0.0 
0.07539416720545582 -0.03860541425212601 0.0 
0.011375237773154776 0.005550175595798597 0.0 
0.010925386118908094 0.006721565392097346 0.0 
0.04292768023829839 0.028666826347248 0.0 
0.05186057354591414 0.03193074105695452 0.0 
0.6811651065556036 0.00015502070085220983 0.0 
0.03402875847189233 -0.025027075793534807 0.0 
0.008169528530660183 0.007984214943574434 0.0 
0.010854944498393436 -0.011017689313885694 0.0 
0.012218072801366844 -0.012125901389416098 0.0 
0.012026805206040426 0.0008622044852380237 0.0 
0.07891523909919101 0.03954304761471582 0.0 
0.02808665739594239 -0.022134202023165794 0.0 
0.015273846610899944 -0.014419380197510547 0.0 
0.6811651081688381 -0.00015502056223942333 0.0 
0.5452628139825284 -0.010288827255979974 0.0 
0.27840474240388174 0.04257904688526925 0.0 
0.1638442347730076 0.04817086384039514 0.0 
0.11553288270077444 0.045580246669450104 0.0 
0.01034264381377487 0.0075850551669992584 0.0 
0.023082652329085216 -0.0194063167588148 0.0 
0.008259598509049 -0.008844415738791439 0.0 
0.011704209316151593 0.004137556224367748 0.0 
0.6333345131371839 -0.002995237488164614 0.0 
0.007825874583130034 0.006746314326173173 0.0 
0.661403027945152 -0.001347051767871234 0.0 
0.17377949775416238 0.048741651585141335 0.0 
0.008395934268097708 -0.008855961681795088 0.0 
0.007275010614559213 -0.007791667321136186 0.0 
0.06412336682593585 0.035181452950107044 0.0 
0.014594598955522576 0.0020019150180297417 0.0 
0.07738180063289692 -0.038488728451030636 0.0 
0.6333788158179995 -0.00043975922423519103 0.0 
0.013510851576551474 0.007196873054694485 0.0 
0.019351952110556583 0.016987364947391496 0.0 
0.01244017541940578 -0.008841719819050124 0.0 
0.5034103846327279 0.01318739572446826 0.0 
0.01554011976142606 -0.01443005814715002 0.0 
0.4329850642929483 0.023295592308466104 0.0 
0.2804774933945821 -0.04241416217743765 0.0 
0.014647854519923554 -0.0010060312762146617 0.0 
0.12088533163449881 -0.046021693909013145 0.0 
0.029143667491054796 -0.022524789890406356 0.0 
0.010406187349789571 0.010191150289749191 0.0 
0.2494379334595252 0.04529752699398031 0.0 
0.3607636104607122 -0.032799370775098154 0.0 
0.01384698256150576 0.013195297703572553 0.0 
0.31711289370751006 0.038309762737120376 0.0 
0.014380783060812965 0.003922658091490828 0.0 
0.01034943927723879 -0.009464329830718743 0.0 
0.01081284226759504 0.01079422315270263 0.0 
0.035438707680352434 -0.02552314008684058 0.0 
0.05306657389432327 0.031845213162287674 0.0 
0.01284000596041916 0.008390224211770433 0.0 
0.023838176314594235 -0.01968078660444584 0.0 
0.009996153371442919 0.007881156431082802 0.0 
0.010952636706511119 0.009503795556583698 0.0 
0.3988837398832842 0.027801839011900486 0.0 
0.679536959110899 0.00032105100906891146 0.0 
0.009443659910963029 -0.009618438568340992 0.0 
0.6729035278643043 -0.0007334641360586168 0.0 
0.023838178081299573 0.01968078679997218 0.0 
0.039019559153920046 0.02707795860955128 0.0 
0.026378560400483638 0.021083460541323384 0.0 
0.08278277131675205 -0.040239124325817305 0.0 
0.06867311839584293 0.03694329029666612 0.0 
0.06254957946018626 0.035268644492339435 0.0 
0.011919933539902937 0.0025519018372004354 0.0 
0.06548719701272315 0.03622710300229946 0.0 
0.037410670949136506 -0.02653390148076737 0.0 
0.6035251992828247 0.004000063064636825 0.0 
0.16244825366667268 -0.048481593922334094 0.0 
0.013196237096030827 -0.007838743786907838 0.0 
0.6243858207309533 0.001913254143545101 0.0 
0.6188459776536845 0.002512753748567592 0.0 
0.5187254797198082 -0.013056330140495722 0.0 
0.017370000094818126 0.015692981436394016 0.0 
0.012040119930601868 -9.690346498833452e-11 0.0 
0.014021355118704578 -0.005681179284502627 0.0 
0.22288259377470396 -0.04716634451267961 0.0 
0.19995115028403787 -0.048213621997992076 0.0 
0.013510851726381357 -0.007196874492576272 0.0 
0.0321556361209559 0.02400490270957462 0.0 
0.0145945989723586 -0.002001916734016151 0.0 
0.01438078352706365 -0.0039226569854127515 0.0 
0.05696301333998619 -0.03359434696394702 0.0 
0.047195822609571204 -0.030286075586115933 0.0 
0.5681566216300584 0.007399827021431183 0.0 
0.5817975268850681 0.006061580007909136 0.0 
0.009685499380598529 -0.00928095845326424 0.0 
0.49005980238285385 0.01605637757252062 0.0 
0.5136364670769963 0.013265764560708406 0.0 
0.009609250404800596 -0.008076467022378341 0.0 
0.1331876001599244 -0.047108488039950915 0.0 
0.09990363841485725 -0.04333826309951069 0.0 
0.014021354713902789 0.00568117895481782 0.0 
0.6339678821540357 -5.743160012173828e-11 0.0 
0.15628223047759832 0.04845593150337156 0.0 
0.012275951936057261 -0.011984835945520092 0.0 
0.0866881032749525 0.04116218493714478 0.0 
0.5136364835414364 -0.013265762700537689 0.0 
0.6795369558686762 -0.0003210513673369493 0.0 
0.6536161466012924 -0.0017741668507028562 0.0 
0.45319236108257716 -0.020732432691409886 0.0 
0.12749543748824466 0.04678594304855207 0.0 
0.019351950970373042 -0.016987365114438314 0.0 
0.008154276774414172 -0.00845186049075481 0.0 
0.5524084018959209 -0.00900654023867015 0.0 
0.10486132592052941 0.044212347292462754 0.0 
0.5817975269079213 -0.006061580091398462 0.0 
0.009609248806053903 0.0080764663096531 0.0 
0.010349438054425859 0.009464328592567916 0.0 
0.009685496944585377 0.009280956666987016 0.0 
0.19396707347178802 0.04849457039601925 0.0 
0.009585021385067595 -0.009929396981646972 0.0 
0.0174843450951251 -0.0011501778296907287 0.0 
0.5781427013362226 0.003225254290136585 0.0 
0.016682319462326588 -0.00649475504980873 0.0 
0.024011811227384283 -0.019424765277693285 0.0 
0.0326459987175599 0.023839690271563328 0.0 
0.13641743300182152 -0.04667222708872964 0.0 
0.5336163109409063 -0.009325663642356695 0.0 
0.10984616759156643 0.044749581372819244 0.0 
0.1831608455044725 -0.04793768749913183 0.0 
0.16244826938963972 0.048481593882434594 0.0 
0.021583526074312038 0.018022844167344152 0.0 
0.48503807260055143 -0.015591587030419008 0.0 
0.6188459684026689 -0.0025127548074810394 0.0 
0.46328097633134196 -0.019381959904571266 0.0 
0.011948491270608106 0.011445567196926607 0.0 
0.012098454262214885 -0.010797757736813239 0.0 
0.010406190551753675 -0.010191152878037388 0.0 
0.04292767631339141 -0.028666825411643566 0.0 
0.04381433858442915 0.028561633145103814 0.0 
0.09335407078012993 -0.04164308910209074 0.0 
0.5650235863988483 0.0052349939746306915 0.0 
0.014665589354305337 -1.1756051257527332e-10 0.0 
0.2250110792229511 -0.04648512509552877 0.0 
0.016033216771937822 -0.008226560996272687 0.0 
0.46422902743097283 0.018375653308792532 0.0 
0.5457952670681303 0.007775382634773176 0.0 
0.5195425242589846 0.01111476181546657 0.0 
0.39888379371949423 -0.027801831825767318 0.0 
0.012838476812539402 0.010848460691104093 0.0 
0.011289320746059067 0.010581554493846164 0.0 
0.35273534866851586 0.03375033152758558 0.0 
0.31711286607995814 -0.038309766018320236 0.0 
0.6316038379831777 0.0008945802382964531 0.0 
0.6333788140584955 0.0004397597723766003 0.0 
0.03901955564398796 -0.027077957766673155 0.0 
0.02952084097488038 0.022332617268719802 0.0 
0.04823621605874274 0.03019304721026249 0.0 
0.08499091487681139 -0.04009484385356 0.0 
0.070448551948443 0.03684529451625441 0.0 
0.08278277931057049 0.040239125503901456 0.0 
0.07539417445622595 0.03860541545229252 0.0 
0.014647854406346448 0.0010060325328032538 0.0 
0.2804775187337078 0.042414159493500435 0.0 
0.10984615690739172 -0.044749580443005296 0.0 
0.49005983984722085 -0.01605637305234316 0.0 
0.6119243505262353 -0.0032000450535818784 0.0 
0.01714171743150752 -0.004484620296787788 0.0 
0.012840006777497219 -0.008390224769462745 0.0 
0.014505666480699028 0.0029775040165769743 0.0 
0.48503807256838793 0.01559158696773324 0.0 
0.051860568690738115 -0.03193073997252708 0.0 
0.015540120249293774 0.014430057539891556 0.0 
0.014505666666446771 -0.0029775042733917122 0.0 
0.012275951684415686 0.011984834817891615 0.0 
0.021502220132881625 0.018315925267986508 0.0 
0.46328099748803525 0.01938195721459067 0.0 
0.2494379103483763 -0.04529752905045592 0.0 
0.011499624096379828 -0.009407474793380161 0.0 
0.01095263904047606 -0.009503796609746182 0.0 
0.10256200688667046 -0.04310852154165138 0.0 
0.14695735360581796 -0.0479524350816599 0.0 
0.01199433983700109 -0.009183843244639101 0.0 
0.6286194389007879 0.0013801199034131015 0.0 
0.06412337735739097 -0.035181455134546326 0.0 
0.07044856355069672 -0.036845296622010006 0.0 
0.039763805588312745 0.026956446593937478 0.0 
0.013785462248161639 0.006474384373961159 0.0 
0.014219537720069862 0.004827249393754275 0.0 
0.012440175092874105 0.008841718572573414 0.0 
0.01149962242666065 0.009407473996797264 0.0 
0.013846982427992783 -0.013195298562226045 0.0 
0.03215563336193777 -0.024004902087353213 0.0 
0.1999511693705878 0.048213621084885125 0.0 
0.05834681344634841 0.03351101660344493 0.0 
0.6286194389049069 -0.0013801200152031962 0.0 
0.13318761311706362 0.04710848859815319 0.0 
0.01736999927412561 -0.0156929818131579 0.0 
0.6316038344501 -0.0008945810485152326 0.0 
0.519542524288225 -0.011114761903370731 0.0 
0.013196236400876391 0.00783874330611134 0.0 
0.09092059365789454 0.04182481110132892 0.0 
0.026378558315008682 -0.021083460189484756 0.0 
0.5935304535768019 -0.004942240379522166 0.0 
0.22288261479202878 0.04716634305655009 0.0 
0.010812844878306159 -0.010794226003530171 0.0 
0.07102105682334213 -0.03608254478146739 0.0 
0.07806503711181016 0.037696595043701424 0.0 
0.58765584541671 -0.000759253567243202 0.0 
0.04840937359977673 0.02950629274515206 0.0 
0.01668231904190561 0.006494754669331238 0.0 
0.48879647839821205 -0.012618019484525423 0.0 
0.4746094896267595 0.014808862906060262 0.0 
0.014684625811520089 -0.010102530293915123 0.0 
0.03976381208438234 -0.026956448908571424 0.0 
0.22501104278358902 0.04648512832423338 0.0 
0.4407790667750671 -0.021581919288311904 0.0 
0.10356607675790075 -0.04220245242224428 0.0 
0.10256198982665135 0.04310852010728445 0.0 
0.03598449367037852 0.024712705365407706 0.0 
0.01741593663629162 0.0022887482485640298 0.0 
0.27958761067026605 -0.042125150632729536 0.0 
0.5723013755309958 -0.004178026447643431 0.0 
0.01728050019802331 -0.01531455261621936 0.0 
0.352735399439153 -0.03375032470783376 0.0 
0.5876558435515881 0.0007592545761449614 0.0 
0.01750713560101727 -1.380817512199369e-10 0.0 
0.1657764970942593 -0.047880986946903965 0.0 
0.1239561408357664 -0.04566359289026335 0.0 
0.5826164686468008 0.002352242752856464 0.0 
0.024011807076291577 0.019424762935927372 0.0 
0.4402160751293108 0.020049758354737972 0.0 
0.05306658256938279 -0.031845215438195386 0.0 
0.017280496787803343 0.015314550177982366 0.0 
0.013597943753857047 0.012714498495440962 0.0 
0.017301796144101707 -0.0034041003023652316 0.0 
0.06458827673261548 0.03444374737246978 0.0 
0.016033216725238626 0.00822655935574448 0.0 
0.015186242028327282 0.00958841142751589 0.0 
0.01351374057266904 0.010742920334844494 0.0 
0.0326460041004876 -0.02383969258837821 0.0 
0.026650481331351193 -0.0208610320561874 0.0 
0.011289323077727058 -0.0105815563172263 0.0 
0.04381434573420859 -0.028561635454814948 0.0 
0.5336163109173404 0.009325663545672776 0.0 
0.0857857232185372 -0.03926892474607078 0.0 
0.0849909008025375 0.04009484199869719 0.0 
0.07738178785306574 0.03848872645307298 0.0 
0.15028466884329164 -0.04743303504097562 0.0 
0.5723013852728283 0.0041780248348379945 0.0 
0.1127208695987015 -0.04446089812470462 0.0 
0.2795875671504733 0.04212515580963127 0.0 
0.4642290439031072 -0.018375651128637108 0.0 
0.026650476825067902 0.020861029728803573 0.0 
0.20276850871356789 -0.04750932047860461 0.0 
0.01693537967793101 -0.005518705392517497 0.0 
0.01714171689323285 0.004484621555160034 0.0 
0.016381889559911197 -0.007401208713848477 0.0 
0.03605112682510483 0.0253815308938562 0.0 
0.012838479251950169 -0.010848461802436215 0.0 
0.012997235248791377 0.011891236495576775 0.0 
0.05834682300475274 -0.033511018842964764 0.0 
0.01934589576211352 0.016653570147674476 0.0 
0.5457952502849467 -0.007775384892372782 0.0 
0.2504028471613307 -0.0447374275453412 0.0 
0.01741593662961849 -0.0022887502174870488 0.0 
0.38518188529412345 0.029320269842608177 0.0 
0.5562230821674119 0.006423687529078488 0.0 
0.44077902974137634 0.021581924366753654 0.0 
0.014128039994543259 -0.010490883471145539 0.0 
0.01563515787778343 -0.008959389385396897 0.0 
0.01359794694756393 -0.012714501031188952 0.0 
0.058708827115291705 0.03279420103991226 0.0 
0.17997840739395052 0.04860600294538992 0.0 
0.6243858280005001 -0.0019132534139134254 0.0 
0.12088534339995169 0.0460216946778308 0.0 
0.5034103590151597 -0.013187399123832691 0.0 
0.021583529924252477 -0.018022846531952134 0.0 
0.31336814343640856 0.03850423857608242 0.0 
0.14695736787765531 0.04795243537260029 0.0 
0.5826164686513761 -0.0023522428812284353 0.0 
0.4329850643552404 -0.023295592278445285 0.0 
0.0999036481166873 0.043338264147326874 0.0 
0.6035251992998028 -0.004000063161659176 0.0 
0.011994338727210153 0.009183842473861411 0.0 
0.01209845328932947 0.010797756476296775 0.0 
0.011948495629097883 -0.011445570712309968 0.0 
0.020585398324282467 -1.5793234120926216e-10 0.0 
0.07057381679515867 0.03477778159328006 0.0 
0.538896977347246 0.003379519167979312 0.0 
0.019871861007232976 -0.006212499647097357 0.0 
0.15140287116287499 -0.04635238716190629 0.0 
0.026387077735663324 -0.02017813598468933 0.0 
0.20301753632644257 -0.04643992327740085 0.0 
0.023689515327128517 0.018729608604113036 0.0 
0.01709446287077874 -0.011369995373200522 0.0 
0.44021607515914807 -0.02004975842946506 0.0 
0.27636395839597805 -0.041644148564332004 0.0 
0.5207840585758943 0.0073508097888491265 0.0 
0.5011469920513628 -0.010667551164807491 0.0 
0.014825630057606207 0.013214890681318031 0.0 
0.01485338907742293 -0.012201596433844077 0.0 
0.03977162544326149 0.0262851574275477 0.0 
0.019184188996375622 -0.008331677814253589 0.0 
0.020471370273803313 -0.0025764036583155337 0.0 
0.12395612017105027 0.04566359211014116 0.0 
0.15028464382998954 0.04743303522134487 0.0 
0.38518188534502285 -0.02932026982507006 0.0 
0.5562230821857496 -0.006423687640963195 0.0 
0.014128038911767869 0.010490882631893163 0.0 
0.015669333335229213 0.012086332089593933 0.0 
0.013964027231567661 0.01214002818257795 0.0 
0.3133681906510592 -0.03850423248288124 0.0 
0.01537000025895877 0.014002744561003738 0.0 
0.0129972387963094 -0.01189123928221075 0.0 
0.5882803019567141 -6.594049844760634e-11 0.0 
0.04390196916322157 0.02788438431992738 0.0 
0.5011470091175346 0.010667548300395228 0.0 
0.05333120336176126 0.031145318229642036 0.0 
0.09425759242667686 -0.04077905643646525 0.0 
0.01748434496315141 0.0011501792590353681 0.0 
0.08578572317768028 0.039268924438103106 0.0 
0.1667568057802881 -0.04677520251208824 0.0 
0.09335405528329341 0.04164308743253374 0.0 
0.5342778571375677 0.004606054029389787 0.0 
0.1251034383148735 -0.044666159327516074 0.0 
0.11380981100680786 -0.0435097967013147 0.0 
0.2504028072700496 0.044737431740310425 0.0 
0.5857752067525114 0.00153698353832507 0.0 
0.029319214537794666 0.02165808546683336 0.0 
0.032509742288887304 0.023169805984964976 0.0 
0.4197414173034203 -0.02315770312795298 0.0 
0.015186242848460181 -0.009588412050364111 0.0 
0.5781427090114145 -0.0032252530612523625 0.0 
0.01693537967912723 0.005518703545554256 0.0 
0.4584604076164552 0.017275204895858234 0.0 
0.013513742280709767 -0.010742921182990377 0.0 
0.06458827682437324 -0.03444374777894337 0.0 
0.02120449259256429 0.01731132333209233 0.0 
0.4197414011790747 0.02315770551237455 0.0 
0.48879647837452933 0.012618019373723926 0.0 
0.414488514086514 0.025234883559053022 0.0 
0.018752552122397684 -0.009260622840054146 0.0 
0.22453091340033554 -0.04551313256880268 0.0 
0.07806503716669766 -0.03769659538185636 0.0 
0.02032877190202147 -0.003831970839546115 0.0 
0.04823622393302341 -0.03019304950825344 0.0 
0.017301795948822515 0.0034041000020539696 0.0 
0.02952084589123061 -0.022332619588502568 0.0 
0.01537000353238403 -0.014002747047319693 0.0 
0.47460948965615085 -0.01480886300729984 0.0 
0.5857752030108427 -0.0015369848507905564 0.0 
0.07102105675163042 0.036082544410624175 0.0 
0.015635157172362437 0.00895938884295408 0.0 
0.01934589936487635 -0.016653572544525486 0.0 
0.18316081526495673 0.04793768901160569 0.0 
0.11272085082108993 0.044460896983813246 0.0 
0.3077747787355624 0.03848957767709854 0.0 
0.3437656442333976 0.03439721510513445 0.0 
0.4144884934550893 -0.02523488645454959 0.0 
0.016381889052615888 0.007401208290401254 0.0 
0.03605113273354089 -0.02538153320986507 0.0 
0.5650235864138177 -0.005234994091779044 0.0 
0.014684625652080969 0.010102528898215573 0.0 
0.20276847549748694 0.04750932280484751 0.0 
0.07764237279780019 -0.03635394818612475 0.0 
0.5388969773521974 -0.0033795193133010345 0.0 
0.4975285727668715 0.004419852543576798 0.0 
0.023784111969934813 -0.002864979731396745 0.0 
0.12462874905985245 -0.043144952211768166 0.0 
0.45956181925576683 -0.013497223592956699 0.0 
0.04331445237152905 0.026740450856364634 0.0 
0.019557074246863447 0.007311293644748077 0.0 
0.13758147080924216 0.04563006257793108 0.0 
0.0222142683495833 -0.009266633425044683 0.0 
0.4595618362820581 0.01349722017988142 0.0 
0.41736516670487633 0.02110606865587053 0.0 
0.20301753632384242 0.046439923181365104 0.0 
0.043901969379540946 -0.027884384908985073 0.0 
0.22191980518390644 -0.04424902978578056 0.0 
0.39956846121882317 -0.024144933110769158 0.0 
0.025671834805183938 0.019121305775953043 0.0 
0.0177090919615293 0.010792504642392243 0.0 
0.021204493370526406 -0.01731132448502434 0.0 
0.30777477876467 -0.038489577692761595 0.0 
0.016791262341299747 0.01455695168631485 0.0 
0.5441107133003975 -0.0010984143960064328 0.0 
0.05820559903347732 0.03156055750085353 0.0 
0.020471370311052194 0.002576401437452992 0.0 
0.11380981099442715 0.04350979647263978 0.0 
0.09425759239740523 0.04077905615657788 0.0 
0.03534470982023086 0.023614196983016568 0.0 
0.017709092762925288 -0.010792505316279438 0.0 
0.01566933506353855 -0.012086332958652801 0.0 
0.0938646699658386 -0.039359038974542335 0.0 
0.035984493987963447 -0.024712706078570228 0.0 
0.02931921499644343 -0.021658086332869187 0.0 
0.5282601751370343 -0.005921237888044561 0.0 
0.5117756440587913 -0.008922761741830742 0.0 
0.01641536717292694 0.011805274229019206 0.0 
0.37160700440518163 -0.03037907894506064 0.0 
0.018911488357799863 0.015921325278931146 0.0 
0.5117756440394714 0.008922761614513193 0.0 
0.06411364200408555 0.033175468500760044 0.0 
0.10316981362417546 -0.04074497536978814 0.0 
0.020556895145398775 0.0012947267272893463 0.0 
0.04840937377677279 -0.02950629328135899 0.0 
0.05870882723083812 -0.032794201485450356 0.0 
0.5441107113684959 0.0010984158942147102 0.0 
0.2488153770392889 0.04395013953037816 0.0 
0.018261259936978382 -0.01008517175145952 0.0 
0.1838703207281364 -0.04683063352105381 0.0 
0.020128996187626154 -0.00504836170261416 0.0 
0.019557074671986783 -0.0073112940713920506 0.0 
0.016415368202061863 -0.01180527511303464 0.0 
0.01596344717545185 0.013495529774763005 0.0 
0.0205568952961584 -0.0012947251231664272 0.0 
0.39956846119185 0.024144933022229684 0.0 
0.5282601851597288 0.005921235711441363 0.0 
0.020128995576421567 0.005048363116715142 0.0 
0.02638707718707708 0.020178135030392837 0.0 
0.13758147081192296 -0.04563006276005421 0.0 
0.3716070241436219 0.030379076009482794 0.0 
0.39690804267959445 0.0266079737973933 0.0 
0.248815377051759 -0.0439501395851291 0.0 
0.44727260190743356 0.015800889538810443 0.0 
0.013964029364231498 -0.012140030423841588 0.0 
0.05279927267515857 0.029944128463460843 0.0 
0.018752552208794827 0.009260621003915384 0.0 
0.5421636920911743 0.0022177760440329295 0.0 
0.0189114892795787 -0.015921326538954637 0.0 
0.4472726019308297 -0.01580088966473341 0.0 
0.16577646958543615 0.04788098774398069 0.0 
0.08538232115222646 0.037887575427482154 0.0 
0.07764237753825184 0.03635394777435854 0.0 
0.1364174102642195 0.04667222674599747 0.0 
0.34376564427297673 -0.03439721510311662 0.0 
0.4584603820672074 -0.017275208881892542 0.0 
0.2763639583759951 0.041644148529561865 0.0 
0.023689515981406336 -0.018729609654388187 0.0 
0.3969080785356572 -0.026607968447868748 0.0 
0.014853386539101593 0.0122015953026726 0.0 
0.014825632212963874 -0.013214892437936731 0.0 
0.10159501161501922 -0.038835233487398244 0.0 
0.09238061443883092 0.03748504166810957 0.0 
0.4209655261517171 -0.016168444601872976 0.0 
0.028629194109520913 -0.020591232942057395 0.0 
0.42096554287205473 0.01616844071330713 0.0 
0.02042909845469532 -0.012004364666612075 0.0 
0.01887573890854021 -0.013129808161445784 0.0 
0.37988226321637947 0.024567667561314968 0.0 
0.018875737950494832 0.01312980725427235 0.0 
0.06285051453462329 0.031478585773129314 0.0 
0.0527992696786415 -0.02994412887422117 0.0 
0.27124176642524367 0.04091984391797765 0.0 
0.022948399924989003 -0.017678588933518414 0.0 
0.30064151373894843 -0.03821046351666694 0.0 
0.48676939692773913 0.0076700680114726 0.0 
0.02336547252414638 -0.005614164029418848 0.0 
0.02266789351401798 -0.008131404489611697 0.0 
0.41736514168218725 -0.02110607308920519 0.0 
0.028629195161335223 0.020591232193171605 0.0 
0.15067152684896834 -0.04480408200216396 0.0 
0.24515364911395682 -0.04290572760882782 0.0 
0.3578854457961462 0.03098896244036257 0.0 
0.017015436569162302 0.01356704746949941 0.0 
0.33389004028322017 0.03470964192170857 0.0 
0.35788547997980497 -0.030988957063535667 0.0 
0.020436353699874992 0.016261633775124084 0.0 
0.022948400396007634 0.017678588007644935 0.0 
0.01701543921472893 -0.013567048589309499 0.0 
0.015963447580772422 -0.01349553095669786 0.0 
0.5421636882192953 -0.0022177778857736365 0.0 
0.04784925308231265 0.028335092728264233 0.0 
0.47923594593363417 0.009459164467975253 0.0 
0.07628986094272086 0.034564586691689984 0.0 
0.10356607673804877 0.04220245216868273 0.0 
0.5008424561190151 0.002909186182959051 0.0 
0.12510343830817888 0.044666159122570256 0.0 
0.11338944387397576 -0.042017774161430696 0.0 
0.22453091339366166 0.04551313249356231 0.0 
0.544757557061905 -7.460273156492654e-11 0.0 
0.03915759839892047 0.02516553723233932 0.0 
0.1825321599577199 -0.045339177962813795 0.0 
0.20115410848296567 -0.0450333789368222 0.0 
0.023609655191886538 -0.004261294378388326 0.0 
0.4332368762862679 -0.018329659376079645 0.0 
0.43323687625737967 0.01832965926035591 0.0 
0.5342778650550181 -0.004606052284263723 0.0 
0.03184473780635253 0.02208897076774271 0.0 
0.018114635827072956 0.014868240236584458 0.0 
0.05333120350546827 -0.031145318718224776 0.0 
0.02392371139238199 -1.7663689039684856e-10 0.0 
0.023784112044737297 0.0028649772604718133 0.0 
0.49285043184096294 0.0059987397782016024 0.0 
0.3797643597176863 0.027446952746160727 0.0 
0.4701900714657344 0.011392454097878877 0.0 
0.1370090682971786 -0.04408847711360591 0.0 
0.019871861086668705 0.006212497567044985 0.0 
0.023888808443294777 -0.00143971953572362 0.0 
0.064113638200222 -0.03317546888546465 0.0 
0.07057381254114167 -0.034777781984373535 0.0 
0.021690353310778666 -0.010300187128607545 0.0 
0.08538231588490862 -0.03788757587542837 0.0 
0.020328771702093427 0.0038319704977817022 0.0 
0.019184188486674768 0.00833167734278338 0.0 
0.016791263428364702 -0.014556953053635552 0.0 
0.03977162570601801 -0.026285158075362827 0.0 
0.03250974267119126 -0.023169806770700407 0.0 
0.4701900714857389 -0.011392454241289852 0.0 
0.018261259240167256 0.01008517115812996 0.0 
0.09386467580476153 0.03935903847351764 0.0 
0.3338900216569047 -0.03470964477112775 0.0 
0.16675680578084373 0.046775202373739055 0.0 
0.15140287116260245 0.046352387001919716 0.0 
0.37976437524070517 -0.02744695026488374 0.0 
0.5207840585916093 -0.007350809921924475 0.0 
0.017094462920109903 0.011369993845577268 0.0 
0.18387032072792908 0.046830633403989796 0.0 
0.027548197469238294 -1.937973864168601e-10 0.0 
0.46184861846625597 0.003587039146910355 0.0 
0.026039498538100912 -0.008955442517617013 0.0 
0.042162768722854786 0.025222577375961498 0.0 
0.022667893093677765 0.00813140402249781 0.0 
0.14839170328159754 -0.04285544366846215 0.0 
0.1506715363741415 0.044804080927992394 0.0 
0.1975391169601376 -0.0433054891523745 0.0 
0.10159500032151578 0.03883523433921678 0.0 
0.03073873243817239 0.020681466459045426 0.0 
0.5028197249277016 -0.0014434460760559817 0.0 
0.07628986935752397 -0.03456458643982218 0.0 
0.3798822390634665 -0.02456767230527555 0.0 
0.23977847676911768 -0.041580497723119364 0.0 
0.4314258885940043 -0.013747648133533394 0.0 
0.02457978997957838 0.017769534642168364 0.0 
0.49752857277215706 -0.0044198527062640925 0.0 
0.09238062468198507 -0.037485041038750076 0.0 
0.12462875692690924 0.043144951434477295 0.0 
0.2219198188716646 0.04424902783908482 0.0 
0.39525180070578037 0.02156610819397732 0.0 
0.0193436085025038 0.014948295964731973 0.0 
0.45388008876716945 0.007354598189780688 0.0 
0.02738012522598428 -0.0031544839885496697 0.0 
0.021690353558069496 0.010300185104340413 0.0 
0.10316982008388442 0.04074497479725636 0.0 
0.020436353519470988 -0.01626163479277797 0.0 
0.3438649013732523 0.031152729285080023 0.0 
0.05160034305985983 0.028339591878642375 0.0 
0.05697705170892485 0.02991025099247227 0.0 
0.4478341040338486 0.009363446867699085 0.0 
0.43142588857349257 0.013747647973305358 0.0 
0.0692699499343087 0.03303425507522589 0.0 
0.05820559564749091 -0.03156055789240625 0.0 
0.02336547183807125 0.005614165603900563 0.0 
0.02360965499174475 0.004261293998218496 0.0 
0.16578119723084855 -0.04524055984012643 0.0 
0.12279091248645212 -0.041187947866653946 0.0 
0.1116994853046533 -0.040079420449603616 0.0 
0.18253217142106365 0.04533917649423628 0.0 
0.5034769698789529 -8.343854976492764e-11 0.0 
0.5028197229648017 0.0014434480714276402 0.0 
0.02109558321568599 -0.011217557799998723 0.0 
0.24515366400811345 0.04290572540676104 0.0 
0.40892706653833505 0.0187692651860663 0.0 
0.027170211900019513 -0.004692107008442114 0.0 
0.0230515707063931 -0.006909057520435095 0.0 
0.01968968772509151 -0.012646418344903109 0.0 
0.02388880827314247 0.0014397213176784494 0.0 
0.3627667268781021 0.027770608503082505 0.0 
0.27124175028257247 -0.04091984636996165 0.0 
0.017985177434003772 -0.013441020062871203 0.0 
0.025496360868289433 -0.010206639610974285 0.0 
0.3006415311419107 0.038210460839906084 0.0 
0.03802435477773096 0.02368751391937499 0.0 
0.035344708171320835 -0.02361419758097496 0.0 
0.03184473645954481 -0.02208897143707118 0.0 
0.04784925045061214 -0.028335093169863015 0.0 
0.03915759643746991 -0.025165537768103718 0.0 
0.36276672690210854 -0.02777060860707783 0.0 
0.08397087161761274 0.03605427890031334 0.0 
0.4089270665612602 -0.018769265328146493 0.0 
0.48676938681291115 -0.007670070738425506 0.0 
0.020429097688566773 0.012004363955963703 0.0 
0.02567183404437954 -0.019121306611103627 0.0 
0.32315497970259416 -0.034663358594145766 0.0 
0.47923594594989627 -0.009459164617582639 0.0 
0.017985175691440203 0.01344101919942374 0.0 
0.01968968801868169 0.012646416701267142 0.0 
0.01811463593936003 -0.014868241342392372 0.0 
0.10895048179544833 -0.037772286905033176 0.0 
0.0990376790003375 0.036555479122513716 0.0 
0.03128821854568089 -0.0034447941771768658 0.0 
0.06093426766306549 0.029441668205145894 0.0 
0.41735267864581826 0.00863397380671555 0.0 
0.02969915682941125 -0.009783425629502943 0.0 
0.04216277342070467 -0.025222577900189773 0.0 
0.3852471045953715 -0.018610342025049346 0.0 
0.3852471207995293 0.018610337741139127 0.0 
0.023368636689358645 -0.013225529001554017 0.0 
0.030738736051816384 -0.020681467263759523 0.0 
0.34574504213215584 0.027591891848625847 0.0 
0.23977845098029488 0.04158050183617171 0.0 
0.04499649534482753 0.024910237972509984 0.0 
0.023368635970098136 0.013225528267614152 0.0 
0.3457450190914815 -0.027591896779400337 0.0 
0.2921968339275332 -0.037627653415424456 0.0 
0.02048121157905265 -0.014809943021534662 0.0 
0.17949001449756374 -0.043498739785338976 0.0 
0.026499651731461044 -0.00760858210383764 0.0 
0.08172076669483379 0.03385667056462981 0.0 
0.11169947286134735 0.04007942154997884 0.0 
0.292196803832759 0.03762765833639022 0.0 
0.2645422664899886 -0.039915215125303875 0.0 
0.02753189437256355 0.01921361343631734 0.0 
0.0245797930969154 -0.017769535605636325 0.0 
0.021857958093458512 -0.016348328986993052 0.0 
0.5008424521889343 -0.0029091885600023995 0.0 
0.16317250897502317 -0.04332983003148702 0.0 
0.07416482173476846 0.03241724574938235 0.0 
0.08397088090332001 -0.03605427847001877 0.0 
0.06926995755871596 -0.03303425498384075 0.0 
0.05697705797191368 -0.029910251178280764 0.0 
0.13700907695983974 0.044088476199987445 0.0 
0.1657812076888701 0.04524055858074119 0.0 
0.4638240219241116 0.0017822933363336503 0.0 
0.46382402388616845 -0.0017822908539718188 0.0 
0.11981583260556752 -0.0388663966510946 0.0 
0.04667576339421804 0.026774881237654365 0.0 
0.3736069133442598 0.021449026399041733 0.0 
0.02687663806091698 -0.006182126193860216 0.0 
0.39525180073379634 -0.021566108325382444 0.0 
0.021857955165408307 0.01634832795674464 0.0 
0.03422669025668304 0.02217309865019933 0.0 
0.02738012534518977 0.0031544812702088308 0.0 
0.02687663729670403 0.006182127934270322 0.0 
0.027506167131835752 0.0015851601811365703 0.0 
0.32947057564851134 0.03087107183932186 0.0 
0.44036469103530884 0.011486744333423607 0.0 
0.4585413692959429 0.005436850414324216 0.0 
0.1349795996644675 -0.04212646161811066 0.0 
0.023051570881577322 0.006909055210717036 0.0 
0.21754695609357422 -0.04268808463379712 0.0 
0.02750616732228073 -0.0015851582174985389 0.0 
0.024870298149104703 -0.011346084112014548 0.0 
0.022491932656911774 -0.013933773438086935 0.0 
0.022491933225205873 0.013933771691890785 0.0 
0.020481209818761306 0.014809942185625875 0.0 
0.02221426784880918 0.009266632912733205 0.0 
0.01934361127525515 -0.01494829704887625 0.0 
0.04331445008365542 -0.026740451339817138 0.0 
0.021095582542486547 0.011217557167193162 0.0 
0.49285043985242855 -0.005998737522402698 0.0 
0.11338945100820316 0.042017773497347304 0.0 
0.3231549474883183 0.034663363809827985 0.0 
0.03802435906507283 -0.023687514542364077 0.0 
0.34386491612678455 -0.031152726797789698 0.0 
0.4403646910520264 -0.011486744500212741 0.0 
0.20115412102407623 0.045033377237485066 0.0 
0.08684929724088056 0.03270622707082735 0.0 
0.11590324405517163 -0.03624168853995411 0.0 
0.35226975340961886 0.020775055803235108 0.0 
0.04499649774239257 -0.024910238320357207 0.0 
0.16317249081331867 0.043329832427924854 0.0 
0.17503014681767035 -0.041336858132141156 0.0 
0.03271562811145941 0.02046802786647649 0.0 
0.026552024633993882 -0.014457090518682105 0.0 
0.08172077074254999 -0.033856670326193355 0.0 
0.026552023968909513 0.014457089773497205 0.0 
0.3146799674227486 0.03014622391733454 0.0 
0.2329761202673272 -0.039958893535691896 0.0 
0.02603949813037696 0.008955442016380585 0.0 
0.04985060180161183 0.026417950791952173 0.0 
0.360449808070979 -0.024444531585744212 0.0 
0.31161781124182397 -0.03424034472519657 0.0 
0.31161779735840567 0.03424034714719051 0.0 
0.45854136930156403 -0.005436850594826453 0.0 
0.46184861454187537 -0.0035870420471926187 0.0 
0.19753909521094626 0.04330549237673822 0.0 
0.06725540667941997 0.03094094511367932 0.0 
0.14482087893447115 -0.04055959374946407 0.0 
0.42518736970388066 0.004231265974865959 0.0 
0.4219327278306701 0.006400541474303029 0.0 
0.02649965201926773 0.007608579568419945 0.0 
0.024161186251144776 -0.012357703353608125 0.0 
0.46448099592471115 -9.246274660175099e-11 0.0 
0.05514864733798963 0.027930897035003118 0.0 
0.030243895192280882 -0.008310981959251564 0.0 
0.0261003275416073 0.017599826195284683 0.0 
0.03148786152032841 -2.0910301941947427e-10 0.0 
0.03143792770050025 -0.0017309736697258974 0.0 
0.3736069133667524 -0.021449026558308926 0.0 
0.031288218716010646 0.003444791214732396 0.0 
0.41142440145899534 0.010952428983213853 0.0 
0.39540577701787005 0.01592327569190456 0.0 
0.023178684260390495 0.0161955823415915 0.0 
0.13173463980326125 -0.03980715494348664 0.0 
0.36044980804390975 0.024444531437470798 0.0 
0.2565181539760857 -0.038605472177733934 0.0 
0.021529974721938194 -0.014466935279489581 0.0 
0.19246828229006135 -0.04126897889364814 0.0 
0.029057121594214017 -0.011151884419387357 0.0 
0.26454223856065845 0.03991521966589112 0.0 
0.031039006183174338 -0.005124256792726916 0.0 
0.02717021170351114 0.004692106593705042 0.0 
0.0899878144750218 -0.03524262157341121 0.0 
0.09903768389571761 -0.036555478643840615 0.0 
0.04054645254479625 0.023413450596923138 0.0 
0.05160034874185334 -0.028339592185690002 0.0 
0.027531897717317705 -0.01921361432381475 0.0 
0.06285052144349636 -0.031478585826844284 0.0 
0.024870298583022116 0.011346081906907775 0.0 
0.04667576855579101 -0.02677488165697902 0.0 
0.13497958459716455 0.042126463303407594 0.0 
0.08998781002465797 0.03524262192813872 0.0 
0.40411964223846736 -0.0133759949523612 0.0 
0.3954057770388566 -0.015923275869707848 0.0 
0.11981582668318297 0.03886639740404136 0.0 
0.10895047641021065 0.0377722875161933 0.0 
0.1227908987873156 0.04118794924417544 0.0 
0.03422669418358927 -0.022173099366599818 0.0 
0.32947057566982035 -0.030871071960247087 0.0 
0.4478340939904567 -0.009363450113212534 0.0 
0.021529973844863173 0.014466934367579856 0.0 
0.024161185612720022 0.01235770269257245 0.0 
0.21754693237423128 0.042688088301204435 0.0 
0.023178686049218994 -0.016195583132815668 0.0 
0.03577471739017559 -2.22332816011883e-10 0.0 
0.3908355493207638 0.004826093984966294 0.0 
0.05848646739308308 0.02714321127742878 0.0 
0.03431487020610136 -0.009015797078970178 0.0 
0.3704214189191803 -0.015084723348466802 0.0 
0.1861922887151358 -0.038938137603962746 0.0 
0.03271563009600795 -0.02046802845995694 0.0 
0.4271333439614918 -0.0021048919431113176 0.0 
0.34113701271768593 -0.023793356648328233 0.0 
0.24737998352356108 -0.03697668575915434 0.0 
0.21171018188352872 0.04082807554801997 0.0 
0.024400430152316802 -0.015818639772676616 0.0 
0.02748324693071556 -0.013506334785308202 0.0 
0.42713334202764885 0.002104894887306154 0.0 
0.362024610738259 0.017873272668596608 0.0 
0.32861027962965983 0.02692288501464496 0.0 
0.38322516929707995 0.009806436218033277 0.0 
0.14018377766051546 -0.0379626477842334 0.0 
0.03554017251968021 -0.003735629288280166 0.0 
0.047654392100714725 0.02425633254463788 0.0 
0.029699156440427435 0.009783425100767512 0.0 
0.027511152163230485 0.01718631338007788 0.0 
0.3146799456527675 -0.030146228929272406 0.0 
0.2993464355023004 -0.03342911039276836 0.0 
0.03646399068099933 0.021931769681550334 0.0 
0.4219327278366863 -0.006400541673086418 0.0 
0.025524574017103622 -0.015233575542949983 0.0 
0.0714083700985691 0.029989848789874544 0.0 
0.17948999460336487 0.043498742583164905 0.0 
0.07878384226474555 0.031371376359047444 0.0 
0.15920367804407573 -0.04108420209687309 0.0 
0.10532957944820805 0.03516334155066605 0.0 
0.09567279173226403 0.03397700122747266 0.0 
0.028318344434416737 -0.01239873787783209 0.0 
0.10532957953457453 -0.035163341956691165 0.0 
0.0868492973688479 -0.032706227540439725 0.0 
0.06093427073372071 -0.029441668278938744 0.0 
0.04985060439269029 -0.026417951051682296 0.0 
0.030690717114951836 -0.0067521031258120255 0.0 
0.029270545164975906 0.019023854658800337 0.0 
0.02552457488690134 0.015233573704627789 0.0 
0.3411370126953672 0.023793356470876804 0.0 
0.030690716267807092 0.006752105038252356 0.0 
0.031039005993482634 0.005124256347828192 0.0 
0.12748670091314362 -0.03718501499398635 0.0 
0.41142439162371075 -0.010952432702102595 0.0 
0.2117101921087779 -0.04082807375649188 0.0 
0.03143792748851283 0.0017309758194207572 0.0 
0.033676811434309804 -0.010614945921054612 0.0 
0.4041196422212671 0.013375994767718679 0.0 
0.29934643548311374 0.0334291102536124 0.0 
0.25651814194454037 0.0386054743292846 0.0 
0.07416482541980608 -0.03241724562051913 0.0 
0.040546454777707845 -0.023413451029958454 0.0 
0.02549636038555462 0.010206639065504959 0.0 
0.14839168672819558 0.04285544569340672 0.0 
0.35226973788006616 -0.02077506040156704 0.0 
0.2826235564443156 -0.0367144832278488 0.0 
0.2826235434805956 0.03671448553232661 0.0 
0.12748670085644184 0.03718501464598011 0.0 
0.14482087178705194 0.040559594815642586 0.0 
0.13173463329413776 0.039807155848050446 0.0 
0.02440042936021126 0.015818638870864737 0.0 
0.45388009674290214 -0.007354595447337816 0.0 
0.027483246334717507 0.0135063341065401 0.0 
0.02610032937503697 -0.017599826929036753 0.0 
0.12242472570612573 -0.03431025685034887 0.0 
0.11123146018787328 0.03336974018855757 0.0 
0.038746079136870414 -0.009722122151907722 0.0 
0.3311584267696624 0.01956851312826449 0.0 
0.04765439245709654 -0.024256333240424224 0.0 
0.031089202407555097 -0.014663633796793734 0.0 
0.32188100098181166 -0.022634637859681353 0.0 
0.03855486410778597 0.021387698338343537 0.0 
0.0831115409613016 0.029942832618124558 0.0 
0.031089201858613167 0.01466363310968065 0.0 
0.29950878626999494 0.028984383655397548 0.0 
0.2720795643142459 0.035454865724434556 0.0 
0.07878384241889316 -0.03137137686273998 0.0 
0.3927292623327796 0.0024033041911799735 0.0 
0.3774813869844883 -0.01240018774120768 0.0 
0.16939795670460744 -0.038879225347182744 0.0 
0.030888071076244934 0.01857064110937799 0.0 
0.3704214189013409 0.015084723145298117 0.0 
0.22498510158883242 -0.038033988347431005 0.0 
0.029057121136418645 0.011151883848499779 0.0 
0.2864193500914527 -0.03222513395262748 0.0 
0.04290799979673749 0.022817128940371204 0.0 
0.02751115287061152 -0.01718631426047165 0.0 
0.41735268647628404 -0.00863397061587549 0.0 
0.15411073357410224 -0.03854013020719789 0.0 
0.42778085785003406 -1.016827118021229e-10 0.0 
0.09567279183776795 -0.03397700166455092 0.0 
0.06466124407222767 0.028576363878965564 0.0 
0.3774813965018311 0.012400183602982427 0.0 
0.03554017274776314 0.003735626085629669 0.0 
0.035716044797808454 0.0018770205175332089 0.0 
0.03483879440892842 0.007323647459195943 0.0 
0.034838795345447204 -0.007323645368411456 0.0 
0.035247528202751996 -0.005557357804177034 0.0 
0.20465921232584466 -0.038672025924118315 0.0 
0.38767138558814673 0.007287597449340194 0.0 
0.13467955345285454 -0.03510807432369632 0.0 
0.03571604503297656 -0.001877018177187901 0.0 
0.030005664834938637 -0.01569957427361167 0.0 
0.23297610915443695 0.03995889551269155 0.0 
0.03292576084335406 -0.012102081959262155 0.0 
0.05283302399544354 0.025700486666264503 0.0 
0.030243895609004208 0.008310979202401106 0.0 
0.05514865015290292 -0.027930897203523524 0.0 
0.06725541003947356 -0.030940945088601568 0.0 
0.3218810157242524 0.02263463302425825 0.0 
0.03646399277671759 -0.021931770196667373 0.0 
0.10100438655790189 0.032313167806803954 0.0 
0.4251873658399913 -0.00423126937148428 0.0 
0.36202461075984455 -0.01787327286474173 0.0 
0.32861027965599277 -0.026922885180924776 0.0 
0.2720795643321276 -0.0354548658829692 0.0 
0.11590324398496844 0.03624168816358768 0.0 
0.1401837776149274 0.03796264746338675 0.0 
0.028318345078982 0.01239873549850143 0.0 
0.1750301382345416 0.04133685954925483 0.0 
0.1592036702054481 0.041084203334286536 0.0 
0.19246827291026733 0.04126898049669412 0.0 
0.030005664227814817 0.01569957352749335 0.0 
0.028812885321887593 0.016546755594316627 0.0 
0.029270547062760992 -0.019023855325767756 0.0 
0.11671827847057263 0.03123152956440899 0.0 
0.040170889910733705 0.004026513923041459 0.0 
0.12848652078464168 -0.03203922374471656 0.0 
0.3605698737776712 0.002671640384432328 0.0 
0.05561627206448437 0.024654009348631895 0.0 
0.30267131196171115 0.020994278123619918 0.0 
0.1789296503303076 -0.03633134188912127 0.0 
0.035008918200183696 -0.015829120280820303 0.0 
0.04510531150458329 0.021924606742830897 0.0 
0.03455919881133579 -0.019971472821702065 0.0 
0.035008917700454036 0.01582911959346297 0.0 
0.091657142635316 -0.031164031349304996 0.0 
0.1861922886908017 0.03893813735825801 0.0 
0.040375623431884396 -0.002023047609566938 0.0 
0.2160118873877344 -0.03580768073030725 0.0 
0.2607089099097306 -0.03384244447821768 0.0 
0.39272926421571797 -0.002403300822096668 0.0 
0.1481016589048968 0.03573335595151846 0.0 
0.3514316581723721 0.01085033727663283 0.0 
0.3391697383196826 0.016584792740852304 0.0 
0.033676811068547224 0.010614945371410908 0.0 
0.31133146008279794 -0.025778196631560377 0.0 
0.03238421328324007 0.017873546203311646 0.0 
0.2864193704996006 0.03222512894529354 0.0 
0.028812884125999895 -0.016546757517516567 0.0 
0.06466124429161897 -0.028576364455519688 0.0 
0.05283302430034387 -0.02570048732133745 0.0 
0.07140837028303983 -0.029989849329222985 0.0 
0.3933596942880173 -1.1109827307000291e-10 0.0 
0.3876713855946743 -0.007287597666871261 0.0 
0.3832251768932794 -0.009806432627184775 0.0 
0.09165714941445892 0.03116402830753542 0.0 
0.032062866163951195 -0.013458058780584616 0.0 
0.10100437900273587 -0.032313171001819185 0.0 
0.06814735040821349 0.02735249626214341 0.0 
0.039354972716023943 -0.007895936368397105 0.0 
0.07529648565495208 0.02866728326829486 0.0 
0.034559198262206804 0.019971472006026284 0.0 
0.3391697383384478 -0.016584792963202404 0.0 
0.3311584267921332 -0.01956851334350365 0.0 
0.22498510157036028 0.03803398814713483 0.0 
0.03431487076760917 0.009015794105071329 0.0 
0.3113314600601901 0.025778196434975677 0.0 
0.12242473500664042 0.03431025331741826 0.0 
0.3587465782592014 0.005359938968317397 0.0 
0.2473799835059718 0.036976685580212464 0.0 
0.03524752802237497 0.0055573573338747245 0.0 
0.03800523930992082 -0.011449080558758136 0.0 
0.1112314517935673 -0.03336974354748625 0.0 
0.040375623171485235 0.0020230501450580274 0.0 
0.040170889618298705 -0.004026517361459462 0.0 
0.1481016475784754 -0.0357333598574796 0.0 
0.04290800021090312 -0.022817129677126468 0.0 
0.15411073353748023 0.03854012991240264 0.0 
0.032062867041983883 0.01345805623266083 0.0 
0.2995087862960595 -0.028984383840753757 0.0 
0.030888071702029028 -0.018570641960180927 0.0 
0.045455069903474324 -0.0021687042185621814 0.0 
0.3305937777855636 0.002905950695362618 0.0 
0.04357412245735963 -0.010428525028743883 0.0 
0.07890618959827071 0.027014283094445556 0.0 
0.05013132429287969 -0.023289519918739798 0.0 
0.0380052389703684 0.011449079994528114 0.0 
0.31024962186668437 -0.017860333033763155 0.0 
0.2840015409334714 0.027397573187758335 0.0 
0.29392037669464716 -0.024177518797715094 0.0 
0.3557028359751202 -0.008081102711346972 0.0 
0.128486520706918 0.032039223348442766 0.0 
0.03613481831883236 -0.014523333278606393 0.0 
0.0362681799680697 0.019213342463678517 0.0 
0.3102496218465741 0.017860332791609795 0.0 
0.036134819452538505 0.014523330566576913 0.0 
0.16280830869593704 0.03615310206619647 0.0 
0.2729251295799669 -0.030631429998279735 0.0 
0.2729251295534695 0.030631429792850103 0.0 
0.23731216875084285 -0.035025001427030626 0.0 
0.05013132749428428 0.02328951758267115 0.0 
0.360569875591638 -0.002671636636067898 0.0 
0.0961254836115 0.029278579546415093 0.0 
0.1059607616165158 0.030303709047577267 0.0 
0.16280829624655493 -0.036153106166541965 0.0 
0.13467956372995876 0.03510807060780462 0.0 
0.03713420531521791 -0.013056371578692752 0.0 
0.040496909848292434 0.020564580682535586 0.0 
0.0398303452602997 -0.005990742349379984 0.0 
0.03935497168198035 0.007895938643720703 0.0 
0.03983034509107316 0.005990741858590164 0.0 
0.3459240399501501 0.013681207606773872 0.0 
0.2373121863572166 0.03502499661104923 0.0 
0.29392039057666575 0.024177513796157166 0.0 
0.19661052694913814 -0.036229593709419465 0.0 
0.11671827856351177 -0.03123152998798971 0.0 
0.09612548374324184 -0.0292785800266345 0.0 
0.06814734562237497 -0.02735249890829163 0.0 
0.04044393649429065 -2.3335232592863917e-10 0.0 
0.2607089289169983 0.03384243954198115 0.0 
0.058486467652462355 -0.027143211892631507 0.0 
0.0337582194647738 -0.016952816922484765 0.0 
0.03626817804858742 -0.019213344546924443 0.0 
0.03238421173755357 -0.01787354820721699 0.0 
0.06160521928458424 0.026011212985058194 0.0 
0.20465921230517092 0.03867202570156478 0.0 
0.14136249642390222 -0.032701208154598524 0.0 
0.08311153489938192 -0.029942835517480722 0.0 
0.0385548645862235 -0.021387699115463083 0.0 
0.355702835967904 0.00808110247461749 0.0 
0.36117713828437115 -1.207009996487368e-10 0.0 
0.39083554556268635 -0.004826097839521861 0.0 
0.34592403083516293 -0.013681212105356206 0.0 
0.0329257604153397 0.012102081370410005 0.0 
0.16939795667501004 0.03887922507741272 0.0 
0.03375821891664708 0.016952816183930543 0.0 
0.13406107395369643 -0.029483777486320806 0.0 
0.1105202901001428 0.02799745611495374 0.0 
0.04427652344035991 0.008467728307060511 0.0 
0.05819297321329445 0.023310194864875084 0.0 
0.2835371053300131 0.018905683868185256 0.0 
0.2682254414285693 0.025405031870842764 0.0 
0.18775729159077786 -0.03351767909394021 0.0 
0.040567915901985205 -0.015593107217617187 0.0 
0.2486489449041758 0.03188020833701037 0.0 
0.03784080040482255 -0.018215839020629003 0.0 
0.061605215066585305 -0.02601121551937603 0.0 
0.047134143871749135 0.020762449500481922 0.0 
0.0405679173135638 0.015593104344796388 0.0 
0.0871318362183478 -0.028176262733100324 0.0 
0.32595386170987256 0.00877003161097744 0.0 
0.3166546836861742 0.014780094686070378 0.0 
0.316654675034868 -0.014780099484289053 0.0 
0.042287194764565106 0.019486715598027164 0.0 
0.04510530875964342 -0.021924608990198602 0.0 
0.22648229746602447 -0.032756217429609484 0.0 
0.35874657464295145 -0.0053599432341237645 0.0 
0.0556162683732894 -0.024654011779933073 0.0 
0.13406107387857286 0.02948377708322063 0.0 
0.170874917720683 0.03347234889551363 0.0 
0.15545288104197086 0.03318919271194854 0.0 
0.044825259780731784 -0.006423410210481443 0.0 
0.04521854985942456 -0.004316761288068945 0.0 
0.08713183606247106 0.028176262223709916 0.0 
0.24864894493201126 -0.031880208563442966 0.0 
0.03927487216754496 0.017001527846173824 0.0 
0.037840799914689166 0.018215838296401107 0.0 
0.03713420492001047 0.013056370978804977 0.0 
0.10596076172737127 -0.030303709499160447 0.0 
0.3311732484563156 -1.304738332363248e-10 0.0 
0.19661054185802948 0.03622958922490915 0.0 
0.04545506961537052 0.0021687069532691124 0.0 
0.045534001571885044 -2.421058607748253e-10 0.0 
0.04427652458180277 -0.008467725841437502 0.0 
0.038746079858826124 0.00972211896534884 0.0 
0.04272022050846748 -0.012284296661053393 0.0 
0.044825259623882834 0.006423409704111857 0.0 
0.15545288109637706 -0.033189193055823844 0.0 
0.07529648025595699 -0.02866728603591389 0.0 
0.07138130605964185 0.02580773713437156 0.0 
0.1413624963589446 0.032701207784899725 0.0 
0.30267131198551495 -0.020994278358673565 0.0 
0.32885465912657474 0.005825100673495495 0.0 
0.3514316654650793 -0.010850333340630836 0.0 
0.17892966397516177 0.036331337594083045 0.0 
0.21601190362144104 0.035807676068943785 0.0 
0.2840015409570244 -0.0273975734043705 0.0 
0.04049690752975048 -0.02056458284622791 0.0 
0.05108688822930026 -2.486059513738453e-10 0.0 
0.30327284584753433 -1.4039024342302984e-10 0.0 
0.04964409340596997 -0.009037262802322159 0.0 
0.0644956816450359 -0.024569458443625243 0.0 
0.28956443790710296 -0.015690028420073675 0.0 
0.08222366617201676 0.025070376434197846 0.0 
0.04964409214554466 0.009037265463271056 0.0 
0.10023545575279076 -0.02709552287725325 0.0 
0.05242158313353601 -0.02203881207422194 0.0 
0.28956444605365417 0.015690023382203398 0.0 
0.32595386171801805 -0.0087700318673222 0.0 
0.12176549173401316 -0.02880074840801892 0.0 
0.3010792959912756 0.006217311154895515 0.0 
0.26822542844790104 -0.025405036975463043 0.0 
0.04228719519914506 -0.019486716302729468 0.0 
0.25896182064247497 0.02865917258696542 0.0 
0.20624142601192563 -0.03329065780758797 0.0 
0.33059377951686386 -0.0029059466190823253 0.0 
0.06449568139454034 0.024569457845369593 0.0 
0.03927487261783874 -0.017001528526997784 0.0 
0.17087491776653643 -0.03347234921432791 0.0 
0.12176549164429476 0.02880074797901116 0.0 
0.04898984854694832 0.019357369011098663 0.0 
0.04171727203223885 -0.014013210870768653 0.0 
0.07890618978181142 -0.027014283633391808 0.0 
0.05072479503488001 -0.004605404519354862 0.0 
0.042720220196820514 0.012284296088125056 0.0 
0.04357412335548415 0.010428521633877785 0.0 
0.3218883628699885 0.011751991538141507 0.0 
0.3218883698082236 -0.011751987315151494 0.0 
0.045398850232215286 0.01666506502797367 0.0 
0.20624142597796277 0.033290657536571996 0.0 
0.22648229743575982 0.03275621718130064 0.0 
0.27642141032580086 0.022147534213340408 0.0 
0.04171727167133457 0.014013210266102914 0.0 
0.04392237682732776 0.01817868166017641 0.0 
0.045218550222862 0.0043167576188645924 0.0 
0.048838895568456636 -0.011132964668283405 0.0 
0.1475050184283175 -0.030022562176497365 0.0 
0.052421582799342066 0.022038811419004285 0.0 
0.10023545562621397 0.027095522395457514 0.0 
0.14750501836552807 0.03002256179885137 0.0 
0.1782749256485026 0.03056068940273415 0.0 
0.28353710535201837 -0.018905684130716943 0.0 
0.18775729155167784 0.03351767879941616 0.0 
0.23603349454102818 -0.02958048821697101 0.0 
0.25896182066780465 -0.028659172824443174 0.0 
0.12634967198556332 0.026124355066636355 0.0 
0.1391224146325181 -0.02669289077775529 0.0 
0.055501926581405056 -0.009602229442587713 0.0 
0.26453692040611415 -0.016411195177303634 0.0 
0.050667548165377566 0.017735923870211102 0.0 
0.19584351237194886 -0.030502327519644677 0.0 
0.26453692802402085 0.016411189957211202 0.0 
0.25226479158575627 0.023034336585932912 0.0 
0.06714827318058943 0.02285189763730121 0.0 
0.046712876853048195 -0.014970267763533485 0.0 
0.30272447103541966 -0.003103991066412539 0.0 
0.04392237722940386 -0.018178682328953765 0.0 
0.2944986505484142 0.012504598416705743 0.0 
0.24463553742825792 -0.026328206902822726 0.0 
0.21504701436617096 -0.030185552680504033 0.0 
0.2446355494925748 0.02632820174976024 0.0 
0.1958435123346336 0.030502327215036724 0.0 
0.0743515127381644 0.02397875202869409 0.0 
0.07138130627464348 -0.02580773770304117 0.0 
0.15307875737887858 0.027122788748859726 0.0 
0.04786074068315867 -0.013118355456248714 0.0 
0.09082849404105808 -0.02611419356062625 0.0 
0.05099627657130289 -0.002313499398406716 0.0 
0.04883889665880619 0.011132961069459508 0.0 
0.09082849389176469 0.026114193052229555 0.0 
0.29833727468039495 0.009348519035848716 0.0 
0.05451904210183232 0.020533193365001923 0.0 
0.29833727468977334 -0.009348519312174562 0.0 
0.1105202902069367 -0.027997456570233167 0.0 
0.2150470143341233 0.03018555239898335 0.0 
0.05072479547611247 0.00460540062494045 0.0 
0.05099627625259542 0.0023135023356440324 0.0 
0.05027349675905689 -0.006853977695012031 0.0 
0.050273496615277545 0.0068539771778271565 0.0 
0.058192973503494096 -0.023310195492164225 0.0 
0.1622041902321097 -0.0303909091176648 0.0 
0.11466211601808557 0.025439147753498436 0.0 
0.3288546556794295 -0.00582510529850827 0.0 
0.276421410351545 -0.022147534468883512 0.0 
0.29449865709743184 -0.012504593965624523 0.0 
0.16220419017960344 0.03039090876495252 0.0 
0.3027244693965045 0.0031039954160611317 0.0 
0.23603349451292202 0.029580487957841267 0.0 
0.04786074040003716 0.013118354879972944 0.0 
0.04671287652670752 0.01497026715960499 0.0 
0.04713414425416163 -0.020762450181806797 0.0 
0.13044895057468256 0.02324426449346832 0.0 
0.05621993592905234 0.00728062694105988 0.0 
0.2773886803011876 -1.5041423195253675e-10 0.0 
0.0852352436075281 0.022873186258411827 0.0 
0.10396872046891746 -0.02465726104076281 0.0 
0.05714828952318132 -2.5292126361861307e-10 0.0 
0.06714827341763842 -0.0228518982235402 0.0 
0.05346924253933565 -0.013948217037604854 0.0 
0.18497632387560797 0.02747053215101987 0.0 
0.23005898849338496 0.0236674271706314 0.0 
0.056417402832284524 0.018801277669375383 0.0 
0.053469242284501076 0.013948216462743301 0.0 
0.27532857121779614 0.006535221092937091 0.0 
0.2691565967495736 0.013107083440403608 0.0 
0.2522647916142013 -0.023034336862585186 0.0 
0.2031555993203873 -0.027337358937736117 0.0 
0.3010792927326116 -0.006217316084262562 0.0 
0.0770463977096535 0.02190081066664643 0.0 
0.045398848519989196 -0.016665068059373758 0.0 
0.13912242170307884 0.0266928860573708 0.0 
0.054583833135425586 -0.011832709869179633 0.0 
0.052162292916077525 0.01592431231715644 0.0 
0.06055537118281587 0.021700433690473496 0.0 
0.22299510247145213 -0.026964876539939668 0.0 
0.25890307647740046 0.019723351823083504 0.0 
0.2229951136245445 0.02696487138468903 0.0 
0.05673495733651298 0.004891193254464765 0.0 
0.05673495681045713 -0.004891197367812999 0.0 
0.05621993605952241 -0.007280627464542111 0.0 
0.11466211027317906 -0.025439152190107492 0.0 
0.12634966560085928 -0.026124359649092464 0.0 
0.1782749256925795 -0.03056068973108585 0.0 
0.054583834434665954 0.01183270607084169 0.0 
0.1530787495759583 -0.02712279359610036 0.0 
0.06055537145610134 -0.021700434300789752 0.0 
0.04898984890304554 -0.019357369663464602 0.0 
0.0822236663471757 -0.02507037696906788 0.0 
0.10396872561872277 0.024657256755383355 0.0 
0.1683251263911298 0.027390367496689196 0.0 
0.26915660288861676 -0.013107078818840505 0.0 
0.25890307650198 -0.01972335210651002 0.0 
0.11836658195876226 -0.022669361590437483 0.0 
0.06329821592045587 -0.005172558992502388 0.0 
0.0627132782045994 0.007701051214974104 0.0 
0.24145196981422015 -0.01694925467802354 0.0 
0.087927721782514 0.02045821693543874 0.0 
0.05959182273719255 0.014769930026707529 0.0 
0.24575074124617888 0.01356290960714074 0.0 
0.19095094513134983 0.02424481646586425 0.0 
0.06085609448486618 -0.012524246279181516 0.0 
0.06955334647092302 -0.02089151121367518 0.0 
0.18497631447334312 -0.027470537202616167 0.0 
0.23621698100010144 0.02032204172601759 0.0 
0.05066754612861656 -0.01773592705893667 0.0 
0.06269557642522575 0.019855479884175072 0.0 
0.14364658725812618 -0.02370948952536331 0.0 
0.2096654931399455 -0.024064165385695703 0.0 
0.16832511781014928 -0.027390372455870025 0.0 
0.2727553195882954 -0.009815046355843994 0.0 
0.052162293208551 -0.01592431291558928 0.0 
0.07435151294252765 -0.023978752589631527 0.0 
0.2096654931032125 0.024064165065228887 0.0 
0.15805786007727396 0.02404543154256223 0.0 
0.14364658718906595 0.023709489113241652 0.0 
0.05811036120214593 0.01687109407626186 0.0 
0.06955334964233396 0.020891507554112686 0.0 
0.05704484579932458 0.0024567999083863067 0.0 
0.09418558065881315 0.02379663648936843 0.0 
0.2727553195773159 0.009815046059239283 0.0 
0.2362169810280623 -0.020322042030785515 0.0 
0.05550192518873973 0.009602232302869836 0.0 
0.057044846151955465 -0.002456796766390179 0.0 
0.06271327832188812 -0.007701051740555905 0.0 
0.09418557606140436 -0.023796640620128037 0.0 
0.11836658186318777 0.02266936113233092 0.0 
0.27687353197485215 0.0032649994291898844 0.0 
0.2300589885254429 -0.023667427468948964 0.0 
0.27687353351516486 -0.0032649948617064026 0.0 
0.203155609582499 0.027337353818685284 0.0 
0.054519042414865146 -0.02053319399759637 0.0 
0.134043430731627 0.020197552237026455 0.0 
0.25342505952723143 -1.604998719498738e-10 0.0 
0.07046783725999854 -0.005447543753663135 0.0 
0.09718782769676379 0.02126090176560596 0.0 
0.07704639409876914 -0.02190081448360682 0.0 
0.06365024658478995 0.0025977964642796567 0.0 
0.06189804968965553 0.010159668984530478 0.0 
0.06365024697507483 -0.0025977931167159973 0.0 
0.05811036146215666 -0.016871094665171855 0.0 
0.17378836431277156 -0.024231163454973264 0.0 
0.15805786013590048 -0.024045431931522327 0.0 
0.2414519768937454 0.016949249329343916 0.0 
0.2753285681600784 -0.0065352262711313195 0.0 
0.10730785788291528 0.02200280128059564 0.0 
0.059591822964635444 -0.014769930595995642 0.0 
0.21534960182652677 0.02071491020239443 0.0 
0.08523523952221568 -0.022873190232670912 0.0 
0.07170145375605205 0.018720054814634166 0.0 
0.16241933456286914 0.020827465811043742 0.0 
0.0794547032990197 0.01960755952016225 0.0 
0.061898051229445264 -0.01015966592220633 0.0 
0.10730785799487558 -0.02200280176115167 0.0 
0.06329821653868675 0.0051725546673564654 0.0 
0.2515028190639085 0.006779848576062057 0.0 
0.1909509451739678 -0.024244816808884094 0.0 
0.06269557366101104 -0.01985548338659148 0.0 
0.060856096010523934 0.012524242286027519 0.0 
0.13044895065600687 -0.023244264928695624 0.0 
0.17378836426290642 0.024231163089087564 0.0 
0.2491033913975894 -0.010171586902078436 0.0 
0.24575074696618834 -0.013562904869922612 0.0 
0.249103391384577 0.010171586584983256 0.0 
0.06460578362663302 0.017805223057046186 0.0 
0.2201886290190159 -0.017313896409966598 0.0 
0.21534960185880372 -0.020714910528868934 0.0 
0.056417400445520065 -0.018801281014932104 0.0 
0.12161564134538758 -0.019724606674180245 0.0 
0.07046783797815553 0.005447539224925438 0.0 
0.09982100373112027 0.018541542591533903 0.0 
0.22949772781272593 0.006954046865878774 0.0 
0.08792772193417005 -0.020458217458583505 0.0 
0.07086604299926527 -0.002735501623103647 0.0 
0.06888452817688674 -0.010705902928079937 0.0 
0.1624193346149831 -0.02082746620381731 0.0 
0.251502816213742 -0.006779853948581456 0.0 
0.06770683207226148 0.013203188087984475 0.0 
0.17856996472904135 0.020949402234554656 0.0 
0.22416712994832386 0.013878966276754558 0.0 
0.2529442796167123 -0.003389377572185144 0.0 
0.06627851366688799 -0.015578534150247784 0.0 
0.08156579548250424 0.01713089496507331 0.0 
0.09718782782738135 -0.021260902267938225 0.0 
0.07358359124661407 0.016367953521954345 0.0 
0.1961745729052045 0.02091808087736912 0.0 
0.0698062881956743 -0.008112401752810456 0.0 
0.2529442781782333 0.0033893823027745097 0.0 
0.07945470347416585 -0.019607560062811127 0.0 
0.17856996477326487 -0.020949402605148697 0.0 
0.0717014539571513 -0.018720055375072563 0.0 
0.20062687373343413 -0.01751760590597142 0.0 
0.22018863556172907 0.017313890981777966 0.0 
0.0637677695640821 -2.551642921740384e-10 0.0 
0.06888452647351925 0.010705906193579223 0.0 
0.14761198206347578 -0.020570849526473277 0.0 
0.1216156412603611 0.019724606216215423 0.0 
0.06627851346546364 0.015578533590104722 0.0 
0.14761198200201683 0.020570849111627185 0.0 
0.19617457294285917 -0.020918081225821762 0.0 
0.22727312105609795 -0.010422793617258664 0.0 
0.2241671352497393 -0.01387896147488608 0.0 
0.06460578385607976 -0.017805223633086353 0.0 
0.13711549464443362 0.017016818004758506 0.0 
0.07875013685985377 -0.0028687358127800875 0.0 
0.1509996690322583 -0.017309065710328662 0.0 
0.09982100384700233 -0.018541543089761837 0.0 
0.07755605484444689 -0.008511238890627248 0.0 
0.18264946622181144 0.017574598526686528 0.0 
0.182649460715336 -0.01757460398653473 0.0 
0.0709989918079854 -2.554795723090829e-10 0.0 
0.2272731210405568 0.01042279327956662 0.0 
0.20429119870081114 0.014064583771624459 0.0 
0.11023671804133255 0.019167802347112788 0.0 
0.22949772517189423 -0.006954052380535601 0.0 
0.23083485750434915 -0.0034784906244899635 0.0 
0.23083485616845875 0.003478495465656349 0.0 
0.0677068303015818 -0.013203192270789602 0.0 
0.1102367181408239 -0.019167802825695582 0.0 
0.07519147630662402 0.013864211425396199 0.0 
0.0902887139988777 0.01785875690601219 0.0 
0.06980628809115307 0.008112401228959143 0.0 
0.0708660425671997 0.0027355051752891175 0.0 
0.20715435054336348 -0.010575264914381604 0.0 
0.2042912035915466 -0.01406457895162554 0.0 
0.0902887141331476 -0.01785875742260158 0.0 
0.13404343080401465 -0.020197552673668892 0.0 
0.16614324833113467 0.017499984311491842 0.0 
0.2006268797496355 0.017517600442407542 0.0 
0.07358359142371898 -0.01636795406993473 0.0 
0.2104403047021126 0.0035343811615767204 0.0 
0.11274079388896668 -0.016184688296101257 0.0 
0.13711549052815583 -0.01701682326685436 0.0 
0.20715435052473513 0.010575264556110629 0.0 
0.11274079721003548 0.01618468327933222 0.0 
0.07755605475206541 0.008511238371943043 0.0 
0.07519147427106745 -0.013864215791960767 0.0 
0.18600981015383175 0.014130673085440243 0.0 
0.1243931825942628 0.016637568990383912 0.0 
0.20920636546180776 -0.007062025199721271 0.0 
0.07651772669185211 -0.011236495828237377 0.0 
0.10207222804997017 0.015670432948610025 0.0 
0.07830141962997134 -0.005713808954565827 0.0 
0.07651772480695353 0.011236499296188413 0.0 
0.16614324331301403 -0.017499989733465712 0.0 
0.23128095571927637 -1.7059075981267908e-10 0.0 
0.1886372994639851 -0.010636895311482191 0.0 
0.07889995983102874 -2.540330840654829e-10 0.0 
0.18600981464748598 -0.014130668288990232 0.0 
0.10207222508686782 -0.015670437819061158 0.0 
0.07830142045626293 0.005713804231767977 0.0 
0.1509996735864012 0.01730906035571264 0.0 
0.09230694152938741 0.015105898202479501 0.0 
0.08336993519371046 0.014500940662856685 0.0 
0.08156579563719045 -0.017130895498382762 0.0 
0.13964998031451784 0.013730710744213186 0.0 
0.08753313326241728 -2.5100297388318197e-10 0.0 
0.1148074393200005 -0.013082950851350503 0.0 
0.11480743650323103 0.01308295507422227 0.0 
0.19052143955878056 -0.007108892060681033 0.0 
0.08602413615325796 0.00889348325620129 0.0 
0.08686102452214571 -0.005968581531653805 0.0 
0.18863729944164695 0.010636894932795777 0.0 
0.15379351162025642 -0.013951706903446146 0.0 
0.0848584894419775 -0.011746155128356556 0.0 
0.12439317888899958 -0.016637574138707853 0.0 
0.2092063678953615 0.007062019591877458 0.0 
0.09397245477208946 0.012228700562686448 0.0 
0.17161422412072883 -0.010616334020571768 0.0 
0.2104403059366508 -0.003534376259126474 0.0 
0.09230693889901133 -0.015105902914425118 0.0 
0.07875013638150453 0.0028687395665497094 0.0 
0.16921276908265773 0.014089018521558472 0.0 
0.16921277319697653 -0.014089013785376206 0.0 
0.21085206882801721 -1.8061991232325913e-10 0.0 
0.08485848735618459 0.011746158795886488 0.0 
0.08336993287205857 -0.01450094520625826 0.0 
0.1733370371878626 -0.0071003231688448985 0.0 
0.12668524129937125 -0.013437515681164412 0.0 
0.17161422409399482 0.010616333621801526 0.0 
0.19203313742829906 -1.9050861867261123e-10 0.0 
0.08736488852306011 0.0029960970691508392 0.0 
0.09527685953812547 0.009254380549426632 0.0 
0.103930200339849 -0.012676992966306392 0.0 
0.13964998373374166 -0.01373070621927982 0.0 
0.19165484923221943 0.0035595550701251785 0.0 
0.1266852381931742 0.013437520064305342 0.0 
0.1916548503681892 -0.003559550151734989 0.0 
0.08602413623427578 -0.00889348376668335 0.0 
0.08736488905254554 -0.002996093119270438 0.0 
0.15598024199648078 -0.010522546194263223 0.0 
0.08686102546527266 0.005968576625952773 0.0 
0.1537935078646779 0.01395171154754771 0.0 
0.10393019778915182 0.012676997014239756 0.0 
0.19052144179006697 0.007108886404764961 0.0 
0.09397245707943597 -0.012228696700903943 0.0 
0.157549554923292 -0.0070422404981459255 0.0 
0.09696569516890094 -2.4657207330531723e-10 0.0 
0.14163436406457666 0.010364466647134547 0.0 
0.11642605507698037 -0.009889553384406434 0.0 
0.17471976675732187 -2.0016627691661276e-10 0.0 
0.09621345957202512 0.006208630640942683 0.0 
0.17333703922407281 0.007100317505805299 0.0 
0.09621345850286497 -0.0062086357164323975 0.0 
0.128480197286064 -0.010150745277712585 0.0 
0.17437371312285788 -0.003556817451839579 0.0 
0.1559802419646054 0.010522545775933053 0.0 
0.1164260550246547 0.009889552912863676 0.0 
0.14163436410239807 -0.010364467084282274 0.0 
0.10538541939349116 -0.009588466145248135 0.0 
0.0952768596086512 -0.009254381049067555 0.0 
0.105385419332535 0.009588465658706557 0.0 
0.11758827485322099 -0.006629314043791187 0.0 
0.14305882517877064 -0.006940579980065045 0.0 
0.15849408830154804 -0.003529121602022033 0.0 
0.15754955677313612 0.007042234864651903 0.0 
0.10643034567371885 -0.0064302724883060595 0.0 
0.09677738852592084 0.0031159481991047634 0.0 
0.0967773891117104 -0.0031159440613679717 0.0 
0.11758827620383265 0.006629308677715759 0.0 
0.10643034687857686 0.0064302672584603095 0.0 
0.12848019724144025 0.010150744822735746 0.0 
0.17437371208151206 0.0035568223452161155 0.0 
0.14391632775133112 -0.0034794233161853125 0.0 
0.1297689090008532 0.006801107617001075 0.0 
0.158809421755515 -2.0948978538594246e-10 0.0 
0.11828804840110158 -0.0033254235339066746 0.0 
0.10705951174815012 0.003226426801470988 0.0 
0.10726960354681202 -2.4092186713220906e-10 0.0 
0.12976890749416645 -0.006801113098108075 0.0 
0.10705951239567887 -0.003226422487261839 0.0 
0.14305882685192975 0.0069405744085623495 0.0 
0.1584940873500572 0.0035291264340404594 0.0 
0.1442026318521477 -2.183630525654528e-10 0.0 
0.14391632688437997 0.00347942805515173 0.0 
0.13054478531395894 -0.003410609237464067 0.0 
0.11852171327295907 -2.3422791696267206e-10 0.0 
0.13054478452591364 0.0034106138562435893 0.0 
0.11828804768619411 0.0033254280097310945 0.0 
0.13080385278934492 -2.2665659189652228e-10 0.0 
0.12452869253396429 -2.3052873705634862e-10 0.0 
0.11846323716734307 -0.0016640536972415392 0.0 
0.12428255604573742 -0.003369902547294388 0.0 
0.13073902376456334 -0.0017065566264619133 0.0 
0.13073902356368494 0.0017065587148470053 0.0 
0.13735802486872498 -2.2257743182846814e-10 0.0 
0.14413099244139446 0.0017408501815652149 0.0 
0.1370855658864967 0.0034472393478507083 0.0 
0.12428255529504503 0.0033699070971533814 0.0 
0.11846323698409632 0.0016640557070187166 0.0 
0.19189514005265937 -0.03203175935451797 0.0 
0.19678968746692527 -0.03344046586144751 0.0 
0.21074942571414784 -0.031755484942295895 0.0 
0.20523182897997902 -0.030378179139512924 0.0 
0.34001686348957044 0.03291573127488682 0.0 
0.3461529726092904 0.03283301126404287 0.0 
0.3167472594187258 0.03656241056694123 0.0 
0.3121215173648019 0.03644042720823972 0.0 
0.14865238799293484 0.010451006180384095 0.0 
0.15496343305145424 0.01224476668254305 0.0 
0.14656841811426416 0.013850958220611966 0.0 
0.14071156954110636 0.01205615867128126 0.0 
0.2998454162473728 -0.007780200326298948 0.0 
0.28795696246834723 -0.006385536869432808 0.0 
0.27417034792630873 -0.008173726456860115 0.0 
0.2852984032308257 -0.009595716630199551 0.0 
0.17463319383441211 -0.001779233992704911 0.0 
0.1828327092825244 -0.00356149340056649 0.0 
0.19193851194446787 -0.0017804057436679433 0.0 
0.18319470564840568 -1.9536163665466356e-10 0.0 
0.1021355322588168 0.021640344721544965 0.0 
0.09855135114987904 0.019922142366272044 0.0 
0.10491354416073218 0.01886253504084944 0.0 
0.10882447828518506 0.020605793622511755 0.0 
0.2416686158239266 -0.0034382287847257234 0.0 
0.23027749077654944 -0.005216853758276739 0.0 
0.2402793450920331 -0.006875520978738085 0.0 
0.25234350697609675 -0.0050844409698224974 0.0 
0.2204298234428678 -0.003510440080848491 0.0 
0.20992589200590622 -0.005299495815587485 0.0 
0.21914453166726508 -0.007016017524223684 0.0 
0.3251468760917708 -0.036565092232423185 0.0 
0.2939336401489867 -0.04034290903230486 0.0 
0.2958447717126091 -0.04044991776524241 0.0 
0.32888316262444955 -0.03645454168687471 0.0 
0.11255044676076013 0.003277506967814095 0.0 
0.1072170238534478 0.0016146207152935104 0.0 
0.11277209878580483 -2.3768209040111307e-10 0.0 
0.20255839936328762 0.015796563744590847 0.0 
0.19144726826427697 0.017563525609370283 0.0 
0.18442042161826447 0.015859997484212282 0.0 
0.19495812197672793 0.014111859882148598 0.0 
0.09691856548625352 0.0015594245027592765 0.0 
0.10200400718058292 -2.438764014080129e-10 0.0 
0.1018050278765724 0.0031724888849728474 0.0 
0.07589019437155115 -0.012564183484019803 0.0 
0.0726165629163915 -0.010973475925176852 0.0 
0.06832733362741752 -0.011968169029788816 0.0 
0.07136624863314316 -0.01353633045967782 0.0 
0.051438076684339654 -0.01685227954349666 0.0 
0.04937812176644399 -0.015447917647100573 0.0 
0.046076385669639945 -0.015838808070916192 0.0 
0.04797582912318315 -0.0172008936110251 0.0 
0.01783093242288697 0.015236125390814407 0.0 
0.01810945183938193 0.015651982169766317 0.0 
0.01630692873066904 0.014655456029546736 0.0 
0.016093100308492942 0.014310886165274133 0.0 
0.11843872127595677 -0.016419563156869422 0.0 
0.1115426494401762 -0.01769287146613881 0.0 
0.11580052563561097 -0.019455778559101185 0.0 
0.12306423140093643 -0.018196993278361297 0.0 
0.028175628769782038 -0.016893652406441154 0.0 
0.027135101144005493 -0.015888465339262983 0.0 
0.02497462891547238 -0.015551090453271047 0.0 
0.025924174266233894 -0.016500422669270518 0.0 
0.3430619514382988 0.034629238227744594 0.0 
0.39671714143210696 0.027642817589607946 0.0 
0.4024188454863567 0.026567616373242918 0.0 
0.3436061662846858 0.034223500731219166 0.0 
0.008789888660590701 0.009034368096990465 0.0 
0.008930820933116144 0.009261352262072593 0.0 
0.00782775995104221 0.008323047169647673 0.0 
0.007724779613444793 0.008142947469306097 0.0 
0.06585229284811797 -0.023743079058141263 0.0 
0.06786219574093422 -0.025191866361660164 0.0 
0.07290007981481712 -0.024926548171723198 0.0 
0.07067002762645713 -0.0234190418091518 0.0 
0.008260031781019956 -0.008324991736017839 0.0 
0.007264106186689148 -0.00751362434613336 0.0 
0.0075349873307651765 -0.007870117652230923 0.0 
0.008564317830928923 -0.008719227116804194 0.0 
0.3745120207925843 -0.00510118784064367 0.0 
0.39194077948426326 -0.0036110454135828813 0.0 
0.37637252022825424 -0.0025415062136271557 0.0 
0.35981053186376566 -0.004012674104545933 0.0 
0.29594140623650506 -0.04046512073149248 0.0 
0.2933499104518779 -0.04045120493952992 0.0 
0.34306198948243355 -0.03462923347712391 0.0 
0.34188624472920065 -0.03502455121957312 0.0 
0.04179184174758741 0.02708164407634021 0.0 
0.0415654544378117 0.026567175864032743 0.0 
0.04553234616900106 0.02753560428939243 0.0 
0.0458997643668059 0.02816750131489957 0.0 
0.06985016241063811 0.01597608271188318 0.0 
0.06702360457405356 0.014407757992833106 0.0 
0.07136625053375811 0.013536326184178635 0.0 
0.07442227068583546 0.015133288891484813 0.0 
0.8354101661023969 0.00016729010727816794 0.0 
0.8089139657612475 -2.843450558574305e-11 0.0 
0.7825763395391673 0.0001238204935457759 0.0 
0.8085548815786292 0.0003018993316121826 0.0 
0.19849821933521478 0.019225633030945606 0.0 
0.18718333223786104 0.020954093681323744 0.0 
0.18069857389342042 0.019272044659479036 0.0 
0.17912493993580345 -0.03352693511022454 0.0 
0.1669226951500796 -0.034845333135936934 0.0 
0.17068334168699023 -0.03627483899963466 0.0 
0.18343381527211575 -0.034953508012364284 0.0 
0.1585359390929203 -0.03738775969641871 0.0 
0.16157543196100876 -0.03874209261805085 0.0 
0.17424920052104279 -0.03764309486166283 0.0 
0.20651233602580987 0.025712121985524947 0.0 
0.19386683536557 0.027432282510886762 0.0 
0.18805602125817988 0.02587232139968917 0.0 
0.20010639003250016 0.02418019075559266 0.0 
0.0021985835737323503 0.0024940466678364573 0.0 
0.0027793213866336023 0.003152976746816118 0.0 
0.002819683696373383 0.003237786606656082 0.0 
0.0022241974044728296 0.002558748578667657 0.0 
0.03719012785744076 0.02629609515594855 0.0 
0.03654848880589333 0.026124964020169075 0.0 
0.03244533318696335 0.02428850761638629 0.0 
0.03320690815375321 0.02460916872670983 0.0 
0.045976614155004675 0.029374360293314625 0.0 
0.04613711652048076 0.02909939393974451 0.0 
0.05081598216567227 0.030324076935917765 0.0 
0.050810791451314556 0.030738687126719934 0.0 
0.061093855187019645 0.03236885028126417 0.0 
0.06055735209026455 0.03157915446830792 0.0 
0.06598868331292648 0.03225875331815851 0.0 
0.06672361232306996 0.03316727660254694 0.0 
0.07904198454356678 -0.03426919963024269 0.0 
0.08004365010451633 -0.035315607693089245 0.0 
0.08701950649150209 -0.03570880200599596 0.0 
0.08576106225931833 -0.034557513859764244 0.0 
0.6783083203000915 0.00041176047839779783 0.0 
0.7042467755962636 7.007774977027558e-5 0.0 
0.7283343106552231 -0.00018317561736424408 0.0 
0.7016551522917269 0.0001277876492041712 0.0 
0.002138726806735555 0.0024936850719443145 0.0 
0.0015839681384235305 0.0018476826153268166 0.0 
0.0016881533840482485 0.0019378114080603253 0.0 
0.7214182316443795 -0.0002540035278820866 0.0 
0.749601990162154 -0.0006408764492706134 0.0 
0.7743149553288211 -0.0010696172324750055 0.0 
0.7454042899459112 -0.0007609887214657408 0.0 
0.09880136438374305 -0.04150334963679528 0.0 
0.08966690653524899 -0.04053220988728525 0.0 
0.08907282987854204 -0.04087766897965987 0.0 
0.0985066696450573 -0.042022080665061995 0.0 
0.7700003660666513 -0.0012758489502887648 0.0 
0.7996084537862308 -0.0014840623578604027 0.0 
0.8255575717559699 -0.0018459612002381745 0.0 
0.7952863784123237 -0.001762644309733964 0.0 
0.020521250033845098 0.0019380114964291644 0.0 
0.018912988749623633 0.002432464614858594 0.0 
0.017455836237586942 0.0017216406098011533 0.0 
0.018989704619784564 0.0012223993386165962 0.0 
0.0919670092701038 0.0030570755248731647 0.0 
0.08749102310666303 0.0014995214914921263 0.0 
0.0921450744245664 -2.489402828432143e-10 0.0 
0.09691856563874446 -0.0015594226737904884 0.0 
0.08749102324594896 -0.0014995197607272103 0.0 
0.09196700982702315 -0.0030570714798660564 0.0 
0.04278035938543654 0.027769644693583905 0.0 
0.045663163629838716 0.029281913925050716 0.0 
0.052785779369516964 0.032077578925274 0.0 
0.05007540813243938 0.030828266919076752 0.0 
0.10099506764981461 0.01712308049966384 0.0 
0.10728866186339318 0.01593452771190241 0.0 
0.11154265121165796 0.017692868765272107 0.0 
0.0653140476974291 -0.01043445268637266 0.0 
0.061405130925581954 -0.011355253848884122 0.0 
0.06420576374981142 -0.012865614426820323 0.0 
0.0867523304322715 -0.041039370132350504 0.0 
0.0773701943563101 -0.039189447963672915 0.0 
0.07530965581088392 -0.03872040729538312 0.0 
0.08496179160284918 -0.0408157027289124 0.0 
0.2933498536011514 0.04045121076909393 0.0 
0.2959413717494571 0.04046512445104483 0.0 
0.34188622739440583 0.03502455346724824 0.0 
0.044160988586511324 -0.014491900128057036 0.0 
0.04116070975043457 -0.014823188543475616 0.0 
0.042931216638780134 -0.016129004200947865 0.0 
0.05507282950550093 0.03303611206871972 0.0 
0.06251329135290502 0.03539351439588997 0.0 
0.06042212612196211 0.03468022182072927 0.0 
0.03937659751868218 -0.013534605609159549 0.0 
0.03665042571861256 -0.01380869673074288 0.0 
0.03830398543322103 -0.015057788072279277 0.0 
0.09855135127216127 -0.019922142866594866 0.0 
0.1021355323797136 -0.021640345213164876 0.0 
0.10882447838983215 -0.02060579410215444 0.0 
0.10491354426828535 -0.01886253552932902 0.0 
0.17112750462887782 -0.04345601042077521 0.0 
0.1569989272620937 -0.044139633160064154 0.0 
0.15803389695288148 -0.04506083955010834 0.0 
0.17272299876346253 -0.04443917073321095 0.0 
0.04174481902677411 -0.027755471192195055 0.0 
0.046137120107098945 -0.029099395165780268 0.0 
0.046106274711826475 -0.02869281257412659 0.0 
0.04185646565876227 -0.027481892524021993 0.0 
0.11271468169085763 -0.022346507285001822 0.0 
0.10568855837546243 -0.023354774862230462 0.0 
0.10919650498878494 -0.025059154226581868 0.0 
0.11657014064057236 -0.024078345863850645 0.0 
0.03158980845184212 -0.014080851552065279 0.0 
0.030151659233451183 -0.01292759845958229 0.0 
0.027912807698655232 -0.01297104601072376 0.0 
0.029248916874441956 -0.014083918604232876 0.0 
0.024589106360722136 0.019736053104166644 0.0 
0.022722439208560503 0.018384993960202024 0.0 
0.01874424324204669 0.01575949264915581 0.0 
0.020704565857916735 0.017282159622484784 0.0 
0.3399075370499356 0.03321915640884093 0.0 
0.4223647039756099 0.022488765472556724 0.0 
0.43109996327357775 0.02074343108228924 0.0 
0.3359528716622993 0.03307877675071326 0.0 
0.26657674410013593 0.04096994765155144 0.0 
0.27662644143236126 0.04071340755172079 0.0 
0.3422544519231365 0.03348229266802054 0.0 
0.037975166388734334 -0.0267214285363813 0.0 
0.03921621207424304 -0.027301668697142113 0.0 
0.03457504391162711 -0.025231109461682343 0.0 
0.03320656278715437 -0.024473512138609207 0.0 
0.10856419945163674 0.042872729189851654 0.0 
0.10823713387632433 0.04341218240221485 0.0 
0.09784611222709266 0.0423879450955951 0.0 
0.09850666202737354 0.04202208000863344 0.0 
0.05507102102038406 0.016398931870801336 0.0 
0.05283951443584114 0.014955250302734206 0.0 
0.056463215654941355 0.014360388063214468 0.0 
0.05887787289730881 0.015840219918941724 0.0 
0.3932022514778173 -0.0012004271039143036 0.0 
0.4096477357692061 -0.002257521210354624 0.0 
0.4276191940829876 -0.0010510999134834874 0.0 
0.4102875638912924 -1.0641095067827809e-10 0.0 
0.14367019520199834 0.04447791118058371 0.0 
0.14419661061531702 0.04530691051138706 0.0 
0.1311849634068697 0.045175147712662414 0.0 
0.13111859995182762 0.04446707641652809 0.0 
0.17112748561678648 0.04345601301411015 0.0 
0.17272299365144142 0.044439171197744994 0.0 
0.1580339069359054 0.04506083838607854 0.0 
0.15699892259708506 0.04413963350186805 0.0 
0.06604861370988636 0.0203762798227897 0.0 
0.06838232505429323 0.02190005308653616 0.0 
0.06377897043603564 0.02227866702714439 0.0 
0.06165371871868916 0.020805475556534433 0.0 
0.06127476716342799 0.02394187002124867 0.0 
0.05940143247988892 0.022536627094180074 0.0 
0.06585229260524705 0.02374307846571165 0.0 
0.5033129739778193 0.0007203306743463651 0.0 
0.48303385472142724 0.0016143050274938662 0.0 
0.4643170184792889 0.0008897413063097274 0.0 
0.48369220861857204 -8.797881978355596e-11 0.0 
0.002755024380440043 -0.003200367883460992 0.0 
0.0034319807822702614 -0.003959008657733965 0.0 
0.0034757438070874567 -0.003968445928751385 0.0 
0.002820823270932191 -0.0032390731266592585 0.0 
0.002780441800398308 -0.0031542331686580044 0.0 
0.0022006014215882044 -0.002496355832173703 0.0 
0.00222625467773587 -0.002561116859813005 0.0 
0.46503931520977204 0.018380515531856736 0.0 
0.47798830346211657 0.01634028624278232 0.0 
0.4084413187640997 0.025361879090793942 0.0 
0.02965975128640355 0.021203732623247665 0.0 
0.026041965070927375 0.018810957653450835 0.0 
0.020037379388421712 0.01510915487434034 0.0 
0.02377253457489223 0.017758045494484995 0.0 
0.25294792362960394 0.041329809185139524 0.0 
0.18291781912565022 0.04325991858923132 0.0 
0.20312631753656316 0.044122446003413876 0.0 
0.24794269290584206 -0.044551976642403665 0.0 
0.24050835815684732 -0.04459436152184882 0.0 
0.28948711282447015 -0.040474294171726787 0.0 
0.11799621241234987 -0.004981429107217395 0.0 
0.12354542121695374 -0.006718935781626607 0.0 
0.1302212194328118 -0.005109656403359744 0.0 
0.8213511504758434 -0.002180430971346433 0.0 
0.8522440533216756 -0.002111378032587318 0.0 
0.8797563339251607 -0.0022310529588704673 0.0 
0.8482913930749754 -0.0024814102697236235 0.0 
0.13302609263650367 -0.013592458454193582 0.0 
0.1407115710624626 -0.012056156599756106 0.0 
0.13491412888561624 -0.010264051214040225 0.0 
0.12764544449212153 -0.011803443530521882 0.0 
0.08059564009206412 0.011494322865394783 0.0 
0.07707319393139303 0.009884461827260781 0.0 
0.081696241578597 0.00870472514934625 0.0 
0.08548204240095335 0.010330435763976922 0.0 
0.025014887148512865 0.02039492273406435 0.0 
0.02382160678697177 0.01958106706002884 0.0 
0.020374191698896604 0.017405493750962998 0.0 
0.021658550623961485 0.018366658985011358 0.0 
0.5346319938536404 0.007958634193320364 0.0 
0.5653933216762069 0.004036259842818897 0.0 
0.44215045207761006 0.0184506561878493 0.0 
0.00045615848147126267 0.000488319482562521 0.0 
0.0007990245331961541 0.0008774564481716865 0.0 
0.0007973033117223547 0.0008994928309122318 0.0 
0.0004512193831497863 0.0005017348161318715 0.0 
0.010516354387733802 0.010639267521506233 0.0 
0.008666840095267081 0.00901573632791273 0.0 
0.009486449496646274 0.009822988331739684 0.0 
0.011281729953597755 0.011354521540689451 0.0 
0.6326409647202329 0.0006643214810739522 0.0 
0.6084187583832462 0.0012091067296256493 0.0 
0.5868738590153945 0.0011446280061859788 0.0 
0.6102516166550255 0.0005961192329078035 0.0 
0.5753972395270202 0.003690166801742085 0.0 
0.6009726951950082 0.0025567650488452745 0.0 
0.6217838232740762 0.002203408348121473 0.0 
0.5952658828108851 0.00333066085447776 0.0 
0.21259343801460445 0.04541686317241884 0.0 
0.2332052109173835 0.04365269441002166 0.0 
0.2349906032561852 0.044270544800240154 0.0 
0.213454518084083 0.04604990028786961 0.0 
0.5881245836252298 -0.00037847520337057756 0.0 
0.5662429015141404 -7.029536346324152e-11 0.0 
0.5445962065497548 -0.0005478997661055441 0.0 
0.5656056835339709 -0.0009272602532300604 0.0 
0.22556390954621733 0.02054326389876442 0.0 
0.23325233768039877 0.021999302384637653 0.0 
0.21964413305146735 0.023894146127663822 0.0 
0.21261201550671166 0.022397395531815897 0.0 
0.1435587360121293 0.00521345418162932 0.0 
0.13626956386792763 0.0068752253191726375 0.0 
0.13022121940811068 0.005109655949597635 0.0 
0.9442049330054121 -0.00032931314084488916 0.0 
0.9721161150289398 -0.00012348966117238267 0.0 
0.9719482769355444 -0.0002483121361030627 0.0 
0.12232111344422676 -0.010025607471266677 0.0 
0.12918826340613115 -0.008482385796886996 0.0 
0.11706460700039836 -0.008266316414863124 0.0 
0.5238337803796845 -7.904861057701701e-11 0.0 
0.5033129744672332 -0.0007203297664384073 0.0 
0.5231803156978376 -0.0012709787547731438 0.0 
0.1613373703669759 -0.01403157964159516 0.0 
0.15247167276384962 -0.015640787883344883 0.0 
0.1584076637740066 -0.017418140057649023 0.0 
0.16776068975201872 -0.015803510009852643 0.0 
0.15485437811488856 -0.020714877514989207 0.0 
0.16436205968855003 -0.019175709151220948 0.0 
0.14937906613801813 -0.018953555387996444 0.0 
0.15134911668641174 -2.1397723085884207e-10 0.0 
0.15873052568918053 0.0017655571597899715 0.0 
0.1510485159284927 0.003506848827367967 0.0 
0.041190964205209436 0.02595025570196766 0.0 
0.04068136547667573 0.025241914954877268 0.0 
0.04437019305259298 0.025996845410785455 0.0 
0.04501807394085885 0.02680846442221304 0.0 
0.04523469753081244 0.01270164819014997 0.0 
0.04316594368364867 0.011370897688580808 0.0 
0.046149267402743915 0.010781147432574092 0.0 
0.048371223738367254 0.012140888814634798 0.0 
0.02377536979099711 -0.01281058310135259 0.0 
0.022597940910780552 -0.011786606504248131 0.0 
0.020771365050805412 -0.0116281741990346 0.0 
0.021869943007079676 -0.012613705915889784 0.0 
0.021946570332763902 -0.0160157368993804 0.0 
0.01583040181599077 -0.012047354583471259 0.0 
0.011115820979443199 -0.008535650034020523 0.0 
0.01733687098961737 -0.012779994339137863 0.0 
0.016705755081550706 0.013414285786968141 0.0 
0.013204598476181358 0.010684791341567768 0.0 
0.008473527045754888 0.007109632881697314 0.0 
0.01205927476021591 0.010050565809382985 0.0 
0.08292732040896023 0.027601759248094118 0.0 
0.08060228889154122 0.026076312342788514 0.0 
0.08643025737316967 0.025599154416322673 0.0 
0.0890215937547907 0.02717962481372029 0.0 
0.039609419511311854 -0.006951964780472548 0.0 
0.037489845553007 -0.005774072166355235 0.0 
0.035057604672483596 -0.006448598996033864 0.0 
0.037048599441999557 -0.007609768813852508 0.0 
0.08376850158041753 0.02400119002367141 0.0 
0.0896108681855119 0.023341876091355518 0.0 
0.09255042338560243 0.0249849764724911 0.0 
0.004972805071137068 0.0055534656339813245 0.0 
0.004979894723209721 0.005610921627117702 0.0 
0.00417267934213404 0.004764590425041114 0.0 
0.004192189333726661 0.0047420005146901175 0.0 
0.03944485870877967 0.025918188401609 0.0 
0.03250063185488547 0.022424767277597568 0.0 
0.03598576772300008 0.024550973763505388 0.0 
0.038337320523283466 0.01988767683855208 0.0 
0.039544652327036175 0.021009513099638985 0.0 
0.036514455582950606 0.020677776016107027 0.0 
0.03543060355892101 0.019623728820024344 0.0 
0.03455001995927675 0.021197531733793504 0.0 
0.03365413736216009 0.0202538108640525 0.0 
0.037527858456816436 0.02169611343402806 0.0 
0.01965099028807113 -0.01065046012813187 0.0 
0.01799286944817361 -0.010454284836460367 0.0 
0.01904308707326084 -0.011397360482756832 0.0 
0.11521887622746933 -0.04540575171394333 0.0 
0.10262362646020742 -0.04388717364539645 0.0 
0.09995033305740268 -0.04348226270426708 0.0 
0.11293165567948427 -0.045273818377847476 0.0 
0.007366465625007768 0.0002878987732479429 0.0 
0.006305143315958672 0.0005033274666285993 0.0 
0.005292350331727553 0.00021604738135444469 0.0 
0.006310126538602664 -4.839315477575736e-11 0.0 
0.16527499877844473 0.007077100638485725 0.0 
0.17256096245719113 0.008862714193459301 0.0 
0.16362997076983657 0.010578043186979875 0.0 
0.15684256453042916 0.008787603415696125 0.0 
0.32406696131058077 0.010255751278080602 0.0 
0.3079308046343147 0.012147091396082152 0.0 
0.29655502107354764 0.010923103798707201 0.0 
0.31188498412352533 0.009073249435294185 0.0 
0.030479570975171993 -0.007541254712695706 0.0 
0.028743922380089902 -0.006466885868551314 0.0 
0.026698542401345834 -0.006904301660143308 0.0 
0.028332893145029243 -0.007959445144970382 0.0 
0.05169813583727365 -0.029256501548865367 0.0 
0.04132085499036425 -0.024799384780042538 0.0 
0.034851775245847726 -0.02125542546502238 0.0 
0.04543579708148667 -0.0261621274562758 0.0 
0.01415276858256175 0.012976806396180377 0.0 
0.015596223975536158 0.01421675079740713 0.0 
0.018523256174712757 0.01630279192885435 0.0 
0.01715571272585989 0.015199362653659827 0.0 
0.5531571322208841 -0.00881182353056238 0.0 
0.6091113452650632 -0.0035531365497336645 0.0 
0.5870735862120761 -0.005806263678342593 0.0 
0.5351777815819527 -0.010974969000927898 0.0 
0.025085004721046068 -0.005897879987404413 0.0 
0.02321722598781019 -0.006269768926169265 0.0 
0.024740376126365413 -0.007258449490214548 0.0 
0.02171453903207109 -0.005330995661132847 0.0 
0.02000760249904947 -0.005637781176898928 0.0 
0.02142978711622587 -0.006560416245429047 0.0 
0.6647682966873685 0.0011674616470721386 0.0 
0.6931341671591006 0.00034103835006092653 0.0 
0.7163154498585067 -0.00023926957318257298 0.0 
0.6870675315750394 0.0005228940494097215 0.0 
0.00045687969375768177 -0.0005081875340917647 0.0 
0.0008038854638462853 -0.000907122242305732 0.0 
0.000805335108932942 -0.0008846948005431176 0.0 
0.0004616429366731952 -0.0004944468911119049 0.0 
0.7175621309133909 -0.0015472657079313257 0.0 
0.7562799066454226 -0.0027456448828300766 0.0 
0.7838618499485643 -0.0036529108127603253 0.0 
0.743682727759884 -0.0027487057654017716 0.0 
0.00337782309505511 -0.00014414278664571606 0.0 
0.002478225787694635 -1.7112709085221064e-11 0.0 
0.001615334679385752 -7.214704257881334e-5 0.0 
0.002477080068108063 -0.00021605112596530368 0.0 
0.17093494881195007 -0.048601186363872166 0.0 
0.19149387023086448 -0.0481908919077935 0.0 
0.1926626285075419 -0.04779101681728272 0.0 
0.17290481216457498 -0.04834713518236928 0.0 
0.02706896997206027 -0.020028341284733766 0.0 
0.03283387984164299 -0.023228789988672192 0.0 
0.03559573786894264 -0.02491808031275256 0.0 
0.02995744648500426 -0.021951537446237977 0.0 
0.00431361062757691 -0.00035976372906418183 0.0 
0.005292350350344496 -0.00021604713944950481 0.0 
0.004316353903438028 -3.1656420001192754e-11 0.0 
0.009553077959158175 -0.0017807148282156726 0.0 
0.008436944252832307 -0.0012871883580323979 0.0 
0.007328275054037438 -0.001425147493302682 0.0 
0.008397393023956878 -0.0019146080786388551 0.0 
0.726616268508003 -0.004669533588174006 0.0 
0.7646917497761304 -0.00635430546101416 0.0 
0.695378466507632 -0.0037428225719416124 0.0 
0.6623514856443828 -0.0012965575108872967 0.0 
0.41383325246213437 -0.019988638156709742 0.0 
0.3877822227499436 -0.023041137729674904 0.0 
0.39818852520805853 -0.022888010453832076 0.0 
0.4255362529501288 -0.019685672728324787 0.0 
0.012010137026891932 -0.0012905940599469673 0.0 
0.01079133735082638 -0.0007903770858957882 0.0 
0.009591298496778734 -0.0010756344586810703 0.0 
0.010757261563872144 -0.0015728137172715223 0.0 
0.028532480005249206 -0.0199089164608026 0.0 
0.0325006337856727 -0.022424768483411645 0.0 
0.026041971624555783 -0.01881096182773074 0.0 
0.014942148805356895 -0.009860518551359523 0.0 
0.013992254908309585 -0.00898870586755007 0.0 
0.012645676751330423 -0.008629061648266828 0.0 
0.013542909771174963 -0.009471446493824405 0.0 
0.7401263007459115 -0.0008499408938011835 0.0 
0.016814715727830803 -0.006014708241228198 0.0 
0.015551180574618122 -0.005172719805200129 0.0 
0.014125097281670218 -0.005261177969531289 0.0 
0.015326400203262414 -0.006087643266061474 0.0 
0.1076716763685553 -0.039603999580391576 0.0 
0.09264734534629443 -0.035728124031178574 0.0 
0.12325656715727451 -0.0414646221294335 0.0 
0.13712528067806218 -0.04394564333889282 0.0 
0.007289740012644313 -0.001975135197258209 0.0 
0.006264960332977477 -0.0014899547120202947 0.0 
0.005246388174665753 -0.0014823817450842418 0.0 
0.00622932735249306 -0.001963264208270574 0.0 
0.007068420547276449 0.006270366793878023 0.0 
0.010051052509632953 0.008867438345436738 0.0 
0.013919618662673532 0.011863928698329746 0.0 
0.01101116367428657 0.009445303248792487 0.0 
0.008743619741259685 0.008535526098688183 0.0 
0.01031913594338227 0.010029314514402006 0.0 
0.012865331640404307 0.01212148964702306 0.0 
0.011352715403538518 0.010751259118309896 0.0 
0.06353832980690871 0.03533106842342111 0.0 
0.06630356927956772 0.03633617629065097 0.0 
0.07530965149106034 0.0387204060671613 0.0 
0.07278344223557998 0.03799322517625721 0.0 
0.029101860411288212 0.019944546142065395 0.0 
0.02841635955634478 0.01915285182303215 0.0 
0.030956993873796995 0.019743438376100257 0.0 
0.0317437826833393 0.020611445513112694 0.0 
0.10679711828221768 0.0048325996246816215 0.0 
0.10120914101042594 0.00632200867581909 0.0 
0.09654220043101948 0.004666666986588443 0.0 
0.01809162431986812 -0.006902612486618764 0.0 
0.01972168769861721 -0.0067708824571243165 0.0 
0.018374673459034697 -0.005865280425396365 0.0 
0.021667295644626088 0.016967010028617103 0.0 
0.021159898613208692 0.016335819991577717 0.0 
0.023191542329158963 0.01705616113554298 0.0 
0.023778039977081816 0.017757648232893365 0.0 
0.5604664174552245 -0.0028616931949849924 0.0 
0.5367593177654554 -0.003983203839649187 0.0 
0.5559086187744622 -0.003910720263163082 0.0 
0.5805471927463047 -0.0027801738357984863 0.0 
0.0773701963796815 0.03918944820579621 0.0 
0.08675233882395023 0.0410393712894217 0.0 
0.08496179383608053 0.040815702979754065 0.0 
0.004079291718895487 0.0035407442583277695 0.0 
0.004464375382400403 0.0037697640310664342 0.0 
0.0020661254933467253 -0.0023110399747251526 0.0 
0.0015473023362402396 -0.0017179591145886006 0.0 
0.0016776417774991806 -0.0018938134997463591 0.0 
0.09678844700967697 0.04258427384819965 0.0 
0.08811164955662941 0.04105291985305211 0.0 
0.4164249578475529 0.025477653317963728 0.0 
0.4596038558842724 0.019974893221989174 0.0 
0.47129325893282364 0.018513706243605696 0.0 
0.4249257170181644 0.024393281050797033 0.0 
0.42553626473502104 0.01968567055060975 0.0 
0.45348820544809487 0.016598530944137067 0.0 
0.466788685113556 0.016005327543760346 0.0 
0.43744544623682324 0.019230605172688896 0.0 
0.11255044744120445 -0.0032775025707343143 0.0 
0.10679711831493677 -0.004832600107735241 0.0 
0.11188665825953457 -0.006532905531821836 0.0 
0.8894576567473036 -0.00016412338853799856 0.0 
0.9168870014896853 -1.2144925714918304e-11 0.0 
0.9444261823881144 -0.00010941854999114779 0.0 
0.9167230723983113 -0.0002871887084891399 0.0 
0.9721716972480864 -3.987267239067746e-12 0.0 
0.028175629052974445 0.016893651084253555 0.0 
0.025924173516697426 0.016500421776955907 0.0 
0.02497462898898829 0.015551089157000392 0.0 
0.02713510217385318 0.015888463457787275 0.0 
0.010174257962846782 -0.007745227147249303 0.0 
0.00934360516732148 -0.006957472964299605 0.0 
0.008249700396364645 -0.006464884226047799 0.0 
0.009042558153672612 -0.007230488615192175 0.0 
0.16575127701502418 -0.024158459023443102 0.0 
0.17626567286214037 -0.022603650473275033 0.0 
0.1703199222642298 -0.020906450424532253 0.0 
0.16031706489194233 -0.022451987005969926 0.0 
0.17646755073742998 -0.027455531881639735 0.0 
0.18805601685284687 -0.025872324144119555 0.0 
0.18218326568620702 -0.02426092173054938 0.0 
0.1711404677285339 -0.025828221591137717 0.0 
0.007838229640666997 0.008401417766002974 0.0 
0.006777670964279566 0.007427021447385034 0.0 
0.006804087457925562 0.007397123815023844 0.0 
0.21912995710152416 -0.028587035611523738 0.0 
0.2128591662779348 -0.02718265947506699 0.0 
0.19959810610594336 -0.028935778703062184 0.0 
0.8162354372454685 -0.0025104954842929557 0.0 
0.783597127793723 -0.002269438640642524 0.0 
0.7581637726241333 -0.0016083895064609016 0.0 
0.7899862945849995 -0.002026747282655618 0.0 
0.4931376326216699 -0.013972434032283395 0.0 
0.41498346696162075 -0.024026086507204024 0.0 
0.42236464595249384 -0.02248877236359461 0.0 
0.5114797916072413 -0.011239518350358592 0.0 
0.20828222496043158 0.008820993708659878 0.0 
0.19770237793830417 0.010616915780737509 0.0 
0.18967278685525044 0.008876322325504856 0.0 
0.19966974366647128 0.00709275178892773 0.0 
0.858009493857474 -0.0013899945587196533 0.0 
0.8850025284790508 -0.0015093143962584075 0.0 
0.8554606499871873 -0.0017476676533188557 0.0 
0.8289436875634172 -0.0015097562179971515 0.0 
0.18741585267716682 0.01238898149709841 0.0 
0.20582358318279118 0.012323626217845003 0.0 
0.4796072006182604 -0.010961847727878426 0.0 
0.6743808371944214 0.00619062224734099 0.0 
0.6085524119595478 0.0006699588898388015 0.0 
0.4572312586421854 -0.01594024806100525 0.0 
0.916228126060333 -0.0005767581504401917 0.0 
0.889024788165837 -0.0004934433935526436 0.0 
0.0044849511913653516 0.00513820768108498 0.0 
0.0034369028803140217 0.00400544785358266 0.0 
0.003971384196390773 0.004604369649269882 0.0 
0.00498331660420352 0.005679580913702061 0.0 
0.0353635100646279 0.02209172134460945 0.0 
0.0324458279715538 0.021424348650979468 0.0 
0.03431189140832627 0.024606337254893036 0.0 
0.034125131113237964 0.024753732982887106 0.0 
0.03061732338678172 0.023260006432832298 0.0 
0.030915251785824088 0.023238689978056785 0.0 
0.34016226103779235 0.03540079184971914 0.0 
0.3857551787534924 0.029481592377686806 0.0 
0.3911931270169537 0.028615465045327936 0.0 
0.23727550236520853 0.045710840995333915 0.0 
0.23682706944949727 0.046060184381913546 0.0 
0.21100846194237852 0.04778225143476287 0.0 
0.21262865972667744 0.047473426727416224 0.0 
0.03305370532441076 0.02217308063580262 0.0 
0.03020309282020233 0.02133662070990434 0.0 
0.029700520205876046 0.02067553859874457 0.0 
0.06985016259975885 -0.015976083266250725 0.0 
0.06547225593685214 -0.016712181672813114 0.0 
0.06807508483431123 -0.01826553612345245 0.0 
0.07267627681583844 -0.017564752601401598 0.0 
0.0610639976116147 -0.030652720281626154 0.0 
0.051711726244404885 -0.026601031476453 0.0 
0.06774187233232291 -0.032299206898472224 0.0 
0.07673161347999967 -0.035641999909964514 0.0 
0.7716957309433197 -0.0038217440355687513 0.0 
0.8133371413427608 -0.004351842549630697 0.0 
0.8449872211270694 -0.004741491458617629 0.0 
0.8019100261521267 -0.0046760786677984565 0.0 
0.004972942078013275 -0.005553605364887647 0.0 
0.004192435977285422 -0.004742262447135814 0.0 
0.0041728889211408255 -0.00476481591469993 0.0 
0.004979987418699658 -0.005611017921753243 0.0 
0.19543152610442205 0.047996021766417644 0.0 
0.20092716503249952 0.04812564507084104 0.0 
0.23078049691931804 0.04673445252555414 0.0 
0.22683695187257782 0.04682960607979719 0.0 
0.8868188183332842 -0.001163895118745445 0.0 
0.9153925318695101 -0.0008711261647226561 0.0 
0.9430768361316947 -0.0007809086105247824 0.0 
0.9141997319305996 -0.0011727804711968981 0.0 
0.44333976178320195 0.02175980774769047 0.0 
0.4536352053816563 0.020179901066746275 0.0 
0.10721702402057497 -0.0016146187926803742 0.0 
0.006735944643233521 0.007260945915133218 0.0 
0.006578640682491816 0.007027394642413198 0.0 
0.0075349779778595615 0.007870109378858375 0.0 
0.024043657713860956 -0.016964936437337576 0.0 
0.012173089304986107 -0.00906251415135039 0.0 
0.018993332712974827 -0.013550384481992769 0.0 
0.10180502849248067 -0.003172484657390448 0.0 
0.006940448249376302 0.006802544944547861 0.0 
0.004456365526244198 0.0044902382932083505 0.0 
0.006314242004647463 0.006341624345345829 0.0 
0.21378493314545086 0.046604607543470074 0.0 
0.19266259681152884 0.04779101872410701 0.0 
0.19320205761798334 0.04729100653629451 0.0 
0.01746495583956789 0.014742254339862343 0.0 
0.019252962896491546 0.01556215571471697 0.0 
0.019686995284736067 0.016124012439780858 0.0 
0.22641263211979742 -0.035464012376962256 0.0 
0.24310650366744305 -0.03346552427035413 0.0 
0.2373136435256808 -0.03236300121935981 0.0 
0.22135972121517103 -0.03430111490955499 0.0 
0.005347109785766227 -0.004265356193342699 0.0 
0.005853537393513998 -0.004534063959854559 0.0 
0.7814272351482995 0.007669946956073502 0.0 
0.8617640224731937 0.007350301051293331 0.0 
0.8091740287540045 0.007414391778910737 0.0 
0.7344350128913417 0.00598168875308485 0.0 
0.5128811165459664 0.012912050776616914 0.0 
0.530204244433363 0.01056971304983918 0.0 
0.0007895228790481101 -5.050280125248505e-12 0.0 
0.0007893118440275025 -7.210756077724925e-5 0.0 
0.31188498413203464 -0.009073249701629598 0.0 
0.32754969483233165 -0.007293601755554541 0.0 
0.31470799009607364 -0.0060304633020347555 0.0 
0.01158029715652834 0.0104446754100663 0.0 
0.009170801296753186 0.00831554043402896 0.0 
0.005888220132485903 0.005507938607655462 0.0 
0.008363166666063068 0.007788271394679545 0.0 
0.007740046830306817 0.0066798141201201075 0.0 
0.003726844666383499 0.003323081415557413 0.0 
0.010700265525780895 -0.0023393683686007928 0.0 
0.011956731675231591 -0.002136527072043154 0.0 
0.01326517565839428 -0.001858755578769967 0.0 
0.014625662507726539 -0.001505876911838959 0.0 
0.013311569952712892 -0.0009340837163386187 0.0 
0.1581002244852429 0.005288711363456391 0.0 
0.15014816157391664 0.0069964942807188915 0.0 
0.5189169024588295 0.012928001771921806 0.0 
0.5351777556896311 0.010974971670092355 0.0 
0.4838692863981762 0.016860323196925268 0.0 
0.008341594384862792 -0.002522638964746839 0.0 
0.009495438963675835 -0.002467791119231899 0.0 
0.3218206831435768 -0.028524564813455555 0.0 
0.3137311355281215 -0.02800593620957848 0.0 
0.29312150476727306 -0.030602892925096315 0.0 
0.3002152212676492 -0.031244610108166256 0.0 
0.3453134647006355 -0.0027932131453769025 0.0 
0.3610254408489654 -0.0013347703087624402 0.0 
0.34590732364913973 -1.2559664443715245e-10 0.0 
0.3310284579596882 -0.0014521403758381431 0.0 
0.005369932449010304 0.005152869541714058 0.0 
0.0028360959120986087 0.0027312886002947966 0.0 
0.0025865604150889267 0.0025524286573767496 0.0 
0.009275431070597924 -0.007561148426093865 0.0 
0.004464371255864604 -0.0037697606410954237 0.0 
0.004885623676161575 -0.004010973498575252 0.0 
0.9437581060764627 -0.0005524051373966426 0.0 
0.9716648543368056 -0.0003758383862318404 0.0 
0.0032831448963109356 -0.0038236978543746756 0.0 
0.004051369106002764 -0.004666744376201695 0.0 
0.9245587299910427 0.005300886145412922 0.0 
0.8389389296127027 0.008174681699871785 0.0 
0.9103867376893453 0.006280209730549719 0.0 
0.49760707033937474 0.015003799653031108 0.0 
0.5531570771442457 0.008811828824891756 0.0 
0.5733572509159506 0.0064392372508760235 0.0 
0.1709349653167694 0.04860118613212833 0.0 
0.1729048044533698 0.048347135317691414 0.0 
0.191493861740758 0.04819089227082662 0.0 
0.19669648660439243 -0.04615838271863986 0.0 
0.18405938310546216 -0.0454519916890703 0.0 
0.23096358960719207 -0.04458778209899353 0.0 
0.20085300725654456 -0.0035506345011508734 0.0 
0.21074908369045134 -0.0017676007171686246 0.0 
0.20124789880931634 -1.8557882669693053e-10 0.0 
0.007435094421810142 -0.00570222396453432 0.0 
0.006433954598460796 -0.005183274930633535 0.0 
0.0072164234560158835 -0.0059286302515274125 0.0 
0.007827772536988022 -0.008323058977487053 0.0 
0.006804110695153232 -0.007397146243239665 0.0 
0.006777689910484879 -0.007427040394025533 0.0 
0.007838237222611807 -0.008401425467099525 0.0 
0.1581002245037331 -0.005288711782305929 0.0 
0.16527499683648614 -0.007077106291088159 0.0 
0.17394145605577158 -0.00533109832547265 0.0 
0.16626499058070396 -0.003545908136482261 0.0 
0.22207495688187312 0.040450659111199654 0.0 
0.22538583251777633 0.04136273465323316 0.0 
0.20728231138241734 0.0430540293171328 0.0 
0.204732855140456 0.04211385060325018 0.0 
0.2911568857601297 -0.035076274016845835 0.0 
0.29673742687615556 -0.03555271261245698 0.0 
0.32074106983473066 -0.03254823971984583 0.0 
0.31403201795056246 -0.03221776494744352 0.0 
0.001211748412955163 0.0013820314271601973 0.0 
0.00109087133464059 0.0012692320384164017 0.0 
0.0006585439140520254 0.0007624214790352976 0.0 
0.9106363341992268 -0.0018084588731156375 0.0 
0.9394585815055723 -0.0015232829600693133 0.0 
0.9081883987896473 -0.0021481069722033143 0.0 
0.003014441702804567 -0.003329771822706594 0.0 
0.0026804529590692596 -0.00292842321076684 0.0 
0.0020651924704847015 -0.0022593139339734457 0.0 
0.002396835782605576 -0.002653196876400544 0.0 
0.14413099266141538 -0.001740848025343945 0.0 
0.15104851683696538 -0.003506844038228185 0.0 
0.15873052592981632 -0.001765554948834355 0.0 
0.00569178100713041 0.0061980805195110044 0.0 
0.005477347061391006 0.005907783156219393 0.0 
0.006337694980820543 0.006705607091057419 0.0 
0.27860700805276356 0.029014765078463102 0.0 
0.29736870392645076 0.02663333862141489 0.0 
0.3055789735906345 0.027374903257105992 0.0 
0.28591554729219737 0.02985896769895478 0.0 
0.26372600853261907 0.027034146914614084 0.0 
0.2807997984815151 0.024830186591173052 0.0 
0.28910639453811054 0.02578413623438324 0.0 
0.2712067100914278 0.028072195169877478 0.0 
0.5964579877221166 0.003846839355032639 0.0 
0.6233985244390744 0.0010652659828061526 0.0 
0.5503026771397358 0.007926285792912751 0.0 
0.20946637614934624 0.04391838192159761 0.0 
0.19159304695431012 0.045241491771969275 0.0 
0.1901358056899718 0.044386959574914064 0.0 
0.0098941020591785 0.010294340607113268 0.0 
0.009566877572647797 0.01001629145616674 0.0 
0.008152717041346635 0.008758561678677947 0.0 
0.00852725044271599 0.009107540671658218 0.0 
0.021016554032784615 0.014663127277833343 0.0 
0.019209366943197196 0.014123534186866583 0.0 
0.018440178868588893 0.013307760005395613 0.0 
0.02017725561562929 0.013796661482913638 0.0 
0.1691849176409813 0.04239083957115188 0.0 
0.18353618652773102 0.041346301657572096 0.0 
0.18607394143243464 0.04243694235015104 0.0 
0.32591296946677084 0.024831401175034275 0.0 
0.33504862171490246 0.0253449943791268 0.0 
0.31373113550229287 0.028005936033826777 0.0 
0.31676540776838247 -0.024197418617983496 0.0 
0.30760731212769254 -0.023445811469261717 0.0 
0.28910638717591075 -0.02578413885571348 0.0 
0.2973687039495736 -0.026633338827876028 0.0 
0.33373598302308116 -0.03289674286947715 0.0 
0.3400168967143159 -0.032915725958883806 0.0 
0.3690872914510967 -0.029190773352132007 0.0 
0.36133176771243125 -0.029375890199220465 0.0 
0.006918020186055271 -0.007082685492002148 0.0 
0.006018858901483605 -0.006304893417422532 0.0 
0.006337708138847709 -0.0067056186662160615 0.0 
0.016806000232053555 0.012762071619458805 0.0 
0.01605088912387963 0.011965813942950763 0.0 
0.017622648196377756 0.012466110927097793 0.0 
0.007621661005646132 0.007284352461027072 0.0 
0.010553304356723654 0.009780441729572733 0.0 
0.1700754060595296 -0.04633717155571456 0.0 
0.15776363814648883 -0.04506000583297473 0.0 
0.20690665291298155 -0.0465614423098092 0.0 
0.5870735861458356 0.005806263708793176 0.0 
0.6091113209666539 0.003553138369456063 0.0 
0.003417208903246903 0.003859671284191021 0.0 
0.0026365404455587237 0.0029543520795670933 0.0 
0.003261944927522904 0.003643616920920997 0.0 
0.011702821396910461 0.010710897863204524 0.0 
0.010475414796374843 0.009930440154102979 0.0 
0.010025370489499962 0.009391121917785789 0.0 
0.011210435644094805 0.010130222933454154 0.0 
0.05887787314050098 -0.015840220497788906 0.0 
0.06128642270056247 -0.01734013918645817 0.0 
0.06286133754485643 -0.015176236356744803 0.0 
0.15867165706273192 0.045885045253361956 0.0 
0.14431303251057914 0.046024955860050586 0.0 
0.1995981115134128 0.02893577603483682 0.0 
0.2128591769822275 0.0271826543335893 0.0 
0.21912996298778786 0.02858703292474428 0.0 
0.20523182894527928 0.030378178846675055 0.0 
0.10215025258166364 -0.025905800578078786 0.0 
0.10526310546228906 -0.02755759667476031 0.0 
0.11264463102219549 -0.026747208408654216 0.0 
0.6339428486507027 0.0011662570925761529 0.0 
0.05728992264536347 -0.01785925621133456 0.0 
0.059487316868766564 -0.019330195801359504 0.0 
0.06367988200093676 -0.01885419795382853 0.0 
0.28011485977336315 -0.020523842775568877 0.0 
0.27096842360554296 -0.019342551096509664 0.0 
0.2557087017753795 -0.02137983960251509 0.0 
0.2640903749164088 -0.022623576385790194 0.0 
0.19365793580126364 -0.022592251855753018 0.0 
0.18718333227877013 -0.020954094040746538 0.0 
0.15180236471516298 -0.04830317757993965 0.0 
0.14838242364577464 -0.0481563895477771 0.0 
0.16823544717919128 -0.04871092458277042 0.0 
0.007687810540220503 0.008030355537858927 0.0 
0.005916476850365832 0.006338640657231642 0.0 
0.006944583978659932 0.007413607299348911 0.0 
0.005633185460478744 -0.006340151712982325 0.0 
0.006651345821787186 -0.007341953484811899 0.0 
0.005795454254962458 -0.0064751503358969256 0.0 
0.10595952125189745 -0.008016557291724602 0.0 
0.1012091398745539 -0.00632201383058862 0.0 
0.09579144537566814 -0.007738890272479909 0.0 
0.10021947823178437 -0.009425156163370835 0.0 
0.17507740924824905 0.04685371703960142 0.0 
0.17491908247693944 0.04746316812618491 0.0 
0.1578117362863279 0.0477008900304733 0.0 
0.15860306899358514 0.04721382056992106 0.0 
0.21074942568416197 0.0317554846658309 0.0 
0.22530762547904268 0.029920907623313835 0.0 
0.2313747154368956 0.031180646867353768 0.0 
0.21613194038591194 0.03306409635052342 0.0 
0.08648394531965815 -0.007438507412406021 0.0 
0.0905480517130915 -0.009076936020980489 0.0 
0.09143374367545898 -0.006090675466677313 0.0 
0.6946480694281076 0.004781465765907566 0.0 
0.7436072080695494 0.007352395968995365 0.0 
0.0033413057318570855 -0.0036269187977833006 0.0 
0.0029248883333955005 -0.003141999252062189 0.0 
0.002267685040326661 -0.0024511270758918874 0.0 
0.17424920758434398 0.037643092684761834 0.0 
0.1875653906340513 0.036318020605656365 0.0 
0.1914971150316769 0.0376173477366179 0.0 
0.17759673318230365 0.03894653503111868 0.0 
0.005126159273068433 -0.002614394945213868 0.0 
0.006055031866985482 -0.003243706958311713 0.0 
0.007091599610928852 -0.0034821718974115193 0.0 
0.006124976948858706 -0.0028450544159476926 0.0 
0.008917547437641477 0.0086324392980382 0.0 
0.008441689594760294 0.008075379211731229 0.0 
0.009513370585742259 0.008799479932572041 0.0 
0.047975830994600795 0.017200890500856676 0.0 
0.0498512414430272 0.018572050514953076 0.0 
0.04640106991420593 0.01876808965177567 0.0 
0.04468066903333636 0.017446044738778102 0.0 
0.004679851423101411 0.005126994628355704 0.0 
0.00440434974645 0.004776757427912081 0.0 
0.005182056372943366 0.005534028386241206 0.0 
0.04465816486676066 0.020124219210045303 0.0 
0.04312438032659495 0.018859935066417383 0.0 
0.04808392263564552 0.02008861417026644 0.0 
0.3535407548284033 -0.02944170601086476 0.0 
0.38992188850125475 -0.025763793046290166 0.0 
0.380708051675118 -0.026020782206144125 0.0 
0.6646382141517 -0.0005575065830134507 0.0 
0.6936134712762554 -0.002674364849331642 0.0 
0.0196727596985291 0.01719419944161933 0.0 
0.02272336438115023 0.019121159300912915 0.0 
0.020576206399012798 -0.0156458005050157 0.0 
0.018740721240523256 -0.014936392105893205 0.0 
0.01925296286213672 -0.015562156777322573 0.0 
0.02115990004629683 -0.016335821153197833 0.0 
0.004871133659334759 0.005389083289247866 0.0 
0.004113816725875344 0.004607357799450851 0.0 
0.003942218443520562 0.004369977713840155 0.0 
0.0893144974860541 -0.011991252331192033 0.0 
0.08415411600261896 -0.013137448679167706 0.0 
0.08773934679464897 -0.014807924837868348 0.0 
0.09318431392602124 -0.013681114641721719 0.0 
0.04154858721929774 0.01758969498346335 0.0 
0.04001627967553173 0.01885046354389431 0.0 
0.0385752914266361 0.017634369307801077 0.0 
0.9712601195948467 -0.0005075161364033807 0.0 
0.3399075147604489 -0.03321915854109125 0.0 
0.33595288973710485 -0.03307877411103723 0.0 
0.4310999382989276 -0.02074343377645042 0.0 
0.009329173088954458 0.0091328691754282 0.0 
0.00826002616056939 0.008324987437289004 0.0 
0.007883033010455747 0.00786074937046764 0.0 
0.006240170799095616 -0.005353682680085618 0.0 
0.005486002622288559 -0.004623716954326252 0.0 
0.004587500117846265 -0.004028481329892462 0.0 
0.005317183784426288 -0.004745162139904931 0.0 
0.1067526471505134 -0.03794529235095831 0.0 
0.1428802975119872 -0.04312235289194511 0.0 
0.022940856517907084 0.013600574573607157 0.0 
0.021063505656102828 0.013288622682177004 0.0 
0.020068593713916977 0.012344361271002694 0.0 
0.0218699422632329 0.012613705191989453 0.0 
0.03707165249618052 0.018743109482336106 0.0 
0.0414112109112402 0.02005596181100159 0.0 
0.011753288547846704 0.009311026766249841 0.0 
0.010540032920106005 0.008741638237958715 0.0 
0.009807949713488551 0.007991881408506405 0.0 
0.010979383824183385 0.008532145008177058 0.0 
0.09381397572065574 -0.03998323576034655 0.0 
0.08526706403396968 -0.03735187733586772 0.0 
0.10443997196191314 -0.041611572913508185 0.0 
0.11244403411773284 -0.04355466117720093 0.0 
0.03428515476145501 -0.018541899845843743 0.0 
0.03165134304507558 -0.01825132732070365 0.0 
0.03268500809353408 -0.019269043983003286 0.0 
0.0354306028249782 -0.01962373017823386 0.0 
0.0013053046216673521 -0.0014267413932385778 0.0 
0.0008277657504763171 -0.0008898295738819064 0.0 
0.0010806277815677743 -0.001183081545458605 0.0 
0.15646006409621468 0.041191569223160314 0.0 
0.09364563831982296 0.032268436505909735 0.0 
0.12461937029961406 0.03859230937407199 0.0 
0.02170123881799712 -0.016748264861071546 0.0 
0.018296175092759978 -0.014242731926116891 0.0 
0.023772540553243 -0.017758049477017233 0.0 
0.02942289451384014 0.01614794729365174 0.0 
0.02605034035252843 0.01486819604954539 0.0 
0.02824331412938085 0.015076963222937424 0.0 
0.19118229808435758 0.005336168070083211 0.0 
0.18174819747993098 0.0071111714463811225 0.0 
0.17394145603976 0.0053310979254972 0.0 
0.18283270819446798 0.0035614983112617488 0.0 
0.24754582368661407 -0.011867515409589758 0.0 
0.2379674208470746 -0.010309984007821805 0.0 
0.22582978932889736 -0.012152925661060123 0.0 
0.23473832636143094 -0.013737872002092779 0.0 
0.033086537994468944 0.01743985236353932 0.0 
0.030561364537916535 0.017208471098764447 0.0 
0.031842679374608995 0.01632489597950066 0.0 
0.8892365389190862 0.007470773797230626 0.0 
0.8064600980027671 0.008841820635287873 0.0 
0.0033740882780725016 -0.00043101021983826707 0.0 
0.0016141419391147468 -0.00021573659934367466 0.0 
0.0024736157255216377 -0.00042998237172038064 0.0 
0.01247731133634989 0.011503819421146068 0.0 
0.009610207689561914 0.009144538951374749 0.0 
0.009590691889587038 0.009748706390556394 0.0 
0.008493720459643165 0.008670628413759918 0.0 
0.006538671815523463 0.006855071487162996 0.0 
0.014457624171687352 -0.0113497237969461 0.0 
0.013204599272945112 -0.010684792020633556 0.0 
0.0034039354177636343 0.003116042916150436 0.0 
0.05347944950877167 -0.018269626763333737 0.0 
0.05507102129635977 -0.01639893246496268 0.0 
0.011702823025194214 -0.010710899337354274 0.0 
0.011210436746813423 -0.010130224189602922 0.0 
0.01002537229579176 -0.009391123367981518 0.0 
0.010475417181196508 -0.009930441966874136 0.0 
0.016424196581476574 0.014907641432679085 0.0 
0.014677383943160295 0.013809379901725337 0.0 
0.0146214638192497 0.013631253279035856 0.0 
0.1799456258347354 0.010636342316355454 0.0 
0.16626498958497762 0.0035459130034066234 0.0 
0.12061595623835145 0.013267281890352901 0.0 
0.11567328407430227 0.01149613019013735 0.0 
0.12232111339566742 0.01002560700790177 0.0 
0.12764544310396367 0.011803445524606831 0.0 
0.007439416185213178 0.007335600142739662 0.0 
0.006935397445746476 0.006758581993529107 0.0 
0.00790777289913809 0.007470536882400593 0.0 
0.004893883519231759 0.004813942168553582 0.0 
0.12560063459007767 -0.01504998361820556 0.0 
0.12061595919678364 -0.013267277585341134 0.0 
0.11382946686542848 -0.014646924053306596 0.0 
0.822926504723221 -0.003993199729794789 0.0 
0.8535857811486558 -0.004288614716736022 0.0 
0.029659753049498392 -0.021203733791949238 0.0 
0.020037390273869228 -0.01510916231772019 0.0 
0.07886245918710455 0.001435846836492303 0.0 
0.07472073159112573 0.00280276699423741 0.0 
0.07096571389888291 0.0013692173544956534 0.0 
0.07486193063348136 -2.5495667829512783e-10 0.0 
0.7814272231742329 -0.007669946895065619 0.0 
0.8389389096908657 -0.008174682213539964 0.0 
0.7436071580645864 -0.007352394983116727 0.0 
0.6946480352140721 -0.0047814642695400145 0.0 
0.07593820524027753 0.02863800516478439 0.0 
0.10289373968591123 0.03566388130350571 0.0 
0.14897983380169239 0.04217285365574057 0.0 
0.8668554589456483 -0.003418229079651009 0.0 
0.8309988741366927 -0.0036180943724289883 0.0 
0.802787387918725 -0.0031373222546625607 0.0 
0.837798678907196 -0.003237344100670391 0.0 
0.23419148977267448 0.04167483247899412 0.0 
0.20785235461976828 0.04200969538408059 0.0 
0.12098782652281792 0.03640592808522752 0.0 
0.17743247453753627 0.014122575729005594 0.0 
0.1704976962060036 0.012359189149508044 0.0 
0.06286133733054092 0.015176235791651045 0.0 
0.06025141924470571 0.013663538055254495 0.0 
0.06420576539563694 0.012865610338138211 0.0 
0.015251251238778513 0.012621929521065115 0.0 
0.5399336490629033 -0.008523183541008847 0.0 
0.5230857890726546 -0.009222073035162167 0.0 
0.49519417768572177 -0.011614839151588183 0.0 
0.5107892836634107 -0.010977434029325729 0.0 
0.034920251738044215 0.015216356500594651 0.0 
0.0294882280533122 0.013456742760460326 0.0 
0.06346344727452177 0.02569614174030556 0.0 
0.5972377414460937 0.005602905143581146 0.0 
0.6337135095348815 0.003055060157420392 0.0 
0.6552433971841081 0.001662621878322225 0.0 
0.6170394413046132 0.004146388811764509 0.0 
0.11706460782054601 0.008266313514508265 0.0 
0.12354542264440568 0.006718930355162845 0.0 
0.1291882643268649 0.008482382846106687 0.0 
0.051693959289442926 -0.019945976816808802 0.0 
0.04808392300438589 -0.020088614837068152 0.0 
0.049720151705982804 -0.02140088056078936 0.0 
0.0534947861271489 -0.021316074647774626 0.0 
0.017464956425912385 -0.01474225553310829 0.0 
0.01783093342462807 -0.015236126704881293 0.0 
0.019686995640424775 -0.01612401353210608 0.0 
0.18756537636536996 -0.036318024996483414 0.0 
0.20152678435739976 -0.03478465403524699 0.0 
0.09708145121716881 0.015393824417958574 0.0 
0.09318431382116042 0.013681114134355573 0.0 
0.09884120774549561 0.012457627461252825 0.0 
0.10305096807238527 0.014187271703070027 0.0 
0.02681939770089063 0.017422451728174873 0.0 
0.024609992702212525 0.01689528865971945 0.0 
0.023801826982259487 0.016034145626072933 0.0 
0.09995032730408443 0.04348226164041319 0.0 
0.10262362917360772 0.04388717388700574 0.0 
0.11521888743948565 0.04540575256884978 0.0 
0.11293165866849598 0.045273818598914106 0.0 
0.14355873603350758 -0.0052134546184931015 0.0 
0.15014815981356822 -0.006996499887033317 0.0 
0.24857296255355713 0.024684756088384587 0.0 
0.23358104843391841 0.026681058552522903 0.0 
0.2266389783636753 0.0253237736280226 0.0 
0.24092676196840862 0.023381610322181893 0.0 
0.07499074396250667 -0.030461597559323903 0.0 
0.05417077796307581 -0.02328397426818712 0.0 
0.08707005463854829 -0.03292009956063974 0.0 
0.6390438737698365 -0.0026340848351023394 0.0 
0.6185463083587258 -0.00359220488976155 0.0 
0.5878918110616042 -0.0054772151676053 0.0 
0.6071508109846386 -0.004491759692424679 0.0 
0.09467021905734559 0.010752053125352833 0.0 
0.10021947816597514 0.009425155670079776 0.0 
0.10470863201228432 0.011143002701383868 0.0 
0.2980124955996217 -0.040528225366361276 0.0 
0.2631403910755334 -0.04415955074081349 0.0 
0.26106168485092013 -0.04429076902036773 0.0 
0.29812973162259526 -0.040519204126792545 0.0 
0.4510326141244256 0.008346143293619126 0.0 
0.42931681099255425 0.010173483623128123 0.0 
0.4145588601148623 0.009781267666621945 0.0 
0.4353132794777432 0.008005895963934612 0.0 
0.04614105543684043 -0.02137556884356013 0.0 
0.04756359614094409 -0.022606761019249338 0.0 
0.05130014817668627 -0.022697842540333715 0.0 
0.5608201666306611 -0.005810945512140995 0.0 
0.5425684760031472 -0.0062885274299310295 0.0 
0.5164768739347726 -0.008117075228047197 0.0 
0.5336412004876713 -0.007670634481181858 0.0 
0.4831879770739677 0.008548218446716603 0.0 
0.4594683280030718 0.010486902373580428 0.0 
0.44428022331203065 0.010409291173798357 0.0 
0.4669836430090546 0.008526943771097426 0.0 
0.0034751538993928383 0.003967797848702572 0.0 
0.16133736643484778 0.014031584335346379 0.0 
0.04241869575437582 0.017548947001851046 0.0 
0.0007886691285325995 -0.00014351303807451515 0.0 
0.003682685908722467 0.0040397337488884645 0.0 
0.0033412406194087267 0.0036268536925359927 0.0 
0.004050733563106396 0.004348393899154379 0.0 
0.017409695135102536 0.011098259090129965 0.0 
0.015867650247160983 0.010735279732532185 0.0 
0.01494214829645169 0.009860517498611337 0.0 
0.016424339274860478 0.01018959809365728 0.0 
0.022530795149419185 0.016300951469890017 0.0 
0.025353827152044366 0.017716230142378858 0.0 
0.027652760527061417 -0.018309327069164015 0.0 
0.02535382960730864 -0.0177162309418711 0.0 
0.026025566455855093 -0.018488640197280318 0.0 
0.028416362155381694 -0.019152852547395238 0.0 
0.0018267563968147257 0.0020155629052090677 0.0 
0.0023964427457927296 0.0026527651176926105 0.0 
0.002064645790953364 0.0023093606898575213 0.0 
0.9707256571605469 -0.0006449146811850778 0.0 
0.9421472870011054 -0.001017164014003846 0.0 
0.9409499451732769 -0.0012636970087378495 0.0 
0.9700499178283903 -0.0007897771689208042 0.0 
0.03902249394303686 -0.026322699448383856 0.0 
0.035985764984027446 -0.024550972438991178 0.0 
0.6699606634235871 -0.0009854578801488216 0.0 
0.6480497794075469 -0.002224521202466287 0.0 
0.6133096929293635 -0.004372978932611058 0.0 
0.6337134865481182 -0.003055061623326376 0.0 
0.2104430993154406 -0.0372679293213639 0.0 
0.21457706771128876 -0.038402566616150664 0.0 
0.2312698119773252 -0.03655102886794833 0.0 
0.02202169145844878 0.014223190854093355 0.0 
0.01929214467678116 0.012908798909538643 0.0 
0.14865238802787917 -0.010451006608151837 0.0 
0.1465684216986784 -0.013850953633059604 0.0 
0.15496343471662613 -0.012244764544994445 0.0 
0.0072137243186610606 0.0073923061200373424 0.0 
0.005738234591012131 0.005900369001018205 0.0 
0.0036837638879795315 0.0038849147704010253 0.0 
0.005208026239820942 0.0054775435373733946 0.0 
0.031719307120129 -0.020100317758857303 0.0 
0.022836886360404308 -0.015218304142371826 0.0 
0.01604392194452837 -0.010834198464295355 0.0 
0.02507461022345558 -0.016124767479820057 0.0 
0.013701706974551647 0.012288577675078214 0.0 
0.017080593505236285 0.014794286291706772 0.0 
0.015035590254509396 0.013107063159578438 0.0 
0.4237246860928364 0.005309191578235829 0.0 
0.404511695515923 0.006854809426373732 0.0 
0.3894130193724347 0.006050813535468597 0.0 
0.4077253318738417 0.0045356462484610945 0.0 
0.9016697180846531 -0.0028863653001699203 0.0 
0.9328216404209293 -0.002413524841734901 0.0 
0.897428729279282 -0.0032915673629305424 0.0 
0.010153303648663676 -0.008035897423431314 0.0 
0.030956995812043798 -0.01974343900704528 0.0 
0.029101863885105668 -0.0199445469889248 0.0 
0.03174378545791087 -0.02061144615541717 0.0 
0.8302469164305547 -0.00693026883544496 0.0 
0.8785857615773774 -0.006545310574913442 0.0 
0.8091740465444761 -0.00741439143508865 0.0 
0.5607083181592197 0.008613108904098492 0.0 
0.5436740935087443 0.00992813291137993 0.0 
0.5784657020976429 0.006947189258287358 0.0 
0.1439063422917618 -0.01717471847801302 0.0 
0.1356457233448611 -0.018622088148175817 0.0 
0.1406790867492004 -0.02039772358128385 0.0 
0.2437190527783489 0.015257147612971712 0.0 
0.23060013626277664 0.01715252753282673 0.0 
0.22228624080763631 0.015599789509792131 0.0 
0.2347383208513512 0.013737876777701725 0.0 
0.04226546819027713 -0.02376601505116647 0.0 
0.055209682200514074 -0.029084009325389508 0.0 
0.06271452779323684 -0.03234802484688308 0.0 
0.050036787654142385 -0.027588762423429912 0.0 
0.0006640632107420529 -0.0007688712066484489 0.0 
0.0010944047983892733 -0.0012733841141230114 0.0 
0.0012166866875933772 -0.0013877947761342083 0.0 
0.0043199193741404905 0.004896834909486981 0.0 
0.0034682067569893724 0.003944566369604272 0.0 
0.0022222621787699338 0.0025747091913827657 0.0 
0.003111254037709195 0.003593866199137586 0.0 
0.0023951366485618374 -0.0015513354612344756 0.0 
0.001563916217192791 -0.0010837925147906108 0.0 
0.0023694480180406095 -0.0016919551451534216 0.0 
0.0032275086882237996 -0.0021629180472715645 0.0 
0.008705192218613694 0.007411502645192804 0.0 
0.00797547491391378 0.0066738366769267254 0.0 
0.009042557075681336 0.0072304879909856614 0.0 
0.0060246854527171035 0.006034497169607036 0.0 
0.0054901750044312235 0.005435708805127903 0.0 
0.0063773046419807545 0.006138640652755506 0.0 
0.001212034410088782 -0.0013540103945408892 0.0 
0.0006665318535784489 -0.0007136197838515751 0.0 
0.01153178404533482 -0.011387347954002959 0.0 
0.010210794353392855 -0.010388937844478094 0.0 
0.010209102762103931 -0.010471351990585848 0.0 
0.011578125798900132 -0.01153139685423667 0.0 
0.006502790801922893 0.006586554133503216 0.0 
0.005628140638856912 0.005834689501449901 0.0 
0.0051719258337791915 0.00530452947135504 0.0 
0.8617640260465125 -0.007350300866944867 0.0 
0.7344350192305774 -0.0059816888073258 0.0 
0.25393502144421704 -0.030276242798770336 0.0 
0.24724448274774555 -0.029161008535073005 0.0 
0.23137471546288368 -0.03118064712126555 0.0 
0.1306149433660401 -0.016837237191026345 0.0 
0.13845073480033818 -0.015385307047156927 0.0 
0.003014173353855268 0.0033294851935446713 0.0 
0.01416326061034475 0.01327127798197586 0.0 
0.01682324701743621 0.015240118868274047 0.0 
0.11679549036674375 -0.04316414894761056 0.0 
0.10671040769549639 -0.040807489490228666 0.0 
0.1313543471066902 -0.04456563020827938 0.0 
0.1405912572863844 -0.046097853171655635 0.0 
0.003107829363538617 0.0029189764140724757 0.0 
0.006452856042295835 0.00588010224852534 0.0 
0.21787576216696994 0.019019646677631216 0.0 
0.2055582366361098 0.02083914105128617 0.0 
0.21020243353665644 0.017435017882736638 0.0 
0.1996697413347669 -0.007092757426209861 0.0 
0.18967278547261718 -0.008876325333801734 0.0 
0.19770237795885567 -0.010616916149175407 0.0 
0.20828222344970448 -0.008820996685630092 0.0 
0.07919001433857793 -0.01418607260832406 0.0 
0.08059564207482309 -0.011494319297187033 0.0 
0.15684256339015676 -0.008787606427765477 0.0 
0.16362997079923597 -0.010578043595529066 0.0 
0.17256096119834347 -0.00886271721276607 0.0 
0.5071950177736902 0.006798950303358707 0.0 
0.5247090206084878 0.006619976078408032 0.0 
0.4996737964503323 0.008410746482997897 0.0 
0.001611718900061023 -0.00035721336465684074 0.0 
0.0024677503496461748 -0.0006396758700491541 0.0 
0.0033665485666060594 -0.0007136244834371387 0.0 
0.4730584821711756 0.0066838971588591735 0.0 
0.48998836080775093 0.006821252983313909 0.0 
0.2631815208141216 -0.006666556214745017 0.0 
0.2504225971812514 -0.008475620312023981 0.0 
0.2606948200130804 -0.01000682455601018 0.0 
0.11799621238387256 0.004981428637955656 0.0 
0.11188665953609335 0.006532900231397508 0.0 
0.06717830084164908 0.0026671336223054514 0.0 
0.06373835228791119 0.0013003363364619675 0.0 
0.06730336221944254 -2.5554493606631883e-10 0.0 
0.357377728082725 -0.006715428462984941 0.0 
0.37140480186878455 -0.007696829158895685 0.0 
0.38941301702331665 -0.006050815587834589 0.0 
0.14241704757700713 -0.008658425378712128 0.0 
0.13626956227919737 -0.0068752308488026935 0.0 
0.0010247345922125058 0.0012285069891505543 0.0 
0.0013629423175323444 0.0016133332886248146 0.0 
0.001940334650064097 0.002290543842067542 0.0 
0.001628788440039992 0.0019440315334259182 0.0 
0.6825503770985721 0.0005045770557931557 0.0 
0.716698031802331 -0.0007996465242574406 0.0 
0.7412000137823174 -0.0017550527765336865 0.0 
0.7058298636023487 -0.0006109144519919287 0.0 
0.06604861074594587 -0.02037628340373908 0.0 
0.07066007069076065 -0.01983024587152979 0.0 
0.4563819035434129 -0.006385763016712077 0.0 
0.4399412554449891 -0.00592692380196628 0.0 
0.41980982475635065 -0.007507898764839268 0.0 
0.43531328739366776 -0.008005892991612574 0.0 
0.0034316089048435383 0.003958595846017188 0.0 
0.002754063210491877 0.003199274497564451 0.0 
0.08707004936016395 0.0329200983884508 0.0 
0.12484291349801219 0.04018263896212863 0.0 
0.016489720379930413 0.013960778111770551 0.0 
0.012699365961141419 0.011138682334839096 0.0 
0.0024481911653300623 -0.001037930187958642 0.0 
0.001596092700820625 -0.0007549674504363093 0.0 
0.002434020952047341 -0.0012223157855049966 0.0 
0.0033192780379840835 -0.0015077444846778307 0.0 
0.007654892016073479 0.008267048303913367 0.0 
0.00629583067953477 0.006959279946098844 0.0 
0.006837909145685104 0.007521480590575721 0.0 
0.030353123086473338 -0.018113587790959052 0.0 
0.0213679799240761 -0.012986148245786304 0.0 
0.03348855756496616 -0.019213119701861917 0.0 
0.014418122687048692 0.012193578590130101 0.0 
0.013015601423746713 0.011467504193454358 0.0 
0.01247681996394666 0.01084322750281775 0.0 
0.013828684965690733 0.01152372118547037 0.0 
0.0038376521884495446 -0.0033132240138082597 0.0 
0.003004195187992191 -0.002695732532515959 0.0 
0.0037345074030032555 -0.0034026374312599904 0.0 
0.693282244058849 -0.0001731809158651762 0.0 
0.6708116770957687 -0.0011258850314213014 0.0 
0.6603366812627871 -0.0015965567670139626 0.0 
0.012645676164460341 0.008629060708848169 0.0 
0.011374132917178061 0.008213028125845514 0.0 
0.010501642826338328 0.007401608911848087 0.0 
0.011727167861351792 0.00779270384529804 0.0 
0.9346619949212907 0.004520674080664687 0.0 
0.30557897361128383 -0.027374903448270305 0.0 
0.2786070080742549 -0.029014765289674994 0.0 
0.2859155473180464 -0.029858967894364884 0.0 
0.870409691014708 -0.005222243323920414 0.0 
0.9095449112495368 -0.0045565458877537025 0.0 
0.8597921132736039 -0.005784784734170246 0.0 
0.8222345947920411 -0.005632510760047935 0.0 
0.12999297853787153 -0.04684145250542894 0.0 
0.1251104133298312 -0.0460953642647424 0.0 
0.1441317241181422 -0.04779134404121356 0.0 
0.01736458173782411 -0.0028500535954461515 0.0 
0.015977337518582883 -0.0021452408765149996 0.0 
0.014554595361606422 -0.0024928814406623137 0.0 
0.015876200045188176 -0.0031906591855983147 0.0 
0.6576912851496098 -0.0015482515703371745 0.0 
0.6363493128718185 -0.0022440181593854536 0.0 
0.6079167645124337 -0.003584179418554636 0.0 
0.6282291958125322 -0.0028540858088728386 0.0 
0.7716869330401676 -0.005084590785742537 0.0 
0.7398992453170817 -0.0037840469261990342 0.0 
0.7882186392969143 -0.00493645250883194 0.0 
0.07994014249476485 0.03963766095085297 0.0 
0.0908805370114077 0.04195326589111519 0.0 
0.08786755027182298 0.041251975415753754 0.0 
0.07662780705096543 0.03862326239756988 0.0 
0.8719476660882635 -0.0030066723466699195 0.0 
0.8100961736761831 -0.0028317667593291225 0.0 
0.8435141759408872 -0.0028572860436767785 0.0 
0.9376387666505086 -0.001799022120135861 0.0 
0.9052242596417217 -0.00250632980212575 0.0 
0.8762118975611778 -0.0026112961204064243 0.0 
0.7303425422621885 -0.0017108573289282105 0.0 
0.7669477783842265 -0.0026463695676066414 0.0 
0.7941224712531495 -0.0034164780625498084 0.0 
0.004719563265893562 0.005071883803561056 0.0 
0.0030285177562068433 0.003329738069283751 0.0 
0.0042690876416882064 0.004682086921314789 0.0 
0.017624470117838194 -0.011501488472259822 0.0 
0.027566050583338223 -0.017087323023294906 0.0 
0.05712239593428263 0.0012297989139683613 0.0 
0.060384986454673995 -2.542863075100177e-10 0.0 
0.06027466525860322 0.002527645205003163 0.0 
0.07646542228447453 -0.03666612093871601 0.0 
0.06927839235339035 -0.033971262027996704 0.0 
0.08457409159200792 -0.03832526366794716 0.0 
0.09138152509417669 -0.04045469566702532 0.0 
0.007946832580445953 0.007951944977201775 0.0 
0.00936857836473989 0.009336343825241724 0.0 
0.011681827425504764 0.011299585812255559 0.0 
0.07748616323878253 -0.016753257405323265 0.0 
0.07549208046086714 -0.019167800992878573 0.0 
0.0805480019760852 -0.018390245671109126 0.0 
0.3298693352787555 -0.004363065832889116 0.0 
0.3164011352923218 -0.003009575166644174 0.0 
0.3020390247084682 -0.00465892672956536 0.0 
0.12247015232856472 -0.03165197374157819 0.0 
0.11402825308191183 -0.03234038175240818 0.0 
0.11670152238753156 -0.033856146651273324 0.0 
0.12551477998906393 -0.03321364117866809 0.0 
0.008789894529747008 -0.009034373451044674 0.0 
0.009935208312417383 -0.009928064086563762 0.0 
0.009670429343452335 -0.009567744772194879 0.0 
0.09054805163725708 0.009076935515666565 0.0 
0.08931449529223077 0.01199125609663691 0.0 
0.01318395541577504 -0.010814621763155917 0.0 
0.012490126620941606 -0.01007441871368476 0.0 
0.01123289858279779 -0.009472085783042606 0.0 
0.01188052154623078 -0.010175321394030684 0.0 
0.0048712661070581245 -0.005389216540788606 0.0 
0.0058197995824115665 -0.006395503163056761 0.0 
0.005691832420885339 -0.006198129712958865 0.0 
0.6780995949384777 0.00022491265657175044 0.0 
0.6930650530816604 -0.0002851702227838934 0.0 
0.7646516963362909 -0.0014585074026859366 0.0 
0.016763112920612337 0.011606169020073404 0.0 
0.015251311582470603 0.011146978801170871 0.0 
0.014413360289922666 0.010313092357048994 0.0 
0.2178757585939029 -0.019019649541042526 0.0 
0.22556390957631012 -0.020543264214276893 0.0 
0.23895072546636703 -0.01863809342074388 0.0 
0.23060012945241837 -0.0171525329271176 0.0 
0.4953624345361144 -0.00519924781605513 0.0 
0.4777369709258945 -0.004933245626469921 0.0 
0.4730584901803003 -0.006683894655546633 0.0 
0.09143374468051578 0.006090670474294646 0.0 
0.08715475195893164 0.004486778100370777 0.0 
0.17912493989377393 0.0335269348034552 0.0 
0.1746602534692965 0.03204193362562261 0.0 
0.18686359700273433 0.030561962006134685 0.0 
0.1918951400172899 0.032031759054749025 0.0 
0.0040540147172468425 0.00418085931234831 0.0 
0.07919001651450876 0.01418606815237444 0.0 
0.08250677003593576 0.015833275751183973 0.0 
0.07748616307304228 0.016753256864439393 0.0 
0.886347888424113 -0.004190520257267504 0.0 
0.9214812154596806 -0.0035635029462336774 0.0 
0.879124658997293 -0.004689460661400838 0.0 
0.44322744290244975 0.003914410343801215 0.0 
0.4603628533705374 0.0045048705927096125 0.0 
0.4399412554400446 0.0059269236121816254 0.0 
0.21875795987994198 -0.04447433829410273 0.0 
0.16842469761953643 -0.04424053365967981 0.0 
0.14897991385319112 -0.042172861162075234 0.0 
0.20312636743986007 -0.044122445523099046 0.0 
0.3580055625301961 0.03236503083757948 0.0 
0.39235589034883434 0.027904254723722814 0.0 
0.4002208963935716 0.027226859745583087 0.0 
0.36373701812496334 0.03198188972751676 0.0 
0.23419161130185356 -0.04167482627111336 0.0 
0.3296314624065081 -0.033079305551161044 0.0 
0.25294798412469144 -0.0413298047510811 0.0 
0.01751038149473993 0.01352796808150063 0.0 
0.015914851628825513 0.01288255384765177 0.0 
0.015270304311752365 0.012165389230612878 0.0 
0.11931737972603393 0.04410935352408599 0.0 
0.11927520344302828 0.043416028202181586 0.0 
0.13066785738848533 0.04364237212820056 0.0 
0.01318766363082204 -0.0027645994951086546 0.0 
0.5164768739198115 0.008117075097706618 0.0 
0.4906269321175343 0.01016692023061915 0.0 
0.47490645319690417 0.010406034569781208 0.0 
0.0038734648669525016 0.004009199904172653 0.0 
0.00465683423913345 0.0047238675120927776 0.0 
0.00437343952570625 0.004574939466514781 0.0 
0.03993917309189552 0.016320165789767502 0.0 
0.0370964606680156 0.01641457870121736 0.0 
0.03558755937127281 0.015197681209850551 0.0 
0.03830398670306331 0.015057785279510197 0.0 
0.5425684759887165 0.00628852730462582 0.0 
0.5608201666165096 0.005810945397493787 0.0 
0.5336412004678511 0.0076706343620578776 0.0 
0.7572767852411387 0.008873584323375457 0.0 
0.6897636989843207 0.005755559435144107 0.0 
0.5653932966262407 -0.004036261705428815 0.0 
0.48318797147946047 -0.00854821993145971 0.0 
0.4669836329116062 -0.008526946762158975 0.0 
0.4442802177655717 -0.010409292924936938 0.0 
0.45946832801896176 -0.010486902531933979 0.0 
0.006410420312720084 -0.004818491199768145 0.0 
0.013336989542314066 -0.00961903353415456 0.0 
0.020819026426076075 -0.01436182007852742 0.0 
0.026352062003886196 -0.017959675096525584 0.0 
0.47495121642542926 0.016933045558529113 0.0 
0.44139499412654953 0.02081942497375525 0.0 
0.4302659021098694 0.021560890627754296 0.0 
0.46208625560346867 0.017856612568531556 0.0 
0.010658335049088438 0.009501549706826056 0.0 
0.011880519157565784 0.010175320306587278 0.0 
0.1104961732979551 -0.03571766929149262 0.0 
0.1022307773906238 -0.035913355360482006 0.0 
0.10388080085718697 -0.03717751125157285 0.0 
0.11247893124028163 -0.0370611879998547 0.0 
0.9692175837444181 -0.00094408175531026 0.0 
0.33504862173540423 -0.02534499455119095 0.0 
0.32591296948923126 -0.024831401361974384 0.0 
0.012500858559325482 0.012275284549472645 0.0 
0.011633166364676161 0.011484562484227656 0.0 
0.15646007369458254 -0.04119156909832828 0.0 
0.12098771760106489 -0.03640590983762936 0.0 
0.2078523669290045 -0.04200969412948561 0.0 
0.374878019645748 0.03092471770373415 0.0 
0.3693544766551903 0.031502358633116075 0.0 
0.40822092537931653 0.026418599337923017 0.0 
0.06554060023158416 -0.03610664983009638 0.0 
0.05849840008515799 -0.03418902563431107 0.0 
0.056967403702590985 -0.03373165487554133 0.0 
0.06420971445460043 -0.03586104852751545 0.0 
0.2140228055087221 -0.01398743111815915 0.0 
0.2025583993932386 -0.015796564099222362 0.0 
0.21020242725888372 -0.017435023333846875 0.0 
0.2222862408333123 -0.015599789843241722 0.0 
0.10751510899945078 0.04380101826602022 0.0 
0.11896892406889616 0.044669742640150834 0.0 
0.0034178069945571925 -0.0038603230538976495 0.0 
0.004114082540188967 -0.00460763698573422 0.0 
0.06543706727491694 -0.028285524778959226 0.0 
0.046954538401200674 -0.02128094253206216 0.0 
0.9126254285939925 -0.001484314192097692 0.0 
0.0470401882379264 -0.027789316037745565 0.0 
0.037623594050459896 -0.023496242803924455 0.0 
0.015271573158580713 0.014432195241474105 0.0 
0.014628516744521692 0.013914360788178337 0.0 
0.013207501889318891 0.01289397471763144 0.0 
0.038346542762705556 -0.022474852846410973 0.0 
0.05689267178374518 -0.030776032974415855 0.0 
0.09275741902708336 -0.04184544812269993 0.0 
0.10651471346445468 -0.044293380510280096 0.0 
0.1100480363967678 -0.04491348753031267 0.0 
0.09667933942973943 -0.04281363704309716 0.0 
0.3999927163697215 -0.009235060615804007 0.0 
0.38051668077791284 -0.011092888126259057 0.0 
0.39414928606136207 -0.011695741161407962 0.0 
0.41455886012831056 -0.00978126785980676 0.0 
0.001898191114777475 -0.0019984181816340278 0.0 
0.001239055944178189 -0.001312892261801568 0.0 
0.0017842869090458552 -0.0019089705640305428 0.0 
0.0024411470710075807 -0.0025956956976002188 0.0 
0.9014906243819752 -0.005145406304586387 0.0 
0.8466887904265428 -0.006364302382509292 0.0 
0.8070500684627863 -0.006019932272521177 0.0 
0.7303425335257192 0.0017108572167452234 0.0 
0.7058298636265267 0.0006109144044836238 0.0 
0.6930650325398166 0.0002851695721704927 0.0 
0.33228200472953906 0.03627517553463897 0.0 
0.3288831399430267 0.036454544773897916 0.0 
0.2618462154577707 -0.018066725460374473 0.0 
0.2527591759659841 -0.01670258711041568 0.0 
0.24732463895518128 -0.020049337920664722 0.0 
0.7259132200633719 -0.0008862401093650221 0.0 
0.7023750052837016 -4.4234337659294775e-5 0.0 
0.7336706252663401 -0.0008965590582445435 0.0 
0.09467022011020611 -0.010752051410415176 0.0 
0.09884121017163441 -0.012457623505243926 0.0 
0.10470863316635382 -0.0111430008876105 0.0 
0.7100053845328514 0.00017476386411873285 0.0 
0.6870675315855468 -0.0005228941289622239 0.0 
0.679669235790733 -0.0007772162517855201 0.0 
0.6390438819211447 0.002634084253574783 0.0 
0.6708116914339517 0.0011258843577585439 0.0 
0.6932822514011525 0.00017318065305687306 0.0 
0.660336681244319 0.0015965567015849115 0.0 
0.7025194771698413 -0.0012178462254556354 0.0 
0.660553789169811 0.00098387005887828 0.0 
0.638066624468073 0.0025979665129908388 0.0 
0.058544745823828175 -0.02533403639471457 0.0 
0.05424997684139063 -0.02521640033562164 0.0 
0.05559756328411785 -0.02642250718809146 0.0 
0.06007377200909593 -0.02661809221502911 0.0 
0.3363845860778234 -0.011319481446136738 0.0 
0.3194177960816336 -0.0132598152010394 0.0 
0.3310099910476798 -0.014253994238906487 0.0 
0.34883309010301866 -0.012257298186903293 0.0 
0.09688208700522566 -0.038171746234588765 0.0 
0.0889226558940623 -0.03775633251023679 0.0 
0.08952585732050965 -0.03863247797404107 0.0 
0.09777497123527078 -0.03916917332041486 0.0 
0.09529970857403813 0.04259230602973473 0.0 
0.10636408521990637 0.044022805918089374 0.0 
0.002064972612613091 0.00225907628233372 0.0 
0.002680373042517283 0.0029283406367491376 0.0 
0.33531652522692945 0.03603530180373971 0.0 
0.29801252208572465 0.04052822237418367 0.0 
0.2972249811994397 0.04050916327825489 0.0 
0.750402829882379 0.001712969847123328 0.0 
0.7259132074802032 0.0008862399846050614 0.0 
0.7166980318179804 0.0007996464706706217 0.0 
0.5212138893267342 -0.0025637263784656843 0.0 
0.49935429182822727 -0.003657446840372866 0.0 
0.5179164113225861 -0.003900422425472989 0.0 
0.5406972964875953 -0.0027919573622784736 0.0 
0.8612973837669583 -0.0006893205997612974 0.0 
0.8347811288443847 -0.0005020639498846257 0.0 
0.8621003098451414 -0.00034393087261998814 0.0 
0.002738502482915559 0.0030686671942630516 0.0 
0.0038530805282319634 0.0043067932785888045 0.0 
0.0053422953006395865 0.005841334276098743 0.0 
0.01318395335583842 0.010814620816775231 0.0 
0.014572700318455882 0.011413416772056314 0.0 
0.32963138809379494 0.033079315113004236 0.0 
0.45723117193974017 0.015940258471584357 0.0 
0.3196965695390958 0.03369706319579023 0.0 
0.2981297387453766 0.04051920342107625 0.0 
0.3379566397619489 0.03573984497337018 0.0 
0.29748099803034916 0.04049251985038744 0.0 
0.6133097040041537 0.00437297806080841 0.0 
0.64804977938018 0.002224521144567356 0.0 
0.6699606735228343 0.0009854574062708793 0.0 
0.000787565592382822 -0.00021351519174446127 0.0 
0.5022293301734915 0.014598097790510668 0.0 
0.5402962000130743 0.010663207289735575 0.0 
0.5571925717205773 0.009122663426904948 0.0 
0.5168939310441718 0.013180644770295168 0.0 
0.07197749060655127 -0.031668196410722174 0.0 
0.05122092318355609 -0.02463589534725239 0.0 
0.03642331103446445 -0.018134171146249673 0.0 
0.057671422600886146 -0.026356686124316787 0.0 
0.006969337100315658 0.006080460665891593 0.0 
0.0062401696941661484 0.0053536822460376 0.0 
0.007216422461308672 0.005928629748695227 0.0 
0.0022950990941983315 0.0027210201638108306 0.0 
0.0018975951017873199 0.002268808686767331 0.0 
0.0012025693935715073 0.0014488856011286796 0.0 
0.011524084279404892 0.011569005729643606 0.0 
0.011578124824472649 0.011531395220819644 0.0 
0.01304709628220647 0.012587289502167755 0.0 
0.013046026876984454 0.012693806777455772 0.0 
0.534631934916725 -0.007958640075555056 0.0 
0.44215047285470305 -0.01845065282397846 0.0 
0.11078422316232786 -0.009743561405326945 0.0 
0.049378121457223347 0.015447917045346366 0.0 
0.04730778700559507 0.01406246822044362 0.0 
0.050603679282510784 0.013534044415938017 0.0 
0.6407425818241222 0.001950530723769409 0.0 
0.6035578561323166 -0.0016507007143924867 0.0 
0.8545811404203528 0.009020111115172784 0.0 
0.13708556671321784 -0.0034472346658903936 0.0 
0.9296909236869377 -0.0027609738459279153 0.0 
0.8923762418945084 -0.0037252744961510727 0.0 
0.8607954683020272 -0.0038460616525313202 0.0 
0.05171169802106494 0.02660101980871112 0.0 
0.061063982161502266 0.030652714439833993 0.0 
0.07673160889705354 0.035641998469488824 0.0 
0.0677418551933571 0.032299200954326486 0.0 
0.010620033187440517 -0.0030821190311422766 0.0 
0.011876322401778822 -0.002960772752820608 0.0 
0.4931375613879165 0.013972442374847023 0.0 
0.5114797780909079 0.011239520064062048 0.0 
0.4149834538896561 0.024026088398463184 0.0 
0.01059308944520657 0.010509299967582408 0.0 
0.007024276229254305 -0.005120342017327362 0.0 
0.027912807758429994 0.012971044536241188 0.0 
0.025788486323619235 0.012930935768820652 0.0 
0.024526131946939526 0.011868872347165521 0.0 
0.02655908066350518 0.011871560173268588 0.0 
0.000661039315827903 0.0007074628589785446 0.0 
0.001076751999347425 0.0011786553774321778 0.0 
0.0012070523794549693 0.0013482355097060225 0.0 
0.757219610914102 -0.0038849587901922176 0.0 
0.8346809358062601 -0.005195397788529381 0.0 
0.6009727026894741 -0.0025567640730961368 0.0 
0.5753972395388255 -0.0036901669254546542 0.0 
0.5952658732877991 -0.003330662187374497 0.0 
0.62178382328515 -0.0022034084556397326 0.0 
0.018685823581596414 0.016698425702473898 0.0 
0.0178485119433287 0.0160624313078107 0.0 
0.015260814609867857 0.014215896123004487 0.0 
0.01617147756920209 0.01496978033826392 0.0 
0.925954629748845 -0.0031421954980225316 0.0 
0.7515229131040276 -0.005040391787167872 0.0 
0.7882800808934565 -0.006297444886982678 0.0 
0.3020293601833658 0.03428737603980266 0.0 
0.16857186453947892 0.04088042567837609 0.0 
0.10924890465346583 -0.01288582400774199 0.0 
0.1156732853400533 -0.01149612828266817 0.0 
0.8826649089406188 -0.0018643540634774231 0.0 
0.007558600150621144 0.008217636443011347 0.0 
0.0064196305286471625 0.007133401337472617 0.0 
0.00665133984257354 0.007341946512736766 0.0 
0.0077504619073649455 0.008369208239723055 0.0 
0.005819745972238532 0.006395450836174755 0.0 
0.26474717123237657 -0.04379547566149699 0.0 
0.2643324316661331 -0.04399650153294415 0.0 
0.2972249934945217 -0.040509161778777385 0.0 
0.0011614799456622308 -0.0012436242479199249 0.0 
0.0016504174173328984 -0.0017855205495932128 0.0 
0.6554961759437699 -0.0018647215962224089 0.0 
0.005617029365596073 0.006312391003258335 0.0 
0.006076858635703515 0.0067929911879103366 0.0 
0.007256558592924846 0.007937985590916904 0.0 
0.0026374446062197385 -0.002955358333652596 0.0 
0.0018277748212849798 -0.002016704752561458 0.0 
0.011897172051923633 0.011906116634592916 0.0 
0.013763762117143662 0.013352626898882987 0.0 
0.6079167644993817 0.003584179319049936 0.0 
0.5795203684667642 0.0051950287714083495 0.0 
0.588145585737211 0.004201251700768869 0.0 
0.7646516963441095 0.0014585073463626106 0.0 
0.7401263007545726 0.0008499408288464494 0.0 
0.7336706252797593 0.0008965589966112585 0.0 
0.031050044096860824 -0.023081734773655903 0.0 
0.027968868891099386 -0.021760601067105652 0.0 
0.02773167582348673 -0.021799254465017324 0.0 
0.030915253361819054 -0.023238691143047333 0.0 
0.004821893213219381 -0.0037202205007582077 0.0 
0.004003576628793455 -0.003015804671101698 0.0 
0.003133508694155493 -0.002486531358247184 0.0 
0.003926776537908338 -0.0031832736052120666 0.0 
0.0027790575835548604 0.0032530085580186126 0.0 
0.0017768369638236222 0.0021111413512632047 0.0 
0.0024684007013198316 0.002920102232480026 0.0 
0.022597940253773305 0.011786605855965014 0.0 
0.02140186325866146 0.010774296664861146 0.0 
0.0232484781268465 0.010822307500881145 0.0 
0.019847918310627866 0.01746641168543501 0.0 
0.019348205580231103 0.017162007020508817 0.0 
0.01690794028308003 0.0155466824733545 0.0 
0.017482167224712006 0.01595962063556348 0.0 
0.0970814484234355 -0.01539382921056658 0.0 
0.10305096816319192 -0.0141872721951283 0.0 
0.0040694894464167 -0.002813936780974707 0.0 
0.004997684121850406 -0.003238511430335427 0.0 
0.004125725986956347 -0.0025808795936349584 0.0 
0.07999798180385786 -0.038914215082111556 0.0 
0.07503177488180753 -0.037190078813465574 0.0 
0.08812629234988609 -0.04053434238397001 0.0 
0.3422543992826268 -0.03348229845534054 0.0 
0.2766264220566795 -0.040713408760286014 0.0 
0.2665767593099296 -0.04096994599086414 0.0 
0.5976791173219826 0.005573149039546912 0.0 
0.5786488326370423 0.007158523867640608 0.0 
0.4082209254393141 -0.026418599314047914 0.0 
0.3693545008734782 -0.03150235529119555 0.0 
0.37487807203605356 -0.030924710645041344 0.0 
0.41642498330502314 -0.025477649911006626 0.0 
0.5688473789154899 -0.004691791741237663 0.0 
0.5499641712751814 -0.005044564828387927 0.0 
0.5247090150562354 -0.006619977278534545 0.0 
0.024609994511092467 -0.016895289423587062 0.0 
0.02253079748965331 -0.016300952335058985 0.0 
0.02319154534731604 -0.017056162133755378 0.0 
0.0033427981614547377 0.0036015102603985743 0.0 
0.30202937439990285 -0.034287371604458154 0.0 
0.2732546619282221 -0.03511077325598205 0.0 
0.5268298881410873 -0.005412687428456282 0.0 
0.010156685865818556 0.010463443424784764 0.0 
0.007814265109281631 0.008308160079883735 0.0 
0.008535229962550257 0.009033182103781949 0.0 
0.9160929809158851 -0.00403219877425842 0.0 
0.17007541884626276 0.04633717237721435 0.0 
0.20690668861677144 0.0465614420387644 0.0 
0.19669650120044113 0.04615838303438478 0.0 
0.1577636287674786 0.04506000528052724 0.0 
0.019923659890192076 -0.014905578117263825 0.0 
0.019209368693686016 -0.014123535038960541 0.0 
0.017510383673584297 -0.013527969034012306 0.0 
0.01815752886363203 -0.014255498746661458 0.0 
0.0416430066753841 -0.027771772937028066 0.0 
0.0456631654099299 -0.029281914887889966 0.0 
0.04812593542817073 -0.030486657753337035 0.0 
0.6897637470093146 -0.005755560920274256 0.0 
0.7572768014511717 -0.008873583753963615 0.0 
0.6085523942631371 -0.0006699582744437531 0.0 
0.5019971007967532 -0.0021721156331532773 0.0 
0.48303385668793986 -0.0016143027862525266 0.0 
0.46300194987833987 -0.0026804404919893786 0.0 
0.48105377925192255 -0.0032511307213581963 0.0 
0.06414633418340097 -0.029852312741715945 0.0 
0.04576869763452294 -0.023087878741004538 0.0 
0.03244615761186899 -0.01686480697010202 0.0 
0.000520723338764322 -0.0005541775599282779 0.0 
0.00046337632866266625 -0.0004902729314699693 0.0 
0.0009596935259675713 -0.0010342134847047633 0.0 
0.17393785253354077 0.04533624344490691 0.0 
0.17473589319882682 0.04614275507241316 0.0 
0.15887482697244643 0.04660540095873667 0.0 
0.012845653573190594 0.012361192099112198 0.0 
0.013823758619400042 0.013228305588134774 0.0 
0.0040897737437237385 0.004102066827734691 0.0 
0.004905897937660392 0.004799246876329959 0.0 
0.004691951328716986 0.005370660265931977 0.0 
0.003824006592160397 0.004440148828157421 0.0 
0.004051235754733747 0.00466659841789748 0.0 
0.004887737406227755 0.005552701997279877 0.0 
0.14398200794023322 0.046622245491590435 0.0 
0.14316240325911275 0.04708753940429206 0.0 
0.2539350214210043 0.030276242566624686 0.0 
0.23731364349709785 0.03236300098188866 0.0 
0.2472444827209687 0.029161008286976216 0.0 
0.7759774603105764 -0.0024807541041248276 0.0 
0.7504028361631746 -0.0017129698400278894 0.0 
0.19543156651995022 -0.04799602141085008 0.0 
0.22683697969864602 -0.04682960455414722 0.0 
0.23078050980145207 -0.04673445166794024 0.0 
0.2009271900016246 -0.048125644479978656 0.0 
0.004679925450838824 -0.005127067707258545 0.0 
0.0039424270947016815 -0.004370194536161541 0.0 
0.006305143367467432 -0.0005033268169452414 0.0 
0.007366465650151664 -0.000287898459830861 0.0 
0.2431065120822829 0.0334655217047071 0.0 
0.2264126490348916 0.0354640076348395 0.0 
0.2213597289825456 0.034301112391376745 0.0 
0.011086157136401834 0.011287013285069139 0.0 
0.010686969175250544 0.010947952653050402 0.0 
0.00911659205533207 0.009599187366854464 0.0 
0.20526501628900798 -0.048119930713343084 0.0 
0.1790436036580896 -0.048578416286908795 0.0 
0.17350442037383854 -0.04827534955202065 0.0 
0.003073886596544987 -0.002606658163405774 0.0 
0.0023023221680993954 -0.0019157019751649994 0.0 
0.0015059693133001398 -0.0013079091835823974 0.0 
0.002259193577449945 -0.0019951032065038733 0.0 
0.5399336581073544 0.008523182286083553 0.0 
0.5107892836406926 0.010977433925211496 0.0 
0.49519418685801975 0.011614837583928691 0.0 
0.5230858060411779 0.009222070468159062 0.0 
0.7190200331591493 -0.0034281110729508044 0.0 
0.014464718912728217 0.013835166246855714 0.0 
0.01417968095065538 0.013662682768759992 0.0 
0.012372420013813263 0.012305267108798038 0.0 
0.012716634081112002 0.012562719594690573 0.0 
0.018853988686049747 0.01622069676728775 0.0 
0.01555417456141793 0.013867215074869118 0.0 
0.01938860702834364 -0.012216238360172528 0.0 
0.7100053845229923 -0.00017476393457806525 0.0 
0.8914253467732514 -0.0058069537085415875 0.0 
0.6123141961514408 0.01288241767965832 0.0 
0.193432622230709 -0.04099530385272999 0.0 
0.000785951550348602 -0.000281416427844337 0.0 
0.0016079891521769867 -0.0004951732639049519 0.0 
0.001602834808097009 -0.0006282200583382899 0.0 
0.0007837551267859875 -0.000346523802885269 0.0 
0.08272002570914806 -0.03882880581853095 0.0 
0.06929481454829368 -0.035023515681820834 0.0 
0.09496593699849532 -0.03770093594268672 0.0 
0.08438820268650918 -0.03583056235632578 0.0 
0.0005707114538214003 0.0006915320693463064 0.0 
0.00048216237964478946 0.0005796254837964574 0.0 
0.5189169025294651 -0.012928001738305555 0.0 
0.567238410893485 -0.007905670408683943 0.0 
0.5491518172648665 -0.009835071527767714 0.0 
0.5039964063237179 -0.014686712136175227 0.0 
0.004213038826629427 -0.002034427410676771 0.0 
0.005175195846135402 -0.0022590229538492312 0.0 
0.004245629964861663 -0.0017278076779483978 0.0 
0.3167472413941432 -0.03656241333904728 0.0 
0.28871844092201004 -0.03995405042081089 0.0 
0.29154378254750907 -0.04017945360490547 0.0 
0.3210948277898375 -0.036603019678232096 0.0 
0.000846097428469194 0.0010020170600966126 0.0 
0.06291298234779644 -0.0334085130849693 0.0 
0.068167956989847 -0.03555582350450481 0.0 
0.05720259170417056 -0.031828064621657694 0.0 
0.5752279829663804 0.006700289641530826 0.0 
0.6071508109640474 0.004491759614765133 0.0 
0.6271619268279616 0.0034013910232173635 0.0 
0.5938622272183479 0.005593506861325821 0.0 
0.37682575969922877 0.028884342130882597 0.0 
0.38457114411240156 0.02845658284399549 0.0 
0.3521474814286039 0.032648598199552015 0.0 
0.001069412501982881 -0.0011512844349890064 0.0 
0.0014925779117063616 -0.001625834732896573 0.0 
0.7776769541058494 -0.000846653747422736 0.0 
0.8056436694239497 -0.0009012688321273329 0.0 
0.8315779223243259 -0.001173318053279312 0.0 
0.8030389045961118 -0.001195821617285123 0.0 
0.0014784211528515176 -0.0013535264915398063 0.0 
0.002208302234400428 -0.0020504758841912874 0.0 
0.6035577894703574 0.0016507062032895137 0.0 
0.574231016080991 0.004972202914053888 0.0 
0.014621623230072798 -0.010208314475183855 0.0 
0.007702886736614084 -0.005441722648275797 0.0 
0.026279945368657538 0.008292964811173408 0.0 
0.02431943977055396 0.008542924830262632 0.0 
0.022868450309767908 0.007530209404655737 0.0 
0.02474037635582033 0.00725844706712647 0.0 
0.04668689989681585 -0.025137858730847056 0.0 
0.00429141226059612 -0.001065071114045174 0.0 
0.0052695148035043025 -0.001069535985247432 0.0 
0.004305338995847051 -0.0007159718223510565 0.0 
0.007026113185492124 0.007623557639307678 0.0 
0.0050336899890194645 0.005683180529082776 0.0 
0.005622995580178873 0.00624233019228952 0.0 
0.5091076786151472 0.013276007359970065 0.0 
0.5243227929179252 0.012048964139060047 0.0 
0.48829489212689076 0.01584730319079165 0.0 
0.5128810840221163 -0.012912054196983722 0.0 
0.45363519669455 -0.020179902001334574 0.0 
0.4650393347523838 -0.01838051304354946 0.0 
0.5302042357558473 -0.010569713821268293 0.0 
0.012223172882939332 0.00902702715364282 0.0 
0.010174257207389925 0.007745226306536919 0.0 
0.002580058308331642 0.0030294723577773764 0.0 
0.003282836179714827 0.0038233510950212326 0.0 
0.0030260736558387815 0.003554992179001681 0.0 
0.33531653855546245 -0.03603530004344992 0.0 
0.33795661100798174 -0.035739848514219484 0.0 
0.38033247338124854 -0.0302526894069971 0.0 
0.06201049460744162 -0.03393807861048405 0.0 
0.05207000109846763 -0.030286558220435692 0.0 
0.02166729531871419 -0.016967011000526937 0.0 
0.02377804136469384 -0.01775764932786297 0.0 
0.0210814751173151 0.007720875205754852 0.0 
0.019721687547561033 0.006770881230387629 0.0 
0.02142978724141579 0.0065604140500766525 0.0 
0.22168589406340963 -0.04684791077373847 0.0 
0.1886081740359009 -0.047695752613999005 0.0 
0.18024329940877817 -0.04717163792763819 0.0 
0.21512799367265323 -0.0467699890374101 0.0 
0.6407425695985648 -0.0019505297288229583 0.0 
0.8064600901432667 -0.008841820573545815 0.0 
0.21100844190989057 -0.04778225261211779 0.0 
0.1869941134506667 -0.04865598907077834 0.0 
0.18349944525476566 -0.04869515559773547 0.0 
0.2085867386101565 -0.04800068240611458 0.0 
0.34339261284463474 0.03383707467037108 0.0 
0.024254948168604427 0.020072876372738538 0.0 
0.02358401033751918 0.019684890146493057 0.0 
0.02061922500205217 0.017889390205012318 0.0 
0.02137681120421637 0.018403226928180468 0.0 
0.725402138743256 -0.00023183344310004052 0.0 
0.7527943143400347 -0.0004983094075793396 0.0 
0.03944485569717299 -0.025918187000392192 0.0 
0.042780351829980114 -0.02776964124969646 0.0 
0.008981151850636691 0.009391158510254316 0.0 
0.008934845263972384 0.009414781262025483 0.0 
0.6953784404771065 0.003742821667249192 0.0 
0.6233985164417153 -0.0010652664295814373 0.0 
0.6554961928916976 0.001864722643916232 0.0 
0.18291791632304077 -0.0432599211336255 0.0 
0.7110953207430777 -0.0022718575177936365 0.0 
0.6847836451569064 -0.0006570896759887603 0.0 
0.7287824305012246 -0.0026120491228719717 0.0 
0.03703974320541505 -0.020397939180179507 0.0 
0.026144701454557974 -0.014733861903994514 0.0 
0.04109432600592581 -0.021683175281231114 0.0 
0.0025900988755605367 0.0026957368835772385 0.0 
0.0033192074082539808 0.0033989196051353644 0.0 
0.003136199225759699 0.003297776067897998 0.0 
0.27940407168828124 -0.03384514630995388 0.0 
0.2853743799901754 -0.034507120753920664 0.0 
0.30718788424639387 -0.03178326856761342 0.0 
0.016814715536121842 0.006014707151239523 0.0 
0.018374673497151967 0.005865278461507296 0.0 
0.01809162389578129 0.006902612082409879 0.0 
0.26447381302248824 0.043549077308433055 0.0 
0.26474715997239195 0.04379547686492552 0.0 
0.23565732857951358 0.046346999773646584 0.0 
0.2220749675467642 -0.040450657225725356 0.0 
0.20473287096964965 -0.04211384800746149 0.0 
0.2072823341025084 -0.04305402587298527 0.0 
0.22538584975177287 -0.04136273175428225 0.0 
0.4647096343069062 0.01886763911139979 0.0 
0.4528471070341422 0.01992369730006435 0.0 
0.09579144601270248 0.007738887504822652 0.0 
0.10595952197753832 0.008016554452858945 0.0 
0.586873859021666 -0.00114462813725925 0.0 
0.543300899151874 -0.0016541428859216107 0.0 
0.5636871183805406 -0.0018743651583386614 0.0 
0.04179184198619548 -0.02708164469403145 0.0 
0.037933388003808674 -0.025890989324044975 0.0 
0.037867190609391234 -0.026164995611093964 0.0 
0.00335506132064992 -0.0009891578684152948 0.0 
0.004271613903044044 -0.0014035231684910864 0.0 
0.14419660575342952 -0.04530691101240897 0.0 
0.14431303251244126 -0.046024956030571815 0.0 
0.15867165171910402 -0.04588504583857233 0.0 
0.6180229124706715 0.003873325298276171 0.0 
0.5752147830234327 0.007430119532546306 0.0 
0.0052847704434745135 -0.0006460012059113303 0.0 
0.010105798579860499 0.010442892902897924 0.0 
0.011362575412561417 0.011490742278302775 0.0 
0.28948710223187274 0.040474295390847494 0.0 
0.2840547562607943 0.04055274170157152 0.0 
0.0574723593737992 -0.028167919721433576 0.0 
0.07543161067406504 -0.03402589509637886 0.0 
0.33228205375406894 -0.036275169046866125 0.0 
0.7906819952682644 0.008994685318681809 0.0 
0.002148381027901056 -0.00208011627221237 0.0 
0.0014063361826357288 -0.0013942084760868926 0.0 
0.002077943392261495 -0.0020823819277285154 0.0 
0.0028282674662630245 -0.0027714253060087016 0.0 
0.02889952573699848 -0.019003414945913046 0.0 
0.0261792432909315 0.020838333258692762 0.0 
0.03023516326083314 0.023071040628941112 0.0 
0.028750656599668904 0.022139008966608035 0.0 
0.0988013643592399 0.0415033493703766 0.0 
0.09875965697269505 0.04084636336137991 0.0 
0.108159022223249 0.04139748067296885 0.0 
0.10852829646299089 0.04219689565613655 0.0 
0.08648394587374232 0.007438504724536359 0.0 
0.016050890489284486 -0.011965814786511372 0.0 
0.01680600196761998 -0.012762072488759608 0.0 
0.01844018020452725 -0.013307760854888403 0.0 
0.017622649191664508 -0.012466111825206913 0.0 
0.014627806620012796 0.013880649155869895 0.0 
0.012938450116258784 0.01268888441204815 0.0 
0.00465683689271092 -0.0047238688905636905 0.0 
0.003873468464837659 -0.004009201971604838 0.0 
0.004373445403083672 -0.004574943535833642 0.0 
0.005171930726614375 -0.005304532767408895 0.0 
0.43809861999379274 0.022385021161839495 0.0 
0.44859176728786315 0.021263100925752492 0.0 
0.004587499219924722 0.0040284810300987425 0.0 
0.005486001767645426 0.004623716582722791 0.0 
0.005317182599845302 0.004745161749246211 0.0 
0.08786756138821229 -0.0412519779741492 0.0 
0.08425727025587128 -0.04025242610151802 0.0 
0.008493019300345432 -0.006175814250335954 0.0 
0.00762792584130095 -0.005406895710459102 0.0 
0.006604368689430578 -0.0049493846578218025 0.0 
0.8599424199826524 -0.0010375775322164623 0.0 
0.14413170589997165 0.04779134269770886 0.0 
0.16472794084135034 0.048656689929549975 0.0 
0.1603235813036648 0.048411419452041325 0.0 
0.1389598592997605 0.04716967450138292 0.0 
0.2336774949635852 -0.04657218122369387 0.0 
0.0015875493840216955 -0.0008740434917473965 0.0 
0.002416482119989669 -0.0013941258583644674 0.0 
0.003294276787995431 -0.0017452310190692259 0.0 
0.042845925457412115 -0.026373690926869503 0.0 
0.0342887056415948 -0.022248904663300508 0.0 
0.0036256276516837805 -0.003852019163079996 0.0 
0.003136203306471311 -0.003297778474103296 0.0 
0.07593813594581944 -0.028637985620769125 0.0 
0.1246193778653585 -0.038592310027672855 0.0 
0.10289374594380529 -0.03566388230702669 0.0 
0.008493018674774387 0.006175813578629074 0.0 
0.007435093902693609 0.005702223159533265 0.0 
0.006604368111278217 0.004949384132934436 0.0 
0.007627925157758817 0.005406895363876448 0.0 
0.004173297507004406 -0.0023199229327171868 0.0 
0.26020670317218975 -0.04248100521771464 0.0 
0.2621461674121953 -0.04289714870950549 0.0 
0.2854954601963943 -0.039660501784312754 0.0 
0.037623584552729 0.02349623783419683 0.0 
0.04704018543889353 0.02778931468311467 0.0 
0.04132084455211758 0.02479937961314728 0.0 
0.03171928983051775 0.020100308241259243 0.0 
0.034125132785633366 -0.02475373410093188 0.0 
0.03376166533281307 -0.024759315413431803 0.0 
0.037624431382377053 -0.026304565910977705 0.0 
0.0013597678200009998 -0.0013871188696896047 0.0 
0.0019952398016506393 -0.00205567683191536 0.0 
0.002718154425925843 -0.0027535868115419223 0.0 
0.0032638959369570984 -0.001964520377841915 0.0 
0.0050672783845495456 -0.002942255037080802 0.0 
0.5491518380877035 0.009835069510489654 0.0 
0.5672384218370723 0.007905669443200682 0.0 
0.5039964176054612 0.014686710876678586 0.0 
0.013358630361067509 0.0075284990582761896 0.0 
0.014748663287420506 0.007711249170005324 0.0 
0.01584043704865421 0.008605247982485765 0.0 
0.014393528595636577 0.008398525189899673 0.0 
0.006753625617864265 -0.004657069017360361 0.0 
0.00587522756495891 -0.003932367779002211 0.0 
0.0049163155120917415 -0.003499144149353688 0.0 
0.005762993541632965 -0.004212936327667001 0.0 
0.008564311327881642 0.00871922164904726 0.0 
0.009670425255301264 0.009567741567099412 0.0 
0.009935204836195997 0.009928060975105166 0.0 
0.26447385470919377 -0.043549072621816357 0.0 
0.23682707971818284 -0.046060183477798805 0.0 
0.23565730653245642 -0.046347001525292975 0.0 
0.005855970439573371 0.006490738439974051 0.0 
0.0057954275519108405 0.006475122539018299 0.0 
0.044658165274754455 -0.020124219903486583 0.0 
0.04141121002748514 -0.02005596333783458 0.0 
0.0427513362122854 -0.02124371920238061 0.0 
0.8354101658695214 -0.00016729040525945168 0.0 
0.8623662994888289 -2.027670516596771e-11 0.0 
0.5946144295031272 0.005596227113638407 0.0 
0.5324621284550369 0.011594503739558741 0.0 
0.008896502641784524 -0.005383211691270839 0.0 
0.007944413283612938 -0.004632903772465185 0.0 
0.006883589655623921 -0.004311527742955965 0.0 
0.0077970912467410095 -0.005048466747311841 0.0 
0.8607954634034582 0.0038460619564205678 0.0 
0.830998874151486 0.0036180943450898877 0.0 
0.7941224642626624 0.0034164782268615874 0.0 
0.8229264916553218 0.003993200255627351 0.0 
0.11929506648198929 0.04502117052237953 0.0 
0.13276430199627134 0.04623986413706446 0.0 
0.11244405413039675 0.04355466478278437 0.0 
0.12484298095916971 -0.040182649229745834 0.0 
0.006377306189145766 -0.006138641571652055 0.0 
0.005490177206544595 -0.005435710009514774 0.0 
0.006024688711709107 -0.006034499233466447 0.0 
0.006935399997736732 -0.0067585836781114 0.0 
0.015763903242290902 0.01479400842871828 0.0 
0.01790542298886659 0.016221031021243677 0.0 
0.3637370181745444 -0.031981889716085045 0.0 
0.459603855952093 -0.019974893190450555 0.0 
0.42492577203520754 -0.024393273879113272 0.0 
0.47129328506816065 -0.018513703041604487 0.0 
0.0024704748774330623 0.0028173304451236097 0.0 
0.004811563121325202 0.005361370420614608 0.0 
0.06346338917882675 -0.025696123037428045 0.0 
0.09678845134762046 -0.04258427452152834 0.0 
0.09784612848704471 -0.04238794665429064 0.0 
0.08811165350232937 -0.04105292059428863 0.0 
0.025987274930274713 0.021008140055981214 0.0 
0.029477299130771236 0.02284197886865455 0.0 
0.028605764679776387 0.02237362666201938 0.0 
0.008945597240890982 0.00816417240806606 0.0 
0.007322051113151816 0.006826636096269237 0.0 
0.008328212776611069 0.007493712416103648 0.0 
0.020404983589431238 0.01764721630218415 0.0 
0.02019654182851187 0.017624160903139306 0.0 
0.018188348211491394 0.01634272895987404 0.0 
0.12542306145500393 -0.04493500301746078 0.0 
0.09514249317778305 -0.03908422449727118 0.0 
0.23629758366062217 0.04481810373244545 0.0 
0.23707767501372812 0.0452975685150082 0.0 
0.21353024916475502 0.04707976258699708 0.0 
0.6363493128597227 0.0022440180649769288 0.0 
0.6155637929238732 0.002843914823521988 0.0 
0.6430295871046486 0.0017345007357035948 0.0 
0.0062581693387099855 0.006818335259617266 0.0 
0.29748101383153347 -0.04049251803916088 0.0 
0.34016225328964694 -0.03540079270135497 0.0 
0.0007808800280605988 -0.000408150313928098 0.0 
0.018292768865181823 0.01598044871219287 0.0 
0.018372786028887866 0.01621180991897604 0.0 
0.016437024216142616 0.015057772654684436 0.0 
0.005633872295119285 -0.004444869607893658 0.0 
0.004712890720542686 -0.0038979067530307866 0.0 
0.6155637877830596 -0.002843915438857094 0.0 
0.664768291937161 -0.0011674619885846714 0.0 
0.6430295781834646 -0.001734501529914852 0.0 
0.2541812610406255 0.03542342397437619 0.0 
0.23590962890913528 0.03756074719592492 0.0 
0.23126982113320088 0.03655102641677586 0.0 
0.24873524688730436 0.034486074522502096 0.0 
0.04117213239375708 -0.019588466110209618 0.0 
0.08131023875150362 -0.03362659663096756 0.0 
0.0032623149610184147 -0.003644016286611723 0.0 
0.6899904048133827 -0.0016337949777386997 0.0 
0.6638050084934943 0.00022789483769774672 0.0 
0.0030041945551840666 0.0026957323590726346 0.0 
0.0038376515301786953 0.003313223772097166 0.0 
0.0037345065002243444 0.003402637183827822 0.0 
0.03127086403650499 -0.021054074702056755 0.0 
0.035621150195298754 -0.023692629829539808 0.0 
0.25795972269360823 -0.04439750340081676 0.0 
0.2536612133128529 -0.04448390091542401 0.0 
0.27108390956705963 -0.011459476791241346 0.0 
0.281578557418247 -0.012824466918152368 0.0 
0.29655502394235744 -0.01092310172213165 0.0 
0.010792738503927621 -0.006968860108471015 0.0 
0.009847525762568027 -0.006163728441245428 0.0 
0.008707922613904599 -0.005813056113163763 0.0 
0.009611140146623344 -0.006599477773998981 0.0 
0.06480385573981146 -0.026684478884026752 0.0 
0.061505586554160614 -0.027861583645165215 0.0 
0.06643507727908043 -0.028006890598132293 0.0 
0.3021014043018915 0.03593791215380512 0.0 
0.2779832836018045 0.038853105878752965 0.0 
0.27374962176412493 0.03833248228967886 0.0 
0.2967374134481581 0.035552714981557224 0.0 
0.005628147759614797 -0.005834694803250789 0.0 
0.004811941108457777 -0.005086489957936911 0.0 
0.00518207317223264 -0.0055340432872489865 0.0 
0.1578117625185496 -0.047700889554099186 0.0 
0.1418096960785761 -0.047407214467961395 0.0 
0.1398742160392291 -0.04756510546350238 0.0 
0.1564520381857683 -0.04805492556015241 0.0 
0.8914253551750199 0.005806953197523482 0.0 
0.846688790443262 0.006364302396080543 0.0 
0.7882800964884681 0.006297444764918028 0.0 
0.8302469440353868 0.0069302680501436825 0.0 
0.08992264184477983 0.040033225087253904 0.0 
0.0898671992348053 0.03939548987808119 0.0 
0.09840889232717756 0.04006435928762116 0.0 
0.08292732057813176 -0.027601759772292078 0.0 
0.07713697192865433 -0.02787959561190655 0.0 
0.07911683490558749 -0.02931087856671289 0.0 
0.08516109661238615 -0.029099111128595343 0.0 
0.21457706769147292 0.03840256640507934 0.0 
0.2104431077435764 0.03726792695570582 0.0 
0.10756230510198733 -0.04362533173341373 0.0 
0.10120678107319629 -0.04204246684278566 0.0 
0.11929507115697878 -0.045021171247855235 0.0 
0.0002938805931945163 0.0003390877703387417 0.0 
0.00018391409230200534 0.00020118323196942507 0.0 
0.025081579498408384 0.02037731651720258 0.0 
0.024749849933535958 0.020299226737828288 0.0 
0.021958839406196997 0.018749806718797515 0.0 
0.022377899019417377 0.01894241571350837 0.0 
0.0629129871886939 0.0334085148000771 0.0 
0.07503178825675498 0.03719008285502289 0.0 
0.06929481988212964 0.035023517434738013 0.0 
0.05689266839281404 0.03077603156018215 0.0 
0.0016094510777988533 0.0017729525109829566 0.0 
0.001457742244055078 0.0016366376099372676 0.0 
0.007171982371853932 -0.0030093090190231237 0.0 
0.006182844711976964 -0.002416609997863007 0.0 
0.07272084296042775 -0.037277088090680324 0.0 
0.07662782316281508 -0.038623266965727154 0.0 
0.06617742302368423 -0.03563930311699767 0.0 
0.0015480881006749575 -0.0011718331497702788 0.0 
0.002338767994441299 -0.0018140412889017744 0.0 
0.0031843520686985183 -0.0023377816199884054 0.0 
0.09725244999274575 -0.04211508795268292 0.0 
0.10227160723446468 -0.043376002873332896 0.0 
0.924558725604271 -0.00530088638336056 0.0 
0.910386718557422 -0.006280210999646906 0.0 
0.889236558331152 -0.007470772740085825 0.0 
0.1327643071965418 -0.04623986474314337 0.0 
0.14838865242109092 -0.04719062592101574 0.0 
0.15491745343550306 -0.04793940826165105 0.0 
0.191593034960393 -0.04524149335394086 0.0 
0.20946638226014466 -0.043918381188334014 0.0 
0.1901358112842611 -0.04438695897934465 0.0 
0.004388050442914784 0.005057018478226014 0.0 
0.00303686932921431 0.0035735875203271677 0.0 
0.0034872497464118733 0.004078092720059276 0.0 
0.000959011150691124 0.001033462730348126 0.0 
0.0014923000058843516 0.001625530336663745 0.0 
0.0013039604385227173 0.0014252275969499598 0.0 
0.5605603413151322 0.008166007204887991 0.0 
0.011274484391637416 -0.005868275729262636 0.0 
0.010234396608652758 -0.005088701579484841 0.0 
0.009060500803761438 -0.004893030220981232 0.0 
0.010054735516090955 -0.005657622182916962 0.0 
0.008179298584637415 0.0036548559192063007 0.0 
0.007171982170386663 0.0030093084971616712 0.0 
0.008269098898258413 0.0031048532491192524 0.0 
0.009320204384224722 0.003759255954348976 0.0 
0.33780474873366767 -0.029217074536692162 0.0 
0.32984533206851324 -0.028928620969477625 0.0 
0.00807140342788834 -0.004166299637401557 0.0 
0.00920134807929581 -0.004349386899079065 0.0 
0.008179298897561338 -0.0036548561124131055 0.0 
0.4901288066857291 0.016255826355579837 0.0 
0.006264960219887393 0.0014899546054481145 0.0 
0.00728973982922846 0.0019751354693780475 0.0 
0.00622932713598436 0.0019632647852386655 0.0 
0.005246388038322113 0.0014823819570132578 0.0 
0.0015289648161194856 -0.001246948840960947 0.0 
0.343606229448367 -0.03422349302136776 0.0 
0.4024188866807821 -0.02656761098442777 0.0 
0.396717160136616 -0.027642815064335528 0.0 
0.16673858962306679 -0.04774083971076053 0.0 
0.15856978291995424 -0.04691146495079324 0.0 
0.002459343342300456 -0.000843023654245177 0.0 
0.008249699635118091 0.006464883525952351 0.0 
0.006433953888073053 0.005183274382976775 0.0 
0.6576912851379901 0.00154825148552371 0.0 
0.6796692357750194 0.0007772161763973615 0.0 
0.16472795028143394 -0.048656690160879895 0.0 
0.1389598885133905 -0.047169677269453855 0.0 
0.16032360150238337 -0.048411420285356124 0.0 
0.19495812666683007 -0.014111855069085298 0.0 
0.18442042165341008 -0.015859997860001713 0.0 
0.19144726250529354 -0.017563531075687526 0.0 
0.007558602857509596 -0.008217640082805887 0.0 
0.007750468855545741 -0.008369215617592978 0.0 
0.006419632359856287 -0.007133404402579484 0.0 
0.4360822663382752 -0.01259852450778161 0.0 
0.45045958823237886 -0.01258875318368745 0.0 
0.4749064532124596 -0.010406034716444652 0.0 
0.0038631159653995046 0.0044456378809324265 0.0 
0.1685717143280525 -0.04088041763834852 0.0 
0.3196967251738822 -0.03369704547944277 0.0 
0.44333972952013395 -0.021759811660985253 0.0 
0.39119311870712115 -0.0286154659897937 0.0 
0.039376597140563095 0.013534605006129347 0.0 
0.04116071022123217 0.01482318674346852 0.0 
0.03665042603992841 0.01380869501735251 0.0 
0.6399530574655431 0.0020799034505537633 0.0 
0.00444359132056171 -0.0041083416754212326 0.0 
0.002922916216060259 -0.0027514092864999455 0.0 
0.0036153487218076527 -0.0034485964582538333 0.0 
0.05145159339288031 -0.030783642455207524 0.0 
0.04324817896688561 -0.02733027619679132 0.0 
0.03905592470854886 -0.025008529731437065 0.0 
0.047439303594882236 -0.028786733454539356 0.0 
0.0697531753186997 -0.03697779103497854 0.0 
0.06027224094547345 -0.034012927887582714 0.0 
0.05646427298221429 -0.0323453338516163 0.0 
0.0802324221371748 -0.039456113591359705 0.0 
0.07900016975358239 -0.03942694789652684 0.0 
0.5987361199630649 0.004451253753658282 0.0 
0.6282291957949917 0.002854085719404359 0.0 
0.6491632021634957 0.0020278772184065285 0.0 
0.6185463239979342 0.003592203594597911 0.0 
0.8222345999344839 0.005632510605794795 0.0 
0.7882186616672987 0.00493645218542896 0.0 
0.7398992524330154 0.0037840470074013313 0.0 
0.7716869195353103 0.005084590843539284 0.0 
0.5117452031017637 0.012112522947757108 0.0 
0.5433851916754247 0.009248365278032928 0.0 
0.5273946871545472 0.011095762377736637 0.0 
0.3690872670014014 0.0291907772491772 0.0 
0.399215937336348 0.025370808015952245 0.0 
0.40862684673263194 0.0248404375584386 0.0 
0.6743807750027226 -0.006190618124829005 0.0 
0.47960702381289033 0.010961869162447001 0.0 
0.12046580388830437 -0.042463423792759844 0.0 
0.0003059463919502926 -0.0003160969287668115 0.0 
0.00019068783050986068 -0.00019627280457312182 0.0 
0.702519483261384 0.0012178463609012282 0.0 
0.6780995949639251 -0.00022491269033338954 0.0 
0.6380666313925771 -0.0025979661378372934 0.0 
0.660553803324387 -0.0009838694030805928 0.0 
0.010857333880760748 0.010408646595591667 0.0 
0.008328214895825553 -0.007493713300420515 0.0 
0.0073220529058039135 -0.006826637054159965 0.0 
0.007907774389371009 -0.007470537975637776 0.0 
0.008945599075421695 -0.008164173521788972 0.0 
0.02048357204021072 0.017546943804984404 0.0 
0.02277262827303929 0.018719592908229693 0.0 
0.022773894781000777 0.018915613124490697 0.0 
0.055796477521948565 -0.031417625371987556 0.0 
0.0554426439536668 -0.030751935053122976 0.0 
0.05063035543009738 -0.02978641753061761 0.0 
0.05081598232537595 -0.03032407744773114 0.0 
0.42800051949034496 0.023352132377451144 0.0 
0.4770910366420621 0.017647971799776323 0.0 
0.0013848725020416885 0.0016676086173567112 0.0 
0.002658161949884364 0.0031468129250063056 0.0 
0.002175875014798639 0.002592950810913601 0.0 
0.056502948049168826 0.006092954377131159 0.0 
0.05318146558743541 0.007067929552861726 0.0 
0.05052150838077477 0.005736473355679987 0.0 
0.053663881677361525 0.004748747733434591 0.0 
0.012040912785568668 0.007279829215887882 0.0 
0.01104974454034978 0.006455012995041813 0.0 
0.012317378176644328 0.00668326108582053 0.0 
0.9346620013258755 -0.004520673552936654 0.0 
0.008785698682508005 0.009323252710135753 0.0 
0.011727168667098723 -0.007792704365501058 0.0 
0.010501643453780603 -0.007401609723318655 0.0 
0.01137413330950735 -0.00821302929120729 0.0 
0.11679549930499727 0.043164150544872555 0.0 
0.14059128217213696 0.046097855909244104 0.0 
0.13135435712122717 0.04456563164013633 0.0 
0.10671040131990543 0.040807488217184426 0.0 
0.005633170652065728 0.006340135320626567 0.0 
0.07994015259458452 -0.03963766358234054 0.0 
0.08270395242964822 -0.04035779469872797 0.0 
0.07278345141681207 -0.03799322784745895 0.0 
0.5512202979499777 0.007076952678888775 0.0 
0.5692783673786626 0.0063426838071757655 0.0 
0.006182844586382536 0.002416609213949752 0.0 
0.006124976693242893 0.0028450542757045704 0.0 
0.005175195679477608 0.0022590225709972476 0.0 
0.10748429269213614 0.040485826958329744 0.0 
0.11711518773033366 0.04065273836771511 0.0 
0.11814504803156095 0.041677529829389943 0.0 
0.5878918197744302 0.005477214247393037 0.0 
0.5572857544626829 0.007679948880409369 0.0 
0.005364201803740648 0.00607760310984535 0.0 
0.21378494935633113 -0.046604606112137195 0.0 
0.21345451809032306 -0.04604990037210063 0.0 
0.19320207240433676 -0.04729100549869755 0.0 
0.03283388233099882 0.02322879123376062 0.0 
0.03902250081543566 0.026322702738440604 0.0 
0.12442595502496397 -0.04650911530655453 0.0 
0.12686659531638586 -0.04659166170602187 0.0 
0.04998090477937301 -0.007955170111647054 0.0 
0.04748997261337173 -0.006639064022308252 0.0 
0.04457020141560336 -0.007454680466951314 0.0 
0.0469018554804483 -0.008752912693099689 0.0 
0.1487876858779847 -0.04569193533306739 0.0 
0.025303543344755892 0.020138516507873332 0.0 
0.025262317621397423 0.020319746585580445 0.0 
0.022645844386131934 0.018993698173538253 0.0 
0.0014455218071383808 -0.0013826586097038151 0.0 
0.00199175223070599 0.0023397119672369238 0.0 
0.1931700676151591 -0.04669667578063544 0.0 
0.1749190959471455 -0.04746316744425639 0.0 
0.17421269160778263 -0.04796400424205363 0.0 
0.3461529815735184 -0.03283300992382426 0.0 
0.31212152577056845 -0.0364404259490765 0.0 
0.18741585465952323 -0.012388979271329854 0.0 
0.20582358533632344 -0.012323623974864167 0.0 
0.009320204606438133 -0.0037592566182681705 0.0 
0.008269099027107407 -0.003104854267658932 0.0 
0.003682786435218701 -0.004039836184130122 0.0 
0.004404402587857878 -0.004776808515324755 0.0 
0.0040507491179891265 -0.00434840755272813 0.0 
0.018340970868276456 0.016336048948166013 0.0 
0.01611584208158998 0.015011500211279059 0.0 
0.016337147006445556 0.015095834297010004 0.0 
0.11754666326150996 -0.04565288793190271 0.0 
0.1213393272568607 -0.04620679192189189 0.0 
0.0663035776292833 -0.03633617897498745 0.0 
0.06353834312492962 -0.035331072988520104 0.0 
0.0003918285633754206 0.00046366674898039225 0.0 
0.38575514794817783 -0.029481596277635653 0.0 
0.4338427295154851 -0.0231608317975868 0.0 
0.08183632221551325 0.03848918742781291 0.0 
0.08176222737993133 0.037870472982668206 0.0 
0.08952586286786225 0.038632477501688585 0.0 
0.13403062933065008 -0.047310280391867715 0.0 
0.11297965190217964 -0.04480869907082289 0.0 
0.0023572685982295232 0.0023818777583280615 0.0 
0.005972139351031856 -0.0036077333142369903 0.0 
0.006995818645021706 -0.00391808469123086 0.0 
0.009275439591591082 0.007561155014916726 0.0 
0.004885628193816907 0.004010977106660485 0.0 
0.08583046446165077 -0.017499821988841383 0.0 
0.08359712637513282 -0.020038172755584234 0.0 
0.08915035275539923 -0.019179572642272397 0.0 
0.004089775578171198 -0.004102067627592026 0.0 
0.003477834647995097 -0.0034482767262769597 0.0 
0.0033192093958250533 -0.0033989203821247213 0.0 
0.029061985995340163 -0.015741110772667787 0.0 
0.002146451923305916 0.002219137083274442 0.0 
0.02939025141803669 0.010481754931434693 0.0 
0.027240128680500734 0.010678616016029407 0.0 
0.0257782836931778 0.009594005644949957 0.0 
0.02783149816409643 0.009368958538577311 0.0 
0.7572196285672789 0.003884958787572454 0.0 
0.7287824425784348 0.002612049273032678 0.0 
0.684783666680126 0.0006570904500243896 0.0 
0.7110953494923138 0.002271858214481464 0.0 
0.4966223335263132 0.012974628138955287 0.0 
0.48044037915160204 0.0152540664975721 0.0 
0.059487319440687504 0.019330192377398112 0.0 
0.057289923630676996 0.017859254172975108 0.0 
0.06128642245615624 0.017340138603568693 0.0 
0.06367988318092589 0.018854195840928928 0.0 
0.040426835565116497 -0.0010127474548128107 0.0 
0.03805918577472407 -2.2811970815420466e-10 0.0 
0.03576002933082058 -0.0009396596776140185 0.0 
0.037995810453313676 -0.001950055464948869 0.0 
0.0025901012693631677 -0.002695737980982161 0.0 
0.0013045230487977006 -0.0013603585202973428 0.0 
0.49451671757010085 0.01434479049548317 0.0 
0.44960883130022805 0.018622004609447667 0.0 
0.4182019992812653 0.02416827822066717 0.0 
0.016499935876320593 -0.013556723417761827 0.0 
0.01591485421914174 -0.01288255497659854 0.0 
0.014418125095564128 -0.012193580377921063 0.0 
0.014945902054684346 -0.012815866896009536 0.0 
0.003339406236293214 -0.0012547966127055444 0.0 
0.03320655590126451 0.02447350829095234 0.0 
0.03457503957804201 0.025231107045767084 0.0 
0.03921620980041865 0.02730166740791332 0.0 
0.037975161635695476 0.026721426067194888 0.0 
0.09364555315152193 -0.03226841685129007 0.0 
0.26051119335490397 0.03130420655552405 0.0 
0.2669578981889652 0.032242792531436554 0.0 
0.005215088400857093 -0.0018802870046583967 0.0 
0.007975476163737939 -0.006673837238712152 0.0 
0.00870519376481496 -0.007411503304398859 0.0 
0.009807951050808644 -0.007991882080119887 0.0 
0.013358630767165822 -0.007528499984966906 0.0 
0.012317378366171746 -0.006683262420076999 0.0 
0.011049744968631913 -0.006455013786782987 0.0 
0.012040913467408142 -0.007279829662293089 0.0 
0.0007269835050601061 -0.0006868087910659013 0.0 
0.0007111020009476179 -0.0006974087813293666 0.0 
0.010209100193419317 0.010471349012391737 0.0 
0.3803324591056654 0.030252691345058185 0.0 
0.007667408051082823 -0.0067964354541966724 0.0 
0.0069693384985190735 -0.006080461198962257 0.0 
0.006020408166906245 -0.005455704093398577 0.0 
0.006690813320420132 -0.006152236195774012 0.0 
0.9354457759811139 -0.00209442726487077 0.0 
0.039544651352620926 -0.021009514473039115 0.0 
0.04068456769605746 -0.02210095469112058 0.0 
0.044027425994433066 -0.02240624386948845 0.0 
0.00039344146155003833 -0.00041217107544661756 0.0 
0.004905899404063775 -0.004799247572244716 0.0 
0.025987278241220057 -0.02100814233341135 0.0 
0.026754464071119727 -0.021436748544603684 0.0 
0.02358401337936788 -0.019684892392874905 0.0 
0.02272336913017543 -0.01912116266875075 0.0 
0.053479451717234575 0.018269623496168095 0.0 
0.051438077486952 0.016852277581750712 0.0 
0.29312151448828344 0.030602890329625477 0.0 
0.273260455113729 0.03309007605276102 0.0 
0.6157049337076467 0.0036332834169781293 0.0 
0.033086537542534766 -0.01743985381578951 0.0 
0.03707165183383826 -0.01874311097300019 0.0 
0.03575619508612339 -0.017583208566800356 0.0 
0.0006605454029990078 -0.0008020816484233768 0.0 
0.0012027775337473984 -0.0014491359764760834 0.0 
0.0005708817249778942 -0.0006917395478681836 0.0 
0.010540034559385432 -0.008741638996578809 0.0 
0.009399611772736847 -0.008133978609752051 0.0 
0.010052682904685823 -0.008833366281515008 0.0 
0.09725244618476545 0.042115087076005635 0.0 
0.11297962808818257 0.04480869524946943 0.0 
0.10756230088759622 0.043625330919997624 0.0 
0.09138154138815377 0.040454699638988886 0.0 
0.1373016830426543 -0.047541002583526025 0.0 
0.15446911399367552 -0.0482617669179944 0.0 
0.018296165160465724 0.014242724864214186 0.0 
0.014457623300999341 0.011349723089844152 0.0 
0.01195673158323888 0.0021365262421453018 0.0 
0.010700265363878452 0.002339368178228503 0.0 
0.009553077869475764 0.001780714144894378 0.0 
0.010757261525040576 0.0015728123804053514 0.0 
0.030142778580616713 0.023132440006459965 0.0 
0.02675446240937806 0.021436747207402785 0.0 
0.02733128094558248 0.021695732879711143 0.0 
0.005771604807922264 -0.005484586836269946 0.0 
0.005124828127019985 -0.004805024157273739 0.0 
0.00427866243051176 -0.004134000677545103 0.0 
0.04241865668794886 -0.017548932749450727 0.0 
0.05356368596213261 -0.02074928589816906 0.0 
0.4819404830580608 0.013681071467693637 0.0 
0.5268265236404298 0.010187523917497032 0.0 
0.045435785596888906 0.02616212209833201 0.0 
0.05003677500048046 0.027588756884924612 0.0 
0.03834652184225849 0.02247484245022246 0.0 
0.20555823667105155 -0.02083914138864136 0.0 
0.20010639007185962 -0.024180191087404004 0.0 
0.212612015539308 -0.022397395855445 0.0 
0.03331532337096725 0.011373711853506692 0.0 
0.030951010688970774 0.011626407467523126 0.0 
0.031646237595704445 0.010198792215653714 0.0 
0.008455664689627204 -0.005785273069587717 0.0 
0.25942571779638535 -0.0362765636953613 0.0 
0.24030936502065808 -0.03849259805058514 0.0 
0.24444527898518087 -0.03934627632436419 0.0 
0.264448948239897 -0.03704550240035018 0.0 
0.09334365066019458 -0.04239027249879728 0.0 
0.0952996993294024 -0.04259230493721779 0.0 
0.012865332488318271 -0.012121490646880005 0.0 
0.015596222921478213 -0.014216750297743516 0.0 
0.016823244273665012 -0.015240117201013086 0.0 
0.01416325969456919 -0.013271277602089782 0.0 
0.35354074777654904 0.029441707175256713 0.0 
0.38070805164957405 0.026020782109731806 0.0 
0.38992188111083 0.025763794195912883 0.0 
0.36133175255692523 0.029375892693817046 0.0 
0.006578666758454227 -0.007027418389508987 0.0 
0.005477385754288704 -0.005907819377012694 0.0 
0.041643005048550015 0.02777177198225589 0.0 
0.04812592539556786 0.030486653419194078 0.0 
0.48386934262245196 -0.016860316569862335 0.0 
0.9421921280687956 -0.0038870377303750606 0.0 
0.24092676199839402 -0.023381610609688158 0.0 
0.22663897313622086 -0.02532377638049021 0.0 
0.2335810368269187 -0.026681063711947776 0.0 
0.2485729569014416 -0.02468475881619995 0.0 
0.0750138181232768 -0.030685492211886937 0.0 
0.06936414925494193 -0.03051445152768479 0.0 
0.07063304879667467 -0.03168279699564514 0.0 
0.07650973920161779 -0.031945019568022544 0.0 
0.025010382067036575 0.019449994627852563 0.0 
0.0252161419831644 0.01984497861584155 0.0 
0.022652084817037833 0.018416504516172365 0.0 
0.007237809198213601 -0.0025050828093168605 0.0 
0.27798331261356246 -0.03885310114041322 0.0 
0.2550068602730223 -0.04144662080070363 0.0 
0.2578135933499535 -0.041998567878069916 0.0 
0.2819072968980129 -0.039294943093453 0.0 
0.34628547243811875 -0.01875389942531128 0.0 
0.3266784376635957 -0.021091397937202962 0.0 
0.33676171896807583 -0.02174399366879456 0.0 
0.35731825591116434 -0.019309633174196705 0.0 
0.04607638630086699 0.0158388061883922 0.0 
0.004712890119387704 0.003897906361284254 0.0 
0.0056338718013091435 0.004444868995655508 0.0 
0.029488200837318755 -0.013456731341524062 0.0 
0.03492021956706667 -0.015216343815684655 0.0 
0.025359887523959106 -0.0120786632928332 0.0 
0.3298693352711728 0.004363065573009459 0.0 
0.31470799345080236 0.006030458517902944 0.0 
0.3020390247004079 0.004658926449826459 0.0 
0.31640113360615374 0.003009579386569073 0.0 
0.854581132702539 -0.009020109377959223 0.0 
0.28405470983495024 -0.04055274557317262 0.0 
0.34339262475067656 -0.03383707302798027 0.0 
0.3580055522167248 -0.032365032345424455 0.0 
0.35214746222520155 -0.03264860110552253 0.0 
0.07589019423428968 0.01256418295247688 0.0 
0.0841541158822558 0.013137448158507705 0.0 
0.8719476626255562 0.003006672621436986 0.0 
0.8435141681666497 0.0028572865747879955 0.0 
0.810096168698329 0.002831766955937993 0.0 
0.8377986789156524 0.0032373440704648294 0.0 
0.433842714523988 0.02316083376791398 0.0 
0.006290141201797299 -0.0010016466584315722 0.0 
0.009513371916069335 -0.008799481138221397 0.0 
0.00844169182627264 -0.008075380815971391 0.0 
0.008917550201201793 -0.008632441279089322 0.0 
0.0015753378297748925 0.001887645223845703 0.0 
0.03758586678421553 0.012268974316727368 0.0 
0.034985384326369745 0.01257879985553518 0.0 
0.035794997144681755 0.011031771968102747 0.0 
0.11819510315069832 -0.045083608143162916 0.0 
0.10636408999103762 -0.04402280650930383 0.0 
0.10474687645724971 -0.04405885791166426 0.0 
0.11695868122076122 -0.04533504411457639 0.0 
0.0977749683046309 0.03916917317676921 0.0 
0.10653014298459851 0.03947237896395792 0.0 
0.48194048308049864 -0.013681071573920144 0.0 
0.49662233355668767 -0.01297462823265124 0.0 
0.5268265236627737 -0.010187524009985141 0.0 
0.013265175632495997 0.0018587539893249489 0.0 
0.014554595273756904 0.0024928804634321653 0.0 
0.01318766345169552 0.0027645992604455783 0.0 
0.0007772026839277804 -0.00046561812174332793 0.0 
0.03146056660020517 0.02378144774226098 0.0 
0.027512085270087156 0.021711447034641583 0.0 
0.7254021413123638 0.00023183333704366707 0.0 
0.7016551522933222 -0.00012778773669656692 0.0 
0.6749978307045659 -0.0006162846429621431 0.0 
0.697970491579379 -0.00021411041774395805 0.0 
0.021658551564252677 -0.018366659958185035 0.0 
0.01967276059095221 -0.017194200444117937 0.0 
0.018523253097204588 -0.016302790059291257 0.0 
0.40871284273208686 0.022592176196330305 0.0 
0.4193905213544359 0.022150392179594497 0.0 
0.02360274327536204 -0.013821097797203575 0.0 
0.09152817534972556 -0.02873594732748416 0.0 
0.08728869789737358 -0.030561302198724227 0.0 
0.0939349011019886 -0.030261313490782787 0.0 
0.02209063262343276 0.017530412619180726 0.0 
0.020035212809114796 0.01661293591014972 0.0 
0.0008518628628642247 0.0010252612057613682 0.0 
0.0007537113115478142 0.0009128897775551376 0.0 
0.01011738700068995 0.010204813333990951 0.0 
0.01021079137644673 0.010388934611702228 0.0 
0.02210546518134089 -0.010965899110147373 0.0 
0.0006605246815224852 0.0008020553912758796 0.0 
0.020578259985304458 -0.0006481782907083344 0.0 
0.02218885116318606 -0.0013671657422298156 0.0 
0.023914971732452227 -0.0007207637853934599 0.0 
0.022220465882249116 -1.6745225842916555e-10 0.0 
0.2370776927526342 -0.04529756665994205 0.0 
0.23727554050279975 -0.04571083729027189 0.0 
0.2635861024985212 -0.04325168763887701 0.0 
0.13083233095695843 -0.04575545804886582 0.0 
0.13002291242752614 -0.04619539801085811 0.0 
0.14398201909447686 -0.046622245398564764 0.0 
0.9095449139658147 0.004556545682055391 0.0 
0.8704097053082454 0.005222242501923529 0.0 
0.8597921045559695 0.005784785163309512 0.0 
0.015251312641171718 -0.011146979665660497 0.0 
0.013828294400908029 -0.010634585895783859 0.0 
0.01457270203812508 -0.011413417634271904 0.0 
0.0024593432585673226 0.0008430239111354947 0.0 
0.0016079891095414686 0.0004951733406644518 0.0 
0.0024677502994138382 0.0006396758324602767 0.0 
0.0033550612317949117 0.000989158015578681 0.0 
0.011753289925372607 -0.00931102752270074 0.0 
0.01097938493431316 -0.008532145735664524 0.0 
0.0019525034732408204 0.0020637216691558567 0.0 
0.0007400838504250147 -0.0006677469322841199 0.0 
0.18962947297470842 -0.04848289024925356 0.0 
0.022421745483051665 0.018016787061945837 0.0 
0.02044205345442764 0.017334254499284014 0.0 
0.0202896813858527 0.01701956694870555 0.0 
0.9525725012771639 -0.0029269323378935527 0.0 
0.947992356599506 -0.003364571357869252 0.0 
0.0194670467742481 -0.010043499326110547 0.0 
0.034055858670986705 0.013990027458551841 0.0 
0.0325082117399953 0.012797667752775186 0.0 
0.019377919557841416 0.007832103099255852 0.0 
0.017755976612617616 0.007865930439219857 0.0 
0.016538064920423475 0.006957402042712904 0.0 
0.04176259667704111 -0.008181995807608243 0.0 
0.0422737744838326 -0.006207246750645476 0.0 
0.00322750845824778 0.0021629178105647844 0.0 
0.004125725775128803 0.002580879105319198 0.0 
0.0049976838021572835 0.003238511059933502 0.0 
0.004069489093570576 0.0028139366414809083 0.0 
0.0057716031526920146 0.0054845860786033335 0.0 
0.006690811415287079 0.006152235474234179 0.0 
0.3273102672953206 0.03277422491105597 0.0 
0.33373595988194993 0.03289674671696233 0.0 
0.30723450933028285 0.03623290439428776 0.0 
0.08109720085065364 -0.039297653773192824 0.0 
0.0730644233178104 -0.03781622648824434 0.0 
0.07195477183047391 -0.03777682260669682 0.0 
0.014393529298533917 -0.008398525702775283 0.0 
0.01584043740520497 -0.008605249036754213 0.0 
0.014748663389557074 -0.007711250710025062 0.0 
0.6524450716258385 0.0009291290526022831 0.0 
0.6302652324978963 0.001132476867756223 0.0 
0.6553162177862131 0.0005972170287360584 0.0 
0.506670220937547 0.009771466647391303 0.0 
0.29584472634621517 0.04044992341325554 0.0 
0.2643324558804214 0.043996499162189666 0.0 
0.05088307153595847 0.0034635068831593797 0.0 
0.04791158153584558 0.0044613532645271835 0.0 
0.04535644855692861 0.0032466089202168157 0.0 
0.048165167999904404 0.0022412500698731274 0.0 
0.18174819534710968 -0.0071111771107295035 0.0 
0.17994562585935767 -0.010636342705059355 0.0 
0.1287159878116302 -0.046479966724632456 0.0 
0.06672361437668406 -0.03316727702678031 0.0 
0.06727131025106847 -0.033978998420093276 0.0 
0.07346644355723349 -0.03473632127137846 0.0 
0.07270118583230069 -0.033803499205584724 0.0 
0.01692353225623177 -0.009521541764887188 0.0 
0.015417157526421466 -0.00928757457426923 0.0 
0.0164243400880044 -0.010189598743816397 0.0 
0.46762914098965 0.01423023103416711 0.0 
0.45363026894907565 0.014622427419182906 0.0 
0.47997542707290486 0.012096606445096655 0.0 
0.08438818135583627 0.035830556396218814 0.0 
0.09496591301948222 0.037700930134013426 0.0 
0.07197745137642525 0.03166818385360421 0.0 
0.03147536045134051 -0.0008665591354433187 0.0 
0.03353155435034275 -0.001803981072109572 0.0 
0.03358574900357954 -2.1598390252741571e-10 0.0 
0.9562586557442767 -0.0025549694536367313 0.0 
0.07402824368155943 -0.035570105482683016 0.0 
0.08084433096627139 -0.036271809151966816 0.0 
0.19386682553781717 -0.027432287599697253 0.0 
0.20651233121572857 -0.02571212474240642 0.0 
0.0009562410903315454 0.0011400508679520192 0.0 
0.004291412177724459 0.0010650710443685346 0.0 
0.004271613754934911 0.0014035235882063897 0.0 
0.6388805186228799 0.0015690826532641958 0.0 
0.49012878546457433 -0.016255828869548693 0.0 
0.44859175608153384 -0.021263102367585652 0.0 
0.01728011008737467 -0.009261609979878516 0.0 
0.026144725540249703 0.014733874292702221 0.0 
0.037039740971776626 0.02039793809374689 0.0 
0.04109432352630267 0.021683174151730933 0.0 
0.959268727331835 -0.002234571896438509 0.0 
0.024696029249859627 0.018963895690470276 0.0 
0.02711979243822161 0.0198528076936518 0.0 
0.027524725548994277 0.020426167802123602 0.0 
0.1256366771363988 0.03935809396357228 0.0 
0.1237089250264348 0.038079592774907106 0.0 
0.1336890058113421 0.037596673088385005 0.0 
0.1360232649214459 0.03893779031578912 0.0 
0.1588748269728838 -0.04660540110722907 0.0 
0.14316242710789376 -0.04708753949686991 0.0 
0.1586030812546617 -0.047213820202720386 0.0 
0.0007725688994100801 -0.0005182601916330991 0.0 
0.0015769349981642952 -0.0009840952753605633 0.0 
0.9617536334773035 -0.001955157804686463 0.0 
0.21262866906943917 -0.047473426106764534 0.0 
0.04031203165703297 0.011866681810894493 0.0 
0.04223719780984112 0.013165992797163463 0.0 
0.029476685453770583 -2.0169458182061544e-10 0.0 
0.027537674333914693 -0.0007935689169348086 0.0 
0.029430804040848454 -0.001658026797224151 0.0 
0.9638209781228069 -0.001708653388996155 0.0 
0.5688473843206636 0.004691790834868722 0.0 
0.009417995093537527 -0.0031296884007539095 0.0 
0.2135302839612105 -0.04707975982031611 0.0 
0.0042456298586757485 0.0017278071249290602 0.0 
0.004213038637848822 0.0020344273191456852 0.0 
0.003319277918259218 0.0015077442360124367 0.0 
0.9655493252297473 -0.0014887876479919833 0.0 
0.5499641811818632 0.005044562933440632 0.0 
0.015434852637398206 -0.008586012337180888 0.0 
0.009399609886444296 0.008133977804838457 0.0 
0.007667406315090511 0.00679643477438515 0.0 
0.0017739539973861227 0.001915152981350777 0.0 
0.01980819262383817 0.015779855102745814 0.0 
0.02470282928738568 0.018897415742489654 0.0 
0.021701233363622226 0.016748261065026398 0.0 
0.031050038954430367 0.023081732455816406 0.0 
0.027731678072000342 0.021799254889518678 0.0 
0.02796886738913441 0.021760599846646193 0.0 
0.007439419523546153 -0.007335602450727235 0.0 
0.006502796258290644 -0.006586558054850652 0.0 
0.007883037680101403 -0.007860752763119807 0.0 
0.05790457362388738 -0.03369469062013644 0.0 
0.05007541008265311 -0.030828267889340746 0.0 
0.04690821088309258 -0.02925736505496773 0.0 
0.05492671200140265 -0.03240698100498596 0.0 
0.0010679616157276033 0.001257977411074668 0.0 
0.7817714609790645 0.00037009547276516596 0.0 
0.7563672428354276 0.00017246584894410122 0.0 
0.73026309096853 0.00011672160511135372 0.0 
0.7550366819423203 0.00034024822894681715 0.0 
0.7163154456291664 0.00023926947168238026 0.0 
0.6931341590688372 -0.0003410386588357036 0.0 
0.03433579486481824 0.024330134163030114 0.0 
0.03783713879846796 0.025495378204825246 0.0 
0.03793338498489454 0.025890988014752113 0.0 
0.0024481910928297497 0.0010379298607443809 0.0 
0.0024340208368664406 0.0012223157364601104 0.0 
0.0015960926375511557 0.0007549673296843002 0.0 
0.3981885498320245 0.022888005848742156 0.0 
0.3877822341636558 0.023041135367921278 0.0 
0.41383325243348607 0.01998863803366181 0.0 
0.040194989975135445 0.02767801864518905 0.0 
0.04501454398588642 0.029472914871890035 0.0 
0.04417692881654243 0.02926554054640679 0.0 
0.08892265322060025 0.03775633229047041 0.0 
0.09688207624900154 0.03817174697201966 0.0 
0.36141035804918337 -0.013062670392409804 0.0 
0.3427034223790277 -0.015123343194233195 0.0 
0.3544967322309492 -0.015862036021048243 0.0 
0.37411726877579127 -0.01373018789076524 0.0 
0.0030738861587195033 0.0026066579210389028 0.0 
0.003926776128080856 0.003183273184325072 0.0 
0.11931737973569083 -0.04410935374053163 0.0 
0.10823714225821623 -0.04341218291599404 0.0 
0.10751512689795945 -0.043801019561494535 0.0 
0.1189689332904717 -0.04466974298405452 0.0 
0.013908170451817609 0.006085998393346785 0.0 
0.015326399789181381 0.006087642910491811 0.0 
0.015059211158643884 0.006937402382811578 0.0 
0.010857336636794565 -0.010408648762728083 0.0 
0.009329176756588078 -0.009132871900149223 0.0 
0.030880606192208063 0.022409984108674588 0.0 
0.031034475022382307 0.022801563011364327 0.0 
0.028055290195096984 0.021592370423421693 0.0 
0.028002749076952063 0.021306442223483223 0.0 
0.25330485164744326 0.0016946139224027095 0.0 
0.24166861443679263 0.003438233576984392 0.0 
0.2311693999172942 0.001739422381994098 0.0 
0.24213205034408106 -1.6554846818722916e-10 0.0 
0.024526132018320313 -0.011868873729869948 0.0 
0.023248477789343552 -0.010822309616443093 0.0 
0.021401863444917055 -0.010774297947323474 0.0 
0.013855141998187041 -0.007992581155245993 0.0 
0.756808311747408 -3.663459792229247e-11 0.0 
0.7312197903358366 4.002208083845821e-5 0.0 
0.6483689635001333 0.0013026528738499538 0.0 
0.6705073279120756 0.0008629884588979274 0.0 
0.2309842893372003 -0.04296301669869633 0.0 
0.23320519663207825 -0.04365269648472534 0.0 
0.2518222956291903 -0.04082190839979076 0.0 
0.027068968360749308 0.020028340151567594 0.0 
0.02995744874518737 0.021951538609473017 0.0 
0.035595744117096505 0.02491808344174019 0.0 
0.38695813781798044 -0.01425491179134511 0.0 
0.40794615651593125 -0.012149838358160683 0.0 
0.012477314490578865 -0.011503822257590604 0.0 
0.01415276948716085 -0.012976807387945237 0.0 
0.01135271828688078 -0.010751261830546774 0.0 
0.009610212901748943 -0.009144543736085994 0.0 
0.9669971514682488 -0.0012906050848767825 0.0 
0.011232896594754268 0.009472084888668634 0.0 
0.012490124928893646 0.010074417887335695 0.0 
0.03839203028515624 0.010599278007480577 0.0 
0.04110806288891141 0.010075428918551422 0.0 
0.0376244295917531 0.0263045648331319 0.0 
0.041744812212397835 0.027755468879416854 0.0 
0.04144164152004899 0.02788901946853545 0.0 
0.0005683065867394794 -0.0006053789407840549 0.0 
0.09088054223718196 -0.04195326702774761 0.0 
0.014413360889373759 -0.010313093423828417 0.0 
0.012223173581810751 -0.009027028117493991 0.0 
0.013043142690372937 -0.009836628068271035 0.0 
0.9682086507838562 -0.001110121772059275 0.0 
0.23629758367234924 -0.0448181037956975 0.0 
0.4022977650464034 0.02014238295708473 0.0 
0.42771160257804036 0.017317020459463085 0.0 
0.4404787687960599 0.017035526432589564 0.0 
0.012129251356825625 -0.011234946948324517 0.0 
0.011164909499909654 -0.010816868213137973 0.0 
0.012483413412890788 -0.011693582184674601 0.0 
0.3532924305666002 0.02600008029893575 0.0 
0.3774665285629132 0.023053222894579287 0.0 
0.3624125140780926 0.026137081647704296 0.0 
0.01430472714727841 0.004380656092937802 0.0 
0.015734271261095285 0.0042034416846580495 0.0 
0.017044345202862434 0.00500819274900976 0.0 
0.015551180543472688 0.005172718075822164 0.0 
0.008473519266940737 -0.007109626684234009 0.0 
0.004079287950058108 -0.003540741076375267 0.0 
0.011531782567086039 0.011387345945497217 0.0 
0.023977910705240843 -0.014582047886338474 0.0 
0.022021691582021847 -0.014223192115133218 0.0 
0.02293670506186871 -0.01514086498875256 0.0 
0.012486533193854139 -0.007463933370415623 0.0 
0.3741172740163808 0.013730185684706525 0.0 
0.39414929574950236 0.011695737225771536 0.0 
0.4079461619393723 0.012149836365249711 0.0 
0.38695813780079824 0.014254911597374006 0.0 
0.0015639160961132786 0.001083792402355192 0.0 
0.002395136505896925 0.0015513351753104608 0.0 
0.002369447800641067 0.0016919550712750735 0.0 
0.012949025807298243 0.012378865648360262 0.0 
0.014467666453871984 0.013355925689924712 0.0 
0.0011880844442691823 0.001379673775133759 0.0 
0.013908170898475047 -0.006085998741675368 0.0 
0.012764718055665786 -0.0052752626255418 0.0 
0.011468441561199125 -0.005216991841622517 0.0 
0.01255820646217691 -0.006012022421726377 0.0 
0.009417994855676666 0.0031296882116912503 0.0 
0.010620032828840258 0.0030821199118917764 0.0 
0.011768527765965786 0.0037546790039243967 0.0 
0.010516099619559122 0.0037931636141391935 0.0 
0.004691984702841943 -0.005370697157703355 0.0 
0.004887812168691485 -0.005552781235857539 0.0 
0.003824104261273155 -0.004440257676155123 0.0 
0.27725990489453545 -0.0016321618527074394 0.0 
0.26517303573412787 -1.554584257949692e-10 0.0 
0.25330485200793823 -0.0016946117180480457 0.0 
0.2646749842728031 -0.0033316965956802294 0.0 
0.011632809103896417 -0.0045096160395198814 0.0 
0.010516099734169797 -0.0037931648694934203 0.0 
0.010387831352057286 -0.004464631992332196 0.0 
0.0013176561833268847 0.0015057149563699741 0.0 
0.018605681632269295 -0.004766248505683856 0.0 
0.017044345505453688 -0.00500819308133662 0.0 
0.013919626205470118 -0.01186393469597966 0.0 
0.018076102135892103 -0.01485121261826474 0.0 
0.020558715914028743 -0.016764221237830543 0.0 
0.01648972452426121 -0.013960781388666845 0.0 
0.14367018611637308 -0.04447791217166465 0.0 
0.13111859553470348 -0.04446707684809539 0.0 
0.1311849634117941 -0.04517514790576442 0.0 
0.01621363998895713 -0.007824739032569172 0.0 
0.015059211659812296 -0.0069374027798487226 0.0 
0.013653062543161088 -0.006845090441412012 0.0 
0.18171472530119998 -0.02903508407706598 0.0 
0.18686359704341743 -0.030561962322391178 0.0 
0.0006079969569612087 -0.0006448418642620331 0.0 
0.030599878387300557 0.021918126997956512 0.0 
0.027822371147572054 0.02091413549902526 0.0 
0.021016555335739404 -0.014663128113027547 0.0 
0.02017725653405175 -0.013796662394546752 0.0 
0.929690921153728 0.0027609741059814188 0.0 
0.8974287292883234 0.0032915673458969756 0.0 
0.8923762336999254 0.003725275150177476 0.0 
0.17473588733462025 -0.04614275575667334 0.0 
0.17507740924890794 -0.04685371716644239 0.0 
0.19261837224774556 -0.046012355053176135 0.0 
0.011468441143751165 0.005216991549507636 0.0 
0.010234396169030907 0.0050887012993371 0.0 
0.009201347704999809 0.004349386664943852 0.0 
0.010387830993186525 0.004464631744129871 0.0 
0.050199114684234845 0.03141228983344263 0.0 
0.05696740044114256 0.033731653595439684 0.0 
0.42191843881968105 0.012451544535718919 0.0 
0.013828687454056847 -0.011523722311028356 0.0 
0.01247682170732711 -0.01084322877404737 0.0 
0.013015602954595556 -0.011467505946805722 0.0 
0.00482189272792162 0.0037202201233394075 0.0 
0.005762992968367647 0.004212936073783745 0.0 
0.3378047608257888 0.029217071964343762 0.0 
0.37154549986886976 0.026144826331458437 0.0 
0.34570149681547285 0.02938823178216884 0.0 
0.6749978278053691 0.0006162847147916415 0.0 
0.6979704852437439 0.0002141104881970545 0.0 
0.011391855354747887 0.011146113188279511 0.0 
0.012758863238029074 0.012077904441450934 0.0 
0.015867650307022575 -0.010735281196291328 0.0 
0.01740969553447189 -0.011098260240639967 0.0 
0.010658336858212011 -0.009501550924468633 0.0 
0.020068593977872605 -0.01234436250424639 0.0 
0.021063505228713086 -0.013288624378593076 0.0 
0.022940856625563184 -0.01360057587612536 0.0 
0.18607395593119652 -0.04243694005382659 0.0 
0.18353619550316053 -0.04134630014779174 0.0 
0.16918493089151143 -0.0423908375630377 0.0 
0.8890247881682811 0.0004934433613063635 0.0 
0.8621003106400792 0.0003439303189056781 0.0 
0.8347811288477187 0.0005020639014557925 0.0 
0.8612973821667714 0.00068932107594208 0.0 
0.042640060766056746 0.004171772330220985 0.0 
0.040290260950526374 0.0030284571650063146 0.0 
0.04286030612409588 0.00209595381455484 0.0 
0.011289031769780062 -0.006987303667506694 0.0 
0.014223290093574427 0.012992781685320788 0.0 
0.01579022045956723 0.013883361226768288 0.0 
0.01653806538292039 -0.006957402443475695 0.0 
0.017755977122638742 -0.00786593088752136 0.0 
0.01937792002406903 -0.007832103547118718 0.0 
0.4650787092084865 0.012421611106778002 0.0 
0.02349626538602397 -0.004944068385935671 0.0 
0.02193591338582825 -0.004046446140170373 0.0 
0.020236028518128776 -0.004445881169573499 0.0 
0.02602556322980643 0.018488639270818043 0.0 
0.026617076149620063 0.019203829222467723 0.0 
0.024282315593091866 0.018396615953964593 0.0 
0.03246651813029249 0.02355677293821354 0.0 
0.027328935160964834 0.020718874423153625 0.0 
0.012483409471097441 0.011693579071219493 0.0 
0.01389533518134255 0.012551027309180899 0.0 
0.044160988242966805 0.014491899523097172 0.0 
0.022390732931233302 0.018549555548668037 0.0 
0.06251329493231068 -0.03539351566645787 0.0 
0.0704784157346543 -0.03753232851008813 0.0 
0.2692307169237978 -0.03773037330086102 0.0 
0.24829194640110872 -0.040122434179615175 0.0 
0.27374964196327806 -0.03833247882331737 0.0 
0.05356373473116616 0.020749302145848948 0.0 
0.025660049217694096 -0.001512386485578203 0.0 
0.025698421925734894 -1.854287532468374e-10 0.0 
0.0006688477643547194 -0.0006911287810269248 0.0 
0.0006411578553523346 -0.000673239668064597 0.0 
0.0076216614891632195 -0.007284353033349652 0.0 
0.006940448699408254 -0.006802545513951197 0.0 
0.00489387906245819 -0.00481393801884564 0.0 
0.03439905735970713 0.01641503904972772 0.0 
0.030561110744673603 0.015204008647949654 0.0 
0.03300785900327073 0.01524541805516051 0.0 
0.010232585493004768 -0.006553172028682806 0.0 
0.006735975110141269 -0.00726097434762055 0.0 
0.007724793111574226 -0.00814295968276149 0.0 
0.31403201792995916 0.03221776481755482 0.0 
0.30718789564009313 0.031783265973937096 0.0 
0.32984535448901503 0.028928615986190065 0.0 
0.23499059559594196 -0.04427054585808396 0.0 
0.21259343099030695 -0.04541686409568384 0.0 
0.015405509284274624 0.0133820346972364 0.0 
0.017018915789507403 0.014179502871050362 0.0 
0.01897575585987124 -0.008808392776013965 0.0 
0.017366958436171708 -0.008742969954666191 0.0 
0.08272619079030735 -0.032045687756822455 0.0 
0.07785806878882641 -0.033142563795705474 0.0 
0.08432392823752455 -0.03333356738282063 0.0 
0.49967379646556725 -0.008410746624524065 0.0 
0.4906269321379391 -0.010166920365523163 0.0 
0.26214616739314867 0.04289714866682084 0.0 
0.26358608314396936 0.04325168993173268 0.0 
0.02655908012718096 -0.011871562466256496 0.0 
0.02578848694161773 -0.012930936439964322 0.0 
0.03401002282228234 0.009828182035953785 0.0 
0.02998371300517183 0.0090591031177216 0.0 
0.03223650128036451 0.008663134120576309 0.0 
0.02019270483452382 -0.009779658975828758 0.0 
0.021961117199044342 -0.009797029213977553 0.0 
0.020669284159938624 -0.00879855390682985 0.0 
0.0006919245577875599 -0.0006990185560890738 0.0 
0.015270306430770002 -0.012165390194504867 0.0 
0.018740719743926965 0.014936390886086098 0.0 
0.0205762035525108 0.01564579944588747 0.0 
0.01836758090106711 -0.0120069555441519 0.0 
0.22836625663688628 -0.042199962840491545 0.0 
0.0744627093031278 -0.03689366287703948 0.0 
0.06760582408585183 -0.035714298053747366 0.0 
0.06721382563187066 -0.036014998211143096 0.0 
0.07429306036035084 -0.037357612516443484 0.0 
0.011164905744778375 0.0108168651589683 0.0 
0.013023433044859553 -0.008126386418144662 0.0 
0.05747079908104149 -0.02111831501188766 0.0 
0.05524389667791037 -0.022675548533284955 0.0 
0.05940143276087619 -0.022536627713112743 0.0 
0.009294133507595531 -0.006154333836940919 0.0 
0.012129248440854142 0.011234944640349137 0.0 
0.051064206292490213 -0.001158099029717344 0.0 
0.05395411800744902 -0.0023853833561830987 0.0 
0.0571223960334058 -0.0012297975891438974 0.0 
0.0540509956144487 -2.510242813191107e-10 0.0 
0.2112496796503565 -0.04470615300961585 0.0 
0.016923531552972555 0.009521541195603138 0.0 
0.01799286870060597 0.010454284204681235 0.0 
0.01541715676562586 0.009287573993625977 0.0 
0.013078737677359311 0.003642217632747283 0.0 
0.012937958809215644 0.004482223151713084 0.0 
0.03250821155682134 -0.01279766937457456 0.0 
0.03095101113232871 -0.0116264080483056 0.0 
0.02869978413485266 -0.011791617206578698 0.0 
0.02765275866408944 0.018309326367805624 0.0 
0.00445636147837532 -0.004490234445253168 0.0 
0.008743624491436888 -0.00853553062154601 0.0 
0.006314242426288996 -0.0063416249185654135 0.0 
0.29115687952408037 0.035076275110400845 0.0 
0.32074106317597656 0.03254824086276393 0.0 
0.25234350696648994 0.0050844406497458534 0.0 
0.2402793478375017 0.006875515528797379 0.0 
0.23027749076580534 0.005216853417921865 0.0 
0.07152663982540983 -0.025455433584998067 0.0 
0.016499934301461735 0.01355672215511756 0.0 
0.018157526157460482 0.01425549764186051 0.0 
0.8074712469987139 0.000602740632265896 0.0 
0.016763113386181853 -0.011606170169394001 0.0 
0.019292144981630757 -0.012908800122687612 0.0 
0.018785034190448118 -0.003617863151802851 0.0 
0.02040719796597823 -0.0032082676471981452 0.0 
0.018912988728504214 -0.0024324667099320228 0.0 
0.7550366845927621 -0.0003402480573980696 0.0 
0.7801477928421351 -0.0006121356584658489 0.0 
0.19866533112757848 -0.040009808069658793 0.0 
0.20185050407545463 -0.041098685831251355 0.0 
0.21846290869765575 -0.039463825218507935 0.0 
0.02253920653260746 0.01780977773607665 0.0 
0.018076097594558072 0.01485120917586343 0.0 
0.055072836417681716 -0.033036114721407106 0.0 
0.05278579039374882 -0.03207758335713417 0.0 
0.06042213371796795 -0.034680224497301904 0.0 
0.043601308106508266 0.02511086607430285 0.0 
0.047370614203863015 0.025663054861279847 0.0 
0.04828683121165125 0.026643432261240243 0.0 
0.03648321495488162 0.009368849112644706 0.0 
0.12037605251062865 -0.025795079375235615 0.0 
0.1284611648922039 -0.0247073803690138 0.0 
0.12427419867651981 -0.022969389398723023 0.0 
0.6053386384314291 0.0018564295089662849 0.0 
0.5843578501738796 0.0019386731486003726 0.0 
0.10039195843234829 -0.03458216219823309 0.0 
0.09287308695863673 -0.03466303370958021 0.0 
0.09441005193206023 -0.03590957815147201 0.0 
0.03498538473822067 -0.01257880045074466 0.0 
0.03405585766788125 -0.013990030089016095 0.0 
0.25781360886578336 0.04199856554864351 0.0 
0.2550068530413546 0.041446621815372175 0.0 
0.28190728907834794 0.039294944239687706 0.0 
0.005622997298859599 -0.006242332673207328 0.0 
0.006295831550146707 -0.006959281677544457 0.0 
0.005033691659366666 -0.0056831831740272835 0.0 
0.004319921946191696 -0.004896838370011033 0.0 
0.06860533998710254 -0.03706051357175004 0.0 
0.013490582912346161 0.012039654278494764 0.0 
0.056844373178769 -0.027582269750756148 0.0 
0.05797760056783495 -0.02868710270834822 0.0 
0.06282716587234644 -0.029056225165358517 0.0 
0.23098428267862053 0.04296301757328716 0.0 
0.2518222687773989 0.04082191272997288 0.0 
0.0018976847594448668 -0.0022689160943301493 0.0 
0.0022954372893938444 -0.0027214140313069615 0.0 
0.001629216707904844 -0.0019445392699807904 0.0 
0.4084413874665317 -0.025361870250575645 0.0 
0.8868188195006391 0.0011638948331699382 0.0 
0.8599424199824708 0.0010375774925797776 0.0 
0.8315779240193146 0.0011733177557817515 0.0 
0.8580094971866122 0.001389993991301165 0.0 
0.011768528033655284 -0.0037546792414136767 0.0 
0.042723304220262416 0.024160189878085214 0.0 
0.04004890824589673 0.02445264902781718 0.0 
0.039305259267791874 0.02359235954971839 0.0 
0.03056111132224149 -0.01520400936379241 0.0 
0.031842679952198825 -0.016324896722799118 0.0 
0.03439905788323865 -0.016415039762145207 0.0 
0.033007859527780396 -0.015245418743315885 0.0 
0.2403093596494832 0.03849259899142306 0.0 
0.21846290374583488 0.03946382606784211 0.0 
0.02244983082955209 -0.008710820444901048 0.0 
0.021081475541167724 -0.007720875653387814 0.0 
0.30210142600018347 -0.03593790846068553 0.0 
0.00846055572639373 -0.0006468292740983318 0.0 
0.007353773204465697 -0.0008608262066279518 0.0 
0.08162300840128678 -0.038969838139335924 0.0 
0.08183632226318104 -0.038489187750552725 0.0 
0.0738351130334849 -0.03767054748345287 0.0 
0.08109718743892297 0.03929765184198639 0.0 
0.08162300210985234 0.038969837264251794 0.0 
0.08966689961248954 0.04053220911162444 0.0 
0.09575322994662397 0.03708207361638312 0.0 
0.10388079572254812 0.03717751179544059 0.0 
0.10532126391291619 0.038366626678324196 0.0 
0.11887437630055621 -0.0426018760177912 0.0 
0.10852829283408433 -0.04219689599046892 0.0 
0.10856419946777648 -0.04287272943064578 0.0 
0.1192751994360377 -0.0434160285784544 0.0 
0.07646542816999342 0.03666612271466936 0.0 
0.08457409809846296 0.03832526544744321 0.0 
0.06927838821798891 0.033971260583423944 0.0 
0.0506303568757291 0.02978641714572988 0.0 
0.05544264714164684 0.030751934653455052 0.0 
0.05579647918197418 0.031417625025615015 0.0 
0.0564632158960054 -0.014360388635744225 0.0 
0.052839514709003235 -0.014955250889035196 0.0 
0.04730778730985383 -0.01406246881009293 0.0 
0.04523469782827545 -0.012701648765365312 0.0 
0.04223719814563663 -0.013165993385390373 0.0 
0.037974583227351026 0.026300701311677263 0.0 
0.043877004533532264 0.028927235222296514 0.0 
0.9444261824697453 0.00010941837064605694 0.0 
0.9721161151950812 0.00012348946830971664 0.0 
0.0257782841375683 -0.009594006167246252 0.0 
0.02724012915146521 -0.010678616575169945 0.0 
0.029390251840727154 -0.010481755480299927 0.0 
0.027831498563152823 -0.009368959054385225 0.0 
0.03309869633656754 -0.005340725729503945 0.0 
0.03087719940773672 -0.005945715977776919 0.0 
0.03272092972696125 -0.0070377237984091505 0.0 
0.3218206934897662 0.028524562250464923 0.0 
0.3441737460371925 0.025735198336822366 0.0 
0.014945900758734464 0.012815865178584202 0.0 
0.9442049330069128 0.0003293131247627562 0.0 
0.9167230728882683 0.000287188255080282 0.0 
0.9162281250739338 0.0005767585607117957 0.0 
0.013490585727520116 -0.012039656720748776 0.0 
0.08176222471954542 -0.03787047326245878 0.0 
0.08142414390561065 -0.03712724970684867 0.0 
0.07436721176863653 -0.03629332727227514 0.0 
0.024319440185496834 -0.008542925315247411 0.0 
0.023822191686798597 -0.009735986393786176 0.0 
0.030094446100524506 0.018828973677562557 0.0 
0.0326850075067411 0.019269043149216715 0.0 
0.2854954769715766 0.03966049921466021 0.0 
0.11121885377556183 -0.030781186773925558 0.0 
0.10353079489047577 -0.03134853058282886 0.0 
0.1060026900843606 -0.032854467092086795 0.0 
0.12841303530571094 0.03472884363035505 0.0 
0.12551478442505185 0.033213639092650786 0.0 
0.1347795448855833 0.03239018654399367 0.0 
0.1380866527724548 0.033942121139943694 0.0 
0.02492823884609549 -0.013839965797458565 0.0 
0.027029641238670393 -0.014002413232349076 0.0 
0.02469602917755417 -0.018963896578465884 0.0 
0.02428231497717046 -0.018396616834106733 0.0 
0.022090632759919748 -0.017530413608109884 0.0 
0.02242174619679944 -0.01801678816286657 0.0 
0.006918013340095467 0.007082680306605499 0.0 
0.16692634674119983 -0.04124756412029478 0.0 
0.1538718814827432 -0.04203034958224196 0.0 
0.15560095633298052 -0.04312761562943526 0.0 
0.02728562637655322 -0.0039282515472073495 0.0 
0.029064164029382424 -0.004908035067280323 0.0 
0.031176011336443255 -0.004289897832878315 0.0 
0.029293229107850035 -0.003299553349316961 0.0 
0.012937958891335031 -0.004482224644499181 0.0 
0.058629519222628906 -0.009882109097532621 0.0 
0.05506765744078281 -0.010730342855720904 0.0 
0.05765092175165465 -0.012179766523421339 0.0 
0.054050830852537056 -0.012906353911337988 0.0 
0.051648463800039145 -0.011483632990321848 0.0 
0.04837122327136875 -0.012140890858448179 0.0 
0.05060367955147869 -0.013534044992040944 0.0 
0.10728865872445159 -0.015934532657220023 0.0 
0.10099506608181787 -0.017123083135764574 0.0 
0.5268298551329437 0.005412684938215667 0.0 
0.2732548911718624 0.03511075960534364 0.0 
0.04504140899752789 -0.005376566379000544 0.0 
0.04264006043890286 -0.0041717758846927305 0.0 
0.04001752189250511 -0.005014769776115597 0.0 
0.02627994539774309 -0.00829296629737615 0.0 
0.02286845040624846 -0.007530210763658608 0.0 
0.5733572656547484 -0.006439235885158723 0.0 
0.4976070855897676 -0.015003797861196428 0.0 
0.06937766370584145 -0.00941961440819433 0.0 
0.06618133164025196 -0.007908068888261935 0.0 
0.06233422266213803 -0.008940594895224144 0.0 
0.032236500793180085 -0.00866313698650526 0.0 
0.03459115295870891 -0.008180166085895559 0.0 
0.0007596386323130763 -0.0006064668921397353 0.0 
0.0007508434027942884 -0.000640774574831057 0.0 
0.07261656112466895 0.010973479292086818 0.0 
0.06937766289834371 0.009419615812834629 0.0 
0.07359530716576851 0.008313631784412507 0.0 
0.019923657640217494 0.014905577199495269 0.0 
0.021803375907126936 0.015500540486838266 0.0 
0.03558755900806552 -0.01519768284690727 0.0 
0.2482919277024504 0.04012243737409542 0.0 
0.2692307044257142 0.0377303755328388 0.0 
0.013043141590116186 0.009836627260246361 0.0 
0.013828293018106615 0.010634585082258544 0.0 
0.9430768367281267 0.000780908422076273 0.0 
0.9153925318689634 0.0008711261409609984 0.0 
0.9141997339853113 0.0011727799917992518 0.0 
0.13665739048547845 -0.02811498262778666 0.0 
0.1325943707726035 -0.026424576333639562 0.0 
0.12411681720465151 -0.027490554134130304 0.0 
0.1277760045161785 -0.02915878360205388 0.0 
0.013078738107685693 -0.003642216601984542 0.0 
0.014447730341306239 -0.0034545184290021153 0.0 
0.03575619456724786 0.017583207834651754 0.0 
0.0007667900472039409 -0.0005654223590259256 0.0 
0.031460570555264536 -0.023781450106907694 0.0 
0.0324453351118164 -0.024288508917630666 0.0 
0.028605768294638116 -0.02237362897971423 0.0 
0.027512090980562363 -0.021711450630173993 0.0 
0.03833731840754331 -0.019887678961748485 0.0 
0.036514456095984804 -0.020677776812815987 0.0 
0.05395411767225865 0.002385386395591644 0.0 
0.05106420620077487 0.0011581002563181056 0.0 
0.05588611512881765 0.008451357662773544 0.0 
0.05250879194330106 0.009320496561910446 0.0 
0.04998090414355969 0.007955171214609579 0.0 
0.0701697833184709 0.006787369926376896 0.0 
0.06618133152927078 0.007908068363126592 0.0 
0.06303469299691188 0.0064440551905238196 0.0 
0.06680370676730293 0.005310985791268148 0.0 
0.08248637475647529 0.005842824081482973 0.0 
0.07856300145902718 0.004295721830674784 0.0 
0.08296206651928648 0.002933252526101524 0.0 
0.0031335083427855015 0.0024865311217087227 0.0 
0.004003576196205942 0.003015804505821323 0.0 
0.06773201463569524 0.0352653081339021 0.0 
0.06761381756247722 0.03468242508393661 0.0 
0.07402824817407032 0.03557010508307393 0.0 
0.07436721415272907 0.03629332698959885 0.0 
0.3774665285903799 -0.023053223034082356 0.0 
0.35329241964550956 -0.026000082786783556 0.0 
0.3624124904566985 -0.02613708649945726 0.0 
0.4374454209011065 -0.019230609399947817 0.0 
0.40871282951244786 -0.02259217855618444 0.0 
0.4193905213825464 -0.02215039226155755 0.0 
0.44960881775035294 -0.018622006757827984 0.0 
0.03401002268241039 -0.009828183760505578 0.0 
0.03579499749767749 -0.011031772525792042 0.0 
0.038392030045507515 -0.010599279843307783 0.0 
0.036483214315068346 -0.009368852193426194 0.0 
0.06350344160617867 0.003889502588145324 0.0 
0.059944191420587774 0.005032544889226631 0.0 
0.05691561969391244 0.003678203707495349 0.0 
0.06140513075087734 0.011355253304543211 0.0 
0.05765092316190248 0.012179762627049062 0.0 
0.055067657246017136 0.01073034231038202 0.0 
0.0586295177584252 0.009882112058564905 0.0 
0.4779883463602234 -0.016340281033526388 0.0 
0.0069445858950440975 -0.007413609670074198 0.0 
0.007814265870362908 -0.008308161401018897 0.0 
0.006258171140755224 -0.00681833765657872 0.0 
0.005342298317655534 -0.005841337838949989 0.0 
0.5742310574412571 -0.00497219906959074 0.0 
0.5503026963738101 -0.007926283802177431 0.0 
0.10935889926546302 -0.03186704201251385 0.0 
0.019650989601409378 0.010650459513640135 0.0 
0.020771364332286626 0.011628173528896137 0.0 
0.01904308628776447 0.01139735978874095 0.0 
0.05596025887525997 -0.03196905552404151 0.0 
0.050810795377962 -0.030738688310341048 0.0 
0.05059784341477929 -0.031016934683473597 0.0 
0.05591676494431969 -0.03239339421834049 0.0 
0.37961453038376436 0.020010191942336327 0.0 
0.40275479825196475 0.017421418375658745 0.0 
0.41514733970990325 0.017445173416415813 0.0 
0.3908994791563222 0.020148594151263 0.0 
0.028243314765750684 -0.01507696396977286 0.0 
0.17393784158148407 -0.045336244806386934 0.0 
0.14152400943957025 -0.04251992036164913 0.0 
0.12986516670211906 -0.042710701370572667 0.0 
0.13066784913150065 -0.04364237297089268 0.0 
0.14276862309103672 -0.04354636965938052 0.0 
0.02942289426115724 -0.01614794870326047 0.0 
0.03056136317009041 -0.0172084730626624 0.0 
0.040312031982827186 -0.011866682380161558 0.0 
0.04316594333485414 -0.011370899630728166 0.0 
0.04110806208081092 -0.010075432209814555 0.0 
0.01851442392656646 -0.00968675160811261 0.0 
0.029983712955143963 -0.009059104725782734 0.0 
0.03993917255884185 -0.016320167500133105 0.0 
0.037096461142994724 -0.016414579386062205 0.0 
0.13133631053540895 -0.030793890482281684 0.0 
0.11929828245024833 -0.03004969319500936 0.0 
0.18828451693014547 -0.04345129467184098 0.0 
0.10833079275511441 -0.03431310110329364 0.0 
0.09838408374827326 -0.033191523602819156 0.0 
0.06554060648560993 0.03610665102067707 0.0 
0.06653345845245082 0.03615154655570723 0.0 
0.07383510085642402 0.03767054542762177 0.0 
0.07306442004790005 0.03781622564368106 0.0 
0.00726409762230112 0.007513617249890369 0.0 
0.35702716938049156 0.022665005850076785 0.0 
0.3672200347876746 0.022927192886051957 0.0 
0.09494915186930093 -0.018206487151943652 0.0 
0.0924549328923557 -0.020866340771256098 0.0 
0.02391497167356032 0.0007207645045117527 0.0 
0.027537674270177913 0.000793569710126391 0.0 
0.025660049037552392 0.0015123883578523026 0.0 
0.03147536038271186 0.0008665600067160451 0.0 
0.029430803839837327 0.0016580288533202734 0.0 
0.03164623797358661 -0.010198792755643189 0.0 
0.211249692757372 0.04470615118768922 0.0 
0.22836623189445507 0.04219996673105007 0.0 
0.6266622722280377 0.0016395946936927923 0.0 
0.052441478695880235 0.02717420079742267 0.0 
0.05136625757917376 0.026102328013439598 0.0 
0.05559756300264493 0.026422506553117554 0.0 
0.056844371680880273 0.02758226942734536 0.0 
0.14878769715851606 0.045691936515642864 0.0 
0.18024333089991074 0.047171638960095685 0.0 
0.13712527250300788 0.04394564244206394 0.0 
0.04748997246288937 0.006639063509971316 0.0 
0.045041409158697386 0.005376564309209469 0.0 
0.06547225572201311 0.01671218110489171 0.0 
0.09896831574264973 -0.024235779871829673 0.0 
0.09255042103184986 -0.024984978707563794 0.0 
0.09542708764209694 -0.026613703273639735 0.0 
0.042860306397979546 -0.0020959511799321017 0.0 
0.045514242968671126 -0.0010856424386589852 0.0 
0.042933801404598515 -2.380080889608862e-10 0.0 
0.0637789706908211 -0.022278667625570223 0.0 
0.06127476743318768 -0.023941870634159073 0.0 
0.07573405580224096 -0.022968775494148802 0.0 
0.07321676528389641 -0.021400120525068015 0.0 
0.06838232349332456 -0.021900055127940788 0.0 
0.0003934135380771216 -0.000465550589918754 0.0 
0.0002972506489987953 -0.0003429860719631884 0.0 
0.018367581068428923 0.012006953956672338 0.0 
0.022188851002845084 0.0013671674348305352 0.0 
0.02057825993134776 0.0006481789391914755 0.0 
0.03960941896011983 0.006951965700996443 0.0 
0.04227377432057393 0.0062072462514776005 0.0 
0.044570200824443476 0.007454681476327064 0.0 
0.04176259559068794 0.008181998177387089 0.0 
0.02554496047377893 -0.003009621335129899 0.0 
0.02370558804672616 -0.0035676611636182463 0.0 
0.025353239733423707 -0.004476520862526367 0.0 
0.05250879326802812 -0.009320493801741445 0.0 
0.05588611581496667 -0.008451356462149536 0.0 
0.05318146572468694 -0.007067930073715032 0.0 
0.2610616705610883 0.04429077034679739 0.0 
0.2631403975737447 0.04415955019880504 0.0 
0.020521250132979302 -0.0019380118186586724 0.0 
0.01898970476106956 -0.0012223978222048646 0.0 
0.01745583633410759 -0.0017216408918855153 0.0 
0.05164846499275057 0.011483629291160993 0.0 
0.05405083144673732 0.01290635177022812 0.0 
0.1414530033232694 -0.025222833347327504 0.0 
0.1369023282681308 -0.023491811179096638 0.0 
0.08662213155398037 -0.021690812362514748 0.0 
0.07828702367484938 -0.020779081696653778 0.0 
0.08104983051939638 -0.022392347693524602 0.0 
0.02519368765433228 -0.01079133809785655 0.0 
0.06531404607807235 0.010434455850223661 0.0 
0.06832733347197761 0.011968168490201634 0.0 
0.0742978324495401 0.0055819303070366805 0.0 
0.07796558902249816 0.007119998524897107 0.0 
0.07175092222670434 -0.03278229458467525 0.0 
0.012036780797622694 -0.00043164423252248625 0.0 
0.01466114477272079 -0.0005036500401962597 0.0 
0.013327016173235244 -1.0721302664904308e-10 0.0 
0.10935898497194735 0.031867063180092414 0.0 
0.071526706839315 0.025455451710830634 0.0 
0.08312090118829903 -2.526946734755552e-10 0.0 
0.035760029257102935 0.0009396606313049877 0.0 
0.03353155412702232 0.001803983316550152 0.0 
0.02916462698255565 0.017876387486218604 0.0 
0.014304727436517964 -0.004380656378697227 0.0 
0.015734271763262645 -0.00420344050277304 0.0 
0.03721014974716813 0.024386732161134142 0.0 
0.03759184963388402 0.024990165142988584 0.0 
0.034209876715620514 0.02393742983764485 0.0 
0.03394652930911915 0.023439786824879086 0.0 
0.04551424288356278 0.0010856435702898445 0.0 
0.04824980172117916 -2.4562889819921945e-10 0.0 
0.05650294777565932 -0.006092956676185811 0.0 
0.05939501719274428 -0.007491788960543314 0.0 
0.06303469266046119 -0.006444057596045617 0.0 
0.0599441908493155 -0.005032549109433183 0.0 
0.07856300150720591 -0.004295722341429864 0.0 
0.08248637387279677 -0.005842828897251479 0.0 
0.08715475200152274 -0.004486778604531748 0.0 
0.08296206702252551 -0.002933248673445428 0.0 
0.2939336191255273 0.04034291174982812 0.0 
0.3251468760532573 0.036565092227864984 0.0 
0.04185646237413414 0.027481891256748884 0.0 
0.03786718441514475 0.0261649932955537 0.0 
0.145700326680603 -0.022157486607403742 0.0 
0.1506940356405015 -0.023894936148600443 0.0 
0.05281368408721246 -0.02397222150394647 0.0 
0.0569308999338186 -0.024017306174195435 0.0 
0.42638951354587806 0.014936681038671799 0.0 
0.4504595882116095 0.01258875303227733 0.0 
0.43989648053225744 0.014857470637054306 0.0 
0.03906710566152093 -0.008820166596436457 0.0 
0.05939501706876842 0.007491788435539512 0.0 
0.06233422191904501 0.00894059619674333 0.0 
0.03564272090420962 0.0028097780515116805 0.0 
0.03799581020584206 0.0019500579023186953 0.0 
0.0378058586291482 0.0038811036170241365 0.0 
0.02384516912794806 -0.0021550623706541746 0.0 
0.022094004287907462 -0.0027205742776355694 0.0 
0.8346809484213144 0.005195397279041512 0.0 
0.8019100354493713 0.0046760784320514295 0.0 
0.0032942766178423654 0.001745230945371092 0.0 
0.005126159024425777 0.0026143948227457694 0.0 
0.0041732972725318715 0.0023199228289640557 0.0 
0.04891581093111075 -0.023810233994037765 0.0 
0.045229663855983 -0.02353578525271588 0.0 
0.02605034028699956 -0.014868197410046453 0.0 
0.08986719627656238 -0.03939549016502571 0.0 
0.3570271694028131 -0.022665006018435303 0.0 
0.3441737460636353 -0.025735198493914927 0.0 
0.36722003480851445 -0.022927193040026116 0.0 
0.06307955976013896 0.02532692494530363 0.0 
0.058544749773556025 0.025334033912943456 0.0 
0.05693090155524693 0.02401730453677534 0.0 
0.13259437749442401 0.02642457168105104 0.0 
0.12846116786015407 0.0247073777877708 0.0 
0.1369023281933064 0.023491810755303568 0.0 
0.14145300662059604 0.02522283071288647 0.0 
0.054249978608884294 0.025216398905758258 0.0 
0.06007377407067213 0.026618090758463872 0.0 
0.5132576159282144 0.005304090418896448 0.0 
0.5314475512051079 0.005250961639345421 0.0 
0.09822639016336476 -0.028221550943568822 0.0 
0.10093300985344238 -0.02980202519696061 0.0 
0.10829141550874911 -0.029184820320982744 0.0 
0.09622580354797099 -0.03174885892528122 0.0 
0.08929444429869886 -0.03198102994074854 0.0 
0.09116172438257834 -0.03335085956066694 0.0 
0.02293670422704385 0.015140864080255908 0.0 
0.03540839273845814 0.004652260350833135 0.0 
0.04001752200426808 0.005014767828658802 0.0 
0.037489845377920786 0.005774071685207852 0.0 
0.05281368752912641 0.023972219121157413 0.0 
0.05130014953877301 0.022697840941401114 0.0 
0.05524389636629719 0.02267554789182146 0.0 
0.17466025351160666 -0.03204193394941642 0.0 
0.03536351304895761 -0.022091721899518534 0.0 
0.03455002199627022 -0.021197532288627356 0.0 
0.03244583173609277 -0.02142434941218421 0.0 
0.02745362633865176 -0.0023727918021507694 0.0 
0.5752279829879515 -0.006700289721245079 0.0 
0.557285754484671 -0.007679948970902928 0.0 
0.5433851917057774 -0.009248365358806677 0.0 
0.04926328143705547 -0.010097476581398755 0.0 
0.04394438535210144 -0.009459905648104677 0.0 
0.046149266410502064 -0.010781150929976188 0.0 
0.13812404963754074 -0.04020935440307484 0.0 
0.12732221498274895 -0.04056084713035897 0.0 
0.1287405237715476 -0.04168087842727767 0.0 
0.13996646820835687 -0.041405422864086154 0.0 
0.028332893495320165 0.007959442498289782 0.0 
0.11711520078776501 -0.04065273713259065 0.0 
0.1074842959076768 -0.04048582702010569 0.0 
0.1081590154331314 -0.04139748128879529 0.0 
0.11814505156136165 -0.041677529802522255 0.0 
0.03137551611334611 -0.002591102862665816 0.0 
0.07796558854598296 -0.007120001125340624 0.0 
0.07429783167828954 -0.005581934934098875 0.0 
0.07016978291441762 -0.006787372432509114 0.0 
0.07359530726428486 -0.008313632306043565 0.0 
0.2815785510724013 0.012824471461531338 0.0 
0.2710839068748725 0.011459478948921294 0.0 
0.2852984032207967 0.00959571634375929 0.0 
0.027285626368996972 0.003928249994759134 0.0 
0.02929322925182862 0.0032995505084723164 0.0 
0.031176011363585446 0.004289896144390831 0.0 
0.02906416383584711 0.004908034636896361 0.0 
0.03564272099496455 -0.00280977850254228 0.0 
0.033369087767179166 -0.003590172668857106 0.0 
0.02702964060873646 0.014002412521408545 0.0 
0.02924891630152619 0.014083917920204735 0.0 
0.20185049427828525 0.041098687528862 0.0 
0.19866532657701771 0.040009808823200994 0.0 
0.07069997682209679 -0.004095932561902076 0.0 
0.06717830125224007 -0.0026671301722044623 0.0 
0.06350344166656538 -0.0038895031023123486 0.0 
0.06680370610002839 -0.005310990219319472 0.0 
0.06420971610746132 0.03586104873021762 0.0 
0.07195477873418338 0.03777682380893701 0.0 
0.07047841756524512 0.03753232873592834 0.0 
0.07886245931454516 -0.001435845206735778 0.0 
0.04394438511656244 0.009459905113865177 0.0 
0.03906710540646761 0.008820166075120733 0.0 
0.5805471894131252 0.002780174358356839 0.0 
0.11670153122633586 0.03385614320654918 0.0 
0.11402825707415726 0.03234037973750882 0.0 
0.12247015224369004 0.03165197333161503 0.0 
0.07096571401575043 -0.0013692158269702668 0.0 
0.07472073204569997 -0.002802763340752656 0.0 
0.0315572163527801 0.023483241178155815 0.0 
0.026987345667915497 0.020965794423939532 0.0 
0.060274665629528594 -0.002527641960235134 0.0 
0.0569156197607271 -0.00367820421776446 0.0 
0.1952054036169929 -0.03884870398103715 0.0 
0.1807011457754367 -0.04018193103654476 0.0 
0.010319138582522432 -0.01002931711652183 0.0 
0.011681828227948525 -0.011299586832834963 0.0 
0.009368580785290816 -0.009336346333866586 0.0 
0.007946836909879088 -0.007951949257255512 0.0 
0.023705588009986914 0.003567659751005358 0.0 
0.021935913185203704 0.0040464457787753975 0.0 
0.02040719790592706 0.003208266377608062 0.0 
0.022094004343107747 0.0027205719314577852 0.0 
0.06307955786372225 -0.025326926624127957 0.0 
0.06702360369756652 -0.014407760316190864 0.0 
0.06025141851413422 -0.01366354028950902 0.0 
0.0816962416653576 -0.008704725664236685 0.0 
0.014661144729338648 0.0005036505543558224 0.0 
0.016058110543092148 -1.27871248145635e-10 0.0 
0.017501426357222863 0.0005758151450316393 0.0 
0.01603792837288222 0.0010780604740560473 0.0 
0.08548204336267724 -0.010330434151231867 0.0 
0.07707319481153455 -0.009884460318438723 0.0 
0.14953723503406025 -0.039600938137851815 0.0 
0.151841348732982 -0.04085311763419803 0.0 
0.1643807884069301 -0.04003002117700686 0.0 
0.05366388119454846 -0.0047487517381547455 0.0 
0.05052150816567604 -0.0057364755427406315 0.0 
0.10532127218071229 -0.03836662584352393 0.0 
0.09575323745065989 -0.03708207296166371 0.0 
0.04417692775964624 -0.029265540497929544 0.0 
0.04501453984174654 -0.029472913894349993 0.0 
0.040194989046704904 -0.027678018650752798 0.0 
0.12841302552587106 -0.034728847253740855 0.0 
0.13808664786084768 -0.03394212330019644 0.0 
0.13477954495647732 -0.0323901869270309 0.0 
0.16534516820077302 -0.028913061464126012 0.0 
0.17006039172914758 -0.030502492594252594 0.0 
0.05088307160923115 -0.0034635073853698365 0.0 
0.04816516830288638 -0.002241247234263922 0.0 
0.045356448636501984 -0.0032466094099591384 0.0 
0.04791158113431178 -0.004461357047077936 0.0 
0.049263281221835015 0.010097476039280637 0.0 
0.046901854281120724 0.00875291525579773 0.0 
0.06807508461939767 0.01826553555486493 0.0 
0.07066007207830002 0.01983024368580219 0.0 
0.14063297401661268 -0.029772834347465277 0.0 
0.14450307266406312 -0.03139256902393442 0.0 
0.004269088007659634 -0.004682087626247018 0.0 
0.0038530808986324146 -0.004306794069482773 0.0 
0.0027385000711229175 -0.003068664800451138 0.0 
0.09654220046844737 -0.004666667481392963 0.0 
0.6339428991233592 -0.0011662538420820073 0.0 
0.5964579569707885 -0.003846841709461334 0.0 
0.6623514987388803 0.0012965582485252943 0.0 
0.047294665063341915 0.030460225840043414 0.0 
0.048528407147540906 0.03088361423193409 0.0 
0.05435429529425014 0.03276063156719104 0.0 
0.053287778180812664 0.03252702723775786 0.0 
0.13231039902500016 -0.021739628431758674 0.0 
0.12769278899757336 -0.01997254481207582 0.0 
0.12004904753370221 -0.02121675265663207 0.0 
0.8255575689431098 0.0018459614060320631 0.0 
0.7996084480361427 0.0014840627287248567 0.0 
0.7700003624862155 0.0012758490371622567 0.0 
0.7952863784189494 0.001762644259222495 0.0 
0.017227504857292887 -0.003949440041024699 0.0 
0.5636871221960532 0.0018743635832791036 0.0 
0.5433008991453667 0.001654142737596177 0.0 
0.565605681630348 0.0009272615046446794 0.0 
0.42931680103818226 -0.01017348711154654 0.0 
0.42191843883618063 -0.012451544711547765 0.0 
0.03158980865698077 0.014080849993210255 0.0 
0.08004364126475093 0.03531560803172907 0.0 
0.07904197836688712 0.034269199969430855 0.0 
0.08576105801536152 0.03455751415548601 0.0 
0.08701949968307611 0.03570880249607457 0.0 
0.0782000863188606 -0.024529730824101453 0.0 
0.08376849950876449 -0.02400119219400261 0.0 
0.06653346143282933 -0.036151547440206426 0.0 
0.5367593143231945 0.003983204608679512 0.0 
0.5604664174518783 0.0028616930579682567 0.0 
0.5559086109577662 0.0039107217497511585 0.0 
0.06116990405294506 0.034346298297865806 0.0 
0.06149876824755805 0.03405534106243607 0.0 
0.06760581888634085 0.035714297026081004 0.0 
0.05019912097567284 -0.03141229245017639 0.0 
0.040684567250531205 0.02210095393405175 0.0 
0.04174750076497777 0.023153960281759253 0.0 
0.038461419175176384 0.022670519916010802 0.0 
0.4360822663222306 0.012598524344111807 0.0 
0.0659886905705041 -0.03225875330110704 0.0 
0.060557353983737905 -0.031579154956178634 0.0 
0.06109385159583594 -0.03236885066781194 0.0 
0.08961086384902794 -0.02334188014402207 0.0 
0.09573193747712694 -0.02255384191908463 0.0 
0.04029026103601573 -0.0030284576377066306 0.0 
0.0378058583696639 -0.0038811069381480966 0.0 
0.06979654285458241 -0.026617923469708156 0.0 
0.21875794709020416 0.04447433897419586 0.0 
0.23096360638722715 0.04458778173394635 0.0 
0.02535323953458371 0.004476520464562027 0.0 
0.025544960569976616 0.003009618740123163 0.0 
0.024928238153262824 0.013839965056489456 0.0 
0.02377536911298749 0.012810582405179457 0.0 
0.031651343548659866 0.01825132597878747 0.0 
0.16298960369521662 -0.033358451925391934 0.0 
0.1518501572214261 -0.03449668610464019 0.0 
0.15528650290036022 -0.03597117639103333 0.0 
0.07164245754783351 0.028013967596718915 0.0 
0.06979654504358956 0.026617921745863405 0.0 
0.0750600934674981 0.026415751668672632 0.0 
0.07713697442997451 0.027879593838913988 0.0 
0.1589054258216585 -0.031818427648755275 0.0 
0.039997531351280355 -0.027403380787693513 0.0 
0.04575229696584942 -0.02981537317772022 0.0 
0.047294667778552915 -0.03046022712681355 0.0 
0.041690004415602396 -0.028250459361842777 0.0 
0.00247361569919802 0.00042998201987258993 0.0 
0.0016141419225867595 0.00021573657730891254 0.0 
0.002477080048374247 0.00021605141226097594 0.0 
0.003374088245282093 0.0004310101704860988 0.0 
0.15564408256564646 -0.025603893347108768 0.0 
0.1605336487869632 -0.02727845613274422 0.0 
0.14421129732465057 -0.03689158012967201 0.0 
0.1469856355265092 -0.03827878545737713 0.0 
0.008468406552305153 -6.690878117617169e-11 0.0 
0.009610348236127424 0.0003597461612182464 0.0 
0.008460555657648071 0.0006468300994675385 0.0 
0.30021524236448 0.03124460508908872 0.0 
0.030151659991947355 0.012927595995320923 0.0 
0.024702830761431233 -0.018897416842370108 0.0 
0.032466512453739674 -0.02355676997600592 0.0 
0.027328933111813197 -0.02071887334411838 0.0 
0.012500856727242247 -0.012275283567718691 0.0 
0.014628517580624209 -0.013914361967721306 0.0 
0.015271576545127473 -0.014432198324254105 0.0 
0.013207502743039041 -0.012893975999828335 0.0 
0.07900017736753236 0.0394269490887736 0.0 
0.08023241854641919 0.039456112793832446 0.0 
0.08907281510980315 0.04087766721173485 0.0 
0.050269865815871444 -0.029138211369465532 0.0 
0.04589976312604418 -0.028167501746717748 0.0 
0.10924890197272095 0.012885828144700693 0.0 
0.11382946678722299 0.014646923578207637 0.0 
0.015790222112728236 -0.013883362798386627 0.0 
0.017018916048209303 -0.014179504016577017 0.0 
0.015405510536172453 -0.01338203608572323 0.0 
0.1330260893768497 0.013592462910729571 0.0 
0.13491412884430173 0.010264050767913613 0.0 
0.319417796065771 0.013259814950237741 0.0 
0.30284435434117907 0.015258788655383396 0.0 
0.29216839440447273 0.014093496754502798 0.0 
0.03309869615117626 0.00534072527130824 0.0 
0.033369087965607974 0.0035901695857874223 0.0 
0.03704859845788924 0.007609770996141742 0.0 
0.03505760415763417 0.006448599832902623 0.0 
0.13368900586239996 -0.03759667342249757 0.0 
0.12370892793111936 -0.03807959248888953 0.0 
0.12563668334595887 -0.039358093135947826 0.0 
0.13602326810454293 -0.03893778994153619 0.0 
0.04042683548595728 0.0010127484953427871 0.0 
0.03137551601827367 0.0025911024378501165 0.0 
0.2887184499286559 0.03995404909489321 0.0 
0.26020671149761826 0.04248100402250394 0.0 
0.010052680631910326 0.008833365273775186 0.0 
0.09875965369248378 -0.04084636366623199 0.0 
0.019015267661118402 -1.4812027800542162e-10 0.0 
0.017501426406037936 -0.0005758145645391727 0.0 
0.055647660515352367 0.03267691962504443 0.0 
0.05513369175450981 0.03280470212818298 0.0 
0.049476151281110645 0.031105581889022328 0.0 
0.05015928775689844 0.031144392036635108 0.0 
0.04437019797541997 -0.02599684588339654 0.0 
0.04828683505255687 -0.026643432527257486 0.0 
0.04737061669451188 -0.025663055165441095 0.0 
0.04360131162180006 -0.02511086644110054 0.0 
0.06795986041883859 -0.029286299752212596 0.0 
0.07338634523106158 -0.029372421742058605 0.0 
0.07164245246135355 -0.02801397030235663 0.0 
0.15036460030002965 -0.02859748045575038 0.0 
0.14594611478276473 -0.026926654579755672 0.0 
0.006020406646720946 0.005455703566187653 0.0 
0.02853247281934026 0.01990891209054915 0.0 
0.02194655840136661 0.01601572906212092 0.0 
0.731219789981181 -4.0022221511872325e-5 0.0 
0.7825763392409869 -0.0001238207428960435 0.0 
0.756367241517396 -0.00017246617670454179 0.0 
0.03999752304066848 0.02740337668545681 0.0 
0.034622859737430726 0.024870734538120675 0.0 
0.03331532376726398 -0.011373712421931855 0.0 
0.027033853664721632 -0.005444064567812953 0.0 
0.11921963075184934 -0.03532215594920438 0.0 
0.054354290182297205 -0.032760630453793585 0.0 
0.0485284059555752 -0.0308836141358294 0.0 
0.05328777684557285 -0.03252702710011465 0.0 
0.027453626240529612 0.002372791407852506 0.0 
0.02384516902836889 0.0021550620107546026 0.0 
0.03758586715107646 -0.012268974898091204 0.0 
0.021714538383785 0.005330997154777724 0.0 
0.02321722568074382 0.00626976851084591 0.0 
0.020007602190792062 0.005637780801033577 0.0 
0.0027790583116541145 -0.0032530102433923095 0.0 
0.0034369071002767 -0.00400545373413396 0.0 
0.002468403405771728 -0.002920106545460443 0.0 
0.0017768362503137352 -0.0021111412762944643 0.0 
0.06402469804847796 -0.03019342450396668 0.0 
0.05564766962132154 -0.03267692188477177 0.0 
0.05015929003432118 -0.031144393017438727 0.0 
0.04947614667239591 -0.031105580836959197 0.0 
0.05513369424051816 -0.032804703079020024 0.0 
0.19343285042849925 0.04099531301737288 0.0 
0.39050942632000896 0.017248442828586206 0.0 
0.41307900313087864 0.014861092865350868 0.0 
0.04174750205918749 -0.02315396080834554 0.0 
0.04272330653200233 -0.024160190268901226 0.0 
0.04634771753105341 -0.02462420565432034 0.0 
0.008455672518092977 0.005785278256758263 0.0 
0.017624486353720634 0.011501498355087195 0.0 
0.009294142112903584 0.006154339347158483 0.0 
0.036704060959633196 0.023695792633175266 0.0 
0.7716957358884895 0.0038217439686772485 0.0 
0.743682727780167 0.0027487057382538445 0.0 
0.03857529189645946 -0.017634370009988826 0.0 
0.04154858764530127 -0.017589695658863026 0.0 
0.04468066831904385 -0.017446046518783204 0.0 
0.04307569647533124 0.028864357801780746 0.0 
0.04168999919902864 0.02825045683973534 0.0 
0.03645130126340504 0.025918087206578448 0.0 
0.06373835239537716 -0.0013003349109868166 0.0 
0.003468207141657049 -0.00394456728656466 0.0 
0.003111254447187753 -0.0035938673007437053 0.0 
0.00222226028539614 -0.0025747074455360532 0.0 
0.034591152685754564 0.008180165582849603 0.0 
0.07549208027312583 0.01916780044104319 0.0 
0.07267627662741005 0.017564752047293106 0.0 
0.08054800181193206 0.018390245133173038 0.0 
0.07442226965334617 -0.015133291299874311 0.0 
0.02397791142110098 0.014582046092970943 0.0 
0.08060228906966828 -0.026076312879935493 0.0 
0.07506009366620954 -0.026415752222531445 0.0 
0.08250676883669233 -0.015833278240335223 0.0 
0.17759673320937633 -0.03894653528850841 0.0 
0.19149710730298958 -0.037617350009280716 0.0 
0.03428515649097857 0.018541897802253522 0.0 
0.04640107029301069 -0.018768090312807063 0.0 
0.04985124053600335 -0.018572052362031903 0.0 
0.03719012454431362 -0.02629609436378822 0.0 
0.04144164345064395 -0.027889020511212264 0.0 
0.11581125599665545 -0.03953631097100323 0.0 
0.14123757610194831 -0.035444335843606775 0.0 
0.13114483454408904 -0.036191766697814924 0.0 
0.10093300973263503 0.029802024731040756 0.0 
0.09822639003577228 0.02822155046230762 0.0 
0.10526310534585133 0.027557596206330984 0.0 
0.10829141540166828 0.029184819867299743 0.0 
0.028002751505922855 -0.021306443681100164 0.0 
0.02805529489945872 -0.021592372746257894 0.0 
0.031034477614021807 -0.022801564414236714 0.0 
0.030880606611135862 -0.022409984933610006 0.0 
0.09840888618416958 -0.040064359822092506 0.0 
0.08992264187971105 -0.04003322538087561 0.0 
0.021803377679978732 -0.015500541302269032 0.0 
0.023801828255330646 -0.01603414643087433 0.0 
0.040016280137482936 -0.018850464258937688 0.0 
0.04312438074448974 -0.018859935752983288 0.0 
0.08662213339967716 0.021690810035790598 0.0 
0.0924549327516138 0.020866340258311227 0.0 
0.09573193957587621 0.022553839524475698 0.0 
0.05549348564920108 -0.019693765080661597 0.0 
0.23590962892747153 -0.037560747385204304 0.0 
0.5881245831606723 0.00037847563663653345 0.0 
0.6108600507580125 -6.170088164378791e-11 0.0 
0.6338210328883809 0.0002189427401583884 0.0 
0.0534002930235465 -0.02818477647129692 0.0 
0.054229478412688076 -0.029124658809187548 0.0 
0.05898379948654056 -0.02972794025329463 0.0 
0.029164627648644643 -0.017876388352663357 0.0 
0.051366258991484566 -0.02610232840569781 0.0 
0.05018708635035173 -0.024978162272018357 0.0 
0.08902159390598302 -0.027179625322863887 0.0 
0.07069997676795947 0.004095932047688938 0.0 
0.009591298422519767 0.0010756343016109183 0.0 
0.008436944207914866 0.0012871872721962085 0.0 
0.007353773142293393 0.0008608260888861003 0.0 
0.10653015484005243 -0.039472377991369226 0.0 
0.02875065775809711 -0.022139009904168363 0.0 
0.026987340998010086 -0.020965791808692458 0.0 
0.031557217608418425 -0.023483242115616053 0.0 
0.35731826315167997 0.01930963082025888 0.0 
0.378392803972686 0.016928576025893025 0.0 
0.368425118954079 0.019729420982876108 0.0 
0.030479570686871245 0.007541254233439481 0.0 
0.03272092883608145 0.007037725799224497 0.0 
0.21964413308556793 -0.023894146437104198 0.0 
0.09494915174437249 0.01820648664441187 0.0 
0.09134129363617706 0.016499655832284132 0.0 
0.013895338052499503 -0.012551029586808983 0.0 
0.5692783508749544 -0.0063426857468881215 0.0 
0.016037928495598253 -0.001078059131269505 0.0 
0.035408392671444765 -0.004652262171103434 0.0 
0.009566878653386445 -0.010016293276496103 0.0 
0.009894104861420281 -0.01029434388902608 0.0 
0.008527251687153199 -0.009107542786398219 0.0 
0.008152716433924479 -0.008758562040183366 0.0 
0.3072345404951349 -0.03623289931291181 0.0 
0.08098507303079701 -0.030702125087464605 0.0 
0.11601735367204513 0.02841276687362175 0.0 
0.11264463400126637 0.026747206044945418 0.0 
0.12037605856974297 0.025795074864887906 0.0 
0.12411682052965331 0.02749055170782227 0.0 
0.011274484040369294 0.005868274935734288 0.0 
0.012558205984069247 0.006012022081370603 0.0 
0.013653062208797568 0.006845089510100717 0.0 
0.023496264969629758 0.00494406900418924 0.0 
0.020236028134710232 0.004445881724830592 0.0 
0.03930526249830926 -0.023592360012721234 0.0 
0.040048912732023385 -0.024452649602131393 0.0 
0.014621465452219934 -0.013631255099457062 0.0 
0.014467669680395511 -0.013355928201986125 0.0 
0.012949027590412035 -0.012378867613439258 0.0 
0.013047096336792446 -0.012587290493498582 0.0 
0.026698542101302958 0.006904301210199302 0.0 
0.02508500399643773 0.005897881644111153 0.0 
0.11425799537951724 -0.03833655319492319 0.0 
0.1215624612676809 -0.03673211586005246 0.0 
0.030877198926714193 0.005945716736428382 0.0 
0.0287439215751491 0.006466887694187425 0.0 
0.02703385321614408 0.0054440652536820126 0.0 
0.06721381457779872 0.03601499606280263 0.0 
0.05969261678710902 0.034430738114219164 0.0 
0.06057528002526707 0.03447700478442799 0.0 
0.06144154507108911 -0.03305301723922862 0.0 
0.052441481395017156 -0.0271742010119551 0.0 
0.051910917728501496 -0.032084662173287176 0.0 
0.04387701366442115 -0.028927239445124136 0.0 
0.681570584304305 7.682715533902153e-5 0.0 
0.706296318118812 -4.489609544174791e-11 0.0 
0.7057858941942198 3.060272967605822e-5 0.0 
0.11843872478587973 0.016419558072263165 0.0 
0.12560063452305256 0.015049983161390244 0.0 
0.01868582755948069 -0.01669842888989884 0.0 
0.02137681401096943 -0.018403229155529437 0.0 
0.02195884089098604 -0.0187498081330279 0.0 
0.01934820818581699 -0.01716200924403222 0.0 
0.02474984961058889 -0.02029922713823733 0.0 
0.025081577573309005 -0.02037731624158571 0.0 
0.022377898825631806 -0.01894241622757293 0.0 
0.45103261413748713 -0.008346143468655752 0.0 
0.06057528274502644 -0.034477005703740085 0.0 
0.059692611128448266 -0.03443073695403682 0.0 
0.07346644132096913 0.0347363209123696 0.0 
0.08084432852380134 0.03627180886076719 0.0 
0.026819398951960362 -0.017422452490395767 0.0 
0.029605592505195507 -0.022239295055763362 0.0 
0.024924315206667283 -0.019530266321389513 0.0 
0.022539207882747398 -0.017809778805602403 0.0 
0.030094447340798403 -0.018828974388342593 0.0 
0.040930728154988216 -0.027868320319744545 0.0 
0.036548488000966585 -0.026124964086737406 0.0 
0.035682710682478955 -0.02577558100221239 0.0 
0.02960559765730971 0.02223929784652312 0.0 
0.02492431706083542 0.019530267313749104 0.0 
0.285374379971263 0.03450712060532124 0.0 
0.2794040823433999 0.03384514373627133 0.0 
0.045608274047832575 0.02950381755972135 0.0 
0.04093073186870172 0.027868321210487084 0.0 
0.40022088554545476 -0.027226861263450194 0.0 
0.392355870127447 -0.027904257657400917 0.0 
0.14123758689452504 0.03544433203342312 0.0 
0.148248751284892 0.0329688769600592 0.0 
0.15185016264148946 0.03449668386819886 0.0 
0.39994113670079734 0.014633060382760832 0.0 
0.047563599110166124 0.022606758728254833 0.0 
0.04891581242072303 0.023810232586222047 0.0 
0.0452296634714708 0.023535784536446704 0.0 
0.044027427220279296 0.022406242480074366 0.0 
0.393202251007599 0.0012004286717701123 0.0 
0.37637251837766056 0.002541509778540232 0.0 
0.3610254403957162 0.0013347720574406739 0.0 
0.37699203432772027 -1.1591431859592019e-10 0.0 
0.042931218197775976 0.01612900124862346 0.0 
0.2879569656276234 0.006385531808735636 0.0 
0.2762297251693831 0.004899156399513284 0.0 
0.28955262148833893 0.00318912225329855 0.0 
0.05018708602043267 0.024978161596685918 0.0 
0.04634771618645863 0.024624205194251687 0.0 
0.790681865754945 -0.0089946908048239 0.0 
0.6123144611265098 -0.012882418930583256 0.0 
0.01851442364428602 0.009686750435069882 0.0 
0.0201927049980273 0.009779657044694561 0.0 
0.22042982215794193 0.003510444958573375 0.0 
0.21074908338029769 0.001767602989547736 0.0 
0.22085867628796504 -1.7561292833772095e-10 0.0 
0.03355743496099296 0.022848207050886006 0.0 
0.036084918098002426 0.02292756592098034 0.0 
0.34883309008826974 0.0122572979558138 0.0 
0.3310099999370304 0.01425398958294244 0.0 
0.3363845789569181 0.011319485533066524 0.0 
0.045608276140463255 -0.0295038185705949 0.0 
0.04597662165784861 -0.029374362598194616 0.0 
0.07429305464179277 0.03735761155838836 0.0 
0.10039195833668547 0.03458216177696908 0.0 
0.09838408760871263 0.03319152191999063 0.0 
0.1060026980509519 0.032854463816422444 0.0 
0.10833079705915337 0.034313099354041005 0.0 
0.3273102816237185 -0.0327742224483709 0.0 
0.037527859717386106 -0.021696114025281175 0.0 
0.03365413860509529 -0.020253811517177783 0.0 
0.31696539416210795 -1.3543677211700108e-10 0.0 
0.30313579314647654 -0.001551404263149563 0.0 
0.015251259507278077 -0.012621935859603771 0.0 
0.019808197600623953 -0.015779858718468986 0.0 
0.254181251137884 -0.035423426497455994 0.0 
0.24873522858249206 -0.034486079403736714 0.0 
0.14824875134413204 -0.032968877316914225 0.0 
0.27326043540388667 -0.033090081031682025 0.0 
0.2669578891181666 -0.03224279512516494 0.0 
0.14698563548542853 0.038278785149881395 0.0 
0.14421130317034114 0.03689157813952688 0.0 
0.1552865147790718 0.03597117238820734 0.0 
0.15853594552811187 0.03738775761453376 0.0 
0.6271619268479461 -0.003401391090953272 0.0 
0.5938622272477541 -0.005593506930227909 0.0 
0.04614105655350716 0.021375567281107774 0.0 
0.04275133874045213 0.02124371699736813 0.0 
0.38457115356976107 -0.02845658147060979 0.0 
0.37682579476640315 -0.02888433674052604 0.0 
0.15469059738294705 0.030229806417146402 0.0 
0.15036460438808558 0.028597477913076912 0.0 
0.16053365697330765 0.02727845122740462 0.0 
0.16534517270634147 0.028913058870864396 0.0 
0.009847525125540539 0.006163728069152831 0.0 
0.008896502220504254 0.0053832110394774315 0.0 
0.01005473527181041 0.005657621059352365 0.0 
0.29154378251941876 0.04017945358199775 0.0 
0.01897575562662014 0.008808391585889813 0.0 
0.020669283653448393 0.00879855341399917 0.0 
0.021961117046204428 0.009797027905027721 0.0 
0.15564408621277823 0.02560389066638447 0.0 
0.1657512769611241 0.024158458645924988 0.0 
0.17114047174543154 0.025828218872983862 0.0 
0.010117390148717065 -0.010204816549038431 0.0 
0.011391858881122147 -0.011146116452211079 0.0 
0.03670406236751838 -0.023695793444690555 0.0 
0.03721014794347945 -0.024386732726794813 0.0 
0.04068136694080439 -0.025241915698773397 0.0 
0.11601735377009384 -0.02841276731562799 0.0 
0.35449673221288497 0.015862035808270288 0.0 
0.34270342739113224 0.015123340805639122 0.0 
0.3614103673742029 0.01306266606650763 0.0 
0.20608529854589971 -0.036061279299096326 0.0 
0.2161319404175625 -0.03306409661029761 0.0 
0.14276861883800993 0.04354636988741998 0.0 
0.15560093899115943 0.043127617835988105 0.0 
0.15469059744050856 -0.03022980678212478 0.0 
0.2572187314037127 0.013352963956271328 0.0 
0.24754582117519444 0.011867517620797319 0.0 
0.260694820001153 0.01000682424920206 0.0 
0.1704976980251294 -0.012359186959722676 0.0 
0.26051119338161094 -0.03130420677152608 0.0 
0.02661707751152819 -0.01920383024671862 0.0 
0.00906050045959211 0.004893029568251649 0.0 
0.05549348676096336 0.019693763168132074 0.0 
0.05169395895522112 0.019945976173990184 0.0 
0.9081883987942058 0.0021481069512787328 0.0 
0.8762118946737542 0.0026112963822900446 0.0 
0.9052242548131284 0.0025063303315063074 0.0 
0.9376387651673415 0.001799022318916817 0.0 
0.014464720355374466 -0.013835168034134076 0.0 
0.01633714727615516 -0.0150958352614993 0.0 
0.016437023559685134 -0.015057773144054126 0.0 
0.014627807087391071 -0.0138806503164678 0.0 
0.045018075481518254 -0.026808465100414066 0.0 
0.04553234371157908 -0.02753560475057483 0.0 
0.04974969816497139 -0.02839108904498004 0.0 
0.049084146905800166 -0.027556056119728823 0.0 
0.0016117188744084528 0.0003572132374499245 0.0 
0.003366548518275674 0.0007136242236830931 0.0 
0.2712067101159296 -0.02807219539674275 0.0 
0.198498216055204 -0.01922563591575938 0.0 
0.18069857089720595 -0.01927204754704707 0.0 
0.04307569895765476 -0.028864359089437013 0.0 
0.03645130882781609 -0.02591809118266867 0.0 
0.02526231907276706 -0.0203197478718479 0.0 
0.027119791532209822 -0.019852808484952175 0.0 
0.029700521562529104 -0.020675539551109276 0.0 
0.17421932011831487 -0.01755281158503733 0.0 
0.061441546957407694 0.03305301692287702 0.0 
0.05596025874616948 0.03196905505749005 0.0 
0.26372600166009735 -0.027034149582304733 0.0 
0.2561771620205121 -0.025903690123419046 0.0 
0.24045469370289216 -0.027961511996888122 0.0 
0.053400288813741134 0.02818477631129819 0.0 
0.04908414149136352 0.02755605575552864 0.0 
0.08583046431732828 0.017499821463713938 0.0 
0.08915035261329803 0.019179572122400925 0.0 
0.08359712621212391 0.020038172222442724 0.0 
0.008397392884238464 0.0019146079314156035 0.0 
0.007328274972808828 0.0014251469546054415 0.0 
0.1158112468926155 0.03953631200289286 0.0 
0.12732220496575614 0.04056084837765874 0.0 
0.27680030372086445 0.016073948644003577 0.0 
0.2669740080323845 0.01475778734358533 0.0 
0.2253076255091627 -0.02992090789341741 0.0 
0.1703199222161027 0.020906450042934455 0.0 
0.176265672816768 0.022603650104886793 0.0 
0.16031706483812366 0.02245198661496267 0.0 
0.05984871117706202 -0.03069531627848983 0.0 
0.0549151637391276 -0.029983872777034452 0.0 
0.19118229809827214 -0.0053361684505536825 0.0 
0.1188743837938175 0.04260187529974463 0.0 
0.0010255689397076274 -0.001229504878455219 0.0 
0.00048276284827208904 -0.0005803497682507356 0.0 
0.0574707987882564 0.02111831439019729 0.0 
0.01370171042787967 -0.012288580647944186 0.0 
0.015554175533440493 -0.013867216068614931 0.0 
0.01055331007527934 -0.009780446793645986 0.0 
0.19261837867235304 0.04601235425562907 0.0 
0.19317006761258756 0.04669667567519512 0.0 
0.007237808998011379 0.0025050826671642033 0.0 
0.008341594097764419 0.0025226396948301324 0.0 
0.5019971007900865 0.0021721154672197755 0.0 
0.4810537831860319 0.0032511280802198185 0.0 
0.4630019498715579 0.002680440308060974 0.0 
0.11921963553329623 0.03532215412629821 0.0 
0.11049617321988042 0.03571766890059213 0.0 
0.05349478580415989 0.021316074003812406 0.0 
0.0677320147170758 -0.035265308522167915 0.0 
0.06761381543559869 -0.03468242537895065 0.0 
0.13114483983886402 0.03619176479437968 0.0 
0.12156246120437723 0.03673211549816998 0.0 
0.09134129225868541 -0.016499658397538555 0.0 
0.016093102454656602 -0.014310888001115707 0.0 
0.016306932065401476 -0.014655458491238855 0.0 
0.018109453967419305 -0.01565198391898259 0.0 
0.3244258526901668 -0.01725115749028833 0.0 
0.30660715075419953 -0.019420718341416354 0.0 
0.31662627186812403 -0.020315473071226806 0.0 
0.335321846369327 -0.018066352431993622 0.0 
0.054229472448058515 0.02912465856152381 0.0 
0.05491516198413298 0.029983872226176104 0.0 
0.05026986862716653 0.02913821094469711 0.0 
0.04974969652743571 0.028391088430927188 0.0 
0.5972377286107856 -0.005602906222039609 0.0 
0.5784656775056983 -0.006947191551537724 0.0 
0.5436740800808464 -0.009928134408878395 0.0 
0.560708318190265 -0.008613108952898383 0.0 
0.061169914086161625 -0.03434630051243813 0.0 
0.049720151348237776 0.02140087989221245 0.0 
0.17421266276431527 0.047964005383972386 0.0 
0.06508366806519401 -0.031264096577372516 0.0 
0.264448942437524 0.03704550342435616 0.0 
0.24444526741528655 0.039346278391051225 0.0 
0.2594257177782949 0.036276563526929255 0.0 
0.08643025753507469 -0.025599154937923176 0.0 
0.041190962082471735 -0.025950256210299182 0.0 
0.03376166827100197 0.024759316095304316 0.0 
0.0615055863153787 0.027861583049495934 0.0 
0.06282716427047556 0.029056224911805734 0.0 
0.05797759762911344 0.02868710258672213 0.0 
0.0911617242661786 0.033350859107601806 0.0 
0.09287308474369005 0.034663033750011486 0.0 
0.08432392620693122 0.03333356734690858 0.0 
0.280114859751724 0.020523842516365437 0.0 
0.26409037488954007 0.02262357611970692 0.0 
0.2557087017509993 0.02137983932231156 0.0 
0.27096842358231327 0.019342550823614618 0.0 
0.018292772364772156 -0.01598045112869431 0.0 
0.020289683534535898 -0.01701956861457699 0.0 
0.020035213656366343 -0.016612937116330006 0.0 
0.034311897046448644 -0.024606339571169082 0.0 
0.037837139087531176 -0.025495378884486122 0.0 
0.034335797653004506 -0.024330135516959204 0.0 
0.08808008042785341 -0.036778328322903564 0.0 
0.13133631046109004 0.030793890082356442 0.0 
0.1406329739477822 0.029772833957275414 0.0 
0.14450307260247702 0.03139256865003293 0.0 
0.061498772977736434 -0.0340553421491943 0.0 
0.030617320802049573 -0.02326000587327501 0.0 
0.030599877919870053 -0.021918127701814616 0.0 
0.03394652865020228 -0.02343978744812383 0.0 
0.03355743346420379 -0.022848207683431057 0.0 
0.04156545339480461 -0.02656717635119957 0.0 
0.022449830369999497 0.008710819956331398 0.0 
0.17743247883899058 -0.014122570958474792 0.0 
0.3135987513061717 0.016313483777159965 0.0 
0.2966254256638074 0.018411769946152574 0.0 
0.2866871764812312 0.017294208402427232 0.0 
0.36639151169622536 0.01646529236296317 0.0 
0.06158271639159341 -0.0336195536482899 0.0 
0.49536243104906064 0.005199248830319201 0.0 
0.45638190006805957 0.006385764265749783 0.0 
0.4777369709215048 0.004933245454707397 0.0 
0.06165371738932289 -0.020805477533650998 0.0 
0.010792737781905712 0.0069688596655011585 0.0 
0.009611139385837242 0.0065994773368722075 0.0 
0.008707921951276478 0.005813055752207334 0.0 
0.30760732644688743 0.02344580654237345 0.0 
0.31676541560116267 0.02419741607384902 0.0 
0.01304602757587049 -0.012693808161182804 0.0 
0.012938451636926493 -0.012688886361124934 0.0 
0.014677383629204132 -0.013809380632151851 0.0 
0.004811928511767334 0.005086479388460904 0.0 
0.0060188473988139835 0.006304883836036562 0.0 
0.04575229123792752 0.02981537060552643 0.0 
0.05191091475428321 0.03208466088843449 0.0 
0.32109483747119894 0.036603018241952986 0.0 
0.5445962060683169 0.0005479004346576609 0.0 
0.013023432291180265 0.00812638590097164 0.0 
0.2052650046837158 0.0481199311492948 0.0 
0.20858674396825969 0.04800068216912746 0.0 
0.23367750086928718 0.04657218084172171 0.0 
0.30793081138141487 -0.012147087051694667 0.0 
0.3240669643466818 -0.010255749311374181 0.0 
0.0944100472645647 0.03590957856721077 0.0 
0.0880800706747012 0.03677832884993345 0.0 
0.3353218463511234 0.018066352213031083 0.0 
0.3462854724160816 0.018753899219805036 0.0 
0.03420987706425165 -0.02393743058619293 0.0 
0.008981156390918421 -0.00939116321002066 0.0 
0.008930825589125006 -0.009261356830292092 0.0 
0.3468767332246478 0.022269737269304316 0.0 
0.009495438734880365 0.0024677914483266583 0.0 
0.0251936875989677 0.010791336677585073 0.0 
0.023822191194073312 0.009735985863920209 0.0 
0.015977337512651808 0.0021452390339962157 0.0 
0.0146256624161828 0.0015058766714094874 0.0 
0.07785806492724967 0.033142563978601804 0.0 
0.07270117782244456 0.03380349937511001 0.0 
0.07175091662202294 0.032782294785013905 0.0 
0.3367617341155054 0.021743988942598377 0.0 
0.44139501046260315 -0.02081942267794618 0.0 
0.47495122419378916 -0.016933044577227333 0.0 
0.46208625563365135 -0.01785661263774098 0.0 
0.430265909752263 -0.021560889537156878 0.0 
0.03846142133616561 -0.02267052039051155 0.0 
0.5212138932356015 0.0025637242686635726 0.0 
0.5231803137458169 0.0012709805018660072 0.0 
0.0810498343629555 0.022392343797867514 0.0 
0.07820008612945037 0.024529730276181255 0.0 
0.07573405761014684 0.02296877338839189 0.0 
0.3537212803829702 -0.009458806305795342 0.0 
0.36704163713461874 -0.010345438831742777 0.0 
0.38560953490438 -0.008538704420350367 0.0 
0.018785033992192623 0.0036178628304480106 0.0 
0.017364581660656048 0.002850052471294706 0.0 
0.17421932537779972 0.017552806140115878 0.0 
0.16776068971066116 0.015803509613079504 0.0 
0.1643620624125655 0.019175706277079405 0.0 
0.888150802422081 -0.0008259846377308126 0.0 
0.8335115512633068 -0.0008373581727549721 0.0 
0.006753625043762693 0.004657068742022221 0.0 
0.0077970906800324735 0.005048466454051747 0.0 
0.01276471766307983 0.00527526232254041 0.0 
0.025010382666376035 -0.01944999562925675 0.0 
0.02752472527621586 -0.02042616859453174 0.0 
0.016424198108561258 -0.014907643117195009 0.0 
0.17350438420042877 0.04827534861034911 0.0 
0.17904358122112626 0.04857841609322248 0.0 
0.008071403042490037 0.004166299418593428 0.0 
0.007091599293379597 0.0034821717206625635 0.0 
0.030235169530335355 -0.023071044348827313 0.0 
0.02869978419204692 0.011791615682221913 0.0 
0.18218326564029794 0.02426092137601358 0.0 
0.17646755972387823 0.027455526873496467 0.0 
0.08773934926781832 0.014807920209031026 0.0 
0.001995238600447862 0.002055676527011595 0.0 
0.0018981887471429472 0.0019984170873762444 0.0 
0.0013045219374861507 0.0013603581907871516 0.0 
0.3266784445482738 0.021091395441426943 0.0 
0.16692270111162225 0.03484533082299659 0.0 
0.1834338218072636 0.03495350562485165 0.0 
0.1706833547252125 0.03627483480168547 0.0 
0.005856018169058404 -0.006490786102338391 0.0 
0.018605681057732623 0.004766249841408295 0.0 
0.3715454871533016 -0.026144828829613196 0.0 
0.0744627092401051 0.03689366252289129 0.0 
0.49935429429006434 0.003657445551494891 0.0 
0.5406972989146661 0.0027919563507840675 0.0 
0.5179164113187171 0.0039004222712894334 0.0 
0.12769278891896269 0.019972544364778737 0.0 
0.13231039894945584 0.02173962799570802 0.0 
0.12427419858844792 0.022969388951922912 0.0 
0.12004904744459556 0.02121675219849914 0.0 
0.23895072933837727 0.018638090599969077 0.0 
0.11078422310561065 0.009743560926134327 0.0 
0.11657014329942544 0.024078343341120606 0.0 
0.16823545158529743 0.048710924574573274 0.0 
0.14838241511583983 0.048156389067001266 0.0 
0.1518023687120939 0.04830317765511114 0.0 
0.037974584716406794 -0.026300702258829883 0.0 
0.006883589270997097 0.004311527232879604 0.0 
0.007944413017988525 0.004632902862150899 0.0 
0.5605603296292786 -0.008166008470172292 0.0 
0.0022591931631114172 0.0019951030809473654 0.0 
0.00220830167186438 0.0020504757626590877 0.0 
0.0014784208281257052 0.0013535264218787538 0.0 
0.24045470008002412 0.02796150930890024 0.0 
0.011524085928448296 -0.011569007876061417 0.0 
0.00333940613018632 0.0012547965532794549 0.0 
0.00160283475471476 0.0006282200319570815 0.0 
0.2984422113357026 0.0225803215867762 0.0 
0.31662627184508035 0.020315472846198432 0.0 
0.0814241489042572 0.0371272492789614 0.0 
0.13845073474312955 0.015385306609657553 0.0 
0.13061494727352632 0.016837231983348706 0.0 
0.16157543192785892 0.0387420923361052 0.0 
0.03462286110305392 -0.024870735479150273 0.0 
0.017227504508564005 0.003949440537073772 0.0 
0.5066702130480631 -0.009771468069853257 0.0 
0.465078701318813 -0.01242161281353278 0.0 
0.47997540998984206 -0.012096609592283272 0.0 
0.004313610592537287 0.00035976419938416916 0.0 
0.00528477039528492 0.0006460011244022282 0.0 
0.004305338957756171 0.0007159712298833729 0.0 
0.0029229153539975317 0.002751409081176065 0.0 
0.0044435900922186015 0.004108341313234879 0.0 
0.003615347493125328 0.003448596120427081 0.0 
0.006995818331877225 0.003918084179669082 0.0 
0.12511038698040072 0.04609536089141602 0.0 
0.12999296207712674 0.046841450762774274 0.0 
0.06158271628838077 0.03361955322272964 0.0 
0.055916760637379784 0.03239339308040006 0.0 
0.15069403557701536 0.02389493574795317 0.0 
0.14594612221370595 0.02692664979434014 0.0 
0.0005683007788195875 0.0006053740307827614 0.0 
0.0006079960955672186 0.0006448417837320071 0.0 
0.0011614732139196388 0.0012436189020803821 0.0 
0.16298960364552922 0.03335845159396196 0.0 
0.07067002740612335 0.023419041235487482 0.0 
0.07290007960619298 0.02492654760670237 0.0 
0.06786219550876367 0.025191865778111534 0.0 
0.27245773212775315 -0.02377532777584746 0.0 
0.1665954823927886 -2.0486431305971306e-10 0.0 
0.4277116026008121 -0.017317020593657934 0.0 
0.4536302598219637 -0.014622429265557733 0.0 
0.43989646362924945 -0.014857474297644667 0.0 
0.4151473307689114 -0.017445175500756444 0.0 
0.11425798973165555 0.03833655387586626 0.0 
0.005215088245110501 0.0018802869062257285 0.0 
0.22849601936400954 -0.008689588689612109 0.0 
0.21700666804623614 -0.010510907605475553 0.0 
0.6825503771161228 -0.0005045771121200283 0.0 
0.06402469483741094 0.030193424479057023 0.0 
0.06508366297664347 0.031264096649242304 0.0 
0.05984870459956423 0.030695316157234368 0.0 
0.05898379486185062 0.029727940205520685 0.0 
0.26184621963000193 0.018066722706078984 0.0 
0.24732463892894918 0.02004933762666835 0.0 
0.2527591833151571 0.016702581819581376 0.0 
0.036084922199035134 -0.022927566591313207 0.0 
0.18070114160409825 0.04018193169296744 0.0 
0.195205403594314 0.03884870374726249 0.0 
0.0034872780792947495 -0.004078126128188566 0.0 
0.003026216850602756 -0.003555156207885535 0.0 
0.0026582437413670444 -0.003146908592744358 0.0 
0.09275739948282835 0.04184544376206398 0.0 
0.09667932718588272 0.04281363459933637 0.0 
0.11004803005772247 0.04491348656292668 0.0 
0.10651469996687728 0.04429337823250338 0.0 
0.18962949116038808 0.04848288958085481 0.0 
0.531447551217439 -0.005250961779675472 0.0 
0.27245773820449676 0.02377532509655194 0.0 
0.2892756968053304 0.021604756296840666 0.0 
0.0031843517511756098 0.0023377815056882627 0.0 
0.004916315054466672 0.0034991439580697916 0.0 
0.6899903876881729 0.0016337943712235738 0.0 
0.6388805085708551 -0.0015690832368739497 0.0 
0.6646382142056163 0.000557506607092336 0.0 
0.719020024667895 0.0034281108930957205 0.0 
0.005269514736320364 0.0010695355880749914 0.0 
0.006290141157295813 0.0010016458210427115 0.0 
0.22582978699815 0.012152927899983214 0.0 
0.23796742083280448 0.0103099836804782 0.0 
0.2921683944218877 -0.01409349702546643 0.0 
0.26697400805188815 -0.014757787635098685 0.0 
0.27680029583662846 -0.01607395377995224 0.0 
0.21402280041411717 0.013987435934556825 0.0 
0.2170066680291133 0.01051090725754357 0.0 
0.01604393672144895 0.01083420780558204 0.0 
0.007702893867400653 0.005441727533018048 0.0 
0.2631815237685323 0.006666550932684378 0.0 
0.2646749827831569 0.0033317012514557506 0.0 
0.012010136942780964 0.0012905938615826677 0.0 
0.013311569848250831 0.0009340848869352251 0.0 
0.013992254086668172 0.008988705275588746 0.0 
0.7581637673520971 0.0016083895498651413 0.0 
0.7023749990940009 4.423414453579857e-5 0.0 
0.033053706696421346 -0.0221730815169299 0.0 
0.3598105318565115 0.004012673864218991 0.0 
0.34353079243726076 0.005601428829793313 0.0 
0.3453134629264318 0.0027932170644238007 0.0 
0.2762297251781065 -0.004899156699347764 0.0 
0.058498401573479644 0.03418902580751693 0.0 
0.07338634793880953 0.02937242021506429 0.0 
0.0679598602174437 0.029286299194500317 0.0 
0.06643507965324967 0.028006889109404534 0.0 
0.32442585267088947 0.017251157258060187 0.0 
0.03320690746910565 -0.02460916886204247 0.0 
0.30284434593833215 -0.015258793580788719 0.0 
0.2437190528005744 -0.015257147925344987 0.0 
0.22849602100582683 0.008689585766330806 0.0 
0.21914453420403657 0.007016011957067041 0.0 
0.41980982134058414 0.007507900230945199 0.0 
0.3999927086462175 0.009235064013320905 0.0 
0.38560953158727973 0.008538706080512867 0.0 
0.2984422048440086 -0.02258032418993829 0.0 
0.03020309162155773 -0.021336621418063986 0.0 
0.027822371649378577 -0.020914136408236927 0.0 
0.03759184878397935 -0.02499016569396147 0.0 
0.18828449612389003 0.04345129767988631 0.0 
0.008363167188117505 -0.007788271975380255 0.0 
0.00536992754863249 -0.005152865081102934 0.0 
0.15645203118296372 0.04805492549813416 0.0 
0.1544691289738236 0.04826176705136522 0.0 
0.1366573941799731 0.02811498014135626 0.0 
0.07828702528389195 0.0207790794396402 0.0 
0.0732167686708442 0.021400116786823596 0.0 
0.37140480186243774 0.007696828931696556 0.0 
0.3573777303415495 0.006715426197876244 0.0 
0.37451202448339693 0.005101183774244566 0.0 
0.15890542577067343 0.03181842730024175 0.0 
0.17006039168090425 0.030502492253934983 0.0 
0.20608531411026423 0.03606127472405636 0.0 
0.20152679149592487 0.03478465157804849 0.0 
0.30660715073457273 0.01942071810264548 0.0 
0.44519128210797576 0.0019461550778493615 0.0 
0.42761919360031686 0.0010511012777627642 0.0 
0.44584457831617175 -9.709800753861157e-11 0.0 
0.02530354766664302 -0.020138518841461735 0.0 
0.022773896206869388 -0.018915614488696997 0.0 
0.022645842776395392 -0.018993698062058337 0.0 
0.5512202902102216 -0.007076953793224089 0.0 
0.01412509706419401 0.0052611770198387284 0.0 
0.5987361125454838 -0.004451254548404585 0.0 
0.5795203684856587 -0.005195028875417186 0.0 
0.36704162968248427 0.01034544260240038 0.0 
0.3805166807639353 0.011092887914385343 0.0 
0.25617717454348143 0.025903684988286976 0.0 
0.8894576569074167 0.00016412311143783212 0.0 
0.07501381795443583 0.030685491690624823 0.0 
0.07650973733410966 0.031945019457915086 0.0 
0.07063304527866279 0.03168279707196682 0.0 
0.06936414753008895 0.030514451345144897 0.0 
0.006055031550695976 0.0032437067992398616 0.0 
0.1936579357629185 0.02259225150986263 0.0 
0.13996645719784026 0.04140542434597802 0.0 
0.15184134124640802 0.04085311878503261 0.0 
0.15387186939500666 0.04203035131804982 0.0 
0.1415239936444769 0.04251992221257168 0.0 
0.3435307889028804 -0.0056014332819298105 0.0 
0.03014277801491863 -0.023132440219385122 0.0 
0.029477300913498795 -0.02284198018390495 0.0 
0.017366958452410784 0.008742968215415581 0.0 
0.016213639694504386 0.007824737968582261 0.0 
0.06727131427578407 0.03397899803388541 0.0 
0.33102845752683235 0.0014521422796656552 0.0 
0.460362850913994 -0.004504872152147122 0.0 
0.4432274390025221 -0.003914413496377685 0.0 
0.42372468367586136 -0.005309193394046783 0.0 
0.1457003266167745 0.02215748619379001 0.0 
0.1548543780581597 0.02071487711124459 0.0 
0.022722437535272616 -0.018384993057346737 0.0 
0.08516109944796002 0.02909910930199189 0.0 
0.07911684062954431 0.029310875734537008 0.0 
0.2332523377083856 -0.021999302686342054 0.0 
0.014447730029692548 0.003454518868533658 0.0 
0.015876199853981348 0.0031906589068544868 0.0 
0.40964773385805686 0.0022575243723016456 0.0 
0.004054011046948078 -0.004180855758747849 0.0 
0.005738234989549457 -0.0059003695865674985 0.0 
0.025014892353273897 -0.020394926211338107 0.0 
0.1308323208135784 0.045755457905966454 0.0 
0.11819508345184011 0.04508360717362678 0.0 
0.1817147302472669 0.029035081441066653 0.0 
0.340556137951868 0.008439091455546915 0.0 
0.3537212771950703 0.009458808133478526 0.0 
0.5402962163031612 -0.010663205633479353 0.0 
0.5786488400937629 -0.007158523254905554 0.0 
0.5243228006406255 -0.012048963318949857 0.0 
0.14937906860291322 0.018953552541177275 0.0 
0.15840766855704022 0.017418134665906932 0.0 
0.04610627451594659 0.02869281201215554 0.0 
0.42632330365531707 0.0031640451476637422 0.0 
0.39194077947722655 0.0036110451924509642 0.0 
0.11929828236084296 0.030049692768468975 0.0 
0.1277760044339242 0.02915878318616207 0.0 
0.06480386023634067 0.026684476294948304 0.0 
0.011632808876193786 0.004509615232384086 0.0 
0.15247167271516837 0.015640787465935405 0.0 
0.142417048604477 0.008658422390116053 0.0 
0.0072137282660606665 -0.00739231017855975 0.0 
0.005208026620919167 -0.005477544146283121 0.0 
0.0036837605670826277 -0.003884911505955672 0.0 
0.01382375649374992 -0.013228304360556822 0.0 
0.016171478407776475 -0.014969781440297059 0.0 
0.016907943942860947 -0.01554668559682666 0.0 
0.10215025523740548 0.02590579827837476 0.0 
0.10919651043066574 0.025059149865053258 0.0 
0.10568856074488917 0.023354772402043568 0.0 
0.09896832061106152 0.02423577566344267 0.0 
0.10353079846935558 0.03134852863514737 0.0 
0.1112188536741364 0.03078118633631905 0.0 
0.2895526230785729 -0.003189117787784227 0.0 
0.13812404281564394 0.04020935538735602 0.0 
0.1287405094029082 0.04168087995461655 0.0 
0.649163195258922 -0.002027877699029313 0.0 
0.5132576239107806 -0.005304088416271564 0.0 
0.020442057173994554 -0.017334256878814906 0.0 
0.02265208702361572 -0.018416506104971076 0.0 
0.6570229729242577 0.0002920635117135435 0.0 
0.680488468526345 0.00023595267289526115 0.0 
0.010593090214309934 -0.010509301024953947 0.0 
0.012845652793531804 -0.012361191851763976 0.0 
0.011633165721861058 -0.011484562386412583 0.0 
0.08728870431083711 0.030561299229510085 0.0 
0.0915281752064298 0.02873594683265967 0.0 
0.09393490429600945 0.03026131160594287 0.0 
0.16692633853668318 0.041247565446846705 0.0 
0.16438078459050065 0.04003002173704116 0.0 
0.1127146815874762 0.022346506815518707 0.0 
0.015260812181944482 -0.014215894668544459 0.0 
0.017848512801381514 -0.016062432352194633 0.0 
0.0028282664446453647 0.002771424996767754 0.0 
0.004278661030243931 0.00413400014570256 0.0 
0.003477833424192427 0.003448276274478926 0.0 
0.09542708750444781 0.026613702778617382 0.0 
0.11580052554346791 0.01945577809079634 0.0 
0.12306423338949676 0.01819699051987045 0.0 
0.13564572556451485 0.018622085340512892 0.0 
0.08098507609569106 0.030702123515594777 0.0 
0.019847919741804727 -0.017466413160263282 0.0 
0.017482169663881227 -0.015959622874185782 0.0 
0.11247892858920439 0.037061188200937144 0.0 
0.011580303429432715 -0.01044468076991889 0.0 
0.01503559403708978 -0.013107066279642948 0.0 
0.017080594555281714 -0.014794287295570321 0.0 
0.2572187373336921 -0.013352959270270005 0.0 
0.7175621206231264 0.0015472654966529101 0.0 
0.655243385381018 -0.0016626225121541877 0.0 
0.10223077496915839 0.035913355479793255 0.0 
0.14067908668235354 0.020397723155578227 0.0 
0.2504225989553611 0.008475617466709539 0.0 
0.01874424438084585 -0.015759493669776897 0.0 
0.024589102135299645 -0.019736050668315547 0.0 
0.020704564353253952 -0.017282158812564324 0.0 
0.27417034983156213 0.008173723715443705 0.0 
0.2998454182796543 0.0077801977159402185 0.0 
0.1495372315471363 0.0396009386035678 0.0 
0.31359874655540315 -0.016313486317290345 0.0 
0.7743149553361062 0.001069617171724377 0.0 
0.8289436875689575 0.0015097561724983545 0.0 
0.803038909080616 0.0011958211283469708 0.0 
0.009343604682981285 0.00695747197291612 0.0 
0.08929444774694416 0.03198102831701628 0.0 
0.08272619064965109 0.032045687270441096 0.0 
0.28668717201353733 -0.017294211063906384 0.0 
0.0024164819765458865 0.0013941258029517448 0.0 
0.0015875492983404254 0.0008740434593024767 0.0 
0.0799979786778413 0.03891421413237195 0.0 
0.08812628890247447 0.04053434146328851 0.0 
0.0007667899744816362 0.0005654223380544501 0.0 
0.0015480879393088096 0.0011718331004013636 0.0 
0.0007596385423289762 0.0006064668676903412 0.0 
0.027331280499632196 -0.021695733180427192 0.0 
0.12986516282702584 0.0427107014937916 0.0 
0.5881455857506108 -0.004201251810395717 0.0 
0.4676291410125668 -0.014230231152821826 0.0 
0.4263895057806464 -0.014936682997830273 0.0 
0.09622581070750272 0.031748855808239475 0.0 
0.805643669424305 0.0009012687766186095 0.0 
0.7776769562714746 0.0008466535137555686 0.0 
0.7496019956550999 0.0006408761820978773 0.0 
0.7214182316531993 0.0002540034517648636 0.0 
0.7454042829163493 0.0007609888122069326 0.0 
0.2772599045088727 0.0016321639844304341 0.0 
0.29008458563352524 -1.454042322529185e-10 0.0 
0.30313579273644264 0.0015514062948295728 0.0 
0.01543486692300959 0.0085860199230777 0.0 
0.03244618748446092 0.016864820883510396 0.0 
0.017280126076448694 0.009261618124549193 0.0 
0.3275496969839014 0.007293599304032216 0.0 
0.02521614428354976 -0.019844980135197563 0.0 
0.0469082191874456 0.029257368643363254 0.0 
0.043248182277069606 0.02733027767146303 0.0 
0.035621148079253075 0.023692628585738347 0.0 
0.050597835150031925 0.031016932395028802 0.0 
0.1268666076634678 0.046591662375902225 0.0 
0.12871598203430878 0.046479966351737165 0.0 
0.14180968971858202 0.047407214237405834 0.0 
0.01818834830926413 -0.0163427297531427 0.0 
0.01834096988661432 -0.016336049217521 0.0 
0.01611584348749185 -0.015011501868540326 0.0 
0.009590692638979171 -0.009748707505491346 0.0 
0.010516353886083556 -0.010639267595979622 0.0 
0.4077253280581603 -0.004535649879412975 0.0 
0.42632330366220866 -0.003164045349991029 0.0 
0.2892756968299344 -0.021604756542078433 0.0 
0.2966254256847627 -0.018411770198436893 0.0 
0.20992589199373685 0.005299495455049894 0.0 
0.4045116955215025 -0.006854809634637943 0.0 
0.03568270859413961 0.025775579709031153 0.0 
0.026179244364481585 -0.020838334201253656 0.0 
0.020483573468008366 -0.017546945260890942 0.0 
0.018372787489123105 -0.016211811481551534 0.0 
0.46431701896874555 -0.0008897401639889771 0.0 
0.37839280399411407 -0.016928576212605767 0.0 
0.39994113671735293 -0.014633060564149071 0.0 
0.36639151171345347 -0.01646529256278753 0.0 
0.19678968743084915 0.03344046557856721 0.0 
0.19193851165858697 0.0017804080151203184 0.0 
0.20085300607176015 0.0035506394169544154 0.0 
0.0032638957503728448 0.00196452013783804 0.0 
0.005067278124913838 0.002942254664080798 0.0 
0.23116940025245075 -0.001739420131304673 0.0 
0.8085548805055303 -0.0003018998377066556 0.0 
0.00917080186247617 -0.008315541027635955 0.0 
0.005888214750179308 -0.005507933825539526 0.0 
0.0013848962322809445 -0.0016676384332796502 0.0 
0.002175884211236534 -0.0025929632538796636 0.0 
0.34687672495734523 -0.02226973970073361 0.0 
0.7527943143409999 0.000498309336138764 0.0 
0.4022977650678433 -0.020142383094035862 0.0 
0.44047876881811543 -0.01703552655362293 0.0 
0.25795969167735505 0.04439750599239454 0.0 
0.22168584879710573 0.046847912718365636 0.0 
0.015763905551724154 -0.014794010705741385 0.0 
0.014179683170371793 -0.013662685112639236 0.0 
0.013763765276859753 -0.013352629969703683 0.0 
0.01715571152893564 -0.01519936204384648 0.0 
0.014223292754398716 -0.012992783789706587 0.0 
0.020619229342719737 -0.017889393475149746 0.0 
0.024254949730757255 -0.02007287774207844 0.0 
0.48998836082047215 -0.006821253140739141 0.0 
0.02037418826576764 -0.01740549168699123 0.0 
0.023821607787780526 -0.019581068013902785 0.0 
0.033488555546710375 0.019213118658852987 0.0 
0.04668687441548978 0.02513784747002713 0.0 
0.02360276502197716 0.01382110949991202 0.0 
0.010791337264371207 0.0007903780844655448 0.0 
0.8668554589520796 0.003418229056600814 0.0 
0.802787387929281 0.0031373222204632103 0.0 
0.3405561379591712 -0.008439091702116291 0.0 
0.020196541773542322 -0.017624161547243243 0.0 
0.7412000137966648 0.0017550527313032187 0.0 
0.7669477784041459 0.002646369530181592 0.0 
0.77597746032283 0.0024807540622142094 0.0 
0.44519128405932584 -0.001946152360527488 0.0 
0.5843578478268165 -0.0019386738849558344 0.0 
0.011897172947746861 -0.011906118051434676 0.0 
0.011281728412107424 -0.011354520830261686 0.0 
0.41307900315193763 -0.014861093034027644 0.0 
0.6524450716280513 -0.0009291291563320658 0.0 
0.6266622753815488 -0.0016395944077544056 0.0 
0.6483689705031894 -0.0013026523793161792 0.0 
0.17463319357177498 0.0017792362428834464 0.0 
0.6338210333264073 -0.00021894252779506773 0.0 
0.6570229746162369 -0.0002920631761825713 0.0 
0.6815705847057131 -7.682713821358974e-5 0.0 
0.6575892585904339 -5.324284238852628e-11 0.0 
0.009610348267641814 -0.0003597457793718749 0.0 
0.009486449145084272 -0.009822988609150965 0.0 
0.008666840840866975 -0.009015737527706562 0.0 
0.3457014968383892 -0.029388231894608503 0.0 
0.028899509993395616 0.01900340586145219 0.0 
0.0342886969922409 0.022248899893616027 0.0 
0.042845922909852605 0.026373689607678306 0.0 
0.013542909522560626 0.009471445170563078 0.0 
0.7283343088524855 0.00018317558104176705 0.0 
0.7801477913237318 0.0006121357723085926 0.0 
0.01271663625628485 -0.012562722039865715 0.0 
0.011362577595949112 -0.011490744865917111 0.0 
0.011086159996931503 -0.011287016446500158 0.0 
0.011876322130125709 0.0029607731371978454 0.0 
0.46678867312493955 -0.016005329475445744 0.0 
0.48044035350335007 -0.015254070207369193 0.0 
0.5117451911282667 -0.012112524572452587 0.0 
0.14390634662372737 0.017174713166726044 0.0 
0.8335115500754615 0.0008373583746611426 0.0 
0.3905094187789674 -0.0172484450039266 0.0 
0.4027547817668142 -0.017421422472099816 0.0 
0.8826649069972025 0.001864354302465818 0.0 
0.8554606457116308 0.0017476681531490917 0.0 
0.8522440533261718 0.002111377996460307 0.0 
0.4534882054778083 -0.016598531051911614 0.0 
0.012036780760009079 0.00043164468087305066 0.0 
0.010802675885705503 -8.670101062581163e-11 0.0 
0.4086268722502778 -0.024840433751784238 0.0 
0.399215953186576 -0.025370805570780277 0.0 
0.2807997850468359 -0.0248301916516177 0.0 
0.12133932026613178 0.04620679107980772 0.0 
0.1175466483656109 0.0456528858831952 0.0 
0.10227158567560332 0.04337599873117122 0.0 
0.7042467725314533 -7.007790857517172e-5 0.0 
0.7057858957194022 -3.060276921775489e-5 0.0 
0.6804884685318127 -0.000235952770352071 0.0 
0.8881508016040526 0.0008259848550425489 0.0 
0.9437581056582238 0.0005524052891636925 0.0 
0.0015769348998423245 0.0009840951602308327 0.0 
0.7817714609749122 -0.0003700955374263188 0.0 
0.7302630909636587 -0.00011672168609640987 0.0 
0.05790456150831286 0.03369468610925913 0.0 
0.05492670986252343 0.03240698002912107 0.0 
0.2151279854160202 0.04676998940402576 0.0 
0.18860816672441016 0.047695752644175214 0.0 
0.5091076786464483 -0.013276007418156422 0.0 
0.4882949086457109 -0.01584730115746178 0.0 
0.0007875655757402089 0.00021351518069698047 0.0 
0.0007859515246324168 0.00028141651526638684 0.0 
0.006452850135784356 -0.005880097133054017 0.0 
0.010051053124338929 -0.008867438955790058 0.0 
0.012699372840541347 -0.011138688006089274 0.0 
0.0686053360560605 0.037060512317660124 0.0 
0.13002289075081536 0.046195397439189684 0.0 
0.4280005293228386 -0.023352131036145713 0.0 
0.41820203580204934 -0.02416827297245079 0.0 
0.0727208401219954 0.03727708712339681 0.0 
0.062010505641565385 0.033938082544725745 0.0 
0.06617742044337102 0.03563930214093331 0.0 
0.007256558974456679 -0.007937987032600187 0.0 
0.00878570217677413 -0.009323256770077119 0.0 
0.5273946617130973 -0.011095765434989238 0.0 
0.018993331571349557 0.013550383678079843 0.0 
0.026352047657212996 0.017959666437586893 0.0 
0.02081902517456917 0.014361819238542456 0.0 
0.013337001818834661 0.009619041871281552 0.0 
0.0024411425620628198 0.0025956928689693914 0.0 
0.003625618510657084 0.003852011915913011 0.0 
0.002924878942178001 0.0031419917580615595 0.0 
0.006837909368646636 -0.00752148179281005 0.0 
0.006076860105027861 -0.006792993844954273 0.0 
0.0056170307472345115 -0.006312393470677216 0.0 
0.3684251030704609 -0.019729425433977554 0.0 
0.7899862945957169 0.002026747234594765 0.0 
0.8213511504814275 0.002180430929057416 0.0 
0.8850025284827387 0.0015093143659538565 0.0 
0.08425725251832741 0.040252421604395794 0.0 
0.0007537121473813955 -0.0009128915562534593 0.0 
0.005875227093873288 0.00393236756485301 0.0 
0.005972139096940376 0.0036077326167585915 0.0 
0.11695867597137424 0.0453350436225013 0.0 
0.10474688663874955 0.044058858905339435 0.0 
0.45284713324054204 -0.01992369375648538 0.0 
0.06816796913247676 0.03555582750924546 0.0 
0.011289042222232143 0.006987309899470405 0.0 
0.010232594967460887 0.006553177885791511 0.0 
0.021367999612209983 0.012986159305418398 0.0 
0.019388624891707788 0.012216248814599002 0.0 
0.0010693099141316088 0.0011511752487308757 0.0 
0.0005206313116876343 0.0005540803033695868 0.0 
0.022390729116748824 -0.018549553296341 0.0 
0.02404364463293631 0.016964928194564268 0.0 
0.03127085615464194 0.021054070132832205 0.0 
0.09334365312260294 0.042390272749858314 0.0 
0.39089947917882073 -0.020148594302028183 0.0 
0.5071950076833804 -0.006798952757983887 0.0 
0.01885398733956485 -0.016220696054628465 0.0 
0.0015059690816248707 0.0013079090742893278 0.0 
0.0023023218941820457 0.0019157017358969156 0.0 
0.020404982292224986 -0.017647216371772047 0.0 
0.022772632266809735 -0.018719595260264947 0.0 
0.007026113986086301 -0.007623559131388746 0.0 
0.004811565898063231 -0.005361373900080569 0.0 
0.8482913930826922 0.0024814102351966637 0.0 
0.879756333928449 0.002231052930613411 0.0 
0.01790542439258072 -0.016221032575787178 0.0 
0.0008251505872938569 0.0008869172145788605 0.0 
0.0015444629798109497 0.0017147075037839917 0.0 
0.08272004045980479 0.038828809853413734 0.0 
0.46470967166754834 -0.018867634273195183 0.0 
0.4380985990430291 -0.022385023976501287 0.0 
0.4770910466619671 -0.01764797057130354 0.0 
0.003028515061642764 -0.003329735380047729 0.0 
0.004719563635833656 -0.005071884450489746 0.0 
0.005916480142539368 -0.006338644351110216 0.0 
0.5022293565186899 -0.014598094704266578 0.0 
0.5168939683535448 -0.013180640640722026 0.0 
0.5571925974595144 -0.00912266099015021 0.0 
0.8074712491579148 -0.0006027402417387554 0.0 
0.001615334673592725 7.214712842065596e-5 0.0 
0.003377823082956082 0.00014414295295148524 0.0 
0.0012390544221420466 0.0013128918691042869 0.0 
0.001784283191909278 0.0019089685782360082 0.0 
0.6553162143889395 -0.0005972176051518869 0.0 
0.6326409647261647 -0.0006643215952080147 0.0 
0.6936134922183643 0.0026743656402216597 0.0 
0.6084187547365271 -0.0012091077861447587 0.0 
0.6102516184727961 -0.000596118459276771 0.0 
0.008493722686673448 -0.008670630849009679 0.0 
0.069753160673815 0.036977786447806624 0.0 
0.08270394767983642 0.04035779350857278 0.0 
0.942147287003053 0.0010171639989179978 0.0 
0.9707256562635281 0.0006449148834863887 0.0 
0.9712601202918998 0.0005075159283971658 0.0 
0.6783083182636466 -0.00041176071493325415 0.0 
0.6302652302801905 -0.0011324773418386793 0.0 
0.0014577409334633848 -0.0016366362680618992 0.0 
0.0016094496208029802 -0.0017729510172388887 0.0 
0.01010580083508861 -0.010442895680264226 0.0 
0.14838864661768927 0.04719062547409438 0.0 
0.12542308373027153 0.04493500626919949 0.0 
0.1549174209702943 0.04793940629120963 0.0 
0.7838618416586162 0.003652910940551567 0.0 
0.8133371413569619 0.004351842529275961 0.0 
0.8535857753080194 0.004288615032100702 0.0 
0.13987422963799306 0.04756510589522669 0.0 
0.002338767726389602 0.0018140412018390459 0.0 
0.000726983316724075 0.0006868087614543891 0.0 
0.001445521367109799 0.0013826585309823288 0.0 
0.0007111017446338532 0.0006974087418267197 0.0 
0.02055871467538561 0.016764220194998774 0.0 
0.05520966823395578 0.02908400362280415 0.0 
0.6053386384342266 -0.0018564296291836313 0.0 
0.6157049141814258 -0.0036332847686430894 0.0 
0.0024704727318938602 -0.002817328361783816 0.0 
0.9692175837458652 0.0009440817479283335 0.0 
0.9700499178289127 0.0007897771618906465 0.0 
0.9394585815065699 0.001523282945926433 0.0 
0.6705073279221617 -0.0008629885505769767 0.0 
0.056464283015617775 0.03234533768926016 0.0 
0.060272238597368896 0.034012926909270054 0.0 
0.09264729498639084 0.03572811165320993 0.0 
0.10767164922631507 0.03960399410270659 0.0 
0.12325653616540337 0.0414646172567663 0.0 
0.9014906210691408 0.005145406538068925 0.0 
0.8070500622440353 0.00601993240894982 0.0 
0.01237242299635359 -0.01230527020309917 0.0 
0.010686970143857668 -0.010947954245422584 0.0 
0.010156684618959048 -0.010463443020030598 0.0 
0.03905592238770119 0.025008528449546024 0.0 
0.01670576414421049 -0.013414292480415833 0.0 
0.008535229776030688 -0.009033182625698476 0.0 
0.0019525016897610653 -0.002063719874183698 0.0 
0.0021464499569547896 -0.0022191351347620506 0.0 
0.12442595831735692 0.04650911549432001 0.0 
0.3796145217388141 -0.020010194221451734 0.0 
0.96382097531734 0.0017086537301370102 0.0 
0.9259546267171553 0.003142195785872936 0.0 
0.9617536334798508 0.0019551578009426567 0.0 
0.6170394413337293 -0.004146388852561016 0.0 
0.5976791328581708 -0.005573147857165614 0.0 
0.5752148190766282 -0.007430116397914309 0.0 
0.6180229366587131 -0.0038733236626993816 0.0 
0.03485175623947661 0.021255415509063052 0.0 
0.051698132758537574 0.029256500161986145 0.0 
0.001188083399019054 -0.001379672757585441 0.0 
0.0013176550096378093 -0.0015057137714954614 0.0 
0.18699411830936205 0.0486559889587857 0.0 
0.04695458152995413 0.021280959195787135 0.0 
0.06543706331652124 0.028285523526769357 0.0 
0.0749907394213871 0.0304615963209462 0.0 
0.022836884987151303 0.015218303264601895 0.0 
0.014621636693469364 0.010208323302049481 0.0 
0.7562798894220087 0.0027456449349704507 0.0 
0.011011164343566969 -0.009445303879216679 0.0 
0.007740039730668009 -0.006679808297996347 0.0 
0.01205927549002927 -0.010050566462811468 0.0 
0.007024282730915391 0.005120346617706205 0.0 
0.0023572664339367696 -0.002381875652403468 0.0 
0.0025865580361787376 -0.0025524263891061787 0.0 
0.13403062161315646 0.04731027970980512 0.0 
0.13730168666972525 0.04754100272334082 0.0 
0.663805017052588 -0.00022789442939118095 0.0 
0.6399530907463272 -0.002079901516365447 0.0 
0.5946144389803042 -0.00559622637043366 0.0 
0.0007725688475995765 0.0005182600989117659 0.0 
0.0007772026361082798 0.0004656181057316027 0.0 
0.910636334201624 0.0018084588514138181 0.0 
0.007687812598895402 -0.00803035792478398 0.0 
0.8162354330824794 0.0025104956875513867 0.0 
0.0007400837098719347 0.0006677468981919021 0.0 
0.002836093300164077 -0.0027312861638587567 0.0 
0.012173100505790945 0.009062522021393111 0.0 
0.017336869947367103 0.012779993569473694 0.0 
0.0009562402770144158 -0.0011400502527827549 0.0 
0.0010679606911692175 -0.0012579765791285145 0.0 
0.001991750576464569 -0.002339710604057942 0.0 
0.04226544512541159 0.023766004217685394 0.0 
0.06271452405231526 0.03234802341242102 0.0 
0.004484953554131337 -0.005138211335789838 0.0 
0.0038631187014623028 -0.004445641763659622 0.0 
0.9682086491396562 0.0011101220229197707 0.0 
0.0027181531394749213 0.0027535864221671616 0.0 
0.05720259610246896 0.03182806628770561 0.0 
0.05207000509769396 0.030286559828816458 0.0 
0.04743930723295988 0.02878673499863218 0.0 
0.006538675417617784 -0.006855075348683328 0.0 
0.003342795164820978 -0.003601507282777554 0.0 
0.00310782649828903 -0.0029189738028791417 0.0 
0.0034039322768355854 -0.003116040122901205 0.0 
0.01385515482416307 0.007992588243625965 0.0 
0.012486544754303282 0.007463940010504565 0.0 
0.0008518628093803084 -0.0010252616441381267 0.0 
0.0015753388634117901 -0.0018876475469292284 0.0 
0.003726841225115956 -0.003323078432279242 0.0 
0.007068414069932284 -0.006270361332083439 0.0 
0.000780879989704323 0.0004081502996698123 0.0 
0.0007837551000381361 0.000346523695407742 0.0 
0.9126254259518457 0.0014843146424660162 0.0 
0.057472328012932894 0.028167907683103538 0.0 
0.045768694871240356 0.02308787757012409 0.0 
0.029062012762213846 0.015741123896136085 0.0 
0.007654892017492481 -0.008267049127160534 0.0 
0.009116591116011935 -0.009599187314077133 0.0 
0.8863478884322084 0.004190520244518179 0.0 
0.00893484900754481 -0.009414785444532411 0.0 
0.0007893118379856316 7.210765765436294e-5 0.0 
0.9016697180891466 0.002886365281879516 0.0 
0.9328216404230512 0.0024135248300729867 0.0 
0.9655493252327285 0.0014887876412624738 0.0 
0.051451602520069584 0.030783646176042026 0.0 
0.0049833196761125105 -0.005679585461712563 0.0 
0.005364205151515904 -0.006077608006456348 0.0 
0.10675258925793683 0.03794528064807849 0.0 
0.05417082764744602 0.023283991959651137 0.0 
0.0022676572494301993 0.0024511001331317885 0.0 
0.012758867027616489 -0.012077907471574863 0.0 
0.8449872246314011 0.004741491273303879 0.0 
0.1684246557270227 0.044240531492223005 0.0 
0.1428802617307375 0.043122349045165424 0.0 
0.18405937222344054 0.045451991643986486 0.0 
0.7835971174113331 0.0022694389364573226 0.0 
0.5324621383885643 -0.011594502712793069 0.0 
0.0019415011905132339 -0.002291907508595509 0.0 
0.0013644180044795702 -0.00161507757616147 0.0 
0.006410426245132564 0.004818495531807504 0.0 
0.005853542809372223 0.004534068037930117 0.0 
0.015830400863738093 0.01204735384611962 0.0 
0.010153312981818412 0.008035904420688376 0.0 
0.49451670392748764 -0.01434479235503022 0.0 
0.0016503878120745763 0.0017854913818926015 0.0 
0.005124826515742744 0.0048050236250268795 0.0 
0.9716648543362867 0.00037583837849229895 0.0 
0.9719482766012594 0.0002483123157012548 0.0 
0.16673858312238904 0.04774083947248908 0.0 
0.0015289646307673414 0.0012469487318646324 0.0 
0.00046282187760808254 0.0004896767652747537 0.0 
0.7646917598028495 0.006354305550486079 0.0 
0.878585767097087 0.0065453103098512665 0.0 
0.9354457741985727 0.002094427480019283 0.0 
0.25366116254554893 0.04448390472262707 0.0 
0.002148380261597728 0.0020801161072954892 0.0 
0.0007886691186775893 0.00014351292203587974 0.0 
0.9409499441774433 0.00126369718202154 0.0 
0.0021402983057222827 -0.0024955063461231113 0.0 
0.002580538931233416 -0.0030300252774887937 0.0 
0.003971388918037514 -0.004604376305458412 0.0 
0.00064115711440895 0.0006732394395160611 0.0 
0.9160929875245833 0.00403219821725126 0.0 
0.8791246648886117 0.004689460268746933 0.0 
0.0017739523832146981 -0.0019151513373817733 0.0 
0.7515229131397921 0.005040391804815588 0.0 
0.7266163099409478 0.004669534525678854 0.0 
0.0006688473501221698 0.0006911287150735267 0.0 
0.0938139829306143 0.03998323751752531 0.0 
0.10120679910840166 0.04204247067892496 0.0 
0.95257249824364 0.002926932634216475 0.0 
0.9562586606909518 0.002554968935696656 0.0 
0.00438807391456876 -0.005057045268692344 0.0 
0.0007508433046898435 0.0006407745002769465 0.0 
0.051220920089293284 0.024635894138954277 0.0 
0.06414629919611516 0.029852300393853393 0.0 
0.08526705893923896 0.037351875919389786 0.0 
0.07543159159533491 0.034025889104169635 0.0 
0.0008484804291318064 -0.0010048462428177425 0.0 
0.24050839883050568 0.04459435959671611 0.0 
0.24794268355343227 0.04455197741318781 0.0 
0.9479923566012742 0.003364571374463904 0.0 
0.0053471147317402335 0.004265360030476488 0.0 
0.01111583120276511 0.00853565745792672 0.0 
0.03035312125830343 0.018113586790934187 0.0 
0.02756604892402441 0.017087322065326968 0.0 
0.18349943479379355 0.048695155670492145 0.0 
0.0013597671425018374 0.0013871187257636058 0.0 
0.002077942572133724 0.0020823817020228174 0.0 
0.9669971514691067 0.0012906050791306283 0.0 
0.02507460871494208 0.016124766562672702 0.0 
0.003036880705880989 -0.0035736019912649924 0.0 
0.022105485616816637 0.010965908626632912 0.0 
0.019467064779951984 0.010043508106968892 0.0 
0.04117217025067074 0.019588481792412838 0.0 
0.036423344550499004 0.018134185911090367 0.0 
0.057671419114757455 0.026356684886547393 0.0 
0.10443997997505312 0.041611574613868746 0.0 
0.09514248749219294 0.03908422313275093 0.0 
0.0014063356442149157 0.001394208353183873 0.0 
0.0006919242674683011 0.0006990185007666403 0.0 
0.0016743269074012224 0.0018899767709742602 0.0 
0.9214812172851011 0.0035635027717163584 0.0 
0.0015868207134703764 -0.0018510255545833578 0.0 
0.025359910950702044 0.012078673674512742 0.0 
0.0016913879274748074 -0.0019415777958318192 0.0 
0.08131019448321525 0.033626584028593524 0.0 
0.9592687293594155 0.002234571673151281 0.0 
0.15856981084424512 0.04691146696716196 0.0 
0.12046579669584748 0.04246342266751408 0.0 
0.00018579557260796467 -0.00020326292318493595 0.0 
0.00039154299159324755 0.0004101294888565733 0.0 
0.9421921378586744 0.003887036868210335 0.0 
0.000188793568210535 0.0001942397560572584 0.0 
0.0003027367809639436 0.0003126556227423596 0.0 
